n_group1,n_group2,mean_group1,mean_group2,median_group1,median_group2,sd_group1,sd_group2,mean_diff,median_diff,log2FC,pseudo_log2FC_shifted,signed_log2FC_absmean,t_welch,z_welch_approx,p_ttest,u_stat,z_wilcoxon,p_wilcoxon,cohen_d,cliffs_delta,trait,celltype_key,celltype,group_col,group1,group2,direction,q_ttest,q_wilcoxon
41434,9402,0.17391031265095688,-0.24976079768457551,0.19491863250732422,-0.28666490316390986,0.4680763746870179,0.5375784003908456,0.4236711103355324,0.4815835356712341,,0.32265029439550397,-0.522201045715144,70.58739224340407,70.58739224340407,0.0,301118934.0,82.77503525226034,0.0,0.8795584133402521,0.5459340092280143,GCST90200830,cancerType_celltype,CRC_Epi_CRC,tissue,Tumor,Adjacent,group1_higher,0.0,0.0
41434,9402,0.676098996299467,0.028072059398862374,0.7594293057918549,0.026368528604507398,0.6283757059182282,0.7191372711826005,0.6480269369006046,0.7330607771873474,,0.4185320104782064,4.589978436979074,80.66696367848876,80.66696367848876,0.0,300433531.5,82.24150654043483,0.0,1.0029477633945663,0.5424151769158625,GCST90200928,cancerType_celltype,CRC_Epi_CRC,tissue,Tumor,Adjacent,group1_higher,0.0,0.0
41434,9402,0.24260252429517548,-0.17580052408943078,0.2739879190921783,-0.22402646392583841,0.42921010218524364,0.5329878353816887,0.4184030483846063,0.4980143830180167,,0.3416093587296925,0.4646529308038969,71.06847939712993,71.06847939712993,0.0,299283019.0,81.34592846468496,0.0,0.9293533115393077,0.5365084862333298,GCST90200570,cancerType_celltype,CRC_Epi_CRC,tissue,Tumor,Adjacent,group1_higher,0.0,0.0
41434,9402,0.30314254733975177,-0.11644098538625144,0.33539043366909027,-0.1282807514071464,0.4482715957050174,0.5458743595908505,0.41958353272600324,0.46367118507623667,,0.30799353611525854,1.3803897704547266,69.40913479550335,69.40913479550335,0.0,298617509.5,80.8278847951001,0.0,0.896816394392514,0.5330917838830409,GCST90200248,cancerType_celltype,CRC_Epi_CRC,tissue,Tumor,Adjacent,group1_higher,0.0,0.0
41434,9402,0.17990542981625995,-0.24947249331082594,0.19305995851755137,-0.3324439525604248,0.4755199515484464,0.5375391288039189,0.4293779231270859,0.5255039110779762,,0.37750234732602095,-0.47163978748806096,71.37490563751224,71.37490563751224,0.0,294487326.5,77.61288161726867,0.0,0.8806227799118578,0.5118875697234775,GCST90199797,cancerType_celltype,CRC_Epi_CRC,tissue,Tumor,Adjacent,group1_higher,0.0,0.0
41434,9402,0.24448432080332283,-0.14156290538641525,0.2857255637645721,-0.1841526925563812,0.4404223987786258,0.5109206700629407,0.3860472261897381,0.46987825632095326,,0.3754519630543245,0.7882943789145086,67.7737363032525,67.7737363032525,0.0,294376390.5,77.5265271887758,0.0,0.8497902612272591,0.5113180282038874,GCST90200171,cancerType_celltype,CRC_Epi_CRC,tissue,Tumor,Adjacent,group1_higher,0.0,0.0
41434,9402,0.31599325302571385,-0.08718869254590421,0.3586263060569763,-0.11062117666006085,0.4367358561840763,0.5189499968057222,0.40318194557161807,0.4692474827170372,,0.3590351374997565,1.8576688237762946,69.92352721036593,69.92352721036593,0.0,294348450.5,77.50477822782453,0.0,0.8898968517152525,0.51117458522724,GCST90200266,cancerType_celltype,CRC_Epi_CRC,tissue,Tumor,Adjacent,group1_higher,0.0,0.0
41434,9402,0.3503410703151124,-0.11404962729983424,0.3764256685972214,-0.09617521241307254,0.48646417410263987,0.5794515293917799,0.46439069761494667,0.4726008810102939,,0.33690591765809075,1.6190898607015185,72.15402556549348,72.15402556549348,0.0,293134092.0,76.55950136320942,0.0,0.9196710756170551,0.5049401114277774,GCST90200099,cancerType_celltype,CRC_Epi_CRC,tissue,Tumor,Adjacent,group1_higher,0.0,0.0
41434,9402,0.3438355418696735,-0.1727263652648473,0.37279424071311945,-0.21403471380472178,0.5695103967215273,0.5872789373897358,0.5165619071345209,0.5868289545178412,,0.3935110210611732,0.9932262103487342,77.42612715508555,77.42612715508555,0.0,293123407.0,76.55118398139967,0.0,0.9017592004475575,0.5048852550138376,GCST90200662,cancerType_celltype,CRC_Epi_CRC,tissue,Tumor,Adjacent,group1_higher,0.0,0.0
41434,9402,0.2574525652481851,-0.11272897904833759,0.28162735700607294,-0.1211494505405426,0.4053795322871346,0.4815881029963415,0.3701815442965227,0.40277680754661555,,0.3240447331405824,1.1914410166722977,69.17894523996893,69.17894523996893,0.0,289935248.5,74.06946835065636,0.0,0.8803044250056986,0.48851736148257485,GCST90200142,cancerType_celltype,CRC_Epi_CRC,tissue,Tumor,Adjacent,group1_higher,0.0,0.0
41434,9402,0.5286706991536319,0.034825396299669846,0.5815772414207458,0.0080319182015955,0.5383131978299684,0.6219243315774766,0.493845302853962,0.5735453232191503,,0.32501574669941213,3.9241189971775827,71.18195100951117,71.18195100951117,0.0,288697842.0,73.10625053929806,0.0,0.8902501316699132,0.48216456006229014,GCST90200517,cancerType_celltype,CRC_Epi_CRC,tissue,Tumor,Adjacent,group1_higher,0.0,0.0
41434,9402,0.1899712952050867,-0.22839526143355252,0.22548810392618174,-0.221583142876625,0.41470422059949985,0.5686374231146961,0.4183665566386392,0.44707124680280674,,0.4001606087872565,-0.2657499986887059,67.38899788910207,67.38899788910207,0.0,288587396.5,73.02027792416764,0.0,0.9355591057101931,0.4815975367524368,GCST90199879,cancerType_celltype,CRC_Epi_CRC,tissue,Tumor,Adjacent,group1_higher,0.0,0.0
41434,9402,0.6258459661923014,-0.18750194735522088,0.6816720068454742,-0.2762027531862259,0.893312466419468,0.9168049491374545,0.8133479135475222,0.9578747600317001,,0.3637191367636821,1.7388966550713136,78.02677567500024,78.02677567500024,0.0,288086957.5,72.63072787873121,0.0,0.9060319048564237,0.47902830053946577,GCST90200415,cancerType_celltype,CRC_Epi_CRC,tissue,Tumor,Adjacent,group1_higher,0.0,0.0
41434,9402,0.1515449502870116,-0.3124544203668988,0.16870263963937754,-0.34903244674205774,0.5077572204109377,0.6121919270657962,0.4639993706539104,0.5177350863814353,,0.38935855702539823,-1.0438950677152565,68.35060841435683,68.35060841435683,0.0,285620850.0,70.71106876208336,0.0,0.8777424671929183,0.466367391429505,GCST90199652,cancerType_celltype,CRC_Epi_CRC,tissue,Tumor,Adjacent,group1_higher,0.0,0.0
41434,9402,0.16629420849098922,-0.2004702220508258,0.18069477379322046,-0.2390047758817672,0.4555311357641513,0.5208154016377451,0.366764430541815,0.4196995496749877,,0.31187911442995975,-0.269648550013798,63.031085153206796,63.031085153206796,0.0,285534318.5,70.6437112025073,0.0,0.7831977957902269,0.46592314175399463,GCST90200878,cancerType_celltype,CRC_Epi_CRC,tissue,Tumor,Adjacent,group1_higher,0.0,0.0
41434,9402,0.12484019477144147,-0.24616497363727805,0.14521139115095133,-0.27691078186035156,0.441269615259,0.5349583298271506,0.3710051684087195,0.4221221730113029,,0.2882182494459373,-0.9795372891615297,62.58828111258959,62.58828111258959,0.0,285364833.5,70.5117812580969,0.0,0.8064694448564718,0.4650530117290457,GCST90199818,cancerType_celltype,CRC_Epi_CRC,tissue,Tumor,Adjacent,group1_higher,0.0,0.0
41434,9402,0.18784683068060792,-0.21158031609662803,0.21707148849964136,-0.22898807376623148,0.4451586857776177,0.5738302081176909,0.39942714677723595,0.44605956226587284,,0.33029293812115706,-0.17164777899407344,63.309363103856235,63.309363103856235,0.0,285011297.5,70.23658295248241,0.0,0.8469475200986719,0.46323797034780045,GCST90200807,cancerType_celltype,CRC_Epi_CRC,tissue,Tumor,Adjacent,group1_higher,0.0,0.0
41434,9402,0.35057380293096907,-0.01844243620004325,0.3741483688354492,-0.04929190315306185,0.4555033980913147,0.5064422281168908,0.36901623913101234,0.4234402719885111,,0.2831134358640459,4.248542933449729,64.94262999197139,64.94262999197139,0.0,284637023.5,69.94524184256557,0.0,0.7929962836014419,0.46131646080443245,GCST90200533,cancerType_celltype,CRC_Epi_CRC,tissue,Tumor,Adjacent,group1_higher,0.0,0.0
41434,9402,0.3619643921042408,-0.09429829423667223,0.4010162800550461,-0.13306325674057007,0.5200559002444487,0.6313948754070305,0.45626268634091305,0.5340795367956161,,0.36115141945398854,1.9405328877920056,65.22765307379862,65.22765307379862,0.0,284244188.5,69.63945254137397,0.0,0.8412361162330009,0.45929965974032183,GCST90200906,cancerType_celltype,CRC_Epi_CRC,tissue,Tumor,Adjacent,group1_higher,0.0,0.0
41434,9402,-0.004720978534972908,-0.34591263393969723,-0.00567646208219225,-0.3891359567642212,0.44543256316160085,0.5025570123815973,0.34119165540472435,0.38345949468202895,,0.3286323327264043,-6.194876583982464,60.64603513302439,60.64603513302439,0.0,284139509.0,69.55796827659591,0.0,0.747348995342867,0.4587622388715331,GCST90200281,cancerType_celltype,CRC_Epi_CRC,tissue,Tumor,Adjacent,group1_higher,0.0,0.0
41434,9402,0.12528381939038535,-0.22562392080423982,0.1525134071707725,-0.25154007971286774,0.4208491327726009,0.5219322645025551,0.3509077401946252,0.40405348688364023,,0.2670069095479429,-0.8487148099635922,60.85642164470764,60.85642164470764,0.0,283670013.5,69.19250516649218,0.0,0.7951835335228333,0.4563518654985008,GCST90200664,cancerType_celltype,CRC_Epi_CRC,tissue,Tumor,Adjacent,group1_higher,0.0,0.0
41434,9402,0.33196148961265504,-0.06982387820524714,0.37396378815174103,-0.10505400225520131,0.4754273167092643,0.598209250268338,0.4017853678179022,0.47901779040694237,,0.3185447999101679,2.249207175070103,60.90683744111792,60.90683744111792,0.0,283479814.0,69.04445071057052,0.0,0.8029127950609984,0.45537538795960186,GCST90200413,cancerType_celltype,CRC_Epi_CRC,tissue,Tumor,Adjacent,group1_higher,0.0,0.0
41434,9402,0.2643664270594954,-0.13741411378825225,0.2991235554218292,-0.16436359286308283,0.4738292690114412,0.5979754755705641,0.40178054084774767,0.46348714828491205,,0.3073810188696095,0.9440037424255426,60.95259334430466,60.95259334430466,0.0,282945039.0,68.62817295134657,0.0,0.80497625731125,0.4526298719310917,GCST90200485,cancerType_celltype,CRC_Epi_CRC,tissue,Tumor,Adjacent,group1_higher,0.0,0.0
41434,9402,0.5120312935723279,0.028948379171879084,0.5769123733043671,0.0083360699936747,0.5819223958124222,0.6789361511380524,0.4830829144004488,0.5685763033106923,,0.3365241722529751,4.144630488382269,63.873874963076965,63.873874963076965,0.0,282154019.0,68.01242981993369,0.0,0.8037383672365604,0.4485688030911643,GCST90199874,cancerType_celltype,CRC_Epi_CRC,tissue,Tumor,Adjacent,group1_higher,0.0,0.0
41434,9402,0.19810378326503272,-0.15700662295384013,0.20812920480966565,-0.1875962764024734,0.43330694227799205,0.49183999759195524,0.35511040621887285,0.395725481212139,,0.3259300205658531,0.335429108892659,64.55412329495624,64.55412329495624,0.0,282035663.0,67.92029953996416,0.0,0.7985162955745981,0.4479611675527222,GCST90200140,cancerType_celltype,CRC_Epi_CRC,tissue,Tumor,Adjacent,group1_higher,0.0,0.0
41434,9402,1.156146014604399,0.25322072125243045,1.2170290350914001,0.18719194084405893,1.1081204826886313,1.0595575128443326,0.9029252933519685,1.0298370942473412,,0.3488753338219166,2.190851792335557,73.95995869927162,73.95995869927162,0.0,281945487.0,67.85010504093975,0.0,0.8213629836594575,0.4474982071424807,GCST90200720,cancerType_celltype,CRC_Epi_CRC,tissue,Tumor,Adjacent,group1_higher,0.0,0.0
41434,9402,0.26631172222770927,-0.1258460019416321,0.2973043620586395,-0.17052961140871045,0.47999486196110774,0.5986723624892112,0.39215772416934136,0.46783397346735,,0.27873886608305765,1.0814505027532004,59.33548707559197,59.33548707559197,0.0,281784143.5,67.72451257561256,0.0,0.7780091245137186,0.4466698752919904,GCST90199918,cancerType_celltype,CRC_Epi_CRC,tissue,Tumor,Adjacent,group1_higher,0.0,0.0
41434,9402,-0.005633257949313781,-0.31451357405257785,-0.01317053008824585,-0.40325579047203064,0.4204972320056498,0.5027252294712802,0.30888031610326405,0.39008526038378477,,0.3159200675795199,-5.802757445252091,55.34441531428432,55.34441531428432,0.0,281762957.0,67.7080206514467,0.0,0.707026870582241,0.44656110454665265,GCST90199999,cancerType_celltype,CRC_Epi_CRC,tissue,Tumor,Adjacent,group1_higher,0.0,0.0
41434,9402,0.2518285787142302,-0.15716583291509967,0.25224296748638153,-0.21975924074649805,0.5263710926222505,0.6349916539192311,0.40899441162932987,0.4720022082328796,,0.33079399960828815,0.6801509489237898,58.08913971382547,58.08913971382547,0.0,281476621.5,67.48513233331988,0.0,0.7462262190414313,0.4450910681672753,GCST90199804,cancerType_celltype,CRC_Epi_CRC,tissue,Tumor,Adjacent,group1_higher,0.0,0.0
41434,9402,-0.06341624110934303,-0.3905149315056687,-0.0661134980618953,-0.45593972504138947,0.43338427336096164,0.5139048111871231,0.32709869039632566,0.38982622697949415,,0.3332909465045779,-2.6224343846099702,57.2689800947361,57.2689800947361,0.0,281026863.5,67.13503322166912,0.0,0.7279146041161679,0.44278202642457853,GCST90199962,cancerType_celltype,CRC_Epi_CRC,tissue,Tumor,Adjacent,group1_higher,0.0,0.0
41434,9402,0.21690317905627732,-0.22157365556115297,0.21644259989261624,-0.26425097882747645,0.5839032993824183,0.5490731440414418,0.43847683461743026,0.48069357872009266,,0.3340048585072926,-0.030735021173672616,69.07568006888414,69.07568006888414,0.0,280620496.5,66.81871038649066,0.0,0.7591091339939479,0.4406957525487285,GCST90200128,cancerType_celltype,CRC_Epi_CRC,tissue,Tumor,Adjacent,group1_higher,0.0,0.0
41434,9402,0.19193824378191154,-0.18947878425484527,0.20066617429256434,-0.2199563682079315,0.5186690649797464,0.6027330016097493,0.3814170280367568,0.4206225425004958,,0.24798451999554602,0.01860577989561031,56.775073581540674,56.775073581540674,0.0,280323434.0,66.58747199305519,0.0,0.7126472950304815,0.43917064412888984,GCST90200231,cancerType_celltype,CRC_Epi_CRC,tissue,Tumor,Adjacent,group1_higher,0.0,0.0
41434,9402,0.39773696696794447,-0.012154534153966511,0.4113191217184067,-0.056132294237613595,0.543885583955084,0.5832225827653634,0.409891501121911,0.46745141595602024,,0.3090536887888479,5.032133087785458,62.278249466470214,62.278249466470214,0.0,279405687.5,65.87308284517876,0.0,0.7434029066694061,0.4344589658981213,GCST90200518,cancerType_celltype,CRC_Epi_CRC,tissue,Tumor,Adjacent,group1_higher,0.0,0.0
41434,9402,0.1258099083891925,-0.32861264588918676,0.11827497184276575,-0.3762352019548416,0.594193852281157,0.5884144395411595,0.4544225542783793,0.49451017379760737,,0.33641602385927655,-1.3851353743638468,67.48201993519615,67.48201993519615,0.0,279015869.0,65.56964163778493,0.0,0.766144195194095,0.4324576514388445,GCST90200948,cancerType_celltype,CRC_Epi_CRC,tissue,Tumor,Adjacent,group1_higher,0.0,0.0
41434,9402,0.0050073355821296005,-0.28191598805601326,0.0209831446409225,-0.3453747630119324,0.39236282023801633,0.47254739248599387,0.2869233236381429,0.36635790765285486,,0.29323464442208114,-5.814795372878161,54.74809559169885,54.74809559169885,0.0,278829306.0,65.42441789397847,0.0,0.7025889121629292,0.43149984356295845,GCST90200670,cancerType_celltype,CRC_Epi_CRC,tissue,Tumor,Adjacent,group1_higher,0.0,0.0
41434,9402,0.3998472788115799,-0.06370435406946828,0.4489218592643738,-0.07979395240545265,0.517457075808312,0.6831402288106143,0.46355163288104817,0.5287158116698264,,0.30134147054526117,2.6499661447479204,61.89018789455775,61.89018789455775,0.0,278620624.0,65.26197635248838,0.0,0.8399812344087635,0.43042847751955415,GCST90199836,cancerType_celltype,CRC_Epi_CRC,tissue,Tumor,Adjacent,group1_higher,0.0,0.0
41434,9402,0.21341162504985187,-0.21580605758288413,0.21663783490657806,-0.23482246696949,0.5365117845547566,0.5584485558527812,0.42921768263273596,0.45146030187606806,,0.3311969540412021,-0.01609652080803704,67.76613926425918,67.76613926425918,0.0,278515533.0,65.18017176926253,0.0,0.793912865936196,0.42988894402424815,GCST90200057,cancerType_celltype,CRC_Epi_CRC,tissue,Tumor,Adjacent,group1_higher,0.0,0.0
41434,9402,0.4181327699905491,-0.0206709151000233,0.4356219917535782,-0.05785723403096195,0.6339830890346336,0.6479581416996603,0.4388036850905724,0.4934792257845401,,0.2972554443638631,4.338220610248257,59.517772081669655,59.517772081669655,0.0,278202403.0,64.93642616644678,0.0,0.6893027037318253,0.4282813456249075,GCST90199927,cancerType_celltype,CRC_Epi_CRC,tissue,Tumor,Adjacent,group1_higher,0.0,0.0
41434,9402,0.8131757198175588,0.10590192160400712,0.8591023981571198,0.057348905131220804,0.94970485163108,0.8736689909435329,0.7072737982135516,0.8017534930258989,,0.25900542877100063,2.9408265229817276,69.70577015200845,69.70577015200845,0.0,278186863.5,64.92432996105299,0.0,0.7555466360097025,0.4282015663788228,GCST90199971,cancerType_celltype,CRC_Epi_CRC,tissue,Tumor,Adjacent,group1_higher,0.0,0.0
41434,9402,0.5515446229385395,-0.029474291445406614,0.5893404483795166,-0.04704479873180385,0.7504152671000182,0.8231000833234501,0.581018914383946,0.6363852471113205,,0.3300847546247431,4.225902244642372,62.781013180999516,62.781013180999516,0.0,278124827.5,64.87604010630807,0.0,0.7601195435147426,0.4278830757381895,GCST90200116,cancerType_celltype,CRC_Epi_CRC,tissue,Tumor,Adjacent,group1_higher,0.0,0.0
41434,9402,0.24503851325031703,-0.13710572666866494,0.2775900959968567,-0.14678960293531415,0.438360247652027,0.5450370169706814,0.38214423991898194,0.42437969893217087,,0.3592774204110454,0.8377150525542687,63.48497457353312,63.48497457353312,0.0,276939460.5,63.95333070774231,0.0,0.830825973898404,0.4217974432793665,GCST90200503,cancerType_celltype,CRC_Epi_CRC,tissue,Tumor,Adjacent,group1_higher,0.0,0.0
41434,9402,-0.17136116202221174,-0.5229886952591901,-0.2065354287624359,-0.6092617809772491,0.49343194327300277,0.5920998922488278,0.3516275332369784,0.40272635221481323,,0.34247193076950483,-1.6097339332309302,53.520563910271086,53.520563910271086,0.0,276935135.0,63.949963666561395,0.0,0.6852854001913375,0.421775236314603,GCST90200766,cancerType_celltype,CRC_Epi_CRC,tissue,Tumor,Adjacent,group1_higher,0.0,0.0
41434,9402,0.13273055086784047,-0.22696723008491576,0.1353054344654083,-0.270139142870903,0.4561075525096043,0.6006359743239578,0.35969778095275623,0.40544457733631134,,0.26505971176513005,-0.7739790238052883,54.60519389865288,54.60519389865288,0.0,276872426.0,63.90114993741704,0.0,0.7399886228560753,0.42145329051565605,GCST90200319,cancerType_celltype,CRC_Epi_CRC,tissue,Tumor,Adjacent,group1_higher,0.0,0.0
41434,9402,0.1827777438679466,-0.16767830678081305,0.21946458518505096,-0.18432283401489255,0.44072833158558944,0.6055716841814462,0.3504560506487596,0.40378741919994354,,0.26455775420194083,0.12439364527821961,53.01905290296958,53.01905290296958,0.0,276533667.5,63.63745468371583,0.0,0.7369644088424652,0.41971411629931454,GCST90199846,cancerType_celltype,CRC_Epi_CRC,tissue,Tumor,Adjacent,group1_higher,0.0,0.0
41434,9402,0.20748653710456577,-0.10967215876279779,0.23508460819721216,-0.14092890173196784,0.434784361289359,0.5348865631015106,0.31715869586736356,0.37601350992918003,,0.27388321748681693,0.9198141964815688,53.615381729741365,53.615381729741365,0.0,276172607.5,63.35639957129398,0.0,0.6971136951777983,0.41786044696687763,GCST90200991,cancerType_celltype,CRC_Epi_CRC,tissue,Tumor,Adjacent,group1_higher,0.0,0.0
41434,9402,0.25830709728204904,-0.12471035153645094,0.262174978852272,-0.17879851907491678,0.5248538276724083,0.6215902779570937,0.3830174488185,0.44097349792718876,,0.3072380768948829,1.050500080049947,55.432190841065555,55.432190841065555,0.0,276061595.5,63.2699859831364,0.0,0.7040221857857281,0.4172905152659625,GCST90200520,cancerType_celltype,CRC_Epi_CRC,tissue,Tumor,Adjacent,group1_higher,0.0,0.0
41434,9402,0.08451427791979287,-0.20180242912902246,0.0960712395608425,-0.24186892062425605,0.4159490217684483,0.507731706487993,0.28631670704881534,0.33794016018509854,,0.25144574084194765,-1.255666621882701,50.93794169494988,50.93794169494988,0.0,275524621.5,62.851996485718765,0.0,0.6591282594418776,0.4145337096488464,GCST90200831,cancerType_celltype,CRC_Epi_CRC,tissue,Tumor,Adjacent,group1_higher,0.0,0.0
41434,9402,0.37940653266230395,-0.04333646024400318,0.4094388037919998,-0.07334251701831815,0.5465846557746948,0.6285603702216913,0.4227429929063071,0.482781320810318,,0.27540337022365496,3.1300618088679184,60.24933832919617,60.24933832919617,0.0,275141472.0,62.55374653890418,0.0,0.75134843771129,0.4125666336008529,GCST90200222,cancerType_celltype,CRC_Epi_CRC,tissue,Tumor,Adjacent,group1_higher,0.0,0.0
41434,9402,0.4565457974078136,-0.10279969104349683,0.45849649608135223,-0.1282456517219543,0.7545302157320063,0.7122300986513811,0.5593454884513104,0.5867421478033066,,0.2932656703735741,2.1509127857292767,67.9837886252483,67.9837886252483,0.0,275129679.5,62.544567060664455,0.0,0.7489014176453361,0.4125060913208918,GCST90200237,cancerType_celltype,CRC_Epi_CRC,tissue,Tumor,Adjacent,group1_higher,0.0,0.0
41434,9402,0.3510189046493081,-0.04244436998871428,0.3818019479513168,-0.06930576637387276,0.5443021888630704,0.6728070264418168,0.3934632746380224,0.45110771432518953,,0.2584431949087086,3.047873745233318,52.91221914571611,52.91221914571611,0.0,275123426.0,62.539699232199574,0.0,0.6899790420433196,0.4124739860719848,GCST90200226,cancerType_celltype,CRC_Epi_CRC,tissue,Tumor,Adjacent,group1_higher,0.0,0.0
41434,9402,0.12937242540096824,-0.17728271524838704,0.13251497596502299,-0.21893987804651255,0.43694920959423494,0.5479690190853714,0.3066551406493553,0.35145485401153553,,0.22730189412138485,-0.4545187169407004,50.72683460182823,50.72683460182823,0.0,274857607.0,62.332781299089106,0.0,0.667357226345658,0.41110928068152597,GCST90200786,cancerType_celltype,CRC_Epi_CRC,tissue,Tumor,Adjacent,group1_higher,0.0,0.0
41434,9402,0.2782507350659563,-0.05073705716737121,0.30197885632514954,-0.08461965993046755,0.4830476785332657,0.5764567811856917,0.3289877922333275,0.3865985162556171,,0.2436785402136966,2.4552505009417493,51.394751433690416,51.394751433690416,0.0,274259717.0,61.86737377356454,0.0,0.6558310912498678,0.40803973446435804,GCST90200068,cancerType_celltype,CRC_Epi_CRC,tissue,Tumor,Adjacent,group1_higher,0.0,0.0
41434,9402,-0.08195990607613815,-0.4089382737248697,-0.0857274308800697,-0.4673237055540085,0.45733534820263816,0.5284057258994932,0.32697836764873156,0.38159627467393875,,0.2886334105205442,-2.318878784602727,55.47181880856253,55.47181880856253,0.0,274028132.0,61.687104155744194,0.0,0.6937985245722176,0.4068507852250285,GCST90200757,cancerType_celltype,CRC_Epi_CRC,tissue,Tumor,Adjacent,group1_higher,0.0,0.0
41434,9402,0.26079527481561154,-0.08412455999283344,0.2838121503591537,-0.1173494458198547,0.48451505584628024,0.5770396472466593,0.344919834808445,0.4011615961790084,,0.25373387608012116,1.632307154067469,53.814253938143956,53.814253938143956,0.0,273004730.5,60.89047139765636,0.0,0.6858470867067642,0.4015966779428042,GCST90199941,cancerType_celltype,CRC_Epi_CRC,tissue,Tumor,Adjacent,group1_higher,0.0,0.0
41434,9402,0.07268051572445886,-0.22621371352179198,0.07303388044238085,-0.2738235145807266,0.4472189213939619,0.5266355400506038,0.29889422924625086,0.3468573950231075,,0.2471792808676536,-1.6380323571213198,51.01625746300149,51.01625746300149,0.0,272971576.5,60.864663772338595,0.0,0.6456522102721897,0.4014264664736644,GCST90200573,cancerType_celltype,CRC_Epi_CRC,tissue,Tumor,Adjacent,group1_higher,0.0,0.0
41434,9402,0.2649342190082312,-0.05230526120238328,0.2925650179386139,-0.0994455441832542,0.4495359752729302,0.5533392970957254,0.3172394802106145,0.3920105621218681,,0.22797940451823667,2.3405840838166476,51.844341952096165,51.844341952096165,0.0,272879581.0,60.793052944235775,0.0,0.6743144875124936,0.40095416481446056,GCST90199809,cancerType_celltype,CRC_Epi_CRC,tissue,Tumor,Adjacent,group1_higher,0.0,0.0
41434,9402,0.511057985001747,-0.2325211450005794,0.5098199248313904,-0.25524500012397766,1.040884826593615,1.0005106880822372,0.7435791300023264,0.765064924955368,,0.3038467153330406,1.1361216901030289,64.56937571920963,64.56937571920963,0.0,272603633.0,60.57825042896799,0.0,0.7194508366987526,0.39953745749449343,GCST90200832,cancerType_celltype,CRC_Epi_CRC,tissue,Tumor,Adjacent,group1_higher,0.0,0.0
41434,9402,0.18695135985173045,-0.11563679792889285,0.20411010086536402,-0.13610527664422983,0.45569329418433946,0.5232772475801964,0.3025881577806233,0.34021537750959385,,0.28779779868749356,0.6930576408902851,51.79054753780553,51.79054753780553,0.0,272310148.5,60.349797210274225,0.0,0.6452782388632766,0.39803071840072635,GCST90200588,cancerType_celltype,CRC_Epi_CRC,tissue,Tumor,Adjacent,group1_higher,0.0,0.0
41434,9402,0.24700252694912228,-0.24450491390151155,0.23685952275991434,-0.3165601640939712,0.7213940634058371,0.7287815994017008,0.4915074408506338,0.5534196868538855,,0.2719509855020454,0.014662281833727472,59.14896681225809,59.14896681225809,0.0,272175304.5,60.244832396726856,0.0,0.6800367767484267,0.3973384340505821,GCST90199642,cancerType_celltype,CRC_Epi_CRC,tissue,Tumor,Adjacent,group1_higher,0.0,0.0
41434,9402,0.22144316377308867,-0.053764976948921676,0.2560998499393463,-0.0688121803104877,0.37797104297103085,0.4568245637807081,0.27520814072201033,0.324912030249834,,0.28350596258589394,2.042177544276624,54.34594746143103,54.34594746143103,0.0,271979205.5,60.09218567183124,0.0,0.6989487428190725,0.396331668686317,GCST90200297,cancerType_celltype,CRC_Epi_CRC,tissue,Tumor,Adjacent,group1_higher,0.0,0.0
41434,9402,0.5299076341027518,0.14220233347754335,0.5656360685825348,0.10442411899566645,0.5175059767850106,0.6129652413264793,0.3877053006252084,0.46121194958686834,,0.2885455002671336,1.897788349750394,56.9011698215724,56.9011698215724,0.0,271933721.5,60.05678016932917,0.0,0.7227354093282302,0.3960981554311336,GCST90199953,cancerType_celltype,CRC_Epi_CRC,tissue,Tumor,Adjacent,group1_higher,0.0,0.0
41434,9402,0.48227768191294285,0.08844347409399654,0.5292457640171051,0.0798709839582443,0.5686007383674276,0.6910295750779478,0.3938342078189463,0.4493747800588608,,0.23395850407864505,2.4470231273257763,51.450909857989046,51.450909857989046,0.0,270937032.0,59.2809404765574,0.0,0.6639709755260804,0.3909811866167765,GCST90200798,cancerType_celltype,CRC_Epi_CRC,tissue,Tumor,Adjacent,group1_higher,0.0,0.0
41434,9402,0.3176337402775552,-0.12687700715518282,0.3388897776603699,-0.15234230458736414,0.5830537937147268,0.6717740239317028,0.444510747432738,0.491232082247734,,0.3317644965071529,1.3239266949975068,59.29288106605255,59.29288106605255,0.0,270836145.0,59.20240835689057,0.0,0.7402959087130216,0.3904632363095102,GCST90200572,cancerType_celltype,CRC_Epi_CRC,tissue,Tumor,Adjacent,group1_higher,0.0,0.0
41434,9402,0.32091241258567976,-0.06583060829076527,0.3442807793617248,-0.0639832578599453,0.519850016699183,0.6072545576488303,0.386743020876445,0.4082640372216701,,0.26687382844578605,2.2853317394842394,57.18178492392199,57.18178492392199,0.0,270812924.5,59.18433313327679,0.0,0.7200747866634039,0.39034402307975924,GCST90200441,cancerType_celltype,CRC_Epi_CRC,tissue,Tumor,Adjacent,group1_higher,0.0,0.0
41434,9402,0.24338244108194557,-0.11394600298270233,0.3030043840408325,-0.13584246486425394,0.4755680070171743,0.5526311756269479,0.3573284440646479,0.43884684890508646,,0.319818175053556,1.0948680361535308,58.011366792926566,58.011366792926566,0.0,270800031.5,59.17429700752358,0.0,0.7281530148914482,0.39027783087153045,GCST90201020,cancerType_celltype,CRC_Epi_CRC,tissue,Tumor,Adjacent,group1_higher,0.0,0.0
41434,9402,0.18718412583075722,-0.12539333214801004,0.21728181093931193,-0.16408653557300565,0.4764063749893207,0.5821496266103798,0.31257745797876724,0.38136834651231755,,0.2298298866001044,0.5779936600696487,48.507974162337916,48.507974162337916,0.0,270720438.5,59.11234049181153,0.0,0.6280965312638503,0.38986920321081864,GCST90200641,cancerType_celltype,CRC_Epi_CRC,tissue,Tumor,Adjacent,group1_higher,0.0,0.0
41434,9402,0.16893435982621963,-0.12043656976812474,0.2069526687264442,-0.1462854966521263,0.4433334238454445,0.5877538611508203,0.28937092959434435,0.3532381653785705,,0.22590995588091464,0.48818582769729546,44.92653471830727,44.92653471830727,0.0,270634606.0,59.04552704546757,0.0,0.6112940953063587,0.38942854217670675,GCST90200454,cancerType_celltype,CRC_Epi_CRC,tissue,Tumor,Adjacent,group1_higher,0.0,0.0
41434,9402,0.512651757231457,0.14557249153035492,0.5515630543231964,0.1388512626290321,0.5415858020659047,0.5906783068998396,0.36707926570110205,0.4127117916941643,,0.25304457541647285,1.816234285123198,55.22123957268414,55.22123957268414,0.0,270512313.5,58.9503325283905,0.0,0.666212218889548,0.3888006967858104,GCST90199948,cancerType_celltype,CRC_Epi_CRC,tissue,Tumor,Adjacent,group1_higher,0.0,0.0
41434,9402,0.10377336686964984,-0.21215837725404413,0.1188758239150047,-0.25008910894393915,0.4663419767289868,0.5541619888393466,0.31593174412369396,0.36896493285894383,,0.27350795266551114,-1.0316983158186732,51.31068772530083,51.31068772530083,0.0,270354065.0,58.827149262567396,0.0,0.6530403213138767,0.3879882545563913,GCST90200452,cancerType_celltype,CRC_Epi_CRC,tissue,Tumor,Adjacent,group1_higher,0.0,0.0
41434,9402,0.3533044841728384,0.024676951030487917,0.3679947853088379,-0.00828087050467725,0.5008530689019707,0.5945249126852388,0.3286275331423505,0.37627565581351513,,0.22446951517426064,3.839621623602836,49.741595884873796,49.741595884873796,0.0,270197506.0,58.70528113165936,0.0,0.6326440234794453,0.3871844861605096,GCST90200768,cancerType_celltype,CRC_Epi_CRC,tissue,Tumor,Adjacent,group1_higher,0.0,0.0
41434,9402,0.028506920531300977,-0.2476754919377947,0.0411633048206567,-0.2541057616472244,0.39876706891202224,0.4899114893557776,0.2761824124690957,0.29526906646788115,,0.2765666851911043,-3.1190222296279315,50.96545656568321,50.96545656568321,0.0,270150976.5,58.66906179455907,0.0,0.6621069685589961,0.3869456053451228,GCST90200593,cancerType_celltype,CRC_Epi_CRC,tissue,Tumor,Adjacent,group1_higher,0.0,0.0
41434,9402,0.14197056063002655,-0.19806544190648276,0.14856250584125513,-0.2275517955422401,0.48940769476808027,0.5565619498609751,0.34003600253650934,0.3761143013834952,,0.2622525554985301,-0.4803825055317113,54.640869196141,54.640869196141,0.0,270072088.5,58.60765406257897,0.0,0.6766835530299051,0.3865405971295983,GCST90200847,cancerType_celltype,CRC_Epi_CRC,tissue,Tumor,Adjacent,group1_higher,0.0,0.0
41434,9402,0.24507792421402794,-0.3554983923338089,0.2185796797275543,-0.3956465721130371,0.8781525786531383,0.8574261442315386,0.6005763165478368,0.6142262518405914,,0.27445854956621507,-0.5366006701421454,61.04050449668047,61.04050449668047,0.0,269949888.0,58.51253115983287,0.0,0.6868780361938862,0.38591322406346396,GCST90200940,cancerType_celltype,CRC_Epi_CRC,tissue,Tumor,Adjacent,group1_higher,0.0,0.0
41434,9402,0.1931755257488103,-0.13020252085916903,0.19629181921482086,-0.17419324070215225,0.4829907966505804,0.5990340798048908,0.3233780466079793,0.3704850599169731,,0.2505414110901569,0.5691513314739631,48.8640907002658,48.8640907002658,0.0,269870108.5,58.450429469417266,0.0,0.6385076215609464,0.38550363891831596,GCST90200340,cancerType_celltype,CRC_Epi_CRC,tissue,Tumor,Adjacent,group1_higher,0.0,0.0
41434,9402,-0.011940367930371915,-0.30995551338353167,-0.0068667689338326,-0.35992018878459925,0.43690651331768027,0.549737609083432,0.29801514545315977,0.35305341985076666,,0.26733357551130144,-4.698025803359017,49.159525848054464,49.159525848054464,0.0,269656999.0,58.284541488248856,0.0,0.648050359117204,0.3844095422457381,GCST90200980,cancerType_celltype,CRC_Epi_CRC,tissue,Tumor,Adjacent,group1_higher,0.0,0.0
41434,9402,0.6373926422677932,0.13083216461525118,0.6470978856086731,0.1222631484270095,0.7632923792185413,0.696954050418351,0.5065604776525421,0.5248347371816636,,0.24570363418713867,2.2844563360812744,62.48345830330806,62.48345830330806,0.0,269509917.5,58.1700508010565,0.0,0.6740967128441376,0.3836544310012946,GCST90200150,cancerType_celltype,CRC_Epi_CRC,tissue,Tumor,Adjacent,group1_higher,0.0,0.0
41434,9402,0.12100977970142825,-0.1765727332727968,0.13857369124889368,-0.22250852733850474,0.4401039787128468,0.5807926847286868,0.29758251297422506,0.3610822185873984,,0.22814703882624054,-0.5451351775211373,46.730482137315704,46.730482137315704,0.0,268747764.0,57.57677783361284,0.0,0.6340828176646164,0.37974156175640617,GCST90200180,cancerType_celltype,CRC_Epi_CRC,tissue,Tumor,Adjacent,group1_higher,0.0,0.0
41434,9402,0.15459360098213598,-0.1297868459729323,0.1847714185714721,-0.1289490908384323,0.37986593621824194,0.5190418115876289,0.28438044695506826,0.3137205094099044,,0.28263501819175213,0.2523346478776633,50.16491944004414,50.16491944004414,0.0,268629709.5,57.48488224626058,0.0,0.6949875222215188,0.3791354741083528,GCST90199921,cancerType_celltype,CRC_Epi_CRC,tissue,Tumor,Adjacent,group1_higher,0.0,0.0
41434,9402,0.4907703774728587,0.019391763167002904,0.4898497462272644,-0.02493477612733835,0.7278032058105259,0.6728569656970604,0.47137861430585576,0.5147845223546027,,0.2592594154340051,4.661460826504378,60.38486986664863,60.38486986664863,0.0,268407838.5,57.31217416769151,0.0,0.6565539379367241,0.3779963962031374,GCST90200376,cancerType_celltype,CRC_Epi_CRC,tissue,Tumor,Adjacent,group1_higher,0.0,0.0
41434,9402,0.662695815308275,0.02754826999393515,0.669569581747055,0.0408413782715797,0.8994372347169723,0.9394753343371567,0.6351475453143399,0.6287282034754753,,0.2894468137604637,4.588262990743645,59.64422415255963,59.64422415255963,0.0,268161891.5,57.12072493007223,0.0,0.7002922990176149,0.37673371296128044,GCST90200355,cancerType_celltype,CRC_Epi_CRC,tissue,Tumor,Adjacent,group1_higher,0.0,0.0
41434,9402,0.17649214549855283,-0.08618295844345439,0.17667743563652033,-0.1225519627332687,0.4339422969191036,0.5092222421999649,0.2626751039420072,0.299229398369789,,0.23326505599003006,1.0341208860290632,46.34460065596501,46.34460065596501,0.0,267386548.5,56.51718503634128,0.0,0.5852612185968682,0.3727531292875985,GCST90199969,cancerType_celltype,CRC_Epi_CRC,tissue,Tumor,Adjacent,group1_higher,0.0,0.0
41434,9402,0.2645255247348946,-0.10548331541070581,0.3002154976129532,-0.13290823251008985,0.4906646756238647,0.6586728285920378,0.3700088401456004,0.43312373012304306,,0.2666897180054553,1.3263838934010215,51.333251973734306,51.333251973734306,0.0,267311331.0,56.4586344826422,0.0,0.703710463419289,0.3723669652898902,GCST90200310,cancerType_celltype,CRC_Epi_CRC,tissue,Tumor,Adjacent,group1_higher,0.0,0.0
41434,9402,0.12940663333497843,-0.19845978026011935,0.1369005888700485,-0.22585721313953394,0.48937300740736467,0.5174579790280006,0.32786641359509777,0.3627578020095824,,0.26755878546277284,-0.6169312109958285,56.01544946306391,56.01544946306391,0.0,267113138.0,56.304357753300195,0.0,0.6627753521934876,0.37134944940332404,GCST90200040,cancerType_celltype,CRC_Epi_CRC,tissue,Tumor,Adjacent,group1_higher,0.0,0.0
41434,9402,0.11729163603940465,-0.2220168203405336,0.13907974213361735,-0.2448597252368927,0.5292001251589908,0.6717910324058055,0.33930845637993823,0.38393946737051005,,0.2377241893496325,-0.9205630398919923,45.85258884795172,45.85258884795172,0.0,266785131.5,56.04903203532369,0.0,0.607729402365184,0.36966547557656404,GCST90200510,cancerType_celltype,CRC_Epi_CRC,tissue,Tumor,Adjacent,group1_higher,0.0,0.0
41434,9402,0.25189776037377903,-0.22756800159878557,0.23810252547264096,-0.2684844434261322,0.7614101386684178,0.6885356528570039,0.47946576197256463,0.5065869688987732,,0.277851460350688,0.1465399686474365,59.7396236478898,59.7396236478898,0.0,266724684.0,56.001978695413094,0.0,0.6405961837775163,0.36935514023902316,GCST90200571,cancerType_celltype,CRC_Epi_CRC,tissue,Tumor,Adjacent,group1_higher,0.0,0.0
41434,9402,0.11221669225046889,-0.18734607581574397,0.1180117130279541,-0.23181085288524625,0.4665527804603812,0.531925582659281,0.29956276806621285,0.3498225659132004,,0.23153016899873338,-0.739413310414911,50.38579383305643,50.38579383305643,0.0,266513406.0,55.83751638432279,0.0,0.6249810422876056,0.36827044642298556,GCST90199886,cancerType_celltype,CRC_Epi_CRC,tissue,Tumor,Adjacent,group1_higher,0.0,0.0
41434,9402,1.240047652882274,0.5285261684245983,1.2938605546951294,0.40240806341171265,1.1540967424337167,1.095091291631348,0.7115214844576756,0.8914524912834167,,0.26384134729377556,1.230347186405264,56.304221680581136,56.304221680581136,0.0,266488361.0,55.818020939547395,0.0,0.6222780583527612,0.3681418662744482,GCST90200439,cancerType_celltype,CRC_Epi_CRC,tissue,Tumor,Adjacent,group1_higher,0.0,0.0
41434,9402,1.1313510289713198,0.3056165203915227,1.1257339119911194,0.2693945169448852,1.3646257264956634,1.0602747588216326,0.8257345085797971,0.8563393950462341,,0.2657431887049872,1.8882487475064025,64.37855898802121,64.37855898802121,0.0,266382448.5,55.73557688705091,0.0,0.6285728372066948,0.3675981152270551,GCST90199922,cancerType_celltype,CRC_Epi_CRC,tissue,Tumor,Adjacent,group1_higher,0.0,0.0
41434,9402,0.2767565766705997,-0.03040442573142007,0.29771667718887324,-0.035256208851933396,0.4741707943080882,0.4922092188224232,0.30716100240201977,0.33297288604080666,,0.2628101714324991,3.186222118433751,54.995643014287154,54.995643014287154,0.0,266316515.0,55.68425315344745,0.0,0.6431908684613213,0.36725961495859494,GCST90199843,cancerType_celltype,CRC_Epi_CRC,tissue,Tumor,Adjacent,group1_higher,0.0,0.0
41434,9402,0.6976957958866579,0.22179948911657404,0.6970834732055664,0.15945174545049662,0.7682259124030401,0.7562097686106876,0.4758963067700838,0.5376317277550697,,0.26071502178316214,1.653337661254673,54.92755477721671,54.92755477721671,0.0,265950885.0,55.39964067697595,0.0,0.6212600263826191,0.3653824834070001,GCST90200191,cancerType_celltype,CRC_Epi_CRC,tissue,Tumor,Adjacent,group1_higher,0.0,0.0
41434,9402,0.12797456786998726,-0.14671699179848013,0.146467313170433,-0.17951895296573633,0.44957658550843427,0.5501500400593093,0.27469155966846737,0.3259862661361693,,0.23627445108004042,-0.1971773892428428,45.116563713872054,45.116563713872054,0.0,265459801.5,55.01737310842497,0.0,0.5846968666745879,0.3628612780017606,GCST90200481,cancerType_celltype,CRC_Epi_CRC,tissue,Tumor,Adjacent,group1_higher,0.0,0.0
41434,9402,0.5725795488051757,0.2131610618745934,0.6019069850444794,0.174731895327568,0.5401594627602466,0.5998822508037241,0.3594184869305823,0.42717508971691137,,0.2568898224455663,1.425527968040036,53.39148159847797,53.39148159847797,0.0,265437335.5,54.999885200166865,0.0,0.6514841998344741,0.36274593834845503,GCST90199707,cancerType_celltype,CRC_Epi_CRC,tissue,Tumor,Adjacent,group1_higher,0.0,0.0
41434,9402,0.3218483091285739,-0.07281156738935038,0.32227158546447754,-0.11703852564096445,0.6211672722890587,0.6404573250976415,0.3946598765179242,0.439310111105442,,0.24017813211400596,2.1441259870000104,54.24148992028849,54.24148992028849,0.0,265291848.0,54.886635309100356,0.0,0.6316785855162703,0.3619990106439104,GCST90200993,cancerType_celltype,CRC_Epi_CRC,tissue,Tumor,Adjacent,group1_higher,0.0,0.0
41434,9402,0.11896480835322264,-0.19043393758290578,0.12117706611752505,-0.21057615429162974,0.46120421593783084,0.5501194710339299,0.3093987459361284,0.3317532204091548,,0.2753856759961294,-0.678751190749179,50.645164357674176,50.645164357674176,0.0,265147009.0,54.77389022122558,0.0,0.6460698864285644,0.3612554123155416,GCST90200070,cancerType_celltype,CRC_Epi_CRC,tissue,Tumor,Adjacent,group1_higher,0.0,0.0
41434,9402,0.29144085017119586,-0.010313541660451904,0.3062350004911423,0.01031569018959995,0.44686821343025074,0.6037641116580542,0.30175439183164776,0.29591931030154234,,0.2046736414090421,4.820456439132914,45.704020502409406,45.704020502409406,0.0,264944745.5,54.61644494694613,0.0,0.6289609202183088,0.36021699862523726,GCST90199959,cancerType_celltype,CRC_Epi_CRC,tissue,Tumor,Adjacent,group1_higher,0.0,0.0
41434,9402,0.03718520450177016,-0.30008091690493516,0.0256676767021417,-0.36218091845512385,0.5542383385648316,0.5837203241342086,0.3372661214067053,0.38784859515726555,,0.2774541716163501,-3.012516975506126,51.04598469929555,51.04598469929555,0.0,264845216.0,54.53896952786955,0.0,0.6024678905564315,0.3597060176751934,GCST90199661,cancerType_celltype,CRC_Epi_CRC,tissue,Tumor,Adjacent,group1_higher,0.0,0.0
41434,9402,0.12896780881774744,-0.11918937934539349,0.1471065357327461,-0.12265230342745775,0.41530009734500073,0.5424041359772697,0.24815718816314092,0.2697588391602038,,0.2002283928683806,0.1137544002800543,41.676742139424555,41.676742139424555,0.0,264541600.5,54.30263017018518,0.0,0.5619855635523289,0.3581472663839884,GCST90199725,cancerType_celltype,CRC_Epi_CRC,tissue,Tumor,Adjacent,group1_higher,0.0,0.0
41434,9402,0.07701688373079982,-0.17688747040277653,0.0965487211942672,-0.20994572341442103,0.41411597050298515,0.526930297587534,0.25390435413357637,0.30649444460868824,,0.20937876465124564,-1.1995746292290097,43.7568066682543,43.7568066682543,0.0,264456574.5,54.23644451686224,0.0,0.580779032778891,0.35771074589249197,GCST90200828,cancerType_celltype,CRC_Epi_CRC,tissue,Tumor,Adjacent,group1_higher,0.0,0.0
41434,9402,0.08617638537930118,-0.16371193852001475,0.1064914427697658,-0.19992809742689124,0.41565455830740516,0.5183482580027752,0.24988832389931592,0.30641954019665707,,0.2123393088906583,-0.9257871121544891,43.667585652837694,43.667585652837694,0.0,264438714.0,54.22254160644456,0.0,0.5725197761428092,0.35761905071409505,GCST90200321,cancerType_celltype,CRC_Epi_CRC,tissue,Tumor,Adjacent,group1_higher,0.0,0.0
41434,9402,0.8754160581436474,0.3504839499354361,0.9228571951389313,0.4044089615345001,0.7375293585696516,0.8293368394692644,0.5249321082082113,0.5184482336044312,,0.282710321215391,1.3206180009725503,56.51207724016448,56.51207724016448,0.0,264390515.0,54.185022702762005,0.0,0.6949528347570432,0.35737159874446633,GCST90199863,cancerType_celltype,CRC_Epi_CRC,tissue,Tumor,Adjacent,group1_higher,0.0,0.0
41434,9402,0.23960690074882413,-0.1615854987789217,0.24782934039831156,-0.19993998110294342,0.6252849555854931,0.7138907157925826,0.4011923995277458,0.447769321501255,,0.2837498581190625,0.5683688198622698,50.2900100533091,50.2900100533091,0.0,263876705.5,53.78506483762625,0.0,0.624333833618388,0.3547337188550721,GCST90199736,cancerType_celltype,CRC_Epi_CRC,tissue,Tumor,Adjacent,group1_higher,0.0,0.0
41434,9402,0.10803113499770423,-0.15309561049638581,0.125274546444416,-0.19950218498706815,0.3928081457104366,0.5253339437775947,0.26112674549409004,0.3247767314314841,,0.237321401989671,-0.5029818253713655,45.403508949634734,45.403508949634734,0.0,263775567.5,53.70633733538252,0.0,0.6210253964318888,0.3542144799226399,GCST90200921,cancerType_celltype,CRC_Epi_CRC,tissue,Tumor,Adjacent,group1_higher,0.0,0.0
41434,9402,0.11223343195003035,-0.11955076631052006,0.11084764450788495,-0.16333591938018793,0.40441431168158504,0.508150706144625,0.2317841982605504,0.27418356388807286,,0.21784747933340776,-0.09112010275783577,41.35620396061477,41.35620396061477,0.0,263595483.0,53.56615656378519,0.0,0.5447219774216029,0.35328993243774187,GCST90200291,cancerType_celltype,CRC_Epi_CRC,tissue,Tumor,Adjacent,group1_higher,0.0,0.0
41434,9402,0.3232891807368556,-0.06253000421442205,0.3352877348661423,-0.09668587148189545,0.6120403793250048,0.670441661364379,0.38581918495127765,0.4319736063480377,,0.27390443780184504,2.3701860978276206,51.17088907566151,51.17088907566151,0.0,263232546.0,53.28364036332807,0.0,0.6190406278087788,0.3514266266533663,GCST90200606,cancerType_celltype,CRC_Epi_CRC,tissue,Tumor,Adjacent,group1_higher,0.0,0.0
41434,9402,0.5882520182687824,0.10657528734960067,0.5985971987247467,0.046794410794973304,0.808112540926268,0.8065339431415649,0.48167673091918173,0.5518027879297734,,0.24882054614811586,2.4645503358774277,52.26110383571504,52.26110383571504,0.0,263198711.0,53.257302636277736,0.0,0.5962667834893991,0.35125291895419464,GCST90199738,cancerType_celltype,CRC_Epi_CRC,tissue,Tumor,Adjacent,group1_higher,0.0,0.0
41434,9402,0.3377063234783321,0.0316237942775404,0.3815675973892212,0.0140366782434284,0.4788195098946854,0.6052398887252584,0.3060825292007917,0.3675309191457928,,0.24723059509849507,3.416645465712806,45.88641343344251,45.88641343344251,0.0,263054558.5,53.14509193142704,0.0,0.6065942187473135,0.3505128450926642,GCST90200228,cancerType_celltype,CRC_Epi_CRC,tissue,Tumor,Adjacent,group1_higher,0.0,0.0
41434,9402,-0.0005129748594796601,-0.41657778685658414,-0.0304783526808023,-0.4505021721124649,0.6839542608907491,0.6558298394899309,0.4160648119971045,0.4200238194316626,,0.2599511265665083,-9.662675867295388,55.091237882576785,55.091237882576785,0.0,262890454.0,53.01735025775388,0.0,0.6129047621770938,0.3496703383653479,GCST90200783,cancerType_celltype,CRC_Epi_CRC,tissue,Tumor,Adjacent,group1_higher,0.0,0.0
41434,9402,0.41920424393544925,0.014499059779534555,0.4369580894708633,-0.03444689139723775,0.6475220962506886,0.6718496627755326,0.4047051841559147,0.471404980868101,,0.2764487335998453,4.853526010816822,53.081630974370775,53.081630974370775,0.0,262715179.5,52.88091367020006,0.0,0.6206282527050393,0.3487704852511613,GCST90199937,cancerType_celltype,CRC_Epi_CRC,tissue,Tumor,Adjacent,group1_higher,0.0,0.0
41434,9402,0.48947775472114435,0.03583851372749013,0.5183964371681213,-0.00539364572614425,0.6653469296143961,0.8043544438849742,0.4536392409936542,0.5237900828942655,,0.28075010797100153,3.771623274545742,50.87835441547039,50.87835441547039,0.0,262700075.5,52.869156465253454,0.0,0.6544523806969319,0.34869294184674904,GCST90200279,cancerType_celltype,CRC_Epi_CRC,tissue,Tumor,Adjacent,group1_higher,0.0,0.0
41434,9402,-0.01635732981932494,-0.27650987813527794,-0.0281737120822072,-0.31494005024433136,0.45348629171228017,0.5693294982170252,0.260152548315953,0.28676633816212416,,0.21730849801688018,-4.079238876057948,41.42549305902202,41.42549305902202,0.0,262618497.0,52.80565440330058,0.0,0.5453535087596182,0.34827412069891706,GCST90200471,cancerType_celltype,CRC_Epi_CRC,tissue,Tumor,Adjacent,group1_higher,0.0,0.0
41434,9402,0.371080396699315,0.07303277343110277,0.4135938137769699,0.062255453318357454,0.48125520320539716,0.6181395598519162,0.2980476232682122,0.35133836045861244,,0.22648815320246846,2.345099999456524,43.83542019678986,43.83542019678986,0.0,262504417.5,52.716853022096544,0.0,0.5851528332625979,0.3476884405609628,GCST90200909,cancerType_celltype,CRC_Epi_CRC,tissue,Tumor,Adjacent,group1_higher,0.0,0.0
41434,9402,0.3111003254416035,-0.09280043340195178,0.28231576085090637,-0.13167840987443918,0.6874118194028013,0.6307206488630211,0.40390075884355525,0.41399417072534556,,0.2611908255293725,1.7451655470962224,55.10925539127403,55.10925539127403,0.0,262476205.0,52.69489194261058,0.0,0.5963524200033472,0.34754359857890615,GCST90200207,cancerType_celltype,CRC_Epi_CRC,tissue,Tumor,Adjacent,group1_higher,0.0,0.0
41434,9402,0.9339799009978887,0.4108440104279997,0.9905006885528564,0.3699880540370941,0.8797141050910884,0.8763090328571056,0.5231358905698891,0.6205126345157623,,0.22619558709901444,1.1847988026910217,52.22129163690696,52.22129163690696,0.0,262292086.5,52.55157103828321,0.0,0.5950911046755453,0.34659834067998574,GCST90200590,cancerType_celltype,CRC_Epi_CRC,tissue,Tumor,Adjacent,group1_higher,0.0,0.0
41434,9402,0.1426994336637245,-0.12574494660049873,0.14488763362169266,-0.19404181838035578,0.45721288908565977,0.5903776442180555,0.26844438026422324,0.33892945200204844,,0.2220294139117765,0.18247782339369367,41.364455482925784,41.364455482925784,0.0,262124239.5,52.42091614033087,0.0,0.5539441445198493,0.345736620089387,GCST90200077,cancerType_celltype,CRC_Epi_CRC,tissue,Tumor,Adjacent,group1_higher,0.0,0.0
41434,9402,0.03517817665400255,-0.3022471583908259,0.054131949320435455,-0.34976768493652344,0.5694910108232898,0.6123278011079022,0.3374253350448284,0.4038996342569589,,0.21307274933379713,-3.1029399261387534,48.85263304802927,48.85263304802927,0.0,261967067.5,52.29857084002187,0.0,0.5841320350706554,0.34492970457308014,GCST90200651,cancerType_celltype,CRC_Epi_CRC,tissue,Tumor,Adjacent,group1_higher,0.0,0.0
41434,9402,0.09486906314805171,-0.21841325650893076,0.10288681089878074,-0.24937923252582544,0.4909871960286251,0.5817797483381122,0.3132823196569825,0.3522660434246062,,0.28406255582704054,-1.2030422154937508,48.4457815393226,48.4457815393226,0.0,261209162.0,51.70860458646944,0.0,0.6154859122547367,0.34103864441068277,GCST90199741,cancerType_celltype,CRC_Epi_CRC,tissue,Tumor,Adjacent,group1_higher,0.0,0.0
41434,9402,0.1593720357005817,-0.135041115392001,0.15645051002502441,-0.16735064238309855,0.49625921870871065,0.5402016911308312,0.2944131510925827,0.32380115240812296,,0.22541404550266414,0.2389981519265251,48.41326516113551,48.41326516113551,0.0,261088462.5,51.61465008710157,0.0,0.5833727265943817,0.3404189774257207,GCST90200475,cancerType_celltype,CRC_Epi_CRC,tissue,Tumor,Adjacent,group1_higher,0.0,0.0
41434,9402,0.272405626361882,-0.0012710890350118066,0.2824869006872177,-0.06510663405060765,0.5019681405600541,0.6205886370366508,0.2736767153968938,0.3475935347378254,,0.20976901335067422,7.742418337399323,39.90123213592239,39.90123213592239,0.0,261079010.5,51.607292493010256,0.0,0.5203716038328271,0.3403704511903851,GCST90200236,cancerType_celltype,CRC_Epi_CRC,tissue,Tumor,Adjacent,group1_higher,0.0,0.0
41434,9402,0.4451316049601005,0.025759599368973866,0.46343284845352173,-0.01315332483500235,0.6498686736756976,0.7496028775226613,0.41937200559112664,0.4765861732885241,,0.2533824164438153,4.110997112841608,50.13988146011249,50.13988146011249,0.0,260857362.0,51.43475761214383,0.0,0.6264577312929515,0.3392325155923388,GCST90200863,cancerType_celltype,CRC_Epi_CRC,tissue,Tumor,Adjacent,group1_higher,0.0,0.0
41434,9402,0.27442131716654766,-0.14810354953969204,0.25711821019649506,-0.21208097785711286,0.7329058060927273,0.704775627861087,0.4225248667062397,0.46919918805360794,,0.2518353223600106,0.8897818536166734,52.09052382765139,52.09052382765139,0.0,260803367.0,51.39272700560968,0.0,0.5805623641444263,0.3389553071627014,GCST90200634,cancerType_celltype,CRC_Epi_CRC,tissue,Tumor,Adjacent,group1_higher,0.0,0.0
41434,9402,0.5120552910507631,0.12509316733550596,0.520206481218338,0.0916473530232906,0.6698240893267836,0.6401191204261866,0.3869621237152571,0.4285591281950474,,0.24212488373238433,2.0332878926910833,52.46018113025999,52.46018113025999,0.0,260476982.5,51.138663879424975,0.0,0.5823965230663128,0.3372796606268549,GCST90200814,cancerType_celltype,CRC_Epi_CRC,tissue,Tumor,Adjacent,group1_higher,0.0,0.0
41434,9402,0.33753784041996254,-0.07303288155929122,0.3392160832881927,-0.10729598253965375,0.6974133660195364,0.7476112294354125,0.41057072197925376,0.4465120658278464,,0.22632618195809517,2.208415708707299,48.66208261275158,48.66208261275158,0.0,260439343.5,51.10936505547204,0.0,0.580750798231074,0.33708642332556527,GCST90200725,cancerType_celltype,CRC_Epi_CRC,tissue,Tumor,Adjacent,group1_higher,0.0,0.0
41434,9402,0.18532790666524127,-0.105234616698559,0.21071547269821164,-0.13371401280164713,0.43667977800263613,0.5837735635506303,0.2905625233638003,0.34442948549985875,,0.23334038205893898,0.8164648598330755,45.462063480617864,45.462063480617864,0.0,260355390.5,51.04401464320496,0.0,0.6216774535267434,0.33665541157830425,GCST90200362,cancerType_celltype,CRC_Epi_CRC,tissue,Tumor,Adjacent,group1_higher,0.0,0.0
41434,9402,0.2545952523423285,-0.023685824833579283,0.2582178860902786,-0.0563997011631727,0.46912742136170144,0.615877495687397,0.2782810771759078,0.31461758725345135,,0.1773384710909434,3.426054456344209,41.1852148367014,41.1852148367014,0.0,260320301.0,51.01670039247841,0.0,0.5570896621149011,0.33647526332028477,GCST90200795,cancerType_celltype,CRC_Epi_CRC,tissue,Tumor,Adjacent,group1_higher,0.0,0.0
41434,9402,0.14082043767373295,-0.1560747601444906,0.14577376097440714,-0.19028281420469279,0.5222218013383234,0.6234071116632445,0.29689519781822354,0.3360565751790999,,0.21637757421289577,-0.14837951572247038,42.8900345536706,42.8900345536706,0.0,260143092.0,50.87875795793246,0.0,0.5474143698134722,0.33556547855118324,GCST90200293,cancerType_celltype,CRC_Epi_CRC,tissue,Tumor,Adjacent,group1_higher,0.0,0.0
41434,9402,0.18325623729133136,-0.13065406851863673,0.17864145338535306,-0.18262854963541025,0.5944938417653591,0.6391686846828382,0.3139103058099681,0.3612700030207633,,0.20563570339492468,0.48810708276141346,43.53911497105312,43.53911497105312,0.0,260070674.5,50.82238697082835,0.0,0.5205763629151094,0.3351936896549286,GCST90200604,cancerType_celltype,CRC_Epi_CRC,tissue,Tumor,Adjacent,group1_higher,0.0,0.0
41434,9402,0.41166510369665094,0.011905041409317939,0.4465235620737076,-0.0406230594962835,0.6772534456731867,0.6803429049913816,0.399760062287333,0.4871466215699911,,0.2219498692554739,5.111708940727586,51.48001130819157,51.48001130819157,0.0,260043393.0,50.801150597235214,0.0,0.5897680918698767,0.33505362739410516,GCST90200043,cancerType_celltype,CRC_Epi_CRC,tissue,Tumor,Adjacent,group1_higher,0.0,0.0
41434,9402,0.40935217397825635,0.01786778376278934,0.4227945655584335,-0.01892603840678925,0.6570990633648233,0.6802301303261805,0.391484390215467,0.4417206039652227,,0.225121698051389,4.517832735597019,50.69476030931155,50.69476030931155,0.0,259977986.5,50.75023708920159,0.0,0.5918688058931555,0.33471783272509703,GCST90200936,cancerType_celltype,CRC_Epi_CRC,tissue,Tumor,Adjacent,group1_higher,0.0,0.0
41434,9402,0.3059162741050861,-0.06163097302601901,0.2913769632577896,-0.0997948497533798,0.6326606159807182,0.6053997252396534,0.3675472471311051,0.39117181301116943,,0.23882595601570367,2.3113906912708124,52.69952208158462,52.69952208158462,0.0,259972317.0,50.74582385605509,0.0,0.5855382469543112,0.334688725711636,GCST90200324,cancerType_celltype,CRC_Epi_CRC,tissue,Tumor,Adjacent,group1_higher,0.0,0.0
41434,9402,0.3035175307510478,-0.01872035813933211,0.31226401031017303,-0.03365155868232245,0.499415647753032,0.5878702338777468,0.3222378888903799,0.3459155689924955,,0.2510386805384812,4.0190275961734026,49.268841897961,49.268841897961,0.0,259950129.0,50.72855234762321,0.0,0.6233853248645552,0.33457481330054617,GCST90200525,cancerType_celltype,CRC_Epi_CRC,tissue,Tumor,Adjacent,group1_higher,0.0,0.0
41434,9402,0.42176502279472183,0.08955543107047087,0.4177602678537369,0.0362761262804269,0.5751189120958026,0.668332685905117,0.33220959172425096,0.38148414157330995,,0.24051010618127744,2.235573935860758,44.59663868128049,44.59663868128049,0.0,259857872.0,50.65673796356875,0.0,0.5597825129883481,0.3341011691095457,GCST90200482,cancerType_celltype,CRC_Epi_CRC,tissue,Tumor,Adjacent,group1_higher,0.0,0.0
41434,9402,0.23082738489901625,-0.16952364002611547,0.23507524281740186,-0.1873519271612167,0.629545404810257,0.7094036323168514,0.40035102492513175,0.42242716997861857,,0.21538921069657319,0.44532566158973014,50.40290332556542,50.40290332556542,0.0,259594161.5,50.45146132194596,0.0,0.6206419613667169,0.33274728868387804,GCST90200085,cancerType_celltype,CRC_Epi_CRC,tissue,Tumor,Adjacent,group1_higher,0.0,0.0
41434,9402,0.2783660393838804,-0.12339473293442547,0.26914577186107635,-0.15537322312593455,0.6709380065492536,0.6694082085626136,0.40176077231830587,0.4245189949870109,,0.23717199725570667,1.1736958895808003,52.51648786731307,52.51648786731307,0.0,259490406.0,50.370696314144254,0.0,0.5990569802613903,0.33221461159856913,GCST90199876,cancerType_celltype,CRC_Epi_CRC,tissue,Tumor,Adjacent,group1_higher,0.0,0.0
41434,9402,0.16800128999263184,-0.1280970350143419,0.18714394420385355,-0.17471954226493835,0.4632860714784226,0.5790576565815435,0.29609832500697375,0.3618634864687919,,0.262987752712041,0.39123255277655605,46.33124614558793,46.33124614558793,0.0,259414310.0,50.311461921426,0.0,0.6082846240745644,0.3318239374127798,GCST90200006,cancerType_celltype,CRC_Epi_CRC,tissue,Tumor,Adjacent,group1_higher,0.0,0.0
41434,9402,0.018770277468163066,-0.31801195274255384,0.006992804352194,-0.3803741931915283,0.6025638933635579,0.6170177204493008,0.3367822302107169,0.38736699754372234,,0.2798702704032689,-4.082486787637149,47.986815632713935,47.986815632713935,0.0,258990900.5,49.98187292064225,0.0,0.5564230243994894,0.3296501679417434,GCST90200911,cancerType_celltype,CRC_Epi_CRC,tissue,Tumor,Adjacent,group1_higher,0.0,0.0
41434,9402,-0.15447286911578836,-0.476185987050644,-0.1811614334583282,-0.5529725551605225,0.5789527503056158,0.7051424954222316,0.3217131179348557,0.37181112170219427,,0.23932339800024222,-1.6241653843648156,41.19966571136924,41.19966571136924,0.0,258990218.0,49.98134165128473,0.0,0.5323916712045211,0.32964666401076403,GCST90200423,cancerType_celltype,CRC_Epi_CRC,tissue,Tumor,Adjacent,group1_higher,0.0,0.0
41434,9402,0.12931912904437784,-0.14537619594696916,0.14492778480052945,-0.1666830331087112,0.4341781135501832,0.6014013908870606,0.27469532499134697,0.3116108179092406,,0.24004600446333166,-0.16885413181794237,41.88165637588118,41.88165637588118,0.0,258912570.5,49.92089954514786,0.0,0.5849396987096711,0.3292480244785798,GCST90200041,cancerType_celltype,CRC_Epi_CRC,tissue,Tumor,Adjacent,group1_higher,0.0,0.0
41434,9402,0.3964499483573488,-0.0027357631976061905,0.41905236244201655,0.00641089049167925,0.6233202437484925,0.7557635300247079,0.399185711554955,0.4126414719503373,,0.24874012498746934,7.178527957747699,47.66832976400246,47.66832976400246,0.0,258857681.0,49.87817264492829,0.0,0.6142724527054726,0.32896622371742446,GCST90200746,cancerType_celltype,CRC_Epi_CRC,tissue,Tumor,Adjacent,group1_higher,0.0,0.0
41434,9402,0.47320500218319816,-0.05493455809870395,0.46703942120075226,-0.0553484335541725,0.848225035659067,0.9391976594088298,0.5281395602819021,0.5223878547549248,,0.24714062853192137,3.106656204197771,50.08723351932496,50.08723351932496,0.0,258749111.0,49.79365995020819,0.0,0.6100230604099002,0.3284088291585625,GCST90200721,cancerType_celltype,CRC_Epi_CRC,tissue,Tumor,Adjacent,group1_higher,0.0,0.0
41434,9402,0.8977906803788016,0.23666269605284954,0.8622508347034454,0.14621345698833466,1.2004130958574253,1.118394183915572,0.6611279843259521,0.7160373777151108,,0.2069763763513399,1.9235423119708612,51.03537366955718,51.03537366955718,0.0,258684681.0,49.743506566024564,0.0,0.5575974261145348,0.32807804780618643,GCST90199625,cancerType_celltype,CRC_Epi_CRC,tissue,Tumor,Adjacent,group1_higher,0.0,0.0
41434,9402,0.020952887329399955,-0.24776965858367886,0.01921912655234335,-0.30408588051795954,0.4463309809099406,0.6136999660613177,0.2687225459130788,0.3233050070703029,,0.23551650997406545,-3.5637155310432482,40.118493603259864,40.118493603259864,0.0,258509313.5,49.60699758572312,0.0,0.5578785151737953,0.32717771723327305,GCST90199939,cancerType_celltype,CRC_Epi_CRC,tissue,Tumor,Adjacent,group1_higher,0.0,0.0
41434,9402,0.41736970629380826,0.10923724431034404,0.4423708170652389,0.08710669726133344,0.5239208051015077,0.5427092782244447,0.3081324619834642,0.3552641198039055,,0.2272555947465627,1.9338513143808893,50.01761767314238,50.01761767314238,0.0,258465505.5,49.572896709511475,0.0,0.5841972830560014,0.3269528085031026,GCST90199712,cancerType_celltype,CRC_Epi_CRC,tissue,Tumor,Adjacent,group1_higher,0.0,0.0
41434,9402,0.21813950668125415,-0.06465516226257324,0.21758130192756645,-0.1100297458469867,0.5244091017991912,0.5536800871161588,0.2827946689438274,0.32761104777455313,,0.18703615017410313,1.7543979076533591,45.1428638888877,45.1428638888877,0.0,258429418.5,49.544805988185466,0.0,0.5336310254149963,0.3267675391151901,GCST90200515,cancerType_celltype,CRC_Epi_CRC,tissue,Tumor,Adjacent,group1_higher,0.0,0.0
41434,9402,0.23005975459355338,-0.18082889623563306,0.20104644447565073,-0.22824596613645548,0.7128758359817953,0.745005234087088,0.41088865082918646,0.4292924106121062,,0.2325213265260385,0.34738168404563,48.66130072507441,48.66130072507441,0.0,258392265.0,49.51588508551177,0.0,0.5715312776237497,0.32657679435381337,GCST90200824,cancerType_celltype,CRC_Epi_CRC,tissue,Tumor,Adjacent,group1_higher,0.0,0.0
41434,9402,0.5831875623985053,0.2118062006016832,0.6335215866565704,0.2304303497076034,0.6072066318269248,0.7391398344861894,0.37138136179682213,0.40309123694896704,,0.22744604654280018,1.4612107894890234,45.36939244560898,45.36939244560898,0.0,258389386.5,49.51364441321047,0.0,0.5860714122020756,0.3265620162361227,GCST90200218,cancerType_celltype,CRC_Epi_CRC,tissue,Tumor,Adjacent,group1_higher,0.0,0.0
41434,9402,0.5474692525434237,0.24312270464717228,0.6099232137203217,0.2907307595014572,0.5318539033962115,0.6652614152870053,0.30434654789625143,0.31919245421886444,,0.18823039095985428,1.1710900127670367,41.45504421332341,41.45504421332341,0.0,258164244.0,49.33838974460017,0.0,0.5445157259763328,0.3254061425650481,GCST90200816,cancerType_celltype,CRC_Epi_CRC,tissue,Tumor,Adjacent,group1_higher,0.0,0.0
41434,9402,0.4673657885595445,0.08923536185213317,0.4499296694993973,0.0375881269574165,0.6257179979081993,0.707029517353858,0.37813042670741137,0.4123415425419808,,0.24583433256983764,2.388851617235505,47.78509758955205,47.78509758955205,0.0,257915779.0,49.144980453878695,0.0,0.5894173560587521,0.3241305319998127,GCST90200157,cancerType_celltype,CRC_Epi_CRC,tissue,Tumor,Adjacent,group1_higher,0.0,0.0
41434,9402,0.3459095101687422,0.06333713555835732,0.37711675465106964,0.06056751310825345,0.4984227880689857,0.5891709130035195,0.28257237461038487,0.31654924154281616,,0.19618706214661089,2.4492525438516677,43.13416414194521,43.13416414194521,0.0,257878733.5,49.11614362020223,0.0,0.547187577356104,0.3239403417066349,GCST90200753,cancerType_celltype,CRC_Epi_CRC,tissue,Tumor,Adjacent,group1_higher,0.0,0.0
41434,9402,0.2592057503394879,-0.044783515046257515,0.2823270708322525,-0.0490237493067979,0.5522440458426779,0.5936357438319589,0.3039892653857454,0.3313508201390504,,0.2198947135514275,2.533031400797836,45.39570141238052,45.39570141238052,0.0,257777697.0,49.03749512724757,0.0,0.5427125641037034,0.3234216238716303,GCST90200626,cancerType_celltype,CRC_Epi_CRC,tissue,Tumor,Adjacent,group1_higher,0.0,0.0
41434,9402,0.28662304054990817,0.005645112224516747,0.3108574151992798,-0.03284042887389655,0.49595399091099573,0.6273162572851171,0.2809779283253914,0.34369784407317633,,0.20878421302277353,5.66575800559748,40.64384188259009,40.64384188259009,0.0,257452259.0,48.78416877241363,0.0,0.5375084909537993,0.3217508366334716,GCST90200787,cancerType_celltype,CRC_Epi_CRC,tissue,Tumor,Adjacent,group1_higher,0.0,0.0
41434,9402,0.11188811869148012,-0.15078187252273476,0.1306219473481178,-0.19175302982330322,0.5046695966044912,0.5991080207153762,0.26266999121421486,0.32237497717142105,,0.19601861471798537,-0.4304028218370194,39.4544923608215,39.4544923608215,0.0,257390011.0,48.7357138933408,0.0,0.5018337287314841,0.32143125759229974,GCST90200779,cancerType_celltype,CRC_Epi_CRC,tissue,Tumor,Adjacent,group1_higher,0.0,0.0
41434,9402,0.1257389483162293,-0.13724823955188126,0.1335123106837272,-0.1752552613615989,0.47623796801924734,0.5228980689512254,0.2629871878681106,0.3087675720453261,,0.19998484819717668,-0.12635508057601103,44.73818189514322,44.73818189514322,0.0,257328733.5,48.688014467618125,0.0,0.5420121191821735,0.32111666106397085,GCST90199868,cancerType_celltype,CRC_Epi_CRC,tissue,Tumor,Adjacent,group1_higher,0.0,0.0
41434,9402,0.22302639284711703,-0.15706822900583572,0.17089196294546125,-0.20302981138229365,0.6960098110035619,0.6340172233196082,0.38009462185295273,0.37392177432775486,,0.2388811724826811,0.5058203429058079,51.51199059682769,51.51199059682769,0.0,257129069.5,48.53259268739712,0.0,0.5549084368647925,0.32009159311517665,GCST90200874,cancerType_celltype,CRC_Epi_CRC,tissue,Tumor,Adjacent,group1_higher,0.0,0.0
41434,9402,0.31833066330776427,0.004728106193128525,0.3341521918773651,-0.0212853113189339,0.5202040270122682,0.6583060074701269,0.31360255711463575,0.355437503196299,,0.20675315320176646,6.072819315385692,43.230156817306096,43.230156817306096,0.0,257110862.0,48.51841966640498,0.0,0.5718797613627886,0.3199981164509924,GCST90199952,cancerType_celltype,CRC_Epi_CRC,tissue,Tumor,Adjacent,group1_higher,0.0,0.0
41434,9402,0.3797127077321779,-0.19985648903102202,0.40359681844711304,-0.19968839734792704,1.0963122614951573,0.9624167141165116,0.5795691967632,0.6032852157950401,,0.19556709805839972,0.9259404472120044,51.32279481847169,51.32279481847169,0.0,257069978.0,48.486594880451804,0.0,0.5402344706223051,0.3197882194339112,GCST90200400,cancerType_celltype,CRC_Epi_CRC,tissue,Tumor,Adjacent,group1_higher,0.0,0.0
41434,9402,0.1433957678279502,-0.36176421229608197,0.10176185891032215,-0.4173164963722229,0.9390682987424167,0.8333910318957325,0.5051599801240322,0.5190783552825451,,0.24376548348368626,-1.3350411776632904,51.78614281727294,51.78614281727294,0.0,257020750.0,48.4482749860456,0.0,0.548824616534279,0.31953548461449843,GCST90200379,cancerType_celltype,CRC_Epi_CRC,tissue,Tumor,Adjacent,group1_higher,0.0,0.0
41434,9402,0.04951146283592297,-0.21718515358168175,0.02415530569851395,-0.25663791596889496,0.5162410439038368,0.6597168086873207,0.2666966164176047,0.2807932216674089,,0.18796654817960012,-2.1330685105888882,36.72975807208811,36.72975807208811,3.740995075096514e-280,257006640.5,48.43729191644854,0.0,0.488790455440192,0.31946304693808436,GCST90200262,cancerType_celltype,CRC_Epi_CRC,tissue,Tumor,Adjacent,group1_higher,1.4485728089081103e-279,0.0
41434,9402,0.23659039570136717,-0.035982735381079406,0.2394747957587242,-0.08136380463838574,0.5120695159514604,0.5563825278804149,0.2725731310824466,0.32083860039711,,0.22283027061668853,2.7169807450276036,43.505427563967935,43.505427563967935,0.0,256900404.5,48.35459604616867,0.0,0.5236263333077968,0.31891763505307713,GCST90199972,cancerType_celltype,CRC_Epi_CRC,tissue,Tumor,Adjacent,group1_higher,0.0,0.0
41434,9402,0.529703637668152,0.213379684264649,0.5581139624118805,0.21625280380249018,0.5499141473935629,0.5833668324353518,0.31632395340350294,0.3418611586093903,,0.22204332033184118,1.3117585539387075,47.96383137588877,47.96383137588877,0.0,256780962.5,48.261620405726944,0.0,0.5686698476286894,0.31830442402885684,GCST90199643,cancerType_celltype,CRC_Epi_CRC,tissue,Tumor,Adjacent,group1_higher,0.0,0.0
41434,9402,0.34608067655617547,0.08276634411705727,0.35614025592803955,0.036912769079208346,0.49181389349002097,0.5641425655374258,0.26331433243911817,0.3192274868488312,,0.17878052673692604,2.0639789901181613,41.797164449078245,41.797164449078245,0.0,256652759.0,48.161824667884545,0.0,0.5204150443971163,0.31764623177199924,GCST90200433,cancerType_celltype,CRC_Epi_CRC,tissue,Tumor,Adjacent,group1_higher,0.0,0.0
41434,9402,0.09197533648835297,-0.23451866814812955,0.0717857889831066,-0.2908973842859268,0.5666124609005209,0.6355052258227849,0.32649400463648254,0.36268317326903343,,0.23273836404266074,-1.3503742804403729,45.851611056429604,45.851611056429604,0.0,256480818.5,48.02798332141202,0.0,0.5629495613087634,0.31676349529647196,GCST90200969,cancerType_celltype,CRC_Epi_CRC,tissue,Tumor,Adjacent,group1_higher,0.0,0.0
41434,9402,0.17092599960541716,-0.2071259160108558,0.1709733977913856,-0.21837490051984781,0.6308679752839339,0.793823496761348,0.37805191561627294,0.3893482983112334,,0.2494368079957339,-0.2771347401174126,43.187157036620086,43.187157036620086,0.0,256170211.0,47.78620127457335,0.0,0.5693338431827196,0.3151688473233516,GCST90200713,cancerType_celltype,CRC_Epi_CRC,tissue,Tumor,Adjacent,group1_higher,0.0,0.0
41434,9402,0.09531834023886773,-0.14988031095905593,0.10526220872998235,-0.1890272498130798,0.46381106355432855,0.5678537063703541,0.24519865119792367,0.29428945854306215,,0.19501792443563612,-0.6529796306446749,39.019537846991796,39.019537846991796,0.0,256131072.0,47.75573482565883,0.0,0.5058372748225498,0.3149679090748547,GCST90199827,cancerType_celltype,CRC_Epi_CRC,tissue,Tumor,Adjacent,group1_higher,0.0,0.0
41434,9402,0.08608532087199645,-0.22542631563574125,0.06963892653584475,-0.2602851837873459,0.49590493309147393,0.7081520344240827,0.3115116365077377,0.32992411032319063,,0.25087483133898014,-1.3888064248413698,40.46193393051876,40.46193393051876,0.0,256093474.5,47.7264683059965,0.0,0.5753136069479577,0.3147748848331047,GCST90200008,cancerType_celltype,CRC_Epi_CRC,tissue,Tumor,Adjacent,group1_higher,0.0,0.0
41434,9402,0.15895522178100144,-0.1441327301668765,0.14336991310119626,-0.19847109913825983,0.5392582979932818,0.6207711447960468,0.30308795194787796,0.34184101223945607,,0.2333716964303602,0.14122149236264653,43.74467014041303,43.74467014041303,0.0,256022625.5,47.67131826539389,0.0,0.5458727619418192,0.3144111485606462,GCST90200067,cancerType_celltype,CRC_Epi_CRC,tissue,Tumor,Adjacent,group1_higher,0.0,0.0
41434,9402,0.33109451138262763,-0.17874948774332672,0.30096639692783356,-0.2025315314531326,0.9216521147060996,0.8812790134228525,0.5098439991259544,0.5034979283809662,,0.24084633606450137,0.8893002739722214,50.21055480968475,50.21055480968475,0.0,255995506.5,47.650208384504936,0.0,0.5576209186516438,0.3142719205691038,GCST90200922,cancerType_celltype,CRC_Epi_CRC,tissue,Tumor,Adjacent,group1_higher,0.0,0.0
41434,9402,0.09185698483643347,-0.16846855585591639,0.0942414738237857,-0.206586018204689,0.508017595877188,0.6418511689421945,0.26032554069234987,0.3008274920284747,,0.19086603283317338,-0.8750108660083695,36.79854613369745,36.79854613369745,3.2135167919520936e-281,255976095.5,47.63509853908528,0.0,0.4863207678964646,0.3141722651782768,GCST90200656,cancerType_celltype,CRC_Epi_CRC,tissue,Tumor,Adjacent,group1_higher,1.255021027917107e-280,0.0
41434,9402,0.5655719442948899,0.132472045236554,0.56883704662323,0.07852822169661515,0.7596275019476664,0.8248611441077823,0.4330998990583359,0.4903088249266148,,0.23766791125505965,2.094014267368745,46.6228126649047,46.6228126649047,0.0,255719515.0,47.43537200811327,0.0,0.560932487895071,0.3128549899216677,GCST90199664,cancerType_celltype,CRC_Epi_CRC,tissue,Tumor,Adjacent,group1_higher,0.0,0.0
41434,9402,0.2482892240734191,-0.06192282979038914,0.2752187252044678,-0.0917349904775619,0.5197389265491416,0.6607142320284192,0.31021205386380823,0.36695371568202967,,0.23545933954804968,2.003460854008488,42.63086043720622,42.63086043720622,0.0,255692487.5,47.414333352346965,0.0,0.5655152505263079,0.31271623168790486,GCST90200033,cancerType_celltype,CRC_Epi_CRC,tissue,Tumor,Adjacent,group1_higher,0.0,0.0
41434,9402,0.18933224028599324,-0.13797441143664088,0.1770669817924499,-0.18486664444208145,0.5868843649405531,0.7167810350089815,0.3273066517226341,0.36193362623453135,,0.2397606151393381,0.45651653241064016,41.250478228643324,41.250478228643324,0.0,255645905.5,47.37807314837301,0.0,0.5339554584758399,0.3124770813393656,GCST90200334,cancerType_celltype,CRC_Epi_CRC,tissue,Tumor,Adjacent,group1_higher,0.0,0.0
41434,9402,0.43438331133384755,-0.013018696254657992,0.4328812062740326,-0.082805261015892,0.8569233568400951,0.8356439198285732,0.44740200758850557,0.5156864672899246,,0.19484528492793018,5.060204301844173,46.64637978636691,46.64637978636691,0.0,255300722.0,47.10937656775298,0.0,0.5244868670762123,0.31070492139915284,GCST90199769,cancerType_celltype,CRC_Epi_CRC,tissue,Tumor,Adjacent,group1_higher,0.0,0.0
41434,9402,0.21443825501871044,-0.07528500986294225,0.2242597490549087,-0.10630050674080846,0.48769660294611644,0.6196144613955525,0.2897232648816527,0.33056025579571713,,0.19949608245616193,1.5101153242492116,42.45308994744038,42.45308994744038,0.0,255125167.5,46.97272202353966,0.0,0.5629545757588914,0.30980363077482087,GCST90200937,cancerType_celltype,CRC_Epi_CRC,tissue,Tumor,Adjacent,group1_higher,0.0,0.0
41434,9402,0.11949541228213315,-0.1295995624321286,0.13545593619346613,-0.188232772052288,0.46891529758259654,0.6027322150350594,0.24909497471426176,0.32368870824575413,,0.21299424958116933,-0.11710467525821294,37.575532670513226,37.575532670513226,2.2519609113870914e-292,255049845.0,46.91408973609327,0.0,0.5018139684053756,0.3094169277108081,GCST90200315,cancerType_celltype,CRC_Epi_CRC,tissue,Tumor,Adjacent,group1_higher,9.245249163315077e-292,0.0
41434,9402,0.05311061888346708,-0.13914461949266171,0.0683793500065803,-0.16432495415210718,0.36824806451175107,0.5115652246310959,0.1922552383761288,0.23270430415868748,,0.1788317648154752,-1.389496081556414,34.470494617705356,34.470494617705356,4.362445306782982e-248,254940895.0,46.82928124304956,0.0,0.48226007269532983,0.30885758224532034,GCST90199880,cancerType_celltype,CRC_Epi_CRC,tissue,Tumor,Adjacent,group1_higher,1.4939731038053274e-247,0.0
41434,9402,0.23087911079096046,-0.07284390944958616,0.2371769696474075,-0.10288082063198084,0.6132588184599451,0.686863082972521,0.30372302024054665,0.3400577902793883,,0.19572001375341064,1.6642438347771886,39.456016467823595,39.456016467823595,0.0,254914288.0,46.808569911480824,0.0,0.4840038970573666,0.30872098284375804,GCST90200576,cancerType_celltype,CRC_Epi_CRC,tissue,Tumor,Adjacent,group1_higher,0.0,0.0
41434,9402,-0.053205574540648025,-0.26324592754877335,-0.06829161942005155,-0.31675004959106445,0.4247295256931902,0.5277263344990787,0.21004035300812532,0.2484584301710129,,0.212618478134883,-2.306740262755516,36.0350701446365,36.0350701446365,1.997328726949559e-270,254599164.5,46.563272535091116,0.0,0.4713914252387304,0.30710314988557874,GCST90199867,cancerType_celltype,CRC_Epi_CRC,tissue,Tumor,Adjacent,group1_higher,7.479008392396288e-270,0.0
41434,9402,0.3660990821582891,0.06464202984382487,0.3860837519168854,0.048203082755207946,0.5704230750010566,0.7301667147049523,0.30145705231446424,0.3378806691616774,,0.1687131444757268,2.501671372942715,37.51882505635821,37.51882505635821,1.41774686199888e-291,254379585.5,46.39234858746336,0.0,0.49979421841549704,0.3059758390276961,GCST90199955,cancerType_celltype,CRC_Epi_CRC,tissue,Tumor,Adjacent,group1_higher,5.75115765745379e-291,0.0
41434,9402,-0.07627238575708567,-0.32309628705535043,-0.10978978499770159,-0.389968991279602,0.5112236615720136,0.5487482947726394,0.24682390129826476,0.2801792062819004,,0.21164406157696927,-2.0827169896303617,39.86461300099263,39.86461300099263,0.0,254305647.0,46.3347936286482,0.0,0.47615569166567995,0.3055962413709732,GCST90200989,cancerType_celltype,CRC_Epi_CRC,tissue,Tumor,Adjacent,group1_higher,0.0,0.0
41434,9402,0.08108889298417744,-0.16817989457777285,0.0776247717440128,-0.2276905328035354,0.4920561009404101,0.6031706986759909,0.2492687875619503,0.3053153045475482,,0.20773053489522852,-1.052419810365443,37.350620191642484,37.350620191642484,1.9504450137530582e-289,254256780.5,46.29675513185774,0.0,0.4845654435382028,0.30534536247983723,GCST90199975,cancerType_celltype,CRC_Epi_CRC,tissue,Tumor,Adjacent,group1_higher,7.842054730812444e-289,0.0
41434,9402,0.40329476744587195,0.06482610749011716,0.4155188053846359,0.049614138901233645,0.6597196954588352,0.7235721110550161,0.3384686599557548,0.36590466648340225,,0.19891357504463292,2.637169156765653,41.602822614002235,41.602822614002235,0.0,253936699.0,46.04759836576165,0.0,0.5036843272971672,0.3037020753241557,GCST90199997,cancerType_celltype,CRC_Epi_CRC,tissue,Tumor,Adjacent,group1_higher,0.0,0.0
41434,9402,0.11912642570148382,-0.09462103197746875,0.1441323235630989,-0.10241898521780965,0.36913554231353685,0.49838126174889646,0.2137474576789526,0.24655130878090856,,0.1887591643352254,0.33225754323672685,39.21686176930028,39.21686176930028,0.0,253693639.0,45.858396416985116,0.0,0.5394559036968869,0.30245421383869053,GCST90199627,cancerType_celltype,CRC_Epi_CRC,tissue,Tumor,Adjacent,group1_higher,0.0,0.0
41434,9402,0.14810039645803197,-0.1358634464467418,0.13718032091856,-0.20709697157144547,0.597591920675677,0.6738561929141549,0.2839638429047738,0.3442772924900055,,0.19643113891997221,0.124417268690526,37.63992174785954,37.63992174785954,2.4119304945466705e-294,253591221.0,45.77867254144083,0.0,0.4636809990284126,0.3019284034313079,GCST90199776,cancerType_celltype,CRC_Epi_CRC,tissue,Tumor,Adjacent,group1_higher,9.992283477407635e-294,0.0
41434,9402,0.24843362301961655,0.0257697287391938,0.2698828876018524,0.0026264964835717997,0.4307486571420043,0.5256616550223543,0.22266389428042274,0.2672563911182806,,0.21376326083146077,3.269061009237603,38.261122552282444,38.261122552282444,6.934037966138217e-303,253585626.0,45.77431730033408,0.0,0.49501397698066113,0.3018996788982249,GCST90200920,cancerType_celltype,CRC_Epi_CRC,tissue,Tumor,Adjacent,group1_higher,2.935122281939873e-302,0.0
41434,9402,0.20460941126801982,-0.10054255029158667,0.2236301377415657,-0.08758041262626645,0.5151975058185329,0.6201480764912809,0.3051519615596065,0.3112105503678322,,0.2128774868801901,1.025059018116558,44.3646823744914,44.3646823744914,0.0,253543903.5,45.74183981202737,0.0,0.5691465180516537,0.3016854770516548,GCST90201014,cancerType_celltype,CRC_Epi_CRC,tissue,Tumor,Adjacent,group1_higher,0.0,0.0
41434,9402,0.37451514894102017,-0.01419337063975234,0.39432303607463837,-0.06586726009845725,0.7276261580960673,0.7753862148315545,0.3887085195807725,0.4601902961730956,,0.20387269457551566,4.721637139943725,44.37697061144798,44.37697061144798,0.0,253459305.0,45.675986931818485,0.0,0.5276404257335446,0.30125115133011215,GCST90200063,cancerType_celltype,CRC_Epi_CRC,tissue,Tumor,Adjacent,group1_higher,0.0,0.0
41434,9402,-0.22618917474343472,-0.4842744228613039,-0.2683691680431366,-0.6003202199935913,0.5922855541653486,0.70543036156525,0.25808524811786915,0.3319510519504547,,0.16751881635018367,-1.0982915246923295,32.93800101228118,32.93800101228118,2.6842399342058025e-228,253422762.0,45.64754125250416,0.0,0.41980001489796603,0.3010635408542488,GCST90200803,cancerType_celltype,CRC_Epi_CRC,tissue,Tumor,Adjacent,group1_higher,8.608515365464728e-228,0.0
41434,9402,0.6261708202398575,0.01696443912868054,0.598285973072052,-0.0218967273831367,1.2104418743216723,1.0551679862422685,0.609206381111177,0.6201827004551888,,0.186725725887114,5.205887906027931,49.126199051251966,49.126199051251966,0.0,253362342.5,45.600509708259516,0.0,0.5148529295137415,0.30075334926772257,GCST90199621,cancerType_celltype,CRC_Epi_CRC,tissue,Tumor,Adjacent,group1_higher,0.0,0.0
41434,9402,0.28978202227403094,0.03627933673137837,0.32510074973106384,0.042102506384253446,0.42163973683447786,0.5529234230130103,0.25350268554265254,0.2829982433468104,,0.18168919539553685,2.9977133219270478,41.78435140906154,41.78435140906154,0.0,253350229.0,45.591080358278006,0.0,0.5648174699768421,0.30069115898505916,GCST90200426,cancerType_celltype,CRC_Epi_CRC,tissue,Tumor,Adjacent,group1_higher,0.0,0.0
41434,9402,0.08374493548457794,-0.15861221950339635,0.09249537065625191,-0.1437907665967941,0.4159036557331166,0.5369654541741321,0.24235715498797428,0.236286137253046,,0.21597817198447333,-0.9214219387441254,41.05872602538445,41.05872602538445,0.0,252686369.0,45.07432068694258,0.0,0.5498055299338734,0.29728292510971555,GCST90200166,cancerType_celltype,CRC_Epi_CRC,tissue,Tumor,Adjacent,group1_higher,0.0,0.0
41434,9402,0.26212926862921665,0.013703366448744212,0.25675874948501587,-0.025768239982426097,0.5151268664465527,0.540580356434034,0.24842590218047245,0.282526989467442,,0.20250052140989175,4.257576414547212,40.57552967204411,40.57552967204411,0.0,252678582.5,45.06825954576695,0.0,0.4778082428562725,0.29724294949276264,GCST90200434,cancerType_celltype,CRC_Epi_CRC,tissue,Tumor,Adjacent,group1_higher,0.0,0.0
41434,9402,0.005450665516873024,-0.1596535223956323,0.00355423695873465,-0.23618680983781815,0.4206743408902885,0.5368148182054562,0.1651041879125053,0.2397410467965528,,0.1646327013406416,-4.87211255992407,27.9392775198943,27.9392775198943,1.5325581744713663e-166,252476431.5,44.910901843359625,0.0,0.37148306815445126,0.29620511337349886,GCST90199981,cancerType_celltype,CRC_Epi_CRC,tissue,Tumor,Adjacent,group1_higher,3.846918585275271e-166,0.0
41434,9402,0.33908424459035824,-0.15145099935347786,0.28772471845149994,-0.19773924350738525,0.9591419868148328,0.8815987962435672,0.4905352439438361,0.4854639619588852,,0.22872653269705528,1.1627873827486181,47.901486079733694,47.901486079733694,0.0,252405943.5,44.85603281116444,0.0,0.5189305814688758,0.29584323046233507,GCST90200962,cancerType_celltype,CRC_Epi_CRC,tissue,Tumor,Adjacent,group1_higher,0.0,0.0
41434,9402,0.041221838458267976,-0.1788736557059376,0.04568803869187825,-0.2220233604311943,0.4369261041221475,0.5644504411768922,0.2200954941642056,0.26771139912307257,,0.1814602888384519,-2.117433237819132,35.47422747128931,35.47422747128931,2.668421452539858e-262,251982551.0,44.526457043463594,0.0,0.47520020168963656,0.2936695482687002,GCST90200198,cancerType_celltype,CRC_Epi_CRC,tissue,Tumor,Adjacent,group1_higher,9.571206420557438e-262,0.0
41434,9402,0.626435580618894,0.270321691473717,0.6347697973251343,0.2514666318893432,0.7011752016134527,0.7663110633256293,0.35611388914517705,0.38330316543579107,,0.20532478196913073,1.2124858410210502,41.30705531797624,41.30705531797624,0.0,251839077.0,44.41477449430386,0.0,0.49899005640307387,0.2929329578022901,GCST90199850,cancerType_celltype,CRC_Epi_CRC,tissue,Tumor,Adjacent,group1_higher,0.0,0.0
41434,9402,0.009469006795375183,-0.26881374339170655,-0.011115807574242301,-0.33398886024951935,0.5730810715306222,0.6496269688319397,0.2782827501870817,0.32287305267527705,,0.2129500706784359,-4.827102995071013,38.29302620422188,38.29302620422188,5.3941848775832016e-304,251630660.5,44.25253962243196,0.0,0.4732791447771234,0.29186295482654145,GCST90200201,cancerType_celltype,CRC_Epi_CRC,tissue,Tumor,Adjacent,group1_higher,2.297585621295595e-303,0.0
41434,9402,0.31188650899568715,-0.02850164404884429,0.24850978702306745,-0.0790866389870643,0.7037771261240345,0.63643590868156,0.34038815304453146,0.3275964260101317,,0.2439801881036834,3.4518581120935066,45.88319257299684,45.88319257299684,0.0,251362839.0,44.04406290999777,0.0,0.492020108345892,0.2904879686715611,GCST90200234,cancerType_celltype,CRC_Epi_CRC,tissue,Tumor,Adjacent,group1_higher,0.0,0.0
41434,9402,0.08676260156562424,-0.12280526490380349,0.08148747682571406,-0.18070480972528455,0.43656584732054066,0.585186025209951,0.2095678664694277,0.2621922865509986,,0.16419798186049875,-0.5012223152152603,32.720159816845666,32.720159816845666,6.448303008298576e-225,251044113.0,43.795961287658635,0.0,0.4481541294560013,0.28885164060517243,GCST90200028,cancerType_celltype,CRC_Epi_CRC,tissue,Tumor,Adjacent,group1_higher,2.0298006929124618e-224,0.0
41434,9402,0.3099781205149643,0.055002878638275986,0.3466506451368332,0.058966390788555104,0.46752312456128337,0.5809480796537982,0.25497524187668835,0.2876842543482781,,0.20474642458841572,2.4945657821107767,39.737171317857594,39.737171317857594,0.0,251002523.0,43.763586939556866,0.0,0.5198481133783843,0.2886381190089391,GCST90200292,cancerType_celltype,CRC_Epi_CRC,tissue,Tumor,Adjacent,group1_higher,0.0,0.0
41434,9402,0.3893397591232132,0.10300546759289263,0.4321149587631225,0.1254229247570037,0.48636068629700085,0.5996548372053705,0.2863342915303206,0.3066920340061188,,0.2061899171519022,1.9182984602666633,43.18876431932477,43.18876431932477,0.0,250972845.0,43.740485090483425,0.0,0.5623041134858126,0.28848575320146086,GCST90200088,cancerType_celltype,CRC_Epi_CRC,tissue,Tumor,Adjacent,group1_higher,0.0,0.0
41434,9402,0.045330123888350095,-0.15818919104715978,0.0292360829189419,-0.22403261065483088,0.46919942470574394,0.5843614104821219,0.20351931493550987,0.2532686935737728,,0.15445474769819226,-1.803086309582658,31.541833492972522,31.541833492972522,4.7834949521719944e-210,250906518.5,43.68885543914003,0.0,0.41321156949960713,0.2881452352848324,GCST90200956,cancerType_celltype,CRC_Epi_CRC,tissue,Tumor,Adjacent,group1_higher,1.417370352132702e-209,0.0
41434,9402,0.4129403340897595,0.1371148481487096,0.4342838227748871,0.09237230941653245,0.5221535493187718,0.6678037825930946,0.2758254859410499,0.3419115133583546,,0.2058341929702163,1.5905415042486353,37.53062216684277,37.53062216684277,9.397319267452824e-292,250875624.5,43.66480703543106,0.0,0.499689705045494,0.2879866265761515,GCST90200019,cancerType_celltype,CRC_Epi_CRC,tissue,Tumor,Adjacent,group1_higher,3.823446615384537e-291,0.0
41434,9402,0.6346227313040733,0.313207926645607,0.6744699478149414,0.31530988216400146,0.6322610794934356,0.6815914068191707,0.32141480465846634,0.35916006565093994,,0.1725857862872653,1.0187761399172508,41.823572520461795,41.823572520461795,0.0,250847801.0,43.64314876001847,0.0,0.5009036769620843,0.2878437817064041,GCST90200743,cancerType_celltype,CRC_Epi_CRC,tissue,Tumor,Adjacent,group1_higher,0.0,0.0
41434,9402,0.3406374857809375,0.0777212499950974,0.3537709414958954,0.043025709688663455,0.46511365136268634,0.5904978661643724,0.2629162357858401,0.3107452318072319,,0.2157544668765065,2.131841870321466,40.42108852440752,40.42108852440752,0.0,250416951.5,43.30776833942522,0.0,0.5357741769635189,0.2856318155372195,GCST90200010,cancerType_celltype,CRC_Epi_CRC,tissue,Tumor,Adjacent,group1_higher,0.0,0.0
41434,9402,0.9395586358480125,0.4726006178822099,1.006393849849701,0.46615029871463776,0.8368896302739735,0.9818999054287293,0.46695801796580255,0.5402435511350632,,0.21774348948671687,0.9913601672988737,42.725525412876955,42.725525412876955,0.0,250368227.5,43.269840767006116,0.0,0.5394989974666009,0.28538166823606836,GCST90200773,cancerType_celltype,CRC_Epi_CRC,tissue,Tumor,Adjacent,group1_higher,0.0,0.0
41434,9402,0.3551822541793672,0.09802469368796876,0.39611048996448517,0.09109910950064655,0.476116997885265,0.606538279503013,0.2571575604913985,0.30501138046383863,,0.1944669581136195,1.8573317133088756,38.5063860447297,38.5063860447297,3.4312207093621084e-306,250334050.5,43.243236821464535,0.0,0.5114584248378193,0.28520620472093317,GCST90200926,cancerType_celltype,CRC_Epi_CRC,tissue,Tumor,Adjacent,group1_higher,1.4799853882470105e-305,0.0
41434,9402,0.3960657831326116,0.07641881477370346,0.40736690163612366,0.03059543482959265,0.6533880178774446,0.6767167309709881,0.31964696835890816,0.376771466806531,,0.17345867281326308,2.373725046040578,41.610695409992225,41.610695409992225,0.0,250156737.5,43.105213431587906,0.0,0.4859594587340462,0.28429588601949196,GCST90199983,cancerType_celltype,CRC_Epi_CRC,tissue,Tumor,Adjacent,group1_higher,0.0,0.0
41434,9402,-0.22209545562254576,-0.5819724799187841,-0.24379673600196836,-0.6594568490982056,0.7604940874418241,0.8326414067581167,0.35987702429623836,0.4156601130962372,,0.1802892745028042,-1.3897670426471858,38.42920940797066,38.42920940797066,2.3559870499127676e-306,249920482.5,42.9213086080538,0.0,0.4647511607241522,0.2830829611645236,GCST90200431,cancerType_celltype,CRC_Epi_CRC,tissue,Tumor,Adjacent,group1_higher,1.0226784551054467e-305,0.0
41434,9402,0.17173811840211808,-0.04438872363057175,0.17498002201318735,-0.0453508831560611,0.3905122225806347,0.4884031847135381,0.21612684203268984,0.22033090516924847,,0.21419208299190845,1.9519210594231635,40.098160369527065,40.098160369527065,0.0,249797468.0,42.82555207416188,0.0,0.5266513213781114,0.28245140905103816,GCST90200522,cancerType_celltype,CRC_Epi_CRC,tissue,Tumor,Adjacent,group1_higher,0.0,0.0
41434,9402,0.17669672082093463,-0.08711331216247331,0.18550738692283625,-0.1297317892313003,0.5169591462421117,0.6762399814389614,0.26381003298340794,0.31523917615413655,,0.18173598894357737,1.0203017647552686,35.54352664248774,35.54352664248774,3.387179502850592e-263,249723572.5,42.76803058726228,0.0,0.4797383465536092,0.28207203215480203,GCST90200886,cancerType_celltype,CRC_Epi_CRC,tissue,Tumor,Adjacent,group1_higher,1.2311268433027618e-262,0.0
41434,9402,0.4063864766985025,0.1501634566423115,0.41345493495464325,0.13235771656036374,0.5403428579518177,0.5910741611483299,0.25622302005619096,0.2810972183942795,,0.16748351157913755,1.4363125716621603,38.53713695989114,38.53713695989114,5.505807415996484e-308,249569431.0,42.64804427858402,0.0,0.46579431608629046,0.28128067511883614,GCST90200405,cancerType_celltype,CRC_Epi_CRC,tissue,Tumor,Adjacent,group1_higher,2.397576839617638e-307,0.0
41434,9402,0.27383363478839917,0.0325944623412677,0.2743411958217621,0.00939439516514535,0.502339046974645,0.6095837001373429,0.24123917244713147,0.26494680065661674,,0.1833868890120101,3.070561887168937,35.719361987004916,35.719361987004916,4.058105509077298e-266,249241377.5,42.39268197502538,0.0,0.46052970255340453,0.27959645999573035,GCST90200037,cancerType_celltype,CRC_Epi_CRC,tissue,Tumor,Adjacent,group1_higher,1.490888897270177e-265,0.0
41434,9402,0.4405778231116558,0.12039154937621921,0.4589766263961792,0.0807255767285823,0.6759040421714311,0.6865717335092044,0.32018627373543657,0.37825104966759693,,0.1796430301011047,1.8716540399288455,40.9412894894226,40.9412894894226,0.0,249233991.5,42.3869325897145,0.0,0.472328102187404,0.27955854053168183,GCST90200424,cancerType_celltype,CRC_Epi_CRC,tissue,Tumor,Adjacent,group1_higher,0.0,0.0
41434,9402,0.26373483692875305,-0.04267080553098766,0.24020501226186747,-0.08421802520751945,0.6542194865878654,0.651727273399574,0.3064056424597407,0.32442303746938694,,0.1817524049511929,2.627738560369332,41.126922319245296,41.126922319245296,0.0,249098617.0,42.28155482613905,0.0,0.46868264873580673,0.2788635326132085,GCST90201013,cancerType_celltype,CRC_Epi_CRC,tissue,Tumor,Adjacent,group1_higher,0.0,0.0
41434,9402,-0.006236592682385189,-0.28657240722196137,-0.0608556196093559,-0.3453474193811416,0.6150367615560798,0.5881926595140936,0.2803358145395762,0.28449179977178574,,0.2317878214613992,-5.5217715825480855,41.36608873260431,41.36608873260431,0.0,249077946.0,42.26546417575165,0.0,0.45944537768875965,0.2787574084267277,GCST90200364,cancerType_celltype,CRC_Epi_CRC,tissue,Tumor,Adjacent,group1_higher,0.0,0.0
41434,9402,0.08191960209627172,-0.2337397956269865,0.06652513518929479,-0.2756103128194809,0.6227167743927783,0.7524350687927283,0.31565939772325824,0.3421354480087757,,0.22127714969678175,-1.5126113309405382,37.84337907927632,37.84337907927632,8.899577433259856e-297,249076528.5,42.26436077016295,0.0,0.48662983120599407,0.2787501310316167,GCST90199678,cancerType_celltype,CRC_Epi_CRC,tissue,Tumor,Adjacent,group1_higher,3.720896945255578e-296,0.0
41434,9402,0.16505557980918503,-0.07670910006544898,0.15871806442737574,-0.1124818436801433,0.526338316660749,0.6049660002617284,0.24176467987463401,0.27119990810751904,,0.17530593722518442,1.105472202890569,35.79744141230032,35.79744141230032,1.401559865748481e-267,248941879.0,42.15954735865227,0.0,0.44627427685761833,0.2780588452376269,GCST90200196,cancerType_celltype,CRC_Epi_CRC,tissue,Tumor,Adjacent,group1_higher,5.177035493266069e-267,0.0
41434,9402,0.11728412401969464,-0.07824988274962305,0.12924235314130778,-0.12126969918608665,0.4087452473318356,0.5320511255419115,0.1955340067693177,0.25051205232739443,,0.1918799493423345,0.5838411069302119,33.464694622071406,33.464694622071406,7.4311926676658e-235,248853004.0,42.090365579677886,0.0,0.4503357350621998,0.2776025641155966,GCST90200916,cancerType_celltype,CRC_Epi_CRC,tissue,Tumor,Adjacent,group1_higher,2.4584261179680788e-234,0.0
41434,9402,0.4628594769127053,0.08583493918655395,0.438726082444191,0.0411137249320745,0.7843872025907488,0.7661975226562902,0.37702453772615135,0.3976123575121165,,0.2330855038063268,2.430923647587453,42.88552929760775,42.88552929760775,0.0,248765527.5,42.02227241637602,0.0,0.4827117596094018,0.27715346284334563,GCST90199961,cancerType_celltype,CRC_Epi_CRC,tissue,Tumor,Adjacent,group1_higher,0.0,0.0
41434,9402,0.13686855554024777,-0.0578656184905732,0.12567034363746638,-0.1382527872920036,0.44980849878656737,0.5665816862907446,0.19473417403082097,0.26392313092946995,,0.17560085397540112,1.24199833170738,31.171883560915255,31.171883560915255,2.460373874365863e-205,248578968.0,41.87705139702781,0.0,0.41119676188949933,0.2761956729363364,GCST90200929,cancerType_celltype,CRC_Epi_CRC,tissue,Tumor,Adjacent,group1_higher,7.119935436859174e-205,0.0
41434,9402,0.06391762944542602,-0.18155476420255837,0.06390167027711866,-0.22052534669637675,0.4635595698881704,0.6071422968906117,0.2454723936479844,0.2844270169734954,,0.19546998345554742,-1.5061043557119471,36.842187893007775,36.842187893007775,1.3146893202726626e-281,248571250.5,41.87104396660042,0.0,0.4976399167900279,0.2761560515629551,GCST90201011,cancerType_celltype,CRC_Epi_CRC,tissue,Tumor,Adjacent,group1_higher,5.1640390303505446e-281,0.0
41434,9402,0.2523680798942068,-0.03752412404369552,0.2314454913139343,-0.06557232514023781,0.5825505621951771,0.645121979683055,0.2898922039379023,0.29701781645417213,,0.19519287827726584,2.7496064170669348,40.02577711224736,40.02577711224736,0.0,248551624.0,41.85576637239461,0.0,0.48752623421351926,0.27605528980271266,GCST90200949,cancerType_celltype,CRC_Epi_CRC,tissue,Tumor,Adjacent,group1_higher,0.0,0.0
41434,9402,0.3430851193990444,0.07436840383117369,0.33598084747791285,0.0133701059967279,0.6326338550545464,0.7240567613278425,0.2687167155678707,0.32261074148118496,,0.1793089762731422,2.2057896462228372,33.22313565102854,33.22313565102854,2.844770611806285e-232,248275229.0,41.64061590488828,0.0,0.41308605294353606,0.274636287600478,GCST90199862,cancerType_celltype,CRC_Epi_CRC,tissue,Tumor,Adjacent,group1_higher,9.298374925400398e-232,0.0
41434,9402,-0.10892363046040619,-0.42966511684771913,-0.19261348992586136,-0.5562445819377899,0.7770167319544283,0.7916426714129805,0.3207414863873129,0.36363109201192856,,0.19067220147039515,-1.9798857929841973,35.5880409078991,35.5880409078991,1.7344471153618934e-265,248267976.0,41.63497004899065,0.0,0.4113429557848091,0.27459905095374837,GCST90199883,cancerType_celltype,CRC_Epi_CRC,tissue,Tumor,Adjacent,group1_higher,6.337939459083809e-265,0.0
41434,9402,0.0026865286223542264,-0.26466330117277137,0.013722269330173651,-0.26773378252983093,0.47556134035990744,0.6727375658193709,0.2673498297951256,0.2814560518600046,,0.20471371160339627,-6.621739682503682,36.51910878261123,36.51910878261123,1.6321973615854985e-276,248182370.0,41.5683329140159,0.0,0.5164012650838763,0.274159552762665,GCST90199636,cancerType_celltype,CRC_Epi_CRC,tissue,Tumor,Adjacent,group1_higher,6.266718320678971e-276,0.0
41434,9402,0.4339290136040638,0.10784921313763077,0.4310710281133652,0.056426700204610755,0.6872344487590383,0.7143305058747462,0.32607980046643303,0.3746443279087544,,0.18989772389990228,2.0084333487741812,40.23808631162975,40.23808631162975,0.0,248177313.0,41.564396461062046,0.0,0.47099211237050814,0.27413359030264695,GCST90200260,cancerType_celltype,CRC_Epi_CRC,tissue,Tumor,Adjacent,group1_higher,0.0,0.0
41434,9402,0.2962313227168281,0.014788617163169733,0.3136013299226761,-0.0009260673250536999,0.5064208301417462,0.677514996282959,0.28144270555365836,0.31452739724772977,,0.23392610167225805,4.324072452475477,37.94562927411006,37.94562927411006,1.6213293446705008e-297,247888578.0,41.33964033220501,0.0,0.5191261772258601,0.2726512349747203,GCST90200527,cancerType_celltype,CRC_Epi_CRC,tissue,Tumor,Adjacent,group1_higher,6.799605836264285e-297,0.0
41434,9402,0.10330019746450765,-0.2556501124611166,0.05338660068809985,-0.32221709191799164,0.7753701447120517,0.7386162928689843,0.3589503099256242,0.3756036926060915,,0.19200186852348627,-1.3073193259201747,42.14637134200144,42.14637134200144,0.0,247849760.0,41.30942375503226,0.0,0.46695425361514525,0.272451944728926,GCST90200799,cancerType_celltype,CRC_Epi_CRC,tissue,Tumor,Adjacent,group1_higher,0.0,0.0
41434,9402,-0.06789615768922823,-0.29893716990870456,-0.08497865125536916,-0.38046392798423767,0.5416084495588169,0.6322927767301432,0.23104101221947632,0.2954852767288685,,0.16834450104101517,-2.1384240324903208,32.80498039994935,32.80498039994935,1.2110430510348802e-226,247823932.5,41.28931919923523,0.0,0.4129507432012469,0.27231934725292883,GCST90199929,cancerType_celltype,CRC_Epi_CRC,tissue,Tumor,Adjacent,group1_higher,3.856662800375097e-226,0.0
41434,9402,0.17300546104689812,-0.07238525194873698,0.16365097463130945,-0.1237298138439655,0.5659971172193726,0.6874220099995632,0.24539071299563509,0.28738078847527493,,0.16603738073610783,1.2570382945783476,32.223568858058336,32.223568858058336,7.002877607168424e-219,247746418.5,41.22898101171995,0.0,0.4156781824515211,0.27192139310504615,GCST90199833,cancerType_celltype,CRC_Epi_CRC,tissue,Tumor,Adjacent,group1_higher,2.1546099725892913e-218,0.0
41434,9402,0.3004388705203504,0.03360093179976987,0.3049032390117645,-0.01320945890620345,0.5647540573173647,0.6636819426762083,0.26683793872058054,0.318112697917968,,0.18694187602013543,3.16046019941115,36.12963040244144,36.12963040244144,3.8518715121671676e-272,247588684.0,41.10619785205036,0.0,0.4566695128034967,0.27111158973353655,GCST90199984,cancerType_celltype,CRC_Epi_CRC,tissue,Tumor,Adjacent,group1_higher,1.4543215709373544e-271,0.0
41434,9402,-0.016532678013137077,-0.23899941412815262,-0.0575145632028579,-0.32493455708026886,0.5352686928017636,0.6345516992384824,0.22246673611501555,0.26741999387741094,,0.18726456331719438,-3.853533516664929,31.543182118141306,31.543182118141306,2.9212294217045676e-210,247523475.5,41.05543847051166,0.0,0.4008627230102341,0.2707768115895599,GCST90200074,cancerType_celltype,CRC_Epi_CRC,tissue,Tumor,Adjacent,group1_higher,8.674587585584588e-210,0.0
41434,9402,0.1435095504023717,-0.1194475702574741,0.1284792199730873,-0.1520498171448707,0.5728862409801333,0.6220910334223905,0.2629571206598458,0.280529037117958,,0.1642507064660369,0.26476721725548397,37.533848493093394,37.533848493093394,4.1964563393085847e-293,247392076.0,40.95315491308443,0.0,0.45158405477532115,0.27010221118118594,GCST90200092,cancerType_celltype,CRC_Epi_CRC,tissue,Tumor,Adjacent,group1_higher,1.7280271874554685e-292,0.0
41434,9402,0.7483288883670574,0.38280206578710435,0.7645402252674103,0.3639888763427734,0.7577734246559303,0.7740156907633507,0.365526822579953,0.4005513489246369,,0.19245517560572492,0.9670720135408601,41.499858270464,41.499858270464,0.0,247312694.0,40.89136264328365,0.0,0.48044850704301695,0.2696946667870479,GCST90200094,cancerType_celltype,CRC_Epi_CRC,tissue,Tumor,Adjacent,group1_higher,0.0,0.0
41434,9402,1.5634127155502033,0.6702041138353967,1.6189733147621155,0.6295096278190613,1.9102889284700233,1.854447767202754,0.8932086017148066,0.9894636869430542,,0.18728794054786851,1.222024999619681,41.92758708457127,41.92758708457127,0.0,247035865.0,40.67587434295509,0.0,0.4700886074702952,0.26827343644408774,GCST90200823,cancerType_celltype,CRC_Epi_CRC,tissue,Tumor,Adjacent,group1_higher,0.0,0.0
41434,9402,0.5114520059058132,0.24096105779373764,0.5343509316444397,0.24001900106668472,0.5626165890646734,0.6108069898724646,0.2704909481120755,0.294331930577755,,0.17512540073945584,1.0857956905274575,39.321099585130646,39.321099585130646,0.0,246965946.5,40.621448619037,0.0,0.473022842214354,0.26791447732588036,GCST90200122,cancerType_celltype,CRC_Epi_CRC,tissue,Tumor,Adjacent,group1_higher,0.0,0.0
41434,9402,-0.02506148035794264,-0.4026275017118135,-0.04236854054033755,-0.4351925700902939,0.8178306906022267,0.7870479205839244,0.37756602135387085,0.3928240295499563,,0.17511159660191242,-4.005848196960311,41.688381504655865,41.688381504655865,0.0,246879401.0,40.554080161627965,0.0,0.4648535179573665,0.2674701557748629,GCST90199881,cancerType_celltype,CRC_Epi_CRC,tissue,Tumor,Adjacent,group1_higher,0.0,0.0
41434,9402,0.07340872181296924,-0.15682263479755026,0.06337601318955416,-0.1835609897971153,0.5094602527032329,0.5549047720145949,0.23023135661051952,0.24693700298666946,,0.17748384808587478,-1.0950999634069813,36.85963378836928,36.85963378836928,3.2869882575502216e-283,246852652.5,40.53325868410452,0.0,0.4443205316788213,0.26733282991728036,GCST90200121,cancerType_celltype,CRC_Epi_CRC,tissue,Tumor,Adjacent,group1_higher,1.3023735450700442e-282,0.0
41434,9402,0.10120079277925224,-0.7147418051833478,0.007570816902443701,-0.7421491742134094,1.7038972852013416,1.606954661481594,0.8159425979626,0.7497199911158531,,0.17229563108514118,-2.8201893448745863,43.94643384412599,43.94643384412599,0.0,246823696.0,40.510718462637605,0.0,0.4838400193901186,0.267184168265409,GCST90200808,cancerType_celltype,CRC_Epi_CRC,tissue,Tumor,Adjacent,group1_higher,0.0,0.0
41434,9402,0.36492526356531385,0.03433122310685155,0.3433998227119446,-0.00206540175713595,0.7282983150055514,0.6759952900546536,0.3305940404584623,0.3454652244690805,,0.19195992902239867,3.4099698007722803,42.18841782809438,42.18841782809438,0.0,246570892.5,40.31393201131888,0.0,0.45985296889388944,0.2658862839938676,GCST90200098,cancerType_celltype,CRC_Epi_CRC,tissue,Tumor,Adjacent,group1_higher,0.0,0.0
41434,9402,0.010412102251182104,-0.24325561841598092,-0.00911086099222295,-0.2964128702878952,0.5836051935043645,0.6100889460460616,0.25366772066716303,0.28730200929567223,,0.16719441345860442,-4.546007215045777,36.68707226309115,36.68707226309115,4.8416214671452196e-281,246554929.5,40.301506146477614,0.0,0.4309732036000018,0.2658043305136879,GCST90200048,cancerType_celltype,CRC_Epi_CRC,tissue,Tumor,Adjacent,group1_higher,1.885465731348267e-280,0.0
41434,9402,0.5756330139403422,0.16720719572932788,0.5944364964962006,0.1235402040183544,0.9080910759621618,0.9418114457684136,0.4084258182110143,0.47089629247784615,,0.1847593376465446,1.7835062797428038,38.21157662214468,38.21157662214468,1.317168383641847e-303,246482099.5,40.244814062509064,0.0,0.44664970503321444,0.26543042385695115,GCST90200812,cancerType_celltype,CRC_Epi_CRC,tissue,Tumor,Adjacent,group1_higher,5.5928364701054125e-303,0.0
41434,9402,0.14077391400556602,-0.10447024917507045,0.1405616477131843,-0.1438197493553161,0.5214892011485426,0.6093834748724625,0.24524416318063647,0.2843813970685004,,0.17674288687861509,0.4302843070011662,36.135641491665886,36.135641491665886,2.8891370443351064e-272,246278530.0,40.08635217609639,0.0,0.4551457038776659,0.2643853052086116,GCST90199859,cancerType_celltype,CRC_Epi_CRC,tissue,Tumor,Adjacent,group1_higher,1.0938593865079861e-271,0.0
41434,9402,0.5167351413513349,0.2075382305594448,0.5226556956768036,0.1856322363018989,0.6708841705288793,0.6610161543047758,0.30919691079189016,0.3370234593749047,,0.1844574468906521,1.316043720847714,40.83393673722346,40.83393673722346,0.0,246076155.0,39.928820108361464,0.0,0.46212925480739314,0.2633463190812315,GCST90200243,cancerType_celltype,CRC_Epi_CRC,tissue,Tumor,Adjacent,group1_higher,0.0,0.0
41434,9402,0.13822943758501696,-0.08176244521677924,0.13143585622310633,-0.11931486427783965,0.5119594161647856,0.5644873897852253,0.2199918828017962,0.250750720500946,,0.16959445544087834,0.7575474316137785,34.68976623140707,34.68976623140707,2.271966433396137e-252,245997338.5,39.8674680331712,0.0,0.4213821342971588,0.26294167794419043,GCST90200133,cancerType_celltype,CRC_Epi_CRC,tissue,Tumor,Adjacent,group1_higher,7.879618953483295e-252,0.0
41434,9402,0.5098726031487696,-0.0579904206520961,0.43687464296817774,-0.09269608557224271,1.2366096109156326,1.1430775533420383,0.5678630238008657,0.5295707285404204,,0.17793537134294898,3.136228263193167,42.81886184373499,42.81886184373499,0.0,245890785.5,39.78452540481612,0.0,0.46551764202187035,0.2623946385923399,GCST90201009,cancerType_celltype,CRC_Epi_CRC,tissue,Tumor,Adjacent,group1_higher,0.0,0.0
41434,9402,0.12963497270191962,-0.08325598585924451,0.11953873559832565,-0.15121046453714365,0.5118199462857604,0.6085288149976686,0.21289095856116413,0.2707492001354693,,0.15912970833469295,0.6388228725465865,31.48904134432033,31.48904134432033,1.4624660849732185e-209,245767262.0,39.68837265685389,0.0,0.4008990270722416,0.2617604732907688,GCST90200939,cancerType_celltype,CRC_Epi_CRC,tissue,Tumor,Adjacent,group1_higher,4.3145915017716384e-209,0.0
41434,9402,0.39816441769917266,0.11312319692265024,0.4115231037139892,0.11459963768720625,0.5975548379669959,0.6774107970465687,0.2850412207765224,0.29692346602678293,,0.1902941183119204,1.8154603720842737,37.61464437005325,37.61464437005325,6.306495207593075e-294,245755860.0,39.67949715031251,0.0,0.4649123632846567,0.261701935824064,GCST90200536,cancerType_celltype,CRC_Epi_CRC,tissue,Tumor,Adjacent,group1_higher,2.604773626651322e-293,0.0
41434,9402,0.39264842061526445,0.13460734818497133,0.4183022677898407,0.11487815529108045,0.5424119150977881,0.6726850343295409,0.2580410724302931,0.3034241124987602,,0.19526344733866463,1.5444738820339652,34.72194282975237,34.72194282975237,4.143999304615942e-252,245453126.0,39.44384396689724,0.0,0.4536927296552575,0.26014771012283444,GCST90199794,cancerType_celltype,CRC_Epi_CRC,tissue,Tumor,Adjacent,group1_higher,1.4335713330435353e-251,0.0
41434,9402,0.12023766538157472,-0.04942490772440734,0.11864052712917325,-0.08379747718572611,0.4094588626860333,0.5201296533616097,0.16966257310598207,0.20243800431489936,,0.12418805758853003,1.2825615339909888,29.61510167300744,29.61510167300744,3.480135645684759e-186,245436847.5,39.43117251160571,0.0,0.39267601677592623,0.2600641368767589,GCST90200667,cancerType_celltype,CRC_Epi_CRC,tissue,Tumor,Adjacent,group1_higher,9.392920564491737e-186,0.0
41434,9402,0.4914656394812529,-0.12126469361271451,0.4294203668832779,-0.1969684362411499,1.3541112376395084,1.2909588024671468,0.6127303330939674,0.6263888031244278,,0.19509260103963463,2.018922024529764,41.169098059696594,41.169098059696594,0.0,245177022.5,39.22892040784177,0.0,0.4563568976749792,0.25873020447134043,GCST90200736,cancerType_celltype,CRC_Epi_CRC,tissue,Tumor,Adjacent,group1_higher,0.0,0.0
41434,9402,-0.06042334784355576,-0.2503401952748779,-0.09131453186273575,-0.33785317838191986,0.4805794984311219,0.6155600740132063,0.18991684743132212,0.2465386465191841,,0.1675180239703669,-2.050693813166549,28.039672304978914,28.039672304978914,1.1129834898703914e-167,245091271.0,39.16217001324574,0.0,0.3736673290709772,0.25828995928837784,GCST90200954,cancerType_celltype,CRC_Epi_CRC,tissue,Tumor,Adjacent,group1_higher,2.819696090508073e-167,0.0
41434,9402,0.2969447124669285,-0.03805629588468921,0.25734260678291315,-0.0690430030226707,0.7345076162516512,0.7157715856661893,0.3350010083516177,0.32638560980558384,,0.19077466096509244,2.9639542406160175,40.77133095367637,40.77133095367637,0.0,245035535.5,39.11878457254783,0.0,0.4582282842373464,0.25800381519299753,GCST90200083,cancerType_celltype,CRC_Epi_CRC,tissue,Tumor,Adjacent,group1_higher,0.0,0.0
41434,9402,0.035629812646674905,-0.20841304946481753,0.017475880682468352,-0.2654930353164673,0.6195039035404238,0.6560222655571375,0.24404286211149245,0.28296891599893564,,0.16610164060435592,-2.548255241760866,32.895861506243904,32.895861506243904,2.4143076323866635e-228,244774396.5,38.91550962931754,0.0,0.3895847469825102,0.25666313675782537,GCST90200311,cancerType_celltype,CRC_Epi_CRC,tissue,Tumor,Adjacent,group1_higher,7.761087978639204e-228,0.0
41434,9402,-0.09981391845345615,-0.3134168371290937,-0.1175786070525646,-0.38589438796043396,0.5401865297799862,0.6109206268037028,0.21360291867563752,0.26831578090786934,,0.16552560769233576,-1.65075992465085,31.244128501145145,31.244128501145145,1.14656739339325e-206,244753449.5,38.89920413593721,0.0,0.3856004018771689,0.25655559559705843,GCST90200792,cancerType_celltype,CRC_Epi_CRC,tissue,Tumor,Adjacent,group1_higher,3.3464054757922904e-206,0.0
41434,9402,0.23632659061055747,-0.022003646666252073,0.2359853163361549,-0.0896433144807815,0.5843186880048719,0.7225841280565869,0.25833023727680954,0.3256286308169364,,0.1885361747641661,3.4249079585700235,32.34844767458076,32.34844767458076,2.0250729510736248e-220,244637437.5,38.80889846457433,0.0,0.42193813510313993,0.2559599940721189,GCST90200259,cancerType_celltype,CRC_Epi_CRC,tissue,Tumor,Adjacent,group1_higher,6.287413285451823e-220,0.0
41434,9402,0.662317363954422,0.17090351789129132,0.6294360458850861,0.12624859809875483,1.1343183147458453,1.046905085022943,0.49141384606313065,0.5031874477863312,,0.1550466080075111,1.9543343246533436,40.445144312310816,40.445144312310816,0.0,244562996.0,38.75095196218871,0.0,0.43928501789907337,0.25557781403109914,GCST90200842,cancerType_celltype,CRC_Epi_CRC,tissue,Tumor,Adjacent,group1_higher,0.0,0.0
41434,9402,0.1656231116302921,-0.09874566709464855,0.1470255702733993,-0.142968975007534,0.6166459166296062,0.6659172383054406,0.2643687787249407,0.28999454528093327,,0.18695931967546048,0.7461087561451257,35.22027194853918,35.22027194853918,6.925420745924023e-260,244512385.0,38.711555517567916,0.0,0.4222804493023382,0.2553179789383613,GCST90199825,cancerType_celltype,CRC_Epi_CRC,tissue,Tumor,Adjacent,group1_higher,2.4517788251154398e-259,0.0
41434,9402,0.22435316592883914,0.05484586015888046,0.24700178205966944,-0.0013344335602595999,0.4216114505564392,0.5856498654315632,0.16950730576995868,0.24833621561992905,,0.15191153984422587,2.0322970354612853,26.547097784480528,26.547097784480528,7.686778184451338e-151,244311840.5,38.555448341494454,0.0,0.37139003493100153,0.25428839053355623,GCST90200613,cancerType_celltype,CRC_Epi_CRC,tissue,Tumor,Adjacent,group1_higher,1.8189372682998567e-150,0.0
41434,9402,0.5072609564977039,0.08939699794383875,0.5121938288211823,0.03685769625008105,0.9617583253374499,0.9379719278539688,0.4178639585538651,0.4753361325711012,,0.15512198029033353,2.504416537731744,38.81458432420904,38.81458432420904,0.0,244213831.0,38.479156115712286,0.0,0.43645524015108084,0.253785213210016,GCST90200512,cancerType_celltype,CRC_Epi_CRC,tissue,Tumor,Adjacent,group1_higher,0.0,0.0
41434,9402,-0.10571970557721315,-0.2779954989662995,-0.11633688956499094,-0.3254276067018509,0.4204966640851953,0.5698929882560868,0.17227579338908633,0.20909071713685995,,0.1414472126645854,-1.3948087554100879,27.653309485771874,27.653309485771874,3.6932656912210144e-163,244133464.0,38.416597105520054,0.0,0.38125631673872645,0.25337261186054505,GCST90199928,cancerType_celltype,CRC_Epi_CRC,tissue,Tumor,Adjacent,group1_higher,9.152583885698623e-163,0.0
41434,9402,0.7840344011096624,0.3718265784730842,0.7841882705688477,0.3603154271841049,0.9379043149375326,0.9043328752436829,0.4122078226365782,0.42387284338474274,,0.15213435561778993,1.076285018008419,39.62549509832756,39.62549509832756,0.0,244074937.0,38.37103871476862,0.0,0.44238420470713297,0.253072136302412,GCST90199860,cancerType_celltype,CRC_Epi_CRC,tissue,Tumor,Adjacent,group1_higher,0.0,0.0
41434,9402,0.24349091204575116,-0.060046177774811846,0.23045423626899714,-0.1086906976997852,0.721385368940813,0.7389903661512759,0.303537089820563,0.3391449339687823,,0.18842699097721619,2.0197055060112845,36.11393840521486,36.11393840521486,6.109390293734831e-273,243980173.5,38.29727322940334,0.0,0.4188605441050753,0.25258562382862815,GCST90200290,cancerType_celltype,CRC_Epi_CRC,tissue,Tumor,Adjacent,group1_higher,2.326005298983401e-272,0.0
41434,9402,0.13285924123429685,-0.031547691299756174,0.1483781412243843,-0.05515128560364245,0.40912366504990244,0.48124760194781313,0.16440693253405303,0.20352942682802677,,0.13805349598957894,2.0742573732290963,30.70335077188519,30.70335077188519,9.75124498446327e-200,243867997.0,38.20995317506725,0.0,0.3883118451316503,0.2520097136256976,GCST90199890,cancerType_celltype,CRC_Epi_CRC,tissue,Tumor,Adjacent,group1_higher,2.786362036440972e-199,0.0
41434,9402,0.14509598908401683,-0.032817294395536004,0.1616905555129051,-0.0508081484586,0.44983172011026534,0.49959288595193235,0.17791328347955282,0.2124987039715051,,0.13895774624499213,2.144445414873528,31.734608411095994,31.734608411095994,5.518466591406248e-213,243805336.0,38.161176809921656,0.0,0.38723884880046777,0.25168801425706144,GCST90200144,cancerType_celltype,CRC_Epi_CRC,tissue,Tumor,Adjacent,group1_higher,1.6604127956041312e-212,0.0
41434,9402,0.37951725908958167,0.12411999896188174,0.40497900545597076,0.0972068309783935,0.500819225577979,0.6502152148843129,0.2553972601276999,0.30777217447757726,,0.20176514680291846,1.612422083885797,35.755587775573076,35.755587775573076,3.2674829042235095e-266,243546778.0,37.959910960041945,0.0,0.48041188986386274,0.25036058658505067,GCST90200027,cancerType_celltype,CRC_Epi_CRC,tissue,Tumor,Adjacent,group1_higher,1.2036700536369306e-265,0.0
41434,9402,-0.5238485529087852,-0.08488603148684606,-0.5946920812129974,-0.1937063261866569,0.8938277572557295,1.000359640681938,-0.43896252142193914,-0.40098575502634054,,-0.20270396074895503,-2.6255364663768295,-39.14959845611423,-39.14959845611423,0.0,145906019.5,-38.045280302275536,0.0,-0.48002108178390357,-0.2509236310721802,GCST90200323,cancerType_celltype,CRC_Epi_CRC,tissue,Tumor,Adjacent,group2_higher,0.0,0.0
41434,9402,0.024630665818034584,0.5531916431329117,-0.0304436637088656,0.4673841595649719,1.0397211471525278,1.248638682005451,-0.5285609773148771,-0.4978278232738375,,-0.16969815867659996,4.489195865870053,-38.15390660719985,-38.15390660719985,2.006860352650043e-301,145730150.0,-38.182180047730796,0.0,-0.48877310971112514,-0.2518265388954256,GCST90199786,cancerType_celltype,CRC_Epi_CRC,tissue,Tumor,Adjacent,group2_higher,8.442440310685212e-301,0.0
41434,9402,-0.7919719331944636,-0.2540365714850308,-0.890171468257904,-0.32410718500614166,1.2719029298154858,1.2183536034725249,-0.5379353617094328,-0.5660642832517624,,-0.18744255768635626,-1.6404092414260607,-38.33375426815842,-38.33375426815842,2.9717885460888307e-306,145544838.0,-38.32642999231928,0.0,-0.4261984771116721,-0.2527779241813408,GCST90200531,cancerType_celltype,CRC_Epi_CRC,tissue,Tumor,Adjacent,group2_higher,1.2858881867679608e-305,0.0
41434,9402,-0.24248359010195777,0.1347494847876622,-0.291349396109581,0.12509690225124354,0.8922510109911281,0.8499171014398468,-0.37723307488962,-0.41644629836082453,,-0.14877124455813756,-0.8476026036025406,-38.4923013294318,-38.4923013294318,1.02747499446006e-308,145152589.0,-38.631763141359215,0.0,-0.426457009295712,-0.2547917167420759,GCST90199767,cancerType_celltype,CRC_Epi_CRC,tissue,Tumor,Adjacent,group2_higher,4.488616722593146e-308,0.0
41434,9402,-0.7468341504712722,-0.23938434339011963,-0.8222871124744415,-0.2891759127378464,1.149376723445884,1.1186533580987816,-0.5074498070811526,-0.5331111997365952,,-0.17239064401238513,-1.641455006386317,-39.507137909295345,-39.507137909295345,0.0,145152115.5,-38.63213172163876,0.0,-0.44366921209519966,-0.254794147674411,GCST90200358,cancerType_celltype,CRC_Epi_CRC,tissue,Tumor,Adjacent,group2_higher,0.0,0.0
41434,9402,-0.7486700298024481,-0.19619237599195677,-0.8240739405155182,-0.2498984560370445,1.280227184120126,1.2034541617938872,-0.5524776538104914,-0.5741754844784737,,-0.1687157703728772,-1.932055596553171,-39.70670982760364,-39.70670982760364,0.0,145007078.5,-38.74503093600847,0.0,-0.4362653119627098,-0.25553876252781105,GCST90201003,cancerType_celltype,CRC_Epi_CRC,tissue,Tumor,Adjacent,group2_higher,0.0,0.0
41434,9402,-0.4221327509107662,-0.1368732636954171,-0.4804510027170181,-0.20477919280529017,0.5561950106602129,0.6696880176416028,-0.2852594872153491,-0.27567180991172796,,-0.2352557867587478,-1.6248489780103132,-38.406164521660266,-38.406164521660266,3.6944057078345645e-305,144384872.0,-39.22936682978542,0.0,-0.4927924475831943,-0.25873314880015597,GCST90200187,cancerType_celltype,CRC_Epi_CRC,tissue,Tumor,Adjacent,group2_higher,1.5884779116020541e-304,0.0
41434,9402,-0.293570111938548,0.3363437248988587,-0.35460303723812103,0.2085078805685043,1.241135418920436,1.4067432262402588,-0.6299138368374066,-0.5631109178066254,,-0.1853617426407323,0.19623062096306945,-40.02726447794746,-40.02726447794746,0.0,144231359.5,-39.348863514396456,0.0,-0.4946761057541378,-0.25952127657225954,GCST90200284,cancerType_celltype,CRC_Epi_CRC,tissue,Tumor,Adjacent,group2_higher,0.0,0.0
41434,9402,0.05557084559190332,0.6369423333923251,-0.04325984604656695,0.5096415281295776,1.1715930087793827,1.315368279103043,-0.5813714878004218,-0.5529013741761446,,-0.20200903891104108,3.5187389672674967,-39.45224249133387,-39.45224249133387,0.0,144185099.0,-39.384873457420305,0.0,-0.48468559351503665,-0.259758776351114,GCST90199688,cancerType_celltype,CRC_Epi_CRC,tissue,Tumor,Adjacent,group2_higher,0.0,0.0
41434,9402,-1.4290421371183393,-0.7103258652674421,-1.5516007542610168,-0.7262049913406372,1.5604510587434828,1.6395385820393915,-0.7187162718508971,-0.8253957629203796,,-0.19125459945703566,-1.0084945106813419,-38.712667430256985,-38.712667430256985,0.0,144019093.0,-39.51409529033644,0.0,-0.45621876372322706,-0.2606110453125069,GCST90200367,cancerType_celltype,CRC_Epi_CRC,tissue,Tumor,Adjacent,group2_higher,0.0,0.0
41434,9402,-0.34827563972511494,0.37974011029963695,-0.47275708615779877,0.2938775569200516,1.7522426299310532,1.5080339671838,-0.7280157500247519,-0.7666346430778503,,-0.13512921537652453,0.12478248280303175,-40.95515969179413,-40.95515969179413,0.0,143906379.5,-39.60183335440879,0.0,-0.42581221900450333,-0.2611897124545376,GCST90201004,cancerType_celltype,CRC_Epi_CRC,tissue,Tumor,Adjacent,group2_higher,0.0,0.0
41434,9402,-0.29384370938732207,0.24229892096270092,-0.3678797483444214,0.1692119464278221,1.1818305156747912,1.1549708509389507,-0.536142630350023,-0.5370916947722435,,-0.1642773853516858,-0.2782599889495387,-40.46044929439592,-40.46044929439592,0.0,143644405.0,-39.80575866474269,0.0,-0.4555513132211752,-0.2625346803173041,GCST90199714,cancerType_celltype,CRC_Epi_CRC,tissue,Tumor,Adjacent,group2_higher,0.0,0.0
41434,9402,-0.5710648587852335,-0.22615492343705948,-0.6164509356021881,-0.30288976430892944,0.7180834995748767,0.7460212907837589,-0.34490993534817405,-0.31356117129325867,,-0.19808154174842987,-1.3363393522576774,-40.75015327023989,-40.75015327023989,0.0,142760620.0,-40.49371161586368,0.0,-0.4768352118523924,-0.26707200140235277,GCST90199763,cancerType_celltype,CRC_Epi_CRC,tissue,Tumor,Adjacent,group2_higher,0.0,0.0
41434,9402,-0.12131103928333434,0.394739316315951,-0.18381474167108536,0.3416235148906708,1.0632418914434922,1.1169981271927056,-0.5160503555992854,-0.5254382565617561,,-0.15812199409939132,1.7021811407287153,-40.79887420016762,-40.79887420016762,0.0,142753407.0,-40.49932633509567,0.0,-0.4807685606385114,-0.26710903269049013,GCST90199676,cancerType_celltype,CRC_Epi_CRC,tissue,Tumor,Adjacent,group2_higher,0.0,0.0
41434,9402,0.08714537860585735,0.7016570149306689,0.0070736557245254,0.6166338622570038,1.2808857843561396,1.283527983495775,-0.6145116363248115,-0.6095602065324783,,-0.17132434731656634,3.009255419455841,-41.92691198398156,-41.92691198398156,0.0,142268976.0,-40.87641548694198,0.0,-0.4795721139118815,-0.26959608439486527,GCST90200774,cancerType_celltype,CRC_Epi_CRC,tissue,Tumor,Adjacent,group2_higher,0.0,0.0
41434,9402,-0.49901449605883674,-0.13544172541565697,-0.5537106990814209,-0.20041646063327784,0.7185958398199577,0.7610306356294089,-0.3635727706431798,-0.35329423844814306,,-0.20006537417623188,-1.8814017077014882,-42.246444618034225,-42.246444618034225,0.0,141284115.5,-41.64304728926663,0.0,-0.5003545229691014,-0.27465232353954594,GCST90199755,cancerType_celltype,CRC_Epi_CRC,tissue,Tumor,Adjacent,group2_higher,0.0,0.0
41434,9402,0.09879906147832637,0.6371953299553704,0.07415508106350895,0.6292428374290466,1.0803221939991074,1.0760681192074129,-0.538396268477044,-0.5550877563655376,,-0.17427723821104374,2.6891541127909653,-43.76704347479842,-43.76704347479842,0.0,139928256.0,-42.69847088700866,0.0,-0.4987289955489082,-0.2816132584928587,GCST90199718,cancerType_celltype,CRC_Epi_CRC,tissue,Tumor,Adjacent,group2_higher,0.0,0.0
41434,9402,-0.7734915602410418,0.047929195949217615,-0.8850725293159485,-0.0733448080718517,1.4523184454556044,1.7147411848393608,-0.8214207561902594,-0.8117277212440968,,-0.23888701541334353,-4.012380672189326,-43.07539000684694,-43.07539000684694,0.0,139822738.5,-42.78060746493192,0.0,-0.5460470924715348,-0.28215498162415376,GCST90200042,cancerType_celltype,CRC_Epi_CRC,tissue,Tumor,Adjacent,group2_higher,0.0,0.0
41434,9402,-0.4062015869263159,-0.005404603455593318,-0.4550053775310516,-0.042191741988062845,0.784441521456342,0.8215924719820578,-0.4007969834707226,-0.4128136355429887,,-0.19820855377380067,-6.231599934838843,-43.05762676629703,-43.05762676629703,0.0,139694083.5,-42.880754657887756,0.0,-0.5064126378677356,-0.282815491866121,GCST90201010,cancerType_celltype,CRC_Epi_CRC,tissue,Tumor,Adjacent,group2_higher,0.0,0.0
41434,9402,-0.38130167800749054,0.08754630287490886,-0.4433823972940445,0.01454713754355905,0.949178026983193,0.9319514862985492,-0.46884798088239943,-0.45792953483760357,,-0.19375545337125066,-2.1228020251581476,-43.88825771481488,-43.88825771481488,0.0,139615118.5,-42.94222232794922,0.0,-0.4956026572202664,-0.2832208953969354,GCST90200600,cancerType_celltype,CRC_Epi_CRC,tissue,Tumor,Adjacent,group2_higher,0.0,0.0
41434,9402,-0.8900941605200441,-0.16203471939342762,-1.0218893885612488,-0.28736336529254913,1.5603076074930788,1.4799657687909349,-0.7280594411266165,-0.7345260232686996,,-0.19754600656252555,-2.457647705579678,-42.62701039307741,-42.62701039307741,0.0,139371620.5,-43.131765223214536,0.0,-0.4710028772623678,-0.2844710055589852,GCST90200829,cancerType_celltype,CRC_Epi_CRC,tissue,Tumor,Adjacent,group2_higher,0.0,0.0
41434,9402,-0.7919291559293125,-0.16399348162740493,-0.8789188265800476,-0.31822422146797175,1.1760742417728167,1.2486592256674582,-0.6279356743019076,-0.5606946051120758,,-0.20525923221473896,-2.2717259284688427,-44.48929346713725,-44.48929346713725,0.0,139340641.5,-43.15587979233799,0.0,-0.5277517478895555,-0.2846300506546745,GCST90199989,cancerType_celltype,CRC_Epi_CRC,tissue,Tumor,Adjacent,group2_higher,0.0,0.0
41434,9402,-0.6320107481425278,0.01899431956289863,-0.6913390755653381,-0.1463297456502914,1.117977996243331,1.3163776175383948,-0.6510050677054264,-0.5450093299150467,,-0.23469211285373529,-5.05623548803984,-44.45279736848161,-44.45279736848161,0.0,139330326.0,-43.16390954919887,0.0,-0.5625519422131106,-0.28468301006861885,GCST90199844,cancerType_celltype,CRC_Epi_CRC,tissue,Tumor,Adjacent,group2_higher,0.0,0.0
41434,9402,-0.25078144243434525,0.12700256685836323,-0.3003564924001694,0.10724610835313794,0.7511997912024101,0.766590966376407,-0.3777840092927085,-0.40760260075330734,,-0.19197441747633207,-0.9815673317069883,-43.29972177173798,-43.29972177173798,0.0,139310500.0,-43.17934243752457,0.0,-0.5009933956703403,-0.28478479605483964,GCST90200044,cancerType_celltype,CRC_Epi_CRC,tissue,Tumor,Adjacent,group2_higher,0.0,0.0
41434,9402,-0.22656361848925807,0.11823680094553433,-0.2494114339351654,0.08327942714095116,0.6233753935875226,0.6854295914705969,-0.3448004194347924,-0.33269086107611656,,-0.20372100361869486,-0.9382312372015182,-44.757295498657136,-44.757295498657136,0.0,138960767.5,-43.451580035444785,0.0,-0.5427292144765176,-0.28658031040094956,GCST90199775,cancerType_celltype,CRC_Epi_CRC,tissue,Tumor,Adjacent,group2_higher,0.0,0.0
41434,9402,-0.7436360812505496,-0.2788970748377078,-0.8196619749069214,-0.36274105310440063,0.906157463284609,0.9316683035904662,-0.46473900641284177,-0.45692092180252075,,-0.202745334098947,-1.4148607357824043,-43.886488350844864,-43.886488350844864,0.0,138487924.0,-43.81964928446279,0.0,-0.510181279245426,-0.2890078722881486,GCST90199677,cancerType_celltype,CRC_Epi_CRC,tissue,Tumor,Adjacent,group2_higher,0.0,0.0
41434,9402,0.15541785341543565,0.5086389373197882,0.1178436279296875,0.5179188847541809,0.7146879066867914,0.705668559056868,-0.3532210839043525,-0.4000752568244934,,-0.19375097397371954,1.7104832202439586,-43.71374295954214,-43.71374295954214,0.0,138437167.0,-43.85915937791318,0.0,-0.49538143158716397,-0.2892684569397481,GCST90200071,cancerType_celltype,CRC_Epi_CRC,tissue,Tumor,Adjacent,group2_higher,0.0,0.0
41434,9402,-0.3634226995610984,0.11400820750128844,-0.42867641150951385,0.03714411519467825,0.8939255495945531,0.9320459749045039,-0.47743090706238683,-0.4658205267041921,,-0.21487929825767094,-1.6725021609328112,-45.177074363025284,-45.177074363025284,0.0,138267043.5,-43.99158634134889,0.0,-0.5298330303356908,-0.29014186500122496,GCST90200233,cancerType_celltype,CRC_Epi_CRC,tissue,Tumor,Adjacent,group2_higher,0.0,0.0
41434,9402,-1.2654627661732214,-0.6498176242120479,-1.4767950177192688,-0.7747298181056976,1.2782652017294085,1.260106143567184,-0.6156451419611735,-0.7020651996135712,,-0.21083013791971153,-0.9615572016543974,-42.654364830969186,-42.654364830969186,0.0,138234716.5,-44.016750216104505,0.0,-0.4828867928598724,-0.29030783068147115,GCST90200859,cancerType_celltype,CRC_Epi_CRC,tissue,Tumor,Adjacent,group2_higher,0.0,0.0
41434,9402,-0.02744746998159288,0.5355395361999489,-0.06406543776392931,0.4736949950456619,0.9093147198411056,1.1645220410247539,-0.5629870061815417,-0.5377604328095913,,-0.19330423855059975,4.286198141134465,-43.93613281699617,-43.93613281699617,0.0,137192298.5,-44.828185734247086,0.0,-0.585450897455801,-0.2956595680054065,GCST90200486,cancerType_celltype,CRC_Epi_CRC,tissue,Tumor,Adjacent,group2_higher,0.0,0.0
41434,9402,-0.5979619279830043,-0.09065558830688804,-0.6791234314441681,-0.17075558006763453,0.9637361021834925,0.9886167831670313,-0.5073063396761163,-0.5083678513765335,,-0.20614774054522456,-2.721572269970355,-45.12845270312422,-45.12845270312422,0.0,136793346.5,-45.13873661003206,0.0,-0.5238681168615144,-0.29770777353222844,GCST90199700,cancerType_celltype,CRC_Epi_CRC,tissue,Tumor,Adjacent,group2_higher,0.0,0.0
41434,9402,0.06716857854615498,0.6389141997488129,-0.0013269577175378,0.6185447573661804,1.1278345121791333,1.0750486630130265,-0.5717456212026579,-0.6198717150837182,,-0.1917498505833914,3.2497445797581745,-46.12899934069325,-46.12899934069325,0.0,136549845.0,-45.32828222975562,0.0,-0.5112813127608993,-0.29895790166315506,GCST90200084,cancerType_celltype,CRC_Epi_CRC,tissue,Tumor,Adjacent,group2_higher,0.0,0.0
41434,9402,-1.1172140613037342,-0.41544784609663366,-1.252186119556427,-0.5251263380050659,1.5035603236029034,1.2704740995129915,-0.7017662152071006,-0.7270597815513611,,-0.20826474007675763,-1.4271641729077773,-46.656230951067606,-46.656230951067606,0.0,136413508.0,-45.4344092193481,0.0,-0.47959241751808585,-0.299657851022753,GCST90199914,cancerType_celltype,CRC_Epi_CRC,tissue,Tumor,Adjacent,group2_higher,0.0,0.0
41434,9402,-0.8993550023489376,-0.1473136669031075,-1.0118350982666016,-0.27170154452323914,1.4120934670319725,1.4699826191702736,-0.7520413354458302,-0.7401335537433624,,-0.21037256281982253,-2.6099912324994836,-45.10820950155609,-45.10820950155609,0.0,136264508.5,-45.550392909658015,0.0,-0.5284986934258944,-0.3004228092116923,GCST90199787,cancerType_celltype,CRC_Epi_CRC,tissue,Tumor,Adjacent,group2_higher,0.0,0.0
41434,9402,0.1353869862247904,1.2177788083795074,0.05363519862294195,1.0773038268089294,1.6970596600267698,2.0879397788893725,-1.082391822154717,-1.0236686281859875,,-0.20502082649605574,3.169081666526886,-46.87543537152432,-46.87543537152432,0.0,136254012.5,-45.55856317072261,0.0,-0.6095086038361438,-0.30047669530628396,GCST90200744,cancerType_celltype,CRC_Epi_CRC,tissue,Tumor,Adjacent,group2_higher,0.0,0.0
41434,9402,-0.564025098827383,0.02418863290033846,-0.6396943926811218,-0.0487927515059709,1.0621799794486848,1.130660349955679,-0.5882137317277215,-0.5909016411751509,,-0.2176130963432168,-4.54330114070683,-46.04424581657051,-46.04424581657051,0.0,136231139.5,-45.57636789455361,0.0,-0.5470874230763084,-0.30059412448326517,GCST90199940,cancerType_celltype,CRC_Epi_CRC,tissue,Tumor,Adjacent,group2_higher,0.0,0.0
41434,9402,-1.355932510060156,-0.5502208591130531,-1.5174881219863892,-0.6532718241214752,1.595087196315555,1.5472756270978567,-0.805711650947103,-0.8642162978649139,,-0.19574623647732906,-1.3012010747767215,-45.32199447236353,-45.32199447236353,0.0,136032579.5,-45.73093030280289,0.0,-0.5079016244462302,-0.30161352453491486,GCST90199802,cancerType_celltype,CRC_Epi_CRC,tissue,Tumor,Adjacent,group2_higher,0.0,0.0
41434,9402,-0.7145766305313163,-0.24219525425511326,-0.7797788977622986,-0.2812107354402542,0.8398773022814346,0.9132112319212206,-0.472381376276203,-0.4985681623220444,,-0.21521741288209584,-1.5609141989823032,-45.941533544920325,-45.941533544920325,0.0,135909181.0,-45.82698574868498,0.0,-0.553195415637951,-0.30224704809088543,GCST90201019,cancerType_celltype,CRC_Epi_CRC,tissue,Tumor,Adjacent,group2_higher,0.0,0.0
41434,9402,0.2622906812638596,0.7827874993396352,0.19889207184314725,0.7095866501331329,0.9783240281497398,0.9579393725715439,-0.5204968180757756,-0.5106945782899857,,-0.19144498481310987,1.5774505077705832,-47.37643202582027,-47.37643202582027,0.0,135723827.5,-45.97126799756407,0.0,-0.534069488643856,-0.30319864643634,GCST90200789,cancerType_celltype,CRC_Epi_CRC,tissue,Tumor,Adjacent,group2_higher,0.0,0.0
41434,9402,-0.05058819495238546,0.4996594725295432,-0.07377941533923145,0.477086678147316,1.0568392015936408,0.975161001921258,-0.5502476674819287,-0.5508660934865475,,-0.17830728601255208,3.3040469067024616,-48.61677127151301,-48.61677127151301,0.0,135688097.0,-45.999081213357535,0.0,-0.5279590500712535,-0.3033820855657994,GCST90200982,cancerType_celltype,CRC_Epi_CRC,tissue,Tumor,Adjacent,group2_higher,0.0,0.0
41434,9402,-0.9983308784835709,-0.21527744775703025,-1.0862855315208435,-0.3364406079053879,1.590442180728127,1.3313888581165045,-0.7830534307265407,-0.7498449236154556,,-0.2048466523511023,-2.21331560104501,-49.56600174187634,-49.56600174187634,0.0,135558542.5,-46.099928592082,0.0,-0.5065652907820901,-0.3040472138091085,GCST90200497,cancerType_celltype,CRC_Epi_CRC,tissue,Tumor,Adjacent,group2_higher,0.0,0.0
41434,9402,-0.24274914428142563,0.4234117441467269,-0.2908637821674347,0.35765630006790156,1.2288982723426642,1.1898323240523552,-0.6661608884281525,-0.6485200822353363,,-0.19174275119190518,0.8025925400265377,-48.71157089124654,-48.71157089124654,0.0,135311625.0,-46.292133283051434,0.0,-0.5452434719201693,-0.30531487956380854,GCST90199668,cancerType_celltype,CRC_Epi_CRC,tissue,Tumor,Adjacent,group2_higher,0.0,0.0
41434,9402,-0.34857003081502363,0.15600620993033837,-0.40098993480205536,0.1067344322800636,0.8606887595466758,0.9550267105429817,-0.504576240745362,-0.507724367082119,,-0.2211407949050098,-1.1598399690433503,-47.07502872331616,-47.07502872331616,0.0,135183124.0,-46.392160599844544,0.0,-0.5741005870537906,-0.30597459917519565,GCST90200151,cancerType_celltype,CRC_Epi_CRC,tissue,Tumor,Adjacent,group2_higher,0.0,0.0
41434,9402,-1.3421183468145195,-0.5477929405843244,-1.4572990536689758,-0.7155083417892456,1.36160250145541,1.5080050442148514,-0.7943254062301951,-0.7417907118797302,,-0.25070925530397686,-1.2928077547731234,-46.91888057636516,-46.91888057636516,0.0,135131952.0,-46.43199373620097,0.0,-0.5715228016352053,-0.30623731442218916,GCST90200890,cancerType_celltype,CRC_Epi_CRC,tissue,Tumor,Adjacent,group2_higher,0.0,0.0
41434,9402,-2.072989406618949,-0.9560396688444324,-2.3755722045898438,-1.0471069812774658,2.2280371154065026,1.9929951408180457,-1.1169497377745166,-1.328465223312378,,-0.23799187702398333,-1.1165695447889596,-47.96493027142113,-47.96493027142113,0.0,135123744.0,-46.438382979990806,0.0,-0.510845040969972,-0.3062794540053073,GCST90200849,cancerType_celltype,CRC_Epi_CRC,tissue,Tumor,Adjacent,group2_higher,0.0,0.0
41434,9402,-0.2907423092693025,0.4322514850759336,-0.36970558762550354,0.3464101403951645,1.3069285590228175,1.2968974232310122,-0.722993794345236,-0.716115728020668,,-0.197753382214398,0.5721282660740077,-48.73141658503283,-48.73141658503283,0.0,134788119.5,-46.69963867593893,0.0,-0.5539845870104863,-0.3080025383759505,GCST90200045,cancerType_celltype,CRC_Epi_CRC,tissue,Tumor,Adjacent,group2_higher,0.0,0.0
41434,9402,-0.30296119166248303,0.41485117390962256,-0.38417270779609675,0.37904855608940125,1.2953822145526808,1.322998773153729,-0.7178123655721056,-0.763221263885498,,-0.2252669875491237,0.4534595832031775,-47.67820404184684,-47.67820404184684,0.0,134678602.5,-46.784888531218115,0.0,-0.5519367715470506,-0.3085647947994826,GCST90200616,cancerType_celltype,CRC_Epi_CRC,tissue,Tumor,Adjacent,group2_higher,0.0,0.0
41434,9402,-0.3804599413938326,0.32643214709903307,-0.4522422254085541,0.20099901407957077,1.117700574409872,1.307020987961708,-0.7068920884928657,-0.6532412394881248,,-0.2464393029156066,-0.22096079165201016,-48.56716078117309,-48.56716078117309,0.0,134252291.5,-47.116736107885906,0.0,-0.6119993436807097,-0.3107534604694002,GCST90200898,cancerType_celltype,CRC_Epi_CRC,tissue,Tumor,Adjacent,group2_higher,0.0,0.0
41434,9402,-0.29631710864605065,0.21595444259098573,-0.35352261364459986,0.18091531842947006,0.947426458197299,0.9309979157692904,-0.5122715512370364,-0.53443793207407,,-0.19196415102466038,-0.45641311888376057,-48.00972396184387,-48.00972396184387,0.0,133788822.0,-47.47750847931059,0.0,-0.5424250807812317,-0.3131328965705187,GCST90199832,cancerType_celltype,CRC_Epi_CRC,tissue,Tumor,Adjacent,group2_higher,0.0,0.0
41434,9402,-0.8457930833473599,-0.10968021927873238,-0.9786624610424042,-0.216622956097126,1.3022375561111366,1.3768922254614235,-0.7361128640686275,-0.7620395049452782,,-0.2530648665000895,-2.946989954062762,-47.26353124388391,-47.26353124388391,0.0,133409963.5,-47.77241824031839,0.0,-0.5592020435791893,-0.3150779427755346,GCST90200483,cancerType_celltype,CRC_Epi_CRC,tissue,Tumor,Adjacent,group2_higher,0.0,0.0
41434,9402,-0.1373654002394701,0.30727860890844555,-0.17551003396511075,0.2403167262673378,0.7247123215825961,0.8389955155433285,-0.4446440091479157,-0.4158267602324486,,-0.20357871480508546,1.161522868046186,-47.52242779453268,-47.52242779453268,0.0,133336424.5,-47.829662221685446,0.0,-0.5951074585319879,-0.3154554894133179,GCST90199910,cancerType_celltype,CRC_Epi_CRC,tissue,Tumor,Adjacent,group2_higher,0.0,0.0
41434,9402,-1.35560330376037,-0.5672057195305896,-1.5638507604599,-0.5754418075084686,1.5413578913414647,1.3916445786133405,-0.7883975842297805,-0.9884089529514313,,-0.22311794494231227,-1.2569895932234474,-48.5847241549371,-48.5847241549371,0.0,133174366.0,-47.955811254911,0.0,-0.5204678859002692,-0.3162874920486437,GCST90200422,cancerType_celltype,CRC_Epi_CRC,tissue,Tumor,Adjacent,group2_higher,0.0,0.0
41434,9402,-0.6222373937016661,-0.0659719569909417,-0.7350021302700043,-0.170837327837944,0.983213682651633,1.0222309764669133,-0.5562654367107244,-0.5641648024320602,,-0.26211259106641444,-3.2375207407128426,-47.969390403157384,-47.969390403157384,0.0,131916721.0,-48.93478305145943,0.0,-0.5615750197011937,-0.3227441972156312,GCST90200190,cancerType_celltype,CRC_Epi_CRC,tissue,Tumor,Adjacent,group2_higher,0.0,0.0
41434,9402,-1.143387839318848,-0.5571628737973141,-1.2610849142074585,-0.6354751586914062,0.9912947994635771,1.078754737853489,-0.5862249655215338,-0.6256097555160522,,-0.268415482554301,-1.0371424907054652,-48.27076818766048,-48.27076818766048,0.0,131666578.5,-49.129498136096295,0.0,-0.5815485635414582,-0.32402842000682675,GCST90200249,cancerType_celltype,CRC_Epi_CRC,tissue,Tumor,Adjacent,group2_higher,0.0,0.0
41434,9402,-0.09003700882595293,0.4019600034588601,-0.13944269716739655,0.32336229085922236,0.8296645602662961,0.857687609730293,-0.4919970122848131,-0.4628049880266189,,-0.22314653659774134,2.158449486755798,-50.51648554399353,-50.51648554399353,0.0,131353975.0,-49.372833902550525,0.0,-0.5892759175675157,-0.32563331537369766,GCST90200592,cancerType_celltype,CRC_Epi_CRC,tissue,Tumor,Adjacent,group2_higher,0.0,0.0
41434,9402,-0.15155822871301786,0.446153110594719,-0.2166986316442489,0.382886067032814,1.0072569920051473,1.0264968385971365,-0.5977113393077369,-0.599584698677063,,-0.22910049832821167,1.5576604290061247,-51.14854350500551,-51.14854350500551,0.0,131263451.0,-49.44329929056602,0.0,-0.591300039543901,-0.3260980624036913,GCST90199722,cancerType_celltype,CRC_Epi_CRC,tissue,Tumor,Adjacent,group2_higher,0.0,0.0
41434,9402,-0.5078508824452889,0.0624468319041346,-0.5616399943828583,-0.0185291348025202,0.9365712006855945,0.9979984926448868,-0.5702977143494234,-0.5431108595803381,,-0.22550949462435183,-3.0236843994947322,-50.58479199049862,-50.58479199049862,0.0,131248045.5,-49.4552911881299,0.0,-0.6014331690711584,-0.3261771536984923,GCST90199645,cancerType_celltype,CRC_Epi_CRC,tissue,Tumor,Adjacent,group2_higher,0.0,0.0
41434,9402,0.4480062894739346,1.5516484116174845,0.35261771082878113,1.4819886088371277,1.8560941872585575,1.9012885929589105,-1.1036421221435497,-1.1293708980083466,,-0.2064585733127673,1.7922085122173512,-51.0361524047456,-51.0361524047456,0.0,131241642.0,-49.46027577909094,0.0,-0.5919128606927229,-0.32621002904212015,GCST90200341,cancerType_celltype,CRC_Epi_CRC,tissue,Tumor,Adjacent,group2_higher,0.0,0.0
41434,9402,-0.009832704973178105,0.6536517035374763,-0.050994835793972,0.5835587680339813,1.0927158501064018,1.098237123884963,-0.6634844085106544,-0.6345536038279533,,-0.21311786981691527,6.054645428732573,-52.93472224137597,-52.93472224137597,0.0,130467884.5,-50.06258149323748,0.0,-0.6066204011174902,-0.3301824728146039,GCST90200232,cancerType_celltype,CRC_Epi_CRC,tissue,Tumor,Adjacent,group2_higher,0.0,0.0
41434,9402,-0.8256828641096448,-0.07388413856162346,-0.9076187312602997,-0.14614947140216827,1.3029487558492507,1.260282389168511,-0.7517987255480213,-0.7614692598581314,,-0.241424169372223,-3.482233400251469,-51.89060741593319,-51.89060741593319,0.0,130345839.0,-50.15758374140422,0.0,-0.580465966759315,-0.33080905011619344,GCST90199623,cancerType_celltype,CRC_Epi_CRC,tissue,Tumor,Adjacent,group2_higher,0.0,0.0
41434,9402,-0.2977694805627968,0.7117163376633163,-0.46454183757305145,0.5786451995372772,1.830383760838331,1.6824796079535163,-1.009485818226113,-1.0431870371103287,,-0.22004060244572593,1.2571036412844248,-51.654042511901906,-51.654042511901906,0.0,130069720.0,-50.37251936591762,0.0,-0.5595989256703668,-0.332226635344142,GCST90199920,cancerType_celltype,CRC_Epi_CRC,tissue,Tumor,Adjacent,group2_higher,0.0,0.0
41434,9402,-0.3646313130588903,0.20021703795275167,-0.41021430492401123,0.1329947412014007,0.9596400101919631,0.9341921014760934,-0.564848351011642,-0.543209046125412,,-0.2318611879829552,-0.8648704614215561,-52.66134922555444,-52.66134922555444,0.0,130007623.5,-50.420856314869326,0.0,-0.5914735918083158,-0.33254543658964597,GCST90200061,cancerType_celltype,CRC_Epi_CRC,tissue,Tumor,Adjacent,group2_higher,0.0,0.0
41434,9402,-0.5180230893063638,-0.06972106325869741,-0.5788685977458954,-0.1366103738546371,0.7182912054741867,0.7729854144652711,-0.44830202604766634,-0.4422582238912583,,-0.21709952560085183,-2.8933320197570933,-51.42270636861321,-51.42270636861321,0.0,129752131.5,-50.61973553932754,0.0,-0.6151948122037783,-0.33385712352556507,GCST90200225,cancerType_celltype,CRC_Epi_CRC,tissue,Tumor,Adjacent,group2_higher,0.0,0.0
41434,9402,-0.19363025332307224,0.49085233484538443,-0.2469341307878494,0.40328527987003326,1.045880612566635,1.169033605094616,-0.6844825881684566,-0.6502194106578827,,-0.23726095486140694,1.3419801853883753,-52.22829539778668,-52.22829539778668,0.0,129195323.0,-51.053164541612325,0.0,-0.6398677804924272,-0.33671575876760285,GCST90200827,cancerType_celltype,CRC_Epi_CRC,tissue,Tumor,Adjacent,group2_higher,0.0,0.0
41434,9402,-1.2296323160230243,-0.5026096690831598,-1.314011037349701,-0.5762123465538025,1.3108178789491225,1.1487373931682487,-0.7270226469398644,-0.7377986907958984,,-0.21906127554980823,-1.2907149582250614,-53.916836328019784,-53.916836328019784,0.0,128940521.5,-51.25150626937989,0.0,-0.5669286223733013,-0.3380239007008242,GCST90200054,cancerType_celltype,CRC_Epi_CRC,tissue,Tumor,Adjacent,group2_higher,0.0,0.0
41434,9402,-0.13673218687371075,0.63963002363747,-0.20577053725719452,0.5322538316249847,1.2393476028636414,1.2857534391425833,-0.7763622105111807,-0.7380243688821793,,-0.23519085959701402,2.2258764689049184,-53.207771450889254,-53.207771450889254,0.0,128489627.5,-51.602489662334904,0.0,-0.6220553324704526,-0.34033877462753936,GCST90200975,cancerType_celltype,CRC_Epi_CRC,tissue,Tumor,Adjacent,group2_higher,0.0,0.0
41434,9402,-1.4319992214035042,-0.6472171597180478,-1.6025755405426025,-0.7005618214607239,1.34421324887338,1.2575390332032728,-0.7847820616854564,-0.9020137190818787,,-0.26549030873556934,-1.1457077229152577,-53.923469032784084,-53.923469032784084,0.0,128105179.0,-51.901750772366235,0.0,-0.5906788717827292,-0.3423125196958142,GCST90200857,cancerType_celltype,CRC_Epi_CRC,tissue,Tumor,Adjacent,group2_higher,0.0,0.0
41434,9402,-0.6475552105307838,0.002692906315274478,-0.7209954559803009,-0.1115624420344829,0.9964327619304202,1.0815178195610808,-0.6502481168460583,-0.609433013945818,,-0.2562929481711435,-7.909161940107915,-53.383280510635174,-53.383280510635174,0.0,127096067.0,-52.68726034586161,0.0,-0.6420891504729596,-0.34749326518795953,GCST90200159,cancerType_celltype,CRC_Epi_CRC,tissue,Tumor,Adjacent,group2_higher,0.0,0.0
41434,9402,-1.3264987251779816,-0.19928012100261785,-1.408153772354126,-0.3287555128335953,1.7003897418492573,1.8449191070418862,-1.1272186041753638,-1.0793982595205307,,-0.27138385787880775,-2.7347474293497354,-54.24569996748965,-54.24569996748965,0.0,126908229.0,-52.833476570885416,0.0,-0.6523144026531061,-0.34845761886897175,GCST90199674,cancerType_celltype,CRC_Epi_CRC,tissue,Tumor,Adjacent,group2_higher,0.0,0.0
41434,9402,-0.18159684472081553,0.4964403726692312,-0.23485508561134333,0.4156152904033661,0.9461378025470759,1.1040280810641672,-0.6780372173900467,-0.6504703760147095,,-0.25105955397597873,1.45087627226762,-55.13314553277501,-55.13314553277501,0.0,125907037.5,-53.612820695375255,0.0,-0.6938133192180359,-0.35359770079288033,GCST90200972,cancerType_celltype,CRC_Epi_CRC,tissue,Tumor,Adjacent,group2_higher,0.0,0.0
41434,9402,-0.5301828200671922,0.1350839823001264,-0.5914934277534485,0.07297485321760175,0.9885556136311785,1.07134244027464,-0.6652668023673186,-0.6644682809710503,,-0.2492604520449492,-1.9726253473591708,-55.121483001445945,-55.121483001445945,0.0,125537324.0,-53.90061183620054,0.0,-0.662365483874805,-0.35549579688975586,GCST90199861,cancerType_celltype,CRC_Epi_CRC,tissue,Tumor,Adjacent,group2_higher,0.0,0.0
41434,9402,-0.2569991962590548,0.7071222369339082,-0.35805487632751465,0.5626045763492584,1.3078169744179842,1.5535727131003272,-0.9641214331929631,-0.9206594526767731,,-0.26011121621310185,1.4601922076722693,-55.85100790014011,-55.85100790014011,0.0,124148282.5,-54.981864854926286,0.0,-0.7106762759158217,-0.3626270870632229,GCST90199916,cancerType_celltype,CRC_Epi_CRC,tissue,Tumor,Adjacent,group2_higher,0.0,0.0
41434,9402,-1.026477299575793,-0.3594954016811073,-1.121452808380127,-0.45245139300823206,0.9776860180762921,1.0506153907309865,-0.6669818978946856,-0.6690014153718948,,-0.2782475852995994,-1.5136538928142944,-56.27597980697759,-56.27597980697759,0.0,123582206.0,-55.422508222640424,0.0,-0.6726472194351655,-0.36553330389107197,GCST90200791,cancerType_celltype,CRC_Epi_CRC,tissue,Tumor,Adjacent,group2_higher,0.0,0.0
41434,9402,-0.9329255994038723,-0.15741711705893952,-1.0554648637771606,-0.29439499974250793,1.1078615778684682,1.254974413892124,-0.7755084823449327,-0.7610698640346527,,-0.2707904514522636,-2.567161989083445,-55.233718897523,-55.233718897523,0.0,123336852.0,-55.61349585919155,0.0,-0.6823631565520046,-0.3667929426917995,GCST90200436,cancerType_celltype,CRC_Epi_CRC,tissue,Tumor,Adjacent,group2_higher,0.0,0.0
41434,9402,-0.4444376434982386,0.35879783759445655,-0.5196216106414795,0.26449349522590637,1.1915933808664891,1.2041823774029645,-0.8032354810926952,-0.7841151058673859,,-0.24871363549606004,-0.3088090467347127,-58.50465496448964,-58.50465496448964,0.0,123012521.5,-55.86596011759552,0.0,-0.6727651106538868,-0.3684580440639369,GCST90200596,cancerType_celltype,CRC_Epi_CRC,tissue,Tumor,Adjacent,group2_higher,0.0,0.0
41434,9402,-0.6094048941725525,0.2662975718430859,-0.6938393414020538,0.11374449357390401,1.2032372721375344,1.3770387325595326,-0.8757024660156384,-0.8075838349759579,,-0.25981169112789293,-1.1943587624269667,-56.92790876921795,-56.92790876921795,0.0,122745102.5,-56.074123517331685,0.0,-0.7077980673174302,-0.36983096379808333,GCST90200751,cancerType_celltype,CRC_Epi_CRC,tissue,Tumor,Adjacent,group2_higher,0.0,0.0
41434,9402,-0.3315359400986404,0.4028934578835093,-0.4166395515203476,0.226759985089302,0.9207506566855118,1.1684744407919894,-0.7344293979821497,-0.6433995366096497,,-0.31641803819970993,0.2812323347917564,-57.058097974876574,-57.058097974876574,0.0,122602606.0,-56.185045164224775,0.0,-0.7561016980814872,-0.37056253581389675,GCST90200216,cancerType_celltype,CRC_Epi_CRC,tissue,Tumor,Adjacent,group2_higher,0.0,0.0
41434,9402,-0.5895613451757218,0.11194645056164583,-0.6738569438457489,0.07018486410379404,1.0082415910913076,1.0745235949122833,-0.7015077957373677,-0.744041807949543,,-0.250272422858527,-2.3968227104129616,-57.792986409197646,-57.792986409197646,0.0,122143279.5,-56.54259255550555,0.0,-0.6871976739626798,-0.37292070189882875,GCST90199905,cancerType_celltype,CRC_Epi_CRC,tissue,Tumor,Adjacent,group2_higher,0.0,0.0
41434,9402,-0.7026203808445828,0.12702020322976024,-0.8020659685134888,0.0497053544968366,1.3335870490568535,1.1926870100735456,-0.829640584074343,-0.8517713230103253,,-0.24741447206512504,-2.4676781371783285,-59.53091204428315,-59.53091204428315,0.0,122083658.5,-56.58900253406231,0.0,-0.6339553661764871,-0.37322679401445824,GCST90200519,cancerType_celltype,CRC_Epi_CRC,tissue,Tumor,Adjacent,group2_higher,0.0,0.0
41434,9402,-0.4634261759732999,0.305675214571837,-0.5172268748283386,0.24505735188722605,1.1128471326902039,1.120362261844,-0.7691013905451369,-0.7622842267155647,,-0.2300092689825942,-0.6003383513048145,-60.1680077079322,-60.1680077079322,0.0,121893821.0,-56.736775203159915,0.0,-0.6902470403933095,-0.37420141305809773,GCST90199964,cancerType_celltype,CRC_Epi_CRC,tissue,Tumor,Adjacent,group2_higher,0.0,0.0
41434,9402,-0.8829061314298603,0.10570465566413947,-0.9851489365100861,-0.04268910363316535,1.287383048892041,1.5093132212585147,-0.9886107870939997,-0.9424598328769207,,-0.29654097364610216,-3.0622091274157173,-58.84050540682586,-58.84050540682586,0.0,119897408.0,-58.29081630479246,0.0,-0.7426367503102758,-0.3844509271360299,GCST90200357,cancerType_celltype,CRC_Epi_CRC,tissue,Tumor,Adjacent,group2_higher,0.0,0.0
41434,9402,-1.0720420629079892,-0.3497424983760635,-1.1675502061843872,-0.39154309034347534,1.0291879557254084,1.0884283074760814,-0.7222995645319257,-0.7760071158409119,,-0.2718665467155411,-1.6159937150950736,-58.66989695407626,-58.66989695407626,0.0,119892728.0,-58.29445929467263,0.0,-0.6942532318390287,-0.3844749540913166,GCST90200930,cancerType_celltype,CRC_Epi_CRC,tissue,Tumor,Adjacent,group2_higher,0.0,0.0
41434,9402,-0.770315025717592,-0.20745451912018223,-0.8277236521244049,-0.25446106493473053,0.8572838187233207,0.7543593461441075,-0.5628605065974098,-0.5732625871896744,,-0.2517956208052558,-1.8926484005778506,-63.624347067440866,-63.624347067440866,0.0,118956571.0,-59.023179482119325,0.0,-0.670709708728887,-0.3892811511811246,GCST90201016,cancerType_celltype,CRC_Epi_CRC,tissue,Tumor,Adjacent,group2_higher,0.0,0.0
41434,9402,0.1602402063578883,1.1696461658196722,0.0752866752445697,1.1799721717834473,1.423819346054001,1.3949332540033899,-1.009405959461784,-1.1046854965388775,,-0.2588972507578944,2.867756301419975,-63.101729301195206,-63.101729301195206,0.0,117032376.5,-60.521004501559325,0.0,-0.7115901117760516,-0.3991598980217982,GCST90200086,cancerType_celltype,CRC_Epi_CRC,tissue,Tumor,Adjacent,group2_higher,0.0,0.0
41434,9402,-0.823734414240815,0.12426110705990931,-0.9090834259986877,-0.08402930200099945,1.1149846384891997,1.3964277683952238,-0.9479955213007243,-0.8250541239976883,,-0.3025692669550857,-2.7287945919943004,-61.52600050745029,-61.52600050745029,0.0,116441432.0,-60.9810055343034,0.0,-0.8087749135039856,-0.402193786286414,GCST90200977,cancerType_celltype,CRC_Epi_CRC,tissue,Tumor,Adjacent,group2_higher,0.0,0.0
41434,9402,-1.3926519054781619,0.03395392511457331,-1.5448039174079895,-0.17677770555019373,1.8249272144338586,2.0469042777278097,-1.4266058305927352,-1.3680262118577957,,-0.33338111038863694,-5.358071075307006,-62.202505273142734,-62.202505273142734,0.0,116369186.0,-61.03724302295357,0.0,-0.7637208155138676,-0.40256469470770473,GCST90200104,cancerType_celltype,CRC_Epi_CRC,tissue,Tumor,Adjacent,group2_higher,0.0,0.0
41434,9402,-0.3793818390520634,0.2524763263652013,-0.43675450980663294,0.19236116856336588,0.8401399152673691,0.8827405031570038,-0.6318581654172647,-0.6291156783699988,,-0.280276199355368,-0.5875005885921734,-63.212869373002356,-63.212869373002356,0.0,116282126.5,-61.105011586516106,0.0,-0.7449580358213564,-0.40301165511663206,GCST90200981,cancerType_celltype,CRC_Epi_CRC,tissue,Tumor,Adjacent,group2_higher,0.0,0.0
41434,9402,-0.6847907538313458,0.03854107526823188,-0.7650980055332184,-0.06266665831208225,0.9285200531407861,1.0495885479082039,-0.7233318290995777,-0.7024313472211361,,-0.3192742425331973,-4.151159169470985,-61.57896275284234,-61.57896275284234,0.0,116058540.5,-61.2790546496246,0.0,-0.7597457522626575,-0.40415953777148783,GCST90200416,cancerType_celltype,CRC_Epi_CRC,tissue,Tumor,Adjacent,group2_higher,0.0,0.0
41434,9402,-0.15733799559548484,0.4620185466189256,-0.20516057312488556,0.41812530159950256,0.8762056349809515,0.8244216322208262,-0.6193565422144105,-0.6232858747243881,,-0.25664287968496763,1.5540776098826719,-64.9908066169123,-64.9908066169123,0.0,116056369.5,-61.280744592152345,0.0,-0.7144810315649888,-0.40417068360907915,GCST90200090,cancerType_celltype,CRC_Epi_CRC,tissue,Tumor,Adjacent,group2_higher,0.0,0.0
41434,9402,-0.7912831434099958,-0.06361835980779731,-0.8884219825267792,-0.1671106740832328,0.9470112551891843,1.0209949476570892,-0.7276647836021986,-0.7213113084435464,,-0.32695947173614837,-3.6366580878256083,-63.21116350470035,-63.21116350470035,0.0,115079944.5,-62.04081006090132,0.0,-0.7570986903034884,-0.40918361519364843,GCST90200629,cancerType_celltype,CRC_Epi_CRC,tissue,Tumor,Adjacent,group2_higher,0.0,0.0
41434,9402,-1.303907813313771,-0.4509322659341137,-1.4350385069847107,-0.521118551492691,1.206420655139866,1.1089206911580025,-0.8529755473796572,-0.9139199554920197,,-0.2869542399826998,-1.5318571321218755,-66.21993361199473,-66.21993361199473,0.0,113964263.0,-62.90927510662635,0.0,-0.7173937279424604,-0.4149114847480636,GCST90199895,cancerType_celltype,CRC_Epi_CRC,tissue,Tumor,Adjacent,group2_higher,0.0,0.0
41434,9402,-0.6003292943826851,0.29141884964353904,-0.6798935830593109,0.22068521380424494,1.2130092053294292,1.1544289596560153,-0.8917481440262242,-0.9005787968635559,,-0.2914683490948826,-1.042657324472371,-66.97894865942946,-66.97894865942946,0.0,113743919.0,-63.08079454298452,0.0,-0.7416458663792342,-0.416042723089022,GCST90200039,cancerType_celltype,CRC_Epi_CRC,tissue,Tumor,Adjacent,group2_higher,0.0,0.0
41434,9402,-0.7637323478579899,0.10695888496180266,-0.8441747725009918,0.012213060166686749,1.0434112155043993,1.2063597850993792,-0.8706912328197925,-0.8563878326676786,,-0.32861388028095917,-2.8359992004302415,-64.70683023840293,-64.70683023840293,0.0,113120224.5,-63.56628872072338,0.0,-0.8096375881985799,-0.4192447487009965,GCST90200344,cancerType_celltype,CRC_Epi_CRC,tissue,Tumor,Adjacent,group2_higher,0.0,0.0
41434,9402,-0.22926616267686128,0.5820101276335125,-0.31696365773677826,0.5095615684986115,1.0515823418433055,1.0961597203943743,-0.8112762903103737,-0.8265252262353897,,-0.30750881107621675,1.344017000328146,-65.27120676761504,-65.27120676761504,0.0,112922127.5,-63.72049072206784,0.0,-0.7653784045970048,-0.42026177172694157,GCST90200076,cancerType_celltype,CRC_Epi_CRC,tissue,Tumor,Adjacent,group2_higher,0.0,0.0
41434,9402,-0.6647597189655451,0.29685479115881014,-0.7566242516040802,0.1830469518899917,1.1393195225063724,1.29765693117547,-0.9616145101243552,-0.939671203494072,,-0.3196962017616546,-1.1630728771319845,-66.28991292986481,-66.28991292986481,0.0,111459274.5,-64.85919984069533,0.0,-0.8217400014391406,-0.42777200754360145,GCST90200132,cancerType_celltype,CRC_Epi_CRC,tissue,Tumor,Adjacent,group2_higher,0.0,0.0
41434,9402,-0.46326042363384673,0.04598582457498215,-0.5304293632507324,-0.027765932492911802,0.6238091855347445,0.6958498932111189,-0.5092462482088289,-0.5026634307578206,,-0.3358984618502046,-3.3325340652414415,-65.25999765439354,-65.25999765439354,0.0,111383895.0,-64.91787649789026,0.0,-0.7985099221818174,-0.4281590032436081,GCST90200927,cancerType_celltype,CRC_Epi_CRC,tissue,Tumor,Adjacent,group2_higher,0.0,0.0
41434,9402,-1.471225995614938,-0.4066911165299698,-1.5915165543556213,-0.5483465492725372,1.2307131045995274,1.409424738990028,-1.0645348790849682,-1.043170005083084,,-0.3522058256471367,-1.8550109267352934,-67.62007458118136,-67.62007458118136,0.0,110425813.5,-65.66366308098392,0.0,-0.8410864413294549,-0.4330777599447799,GCST90200897,cancerType_celltype,CRC_Epi_CRC,tissue,Tumor,Adjacent,group2_higher,0.0,0.0
41434,9402,-1.125148895576244,-0.26608547389925147,-1.2258236408233643,-0.3413078486919403,1.0776234613536468,1.1277657363067668,-0.8590634216769926,-0.884515792131424,,-0.3326209035242521,-2.0801501339325714,-67.22478520172115,-67.22478520172115,0.0,110422160.5,-65.66650663697372,0.0,-0.7902552164924876,-0.43309651431821194,GCST90199709,cancerType_celltype,CRC_Epi_CRC,tissue,Tumor,Adjacent,group2_higher,0.0,0.0
41434,9402,-1.0074626048158037,-0.1354970657243851,-1.1426401138305664,-0.20661786943674085,1.1136066836883207,1.1534389851753162,-0.8719655390914186,-0.9360222443938255,,-0.34751854377667557,-2.8943835595987917,-66.59639433746041,-66.59639433746041,0.0,110322617.5,-65.74399256467495,0.0,-0.7777908208327465,-0.4336075645767805,GCST90199756,cancerType_celltype,CRC_Epi_CRC,tissue,Tumor,Adjacent,group2_higher,0.0,0.0
41434,9402,-0.9061714931222333,0.013351454000900067,-1.0114364624023438,-0.10083535313606254,1.1302697166039997,1.217911093011892,-0.9195229471231334,-0.9106011092662812,,-0.29617774724817875,-6.084608879211226,-66.9567879686247,-66.9567879686247,0.0,110164844.5,-65.86680569338523,0.0,-0.8016887176067488,-0.43441756560593514,GCST90199936,cancerType_celltype,CRC_Epi_CRC,tissue,Tumor,Adjacent,group2_higher,0.0,0.0
41434,9402,-0.7743305627486718,0.4762069298018179,-0.8798702955245972,0.4387353360652923,1.481713520854792,1.4971868759781382,-1.2505374925504897,-1.3186056315898895,,-0.28455469514241466,-0.7013598049259087,-73.25731219348948,-73.25731219348948,0.0,105339558.5,-69.6228886136688,0.0,-0.8423469195627111,-0.4591904141032396,GCST90200113,cancerType_celltype,CRC_Epi_CRC,tissue,Tumor,Adjacent,group2_higher,0.0,0.0
41434,9402,-1.4839813040144245,-0.18347313172119378,-1.6019810438156128,-0.24900981783866882,1.6224805029044187,1.4560418068481555,-1.3005081722932308,-1.352971225976944,,-0.3299884516289771,-3.0158253135190916,-76.49737281230922,-76.49737281230922,0.0,104102177.5,-70.58608657540276,0.0,-0.8163835403072727,-0.46554308460742166,GCST90200508,cancerType_celltype,CRC_Epi_CRC,tissue,Tumor,Adjacent,group2_higher,0.0,0.0
41434,9402,-0.6521404294434345,0.38538458911653056,-0.706209659576416,0.32294611632823944,1.222214231854282,1.1640646837082262,-1.0375250185599652,-1.0291557759046555,,-0.31617529264776784,-0.7588822492781409,-77.29478486498763,-77.29478486498763,0.0,103383599.5,-71.14543964850382,0.0,-0.8562764146878892,-0.4692322387689566,GCST90199630,cancerType_celltype,CRC_Epi_CRC,tissue,Tumor,Adjacent,group2_higher,0.0,0.0
41434,9402,-0.19366892690942003,0.8134468127395387,-0.2686265408992767,0.7967908084392548,1.102325164158299,0.9924265883387374,-1.0071157396489587,-1.0654173493385315,,-0.34557963080422033,2.0704498423858855,-86.97491315212307,-86.97491315212307,0.0,95776002.0,-77.06732014100562,0.0,-0.9300671286518335,-0.5082893765833725,GCST90199958,cancerType_celltype,CRC_Epi_CRC,tissue,Tumor,Adjacent,group2_higher,0.0,0.0
41434,9402,-0.8803881746062954,0.28709888157675273,-0.975739598274231,0.17233283072710037,1.138643066561563,1.25725836989696,-1.1674870561830482,-1.1480724290013313,,-0.4270531658610973,-1.61658867028896,-82.67488961622364,-82.67488961622364,0.0,93510444.0,-78.8308681894968,0.0,-1.0051610546923144,-0.5199206716187044,GCST90200567,cancerType_celltype,CRC_Epi_CRC,tissue,Tumor,Adjacent,group2_higher,0.0,0.0
41434,9402,-1.8173033057268841,-1.1342016427478514,-1.9843496680259705,-1.1504724621772766,1.735435459206924,1.6519518505858315,-0.6831016629790327,-0.8338772058486938,,-0.17817847999507477,-0.6801215946239991,-35.856547408397816,-35.856547408397816,7.544169657604319e-270,146432855.5,-37.63518239276499,5.7172114599096e-310,-0.39708246499001987,-0.24821887359025563,GCST90200479,cancerType_celltype,CRC_Epi_CRC,tissue,Tumor,Adjacent,group2_higher,2.8171789707711475e-269,2.10042027489401e-309
41434,9402,-0.0631651721805511,0.3457414717127384,-0.13045286387205118,0.2967211008071899,1.0311733864314305,0.9404105004467692,-0.40890664389328946,-0.42717396467924107,,-0.1602815309591753,2.4524737842818527,-37.37073588999679,-37.37073588999679,2.5335721000191013e-292,146530313.0,-37.55931985296869,9.92576538991462e-309,-0.4028636875206791,-0.24771853021528756,GCST90200183,cancerType_celltype,CRC_Epi_CRC,tissue,Tumor,Adjacent,group2_higher,1.0370146463441547e-291,3.636779093132696e-308
41434,9402,-0.3279275923538249,-0.026624937758985515,-0.40234309434890747,-0.10287735983729354,0.7295158475719884,0.7367859210675404,-0.3013026545948394,-0.29946573451161396,,-0.18008064632199416,-3.622477454228216,-35.86365854165843,-35.86365854165843,1.7911591503647294e-269,146896168.5,-37.27453184354462,4.244825053694945e-304,-0.41225442251035005,-0.24584024095462909,GCST90199693,cancerType_celltype,CRC_Epi_CRC,tissue,Tumor,Adjacent,group2_higher,6.652179623834131e-269,1.5511250799426836e-303
41434,9402,0.302029905637951,0.0700929208135991,0.33003957569599146,0.10235913470387455,0.4467028950838103,0.5730114310255098,0.23193698482435193,0.22768044099211693,,0.18857720531219974,2.1073349513739887,36.792913976686684,36.792913976686684,4.900574416116678e-281,242659827.0,37.26949354183535,5.122400785398953e-304,0.4907547376947664,0.24580701136742977,GCST90200630,cancerType_celltype,CRC_Epi_CRC,tissue,Tumor,Adjacent,group1_higher,1.9029865895062769e-280,1.8668000723258753e-303
41434,9402,0.18052475821682276,-0.031923699410956734,0.1657456755638122,-0.0858719982206821,0.5302675299977185,0.6085446879498638,0.2124484576277795,0.2516176737844943,,0.15706347877364218,2.499459760617074,31.26461466073087,31.26461466073087,7.267228039162234e-207,242629472.5,37.245865093904236,1.2361633936771003e-303,0.3893915591824958,0.24565117243276124,GCST90200420,cancerType_celltype,CRC_Epi_CRC,tissue,Tumor,Adjacent,group1_higher,2.1301573800813175e-206,4.493041881551701e-303
41434,9402,0.22736794141153546,0.004058120924129902,0.2530978173017502,-0.0060274014249443505,0.4831950957052894,0.5945676439186496,0.22330982048740555,0.25912521872669453,,0.16292834951735252,5.807724065779732,33.961970323486106,33.961970323486106,8.50703599008121e-242,242602034.0,37.22450650889845,2.7397761152145864e-303,0.441634457272269,0.2455103041394635,GCST90201002,cancerType_celltype,CRC_Epi_CRC,tissue,Tumor,Adjacent,group1_higher,2.862985198637207e-241,9.931688417652876e-303
41434,9402,1.099696662151237,0.6597452193586034,1.1194781064987183,0.6335335969924927,1.0945405871310467,0.9939092597985699,0.43995144279263354,0.4859445095062256,,0.1498976027485732,0.73712385737928,38.0084864214091,38.0084864214091,6.557219797010855e-302,242376279.0,37.0487750600955,1.8793420503991087e-300,0.4086339696653587,0.24435128591494593,GCST90200771,cancerType_celltype,CRC_Epi_CRC,tissue,Tumor,Adjacent,group1_higher,2.7670249483980787e-301,6.794544336058316e-300
41434,9402,-1.3353403611887202,-0.8202439410515111,-1.4671611189842224,-0.8178443312644958,1.2739364124767751,1.2753889272976395,-0.5150964201372091,-0.6493167877197266,,-0.1817281843142165,-0.7030818977961557,-35.36227540478815,-35.36227540478815,1.9905225724299427e-262,147295605.0,-36.963603824897056,4.403931537861691e-299,-0.40424920327794345,-0.24378954802185926,GCST90199679,cancerType_celltype,CRC_Epi_CRC,tissue,Tumor,Adjacent,group2_higher,7.158528406918238e-262,1.5879784883876942e-298
41434,9402,0.18838426527958857,-0.019968147758205983,0.21552957594394678,-0.038634857162833144,0.4218470208809704,0.5904747629976788,0.20835241303779456,0.25416443310677994,,0.18672876344285277,3.237841459715454,32.38999757033962,32.38999757033962,1.834548156238488e-220,242197223.0,36.909394890013495,3.266327712709234e-298,0.45517798311357044,0.24343201871285003,GCST90199945,cancerType_celltype,CRC_Epi_CRC,tissue,Tumor,Adjacent,group1_higher,5.708879308112007e-220,1.1746714175257746e-297
41434,9402,0.5861781537473656,0.9967979924428888,0.5512168407440186,0.965629369020462,0.9481946303224654,0.9863332105453678,-0.4106198386955232,-0.4144125282764435,,-0.1523976747351174,0.7659609476309821,-36.70172362278669,-36.70172362278669,2.6991119781270594e-281,147384966.5,-36.894043346226795,5.757941796078495e-298,-0.4298052474029013,-0.2433307692259512,GCST90200346,cancerType_celltype,CRC_Epi_CRC,tissue,Tumor,Adjacent,group2_higher,1.0571521914330983e-280,2.0652828073828918e-297
41434,9402,-0.2988962426711365,0.15654628931285172,-0.3752626031637192,0.03473337739706035,1.0209883831295512,1.0772868389749146,-0.4554425319839882,-0.4099959805607795,,-0.16692657268586686,-0.9330510604315135,-37.36215861843084,-37.36215861843084,7.951101684704685e-291,147580847.0,-36.74156670536725,1.5853659770458346e-295,-0.44147790907051543,-0.24232512563299602,GCST90200299,cancerType_celltype,CRC_Epi_CRC,tissue,Tumor,Adjacent,group2_higher,3.2158313341995506e-290,5.671532353578669e-295
41434,9402,-0.3574732642060304,0.21621001870172857,-0.3765033930540085,0.17213637381792066,1.2443683143222668,1.361595761475509,-0.5736832829077589,-0.5486397668719292,,-0.16372670039074147,-0.7253993324728053,-37.45824871451171,-37.45824871451171,6.3442886674106335e-292,147592932.5,-36.73215915105169,2.2404461316293464e-295,-0.45283673188969886,-0.24226307910134715,GCST90200521,cancerType_celltype,CRC_Epi_CRC,tissue,Tumor,Adjacent,group2_higher,2.589001632838531e-291,7.994052558667014e-295
41434,9402,-0.6534746170643065,-0.22691912477538176,-0.7327072024345398,-0.3635149151086807,0.7812836568991326,1.030092037316084,-0.42655549228892475,-0.36919228732585907,,-0.20584124354370964,-1.525948843777608,-37.76308967275504,-37.76308967275504,6.129232900373254e-295,147607589.5,-36.72074989834364,3.407594455503421e-295,-0.5121220544593464,-0.24218783057920246,GCST90199938,cancerType_celltype,CRC_Epi_CRC,tissue,Tumor,Adjacent,group2_higher,2.5469952570758368e-294,1.2126765647130974e-294
41434,9402,0.6622421768502557,0.3582967074231114,0.6884372234344482,0.3307497054338455,0.673350890762252,0.8281905724554799,0.30394546942714423,0.3576875180006027,,0.17594515110599038,0.8862022619997796,33.18386421764133,33.18386421764133,2.159478806452446e-231,241663376.5,36.493839890640785,1.3887679747145615e-291,0.4314002828988832,0.2406912695706609,GCST90199733,cancerType_celltype,CRC_Epi_CRC,tissue,Tumor,Adjacent,group1_higher,7.008022888558771e-231,4.929402993583196e-291
41434,9402,0.3223414695660481,-1.406227941695026e-05,0.29356804490089417,-0.0460508912801742,0.7945393143362494,0.762878146694662,0.32235553184546506,0.33961893618106836,,0.1609421793974831,14.385366546159297,36.70341699773999,36.70341699773999,5.169939241480394e-282,241596290.0,36.44161864265018,9.339354689467873e-291,0.40867618287440505,0.2403468498407808,GCST90200893,cancerType_celltype,CRC_Epi_CRC,tissue,Tumor,Adjacent,group1_higher,2.0425006336631237e-281,3.306374140712912e-290
41434,9402,0.014652707419215844,-0.20363200266647544,-0.008233705069869701,-0.25936946272850037,0.5220902160086617,0.617237250856311,0.21828471008569128,0.25113575765863067,,0.18162668199063553,-3.7966337761345916,31.806288580247433,31.806288580247433,1.2533340402248688e-213,241571618.5,36.422413936490216,1.8810771646953097e-290,0.4035217726254692,0.24022018722809824,GCST90200738,cancerType_celltype,CRC_Epi_CRC,tissue,Tumor,Adjacent,group1_higher,3.7794121611205665e-213,6.642249159273854e-290
41434,9402,0.7578647141967788,0.43540305877843294,0.7669980227947235,0.33931210637092585,0.7818594348218693,0.9024405376859077,0.32246165541834587,0.42768591642379766,,0.15323101150515228,0.799587384512395,32.02698013630696,32.02698013630696,1.4402055075849326e-216,241553656.5,36.40843201678346,3.131103398816241e-290,0.40031456041768615,0.24012797095227367,GCST90200918,cancerType_celltype,CRC_Epi_CRC,tissue,Tumor,Adjacent,group1_higher,4.391499120443542e-216,1.1027632900740403e-289
41434,9402,0.1354321110464018,-0.07987565370143476,0.12916766852140427,-0.11353410780429835,0.5543787705038906,0.5804191486290573,0.21530776474783656,0.2427017763257026,,0.1543135712795349,0.7617346960792484,32.73953428127187,32.73953428127187,2.436645076851368e-226,241497386.5,36.3646305123909,1.5430903666845726e-289,0.3849690275663693,0.23983908275270505,GCST90199933,cancerType_celltype,CRC_Epi_CRC,tissue,Tumor,Adjacent,group1_higher,7.723598231973056e-226,5.420701468533692e-289
41434,9402,0.010018115756640128,0.4705204868540218,-0.04886179044842715,0.3877586722373962,1.0503547217810192,1.0968100206682998,-0.4605023710973817,-0.43662046268582333,,-0.15210530157397842,5.5534335133243795,-37.03898712555179,-37.03898712555179,3.5511493215113623e-286,148075721.0,-36.35634854853832,2.08579655847231e-289,-0.4348055665326445,-0.23978445993416386,GCST90200587,cancerType_celltype,CRC_Epi_CRC,tissue,Tumor,Adjacent,group2_higher,1.4111418440874596e-285,7.308330871973673e-289
41434,9402,0.30449899290631666,0.07346632247264646,0.3303809314966202,0.08919714763760565,0.5230678938210949,0.6942636280708717,0.2310326704336702,0.2411837838590145,,0.14102769769889248,2.0512675930611226,30.370347550891655,30.370347550891655,3.241073200956258e-195,241390864.0,36.28171162574337,3.1435674318700756e-288,0.413521468091019,0.23929219998678097,GCST90199638,cancerType_celltype,CRC_Epi_CRC,tissue,Tumor,Adjacent,group1_higher,9.12723713409789e-195,1.098636515292029e-287
41434,9402,0.669173870575146,0.08336362864696466,0.6680875420570374,0.00680156447924665,1.4942976234758074,1.351790204910621,0.5858102419281813,0.6612859775777907,,0.1491224065113369,3.0048759814970674,37.180453490313,37.180453490313,1.398145421927988e-289,241357562.0,36.25578879476272,8.054738982632409e-288,0.39878564579110387,0.23912122869085017,GCST90200775,cancerType_celltype,CRC_Epi_CRC,tissue,Tumor,Adjacent,group1_higher,5.638083461798366e-289,2.8078284484214766e-287
41434,9402,0.14438650868964106,-0.027387167741636697,0.13484852761030194,-0.0801217183470726,0.4718098948207642,0.5956117065198989,0.17177367643127775,0.21497024595737454,,0.13021408001623372,2.3983212779928196,26.16356021259626,26.16356021259626,7.373711825734969e-147,241354403.0,36.25332977659361,8.806401980338901e-288,0.34559691808758713,0.23910501049603172,GCST90200095,cancerType_celltype,CRC_Epi_CRC,tissue,Tumor,Adjacent,group1_higher,1.706344519266004e-146,3.0620219130617146e-287
41434,9402,0.17876024526530537,0.5097394437525342,0.17212114483118057,0.4990850687026977,0.7247853656740072,0.8063055466988313,-0.33097919848722884,-0.3269639238715171,,-0.14439712832330587,1.511728824074691,-36.589326278031294,-36.589326278031294,3.954329098087847e-279,148211115.0,-36.25095560583837,9.598560330906436e-288,-0.44694426358173833,-0.23908935190337688,GCST90199995,cancerType_celltype,CRC_Epi_CRC,tissue,Tumor,Adjacent,group2_higher,1.5225284069756314e-278,3.328966343772385e-287
41434,9402,0.14785838810532076,-0.16222247048350502,0.0982081964612007,-0.22577873617410654,0.785850114730525,0.7294714420811216,0.3100808585888258,0.32398693263530726,,0.14327555287854354,-0.1337567156238819,36.670403011252155,36.670403011252155,7.758991532473579e-282,241348091.5,36.24841679996354,1.0524585195511017e-287,0.3997264830767993,0.23907260747716585,GCST90200381,cancerType_celltype,CRC_Epi_CRC,tissue,Tumor,Adjacent,group1_higher,3.056504467850141e-281,3.6408653861628216e-287
41434,9402,0.07214384379995036,-0.1029519951481938,0.03510378859937185,-0.19757764041423795,0.5419780073686612,0.6732946875269689,0.17509583894814415,0.2326814290136098,,0.12589416983586663,-0.5130176080828326,23.544675400338832,23.544675400338832,6.236102470987674e-120,241326831.0,36.23186727296625,1.9181133014885617e-287,0.307967178045475,0.23896345681843245,GCST90200242,cancerType_celltype,CRC_Epi_CRC,tissue,Tumor,Adjacent,group1_higher,1.3177996384428218e-119,6.618704885895974e-287
41434,9402,-0.5163505687277626,-0.22505398584442113,-0.6003032922744751,-0.33573807775974274,0.6504980330773571,0.7440484219609114,-0.2912965828833415,-0.26456521451473236,,-0.20885493008477105,-1.1980761628034207,-35.04399391816226,-35.04399391816226,4.8008782798065765e-257,148313324.5,-36.17139403016374,1.7154146810157163e-286,-0.4355603739554524,-0.2385646119276562,GCST90200801,cancerType_celltype,CRC_Epi_CRC,tissue,Tumor,Adjacent,group2_higher,1.6864940967464856e-256,5.904318712687932e-286
41434,9402,-0.5043205591788709,-0.7328352437893451,-0.5540009438991547,-0.8223766386508942,0.6216303666668167,0.673121099884468,0.2285146846104742,0.2683756947517395,,0.17040366704962479,-0.5391469561830656,30.13109538941738,30.13109538941738,5.491296928751968e-193,241211156.0,36.1418239280114,5.00094074905042e-286,0.36187772137797786,0.23836958543963216,GCST90200348,cancerType_celltype,CRC_Epi_CRC,tissue,Tumor,Adjacent,group1_higher,1.5212678280262056e-192,1.7169476677470336e-285
41434,9402,-0.5404579699591154,-0.170746375228275,-0.6062606871128082,-0.23072271794080734,0.7902853418842225,0.9185124219249835,-0.3697115947308405,-0.3755379691720009,,-0.1811573068166161,-1.6623216957779101,-36.11355138599158,-36.11355138599158,5.465088830857388e-272,148380493.5,-36.11910856280025,1.1369911414490296e-285,-0.4533446123327444,-0.23821976864567973,GCST90200556,cancerType_celltype,CRC_Epi_CRC,tissue,Tumor,Adjacent,group2_higher,2.0577116233311103e-271,3.8937661452136365e-285
41434,9402,-0.14092481222883818,0.4799307065497983,-0.1659169867634773,0.3873773366212845,1.2886881603969995,1.5359913884826513,-0.6208555187786364,-0.5532943233847618,,-0.17296608580915532,1.7678932449286138,-36.39433483669894,-36.39433483669894,8.054988394002408e-276,148454497.0,-36.061503006903415,9.106434376357122e-285,-0.4640616267465856,-0.23783983728124447,GCST90199774,cancerType_celltype,CRC_Epi_CRC,tissue,Tumor,Adjacent,group2_higher,3.083974489052045e-275,3.110794499993674e-284
41434,9402,-0.5707170763780656,0.021579544219834594,-0.6715587377548218,-0.1826460883021354,1.17009298049225,1.4128176370437466,-0.5922966205979001,-0.48891264945268637,,-0.19287311003090676,-4.724975105887282,-37.813882233962744,-37.813882233962744,2.391652879890073e-296,148525094.0,-36.006549127294356,6.606991252613757e-284,-0.4860346452305146,-0.23747739476791696,GCST90199826,cancerType_celltype,CRC_Epi_CRC,tissue,Tumor,Adjacent,group2_higher,9.96887729446535e-296,2.2513322693281374e-283
41434,9402,0.13051445938897338,-0.06389106462509957,0.12512639164924616,-0.11255102604627605,0.4937773818008341,0.6098014811541743,0.19440552401407296,0.2376774176955222,,0.15124703195312553,1.0305120371680256,28.8410814134013,28.8410814134013,4.529028780014124e-177,240701529.0,35.74512179047689,7.877320212023566e-280,0.3758809621009528,0.23575317835803422,GCST90200833,cancerType_celltype,CRC_Epi_CRC,tissue,Tumor,Adjacent,group1_higher,1.1917116268647203e-176,2.6775031044858154e-279
41434,9402,0.16653720704680336,0.7537295597085418,0.10039288550615305,0.6767529845237732,1.4244700256860703,1.3812102191508269,-0.5871923526617384,-0.5763600990176201,,-0.14413857521867496,2.1781956902850137,-36.99843049025518,-36.99843049025518,3.0618214025875573e-286,148862450.0,-35.74394560293224,8.215830980678937e-280,-0.4145171999034981,-0.23574542093721407,GCST90200211,cancerType_celltype,CRC_Epi_CRC,tissue,Tumor,Adjacent,group2_higher,1.2202522139552166e-285,2.785616325041142e-279
41434,9402,0.2300308204902589,0.049618834970919894,0.2393883690237999,0.02650601230561725,0.4701040579816511,0.5784657421809566,0.180411985519339,0.21288235671818265,,0.1297342947934461,2.2128446020256445,28.20166220343725,28.20166220343725,1.2201205490236917e-169,240493306.5,35.58303793143335,2.5634185755104775e-277,0.3667311340353255,0.23468417137145758,GCST90200742,cancerType_celltype,CRC_Epi_CRC,tissue,Tumor,Adjacent,group1_higher,3.1201206535071145e-169,8.669825107743872e-277
41434,9402,0.18476445738848268,-0.0923247958502877,0.13719035685062403,-0.1242283396422863,0.6874200203969484,0.6231426594859858,0.27708925323877037,0.26141869649291033,,0.1745950890547288,1.0008893659287175,38.16741860048364,38.16741860048364,2.5055375735374085e-304,240390043.5,35.502656293827364,4.472765321141511e-276,0.4098991899389049,0.23415402276381503,GCST90200644,cancerType_celltype,CRC_Epi_CRC,tissue,Tumor,Adjacent,group1_higher,1.0739143750727949e-303,1.5090047358207622e-275
41434,9402,0.2485940847979,-0.06871711820421572,0.2250130102038383,-0.10867309197783465,0.7916571345999949,0.8239746777954049,0.3173112030021157,0.33368610218167294,,0.1709962423893371,1.8550353368481205,33.95354664328411,33.95354664328411,1.2205649471153673e-242,240346757.0,35.46896136189403,1.480029018176948e-275,0.39776643878556717,0.23393179139629017,GCST90200505,cancerType_celltype,CRC_Epi_CRC,tissue,Tumor,Adjacent,group1_higher,4.128114200789692e-242,4.980937164876987e-275
41434,9402,0.6240376158453904,0.36400321123534884,0.6217668354511261,0.35226112604141235,0.6925129771742189,0.5737172865811511,0.26003440461004157,0.26950570940971375,,0.1443745184446065,0.7776801652559935,38.0992734815212,38.0992734815212,2.7313276010722132e-304,240338423.5,35.462474426815746,1.8632236249581487e-275,0.38688239098002064,0.23388900750058905,GCST90200971,cancerType_celltype,CRC_Epi_CRC,tissue,Tumor,Adjacent,group1_higher,1.1670217931854002e-303,6.255107883788071e-275
41434,9402,-0.17396204072883115,-0.38661574493079265,-0.21332941949367515,-0.4486125707626343,0.5479144860703937,0.6238216313877314,0.2126537042019615,0.23528315126895913,,0.1564269066636412,-1.1521232928718355,30.49256981899842,30.49256981899842,3.0120241301282644e-197,240300461.0,35.432923785079424,5.315582936054682e-275,0.37790011822660663,0.23369410936168533,GCST90200108,cancerType_celltype,CRC_Epi_CRC,tissue,Tumor,Adjacent,group1_higher,8.570749247108192e-197,1.7801325655632754e-274
41434,9402,-0.37643092532578604,0.138657719149616,-0.46640606224536896,0.06351990997791285,1.1619830678675656,1.2987206919926924,-0.515088644475402,-0.5299259722232819,,-0.17073517700142568,-1.440850649831343,-35.37791319924676,-35.37791319924676,7.34328118945861e-262,149352201.5,-35.36271488534716,6.393486791682664e-274,-0.43340958705770083,-0.23323105397309474,GCST90200102,cancerType_celltype,CRC_Epi_CRC,tissue,Tumor,Adjacent,group2_higher,2.620128864196881e-261,2.1358633571233998e-273
41434,9402,-0.13648345477926085,0.4833713647961355,-0.22300561517477036,0.3538561314344406,1.4374438656956852,1.4945432758639134,-0.6198548195753963,-0.576861746609211,,-0.15927660101874905,1.824398352852577,-36.56078456057028,-36.56078456057028,2.950406993271551e-279,149390655.0,-35.33278204104008,1.8433762163914865e-273,-0.4280253209716415,-0.23303363505747166,GCST90199742,cancerType_celltype,CRC_Epi_CRC,tissue,Tumor,Adjacent,group2_higher,1.1392081393283638e-278,6.143085043866984e-273
41434,9402,-0.7205223334028578,-0.28016968917962715,-0.799676388502121,-0.35743312537670135,1.0616113088426193,1.109853609555035,-0.4403526442232306,-0.4422432631254196,,-0.17372476786386665,-1.3627391191542841,-35.00905687885045,-35.00905687885045,3.702688328164493e-257,149432291.0,-35.30037188577282,5.795784012903897e-273,-0.4112766799442621,-0.23281987729885723,GCST90199946,cancerType_celltype,CRC_Epi_CRC,tissue,Tumor,Adjacent,group2_higher,1.3040734344413963e-256,1.9267447828263442e-272
41434,9402,-0.09152793265571595,0.1978632688765082,-0.13281871378421778,0.1612996235489845,0.6584946371378122,0.7266343995869681,-0.28939120153222414,-0.29411833733320225,,-0.1561146460338389,1.112211346066461,-35.454597513008416,-35.454597513008416,5.0269953486731704e-263,149441528.5,-35.293181262051014,7.471830294557629e-273,-0.43088704783839793,-0.23277245229897248,GCST90200905,cancerType_celltype,CRC_Epi_CRC,tissue,Tumor,Adjacent,group2_higher,1.8174521645203e-262,2.4778843531586492e-272
41434,9402,0.3859875352976793,0.17081041716415962,0.4001508057117462,0.16128581017255778,0.48891668083328405,0.6418153792733078,0.2151771181335197,0.23886499553918844,,0.16569812207105908,1.1761535879291376,30.55868595318425,30.55868595318425,1.44852046961478e-197,240114476.5,35.28815035529983,8.924732569897844e-273,0.4133342715161645,0.23273927148443874,GCST90200154,cancerType_celltype,CRC_Epi_CRC,tissue,Tumor,Adjacent,group1_higher,4.13040460268817e-197,2.9525268186336797e-272
41434,9402,0.031119284651090814,-0.1918924974491621,0.024712949991226148,-0.23378445953130714,0.5725171683979665,0.6200788046606971,0.2230117821002529,0.2584974095225333,,0.15793424336625672,-2.624378663294788,31.92204614453981,31.92204614453981,1.649325229103766e-215,240024742.5,35.218299916430766,1.0492625812339459e-271,0.3834412042636377,0.23227858028664095,GCST90200489,cancerType_celltype,CRC_Epi_CRC,tissue,Tumor,Adjacent,group1_higher,5.006748969417446e-215,3.4628205768083974e-271
41434,9402,0.06434513914877707,-0.08194011266286132,0.0440097022801637,-0.1372517943382263,0.43434745841102607,0.5079356668702179,0.14628525181163837,0.18126149661839,,0.1405925338524276,-0.3487338955518703,25.862233611017214,25.862233611017214,9.016453321204311e-144,239991507.5,35.192429239365076,2.610672605239204e-271,0.3258991090781346,0.2321079529663519,GCST90200325,cancerType_celltype,CRC_Epi_CRC,tissue,Tumor,Adjacent,group1_higher,2.0654497271935253e-143,8.595040485364819e-271
41434,9402,-0.6047164808284456,-0.04721278242968782,-0.6955362856388092,-0.14046501368284225,1.2850769910828341,1.3975956765085742,-0.5575036983987578,-0.555071271955967,,-0.18056355816949748,-3.6789813131327938,-35.429562251937384,-35.429562251937384,8.959982213258259e-263,149639537.0,-35.139048150579285,1.7086844343816395e-270,-0.42667749282626066,-0.23175588362891264,GCST90200354,cancerType_celltype,CRC_Epi_CRC,tissue,Tumor,Adjacent,group2_higher,3.230808401235716e-262,5.611896106173915e-270
41434,9402,0.37621382246522794,-0.061566176247376925,0.30484858155250544,-0.1225109882652759,1.1120299325819465,1.0171587910095579,0.43777999871260487,0.42735956981778134,,0.1603168168662812,2.611323384054049,37.014103199206275,37.014103199206275,5.121060205225607e-287,239833283.0,35.06926465554135,1.983402943142491e-269,0.3997609275501942,0.23129563395208796,GCST90200951,cancerType_celltype,CRC_Epi_CRC,tissue,Tumor,Adjacent,group1_higher,2.0469223049039596e-286,6.498505316113498e-269
41434,9402,-0.34064241697080927,0.03703457078583428,-0.39362572133541107,-0.03420814312994475,0.9295041716487159,0.9200894440579859,-0.37767698775664355,-0.3594175782054663,,-0.15809772552759097,-3.2012788494975086,-35.864833743669955,-35.864833743669955,1.1939061155991384e-269,149779965.5,-35.0297362692999,7.935847574618495e-269,-0.4070802927634505,-0.23103492865231567,GCST90200447,cancerType_celltype,CRC_Epi_CRC,tissue,Tumor,Adjacent,group2_higher,4.446158567108267e-269,2.593899339137892e-268
41434,9402,0.17358532199459664,0.007992061248685317,0.16527875512838358,-0.05240620300173755,0.504039806789345,0.6078505363318683,0.16559326074591132,0.21768495813012112,,0.13446392036350982,4.4407613183634504,24.568124786842706,24.568124786842706,3.3118063867304935e-130,239651198.0,34.92752666145358,2.8413788522960235e-267,0.3155431261438173,0.2303608159705981,GCST90199735,cancerType_celltype,CRC_Epi_CRC,tissue,Tumor,Adjacent,group1_higher,7.187885517696915e-130,9.265070276745168e-267
41434,9402,-0.23393547784647903,0.1497725180048517,-0.2847193628549576,0.10319795459508894,0.8989691577676729,0.9765944401042355,-0.38370799585133075,-0.38791731745004654,,-0.14681450007532965,-0.643334281240587,-34.89059479014828,-34.89059479014828,3.008141623092489e-255,149968685.0,-34.882833870007005,1.3539044317915026e-266,-0.419893625550483,-0.23006604938132802,GCST90200032,cancerType_celltype,CRC_Epi_CRC,tissue,Tumor,Adjacent,group2_higher,1.0540095198650547e-254,4.4042284976893035e-266
41434,9402,0.06749172764484923,-0.46025246472886794,0.03920700028538695,-0.4884621351957321,1.318722252439445,1.271808291003653,0.5277441923737172,0.527669135481119,,0.1509370318712629,-2.769624617072796,36.07513206661683,36.07513206661683,7.087830132764544e-273,239593621.0,34.88270776651115,1.3598780662129242e-266,0.402805022934846,0.23006521767902965,GCST90200840,cancerType_celltype,CRC_Epi_CRC,tissue,Tumor,Adjacent,group1_higher,2.6910062593197973e-272,4.4131281053528946e-266
41434,9402,0.022593600450051623,-0.20050954099734292,-0.02327891997992985,-0.268277570605278,0.5798476052924053,0.5857152056630501,0.22310314144739454,0.24499865062534817,,0.16805403773175698,-3.1496281317345187,33.40597524532346,33.40597524532346,2.03632617810572e-235,239508428.5,34.81639250681747,1.3740556130764902e-265,0.384040034176592,0.22962784238239298,GCST90199842,cancerType_celltype,CRC_Epi_CRC,tissue,Tumor,Adjacent,group1_higher,6.753071972647437e-235,4.4485458447108224e-265
41434,9402,-0.05196036350412516,0.4849034515403943,-0.1434133648872375,0.34884344041347504,1.163002151331633,1.326810217555592,-0.5368638150445195,-0.49225680530071253,,-0.17830428660617845,3.222189304318586,-36.204937119468674,-36.204937119468674,2.00551603081281e-273,150191740.0,-34.709204146134915,5.722622852845115e-264,-0.44926233831734863,-0.22892089286178363,GCST90199822,cancerType_celltype,CRC_Epi_CRC,tissue,Tumor,Adjacent,group2_higher,7.656914145652268e-273,1.8483258171630075e-263
41434,9402,0.11103861370020286,-0.1097823320250435,0.10612167045474044,-0.1299146488308906,0.5202051886013332,0.5887132609301776,0.22082094572524635,0.23603631928563104,,0.17097925611874346,0.01641542178241239,33.52168607507201,33.52168607507201,2.5556719306132893e-236,239336577.0,34.682620439426,1.4404463307100524e-263,0.4138803382314409,0.22874556282973346,GCST90200440,cancerType_celltype,CRC_Epi_CRC,tissue,Tumor,Adjacent,group1_higher,8.49605083274613e-236,4.641438176732391e-263
41434,9402,-0.6725352906006052,-0.1954446177787244,-0.7392213344573975,-0.22748024016618726,1.312877729462163,1.2072131210323704,-0.47709067282188083,-0.5117410942912102,,-0.14202157199438742,-1.7828448814303635,-34.02538551775142,-34.02538551775142,1.9442437416100788e-244,150229432.0,-34.6798640661,1.5850672145157481e-263,-0.3686981748521017,-0.22872738346035948,GCST90200450,cancerType_celltype,CRC_Epi_CRC,tissue,Tumor,Adjacent,group2_higher,6.592050298046113e-244,5.095392956096615e-263
41434,9402,-0.7394613123327531,-0.34352460164037213,-0.7897354364395142,-0.3957912027835846,0.9448337463900548,0.9884623290912622,-0.395936710692381,-0.39394423365592957,,-0.16414290811918283,-1.10605899879536,-35.34788885320877,-35.34788885320877,6.692170241105506e-262,150248876.0,-34.66472853293119,2.680079090639616e-263,-0.41544050104366653,-0.2286275586486941,GCST90200598,cancerType_celltype,CRC_Epi_CRC,tissue,Tumor,Adjacent,group2_higher,2.39407560068945e-261,8.595171295392463e-263
41434,9402,-0.6546511592470597,-0.20115457739420206,-0.7152229845523834,-0.3122715055942535,0.9825128174799876,1.1741358106362294,-0.4534965818528577,-0.40295147895812994,,-0.16337628276741203,-1.7024168135385862,-34.789184391623365,-34.789184391623365,3.00890213400197e-253,150289559.0,-34.63306020872287,8.036801458765639e-263,-0.4443145200188106,-0.2284186935585386,GCST90199803,cancerType_celltype,CRC_Epi_CRC,tissue,Tumor,Adjacent,group2_higher,1.0488832758682058e-252,2.5713991521825273e-262
41434,9402,0.2440562421141913,-0.07583960552603529,0.21689589321613312,-0.12672995775938029,0.7999990499536176,0.8158177708820471,0.3198958476402266,0.3436258509755134,,0.16980016279332358,1.6861771745100353,34.44816991641905,34.44816991641905,1.5125800074530726e-249,239113891.0,34.50927795129447,5.82251811922939e-261,0.39840171050424705,0.22760230074320198,GCST90200818,cancerType_celltype,CRC_Epi_CRC,tissue,Tumor,Adjacent,group1_higher,5.206178156966005e-249,1.858569601056126e-260
41434,9402,0.7563113722685806,0.40119881082839753,0.7664323151111603,0.3576261699199676,0.9702835568851974,0.8419678167995577,0.35511256144018305,0.4088061451911927,,0.15298802799085662,0.9146612939921321,35.84955561843783,35.84955561843783,1.5492008795149853e-270,238980780.0,34.405662133786066,2.0748804925930234e-259,0.3746452439845768,0.22691891355406435,GCST90200661,cancerType_celltype,CRC_Epi_CRC,tissue,Tumor,Adjacent,group1_higher,5.816971897462603e-270,6.607621755617502e-259
41434,9402,-0.42322190741956567,-0.08325272481491103,-0.46018165349960327,-0.21685544401407236,0.6401340567030013,0.8312263483422869,-0.33996918260465464,-0.2433262094855309,,-0.18921170933849144,-2.3458309914032736,-37.23176582563443,-37.23176582563443,2.7056021938335067e-287,150584425.5,-34.40353121823116,2.2328497406983206e-259,-0.500296123828625,-0.22690485932541116,GCST90200524,cancerType_celltype,CRC_Epi_CRC,tissue,Tumor,Adjacent,group2_higher,1.0846281735867853e-286,7.094112346321238e-259
41434,9402,-0.001321950213215294,0.5532373457561561,-0.07796677947044364,0.45074065029621124,1.3529468065838464,1.3698720064135266,-0.5545592959693714,-0.5287074297666549,,-0.14097633913656935,8.707998575546561,-35.5188899042196,-35.5188899042196,1.4833850658411882e-264,150591650.5,-34.397907157999484,2.7099050744531033e-259,-0.40893904788762264,-0.2268677664296962,GCST90200366,cancerType_celltype,CRC_Epi_CRC,tissue,Tumor,Adjacent,group2_higher,5.40602632283834e-264,8.589768875533906e-259
41434,9402,0.07246156042886616,-0.14168410208594487,0.05673240870237345,-0.19090069085359568,0.5885863417924275,0.7155123736684038,0.21414566251481104,0.24763309955596913,,0.14850404243393772,-0.9673803809186233,27.019920702403606,27.019920702403606,2.6581806920670244e-156,238949104.0,34.381005008263784,4.8484545292437253e-259,0.3487487169569582,0.22675629008490628,GCST90200537,cancerType_celltype,CRC_Epi_CRC,tissue,Tumor,Adjacent,group1_higher,6.378697681843933e-156,1.5332815599441294e-258
41434,9402,-0.12755798536287527,-0.37945586530449715,-0.1692734286189079,-0.47011473774909973,0.7097743407213659,0.7937728464228982,0.2518978799416219,0.3008413091301918,,0.15285095511414065,-1.5727713696651568,28.30963147742393,28.30963147742393,3.7781850767620635e-171,238948975.0,34.38090459251708,4.865236393879742e-259,0.3469469810243922,0.22675562780344638,GCST90200332,cancerType_celltype,CRC_Epi_CRC,tissue,Tumor,Adjacent,group1_higher,9.71635143325791e-171,1.535027130754187e-258
41434,9402,-0.6162529649673141,0.00503623038495123,-0.6925918161869049,-0.13762886822223658,1.4702485694427094,1.5383000920761154,-0.6212891953522653,-0.5549629479646683,,-0.1561226333764179,-6.9347504973394845,-35.64169858487201,-35.64169858487201,4.771854652972599e-266,150661218.5,-34.34375426911408,1.745744585102345e-258,-0.4189212855309933,-0.22651060676615287,GCST90200548,cancerType_celltype,CRC_Epi_CRC,tissue,Tumor,Adjacent,group2_higher,1.748397282796143e-265,5.495265287516158e-258
41434,9402,0.4011975423966527,0.1028963299165699,0.3997922986745834,0.08263701200485225,0.7353968556671392,0.7678206857779476,0.2983012124800828,0.31715528666973114,,0.15291289621186122,1.9631108182568364,34.27235648575647,34.27235648575647,5.645444010899735e-247,238888043.5,34.333474498952214,2.485498093492423e-258,0.40229426917130645,0.22644280762694002,GCST90200854,cancerType_celltype,CRC_Epi_CRC,tissue,Tumor,Adjacent,group1_higher,1.928506312495323e-246,7.805838482558001e-258
41434,9402,-0.2835330535387209,0.054624171884882895,-0.30751658976078033,0.01166539499536155,0.8101485368363599,0.8412464078791213,-0.33815722542360377,-0.3191819847561419,,-0.15008970143172679,-2.3758841994875706,-35.42683692797637,-35.42683692797637,4.563939938504462e-263,150694916.5,-34.31752318514357,4.299392780185179e-258,-0.41441397264050894,-0.2263376024201592,GCST90199720,cancerType_celltype,CRC_Epi_CRC,tissue,Tumor,Adjacent,group2_higher,1.6544282277078676e-262,1.3471430711246896e-257
41434,9402,0.4198470513583412,0.13331106466449594,0.4224197268486023,0.07667532563209531,0.7582147912715463,0.7635361866724656,0.2865359866938453,0.34574440121650696,,0.1380743068672709,1.655059942264704,32.89356766787886,32.89356766787886,1.3608316515180266e-228,238849511.0,34.30348015973049,6.96366307830063e-258,0.37741746443689284,0.2262449831280975,GCST90200162,cancerType_celltype,CRC_Epi_CRC,tissue,Tumor,Adjacent,group1_higher,4.3849019882247525e-228,2.176943297184348e-257
41434,9402,-0.3224828288416436,-0.007403606406837115,-0.3397710472345352,-0.0348116867244243,0.7859071302233416,0.7865737886376122,-0.31507922243480646,-0.3049593605101109,,-0.13575785576047755,-5.444659956414449,-35.07124812711762,-35.07124812711762,2.4460286483414016e-258,150942371.5,-34.12490009522957,3.152302624048036e-255,-0.40084861575802044,-0.22506717715937663,GCST90200509,cancerType_celltype,CRC_Epi_CRC,tissue,Tumor,Adjacent,group2_higher,8.63714261059412e-258,9.83201024388438e-255
41434,9402,0.16250247147476618,0.012801356166261357,0.1509358137845993,-0.07006866112351415,0.5338225822882999,0.7332429173811421,0.14970111530850483,0.22100447490811345,,0.11165409494577758,3.665989282298699,18.703621446972583,18.703621446972583,6.01810830523237e-77,238557078.0,34.07584544613481,1.6816340329803763e-254,0.25992921059697904,0.22474364239832267,GCST90199980,cancerType_celltype,CRC_Epi_CRC,tissue,Tumor,Adjacent,group1_higher,1.0356921237413788e-76,5.233030107196924e-254
41434,9402,0.056246994796703455,-0.14714510551260873,0.06308494880795475,-0.19940103590488428,0.46625117009165007,0.6686903073893739,0.20339210030931218,0.262485984712839,,0.1667474652129102,-1.3873757880059485,27.989500447865662,27.989500447865662,7.418455327798923e-167,238551175.0,34.071250452702614,1.966918904210847e-254,0.39897661677014096,0.22471333660407966,GCST90200591,cancerType_celltype,CRC_Epi_CRC,tissue,Tumor,Adjacent,group1_higher,1.8655635815110576e-166,6.106857554531627e-254
41434,9402,0.022596093101663137,0.32080617967810454,0.004901363980025,0.26273973286151886,0.6481659985333957,0.7590800037930362,-0.2982100865764414,-0.25783836888149386,,-0.16231960959762023,3.8274973288590415,-35.28568102073873,-35.28568102073873,2.908271133064338e-260,151054088.0,-34.03793811254837,6.12196455317811e-254,-0.4450478115486303,-0.22449362858025634,GCST90200186,cancerType_celltype,CRC_Epi_CRC,tissue,Tumor,Adjacent,group2_higher,1.0349800403046196e-259,1.8964176559049463e-253
41434,9402,0.6524453649781063,0.2663869794264688,0.699836403131485,0.275234043598175,1.0366102516348095,0.9775261608386957,0.3860583855516376,0.42460235953331,,0.1344230771498016,1.2923303250721165,34.18083256742244,34.18083256742244,2.1272714714427425e-246,238462627.5,34.00232360517818,2.0584498698797257e-253,0.3762972353229845,0.22425873685552267,GCST90199892,cancerType_celltype,CRC_Epi_CRC,tissue,Tumor,Adjacent,group1_higher,7.248677538941146e-246,6.362057080830082e-253
41434,9402,0.015036249399577477,-0.18706918651254162,0.0285538295283913,-0.18978939205408096,0.42438386402896777,0.5926876712505056,0.2021054359121191,0.21834322158247227,,0.1765265090708735,-3.6369670539728496,31.294208207964367,31.294208207964367,1.628336880842079e-206,238389835.5,33.94566110104199,1.4135220807399554e-252,0.4391953571039625,0.22388502528944865,GCST90200125,cancerType_celltype,CRC_Epi_CRC,tissue,Tumor,Adjacent,group1_higher,4.7423571978370805e-206,4.3588927512410845e-252
41434,9402,0.7904356232431526,0.3697425181256058,0.7805488705635071,0.3596547991037369,1.0696298639753865,1.0674602841297038,0.4206931051175468,0.4208940714597702,,0.14578062151878754,1.096124936710218,34.48682247582224,34.48682247582224,3.1611565756970666e-250,238277029.5,33.85785103343035,2.7815283186193593e-251,0.39345464752406334,0.22330588325567335,GCST90200087,cancerType_celltype,CRC_Epi_CRC,tissue,Tumor,Adjacent,group1_higher,1.0907990918164815e-249,8.558065684600873e-251
41434,9402,0.2330824001688863,0.03629231989331186,0.24230084568262095,-0.006197499809786599,0.5505511004558618,0.644934952051514,0.19679008027557443,0.24849834549240754,,0.12388276615292973,2.6830703246868297,27.407386019900798,27.407386019900798,1.019436160310045e-160,238232381.0,33.823095898031895,9.026421493519898e-251,0.3457390117647159,0.2230766594280844,GCST90200049,cancerType_celltype,CRC_Epi_CRC,tissue,Tumor,Adjacent,group1_higher,2.503588263968633e-160,2.7709487602855e-250
41434,9402,0.3856676627186341,0.12472905544562657,0.39217424392700195,0.07593115791678424,0.751628564936454,0.7339563247616135,0.26093860727300755,0.3162430860102177,,0.12323617927725476,1.62855278084818,30.9829299398668,30.9829299398668,5.104083072709979e-204,238223646.5,33.816296817880534,1.1362284694705535e-250,0.34866577727726206,0.2230318168124965,GCST90200478,cancerType_celltype,CRC_Epi_CRC,tissue,Tumor,Adjacent,group1_higher,1.4707960313115647e-203,3.4801784357041895e-250
41434,9402,0.22822667941777067,0.04910698455866201,0.23042904585599894,0.0262152729555964,0.4834750579257619,0.5077457736637471,0.17911969485910867,0.20421377290040255,,0.14574617610623974,2.216444252872035,31.151595768738094,31.151595768738094,8.10818034246387e-206,238205166.5,33.80191167835371,1.848709511342878e-250,0.3670075344900179,0.22293694114290297,GCST90200224,cancerType_celltype,CRC_Epi_CRC,tissue,Tumor,Adjacent,group1_higher,2.351372299314522e-205,5.649755748790006e-250
41434,9402,-0.30605417498551946,0.08897726707752313,-0.4161922186613083,-0.06779616698622701,0.8640001330915849,1.032548235467549,-0.3950314420630426,-0.34839605167508125,,-0.19040058377101798,-1.7822668561357364,-34.45975069197605,-34.45975069197605,1.0099911595996226e-248,151385985.5,-33.77958357542148,3.933897795499032e-250,-0.44011740787453096,-0.22278967849644082,GCST90200097,cancerType_celltype,CRC_Epi_CRC,tissue,Tumor,Adjacent,group2_higher,3.46755151268082e-248,1.1995308043098837e-249
41434,9402,0.2593385020808896,-0.053822142766591904,0.23132623732089996,-0.09323889389634124,0.8146664040143333,0.7855419257721419,0.3131606448474815,0.3245651312172412,,0.14365961865515026,2.2685434329826375,34.65680165260699,34.65680165260699,7.998576784381298e-253,238104042.0,33.723194684734636,2.6430057473133435e-249,0.3869241554249075,0.22241777151899544,GCST90200458,cancerType_celltype,CRC_Epi_CRC,tissue,Tumor,Adjacent,group1_higher,2.7811377951815585e-252,8.041109003544838e-249
41434,9402,-0.1736976079897482,0.2944279026540906,-0.2567605078220367,0.2189884632825851,1.1940262089957348,1.244758765370264,-0.4681255106438388,-0.4757489711046218,,-0.13353470016078878,0.7613331082825858,-33.16735641335012,-33.16735641335012,4.8789102719378484e-232,151478697.5,-33.70741501179535,4.501454174709254e-249,-0.38894759327890177,-0.2223136983514541,GCST90200016,cancerType_celltype,CRC_Epi_CRC,tissue,Tumor,Adjacent,group2_higher,1.5908982537443273e-231,1.366477069070983e-248
41434,9402,0.6454426150715177,0.3220091034102151,0.6449501514434814,0.2739330679178238,0.8726596354071744,0.8280481743449625,0.3234335116613026,0.37101708352565765,,0.14859059935570404,1.0031851143463677,33.84801487652573,33.84801487652573,8.481700116785482e-242,238065383.5,33.69310226501614,7.294843437115521e-249,0.3740919568768513,0.22221930014058744,GCST90200179,cancerType_celltype,CRC_Epi_CRC,tissue,Tumor,Adjacent,group1_higher,2.861524074054112e-241,2.2095270232863233e-248
41434,9402,0.03975270288154012,-0.36315712549941337,-0.0121262110769748,-0.4521472156047821,1.0674161836674245,1.1610693267044467,0.40290982838095346,0.4400210045278073,,0.1437932706404199,-3.1914367076419627,30.82200415048256,30.82200415048256,1.593528627920378e-201,238032397.5,33.66742541369407,1.7335074383926462e-248,0.37122736132820805,0.2220499511775349,GCST90200398,cancerType_celltype,CRC_Epi_CRC,tissue,Tumor,Adjacent,group1_higher,4.572588462853632e-201,5.238959287204383e-248
41434,9402,0.1263215450886771,-0.12956727988284128,0.10283363983035085,-0.1706355884671211,0.6841064109694655,0.683253957852795,0.2558888249715184,0.27346922829747194,,0.14670828552826826,-0.03660042627396511,32.77719470384495,32.77719470384495,4.256854123584522e-227,237960442.0,33.61141405507813,1.1427222863181459e-247,0.3741344514562444,0.22168053417301992,GCST90199779,cancerType_celltype,CRC_Epi_CRC,tissue,Tumor,Adjacent,group1_higher,1.3619934672407753e-226,3.445863885512462e-247
41434,9402,0.30298207101824276,0.6034901197390812,0.2697519212961197,0.5712109506130219,0.7187981206201821,0.8111700503356123,-0.3005080487208384,-0.30145902931690216,,-0.1516852993380182,0.9940953558397142,-33.09397379607261,-33.09397379607261,1.2481539178362322e-230,151870453.0,-33.40246601136778,1.2624982805978206e-244,-0.4078809477615255,-0.22030243940235028,GCST90199773,cancerType_celltype,CRC_Epi_CRC,tissue,Tumor,Adjacent,group2_higher,4.0409353681966378e-230,3.7986427294808604e-244
41434,9402,0.32789032133321466,0.0821386591853862,0.3110472708940506,0.0217444589361548,0.6750848937924055,0.7366573256102574,0.24575166214782845,0.2893028119578958,,0.13152894344160318,1.9970668504123223,29.64585904738197,29.64585904738197,4.733806982257123e-187,237659396.5,33.377075228161296,2.949524631050277e-244,0.3577754946620271,0.22013497717136343,GCST90200998,cancerType_celltype,CRC_Epi_CRC,tissue,Tumor,Adjacent,group1_higher,1.2878600632368181e-186,8.855070643439487e-244
41434,9402,0.010763563600275293,-0.12538104132000027,-0.01485208515077825,-0.20641685277223581,0.4796187289634217,0.6051090276661191,0.13614460492027558,0.19156476762145758,,0.1196497047930476,-3.541968984939754,20.409764771686685,20.409764771686685,4.485770873394761e-91,237586644.0,33.32044347148243,1.952973050357851e-243,0.2694965836207634,0.21976146839689914,GCST90200546,cancerType_celltype,CRC_Epi_CRC,tissue,Tumor,Adjacent,group1_higher,8.352603415897622e-91,5.850334654148904e-243
41434,9402,-1.0820211540045355,-0.7121844266217244,-1.2948268055915833,-0.8502308130264282,1.0529399144653624,1.0172069046810572,-0.36983672738281104,-0.44459599256515503,,-0.1982342331417301,-0.6034052187228891,-31.61922900545227,-31.61922900545227,3.5750345627185457e-212,152027399.5,-33.28029624401133,7.44448734296668e-243,-0.3534292726401476,-0.21949668159510682,GCST90200848,cancerType_celltype,CRC_Epi_CRC,tissue,Tumor,Adjacent,group2_higher,1.0709389250517315e-211,2.2251833878209616e-242
41434,9402,-0.679961037123482,-0.36536854846837225,-0.7941239178180695,-0.4788237661123276,0.8554536046461876,0.8267710855343247,-0.31459248865510975,-0.3153001517057419,,-0.16251029394054553,-0.8960978033614916,-33.09401109932726,-33.09401109932726,1.6765302877822454e-231,152032401.5,-33.27640260397274,8.475371683760906e-243,-0.3700121175875796,-0.21947100150315302,GCST90200867,cancerType_celltype,CRC_Epi_CRC,tissue,Tumor,Adjacent,group2_higher,5.453725017296422e-231,2.52777496826392e-242
41434,9402,-0.07708320187892209,-0.27881345232015464,-0.12739890813827515,-0.32895806431770325,0.548127979751113,0.5368301017427172,0.20173025044123255,0.2015591561794281,,0.17832158395723302,-1.8547982245489218,32.76691222994728,32.76691222994728,4.506420479120918e-227,237511654.0,33.262070007569186,1.3659415603033606e-242,0.36943128318949564,0.21937647237618374,GCST90200864,cancerType_celltype,CRC_Epi_CRC,tissue,Tumor,Adjacent,group1_higher,1.4384663028200965e-226,4.065018224221573e-242
41434,9402,0.6826592652895129,0.3054976202370875,0.6779003441333771,0.29297938942909235,0.9325683279996664,1.0042742431279168,0.37716164505242544,0.3849209547042847,,0.17384957249698166,1.1600019170357148,33.30274227535169,33.30274227535169,1.1584841164256861e-233,237401435.5,33.176274093016296,2.3676695593091008e-241,0.3985902957570797,0.2188106144763411,GCST90200964,cancerType_celltype,CRC_Epi_CRC,tissue,Tumor,Adjacent,group1_higher,3.8048526522607477e-233,7.030792177207635e-241
41434,9402,0.9244191075247231,0.5577604611440543,0.9365807473659515,0.5337547063827515,0.946151108045619,0.9570961649597358,0.3666586463806688,0.4028260409832001,,0.14976980264528167,0.7289003869809737,33.60658881238976,33.60658881238976,4.1142451594431274e-238,237395577.5,33.17171412833295,2.7547194658135476e-241,0.3866953603748659,0.21878053971051448,GCST90199967,cancerType_celltype,CRC_Epi_CRC,tissue,Tumor,Adjacent,group1_higher,1.3744402334120056e-237,8.162353547617098e-241
41434,9402,0.4504708748667183,0.18488877784708938,0.4720773249864578,0.18673402070999146,0.643718695729736,0.7602063734674753,0.26558209701962887,0.28534330427646637,,0.15212737482412542,1.2847715709541658,31.415445458356157,31.415445458356157,1.1769545507272265e-208,237298489.0,33.096138824277205,3.377425810222421e-240,0.3982953548209342,0.21828209076855942,GCST90200176,cancerType_celltype,CRC_Epi_CRC,tissue,Tumor,Adjacent,group1_higher,3.464771172011252e-208,9.985751365147852e-240
41434,9402,-0.4945667300951593,-0.20714265564097048,-0.5588334202766418,-0.2583002895116806,0.7643605264200037,0.7738914936572603,-0.2874240744541888,-0.30053313076496124,,-0.16058356296526521,-1.255536474426223,-32.58601789880403,-32.58601789880403,1.688192321866867e-224,152274806.0,-33.08771090730443,4.4649768763138357e-240,-0.3751625652127396,-0.21822650533161736,GCST90200051,cancerType_celltype,CRC_Epi_CRC,tissue,Tumor,Adjacent,group2_higher,5.301857453236267e-224,1.3172648230337137e-239
41434,9402,-0.8112147728924132,-0.30779693641146527,-0.9039398729801178,-0.40701302886009216,1.3832528026686952,1.3419189206126683,-0.5034178364809478,-0.49692684412002563,,-0.11947259204989882,-1.3981021443380237,-32.65182289230424,-32.65182289230424,1.32308091937879e-225,152343819.5,-33.03398965044649,2.6415643870376926e-239,-0.3659351534609353,-0.2178721924515582,GCST90200327,cancerType_celltype,CRC_Epi_CRC,tissue,Tumor,Adjacent,group2_higher,4.174442808132618e-225,7.776354772208154e-239
41434,9402,-0.6011265527525501,-0.16982919185494263,-0.6798141002655029,-0.18459697812795633,1.0435031064679394,1.231562575333748,-0.4312973608976075,-0.4952171221375466,,-0.14722480879390704,-1.8235781883851172,-31.488942593558235,-31.488942593558235,1.368405044426658e-209,152395586.0,-32.99369374539695,1.0003272343093005e-238,-0.39907188277255673,-0.21760642506248828,GCST90200530,cancerType_celltype,CRC_Epi_CRC,tissue,Tumor,Adjacent,group2_higher,4.045848320072744e-209,2.93846125078357e-238
41434,9402,0.49620512459307603,0.2725234541251987,0.5098681449890137,0.2653478235006332,0.5826332020797861,0.6880327779479716,0.22368167046787735,0.2445203214883805,,0.1494252435963961,0.8645538508927091,29.23440068418724,29.23440068418724,7.459847052671861e-182,237123601.5,32.96000348396347,3.0414840858768667e-238,0.370631988998397,0.21738422449875228,GCST90199777,cancerType_celltype,CRC_Epi_CRC,tissue,Tumor,Adjacent,group1_higher,1.9858928774983882e-181,8.915145825914343e-238
41434,9402,0.4632986727034178,0.21593182458578764,0.4810935109853744,0.1887450963258743,0.6890586072776929,0.6946587304272736,0.24736684811763016,0.2923484146595001,,0.1352913796623254,1.1013630948233333,31.218982516053224,31.218982516053224,7.409529808615559e-207,237118215.0,32.95581054272639,3.492658298144664e-238,0.3584519275229399,0.21735657039733103,GCST90200406,cancerType_celltype,CRC_Epi_CRC,tissue,Tumor,Adjacent,group1_higher,2.1672079676272546e-206,1.0215650773328707e-237
41434,9402,0.31729875970420207,-0.02434263504601872,0.29102933406829834,-0.034938046708703,0.8841851633442265,0.8425228985102992,0.3416413947502208,0.3259673807770013,,0.1508448192017793,3.7042299129823784,35.168937518443244,35.168937518443244,4.459041992818134e-260,237111515.0,32.950595151231276,4.1482433871255484e-238,0.389721499045844,0.21732217283313848,GCST90199934,cancerType_celltype,CRC_Epi_CRC,tissue,Tumor,Adjacent,group1_higher,1.5827276656799783e-259,1.2107185731589127e-237
41434,9402,0.40309142151601474,0.16632650600500676,0.37465159595012665,0.0347942896187305,0.7166658515520178,0.9204623103197018,0.23676491551100798,0.33985730633139616,,0.12580531792739577,1.2770838890141378,23.384858740571655,23.384858740571655,2.4937895892248502e-118,237065277.5,32.91460311179017,1.3586643997174758e-237,0.31215166925034865,0.21708479113547452,GCST90200984,cancerType_celltype,CRC_Epi_CRC,tissue,Tumor,Adjacent,group1_higher,5.229284938636109e-118,3.9569649077241873e-237
41434,9402,0.32264213710514617,0.11582778613580078,0.33579060435295105,0.059427544474601704,0.5835446545618999,0.713179242259404,0.2068143509693454,0.27636305987834936,,0.1446214241207293,1.47794549743756,26.198775402569122,26.198775402569122,2.6671375181845456e-147,237012954.5,32.873874017879885,5.193929705706463e-237,0.33926244433614094,0.21681616669499082,GCST90200193,cancerType_celltype,CRC_Epi_CRC,tissue,Tumor,Adjacent,group1_higher,6.18249734232234e-147,1.5094512129803643e-236
41434,9402,0.3840428045437805,0.8071496529564233,0.33164747059345245,0.7725411355495453,1.1309377893776351,1.0951943154373425,-0.4231068484126428,-0.44089366495609283,,-0.15004343941405568,1.0715670985692916,-33.61350061531243,-33.61350061531243,1.769743840492204e-238,152551753.0,-32.87213075381222,5.500559614877395e-237,-0.37629125057567925,-0.21680466918081032,GCST90200078,cancerType_celltype,CRC_Epi_CRC,tissue,Tumor,Adjacent,group2_higher,5.9266851464149244e-238,1.5951622883144445e-236
41434,9402,0.7775994324306272,1.306002359602771,0.7529221475124359,1.2894803285598755,1.27721285726554,1.4005627930910616,-0.5284029271721438,-0.5365581810474396,,-0.13300439669601977,0.7480576817694236,-33.55332780532913,-33.55332780532913,6.424353358362948e-237,152556875.5,-32.868143314568385,6.271644450484364e-237,-0.4061805905782714,-0.2167783704460975,GCST90200740,cancerType_celltype,CRC_Epi_CRC,tissue,Tumor,Adjacent,group2_higher,2.14092753727352e-236,1.8149153685796577e-236
41434,9402,0.6245721540343098,0.27351572237466776,0.6213513910770416,0.24513600766658777,0.9329437166724907,0.9620205660613688,0.351056431659642,0.37621538341045385,,0.13775598685224846,1.1912415196936985,32.12178904976907,32.12178904976907,2.4668391568853314e-218,236985480.5,32.85248779908334,1.0495633503981251e-236,0.37410545873967,0.21667511614594237,GCST90199749,cancerType_celltype,CRC_Epi_CRC,tissue,Tumor,Adjacent,group1_higher,7.572751736114204e-218,3.0308365393911964e-236
41434,9402,-1.1402705121278223,-0.7008746646156419,-1.331863284111023,-0.799051821231842,1.257395407611104,1.21253385072946,-0.4393958475121804,-0.5328114628791809,,-0.17084031165010813,-0.7021469501786908,-31.503522137579296,-31.503522137579296,1.0683344501582736e-210,152598805.0,-32.835504694016976,1.834337503277772e-236,-0.35173606302233734,-0.21656310586881278,GCST90200869,cancerType_celltype,CRC_Epi_CRC,tissue,Tumor,Adjacent,group2_higher,3.186301653316689e-210,5.285839359339542e-236
41434,9402,-1.1765616269343238,-0.711682968688447,-1.2414314150810242,-0.7434181571006775,1.2420960163356374,1.2756740886073457,-0.4648786582458767,-0.4980132579803467,,-0.13718946752653124,-0.7252694719676417,-32.055253936061796,-32.055253936061796,1.7182701189423298e-217,152600724.5,-32.83401052327446,1.9266630909238158e-236,-0.3723873706085653,-0.21655325122336988,GCST90199904,cancerType_celltype,CRC_Epi_CRC,tissue,Tumor,Adjacent,group2_higher,5.262926229479541e-217,5.54017255892228e-236
41434,9402,-0.2570763476907189,-0.483459648916625,-0.33786661922931666,-0.5537386238574982,0.6273327827484928,0.6119241179470553,0.2263833012259061,0.2158720046281815,,0.1689739954823556,-0.911195973861386,32.2337819409111,32.2337819409111,4.389760026627536e-220,236867743.0,32.76083896980631,2.1281856784151024e-235,0.3624964173299075,0.2160706559647323,GCST90199835,cancerType_celltype,CRC_Epi_CRC,tissue,Tumor,Adjacent,group1_higher,1.3598279355212117e-219,6.106772799325862e-235
41434,9402,0.07000248553732816,-0.13366728601245959,0.0774093940854072,-0.1702782958745956,0.5436375969705103,0.6434078000925255,0.20366977154978774,0.2476876899600028,,0.13619262725721745,-0.9331585517651205,28.473947753478996,28.473947753478996,6.757064774483247e-173,236845711.5,32.743689283578746,3.734012959191986e-235,0.36148724863595805,0.2159575470191344,GCST90200992,cancerType_celltype,CRC_Epi_CRC,tissue,Tumor,Adjacent,group1_higher,1.7509276212206588e-172,1.0692142149955204e-234
41434,9402,-0.6357490816088834,-0.24966290478314654,-0.7849865853786469,-0.40842169523239136,0.9434664472390623,1.0414256036944982,-0.38608617682573687,-0.3765648901462555,,-0.21476585239288742,-1.3484724837361854,-33.00508657446686,-33.00508657446686,1.4409848221355756e-229,152747176.5,-32.72000984935764,8.111455142009688e-235,-0.4011975329557119,-0.215801371809771,GCST90200745,cancerType_celltype,CRC_Epi_CRC,tissue,Tumor,Adjacent,group2_higher,4.654176096139311e-229,2.3178015426748855e-234
41434,9402,-1.4107212296503606,-0.9866459807648856,-1.4820517897605896,-1.0529159903526306,1.1976149009693762,1.1232206245575769,-0.424075248885475,-0.429135799407959,,-0.13949309404545288,-0.5158280598218765,-32.640214124619106,-32.640214124619106,1.2026373744074631e-225,152797704.0,-32.68067840252638,2.9389270349196317e-234,-0.35810843073399523,-0.21554196540309423,GCST90200380,cancerType_celltype,CRC_Epi_CRC,tissue,Tumor,Adjacent,group2_higher,3.803236058741003e-225,8.38024591756372e-234
41434,9402,-0.8197070256558651,-0.42803582568408555,-0.8855887651443481,-0.5026509463787079,1.0056819082487658,1.0349313590098876,-0.3916711999717795,-0.38293781876564026,,-0.15779585443744332,-0.9373752005382546,-33.301405644361424,-33.301405644361424,6.638550049476992e-234,152844505.5,-32.64424733609972,9.670559819525293e-234,-0.38735033290560317,-0.2153016881492803,GCST90200240,cancerType_celltype,CRC_Epi_CRC,tissue,Tumor,Adjacent,group2_higher,2.1908822560380488e-233,2.7517689006290135e-233
41434,9402,-0.08835918545005568,-0.27557580683768007,-0.11322599649429316,-0.32210531830787653,0.5211409122551182,0.5421479690040731,0.1872166213876244,0.20887932181358337,,0.1450605560789995,-1.640986120967668,30.444096111073222,30.444096111073222,5.2827777763480056e-197,236610263.0,32.56041225306566,1.4913796592150033e-232,0.35654250862448217,0.214748762706781,GCST90200383,cancerType_celltype,CRC_Epi_CRC,tissue,Tumor,Adjacent,group1_higher,1.5000887727421524e-196,4.23489682397927e-232
41434,9402,-0.08916278076971486,-0.32192609406587597,-0.14499405771493912,-0.3865545839071274,0.6604177004525897,0.6436497867081475,0.23276331329616112,0.24156052619218826,,0.16111605919555808,-1.8522043052704957,31.503463793851065,31.503463793851065,1.2084255457712454e-210,236560697.5,32.5218296430431,5.240445059648271e-232,0.35409398651712676,0.21449429517424656,GCST90200821,cancerType_celltype,CRC_Epi_CRC,tissue,Tumor,Adjacent,group1_higher,3.596253316345431e-210,1.484974348503242e-231
41434,9402,-0.9253572604265474,-0.3872783021315288,-1.0216552019119263,-0.45821480453014374,1.4800335115826246,1.4746498573139377,-0.5380789582950186,-0.5634403973817825,,-0.15299586966004175,-1.2566376259909888,-31.920257731254004,-31.920257731254004,6.747335464892355e-216,153077190.5,-32.463121459974204,3.5367171384454286e-231,-0.36380300113824715,-0.21410709154866536,GCST90200388,cancerType_celltype,CRC_Epi_CRC,tissue,Tumor,Adjacent,group2_higher,2.052816571126848e-215,1.0001131659130953e-230
41434,9402,0.6920778561943148,0.26209383035040434,0.650324672460556,0.24369506537914276,1.180274698077434,1.0256502826215042,0.4299840258439105,0.40662960708141327,,0.14434154163960897,1.4008475316930058,35.64589495723027,35.64589495723027,1.3397989151780835e-267,236399456.5,32.39631696542162,3.0929362909571637e-230,0.3728478068345431,0.21366648955514878,GCST90200432,cancerType_celltype,CRC_Epi_CRC,tissue,Tumor,Adjacent,group1_higher,4.9623530472492605e-267,8.728099719616178e-230
41434,9402,0.07865500219230644,0.3315144934543815,0.0486487559974193,0.2890325337648392,0.6240619867859062,0.686380196800833,-0.2528594912620751,-0.24038377776741987,,-0.16401901078576173,2.0754475304579887,-32.77879452637028,-32.77879452637028,1.3465961981797798e-226,153327470.5,-32.2682993430492,1.948398542650681e-228,-0.3975483357417773,-0.21282216283730904,GCST90200093,cancerType_celltype,CRC_Epi_CRC,tissue,Tumor,Adjacent,group2_higher,4.278346429181911e-226,5.486915730646442e-228
41434,9402,-0.4067036761613044,0.01958824391856008,-0.4608557522296905,-0.0286512961611151,1.2356616763266903,1.0997450877513648,-0.42629192007986444,-0.4322044560685754,,-0.1343902616627863,-4.375847958113614,-33.13793462275641,-33.13793462275641,1.3297092791703714e-232,153401290.5,-32.210836626606,1.2445509305127557e-227,-0.35182020174717216,-0.21244317355541553,GCST90199650,cancerType_celltype,CRC_Epi_CRC,tissue,Tumor,Adjacent,group2_higher,4.356715739204847e-232,3.4975730273997654e-227
41434,9402,-0.5800733575806182,-0.04064300637233709,-0.7013448178768158,-0.20377511531114575,1.3511557399311012,1.4323669007596296,-0.5394303512082811,-0.49756970256567,,-0.16587498965456554,-3.8351233218508054,-33.30846306518787,-33.30846306518787,7.921142982293536e-234,153401413.0,-32.21074127056747,1.2483831253315025e-227,-0.39474220110083413,-0.2124425446447269,GCST90200904,cancerType_celltype,CRC_Epi_CRC,tissue,Tumor,Adjacent,group2_higher,2.607854561561857e-233,3.5011238679564566e-227
41434,9402,0.10529611251972043,-0.06030941797690251,0.10194413363933555,-0.0795624107122421,0.447632170716578,0.597838066235409,0.16560553049662294,0.18150654435157765,,0.14029469674599537,0.8039867361726624,25.298687259039703,25.298687259039703,1.3751780209491235e-137,236145445.0,32.198590186800494,1.8469717106720204e-227,0.3457506195404579,0.21236240345412338,GCST90200952,cancerType_celltype,CRC_Epi_CRC,tissue,Tumor,Adjacent,group1_higher,3.0576959911152613e-137,5.169245260053314e-227
41434,9402,0.21022815914036916,0.5480081011186759,0.1754682585597038,0.5405542254447937,0.8951797191416536,0.9637613097777497,-0.33777994197830674,-0.3650859668850899,,-0.13630142076282298,1.3822370656701386,-31.077835903873524,-31.077835903873524,8.876497415369478e-205,153420758.5,-32.19568241143781,2.0284248614962877e-227,-0.37190061429118326,-0.21234322552859486,GCST90200073,cancerType_celltype,CRC_Epi_CRC,tissue,Tumor,Adjacent,group2_higher,2.5632766900738554e-204,5.665457143892296e-227
41434,9402,-0.5031858768272104,-0.04024268161338601,-0.5988470315933228,-0.07207555323839185,1.2427234199783415,1.3376104259084904,-0.4629431952138244,-0.5267714783549309,,-0.1525745413552965,-3.644260098664261,-30.687917263096743,-30.687917263096743,6.803881306692592e-200,153463237.0,-32.16261644015045,5.884489337763651e-227,-0.36717928008462397,-0.21212514240463232,GCST90200472,cancerType_celltype,CRC_Epi_CRC,tissue,Tumor,Adjacent,group2_higher,1.948254248113866e-199,1.6401961078470054e-226
41434,9402,-0.050891416876075984,-0.2928740812993557,-0.1080811209976673,-0.3408892899751663,0.6945346392118096,0.6030742982427811,0.24198266442327973,0.232808168977499,,0.16519767671100494,-2.5247628380609504,34.11076776650544,34.11076776650544,5.100339075150296e-246,236023106.5,32.10335986255793,3.957712880165891e-226,0.35661722028837606,0.21173432190084585,GCST90200577,cancerType_celltype,CRC_Epi_CRC,tissue,Tumor,Adjacent,group1_higher,1.733606523548592e-245,1.1008903378910428e-225
41434,9402,-0.3999609896325313,0.06723649303171263,-0.4881820380687713,-0.007944029290228999,1.187760031643368,1.3296210489890536,-0.46719748266424393,-0.4802380087785423,,-0.15776616925171436,-2.572525060653283,-31.350429559262437,-31.350429559262437,4.691805437953993e-208,153674035.5,-31.99852737983954,1.143096197136929e-224,-0.38444751348187844,-0.21104291032471845,GCST90200476,cancerType_celltype,CRC_Epi_CRC,tissue,Tumor,Adjacent,group2_higher,1.3782178473989854e-207,3.1731977936815365e-224
41434,9402,-0.814509148798657,-0.4164352177231121,-1.029652714729309,-0.5856377482414246,0.9602416038506819,1.0960543633903232,-0.3980739310755449,-0.4440149664878845,,-0.21470184615020707,-0.9678371286463978,-32.49954260382627,-32.49954260382627,9.467418317171904e-223,153686002.5,-31.989212067895952,1.5404337133670342e-224,-0.4034118863789887,-0.21098147216789886,GCST90200852,cancerType_celltype,CRC_Epi_CRC,tissue,Tumor,Adjacent,group2_higher,2.96645773938053e-222,4.2675023400798126e-224
41434,9402,0.41173148214077665,0.2101493214120092,0.41506117582321167,0.1392481923103332,0.592912808796104,0.7470301522683728,0.20158216072876745,0.2758129835128785,,0.14001975795123814,0.9702856063363738,24.474365034797678,24.474365034797678,3.4613552602267465e-129,235728612.0,31.87412044305669,6.099113928540011e-223,0.32289897690152264,0.21022239750262584,GCST90199973,cancerType_celltype,CRC_Epi_CRC,tissue,Tumor,Adjacent,group1_higher,7.464916486849772e-129,1.6862256155375327e-222
41434,9402,-0.20420990337929518,-0.4156301000274379,-0.25591452419757843,-0.4747217446565628,0.6045750519939497,0.6480066317544307,0.2114201966481427,0.21880722045898438,,0.16043152604777855,-1.0252437117206548,28.909212721747803,28.909212721747803,2.649904328612203e-178,235666850.0,31.826043874471416,2.824432767062533e-222,0.34498483347600006,0.2099053135683493,GCST90200069,cancerType_celltype,CRC_Epi_CRC,tissue,Tumor,Adjacent,group1_higher,7.013241941550354e-178,7.792918747988326e-222
41434,9402,0.27056317841942157,0.05731406242751491,0.2510155141353607,0.00601313426159315,0.598917831876391,0.6551473083346225,0.21324911599190666,0.24500237987376758,,0.15198488858938772,2.2389846101760953,28.93686108746433,28.93686108746433,1.453134418649107e-178,235415290.5,31.63022577345418,1.4185778799260303e-219,0.3497563675496594,0.20861381594902517,GCST90200726,cancerType_celltype,CRC_Epi_CRC,tissue,Tumor,Adjacent,group1_higher,3.8533506082076517e-178,3.906104344119554e-219
41434,9402,-0.6873480133717398,-0.3590977216137392,-0.7653144598007202,-0.4003883451223373,0.9465693447122078,0.9172751939198843,-0.3282502917580006,-0.36492611467838293,,-0.1492322612493187,-0.9366623214571347,-31.139937382543764,-31.139937382543764,4.8544118975861746e-206,154208839.0,-31.58222743574133,6.476736824377582e-219,-0.348749605090266,-0.20829724797821125,GCST90199757,cancerType_celltype,CRC_Epi_CRC,tissue,Tumor,Adjacent,group2_higher,1.4107811122409288e-205,1.7797968329892428e-218
41434,9402,-1.5463940367932638,-1.0158816839257183,-1.6878055334091187,-1.0984068512916565,1.6351861505814964,1.4306353831871497,-0.5305123528675455,-0.5893986821174622,,-0.15130857978004186,-0.6061751057429652,-31.579125677100492,-31.579125677100492,3.5635253918943534e-212,154258006.0,-31.543955024750236,2.170239315256633e-218,-0.3317090330815518,-0.20804482633065158,GCST90200976,cancerType_celltype,CRC_Epi_CRC,tissue,Tumor,Adjacent,group2_higher,1.0698425350555074e-211,5.951783071820504e-218
41434,9402,-0.40021643954794556,0.04365677065727783,-0.43993113934993744,-0.0697762109339237,1.129724888363578,1.1562152749166048,-0.4438732102052234,-0.3701549284160137,,-0.1465531776581473,-3.196473666847063,-33.74814894381848,-33.74814894381848,5.90271787074631e-240,154303364.0,-31.508647602744944,6.61319932507165e-218,-0.3911912817980013,-0.20781195995503343,GCST90200215,cancerType_celltype,CRC_Epi_CRC,tissue,Tumor,Adjacent,group2_higher,1.9816267137505467e-239,1.8099981285286462e-217
41434,9402,0.3159733699198011,0.8528530164603658,0.25557576119899744,0.7579186856746674,1.3326352869291005,1.4860513590194353,-0.5368796465405647,-0.5023429244756699,,-0.1483143914814093,1.4324912759247912,-32.21484925909493,-32.21484925909493,3.7137549948906376e-219,154313520.0,-31.500742003338317,8.485692195793703e-218,-0.3940950454638251,-0.20775981940847543,GCST90200781,cancerType_celltype,CRC_Epi_CRC,tissue,Tumor,Adjacent,group2_higher,1.145214492768312e-218,2.317835363299963e-217
41434,9402,0.38244938457821465,0.10894513508650383,0.3823332339525223,0.0190249411389231,0.7993570426985248,0.9299310407771725,0.2735042494917108,0.36330829281359917,,0.1306908007243608,1.8116575815121576,26.39151049617613,26.39151049617613,1.7237541475471115e-149,235231860.5,31.48744080898417,1.2906253891301681e-217,0.3314947143909859,0.20767209278487275,GCST90200760,cancerType_celltype,CRC_Epi_CRC,tissue,Tumor,Adjacent,group1_higher,4.057818485503822e-149,3.5182448107688384e-217
41434,9402,-0.09302136378027448,-0.3886374136131602,-0.1539022028446197,-0.4465973973274231,0.8477593970281544,0.8075367251170675,0.2956160498328857,0.2926951944828034,,0.1546689333023901,-2.062779000553957,31.74727387147135,31.74727387147135,6.79768162049497e-214,235204273.5,31.465966629107193,2.5389335797685377e-217,0.35172878617839887,0.20753046209780157,GCST90200731,cancerType_celltype,CRC_Epi_CRC,tissue,Tumor,Adjacent,group1_higher,2.0543769509389453e-213,6.9073183018453434e-217
41434,9402,-0.6860843795658914,-0.29253744673498,-0.8069793879985809,-0.3659403324127197,1.116770220692014,1.1407134390021652,-0.3935469328309114,-0.4410390555858612,,-0.1556048042925814,-1.2297618803530117,-30.31778848590615,-30.31778848590615,1.6243427176158992e-195,154486120.5,-31.366386901882695,5.816720592606314e-216,-0.35099362361575787,-0.2068736945161771,GCST90200256,cancerType_celltype,CRC_Epi_CRC,tissue,Tumor,Adjacent,group2_higher,4.5838077103736444e-195,1.579320750542312e-215
41434,9402,-0.3962018068269515,-0.02669901997630691,-0.463015079498291,-0.0283414321020245,1.0116754970871369,1.1206288308588284,-0.3695027868506446,-0.4346736473962665,,-0.13344610396189868,-3.891326374359767,-29.37098694609079,-29.37098694609079,1.0833433634386791e-183,154588191.5,-31.286933136912854,7.026605617695657e-215,-0.3578055772768451,-0.2063496655945819,GCST90199917,cancerType_celltype,CRC_Epi_CRC,tissue,Tumor,Adjacent,group2_higher,2.9066870164703143e-183,1.9040285202622625e-214
41434,9402,-0.21523760927751617,0.07529450598637853,-0.2564536929130554,0.00458658579736945,0.735203036933393,0.7957156756865704,-0.2905321152638947,-0.26104027871042484,,-0.14125177758113858,-1.515301224941464,-32.403813211783536,-32.403813211783536,9.220390180024437e-222,154653595.0,-31.236021964129154,3.4566584719518557e-214,-0.38905499589483744,-0.2060138863274683,GCST90201006,cancerType_celltype,CRC_Epi_CRC,tissue,Tumor,Adjacent,group2_higher,2.8824293154525933e-221,9.348066462838054e-214
41434,9402,-0.6578547103599897,-0.24811430380108915,-0.7165938019752502,-0.3585787713527679,0.9965735213139116,1.1326992607913875,-0.40974040655890054,-0.35801503062248236,,-0.16587172790644053,-1.4067604639547961,-32.349302891010055,-32.349302891010055,8.201109072829063e-221,154754619.0,-31.157383201382505,4.028938408962459e-213,-0.40048366601911245,-0.20549523266702374,GCST90200762,cancerType_celltype,CRC_Epi_CRC,tissue,Tumor,Adjacent,group2_higher,2.5579202897633896e-220,1.0874144656268974e-212
41434,9402,0.6583325049602341,0.38554483716087423,0.6790974736213684,0.36200636625289917,0.7780340485794696,0.8403271611173045,0.27278766779935987,0.31709110736846924,,0.15007361314850529,0.7719162326505071,28.799820488544704,28.799820488544704,5.493006796152286e-177,234724904.0,31.092817433089614,3.0119989217122907e-212,0.34533382094725595,0.20506939595628593,GCST90200306,cancerType_celltype,CRC_Epi_CRC,tissue,Tumor,Adjacent,group1_higher,1.4425757732477005e-176,8.113348874098522e-212
41434,9402,0.339135411569869,0.09994824114694548,0.32219514250755305,0.03588141873478885,0.702739764370632,0.7593358894210094,0.2391871704229235,0.2863137237727642,,0.13327854446132706,1.7625981698075548,27.9478412132415,27.9478412132415,4.4933484654092596e-167,234690903.5,31.066350878085185,6.862167026682995e-212,0.3352097497616077,0.20489483858593882,GCST90200184,cancerType_celltype,CRC_Epi_CRC,tissue,Tumor,Adjacent,group1_higher,1.1320580329672497e-166,1.8447995379425883e-211
41434,9402,-0.1423364773859244,-0.376260717205471,-0.17146960645914075,-0.42768649756908417,0.6970629726565422,0.6758494180207437,0.2339242398195466,0.2562168911099434,,0.12914120301684412,-1.402420936931425,30.121904492429493,30.121904492429493,2.574876494648991e-193,234560209.5,30.96461649359823,1.615214130267171e-210,0.3374610938878357,0.2042238601897346,GCST90199858,cancerType_celltype,CRC_Epi_CRC,tissue,Tumor,Adjacent,group1_higher,7.162360535115458e-193,4.3337339755003034e-210
41434,9402,-0.020796147521412504,-0.2938361538429905,-0.05570496059954165,-0.3324093520641327,0.7749149776659983,0.7414402836349455,0.273040006321578,0.276704391464591,,0.149048760824226,-3.82055925602755,31.965097835176323,31.965097835176323,1.0888630761438591e-216,234381328.0,30.82537215722009,1.1981131095700523e-208,0.35513510419400246,0.20330548886449717,GCST90200674,cancerType_celltype,CRC_Epi_CRC,tissue,Tumor,Adjacent,group1_higher,3.3276241542243945e-216,3.2083068140353263e-208
41434,9402,-0.9836263896197079,-0.62558172498375,-1.1886420249938965,-0.7874455153942108,1.0368269354978705,1.0530401594580832,-0.35804466463595797,-0.40119650959968567,,-0.1728537245236482,-0.652911233881001,-29.848724833812884,-29.848724833812884,8.824673018695747e-190,155221364.5,-30.794060737041693,3.1470264693562684e-208,-0.34432523721869696,-0.20309897769720464,GCST90200356,cancerType_celltype,CRC_Epi_CRC,tissue,Tumor,Adjacent,group2_higher,2.4250059121940125e-189,8.410582505358028e-208
41434,9402,0.3845953262356641,-0.18751080196220019,0.29934364557266235,-0.2359392419457435,1.620793329485369,1.3995932748573696,0.5721061281978643,0.5352828875184059,,0.14085168595965522,1.0363635802881017,34.705204693480965,34.705204693480965,2.5230713117531575e-254,234259852.0,30.730813217330443,2.206863833286478e-207,0.3615848822104317,0.20268183535586393,GCST90200820,cancerType_celltype,CRC_Epi_CRC,tissue,Tumor,Adjacent,group1_higher,8.817810763896292e-254,5.8864097940694126e-207
41434,9402,-0.5768228723385062,-0.27183973670026357,-0.6445543467998505,-0.30935846269130707,0.8143296673476974,0.8952213046604793,-0.3049831356382426,-0.3351958841085434,,-0.15382832564080767,-1.085369205548847,-30.310366762629318,-30.310366762629318,3.9281148791464675e-195,155347598.0,-30.69579847998219,6.476164248492806e-207,-0.3675009883894083,-0.20245089935101246,GCST90200446,cancerType_celltype,CRC_Epi_CRC,tissue,Tumor,Adjacent,group2_higher,1.1016503251598015e-194,1.7240257559952528e-206
41434,9402,-0.02190954199015664,-0.17628616146001744,-0.02523061633110045,-0.27836973965167994,0.4808275337495454,0.6920582917654267,0.1543766194698608,0.2531391233205795,,0.1319329841809858,-3.008230333608981,20.53422345977353,20.53422345977353,4.655620602617748e-92,234171179.5,30.66178906772587,1.8404631613417013e-206,0.2933132255561384,0.2022265938617065,GCST90200498,cancerType_celltype,CRC_Epi_CRC,tissue,Tumor,Adjacent,group1_higher,8.768236939144605e-92,4.8899635261378925e-206
41434,9402,-0.3154954741914394,-0.04778330239709304,-0.3473743498325348,-0.10836436226963994,0.7123743256961317,0.748154611443304,-0.26771217179434637,-0.23900998756289485,,-0.11801361423238198,-2.7230152206091587,-31.59816680903112,-31.59816680903112,1.7015392856376545e-211,155527759.5,-30.555557770303498,4.770706821823227e-205,-0.37227459439717947,-0.20152595655082461,GCST90199698,cancerType_celltype,CRC_Epi_CRC,tissue,Tumor,Adjacent,group2_higher,5.085960627903779e-211,1.2650726455535132e-204
41434,9402,0.24175312329901327,-0.09844742623475199,0.22575353831052775,-0.17748214304447169,1.0376932462661108,1.0300217707626667,0.3402005495337653,0.40323568135499943,,0.12019188560008096,1.2961004472051494,28.872995939141767,28.872995939141767,3.908200641936168e-178,233948619.5,30.488544660091108,3.696837830559855e-204,0.3282905618973392,0.20108397865474048,GCST90200612,cancerType_celltype,CRC_Epi_CRC,tissue,Tumor,Adjacent,group1_higher,1.032340595922286e-177,9.784058180685597e-204
41434,9402,-0.040556197423766795,-0.20235273599376508,-0.0467324554920196,-0.2445825338363647,0.49035410897373843,0.5818363856854176,0.1617965385699983,0.1978500783443451,,0.13547324335505204,-2.3188496172382935,25.022504338205884,25.022504338205884,6.635789558593548e-135,233906306.5,30.45560751675785,1.009680986750201e-203,0.3181750024342175,0.20086674520195302,GCST90200487,cancerType_celltype,CRC_Epi_CRC,tissue,Tumor,Adjacent,group1_higher,1.4658964616471645e-134,2.6670449320552794e-203
41434,9402,0.8754086166080282,0.5378179823477125,0.8777867555618286,0.5123693645000458,0.9965897405484895,1.0059471892607952,0.33759063426031566,0.36541739106178284,,0.11965940093898522,0.7028375563510743,29.428155437436814,29.428155437436814,1.0448635910619649e-184,233829074.5,30.39548884273535,6.301260529035364e-203,0.3381564127809227,0.20047023883214532,GCST90200986,cancerType_celltype,CRC_Epi_CRC,tissue,Tumor,Adjacent,group1_higher,2.808972533762245e-184,1.6612414122002323e-202
41434,9402,-1.0950699142555105,-0.7834208731667973,-1.2700380682945251,-0.9275153577327728,0.9861861716939954,0.9424034899909551,-0.31164904108871316,-0.3425227105617523,,-0.15363189575022362,-0.48316298437931493,-28.697670601946754,-28.697670601946754,3.4095545499556225e-176,155783104.0,-30.356793362299836,2.043890488968275e-202,-0.3185823788828896,-0.20021502687471426,GCST90200741,cancerType_celltype,CRC_Epi_CRC,tissue,Tumor,Adjacent,group2_higher,8.90272576932857e-176,5.3780361707794565e-202
41434,9402,0.8624521527673558,0.41052081824807907,0.8414157032966614,0.36839635670185084,1.371493878094866,1.1973541296308283,0.4519313345192767,0.47301934659481054,,0.12713108146392577,1.0709871939419027,32.12696530698323,32.12696530698323,2.6291520838499496e-219,233750136.5,30.334042189923196,4.079592218130062e-202,0.33701202202753794,0.20006497391838063,GCST90199991,cancerType_celltype,CRC_Epi_CRC,tissue,Tumor,Adjacent,group1_higher,8.12592809588998e-219,1.0713842376322302e-201
41434,9402,0.1950061383051821,0.038260790080924,0.1995511651039123,0.035133812576532295,0.42903823370551336,0.514222898660228,0.1567453482242581,0.16441735252738,,0.13838452396212444,2.349550658324006,27.46668350951505,27.46668350951505,2.488373568440134e-161,233743524.5,30.328895299092494,4.769679513149161e-202,0.3514314120018472,0.20003102814309104,GCST90200624,cancerType_celltype,CRC_Epi_CRC,tissue,Tumor,Adjacent,group1_higher,6.12211764220921e-161,1.2502063800812129e-201
41434,9402,0.17082464273547332,-0.018926106479874867,0.18692407757043833,-0.0319152511656284,0.45692411757980134,0.6432843594985755,0.18975074921534818,0.21883932873606673,,0.1480369958168995,3.173998776941054,27.092786335471935,27.092786335471935,8.213311790241208e-157,233675947.5,30.276292237739447,2.352398311943802e-201,0.38203292542618567,0.19968409020347422,GCST90200896,cancerType_celltype,CRC_Epi_CRC,tissue,Tumor,Adjacent,group1_higher,1.9778699593814073e-156,6.154162954279083e-201
41434,9402,-0.8423595735889211,-0.49959887177735635,-1.0136921405792236,-0.6430789232254028,1.075465864221523,1.0421091807768068,-0.34276070181156476,-0.3706132173538208,,-0.16042214059528453,-0.7536648063971279,-28.620953941465004,-28.620953941465004,3.057847247201818e-175,155912723.0,-30.25589577570202,4.364174426289337e-201,-0.32052418942995686,-0.1995495674906752,GCST90200853,cancerType_celltype,CRC_Epi_CRC,tissue,Tumor,Adjacent,group2_higher,7.953904194534498e-175,1.1395344335311048e-200
41434,9402,0.3619703685372425,0.08737142405564835,0.3355349153280258,0.034399256110191304,0.7905050239069743,0.8575429660021929,0.27459894448159416,0.30113565921783453,,0.11897959002178919,2.0506256643387584,28.429219113741404,28.429219113741404,1.2497750943982503e-172,233564990.0,30.189921073288808,3.212243143584264e-200,0.34182819393775193,0.19911443830364073,GCST90200908,cancerType_celltype,CRC_Epi_CRC,tissue,Tumor,Adjacent,group1_higher,3.232340519288074e-172,8.371486433471036e-200
41434,9402,0.36736477443503784,0.19740101913921565,0.39734727144241333,0.18698458373546595,0.47148531952136113,0.6060719127659567,0.1699637552958222,0.21036268770694738,,0.11748496445393618,0.8960804777226449,25.49763391740581,25.49763391740581,9.814496873168687e-140,233302372.0,29.985494851846383,1.5169625672767353e-197,0.3405283236141337,0.1977661667345223,GCST90200370,cancerType_celltype,CRC_Epi_CRC,tissue,Tumor,Adjacent,group1_higher,2.203815360482524e-139,3.9458396549583783e-197
41434,9402,0.5886917696135687,0.26625118067248577,0.5668661892414093,0.2149992138147354,0.9521213072934546,0.9309967243880825,0.32244058894108296,0.3518669754266739,,0.1333594552208612,1.1447215670044728,30.19040922601938,30.19040922601938,3.998999087112029e-194,233268330.5,29.958996381759672,3.359562681377323e-197,0.3400374970434282,0.19759139887161825,GCST90200369,cancerType_celltype,CRC_Epi_CRC,tissue,Tumor,Adjacent,group1_higher,1.1146494388003466e-193,8.722064637556745e-197
41434,9402,0.16784974734512545,-0.09010914140320007,0.13741126656532285,-0.1676794961094856,0.7868037253205267,0.9002588337969955,0.2579588887483255,0.30509076267480845,,0.1401715497810279,0.8974175728414414,25.649804051509143,25.649804051509143,1.4961020201539115e-141,233246425.0,29.941944776028887,5.601769247222782e-197,0.3188670717351406,0.1974789368055856,GCST90200055,cancerType_celltype,CRC_Epi_CRC,tissue,Tumor,Adjacent,group1_higher,3.3817364070808975e-141,1.4515611186244587e-196
41434,9402,-0.11341525463826076,0.24701696457952976,-0.16430916637182236,0.1847893074154853,1.0288594801993507,1.0537276781501317,-0.3604322192177905,-0.34909847378730763,,-0.1346679375902873,1.1229885469089864,-30.07318705500174,-30.07318705500174,1.7110508287674867e-192,156321403.5,-29.937772073624473,6.348075287981189e-197,-0.3487479133533004,-0.19745141618724937,GCST90200999,cancerType_celltype,CRC_Epi_CRC,tissue,Tumor,Adjacent,group2_higher,4.730552291298345e-192,1.641826682641055e-196
41434,9402,-0.44082737619617546,-0.05665751063911914,-0.49479833245277405,-0.1215983852744102,1.0615424834076137,1.1152483846501906,-0.38416986555705634,-0.37319994717836386,,-0.13527276416739667,-2.9598525096716144,-30.420237376935447,-30.420237376935447,1.144312454479157e-196,156362213.0,-29.906005279711053,1.6440263549451513e-196,-0.3584752680493118,-0.19724190165054611,GCST90200160,cancerType_celltype,CRC_Epi_CRC,tissue,Tumor,Adjacent,group2_higher,3.24261512568626e-196,4.243954397330003e-196
41434,9402,-0.1092952996401982,-0.2620911473745119,-0.14174638688564295,-0.3137223720550537,0.47733676199654057,0.5874462474814266,0.1527958477343137,0.17197598516941076,,0.13503398825886412,-1.261829571639902,23.520045126363968,23.520045126363968,1.0576081395814564e-119,233191739.5,29.89937667280409,2.004876951708424e-196,0.30587770396839753,0.19719818337325035,GCST90199644,cancerType_celltype,CRC_Epi_CRC,tissue,Tumor,Adjacent,group1_higher,2.2280060189328053e-119,5.165684849108851e-196
41434,9402,0.13654779781008974,-0.02390248825405462,0.12231250852346415,-0.0525207016617059,0.47690560900701373,0.5507660334480374,0.16045028606414435,0.17483321018517006,,0.13739275551810304,2.5141235402645945,26.11352288224017,26.11352288224017,1.708455982259722e-146,233131513.0,29.85249536297117,8.147990940851046e-196,0.3265150521911326,0.19688898264193155,GCST90200602,cancerType_celltype,CRC_Epi_CRC,tissue,Tumor,Adjacent,group1_higher,3.9401446765143844e-146,2.095417292901882e-195
41434,9402,-0.11442135501571145,-0.29950428345143,-0.14152233302593226,-0.34321373701095576,0.5798412243688278,0.5727150103910728,0.18508292843571855,0.2016914039850235,,0.12427984852095916,-1.388212510215941,28.224570150306395,28.224570150306395,1.5291192600249312e-170,233079394.0,29.811925066055657,2.7369517862479805e-195,0.31991935403082256,0.19662140553026797,GCST90200899,cancerType_celltype,CRC_Epi_CRC,tissue,Tumor,Adjacent,group1_higher,3.9250274037928085e-170,7.025358351517886e-195
41434,9402,-0.30649404526055607,0.11459116944955813,-0.3640263229608536,0.07014713808894155,1.2220279914549106,1.2492668707256618,-0.4210852147101142,-0.43417346104979515,,-0.13633439674191772,-1.419355289551306,-29.62489490870337,-29.62489490870337,4.902727585672826e-187,156483244.0,-29.81179273522668,2.7477826333322875e-195,-0.3431516933092479,-0.19662053275625102,GCST90200514,cancerType_celltype,CRC_Epi_CRC,tissue,Tumor,Adjacent,group2_higher,1.3311589042374626e-186,7.03990174667652e-195
41434,9402,0.3051519162240607,0.025432921956588722,0.3090303987264633,-0.03260544873774045,0.8839492477943888,0.8735843168707853,0.27971899426747193,0.3416358474642038,,0.11406164945154597,3.5847065272659013,27.96813133326232,27.96813133326232,1.4231583468396004e-167,233072012.5,29.80617918361966,3.2488998978323152e-195,0.3171267644072626,0.19658350916906087,GCST90200784,cancerType_celltype,CRC_Epi_CRC,tissue,Tumor,Adjacent,group1_higher,3.592157086559954e-167,8.308162402899523e-195
41434,9402,0.7799905286134465,0.376945216786903,0.7724607884883881,0.36091552674770355,1.2077054164247345,1.087201490543026,0.4030453118265435,0.4115452617406845,,0.12511213862265994,1.049099762704034,31.772264876119998,31.772264876119998,1.6207313981495328e-214,233071285.0,29.805612885513284,3.3042662112970997e-195,0.3397376288986573,0.19657977420966533,GCST90200018,cancerType_celltype,CRC_Epi_CRC,tissue,Tumor,Adjacent,group1_higher,4.909015323728473e-214,8.433922932580426e-195
41434,9402,0.15652703138700652,0.42811185266010293,0.1310154944658279,0.3840892165899277,0.6811515296781134,0.8052251776079987,-0.2715848212730964,-0.2530737221240998,,-0.1409884912618256,1.4515701069682845,-30.333697425508543,-30.333697425508543,3.7610653272892e-195,156537341.0,-29.769682730195147,9.647441300277635e-195,-0.38482112510599525,-0.19634280066220344,GCST90200110,cancerType_celltype,CRC_Epi_CRC,tissue,Tumor,Adjacent,group2_higher,1.0569756785763255e-194,2.4578434565006385e-194
41434,9402,-0.2273935796047719,0.03651671091412545,-0.2735856771469116,-0.020737363025545998,0.7004357710451019,0.7767514483151527,-0.26391029051889736,-0.2528483141213656,,-0.13206699466960364,-2.6385296261872098,-30.270093825274046,-30.270093825274046,1.327482658506508e-194,156559005.5,-29.752818722874856,1.5945107530289132e-194,-0.3690210388568758,-0.19623157588168894,GCST90200925,cancerType_celltype,CRC_Epi_CRC,tissue,Tumor,Adjacent,group2_higher,3.7153159415695493e-194,4.0546980529447924e-194
41434,9402,0.08470282612691109,-0.16450277400203966,0.04369779303669925,-0.2145339474081993,0.7375519451441814,0.7324735130167761,0.24920560012895077,0.25823174044489855,,0.13803012493435768,-0.9576216386527364,29.744771491018252,29.744771491018252,1.3313396896228593e-188,232964414.5,29.72242310987467,3.941179265147756e-194,0.33831168780006543,0.19603110482398933,GCST90200866,cancerType_celltype,CRC_Epi_CRC,tissue,Tumor,Adjacent,group1_higher,3.643807222803127e-188,1.0003402864797749e-193
41434,9402,0.2361887955600754,0.06469167515657888,0.24688895791769025,0.04174820892512795,0.522519174316536,0.5621699427659291,0.17149712040349652,0.2051407489925623,,0.11030155683179864,1.8682723582079144,27.047521361859147,27.047521361859147,6.732119817115049e-157,232868579.0,29.647823161870168,3.6179619716648213e-193,0.32353333335933704,0.19553908873993486,GCST90200294,cancerType_celltype,CRC_Epi_CRC,tissue,Tumor,Adjacent,group1_higher,1.6240494355270463e-156,9.165951983976117e-193
41434,9402,0.24702805831006883,0.047223425848140314,0.2268941849470138,-0.0005418063083197501,0.6471893352839693,0.6708245778648781,0.1998046324619285,0.22743599125533354,,0.13196574526189037,2.387075596026939,26.242036642149408,26.242036642149408,4.0246273149181235e-148,232826094.5,29.61475252008297,9.649924707964539e-193,0.3066252078357291,0.19532097481218336,GCST90199681,cancerType_celltype,CRC_Epi_CRC,tissue,Tumor,Adjacent,group1_higher,9.393094229851716e-148,2.440231424296042e-192
41434,9402,-0.941611266744919,-0.5199489224279102,-1.1520039439201355,-0.7683480978012085,1.1993747068281204,1.2564552177243025,-0.4216623443170088,-0.383655846118927,,-0.1975780626061582,-0.856760434372333,-29.622137613580648,-29.622137613580648,6.527056590202647e-187,156821869.0,-29.54820140014705,6.926052733145593e-192,-0.3484427334142215,-0.19488204392421093,GCST90200865,cancerType_celltype,CRC_Epi_CRC,tissue,Tumor,Adjacent,group2_higher,1.7686636446215126e-186,1.7481870139402673e-191
41434,9402,0.3171389139821625,0.1525039388600886,0.3075621873140335,0.10760286450386045,0.5378798901137246,0.6586718564813466,0.1646349751220739,0.19995932281017306,,0.12475247078858738,1.0562634957978614,22.587342112589578,22.587342112589578,9.750683963528857e-111,232691184.0,29.50973594182897,2.1594421604664282e-191,0.29285200546463236,0.19462834905337956,GCST90200923,cancerType_celltype,CRC_Epi_CRC,tissue,Tumor,Adjacent,group1_higher,1.9925310708080707e-110,5.4405169403248464e-191
41434,9402,-0.3023525230489946,-0.44960537404560347,-0.34627409279346466,-0.5496350228786469,0.5499383817329093,0.6738330274929941,0.14725285099660884,0.2033609300851822,,0.11548085452592992,-0.5724260992216692,19.749539811046734,19.749539811046734,1.6612259647563212e-85,232659109.5,29.48476861727523,4.5139016264193365e-191,0.25615123831720127,0.1944636796992465,GCST90200805,cancerType_celltype,CRC_Epi_CRC,tissue,Tumor,Adjacent,group1_higher,3.0190013199504876e-85,1.1351379920312834e-190
41434,9402,-0.14569247533364613,0.19094953367592502,-0.17788714915513987,0.15145760774612427,0.9837084850784585,0.9740723743132843,-0.33664200900957114,-0.32934475690126414,,-0.12598017091562977,0.39026268217590254,-30.198327822423707,-30.198327822423707,3.6048782407218334e-194,156974062.0,-29.4297318362939,2.287988574664244e-190,-0.3428358336705791,-0.1941006904186673,GCST90200336,cancerType_celltype,CRC_Epi_CRC,tissue,Tumor,Adjacent,group2_higher,1.0068543119065284e-193,5.743146274893858e-190
41434,9402,0.27513483639865455,0.02062337138692036,0.25750380754470825,-0.02411568909883495,0.7646746214472717,0.754013627881178,0.25451146501173416,0.2816194966435432,,0.1332319576354542,3.737722009652337,29.47069163997523,29.47069163997523,2.6205995379606233e-185,232503197.5,29.363404121933968,1.6114690917323194e-189,0.33369176219466695,0.1936632329785939,GCST90200164,cancerType_celltype,CRC_Epi_CRC,tissue,Tumor,Adjacent,group1_higher,7.059045790988794e-185,4.037559507410204e-189
41434,9402,0.16184901634568047,-0.1001536816517297,0.1595577076077461,-0.1195239275693893,0.7101665881124205,0.8504447461270923,0.26200269799741016,0.2790816351771354,,0.12415656411489714,0.6924276508783482,27.756978355370435,27.756978355370435,1.2822913223103705e-164,232460182.0,29.329920140910364,4.309955821223337e-189,0.3549590259676196,0.19344239291553111,GCST90200314,cancerType_celltype,CRC_Epi_CRC,tissue,Tumor,Adjacent,group1_higher,3.19517929124138e-164,1.077884364096772e-188
41434,9402,-0.2844890683953419,0.049088764298165076,-0.36898383498191833,-0.06453642621636385,0.9450752776399104,0.993200836942598,-0.33357783269350694,-0.3044474087655545,,-0.1566853085184449,-2.5348841438298075,-29.661579541598268,-29.661579541598268,2.2337816333489832e-187,157108027.0,-29.325451250974027,4.914263411589378e-189,-0.349604268963383,-0.19341291882358647,GCST90200410,cancerType_celltype,CRC_Epi_CRC,tissue,Tumor,Adjacent,group2_higher,6.089288732509328e-187,1.2267657564095828e-188
41434,9402,0.16913990486335073,-0.001874178566096748,0.1523141339421272,-0.03957997448742385,0.5432993031779192,0.5437421364613358,0.1710140834294475,0.19189410842955104,,0.12993896320896242,6.4950538071189134,27.536399590855527,27.536399590855527,1.3500141541035492e-162,232361164.5,29.252843271154006,4.1315631850145606e-188,0.31472210537692535,0.19293404055546737,GCST90200967,cancerType_celltype,CRC_Epi_CRC,tissue,Tumor,Adjacent,group1_higher,3.3334588623969884e-162,1.0294918868692589e-187
41434,9402,0.28347890597636044,-0.0015084187099747314,0.2582380473613739,-0.01987104583531615,0.8011602386856386,0.8455305740290919,0.2849873246863352,0.27810909319669,,0.15394702979906968,7.553109603082071,29.788098354812465,29.788098354812465,6.76047791833595e-189,232335444.0,29.23282200593757,7.424737972930945e-188,0.3520321315383809,0.19280199241370455,GCST90200841,cancerType_celltype,CRC_Epi_CRC,tissue,Tumor,Adjacent,group1_higher,1.8540304633182895e-188,1.8467003388877511e-187
41434,9402,0.09506938366913205,0.5241007152075239,0.0629528313875198,0.4438933134078979,1.050990596284388,1.2842200740209821,-0.42903133153839185,-0.3809404820203781,,-0.15017270935573168,2.4627789426834097,-30.18126876086552,-30.18126876086552,3.6147422066800006e-193,157271135.0,-29.198485269483683,2.0270368257109397e-187,-0.3907874807952932,-0.19257552809219802,GCST90200208,cancerType_celltype,CRC_Epi_CRC,tissue,Tumor,Adjacent,group2_higher,1.0034406573736947e-192,5.032515835052844e-187
41434,9402,0.25498729123934644,0.4946431641575463,0.22554596513509745,0.4648837000131607,0.6767470313261709,0.7257622316916043,-0.23965587291819984,-0.23933773487806326,,-0.1312958781860602,0.9559600543219317,-29.261886426901963,-29.261886426901963,1.7003878377142706e-182,157365159.0,-29.12529542322447,1.717462816129818e-186,-0.3493140675320732,-0.19209281218538743,GCST90200062,cancerType_celltype,CRC_Epi_CRC,tissue,Tumor,Adjacent,group2_higher,4.5354767569560676e-182,4.256185124336258e-186
41434,9402,0.0786915385654697,-0.07410159892416839,0.08117446675896639,-0.06352171301841736,0.42114304724999546,0.6118129810555315,0.15279313748963808,0.14469617977738375,,0.13776476629182716,0.08670270781689146,23.010162680746646,23.010162680746646,1.3946944288574866e-114,232179075.0,29.111101774191344,2.597703764173696e-186,0.33045709869034934,0.19199919947113586,GCST90200100,cancerType_celltype,CRC_Epi_CRC,tissue,Tumor,Adjacent,group1_higher,2.893407163672381e-114,6.425898785061248e-186
41434,9402,-0.06258596728998711,-0.17798436291842876,-0.0760341808199882,-0.2576937973499298,0.40544223752809644,0.536182723950359,0.11539839562844165,0.18165961652994161,,0.10669645034547479,-1.5078244264019778,19.633899821043897,19.633899821043897,1.6907084832171344e-84,232125400.5,29.06932065019066,8.771277640639073e-186,0.26674989612462363,0.19172363647721835,GCST90200119,cancerType_celltype,CRC_Epi_CRC,tissue,Tumor,Adjacent,group1_higher,3.048195320932479e-84,2.165806417425916e-185
41434,9402,-0.05045205612442237,-0.24710236154655282,-0.09065044671297065,-0.2870602309703827,0.6264555998508166,0.6192773307408295,0.19665030542213047,0.19640978425741204,,0.13098510902520355,-2.2921010705885068,27.738175406667896,27.738175406667896,6.224127334449473e-165,232096414.5,29.046757465432837,1.6909896338439867e-185,0.314572894804911,0.19157482337338516,GCST90200717,cancerType_celltype,CRC_Epi_CRC,tissue,Tumor,Adjacent,group1_higher,1.5537519334898592e-164,4.167846059546752e-185
41434,9402,0.1966354028915554,0.4615064641821265,0.1758998110890388,0.44586347043514246,0.7266479587841499,0.8210143397963946,-0.2648710612905711,-0.26996365934610367,,-0.13236874887939368,1.2308235519002475,-28.824866556782997,-28.824866556782997,3.8566341762613487e-177,157472293.0,-29.04190053480093,1.9475010922933183e-185,-0.35553112867413106,-0.1915427899999853,GCST90200377,cancerType_celltype,CRC_Epi_CRC,tissue,Tumor,Adjacent,group2_higher,1.0167490101052648e-176,4.791415142230673e-185
41434,9402,-0.4365514161200006,0.03324992443158733,-0.5151346027851105,-0.0670708268880844,1.3374532276105775,1.416312036811137,-0.4698013405515879,-0.44806377589702606,,-0.14723500629331485,-3.7146885306094504,-29.332563398347993,-29.332563398347993,2.1906291351205533e-183,157477887.5,-29.03754568290251,2.2103709666151787e-185,-0.3473876322449679,-0.1915140680338846,GCST90200428,cancerType_celltype,CRC_Epi_CRC,tissue,Tumor,Adjacent,group2_higher,5.866065837267808e-183,5.428352481975655e-185
41434,9402,0.5609208992606097,0.30213975467320575,0.5367878675460815,0.2741323262453079,0.7697555669058447,0.7933072944735178,0.258781144587404,0.2626555413007736,,0.11823401283668555,0.8925791120647657,28.711510931277473,28.711510931277473,4.2410563192700926e-176,232041586.5,29.00407843783669,5.8448297595857335e-185,0.3342712554061058,0.1912933383510651,GCST90199812,cancerType_celltype,CRC_Epi_CRC,tissue,Tumor,Adjacent,group1_higher,1.1052695531864505e-175,1.4328242737977256e-184
41434,9402,-0.057628746701445,-0.48013228558965637,-0.10738018900156016,-0.5036865770816803,1.1780545020391628,1.2659308187772984,0.42250353888821135,0.39630638808012014,,0.12970645386488583,-3.0585493715373113,29.585110339794905,29.585110339794905,2.261415496526245e-186,231993140.0,28.96636687603548,1.7460364955944552e-184,0.35362065744691074,0.1910446157251473,GCST90199824,cancerType_celltype,CRC_Epi_CRC,tissue,Tumor,Adjacent,group1_higher,6.115693098740618e-186,4.2726171337437025e-184
41434,9402,-0.06538509815173953,-0.17654487994320975,-0.07433741539716715,-0.22481916099786756,0.4284131543308203,0.5325342495859803,0.11115978179147022,0.1504817456007004,,0.09900047613827656,-1.4329873136497646,18.899733420478245,18.899733420478245,1.4791578527473097e-78,231912981.5,28.90397016571291,1.064360215739853e-183,0.24730185937771426,0.19063308480733832,GCST90200994,cancerType_celltype,CRC_Epi_CRC,tissue,Tumor,Adjacent,group1_higher,2.571546113896152e-78,2.599861960669211e-183
41434,9402,-0.2679048656345154,0.21070744847296136,-0.3592430502176285,0.0979881808161735,1.3373842574156207,1.3914935110867388,-0.47861231410747673,-0.457231231033802,,-0.14948035224978026,-0.3464780074700244,-30.324245092454337,-30.324245092454337,1.6075671676823731e-195,157812109.0,-28.7773821055018,4.1167035050172414e-182,-0.3551709661765865,-0.18979818661586256,GCST90200103,cancerType_celltype,CRC_Epi_CRC,tissue,Tumor,Adjacent,group2_higher,4.545879770852852e-195,1.0037686721535779e-181
41434,9402,0.07631636277658498,0.5028867135771217,0.0105642308481037,0.43022559583187103,1.3633661871497869,1.2337732626632225,-0.4265703508005367,-0.4196613649837673,,-0.1074628412111478,2.720153082758499,-29.665728894661783,-29.665728894661783,5.1485304511818766e-188,157842349.5,-28.753842397067764,8.109232287972353e-182,-0.3182542496667285,-0.1896429329531817,GCST90200885,cancerType_celltype,CRC_Epi_CRC,tissue,Tumor,Adjacent,group2_higher,1.4063020050021837e-187,1.9737292158046996e-181
41434,9402,-0.5499478958154308,-0.14956474792519053,-0.6262044310569763,-0.20896443724632258,1.1477798369571466,1.2826904346258376,-0.40038314789024027,-0.41723999381065374,,-0.14598984069192808,-1.8785177407086422,-27.842730818021703,-27.842730818021703,8.918184470802439e-166,157933988.0,-28.682509463705802,6.305660481233699e-181,-0.3410712969420913,-0.18917246411941302,GCST90200794,cancerType_celltype,CRC_Epi_CRC,tissue,Tumor,Adjacent,group2_higher,2.230364299762151e-165,1.5320169761000949e-180
41434,9402,1.361388684604921,0.9551003911594731,1.3819131255149841,0.8374453485012054,1.346535103287771,1.3822138305351277,0.4062882934454479,0.5444677770137787,,0.09395004157824059,0.5113542841663059,25.853432665553203,25.853432665553203,5.988867191935827e-144,231622268.0,28.677673939531527,7.24491025618232e-181,0.3002416602831194,0.1891405719300454,GCST90199701,cancerType_celltype,CRC_Epi_CRC,tissue,Tumor,Adjacent,group1_higher,1.3742131283852746e-143,1.7570841066150361e-180
41434,9402,0.12119395886493782,-0.04270779858945586,0.10851678997278211,-0.0776063464581966,0.49513969777395817,0.6428832913526396,0.16390175745439367,0.18612313643097872,,0.1253193336989483,1.5047244705473397,23.20810280617042,23.20810280617042,1.330568864000173e-116,231600042.5,28.660373240475604,1.1904248282122394e-180,0.31183621581712206,0.18902646699527526,GCST90199653,cancerType_celltype,CRC_Epi_CRC,tissue,Tumor,Adjacent,group1_higher,2.777282330217819e-116,2.881969877181674e-180
41434,9402,0.2748835124960082,0.055390772442115974,0.25628224015235895,-0.0055897296406328,0.6927356723006562,0.7455071669098541,0.2194927400538922,0.26187196979299177,,0.1235880922546821,2.311082016892595,26.105143190085755,26.105143190085755,1.4887575085238453e-146,231588901.5,28.651700900677533,1.5267282277474995e-180,0.31231461396524873,0.18896926949338466,GCST90200532,cancerType_celltype,CRC_Epi_CRC,tissue,Tumor,Adjacent,group1_higher,3.4392821764711885e-146,3.6895932170564567e-180
41434,9402,0.3700449975352998,0.18122321237750702,0.38304561376571655,0.17454179376363754,0.5723327425759693,0.6110472425470649,0.18882178515779277,0.208503820002079,,0.11664191638769478,1.02992889320146,27.363064598168066,27.363064598168066,1.8660005994373927e-160,231587751.5,28.65080572154031,1.566441058666525e-180,0.3257304055587455,0.18896336543385894,GCST90200276,cancerType_celltype,CRC_Epi_CRC,tissue,Tumor,Adjacent,group1_higher,4.574386361570443e-160,3.778865775154821e-180
41434,9402,0.41778619303130576,0.09996469215510831,0.3848397880792618,0.0823455825448036,0.9637657940471267,0.9215557001251283,0.3178215008761974,0.30249420553445816,,0.127204090158898,2.06326331079536,29.931849434272912,29.931849434272912,4.872046671725042e-191,231463822.0,28.554336936421816,2.4814446745311248e-179,0.33241445718104445,0.1883271157425772,GCST90200737,cancerType_celltype,CRC_Epi_CRC,tissue,Tumor,Adjacent,group1_higher,1.344250933919278e-190,5.975634437077603e-179
41434,9402,0.021132503437762164,-0.11354196164150304,0.004949798574671101,-0.17012853920459745,0.470923513683258,0.5787373838984414,0.1346744650792652,0.17507833777926854,,0.11804611325788844,-2.42563442119314,21.03868548357193,21.03868548357193,1.4109703104039609e-96,231421328.5,28.521259288884846,6.385056817940964e-179,0.273370985269425,0.18810895560914243,GCST90200145,cancerType_celltype,CRC_Epi_CRC,tissue,Tumor,Adjacent,group1_higher,2.7317507572167594e-96,1.534891083395685e-178
41434,9402,0.9939153661468586,0.5071575511510337,0.9558388888835907,0.44137439131736755,1.601935449836329,1.3289081763005668,0.48675781499582493,0.5144644975662231,,0.11930228170438116,0.970687617918294,30.79964632414209,30.79964632414209,1.7105857475114962e-202,231410368.5,28.512727842498805,8.146187495569212e-179,0.3130154348964593,0.18805268735488134,GCST90200173,cancerType_celltype,CRC_Epi_CRC,tissue,Tumor,Adjacent,group1_higher,4.918836231768289e-202,1.9547981613487388e-178
41434,9402,0.4736491291126342,0.12090383801586807,0.4616163671016693,0.1862797290086746,0.853415301704604,1.0682124783394922,0.3527452910967661,0.2753366380929947,,0.16650767183407267,1.9699498024579685,29.92557764031342,29.92557764031342,5.616549133552241e-190,231369803.5,28.481151371454125,2.0055193647436473e-178,0.3932396349053475,0.18784442807257284,GCST90200958,cancerType_celltype,CRC_Epi_CRC,tissue,Tumor,Adjacent,group1_higher,1.5465366604104454e-189,4.804082415018614e-178
41434,9402,0.7318566827645674,0.38986338192426245,0.7208859324455261,0.3343452215194702,1.082223582089832,1.1047987137720439,0.34199330084030494,0.3865407109260559,,0.12384832338786812,0.9085907730367311,27.19993819584717,27.19993819584717,9.668373448083195e-159,231257460.5,28.393701710747294,2.4186967009248367e-177,0.3147851965125041,0.1872676630645025,GCST90200722,cancerType_celltype,CRC_Epi_CRC,tissue,Tumor,Adjacent,group1_higher,2.353213037453106e-158,5.783655444492197e-177
41434,9402,-0.09410009451326823,-0.24869100002185193,-0.1198918409645557,-0.2982620447874069,0.5207506651860069,0.5795677878661374,0.1545909055085837,0.17837020382285124,,0.13161535181083223,-1.4020766908651494,23.7772480234203,23.7772480234203,2.2440669102256686e-122,231213424.0,28.359422966333167,6.405434493982967e-177,0.290519841739848,0.1870415812233739,GCST90200394,cancerType_celltype,CRC_Epi_CRC,tissue,Tumor,Adjacent,group1_higher,4.764272895074122e-122,1.529003014938491e-176
41434,9402,0.07989214890502445,-0.15208615517180202,0.0615173745900392,-0.186493843793869,0.7152903588254637,0.7931159424520211,0.23197830407682646,0.2480112183839082,,0.10710123771779943,-0.9287546146595578,26.057991746848202,26.057991746848202,5.573435875405869e-146,231074725.5,28.251457745842828,1.3658602980665804e-175,0.31764431330650733,0.18632950800588932,GCST90199695,cancerType_celltype,CRC_Epi_CRC,tissue,Tumor,Adjacent,group1_higher,1.2832082936111824e-145,3.25466361235096e-175
41434,9402,0.37569488641574017,0.04531790780521942,0.3723420947790146,0.02586691360920665,1.032730522099498,1.0252211439151602,0.33037697861052073,0.3464751811698079,,0.12111383881140808,3.05138032220278,28.17120410101346,28.17120410101346,6.6072104831792304e-170,231057416.5,28.237984132202683,1.9993433060899145e-175,0.3203357675977335,0.18624064420908226,GCST90200714,cancerType_celltype,CRC_Epi_CRC,tissue,Tumor,Adjacent,group1_higher,1.6927871971002428e-169,4.7558550195472136e-175
41434,9402,-0.3939413312792901,-0.029477711924407422,-0.48134584724903107,-0.12684857100248334,1.0863049866653973,1.1331040191188189,-0.3644636193548827,-0.3544972762465477,,-0.12894029005331104,-3.740239058629333,-28.370091314772132,-28.370091314772132,4.620970560851989e-172,158574213.0,-28.184147669681874,9.147735214134822e-175,-0.33280989745190465,-0.18588557150223206,GCST90199889,cancerType_celltype,CRC_Epi_CRC,tissue,Tumor,Adjacent,group2_higher,1.1906205811798224e-171,2.172188692833757e-174
41434,9402,-0.009363451243742287,-0.35335320109855195,-0.04526869580149645,-0.3954591900110245,1.066405727686223,1.0443930462996958,0.3439897498548097,0.350190494209528,,0.11756680368225876,-5.237776796262248,28.719727804167814,28.719727804167814,2.280125875782965e-176,230986932.5,28.18311821367407,9.417376780703422e-175,0.32379492504455465,0.1858787818337777,GCST90199746,cancerType_celltype,CRC_Epi_CRC,tissue,Tumor,Adjacent,group1_higher,5.9650893832863356e-176,2.2323277481910893e-174
41434,9402,0.22671048344466893,0.04773231548304054,0.2226689606904983,0.021412139758467598,0.5973398652018485,0.6759192883461621,0.17897816796162838,0.2012568209320307,,0.11055764432705725,2.2477890162935834,23.663894854209456,23.663894854209456,3.1366914805195478e-121,230937784.5,28.144860592599155,2.7699068389174537e-174,0.2921462597826893,0.18562645773154918,GCST90200566,cancerType_celltype,CRC_Epi_CRC,tissue,Tumor,Adjacent,group1_higher,6.649005424491669e-121,6.554484412230016e-174
41434,9402,-0.6311018994184031,-0.30589300930310076,-0.7057010531425476,-0.36153917014598846,1.0813135189142302,1.0401861732622064,-0.32520889011530235,-0.34416188299655914,,-0.12360399472958658,-1.044843398338649,-27.16686558087428,-27.16686558087428,1.5564188277445466e-158,158732589.0,-28.060865155737037,2.9438614666282823e-173,-0.3028505417513257,-0.18507247469230015,GCST90199875,cancerType_celltype,CRC_Epi_CRC,tissue,Tumor,Adjacent,group2_higher,3.781459647443524e-158,6.954043637806496e-173
41434,9402,-0.3161559919590756,-0.06157250262907722,-0.36106710135936737,-0.1049124412238597,0.7367874192254956,0.8036202744622879,-0.2545834893299984,-0.2561546601355077,,-0.12869722030647107,-2.360259581552367,-28.150146671797696,-28.150146671797696,2.2401793863640222e-169,158786484.0,-28.018912390866998,9.559786440768785e-173,-0.339627418335515,-0.18479577965914318,GCST90200161,cancerType_celltype,CRC_Epi_CRC,tissue,Tumor,Adjacent,group2_higher,5.707223371241425e-169,2.2543233423473798e-172
41434,9402,-0.26931985935729164,0.05537273416789187,-0.3380333334207535,-0.0190527439117431,1.059621557874453,0.9879675709508892,-0.3246925935251835,-0.31898058950901037,,-0.11846271626880932,-2.2820522538974966,-28.377767705863697,-28.377767705863697,1.6107047902771602e-172,158794697.0,-28.012519254993958,1.1437544069686036e-172,-0.3101941347929997,-0.18475361440620097,GCST90200585,cancerType_celltype,CRC_Epi_CRC,tissue,Tumor,Adjacent,group2_higher,4.157936797628351e-172,2.6924650374753136e-172
41434,9402,0.5267667500356485,0.3075088038045966,0.5168754160404205,0.2362474054098129,0.7335428369386792,0.8060962720669357,0.21925794623105194,0.2806280106306076,,0.12208893483461843,0.7765346169618894,24.19844865718037,24.19844865718037,1.3202108634718502e-126,230723049.5,27.977707295180704,3.034726434543118e-172,0.2933250155207041,0.1845240157991812,GCST90200204,cancerType_celltype,CRC_Epi_CRC,tissue,Tumor,Adjacent,group1_higher,2.8293198221888866e-126,7.131607121176327e-172
41434,9402,0.11215125288254409,-0.09235844512522769,0.11932279542088506,-0.10233199596405024,0.49413581106435134,0.7345996372149433,0.20450969800777177,0.2216547913849353,,0.14486095061051446,0.2801271902993466,25.706918860087562,25.706918860087562,1.0157051789228855e-141,230698557.0,27.95864192559949,5.175959904683558e-172,0.37412318608848577,0.18439827216619853,GCST90199831,cancerType_celltype,CRC_Epi_CRC,tissue,Tumor,Adjacent,group1_higher,2.299678004770586e-141,1.2142570309954717e-171
41434,9402,0.18004198628405088,0.07179685956288438,0.19924432784318918,-0.02254338003695005,0.504989974974423,0.6937161363082847,0.1082451267211665,0.22178770788013924,,0.08059627257240132,1.3263286591133059,14.294871815181432,14.294871815181432,5.7137987234853066e-46,230591276.0,27.875132609929718,5.342766371549526e-171,0.1986726886231861,0.18384749528797006,GCST90199915,cancerType_celltype,CRC_Epi_CRC,tissue,Tumor,Adjacent,group1_higher,8.520686717845156e-46,1.2512354921687292e-170
41434,9402,-0.35962603461372844,-0.07045130136679141,-0.4287400245666504,-0.13228306919336313,0.9019744982300214,0.9176368000635675,-0.28917473324693704,-0.29645695537328726,,-0.12631938701467607,-2.351782739211877,-27.67297822391543,-27.67297822391543,4.202847840232762e-164,159119414.5,-27.7597537493499,1.328772128311359e-169,-0.319568425381693,-0.18308652618968413,GCST90200359,cancerType_celltype,CRC_Epi_CRC,tissue,Tumor,Adjacent,group2_higher,1.043439272538662e-163,3.106546159328271e-169
41434,9402,0.3210191225781683,0.16039105067408133,0.3286661952733993,0.1057397350668907,0.5109226609507966,0.7184549182108758,0.16062807190408696,0.22292646020650858,,0.12513287757679695,1.0010610920300285,20.532516285923528,20.532516285923528,4.657522776185396e-92,230253069.5,27.611867042214374,8.015372487411022e-168,0.2893257905833925,0.1821111550202008,GCST90199793,cancerType_celltype,CRC_Epi_CRC,tissue,Tumor,Adjacent,group1_higher,8.768236939144605e-92,1.870711078825552e-167
41434,9402,0.5593052486236983,0.3328843442781234,0.5469936728477478,0.2908059358596802,0.7248005121562154,0.757961362051603,0.22642090434557494,0.2561877369880676,,0.11945576194015889,0.7486130930422339,26.359491408915726,26.359491408915726,2.222797162259422e-149,230162246.5,27.5411689076232,5.6459672444498734e-167,0.30972161761914024,0.18164487293473042,GCST90200557,cancerType_celltype,CRC_Epi_CRC,tissue,Tumor,Adjacent,group1_higher,5.214582671531139e-149,1.315462111826526e-166
41434,9402,-0.050710839191182404,-0.2295544861853698,-0.0852616317570209,-0.3170801252126694,0.6730079000360999,0.7925327262672214,0.1788436469941874,0.23181849345564848,,0.1100567877390781,-2.17844840827922,20.284230340903292,20.284230340903292,4.757944691203238e-90,230152106.5,27.53327576288283,7.018732816467486e-167,0.2567160076356047,0.18159281453160925,GCST90200229,cancerType_celltype,CRC_Epi_CRC,tissue,Tumor,Adjacent,group1_higher,8.787369395813027e-90,1.632514134615219e-166
41434,9402,0.4026620072667323,0.06497862628673187,0.39292898774147034,0.052416723221540396,1.1627416552514445,0.9791752698591801,0.3376833809800004,0.34051226451992994,,0.10543915335491914,2.631513586159561,29.10565510900192,29.10565510900192,1.5740288886014713e-181,230133801.0,27.51902645705987,1.0395027198510207e-166,0.29855970866450454,0.18149883473887418,GCST90200785,cancerType_celltype,CRC_Epi_CRC,tissue,Tumor,Adjacent,group1_higher,4.1820689574343184e-181,2.4137005232656578e-166
41434,9402,-0.41379750468532195,-0.0721594803030407,-0.46487562358379364,-0.1140130385756492,1.0874710694808816,1.0967169128740313,-0.34163802438228125,-0.35086258500814443,,-0.10992205250608653,-2.5196475854675677,-27.311771782559138,-27.311771782559138,4.941186625153117e-160,159444921.5,-27.506373683767727,1.4730175883909645e-166,-0.313663370920624,-0.18141538470795393,GCST90200059,cancerType_celltype,CRC_Epi_CRC,tissue,Tumor,Adjacent,group2_higher,1.2091269964243623e-159,3.4144948520015045e-166
41434,9402,-0.38019771261475743,0.03861585738630798,-0.5090565085411072,-0.0417547598481178,1.4645643661484973,1.3725313535361914,-0.4188135700010654,-0.46730174869298935,,-0.12338033849940291,-3.299450978273276,-26.375765027264578,-26.375765027264578,7.921996936168077e-150,159468640.5,-27.487910419458377,2.4489754877143598e-166,-0.28923885782492403,-0.1812936121967479,GCST90199635,cancerType_celltype,CRC_Epi_CRC,tissue,Tumor,Adjacent,group2_higher,1.871348669670206e-149,5.667153802639511e-166
41434,9402,0.2591245549084701,0.05815431257330511,0.25681398808956146,0.04209550283849235,0.6519680894633182,0.6665291459652157,0.20097024233516497,0.21471848525106912,,0.11265622362760992,2.1556684056755606,26.500740069816082,26.500740069816082,5.595579500487474e-151,230089840.0,27.484806483102144,2.6673842337680912e-166,0.30697226077810247,0.18127314051208865,GCST90199724,cancerType_celltype,CRC_Epi_CRC,tissue,Tumor,Adjacent,group1_higher,1.3287064214572172e-150,6.162109679026963e-166
41434,9402,-0.17263516007008278,-0.33434168966753014,-0.19158373773097992,-0.38354329764842987,0.5532573575861256,0.5844446829724965,0.16170652959744736,0.19195955991744995,,0.10920021590934277,-0.9535928928755901,24.4567871579573,24.4567871579573,2.733849170267773e-129,229993478.5,27.409797087944447,2.096028436722123e-165,0.2891974648701933,0.1807784239625465,GCST90200542,cancerType_celltype,CRC_Epi_CRC,tissue,Tumor,Adjacent,group1_higher,5.905287510419929e-129,4.833987748311766e-165
41434,9402,0.12771366984552876,-0.04783152074463073,0.12831203639507288,-0.06853686273097985,0.5886676563000763,0.6302213923002926,0.1755451905901595,0.19684889912605275,,0.10961362869685999,1.4168605210068237,24.676380252425957,24.676380252425957,1.6387822013447757e-131,229975083.5,27.39547811383211,3.104780882520747e-165,0.2942571984051036,0.1806839846799615,GCST90199743,cancerType_celltype,CRC_Epi_CRC,tissue,Tumor,Adjacent,group1_higher,3.573856224692687e-131,7.148338417019895e-165
41434,9402,-0.29741531536706883,0.012785401829017266,-0.34973733127117157,-0.08994514867663381,0.8794427990586906,0.9566170541627039,-0.3102007171960861,-0.25979218259453773,,-0.12012559494005644,-4.5398015481695,-28.801614537106136,-28.801614537106136,5.512227411873788e-177,159591794.0,-27.392045685653347,3.411306072315941e-165,-0.34689640422686546,-0.1806613464621546,GCST90199654,cancerType_celltype,CRC_Epi_CRC,tissue,Tumor,Adjacent,group2_higher,1.4448396081507642e-176,7.840826604665477e-165
41434,9402,0.31586092264993393,0.13888760373028386,0.32101544737815857,0.10564561933279035,0.5177500188732288,0.6957269799215555,0.17697331891965007,0.21536982804536822,,0.11147062837859914,1.185365803516072,23.247370888785845,23.247370888785845,6.0608612599776924e-117,229944154.0,27.371402076332384,6.00807714138488e-165,0.31888081973693494,0.1805251937155301,GCST90200105,cancerType_celltype,CRC_Epi_CRC,tissue,Tumor,Adjacent,group1_higher,1.2670174689186496e-116,1.3786210679642411e-164
41434,9402,-0.2807338437319353,0.12267139536015555,-0.3224985897541046,0.0462264474481344,1.16002833598583,1.2541539409320002,-0.4034052390920908,-0.36872503720223904,,-0.11956181060319576,-1.1943974970081106,-28.541349207402376,-28.541349207402376,5.992156497105131e-174,159692657.0,-27.313532247985908,2.9298006348289294e-164,-0.3424485582895214,-0.18014351937004358,GCST90199744,cancerType_celltype,CRC_Epi_CRC,tissue,Tumor,Adjacent,group2_higher,1.5556779629627227e-173,6.711459269364421e-164
41434,9402,0.3076622008482123,0.1575009262503792,0.30635614693164825,0.09657597541809079,0.5787425686274654,0.6586699246633893,0.15016127459783307,0.20978017151355746,,0.10014466706211166,0.9659824224194987,20.391397591839418,20.391397591839418,5.393891434841881e-91,229860457.5,27.306251327933737,3.575272537547905e-164,0.2526544319566595,0.18009549883024145,GCST90200806,cancerType_celltype,CRC_Epi_CRC,tissue,Tumor,Adjacent,group1_higher,1.002984178129534e-90,8.176336356841937e-164
41434,9402,-0.5998389876315955,-0.3223909754451593,-0.6484472453594208,-0.39114002883434296,0.8677670813257513,0.878437879911565,-0.27744801218643617,-0.2573072165250778,,-0.1361432241545861,-0.8957618663358716,-27.710565152530723,-27.710565152530723,1.5138876455029373e-164,159712816.5,-27.29783975771042,4.49965959963462e-164,-0.3189972967079771,-0.18004002120656037,GCST90200080,cancerType_celltype,CRC_Epi_CRC,tissue,Tumor,Adjacent,group2_higher,3.76538113288413e-164,1.0273092184760448e-163
41434,9402,0.021212394757874148,-0.12355406604901778,0.00645371596328905,-0.18729633092880243,0.5383538020501563,0.6048732558507728,0.14476646080689193,0.1937500468920915,,0.10579628866626661,-2.5421067483090014,21.36577282711576,21.36577282711576,1.4255253757275893e-99,229837466.0,27.288354361730757,5.8312663544394226e-164,0.26260971095889923,0.17997746127843106,GCST90199723,cancerType_celltype,CRC_Epi_CRC,tissue,Tumor,Adjacent,group1_higher,2.807790588318937e-99,1.3290996724249053e-163
41434,9402,0.1387816634189918,-0.04777932115833329,0.13768976926803583,-0.04505823552608485,0.474790294683415,0.7083136968531656,0.18656098457732512,0.18274800479412068,,0.12487852913925618,1.538338903157364,24.328931949161422,24.328931949161422,1.6820050282681085e-127,229810381.0,27.267270947007592,1.037204773326114e-163,0.3547785825353605,0.1798384078416917,GCST90200261,cancerType_celltype,CRC_Epi_CRC,tissue,Tumor,Adjacent,group1_higher,3.6103509504400504e-127,2.3601170384699388e-163
41434,9402,0.20744697982453275,0.025377466680122123,0.1904236003756523,-0.00795763311907645,0.5986716471713025,0.6111050926060542,0.18206951314441064,0.19838123349472878,,0.11634878986630494,3.031072796019866,26.178685789274578,26.178685789274578,1.8060761371651403e-147,229753147.5,27.22271943818137,3.497211179934967e-163,0.30294911219264437,0.17954457306703375,GCST90200468,cancerType_celltype,CRC_Epi_CRC,tissue,Tumor,Adjacent,group1_higher,4.193665715427745e-147,7.944498063752267e-163
41434,9402,-0.0833548243117401,-0.23612705940609158,-0.10259817913174625,-0.2619253396987915,0.5022021624590063,0.5050031362523012,0.15277223509435148,0.15932716056704527,,0.1147024937047475,-1.5022145759840604,26.509280840409282,26.509280840409282,4.105576035526236e-151,229544673.0,27.060439418144288,2.8785726470908807e-161,0.3038904929944528,0.1784742723213264,GCST90199913,cancerType_celltype,CRC_Epi_CRC,tissue,Tumor,Adjacent,group1_higher,9.765968824471657e-151,6.52827706819446e-161
41434,9402,0.026304120086166886,-0.11257272607446231,-0.0035077286884188,-0.1807286590337753,0.5290505397564828,0.6013545639456711,0.1388768461606292,0.1772209303453565,,0.11442071283557845,-2.097454610422488,20.652574279482625,20.652574279482625,2.9606519137408866e-93,229467886.5,27.000667528735377,1.4514774370331974e-160,0.2556887700118089,0.17808005313283926,GCST90200117,cancerType_celltype,CRC_Epi_CRC,tissue,Tumor,Adjacent,group1_higher,5.6359896067441736e-93,3.2863185160735015e-160
41434,9402,0.09345548802021937,-0.15506724835262561,0.0480075795203447,-0.21032791584730146,0.8123763284928772,0.7849634838471851,0.248522736372845,0.25833549536764616,,0.13672487026753094,-0.7305365829295659,27.534939261484805,27.534939261484805,1.1064310247162611e-162,229446926.0,26.9843515267304,2.2560028773088137e-160,0.30781502838249497,0.1779724426635474,GCST90199667,cancerType_celltype,CRC_Epi_CRC,tissue,Tumor,Adjacent,group1_higher,2.736960955877067e-162,5.099389588344798e-160
41434,9402,1.4348872245702056,1.0480200469344008,1.5368289947509766,1.0632908344268799,1.3423987147023833,1.3344555101865598,0.3868671776358048,0.4735381603240967,,0.1131322793607562,0.45327066754939693,25.350215387171932,25.350215387171932,1.1455723608159234e-138,229410563.5,26.95604635161978,4.845436982655036e-160,0.2885059106041392,0.17778575886833115,GCST90199633,cancerType_celltype,CRC_Epi_CRC,tissue,Tumor,Adjacent,group1_higher,2.5596969308067272e-138,1.093432219761393e-159
41434,9402,-0.1633292457807717,-0.29283806094132075,-0.20403879135847086,-0.3714521527290344,0.5519260048459013,0.6172593183151345,0.12950881516054905,0.16741336137056356,,0.10143989022676025,-0.8423160268750509,18.717131179454324,18.717131179454324,3.680914144707956e-77,229296434.5,26.867206438792014,5.309889209724389e-159,0.22939025763859636,0.17719982459911932,GCST90200555,cancerType_celltype,CRC_Epi_CRC,tissue,Tumor,Adjacent,group1_higher,6.34271299524266e-77,1.1962609905544367e-158
41434,9402,0.9644944862257818,1.4469487953751843,0.8738178610801697,1.3645588159561157,1.4639240240987719,1.5685938656821623,-0.48245430914940246,-0.49074095487594604,,-0.10969504859569813,0.5851684740531248,-27.25161694540366,-27.25161694540366,3.420038991651517e-159,160301316.5,-26.839741564445422,1.1113028956777142e-158,-0.3251395323575968,-0.17701868291891,GCST90199788,cancerType_celltype,CRC_Epi_CRC,tissue,Tumor,Adjacent,group2_higher,8.339021727407903e-159,2.4995145986942645e-158
41434,9402,0.23620712460935286,0.0019664829779482197,0.21180320531129834,-0.01616389025002715,0.6909251357562469,0.7953527270285852,0.23424064163140465,0.2279670955613255,,0.14126641094281966,6.907563624232228,26.386975022374976,26.386975022374976,1.8337759148845592e-149,229253340.5,26.833661352062087,1.308566008614465e-158,0.3292700343215611,0.17697858151981927,GCST90200351,cancerType_celltype,CRC_Epi_CRC,tissue,Tumor,Adjacent,group1_higher,4.309373399978714e-149,2.9383450901837163e-158
41434,9402,0.10227703828143898,-0.101755247856752,0.08759948983788485,-0.12791094183921808,0.6685977197530331,0.698799761792417,0.20403228613819097,0.21551043167710293,,0.11293665576782931,0.007379015688341532,25.761570603647517,25.761570603647517,6.308441578966942e-143,229242195.5,26.82498589859745,1.652040016666411e-158,0.3025905277891819,0.17692136348206922,GCST90200339,cancerType_celltype,CRC_Epi_CRC,tissue,Tumor,Adjacent,group1_higher,1.4378605137344385e-142,3.703504182099207e-158
41434,9402,0.4350710212107598,0.2330697524262902,0.43363447487354273,0.21924244612455365,0.6749756526168943,0.6421762722962724,0.2020012687844696,0.21439202874898908,,0.11395315034004075,0.9004862674748857,27.273176337935077,27.273176337935077,9.193862159754689e-160,229237788.0,26.82155502725197,1.8115188551537472e-158,0.30193106342699777,0.17689873553219204,GCST90199970,cancerType_celltype,CRC_Epi_CRC,tissue,Tumor,Adjacent,group1_higher,2.2457408823916921e-159,4.054351723439339e-158
41434,9402,-0.3781230278182264,0.1257969377837488,-0.46760179102420807,-0.0205229371786117,1.575907409313037,1.6476105495968554,-0.5039199656019752,-0.44707885384559637,,-0.12413660891002873,-1.5877512558263909,-26.987122370376298,-26.987122370376298,2.6804403533156353e-156,160354850.0,-26.79807019719113,3.4030193520043903e-158,-0.31704811142665446,-0.17674384381402986,GCST90200790,cancerType_celltype,CRC_Epi_CRC,tissue,Tumor,Adjacent,group2_higher,6.420808790104061e-156,7.603795699642597e-158
41434,9402,0.6442498203954883,0.4223426244076833,0.6745924353599548,0.38982236385345453,0.7514164905623771,0.7833653651731449,0.221907195987805,0.2847700715065003,,0.09851688703003351,0.609205196595276,24.98290220814035,24.98290220814035,9.988036640277109e-135,229073890.0,26.69397409661519,5.529601660691631e-157,0.29297520583008085,0.17605728896860762,GCST90199785,cancerType_celltype,CRC_Epi_CRC,tissue,Tumor,Adjacent,group1_higher,2.1993043522936508e-134,1.2335265243081332e-156
41434,9402,-0.41463617243343287,0.059765248311370346,-0.465873971581459,-0.10239353030920026,1.2112801925737564,1.4586777383827765,-0.47440142074480324,-0.36348044127225876,,-0.15828478522839678,-2.7944465717306395,-29.32441606366273,-29.32441606366273,7.2461280983160265e-183,160511738.0,-26.675945967208193,8.951932167337818e-157,-0.3763008896671206,-0.1759383863437275,GCST90200397,cancerType_celltype,CRC_Epi_CRC,tissue,Tumor,Adjacent,group2_higher,1.936563254510734e-182,1.9937064614512167e-156
41434,9402,0.14079149361696747,-0.12099532650611511,0.0892766863107681,-0.1723399087786674,0.8981634442054522,0.8376640795639015,0.2617868201230826,0.26161659508943547,,0.12929030112075837,0.21860717101755597,26.986825227093348,26.986825227093348,1.3272244061577317e-156,228986157.5,26.625681658653214,3.423795630870209e-156,0.29504223037905464,0.17560687340136671,GCST90199737,cancerType_celltype,CRC_Epi_CRC,tissue,Tumor,Adjacent,group1_higher,3.1904882991057995e-156,7.612778866029517e-156
41434,9402,-0.6662030278635221,-0.40292714812620706,-0.7857137024402618,-0.5017603635787964,0.9078630772381837,0.8926159908621281,-0.2632758797373151,-0.28395333886146545,,-0.13127246417545335,-0.7254414824319291,-25.737712589281234,-25.737712589281234,8.31970340734584e-143,160758623.0,-26.483766574779597,1.4909666071601101e-154,-0.2908924168984247,-0.17467088744288373,GCST90200845,cancerType_celltype,CRC_Epi_CRC,tissue,Tumor,Adjacent,group2_higher,1.893114481504571e-142,3.309751605145326e-154
41434,9402,-0.047311787262950517,0.20483320881353081,-0.102274190634489,0.12251430004835125,0.6862555161260189,0.8397999067671601,-0.25214499607648133,-0.22478849068284024,,-0.1528452777237089,2.1141546164378227,-27.129889562002955,-27.129889562002955,1.6467721100539135e-157,160843135.5,-26.417980638401843,8.516454732259057e-154,-0.35160129732193446,-0.1742370032423144,GCST90200496,cancerType_celltype,CRC_Epi_CRC,tissue,Tumor,Adjacent,group2_higher,3.979699265963625e-157,1.8874679349705844e-153
41434,9402,-0.24195768153373418,-0.016595994700037562,-0.2624794542789459,-0.0139871058054268,0.6986875525297679,0.8093283663602747,-0.22536168683369662,-0.24849234847351911,,-0.10932408959781435,-3.8657667699735656,-24.97106083481982,-24.97106083481982,2.0604745392311135e-134,160879461.0,-26.389704264706943,1.7987425253167284e-153,-0.3128152172481846,-0.17405050940379607,GCST90200169,cancerType_celltype,CRC_Epi_CRC,tissue,Tumor,Adjacent,group2_higher,4.522426404141719e-134,3.980009840919969e-153
41434,9402,-0.04660525196415256,-0.3243705905486699,-0.0519120134413242,-0.353406012058258,0.9716038258703922,0.9448145600211882,0.27776533858451735,0.3014939986169338,,0.10050535378881915,-2.7990520671403,25.599813994228043,25.599813994228043,2.3267018485052668e-141,228602059.0,26.326692994446255,9.490915905747349e-153,0.28733191139458636,0.17363492522077362,GCST90199764,cancerType_celltype,CRC_Epi_CRC,tissue,Tumor,Adjacent,group1_higher,5.2418092884507085e-141,2.0966156206699575e-152
41434,9402,0.3870724032928444,0.08488022193087957,0.3654199242591858,0.053242040798068005,0.9660796757370126,1.0131283640680775,0.30219218136196485,0.3121778834611178,,0.11255557005484702,2.189089849902466,26.33273592974762,26.33273592974762,4.417171256179175e-149,228541525.5,26.279572710704528,3.2836229937053296e-152,0.3099560312200625,0.17332414836225962,GCST90200839,cancerType_celltype,CRC_Epi_CRC,tissue,Tumor,Adjacent,group1_higher,1.0344681137752948e-148,7.242035825922919e-152
41434,9402,-0.415416543388237,-0.07852546463079287,-0.489161878824234,-0.23032411187887186,0.9391535240702952,1.077144599373464,-0.3368910787574442,-0.25883776694536215,,-0.14004718519592485,-2.403311291976011,-28.007170813304413,-28.007170813304413,1.372353925310479e-167,161022141.0,-26.278639778360215,3.3652404293964133e-152,-0.34869097049880676,-0.173317995305441,GCST90200499,cancerType_celltype,CRC_Epi_CRC,tissue,Tumor,Adjacent,group2_higher,3.470349536545794e-167,7.410052835649937e-152
41434,9402,0.612386886746579,0.2685666724248469,0.5654759109020233,0.1850389689207077,1.2102424635293678,1.0378944480557835,0.34382021432173215,0.3804369419813156,,0.10417264776372881,1.18916008853078,28.07992753789528,28.07992753789528,2.4718805527195112e-169,228450798.5,26.208949304110895,2.1011916303193517e-151,0.2913070180873847,0.17285835913741043,GCST90200147,cancerType_celltype,CRC_Epi_CRC,tissue,Tumor,Adjacent,group1_higher,6.28577088312816e-169,4.6192325679439935e-151
41434,9402,0.04274337545744981,0.3308345223047125,-0.0110688316635787,0.2776842266321182,0.8684557234393511,0.9592507577779096,-0.28809114684726267,-0.2887530582956969,,-0.12128936396204297,2.9523076473834453,-26.740344058394832,-26.740344058394832,1.9896663434058597e-153,161139510.5,-26.187277406407087,3.710224137500064e-151,-0.32517821079845866,-0.17271542442327892,GCST90199848,cancerType_celltype,CRC_Epi_CRC,tissue,Tumor,Adjacent,group2_higher,4.7577460106354156e-153,8.143374395189352e-151
41434,9402,-0.39319790539814664,-0.13280209128676887,-0.43008479475975037,-0.21954106539487833,0.6977864064422544,0.8332417917688331,-0.2603958141113778,-0.21054372936487203,,-0.14235112410444611,-1.5659705764500338,-28.14530939465404,-28.14530939465404,4.542869221189231e-169,161213565.0,-26.12963215126156,1.679700115823942e-150,-0.3592917998829787,-0.17233523122663863,GCST90200460,cancerType_celltype,CRC_Epi_CRC,tissue,Tumor,Adjacent,group2_higher,1.1530597296984957e-168,3.6807576493055197e-150
41434,9402,-0.7457427618147593,-0.48991774143662054,-0.8538968563079834,-0.5335724353790283,0.9460408147146193,0.9308200152273157,-0.25582502037813876,-0.3203244209289551,,-0.12263753060609622,-0.6061375226090813,-23.986121618485615,-23.986121618485615,1.177636561202816e-124,161272912.5,-26.083435069656133,5.62052640709199e-150,-0.2712181521955394,-0.17203054325038314,GCST90200608,cancerType_celltype,CRC_Epi_CRC,tissue,Tumor,Adjacent,group2_higher,2.515859926206016e-124,1.2296593086462894e-149
41434,9402,-0.5980479727110035,-0.32179936281633975,-0.7103981375694275,-0.4532640874385834,0.8917576728448896,0.9298165980707921,-0.27624860989466377,-0.2571340501308441,,-0.14156038171873936,-0.8940976752522433,-26.202951371930855,-26.202951371930855,1.1035444147272183e-147,161311703.0,-26.053239898941015,1.2363123609599515e-149,-0.3073125071144448,-0.1718313941886208,GCST90200970,cancerType_celltype,CRC_Epi_CRC,tissue,Tumor,Adjacent,group2_higher,2.571164166278972e-147,2.7004707499814327e-149
41434,9402,0.05247042166644914,0.2776789150385189,0.00910497037693855,0.2576151192188263,0.717496769513049,0.780329486580602,-0.22520849337206975,-0.24851014884188774,,-0.10738055493060335,2.4038190446986714,-25.633460614284978,-25.633460614284978,1.769321603548023e-141,161318604.5,-26.047867656492727,1.422318882616515e-149,-0.30870576898656377,-0.17179596213052029,GCST90199993,cancerType_celltype,CRC_Epi_CRC,tissue,Tumor,Adjacent,group2_higher,3.992690969595952e-141,3.1017930192100963e-149
41434,9402,-0.20181276544829677,0.12726210958601264,-0.23319865763187406,0.0920960679650306,1.0565172315254765,1.0836222408491694,-0.32907487503430943,-0.32529472559690464,,-0.09790232473203048,-0.6652103037208589,-26.706242645394443,-26.706242645394443,3.1225275768767735e-153,161321650.5,-26.045496599404053,1.5130651431973811e-149,-0.30998533808596185,-0.17178032407372468,GCST90200363,cancerType_celltype,CRC_Epi_CRC,tissue,Tumor,Adjacent,group2_higher,7.453599102071878e-153,3.2944213900607517e-149
41434,9402,1.346558705975769,0.8984209794628482,1.3586499691009521,0.8405309021472931,1.585207014486293,1.514899026521911,0.44813772651292094,0.5181190669536591,,0.10686707728135389,0.5838130717147757,25.67139580507103,25.67139580507103,3.6662014035157634e-142,228225101.5,26.03326300347312,2.0816506715708846e-149,0.2849948421478695,0.17169963868285176,GCST90200511,cancerType_celltype,CRC_Epi_CRC,tissue,Tumor,Adjacent,group1_higher,8.314529971700476e-142,4.525183198327138e-149
41434,9402,0.10840698259672073,0.45582297700730606,0.08947941660881034,0.4152365624904632,1.1362369536601251,1.0993844177899397,-0.34741599441058535,-0.32575714588165283,,-0.09953252382588741,2.07200582134783,-27.49049850393895,-27.49049850393895,3.572390878880352e-162,161476449.5,-25.924998481784293,3.481103398997073e-148,-0.30758054759974474,-0.17098559145589975,GCST90199963,cancerType_celltype,CRC_Epi_CRC,tissue,Tumor,Adjacent,group2_higher,8.8050068135875585e-162,7.555324733810527e-148
41434,9402,0.10325088880127353,-0.01480917481707116,0.09474833309650416,-0.06933115795254699,0.5193243096319927,0.6142842254204104,0.11806006361834469,0.16407949104905115,,0.08352339842299993,2.8015075981139983,17.286487202208587,17.286487202208587,3.431890694374011e-66,228063903.5,25.907783797767205,5.4420404088508776e-148,0.21938128893679615,0.17087205382424053,GCST90199877,cancerType_celltype,CRC_Epi_CRC,tissue,Tumor,Adjacent,group1_higher,5.581941547054626e-66,1.1792529534600552e-147
41434,9402,-1.0129792371876551,-0.6293479166758648,-1.0851819515228271,-0.7093321979045868,1.2823923361208427,1.2648757156949189,-0.3836313205117904,-0.37584975361824036,,-0.12479189945727791,-0.686674040978006,-26.48206896841011,-26.48206896841011,7.306290850393422e-151,161526159.0,-25.88630377976542,9.499602995132153e-148,-0.29990621153790553,-0.17073038463243329,GCST90199673,cancerType_celltype,CRC_Epi_CRC,tissue,Tumor,Adjacent,group2_higher,1.731908596362823e-150,2.0552315686293845e-147
41434,9402,-0.22510837115106913,0.07116160292616353,-0.2773211300373077,0.0253317514434456,1.0540194295685883,0.9884455139585819,-0.29626997407723266,-0.3026528814807533,,-0.09353365553111762,-1.661434930087039,-25.912008237627404,-25.912008237627404,8.686107086722904e-145,161588222.5,-25.837992518562867,3.319985370255643e-147,-0.28427267336344086,-0.17041175280776788,GCST90200407,cancerType_celltype,CRC_Epi_CRC,tissue,Tumor,Adjacent,group2_higher,1.996486333761099e-144,7.171378858412743e-147
41434,9402,0.016345363297747963,-0.1212753543816249,0.017904267646372297,-0.14301483333110804,0.48557112209497355,0.554548814784736,0.13762071767937287,0.16091910097748033,,0.11441468876579017,-2.891256682274788,22.20877159108234,22.20877159108234,2.889814118205495e-107,227928937.5,25.80272401738963,8.264486087383915e-147,0.27576726792132794,0.17017914313039006,GCST90200622,cancerType_celltype,CRC_Epi_CRC,tissue,Tumor,Adjacent,group1_higher,5.81804526309319e-107,1.782356730554474e-146
41434,9402,0.18505063222322268,-0.05655355893419289,0.1550798267126083,-0.09696797281503675,0.82684903887053,0.8032360413750085,0.24160419115741558,0.25204779952764506,,0.10465391148485956,1.7102126293144018,26.186732668773825,26.186732668773825,1.1248057062015637e-147,227920783.5,25.79637680809841,9.737340002654951e-147,0.2937318219242479,0.17013728078137147,GCST90200047,cancerType_celltype,CRC_Epi_CRC,tissue,Tumor,Adjacent,group1_higher,2.6162289719329886e-147,2.0966815835100627e-146
41434,9402,-0.42837686159825394,-0.6493633474354669,-0.48687979578971863,-0.7282152473926544,0.7846546347025087,0.7985609106501784,0.22098648583721292,0.2413354516029358,,0.10588503984134745,-0.6001442532766212,24.302532931750704,24.302532931750704,8.694871970262446e-128,227891351.0,25.77346606031035,1.7594840093973038e-146,0.28070868813855326,0.1699861753622529,GCST90200843,cancerType_celltype,CRC_Epi_CRC,tissue,Tumor,Adjacent,group1_higher,1.8692603305154122e-127,3.7826130990670746e-146
41434,9402,0.06162776740407924,-0.08405118959987462,0.050704561173915794,-0.11901545524597165,0.47394735504046687,0.6516059094850278,0.14567895700395386,0.16972001641988743,,0.12320160326351534,-0.4476814658364683,20.483477456599807,20.483477456599807,1.1920770571427708e-91,227830181.5,25.72585070358491,6.007107608204451e-146,0.28482134834576917,0.16967213330212294,GCST90200672,cancerType_celltype,CRC_Epi_CRC,tissue,Tumor,Adjacent,group1_higher,2.238017946123411e-91,1.2893996330681365e-145
41434,9402,-0.2004447551485875,-0.33412737698297434,-0.2311912253499031,-0.4199772775173187,0.582111294221627,0.68004300767546,0.13368262183438684,0.18878605216741562,,0.0915787682542514,-0.7371906478585875,17.650212806967613,17.650212806967613,6.715660690875819e-69,227641761.5,25.579181440076006,2.601034040200825e-144,0.22227632757782387,0.1687047916535942,GCST90199901,cancerType_celltype,CRC_Epi_CRC,tissue,Tumor,Adjacent,group1_higher,1.110855039036862e-68,5.574228611310887e-144
41434,9402,0.14556782658538545,-0.10235205909845939,0.09526572749018665,-0.12828502058982844,0.83008437436134,0.7678183899231318,0.24791988568384482,0.22355074808001507,,0.1333752446710579,0.5081472150969049,27.83438112156058,27.83438112156058,3.0516658342654455e-166,227614351.5,25.557845039944496,4.4919236533837134e-144,0.30273780478479834,0.16856406967829352,GCST90199872,cancerType_celltype,CRC_Epi_CRC,tissue,Tumor,Adjacent,group1_higher,7.645993625190814e-166,9.611447314854005e-144
41434,9402,0.6528141239484067,0.4149805837652149,0.657737523317337,0.40548844635486603,0.8372514675106744,0.8156098524432824,0.23783354018319175,0.252249076962471,,0.08834557605767075,0.6536271676846226,25.400637600923805,25.400637600923805,3.0440765480342784e-139,227475451.5,25.449722968500982,7.109588625531641e-143,0.2854145653233821,0.16785096196690086,GCST90200642,cancerType_celltype,CRC_Epi_CRC,tissue,Tumor,Adjacent,group1_higher,6.812933226552909e-139,1.5188666609090325e-142
41434,9402,0.09098597694944649,0.4621964448991516,0.07495649531483645,0.39049336314201355,1.1297965566306911,1.211758798084185,-0.37121046794970514,-0.3155368678271771,,-0.11509451622245122,2.3447773134616736,-27.14691847931119,-27.14691847931119,5.12869905819252e-158,162101493.5,-25.438453830788326,9.474640948899531e-143,-0.3240890866571302,-0.1677766375584211,GCST90199900,cancerType_celltype,CRC_Epi_CRC,tissue,Tumor,Adjacent,group2_higher,1.243846408597225e-157,2.020960189882639e-142
41434,9402,-1.040562948355214,-0.6996939087105801,-1.12294340133667,-0.7026484906673431,1.2175258944691796,1.3306074469095224,-0.3408690396446338,-0.4202949106693268,,-0.11151334196674506,-0.572567730194885,-22.77072930416884,-22.77072930416884,1.3011572103315857e-112,162132945.5,-25.413971070593643,1.7673788151426073e-142,-0.27506816377751564,-0.1676151640973791,GCST90200580,cancerType_celltype,CRC_Epi_CRC,tissue,Tumor,Adjacent,group2_higher,2.683021600123981e-112,3.763964570374022e-142
41434,9402,-0.6050448759340744,-0.38957499029030573,-0.6789381206035614,-0.4763227850198746,0.7347957855823852,0.7468283224854123,-0.21546988564376868,-0.20261533558368683,,-0.13316827597823436,-0.6351397685642253,-25.3312230990225,-25.3312230990225,2.0205040291147064e-138,162155064.0,-25.396753662118314,2.7389857067403407e-142,-0.2923465542633378,-0.16750160849684315,GCST90200719,cancerType_celltype,CRC_Epi_CRC,tissue,Tumor,Adjacent,group2_higher,4.5072782187943454e-138,5.824083491867526e-142
41434,9402,0.36642010559528526,0.2060504724924469,0.3941743075847626,0.23940347135066986,0.5039167562986926,0.6656576300839471,0.16036963310283836,0.1547708362340927,,0.10672661809442346,0.8304978305427888,21.9752745690468,21.9752745690468,5.840086113586084e-105,227318916.5,25.327873519592337,1.5756530098085234e-141,0.2983571092263618,0.16704731678617457,GCST90200030,cancerType_celltype,CRC_Epi_CRC,tissue,Tumor,Adjacent,group1_higher,1.1654520311592727e-104,3.3451947856215225e-141
41434,9402,-0.816669685273612,-0.4866546517997383,-0.9141834080219269,-0.5837226808071136,1.11824484338492,1.16869388498359,-0.3300150334738736,-0.33046072721481323,,-0.12979755868004283,-0.7468531325390819,-24.91466291563537,-24.91466291563537,5.156388313789181e-134,162248817.5,-25.323774377560508,1.7483024680450527e-141,-0.2926327367706768,-0.16702028132751223,GCST90200560,cancerType_celltype,CRC_Epi_CRC,tissue,Tumor,Adjacent,group2_higher,1.1281151318932029e-133,3.7059661958715504e-141
41434,9402,-0.16745684403956249,-0.2876919290138087,-0.17418801784515375,-0.33859461545944214,0.4819302655421297,0.5118105159399564,0.1202350849742462,0.16440659761428839,,0.09988177341691025,-0.780731806436692,20.783835387648455,20.783835387648455,1.8416829355014555e-94,227303036.5,25.315512263332273,2.1558053876542617e-141,0.24658842247361432,0.16696578942507356,GCST90200238,cancerType_celltype,CRC_Epi_CRC,tissue,Tumor,Adjacent,group1_higher,3.5305398608839434e-94,4.562675067349004e-141
41434,9402,-1.035417034252769,-0.7569308686966196,-1.1531951427459717,-0.8448168933391571,0.9621126819451828,0.9796320402032429,-0.27848616555614947,-0.3083782494068146,,-0.13624027972667704,-0.45197799703245867,-24.967312607539032,-24.967312607539032,1.3057891714020904e-134,162347557.0,-25.24691390763036,1.2245015953357447e-140,-0.28847412293527785,-0.16651335620966445,GCST90200337,cancerType_celltype,CRC_Epi_CRC,tissue,Tumor,Adjacent,group2_higher,2.870630065517821e-134,2.5875901929342947e-140
41434,9402,-0.8093259649415728,-0.3265136834748532,-0.9328490793704987,-0.4520885944366455,1.596429192592691,1.6910794929858306,-0.4828122814667196,-0.48076048493385315,,-0.13188662923280248,-1.3095747918869667,-25.248265434026568,-25.248265434026568,1.8219455554722929e-137,162407731.5,-25.200073075462775,3.998321099495181e-140,-0.2990750347975647,-0.1662044224445154,GCST90200749,cancerType_celltype,CRC_Epi_CRC,tissue,Tumor,Adjacent,group2_higher,4.044481746105432e-137,8.436086158842e-140
41434,9402,0.3901878135086921,0.18995949531579287,0.4293025285005569,0.18585781753063196,0.7737072440722457,0.739895594562776,0.2002283181928992,0.24344471096992493,,0.10059713892585034,1.0384729941997108,23.48743618499327,23.48743618499327,9.509296259076555e-120,227145110.5,25.192580036875913,4.83058727106907e-140,0.26086118678763504,0.16615500289930396,GCST90200946,cancerType_celltype,CRC_Epi_CRC,tissue,Tumor,Adjacent,group1_higher,2.006373189028072e-119,1.017633763596158e-139
41434,9402,0.2404120105865788,-0.0983223100779059,0.2073345631361007,-0.13258272409439084,1.1849217305661763,1.072334167222376,0.3387343206644847,0.3399172872304915,,0.10622510730433325,1.2899095831069163,27.103950638482672,27.103950638482672,5.288943547927689e-158,227110589.0,25.165707926801492,9.512898963143434e-140,0.29077886495008665,0.16597777073329345,GCST90200623,cancerType_celltype,CRC_Epi_CRC,tissue,Tumor,Adjacent,group1_higher,1.2804316262567389e-157,2.0009384701797067e-139
41434,9402,0.3112875502875581,0.12695533162638595,0.2869129031896591,0.01888303738087415,0.6694711395806464,0.8803540117662634,0.18433221866117216,0.26802986580878496,,0.11685762833275644,1.293920165500405,19.08885024821844,19.08885024821844,4.792965855555192e-80,227023305.5,25.097764997911355,5.2607957913891055e-139,0.2584630293073969,0.16552966031624994,GCST90200072,cancerType_celltype,CRC_Epi_CRC,tissue,Tumor,Adjacent,group1_higher,8.407738045201708e-80,1.1048481762193144e-138
41434,9402,-0.7640320395606641,-0.4745156543059267,-0.8571120202541351,-0.5916967988014221,0.9519528455213905,0.9887888960962513,-0.28951638525473744,-0.265415221452713,,-0.13575502445277127,-0.6871763039824592,-25.80649472802164,-25.80649472802164,2.0235989548665872e-143,162557348.5,-25.083608712877002,7.508499473125292e-139,-0.3019344074597294,-0.16543629403230908,GCST90200444,cancerType_celltype,CRC_Epi_CRC,tissue,Tumor,Adjacent,group2_higher,4.620042504996916e-143,1.574474581826119e-138
41434,9402,-0.7627357733667964,-0.45997047166962646,-0.8197830617427826,-0.4655875265598297,1.148076664345066,1.1249183839488663,-0.30276530169717,-0.3541955351829529,,-0.09942932775727967,-0.7296408720420932,-23.470577432194187,-23.470577432194187,1.523564933783327e-119,162624356.0,-25.03144895980104,2.7801922165211625e-138,-0.26469449864926514,-0.16509227988564856,GCST90200353,cancerType_celltype,CRC_Epi_CRC,tissue,Tumor,Adjacent,group2_higher,3.199721116712904e-119,5.820893995573494e-138
41434,9402,0.08676730288591168,-0.2299513041684778,0.05183102935552595,-0.25819455087184906,1.0894856243634083,1.1085745465439285,0.3167186070543895,0.31002558022737503,,0.10172046405743297,-1.4060946372197338,25.089214925870408,25.089214925870408,6.997578922715136e-136,226907851.0,25.00789329382586,5.016906840738728e-138,0.28975913731880365,0.1649369209766891,GCST90200408,cancerType_celltype,CRC_Epi_CRC,tissue,Tumor,Adjacent,group1_higher,1.550845540107436e-135,1.0487797582709947e-137
41434,9402,0.5459222579012841,0.8484278737116792,0.5101614594459534,0.8000059425830841,0.9607452033254513,1.0654985346090342,-0.30250561581039503,-0.28984448313713074,,-0.10774951363305621,0.6360955581153144,-25.29443064814219,-25.29443064814219,7.327180874582515e-138,162726500.0,-24.9519383704164,2.0344196900316334e-137,-0.30837673051823805,-0.16456787618462254,GCST90200343,cancerType_celltype,CRC_Epi_CRC,tissue,Tumor,Adjacent,group2_higher,1.63185417190457e-137,4.2464227220721536e-137
41434,9402,0.21524681896371464,-0.06195078842507249,0.16960538923740387,-0.09649248048663135,0.931084149115661,0.9829329008748564,0.2771976073887871,0.2660978697240352,,0.12888407715740438,1.7967807835158245,24.92489333306816,24.92489333306816,4.2195673423807557e-134,226752144.5,24.88668876310434,1.0368745940651932e-136,0.2946127018451396,0.16413752928580383,GCST90200947,cancerType_celltype,CRC_Epi_CRC,tissue,Tumor,Adjacent,group1_higher,9.246415253480659e-134,2.1609481218820463e-136
41434,9402,0.42509017316159564,0.7304280496830643,0.362080842256546,0.6632938086986542,0.9940978309775828,1.0625641506063865,-0.30533787652146865,-0.30121296644210815,,-0.1139939176438953,0.7809718411356796,-25.45047257988555,-25.45047257988555,1.4148913798496494e-139,162811813.0,-24.885529311517477,1.06727820033366e-136,-0.30318209136619856,-0.16412988224522695,GCST90199626,cancerType_celltype,CRC_Epi_CRC,tissue,Tumor,Adjacent,group2_higher,3.1718699847616317e-139,2.2209163161141657e-136
41434,9402,0.2690848043072388,0.09585338750131378,0.27918829023838043,0.0685741379857063,0.6257040828770677,0.7011932279034491,0.17323141680592502,0.21061415225267413,,0.10159722356000869,1.4891499088555415,22.046098896036575,22.046098896036575,8.898209461637414e-106,226708585.5,24.852781712636318,2.412900034383453e-136,0.27053215932833535,0.16391389891286967,GCST90200735,cancerType_celltype,CRC_Epi_CRC,tissue,Tumor,Adjacent,group1_higher,1.780948531014948e-105,5.013388333635132e-136
41434,9402,-0.5018337080648194,-0.18328883062314924,-0.6128084659576416,-0.28049707412719727,1.1241974633355734,1.143614278703594,-0.31854487744167015,-0.33231139183044434,,-0.12260768297465476,-1.4530855105888767,-24.459654356326258,-24.459654356326258,2.1913110762878646e-129,162857486.5,-24.84997629906193,2.5874175097570885e-136,-0.28244463650571944,-0.16389539610371295,GCST90200734,cancerType_celltype,CRC_Epi_CRC,tissue,Tumor,Adjacent,group2_higher,4.740884122191047e-129,5.3678083193286325e-136
41434,9402,-0.005752984502962571,-0.11428894309655878,-0.01491465698927635,-0.15035454183816904,0.45688649929147057,0.586384169102942,0.1085359585935962,0.1354398848488927,,0.08961610022032941,-4.311993313954048,16.825836349748695,16.825836349748695,8.134501874534271e-63,226701976.5,24.847637157055537,2.7425249130274555e-136,0.22449992323777176,0.16387996853947429,GCST90199647,cancerType_celltype,CRC_Epi_CRC,tissue,Tumor,Adjacent,group1_higher,1.3074676951639398e-62,5.680944462699729e-136
41434,9402,-0.15831274800529252,0.2359012452334877,-0.253852441906929,0.1346112862229347,1.360717626669433,1.385826298194958,-0.39421399323878026,-0.38846372812986374,,-0.10559646624307664,0.5754026047881027,-24.98463550587968,-24.98463550587968,8.635147433924346e-135,162880171.0,-24.832318306767757,4.01490469459676e-136,-0.2887177203450398,-0.16377893467909743,GCST90200288,cancerType_celltype,CRC_Epi_CRC,tissue,Tumor,Adjacent,group2_higher,1.904483163825062e-134,8.303968283361736e-136
41434,9402,-0.20358693596604224,0.16942694284834278,-0.2448605075478553,0.09309316426515575,1.2300590064568893,1.2470075298174617,-0.373013878814385,-0.33795367181301106,,-0.11954040110124321,-0.26498024369572215,-26.250994606958837,-26.250994606958837,2.8520029812563517e-148,162985922.5,-24.74999957935049,3.10034970104787e-135,-0.30247370192327316,-0.16323601020003808,GCST90201000,cancerType_celltype,CRC_Epi_CRC,tissue,Tumor,Adjacent,group2_higher,6.66771880523569e-148,6.402691882618555e-135
41434,9402,-0.10447480805761336,0.18307591489575303,-0.14060702174901954,0.1237811036407947,0.8844986720157134,1.005606623932032,-0.28755072295336637,-0.26438812538981427,,-0.10623763744123667,0.8092809687267408,-25.572657310585747,-25.572657310585747,9.558620911920293e-141,163005837.0,-24.73449780115206,4.5525533778107876e-135,-0.3166461008541514,-0.16313376985793204,GCST90200819,cancerType_celltype,CRC_Epi_CRC,tissue,Tumor,Adjacent,group2_higher,2.1499010400903234e-140,9.387489037755074e-135
41434,9402,-0.04500321068047162,-0.18122430256905875,-0.08734315261244771,-0.2723471373319626,0.5952529315009065,0.7116705271020659,0.13622109188858714,0.18500398471951487,,0.0996971274097101,-2.009652503479947,17.241735732952407,17.241735732952407,7.38986709369755e-66,226523228.5,24.708496739298987,8.66699187202536e-135,0.22026688901305827,0.16296228259853818,GCST90200371,cancerType_celltype,CRC_Epi_CRC,tissue,Tumor,Adjacent,group1_higher,1.1990939105606859e-65,1.7844576920801457e-134
41434,9402,0.4568548486008825,1.0127065747046604,0.5389764904975891,0.9686913192272186,1.7964423656898711,1.7151862663363948,-0.5558517261037779,-0.4297148287296295,,-0.09879223941274104,1.14840671789378,-28.118343044005247,-28.118343044005247,2.0303590309259098e-169,163226786.0,-24.562507422726046,3.1796726848629986e-133,-0.3119792461219657,-0.16199942546826662,GCST90200776,cancerType_celltype,CRC_Epi_CRC,tissue,Tumor,Adjacent,group2_higher,5.1823583504719374e-169,6.536793166618804e-133
41434,9402,-0.3078946782203103,-0.5566141162620699,-0.3740912675857544,-0.6088128387928009,0.9036019001738185,0.8072921014143176,0.2487194380417596,0.2347215712070465,,0.11867205978441835,-0.854238472032025,26.360775818795215,26.360775818795215,8.675665784837314e-150,226308165.0,24.541087732013946,5.38458220240902e-133,0.28053816742191867,0.16185815415873184,GCST90199752,cancerType_celltype,CRC_Epi_CRC,tissue,Tumor,Adjacent,group1_higher,2.0458360665628476e-149,1.1052990273920926e-132
41434,9402,-0.9871039286542127,-0.5233760283787598,-1.0745394229888916,-0.5725201368331909,1.2823991767096454,1.6837065441928607,-0.46372790027545285,-0.5020192861557007,,-0.15854016937778595,-0.9153528462127829,-25.1046074181636,-25.1046074181636,1.3567470770608702e-135,163309062.5,-24.498462025957707,1.533971333704648e-132,-0.33959484579718474,-0.16157702081300096,GCST90199748,cancerType_celltype,CRC_Epi_CRC,tissue,Tumor,Adjacent,group2_higher,3.0020231591460485e-135,3.1440645531420085e-132
41434,9402,-0.4561083839062943,-0.05084623398913273,-0.5053207576274872,-0.153526559472084,1.4218287537710588,1.311808968371024,-0.4052621499171616,-0.3517941981554032,,-0.10335519160022587,-3.1651386512782933,-26.617079004035983,-26.617079004035983,1.596585304474595e-152,163441090.0,-24.395689622879893,1.9001817530662437e-131,-0.28903260338649905,-0.16089919627472937,GCST90199909,cancerType_celltype,CRC_Epi_CRC,tissue,Tumor,Adjacent,group2_higher,3.804450646851177e-152,3.8888104045484833e-131
41434,9402,1.069516113774701,0.7977099570628453,1.1005229353904724,0.7718699276447296,1.0152099722884513,1.0602243315390596,0.2718061567118556,0.3286530077457428,,0.08421406690849269,0.4230215683415977,22.616644331976893,22.616644331976893,3.3189061819861416e-111,226030996.5,24.325335159235745,1.0577178410654113e-130,0.2655176606367981,0.16043518083472041,GCST90199866,cancerType_celltype,CRC_Epi_CRC,tissue,Tumor,Adjacent,group1_higher,6.812754707902276e-111,2.1614234143510576e-130
41434,9402,0.3990351640711157,0.21995012226852523,0.38982416689395905,0.1806741803884506,0.6485307575156705,0.8092475204543396,0.1790850418025905,0.20914998650550845,,0.11217880499372503,0.8593365393324097,20.046848154321673,20.046848154321673,5.455935039194293e-88,225959325.5,24.269545260154192,4.11218177323857e-130,0.26292841371189524,0.16006722444319244,GCST90200115,cancerType_celltype,CRC_Epi_CRC,tissue,Tumor,Adjacent,group1_higher,9.995214325835781e-88,8.39057448641343e-130
41434,9402,0.3849760806766816,0.15032092269017241,0.3839939534664154,0.16312606632709498,0.7254828346097123,0.8644371671326776,0.23465515798650918,0.22086788713932043,,0.10800557615624025,1.3567171338343726,24.440503261992173,24.440503261992173,6.30603358589999e-129,225920574.0,24.239380447688077,8.557640698340115e-130,0.3115793951603831,0.15986827560605765,GCST90201005,cancerType_celltype,CRC_Epi_CRC,tissue,Tumor,Adjacent,group1_higher,1.3578394593335998e-128,1.7435073649981432e-129
41434,9402,0.2529994859501611,0.09728842118058813,0.23043826967477796,0.051901938393712,0.6131322035684891,0.6443070785761098,0.15571106476957297,0.17853633128106594,,0.08475275780357557,1.3787853095775604,21.342992079795206,21.342992079795206,1.9576657217103717e-99,225876821.0,24.20532238439169,1.955424120357473e-129,0.2515461563944265,0.15964364924395125,GCST90199871,cancerType_celltype,CRC_Epi_CRC,tissue,Tumor,Adjacent,group1_higher,3.8503584108098655e-99,3.9779747403690085e-129
41434,9402,-0.6604723686648053,-0.35846017133803687,-0.7513479590415955,-0.356869176030159,1.214202742309037,1.250267333238733,-0.30201219732676843,-0.39447878301143646,,-0.09166569679822857,-0.881683536821161,-21.257885535275598,-21.257885535275598,1.082325879958465e-98,163689534.5,-24.20229628969956,2.104282873179368e-129,-0.24735783000118133,-0.15962369095577245,GCST90200251,cancerType_celltype,CRC_Epi_CRC,tissue,Tumor,Adjacent,group2_higher,2.1134816251911e-98,4.2744225873971367e-129
41434,9402,-0.20331898207756083,-0.3632487442061954,-0.2386714071035385,-0.4426537901163101,0.6202282684623605,0.633191543099267,0.15992976212863458,0.2039823830127716,,0.11794308408256673,-0.8372097732121242,22.19375419460605,22.19375419460605,2.9476828792225395e-107,225751897.0,24.10807946392366,2.0566983566521367e-128,0.2568550479112948,0.15900229382467113,GCST90199719,cancerType_celltype,CRC_Epi_CRC,tissue,Tumor,Adjacent,group1_higher,5.925799062507849e-107,4.171547410888188e-128
41434,9402,-0.2409865602180322,0.10351115953427605,-0.304837241768837,0.00891984300687905,1.2351079492496164,1.2196645753210602,-0.34449771975230825,-0.313757084775716,,-0.10466299175881476,-1.2191584259139079,-24.667648029832694,-24.667648029832694,1.4292717651951273e-131,163815840.5,-24.103977597433584,2.2708432660943332e-128,-0.27956429598091803,-0.15897524039713185,GCST90200582,cancerType_celltype,CRC_Epi_CRC,tissue,Tumor,Adjacent,group2_higher,3.1219509871169207e-131,4.599048100574407e-128
41434,9402,0.2804243891342435,-0.012292198097379794,0.23525088280439377,-0.0653148181736469,1.0869907354798947,0.9707471538918565,0.2927165872316233,0.3005657009780407,,0.1144018665587466,4.5116847845483266,25.7977601536323,25.7977601536323,1.1229532000134064e-143,225673540.5,24.04708546038828,8.955023395681271e-128,0.27447792116459596,0.15860001431144033,GCST90200730,cancerType_celltype,CRC_Epi_CRC,tissue,Tumor,Adjacent,group1_higher,2.568095992648109e-143,1.810934256426346e-127
41434,9402,0.3056764528699547,0.10231262851385386,0.2965885251760483,0.0289557678624987,0.8002596949102874,0.9281839004892992,0.20336382435610084,0.2676327573135496,,0.10667903124798626,1.5790118116223675,19.651805049022048,19.651805049022048,9.938078612907343e-85,225669249.5,24.043745274581486,9.70527194179201e-128,0.2463782746809727,0.15857798446846272,GCST90200328,cancerType_celltype,CRC_Epi_CRC,tissue,Tumor,Adjacent,group1_higher,1.7964988261794044e-84,1.9597460232092608e-127
41434,9402,0.2058306291298574,0.05825636049682676,0.2337748035788536,0.06119618378579615,0.5821546248678439,0.695366179570932,0.14757426863303064,0.17257861979305744,,0.09200873676217929,1.8209524481157255,19.114261986872798,19.114261986872798,2.6426618602891235e-80,225643912.5,24.024022532146898,1.5603591883350296e-127,0.2440490532399725,0.1584479052022023,GCST90200813,cancerType_celltype,CRC_Epi_CRC,tissue,Tumor,Adjacent,group1_higher,4.647674987837516e-80,3.146108836835274e-127
41434,9402,-0.23805818004889667,0.06549618781134771,-0.272885724902153,-0.0147560411132872,0.9511574040761279,1.0491461472369072,-0.30355436786024437,-0.2581296837888658,,-0.11781169253355536,-1.861815393731077,-25.75582018597642,-25.75582018597642,9.424598052122775e-143,164026816.5,-23.939750368168884,1.1815631511988573e-126,-0.31293448904199617,-0.15789209703846518,GCST90200877,cancerType_celltype,CRC_Epi_CRC,tissue,Tumor,Adjacent,group2_higher,2.1409545241738903e-142,2.37883393660863e-126
41434,9402,0.5252065289754991,0.23596370683116008,0.49114665389060974,0.212686076760292,1.0130672469910833,1.0672153757918992,0.28924282214433905,0.27846057713031774,,0.13337698161190353,1.1543165054893905,23.94540136504459,23.94540136504459,3.910493321389564e-124,225413607.0,23.84474889841879,1.1479920902037815e-125,0.28265771261319983,0.15726552487084056,GCST90200935,cancerType_celltype,CRC_Epi_CRC,tissue,Tumor,Adjacent,group1_higher,8.328128745396838e-124,2.3078366061176314e-125
41434,9402,0.42906956377556205,0.26695906884431087,0.43790675699710846,0.23759248852729795,0.6286150954429165,0.6876629839748449,0.16211049493125118,0.2003142684698105,,0.09887900492992857,0.6845909652526599,20.957606108901224,20.957606108901224,5.8058455688336086e-96,225256667.5,23.722584579978836,2.108682179143433e-124,0.25331906491200173,0.15645980300135065,GCST90200551,cancerType_celltype,CRC_Epi_CRC,tissue,Tumor,Adjacent,group1_higher,1.1192881909929573e-95,4.232892209385124e-124
41434,9402,-0.112732447238893,-0.23466454770278514,-0.14871891587972635,-0.2925661951303482,0.5122682417971332,0.5613462813473279,0.12193210046389213,0.14384727925062185,,0.10020674447274197,-1.0576904321824372,19.31575051379721,19.31575051379721,5.357376741592454e-82,225178690.5,23.661885985558744,8.905788550635884e-124,0.23372404189174795,0.15605947182776347,GCST90200504,cancerType_celltype,CRC_Epi_CRC,tissue,Tumor,Adjacent,group1_higher,9.532773497115555e-82,1.7850867344877516e-123
41434,9402,-0.6722168298723911,-0.4479902311029768,-0.7704334557056427,-0.5350455641746521,0.8107139830611273,0.86188252231547,-0.22422659876941425,-0.2353878915309906,,-0.1341705719582659,-0.5854583156102566,-23.020722573326218,-23.020722573326218,4.803945949888864e-115,164702172.5,-23.414042019127805,3.0746172245701154e-121,-0.27330794877162107,-0.15442484310372528,GCST90200127,cancerType_celltype,CRC_Epi_CRC,tissue,Tumor,Adjacent,group2_higher,9.996608136944309e-115,6.153749305563976e-121
41434,9402,-0.0161091694806833,-0.17262226203464723,-0.0259847957640886,-0.21655627340078348,0.6077431431353534,0.7289968455850492,0.15651309255396392,0.19057147763669488,,0.10527178634436347,-3.4215833130089335,19.347984563950327,19.347984563950327,3.3368668856336835e-82,224857074.0,23.41153434991862,3.260885096466749e-121,0.24767740465514046,0.1544083040361064,GCST90200220,cancerType_celltype,CRC_Epi_CRC,tissue,Tumor,Adjacent,group1_higher,5.953075347014019e-82,6.516988836487066e-121
41434,9402,-0.4408165742665493,-0.2300477085008761,-0.48923420906066895,-0.31452709436416626,0.688718832970437,0.7633351941157074,-0.2107688657656732,-0.17470711469650269,,-0.1190053985980325,-0.9382423844698735,-24.597627273473726,-24.597627273473726,1.2073632860331865e-130,164710912.0,-23.407239046893242,3.6064787863211433e-121,-0.2997643951817983,-0.15437997481831334,GCST90200185,cancerType_celltype,CRC_Epi_CRC,tissue,Tumor,Adjacent,group2_higher,2.6246190731471024e-130,7.197116523800466e-121
41434,9402,0.686197570546381,0.4141574411526711,0.6593087315559387,0.3669426590204239,1.0117579078532135,1.0146998217700776,0.27204012939370986,0.29236607253551483,,0.11275847166609718,0.7284433273760156,23.481774919181948,23.481774919181948,1.2863047372215026e-119,224799007.0,23.366334030822074,9.403777609695001e-121,0.26873399823675254,0.15411019010178362,GCST90199708,cancerType_celltype,CRC_Epi_CRC,tissue,Tumor,Adjacent,group1_higher,2.7056070321495495e-119,1.8738814154991648e-120
41434,9402,-0.17453854516959535,-0.3018521981936059,-0.20908617228269574,-0.3497157096862793,0.515968196196493,0.538244117992204,0.12731365302401057,0.14062953740358355,,0.11023926008182156,-0.7902931440913662,20.863090167439218,20.863090167439218,3.5681475798196716e-95,224746612.0,23.32554889091363,2.441065197482169e-120,0.2447587775510242,0.1538411960158339,GCST90200543,cancerType_celltype,CRC_Epi_CRC,tissue,Tumor,Adjacent,group1_higher,6.859499508172373e-95,4.857185203165251e-120
41434,9402,0.2023206977381764,0.01766790401001007,0.17581922560930247,-0.0550726410001516,0.755747982372499,0.8562626250363053,0.18465279372816634,0.23089186660945407,,0.10146355531840906,3.5173665898295283,19.27585326802822,19.27585326802822,1.1934567780336184e-81,224725325.0,23.308978735875343,3.594889375146577e-120,0.23816350965586616,0.15373190930703307,GCST90200809,cancerType_celltype,CRC_Epi_CRC,tissue,Tumor,Adjacent,group1_higher,2.1208364908211497e-81,7.142615478607558e-120
41434,9402,-0.27628039462716825,-0.06289363540570163,-0.30898639559745783,-0.10834661871194835,0.6916836797569857,0.7928399280888941,-0.2133867592214666,-0.2006397768855095,,-0.11245392421283713,-2.1351295384148203,-24.098915829139667,-24.098915829139667,1.5392514956057298e-125,164869223.5,-23.284006740821752,6.438793109801675e-120,-0.2999213129309862,-0.15356720914911137,GCST90200253,cancerType_celltype,CRC_Epi_CRC,tissue,Tumor,Adjacent,group2_higher,3.2935632472694033e-125,1.2774490551178578e-119
41434,9402,-0.37551697550150165,-0.06749320474898006,-0.39886558055877686,-0.14403931796550745,1.1355157988016857,1.0847446893943151,-0.3080237707525216,-0.2548262625932694,,-0.09386121510583126,-2.476046430561586,-24.64029165054485,-24.64029165054485,2.3580500109076634e-131,164881840.5,-23.274185458061474,8.096177596360191e-120,-0.2734831420612828,-0.1535024339151686,GCST90200007,cancerType_celltype,CRC_Epi_CRC,tissue,Tumor,Adjacent,group2_higher,5.134220710650392e-131,1.6039375092789157e-119
41434,9402,0.43634603522409426,0.3053595611900621,0.4313979893922806,0.26554127037525177,0.5621549769616725,0.6590884368099647,0.13098647403403219,0.1658567190170288,,0.08563889693568907,0.5149622517023645,17.85317484911729,17.85317484911729,1.9818034036964748e-70,224679089.0,23.2729878640592,8.325437814651894e-120,0.22533334123807106,0.15349453531031632,GCST90200304,cancerType_celltype,CRC_Epi_CRC,tissue,Tumor,Adjacent,group1_higher,3.302198091978356e-70,1.6469625168897726e-119
41434,9402,0.6728218521012663,0.4316003538190721,0.660214900970459,0.37244184315204615,0.9664006115663955,1.0834968828484581,0.24122149828219425,0.28777305781841284,,0.09443052946233652,0.6405273166762593,19.868359678251316,19.868359678251316,1.4625394128118487e-86,224647256.0,23.248208527124273,1.4831587631721912e-119,0.243879496662449,0.1533311058086837,GCST90200254,cancerType_celltype,CRC_Epi_CRC,tissue,Tumor,Adjacent,group1_higher,2.668596010257764e-86,2.9297759336285457e-119
41434,9402,0.01487077700869539,-0.16740960396132482,-0.00774094369262455,-0.23376709222793574,0.7408015504462113,0.7778196345283891,0.1822803809700202,0.2260261485353112,,0.09597327738514808,-3.492741964084018,20.693218785492803,20.693218785492803,1.1156640597138373e-93,224611809.5,23.220616381656868,2.8191758379247804e-119,0.2437602098765517,0.153149124725229,GCST90200178,cancerType_celltype,CRC_Epi_CRC,tissue,Tumor,Adjacent,group1_higher,2.129762063571373e-93,5.560834539929777e-119
41434,9402,0.20917452004941828,0.053829142411234036,0.20493403077125544,0.01726424228399985,0.5945551567366386,0.7648723461012743,0.15534537763818423,0.18766978848725557,,0.09354199228755243,1.9582278746801798,18.467930075177033,18.467930075177033,4.011644278297616e-75,224588686.5,23.20261705366559,4.284529200013191e-119,0.24676200522157385,0.15303041205704648,GCST90200129,cancerType_celltype,CRC_Epi_CRC,tissue,Tumor,Adjacent,group1_higher,6.826306056578841e-75,8.439036560141589e-119
41434,9402,-0.644972760587927,-0.3513482175475596,-0.7362192571163177,-0.465734601020813,1.005376146024192,1.1424805225195298,-0.29362454304036734,-0.27048465609550476,,-0.12032608338248184,-0.8763347829986139,-22.982728673358714,-22.982728673358714,1.3652157765240358e-114,165043585.5,-23.1482804584529,1.5129122936229383e-118,-0.2844909197934946,-0.15267204077780927,GCST90200135,cancerType_celltype,CRC_Epi_CRC,tissue,Tumor,Adjacent,group2_higher,2.8365687551863732e-114,2.9756124909207284e-118
41434,9402,-0.8092267360090175,-0.4887037914430886,-1.03694087266922,-0.7346547842025757,1.2029645581099344,1.2381942840109834,-0.3205229445659289,-0.3022860884666443,,-0.1242022658162291,-0.7275825192605165,-22.77916542285024,-22.77916542285024,9.014919249613284e-113,165047430.0,-23.145287835676335,1.6216349479564826e-118,-0.26499198817863906,-0.15265230325011703,GCST90200974,cancerType_celltype,CRC_Epi_CRC,tissue,Tumor,Adjacent,group2_higher,1.8617174147307432e-112,3.184853651390037e-118
41434,9402,-1.0157271182388155,-0.7720129611366808,-1.2538887858390808,-0.8757124543190002,1.089120980371547,1.0235626775167894,-0.24371415710213462,-0.37817633152008057,,-0.1271866723969423,-0.3958154424167748,-20.593196421388303,-20.593196421388303,6.528729092410214e-93,165099769.0,-23.10454628709979,4.167578028653773e-118,-0.22622731560813528,-0.15238359666619627,GCST90200739,cancerType_celltype,CRC_Epi_CRC,tissue,Tumor,Adjacent,group2_higher,1.237643637406832e-92,8.173250148280709e-118
41434,9402,0.2536568919092705,0.10847780459385936,0.2642797380685806,0.08895223215222356,0.5404051483796324,0.713834356071305,0.14517908731541113,0.17532750591635707,,0.09905891711507173,1.2254708613143457,18.551032084447296,18.551032084447296,9.210023909460083e-76,224448749.0,23.093687374956975,5.358235321274569e-118,0.25186142197823197,0.15231197785716866,GCST90200024,cancerType_celltype,CRC_Epi_CRC,tissue,Tumor,Adjacent,group1_higher,1.5711217257314257e-75,1.0493210837496032e-117
41434,9402,-0.23906167900055078,-0.29462610813359186,-0.25436580181121826,-0.355784073472023,0.3758915260757243,0.49301585470147363,0.05556442913304108,0.10141827166080475,,0.05227887941264815,-0.3015012534453701,10.271663632923028,10.271663632923028,1.1960594150877212e-24,224440157.0,23.08699921917697,6.25483694227821e-118,0.13886103174243122,0.15226786683156557,GCST90200395,cancerType_celltype,CRC_Epi_CRC,tissue,Tumor,Adjacent,group1_higher,1.5982637085927099e-24,1.2231481710653085e-117
41434,9402,0.16744496921845928,0.4251044169408036,0.11835861951112739,0.36286433041095734,0.9696459306059181,0.9434622441365251,-0.2576594477223443,-0.24450571089982995,,-0.10398530284460913,1.3441249950380678,-23.78351349025794,-23.78351349025794,1.1916090112525046e-122,165135263.0,-23.076917166841934,7.897164341571309e-118,-0.26704412678282735,-0.15220137171941317,GCST90200538,cancerType_celltype,CRC_Epi_CRC,tissue,Tumor,Adjacent,group2_higher,2.5337957602763867e-122,1.5420967045217327e-117
41434,9402,0.7322041122756423,1.0696577990217528,0.7222020030021667,1.048535943031311,1.1006976089545673,1.2825263316828996,-0.33745368674611054,-0.3263339400291443,,-0.09852339336040614,0.5468309257793887,-23.615519491952874,-23.615519491952874,1.033715299735657e-120,165148527.5,-23.066591859306566,1.0025908294766082e-117,-0.29691872114677026,-0.15213327224325934,GCST90200206,cancerType_celltype,CRC_Epi_CRC,tissue,Tumor,Adjacent,group2_higher,2.1878166980430133e-120,1.9549804013971633e-117
41434,9402,0.13654276713386676,-0.02439708173701457,0.12555258721113205,-0.0483991317451,0.6186348244431458,0.6374336605941638,0.16093984887088134,0.17395171895623204,,0.1085741199015827,2.484523832745727,22.22173538813836,22.22173538813836,1.6588130893468365e-107,224221838.0,22.917056076516953,3.141128831256643e-116,0.2586816063279181,0.15114702476933695,GCST90200558,cancerType_celltype,CRC_Epi_CRC,tissue,Tumor,Adjacent,group1_higher,3.3446186993783107e-107,6.116226567146864e-116
41434,9402,0.08624671327315614,-0.05091874632221101,0.080918051302433,-0.1025922410190105,0.5675683769302717,0.6507276735850872,0.13716545959536713,0.1835102923214435,,0.10763556071078857,0.7602609745473092,18.874533132046135,18.874533132046135,2.1194847312946767e-78,224147296.0,22.859031343258906,1.1883850918045076e-115,0.23493638435283468,0.15076432876485413,GCST90200456,cancerType_celltype,CRC_Epi_CRC,tissue,Tumor,Adjacent,group1_higher,3.6753914615199037e-78,2.31065460788808e-115
41434,9402,0.10129853737629775,-0.14186025783195785,0.0855874381959438,-0.2002463713288307,1.0087118856073072,1.1591492127678455,0.24315879520825562,0.2858338095247745,,0.07292166626723595,-0.48585305908548454,18.790009106318188,18.790009106318188,1.0049526916348962e-77,224077244.5,22.804502089927553,4.137011721976865e-115,0.23421702254815985,0.15040468682932762,GCST90200655,cancerType_celltype,CRC_Epi_CRC,tissue,Tumor,Adjacent,group1_higher,1.7338614160738777e-77,8.03240310121719e-115
41434,9402,-0.16929228831026577,-0.28302857954806393,-0.21951895952224731,-0.38467295467853546,0.6107103465258282,0.7078759142571065,0.11373629123779816,0.16515399515628815,,0.0740835109574297,-0.7414280594072169,14.410003691340064,14.410003691340064,1.0407886456134879e-46,224046549.0,22.780608201921833,7.1393432765309715e-115,0.18058811806742703,0.1502470972126606,GCST90200996,cancerType_celltype,CRC_Epi_CRC,tissue,Tumor,Adjacent,group1_higher,1.5588955208474548e-46,1.3841998415237147e-114
41434,9402,-0.04547145237913802,0.2771612156137645,-0.10210969299077985,0.18527714908123016,1.21137492116427,1.2107776015341147,-0.3226326679929025,-0.28738684207201004,,-0.08935042871825741,2.607665876775625,-23.324223715120354,-23.324223715120354,4.444809410002426e-118,165524534.0,-22.773902142559084,8.319978840798354e-115,-0.2663602160235699,-0.15020286810586692,GCST90199705,cancerType_celltype,CRC_Epi_CRC,tissue,Tumor,Adjacent,group2_higher,9.306106337685572e-118,1.6108140852284315e-114
41434,9402,0.07734154616897765,-0.06887976674097364,0.0586044322699308,-0.11534084379673,0.5752488670465953,0.6478210420935472,0.14622131290995127,0.1739452760666608,,0.09394427775384526,0.16716105762653508,20.156871804919305,20.156871804919305,5.3684303330645576e-89,223988064.5,22.73508289387764,2.0159416056909995e-114,0.24810862539617304,0.1499468398480317,GCST90200597,cancerType_celltype,CRC_Epi_CRC,tissue,Tumor,Adjacent,group1_higher,9.874724080927115e-89,3.897487104335932e-114
41434,9402,0.11577247738506082,0.3192089385154264,0.04985544644296165,0.2493322566151619,0.7565989090451425,0.7999534067480298,-0.20343646113036562,-0.19947681017220026,,-0.10312504252794309,1.4632007868682222,-22.482468470490154,-22.482468470490154,6.392072052513712e-110,165588928.0,-22.723776781374536,2.6079471657757818e-114,-0.2659988845061049,-0.14987227157622385,GCST90199760,cancerType_celltype,CRC_Epi_CRC,tissue,Tumor,Adjacent,group2_higher,1.3023010773656488e-109,5.034889499932564e-114
41434,9402,-0.35908667928231525,-0.1801093962969714,-0.4164126962423324,-0.24908757209777832,0.6613289531766608,0.7006946295197415,-0.17897728298534385,-0.16732512414455408,,-0.10625829252840244,-0.9954546946919877,-22.589295061017157,-22.589295061017157,6.291844926047904e-111,165632258.5,-22.690047599108997,5.617735575217109e-114,-0.2676160907925204,-0.1496498143142475,GCST90200219,cancerType_celltype,CRC_Epi_CRC,tissue,Tumor,Adjacent,group2_higher,1.287655350480975e-110,1.0830231384753777e-113
41434,9402,0.1273373398903171,-0.05677495230690029,0.11230348050594324,-0.117874264717102,0.7507390984886971,0.8410989597324474,0.1841122921972174,0.23017774522304524,,0.10105727418111642,1.1653149563750695,19.532667496173605,19.532667496173605,9.133844810241796e-84,223851517.5,22.628792436790544,2.257014371763683e-113,0.23965114952879737,0.14924581235582468,GCST90200756,cancerType_celltype,CRC_Epi_CRC,tissue,Tumor,Adjacent,group1_higher,1.6402411694808389e-83,4.3450714529857347e-113
41434,9402,0.183602457877627,-0.011540432439704552,0.1775488182902336,-0.06109649129211895,0.817334772614121,0.8422406329920459,0.19514289031733154,0.23864530958235255,,0.09087097188341874,3.991699032706726,20.392580488416037,20.392580488416037,4.349830544979361e-91,223721278.0,22.52741184266695,2.236499501206124e-112,0.2374007969754836,0.1485771673466243,GCST90200535,cancerType_celltype,CRC_Epi_CRC,tissue,Tumor,Adjacent,group1_higher,8.110559552403379e-91,4.29950468285465e-112
41434,9402,0.08194082087307777,-0.1206927382069864,0.06690794229507441,-0.16764871776103968,0.8228537582818615,0.8159142045674942,0.20263355908006417,0.23455666005611409,,0.09595874431862685,-0.5586789714166566,21.706248318768736,21.706248318768736,8.626696408845991e-103,223504569.5,22.35872234000736,9.93161794656345e-111,0.24664042419498178,0.14746459353471386,GCST90200200,cancerType_celltype,CRC_Epi_CRC,tissue,Tumor,Adjacent,group1_higher,1.7165236795995746e-102,1.9065908818543637e-110
41434,9402,-0.6006201070858611,-0.384518172936356,-0.6693452894687653,-0.4350651949644089,0.854305026427437,0.8761398467175306,-0.21610193414950513,-0.23428009450435638,,-0.10819694079682425,-0.6433996393206796,-21.690718974123747,-21.690718974123747,1.306405878336371e-102,166116063.5,-22.313445736079988,2.73589695258959e-110,-0.25175411416887034,-0.14716597647184015,GCST90200645,cancerType_celltype,CRC_Epi_CRC,tissue,Tumor,Adjacent,group2_higher,2.591894049741592e-102,5.24476448154657e-110
41434,9402,0.11107554255449921,-0.09735011236809248,0.10171660035848615,-0.10908574610948554,0.7731559230360068,0.8051448377807747,0.20842565492259169,0.2108023464679717,,0.10942636556643416,0.19028480774787326,22.826042203707846,22.826042203707846,3.331788929462606e-113,223417691.5,22.291095059065174,4.5083370024739083e-110,0.26749675171143256,0.14701856494039878,GCST90199711,cancerType_celltype,CRC_Epi_CRC,tissue,Tumor,Adjacent,group1_higher,6.891090001301262e-113,8.63042603142126e-110
41434,9402,-0.6044322154760313,-0.3574305489402972,-0.6655043661594391,-0.44959571957588196,0.8454003533847326,0.9576574385608374,-0.24700166653573413,-0.21590864658355713,,-0.11838186296483966,-0.757915962774292,-23.05377550927672,-23.05377550927672,2.80296000304412e-115,166195598.5,-22.25153436853312,1.090003651991569e-109,-0.28480810177102484,-0.14675764658108692,GCST90200295,cancerType_celltype,CRC_Epi_CRC,tissue,Tumor,Adjacent,group2_higher,5.841642942124061e-115,2.0836956208478378e-109
41434,9402,-0.16112055641525583,-0.30682025242425115,-0.1928668692708015,-0.3596735894680023,0.6360769969463992,0.665742189764179,0.14569969600899532,0.16680672019720083,,0.09546863630379025,-0.9292488919020059,19.314492412014605,19.314492412014605,5.102672789334123e-82,223187794.5,22.11213940853494,2.4154632516367053e-108,0.22706451695941493,0.14583828183365966,GCST90200523,cancerType_celltype,CRC_Epi_CRC,tissue,Tumor,Adjacent,group1_higher,9.091428773676353e-82,4.6110313893288925e-108
41434,9402,0.035681344159989546,0.23506990226906346,0.037834530696272795,0.21353827416896815,0.7365624260619756,0.7745537590265031,-0.1993885581090739,-0.17570374347269535,,-0.09054807458539227,2.7198136675585256,-22.73678509450088,-22.73678509450088,2.442733517546995e-112,166414417.5,-22.081202017552574,4.7917650817248364e-108,-0.26809099266939446,-0.14563423753645588,GCST90200156,cancerType_celltype,CRC_Epi_CRC,tissue,Tumor,Adjacent,group2_higher,5.029374296701744e-112,9.134511617330002e-108
41434,9402,0.02281455059882463,0.23404117562887225,-0.05262204259634015,0.18317516148090357,0.8239819843338532,0.8732825759492484,-0.21122662503004763,-0.23579720407724372,,-0.10173857095764542,3.3586791591420173,-21.391861261960653,-21.391861261960653,7.259497314838228e-100,166540522.0,-21.98304017623977,4.184823436620617e-107,-0.25347623201170516,-0.14498682147172348,GCST90200227,cancerType_celltype,CRC_Epi_CRC,tissue,Tumor,Adjacent,group2_higher,1.4319384717980472e-99,7.966360815801538e-107
41434,9402,-0.391046090911037,-0.23076567135202666,-0.4730813503265381,-0.3118858188390732,0.6505842141213484,0.6613659203480347,-0.16028041955901032,-0.1611955314874649,,-0.11265124440305849,-0.760907474370215,-21.278654987900502,-21.278654987900502,6.8368649729888175e-99,166546239.5,-21.978589579094496,4.6158402026226626e-107,-0.24560602692946934,-0.14495746802795184,GCST90200561,cancerType_celltype,CRC_Epi_CRC,tissue,Tumor,Adjacent,group2_higher,1.3388860572103102e-98,8.774602784065118e-107
41434,9402,-0.5187689763693113,-0.2861565278856486,-0.6168788373470306,-0.3413677215576172,1.002651758690147,0.9878351688635074,-0.2326124484836627,-0.27551111578941345,,-0.10361964079479914,-0.8582854264756166,-20.556109964416994,-20.556109964416994,1.5232436374753014e-92,166578128.5,-21.953766650827667,7.97159167001486e-107,-0.23262915235569143,-0.14479375102429015,GCST90200663,cancerType_celltype,CRC_Epi_CRC,tissue,Tumor,Adjacent,group2_higher,2.8795854062119774e-92,1.5132701178593669e-106
41434,9402,0.19745639868465156,0.5180833222783997,0.198801040649414,0.45170778036117554,1.0321341865457359,1.1702121220113093,-0.3206269235937481,-0.25290673971176153,,-0.10919433279011787,1.3916455006599007,-24.493165438028036,-24.493165438028036,1.533496295389313e-129,166578427.0,-21.95353429346031,8.012443842810973e-107,-0.3027560337092475,-0.14479221853579594,GCST90199696,cancerType_celltype,CRC_Epi_CRC,tissue,Tumor,Adjacent,group2_higher,3.322981638498623e-129,1.5189097298680606e-106
41434,9402,-0.06940821833758858,-0.3077933102775271,-0.1105198301374912,-0.3780261278152466,1.013221789737967,1.0324775221023754,0.2383850919399385,0.26750629767775536,,0.08512407302552921,-2.1487673759833403,20.28105223751165,20.28105223751165,3.866339518703661e-90,222903105.0,21.890532364199316,3.1976084223828877e-106,0.23444400908763185,0.1443766959603512,GCST90200473,cancerType_celltype,CRC_Epi_CRC,tissue,Tumor,Adjacent,group1_higher,7.1503673866934735e-90,6.053250388483161e-106
41434,9402,-0.0870642383577699,-0.1642155518858697,-0.11235095188021654,-0.2384026870131492,0.46983895615232385,0.6283196015799553,0.0771513135280998,0.12605173513293266,,0.06460291372984583,-0.915430819182413,11.215886539048878,11.215886539048878,4.766011960752116e-29,222776676.5,21.792118315894808,2.7560498867623235e-105,0.15340501021405928,0.14372761649102195,GCST90200729,cancerType_celltype,CRC_Epi_CRC,tissue,Tumor,Adjacent,group1_higher,6.515621166003145e-29,5.210119272755959e-105
41434,9402,0.5549465796683818,0.34346355530601397,0.5513748526573181,0.2891290634870529,0.9132032749335544,0.8933492719583485,0.21148302436236782,0.2622457891702652,,0.08508738765190473,0.6921902768094476,20.637620775081132,20.637620775081132,2.92716171929728e-93,222752847.0,21.77356903654662,4.13175601449714e-105,0.23251026909962652,0.14360527667670486,GCST90200020,cancerType_celltype,CRC_Epi_CRC,tissue,Tumor,Adjacent,group1_higher,5.580029962800269e-93,7.799977074459282e-105
41434,9402,0.5041413448327918,0.24112455068612793,0.46640445291996,0.18936221301555628,1.0239230131860184,1.0487972045371883,0.2630167941466639,0.27704223990440374,,0.0960132104247432,1.0640466037530947,22.04882369864572,22.04882369864572,6.619885825351426e-106,222750466.5,21.771716015732572,4.3022253549518904e-105,0.25571150858945935,0.14359305527348698,GCST90200716,cancerType_celltype,CRC_Epi_CRC,tissue,Tumor,Adjacent,group1_higher,1.326897702934411e-105,8.11055761936297e-105
41434,9402,0.3209704700039287,0.5631178411451279,0.3004707843065262,0.5153421461582184,0.8836375551976977,0.9328784124860623,-0.24214737114119916,-0.2148713618516922,,-0.09560563569982002,0.8109943551062784,-22.941674549769907,-22.941674549769907,2.7081776740459024e-114,166868019.0,-21.72811106154188,1.1128760862882815e-104,-0.2711772790716154,-0.1433054634000317,GCST90200979,cancerType_celltype,CRC_Epi_CRC,tissue,Tumor,Adjacent,group2_higher,5.6097966105236555e-114,2.0950968309543198e-104
41434,9402,0.03465164644694427,0.21817169958471047,0.0036898758262395503,0.17796652764081955,0.7128305838152145,0.7356576467403634,-0.1835200531377662,-0.17427665181458,,-0.0940927523848835,2.6544331441315467,-21.962323413402178,-21.962323413402178,4.264768115478303e-105,166910006.0,-21.69542768203361,2.266100989598068e-104,-0.25591729542052083,-0.1430899036197707,GCST90200607,cancerType_celltype,CRC_Epi_CRC,tissue,Tumor,Adjacent,group2_higher,8.523282905274086e-105,4.260269860444368e-104
41434,9402,-0.30344832668793886,-0.05304938393256688,-0.3529089242219925,-0.13467606902122495,0.9467111160045801,0.9703191042181724,-0.250398942755372,-0.21823285520076754,,-0.11294704892652845,-2.5160205222171066,-22.69132598127221,-22.69132598127221,6.119722804124798e-112,166962168.5,-21.65482352399421,5.474091658532431e-104,-0.26326711541260184,-0.14282210318063804,GCST90200390,cancerType_celltype,CRC_Epi_CRC,tissue,Tumor,Adjacent,group2_higher,1.2580968600334991e-111,1.0277116984269563e-103
41434,9402,0.17805995388953466,0.017535342209007404,0.1587011963129043,-0.011828134302049851,0.665563153583881,0.6580062307136791,0.16052461168052726,0.17052933061495415,,0.10176428894172997,3.343951427677682,21.31025804925761,21.31025804925761,3.3230783762091465e-99,222532859.0,21.602326716512668,1.707942305083224e-103,0.24169129290785524,0.14247586602721696,GCST90199932,cancerType_celltype,CRC_Epi_CRC,tissue,Tumor,Adjacent,group1_higher,6.5264493181168104e-99,3.202098159323844e-103
41434,9402,0.07671716344183316,-0.05287137138392723,0.06498913839459415,-0.09056522324681274,0.5800153552033736,0.6358902780574139,0.12958853482576038,0.1555543616414069,,0.0886916372496442,0.5370541494271515,18.123498023429246,18.123498023429246,1.5761294228194178e-72,222508421.0,21.583303770638395,2.5777721282467614e-103,0.21936383354662867,0.14235040219531614,GCST90199622,cancerType_celltype,CRC_Epi_CRC,tissue,Tumor,Adjacent,group1_higher,2.63914545860303e-72,4.82624094890156e-103
41434,9402,0.3245230140736938,0.20109239453733238,0.33800570666790003,0.18095247447490692,0.5039845624195695,0.6394985495266441,0.12343061953636145,0.1570532321929931,,0.08457598890372493,0.6904595453245038,17.521166849802036,17.521166849802036,6.70070948284679e-68,222490353.0,21.569239338767687,3.4939488839701896e-103,0.2321627560437755,0.14225764171922228,GCST90199919,cancerType_celltype,CRC_Epi_CRC,tissue,Tumor,Adjacent,group1_higher,1.1016968667213722e-67,6.532582069754963e-103
41434,9402,0.11173783861964506,-0.026683610490394704,0.0801664032042026,-0.11961584165692324,0.6460095351287517,0.7725041845652019,0.13842144911003976,0.19978224486112584,,0.07368614272202587,2.066050872659318,16.140973690649567,16.140973690649567,5.040221666437439e-58,222438000.5,21.528487281566488,8.423927466129373e-103,0.20622920907613962,0.14198886582677672,GCST90200004,cancerType_celltype,CRC_Epi_CRC,tissue,Tumor,Adjacent,group1_higher,7.99746464651249e-58,1.5728511145663471e-102
41434,9402,-0.5783501057451861,-0.2798703868523416,-0.694069892168045,-0.37470200657844543,1.2168489842853631,1.2476001631656672,-0.29847971889284447,-0.3193678855895996,,-0.11407184007543682,-1.0471815929136095,-21.038100374167875,-21.038100374167875,9.756055558311069e-97,167203834.5,-21.466706688015318,3.1882968893803025e-102,-0.24413636582940015,-0.1415813984421107,GCST90200320,cancerType_celltype,CRC_Epi_CRC,tissue,Tumor,Adjacent,group2_higher,1.891536803126314e-96,5.944799808789812e-102
41434,9402,-0.30390014999498954,-0.1276290916854458,-0.34534938633441925,-0.19558334350585932,0.6342408561712536,0.7040307863753092,-0.17627105830954373,-0.14976604282855993,,-0.12460857333070026,-1.2516336169388314,-22.30975594948036,-22.30975594948036,3.0647344939703382e-108,167231249.0,-21.445366785008925,5.044744110440408e-102,-0.2721431556204655,-0.14144065336396827,GCST90199830,cancerType_celltype,CRC_Epi_CRC,tissue,Tumor,Adjacent,group2_higher,6.188493504120846e-108,9.393423801270868e-102
41434,9402,-0.2793161959075281,0.09912009424023374,-0.3405703008174896,-0.053774615749716745,1.0834253060318082,1.437627931291245,-0.3784362901477618,-0.28679568506777287,,-0.12115597923657948,-1.494640375343954,-24.023345648530306,-24.023345648530306,1.4001140726203665e-124,167275163.0,-21.411183396633326,1.0511042179593987e-101,-0.3270472139270853,-0.14121520043352842,GCST90199721,cancerType_celltype,CRC_Epi_CRC,tissue,Tumor,Adjacent,group2_higher,2.9864718012230976e-124,1.954508934623002e-101
41434,9402,0.10177828594916324,-0.012417374107799918,0.0859673991799354,-0.0703867599368095,0.5429814120609833,0.6720361167050469,0.11419566005696316,0.15635415911674488,,0.07810303935501592,3.0348957707155755,15.376987098453014,15.376987098453014,7.221010278177638e-53,222273972.0,21.400804767558046,1.3132288421610309e-101,0.20067479717509543,0.1411467492807854,GCST90200957,cancerType_celltype,CRC_Epi_CRC,tissue,Tumor,Adjacent,group1_higher,1.1197084196992174e-52,2.438597972568781e-101
41434,9402,0.037456606144981315,-0.1736580737796198,0.01524314191192385,-0.22565356642007825,0.9270640945434918,0.8962830328251161,0.21111467992460112,0.2408967083320021,,0.0897077975818492,-2.2129271869448126,20.487465791494575,20.487465791494575,5.7628212645422816e-92,222222121.5,21.36044347551066,3.118393762323767e-101,0.22911160516983115,0.1408805506386719,GCST90200203,cancerType_celltype,CRC_Epi_CRC,tissue,Tumor,Adjacent,group1_higher,1.083410397733949e-91,5.782817276254822e-101
41434,9402,0.1356452628096466,0.005799511199669094,0.1382588669657707,0.008506272919476001,0.4661487464749223,0.5762593821123626,0.1298457516099775,0.1297525940462947,,0.10438404418762671,4.547525439538579,20.38720051256869,20.38720051256869,6.776247894716132e-91,222214297.0,21.35435275450267,3.55261497290229e-101,0.2658666837097116,0.14084037993105647,GCST90199754,cancerType_celltype,CRC_Epi_CRC,tissue,Tumor,Adjacent,group1_higher,1.2583141526564153e-90,6.579095391393779e-101
41434,9402,0.03416147118252104,-0.18148248732404673,0.013355582021176749,-0.28773079812526703,0.9506630937490915,1.1055858509246723,0.21564395850656776,0.3010863801464438,,0.08864302038017617,-2.4093540445097705,17.501490617564578,17.501490617564578,8.64945498527941e-68,222212633.0,21.353057469211944,3.6524693734245676e-101,0.21978489524745862,0.14083183701362123,GCST90199784,cancerType_celltype,CRC_Epi_CRC,tissue,Tumor,Adjacent,group1_higher,1.4169720126124802e-67,6.754838203497538e-101
41434,9402,-0.6227181680384561,-0.30639300328636604,-0.727976381778717,-0.42315107583999634,1.3259836235769387,1.3240154904779753,-0.3163251647520901,-0.3048253059387207,,-0.08256689922326796,-1.0231936265199832,-20.90855849994,-20.90855849994,1.2860432170646869e-95,167483630.5,-21.248908825512732,3.3741887445307444e-100,-0.23862433924818555,-0.14014493562557473,GCST90200780,cancerType_celltype,CRC_Epi_CRC,tissue,Tumor,Adjacent,group2_higher,2.4758148373717066e-95,6.231733413001904e-100
41434,9402,0.19924592107156933,0.06239025867058942,0.18231223523616785,0.03290953673422335,0.6537145172324463,0.7201756632014652,0.1368556624009799,0.1494026985019445,,0.08418764495557989,1.6751416111485828,16.91279184837817,16.91279184837817,1.6979257484577495e-63,222068072.5,21.240529170371698,4.0332441216042463e-100,0.2053332282678975,0.1400896684944506,GCST90199816,cancerType_celltype,CRC_Epi_CRC,tissue,Tumor,Adjacent,group1_higher,2.73554703918193e-63,7.438852148506884e-100
41434,9402,0.12079256676419128,-0.006254606100796123,0.12951925396919245,-0.0222823126241564,0.5302226634185924,0.649209546130335,0.1270471728649874,0.15180156659334884,,0.09182868564875177,4.271250138527027,17.684171809640056,17.684171809640056,3.9109634458793685e-69,222048408.0,21.225221996333534,5.58622706895508e-100,0.22926229904153178,0.13998871164354565,GCST90200838,cancerType_celltype,CRC_Epi_CRC,tissue,Tumor,Adjacent,group1_higher,6.484967368289025e-69,1.028922634457537e-99
41434,9402,0.20722560567898682,0.1085077781362125,0.20923777669668195,0.0777402482926845,0.4703303042009757,0.5741386364098953,0.09871782754277432,0.13149752840399745,,0.07200389472078739,0.9333974830811986,15.531392564743191,15.531392564743191,6.827684152652871e-54,222036831.0,21.21621026687996,6.766353168725125e-100,0.20097915465317082,0.13992927573299996,GCST90199911,cancerType_celltype,CRC_Epi_CRC,tissue,Tumor,Adjacent,group1_higher,1.0623440068568337e-53,1.244607202290465e-99
41434,9402,0.2063584669065237,0.4526029795189055,0.16288805007934565,0.40196411311626434,0.9007394088449158,1.0045794218822994,-0.24624451261238178,-0.2390760630369187,,-0.11472666652720957,1.1330896448931422,-21.85772341987336,-21.85772341987336,4.780975251089116e-104,167545927.5,-21.20041580402449,9.465727346031451e-100,-0.2674169696860102,-0.13982510502012735,GCST90200826,cancerType_celltype,CRC_Epi_CRC,tissue,Tumor,Adjacent,group2_higher,9.527001852681968e-104,1.7387852254232978e-99
41434,9402,0.14348352547102772,-0.14020323531938755,0.10998808220028874,-0.1882068738341331,1.0726966618292784,1.2572654362388607,0.28368676079041527,0.2981949560344218,,0.09473172458583862,0.03336522217077425,20.268671851425687,20.268671851425687,6.410444632525279e-90,222016182.0,21.20013674165867,9.522019245524898e-100,0.2557701780616727,0.13982326449374471,GCST90199813,cancerType_celltype,CRC_Epi_CRC,tissue,Tumor,Adjacent,group1_higher,1.182332345620021e-89,1.7467714982032887e-99
41434,9402,0.4714112266611938,0.29399364112054166,0.47462786734104156,0.2740973085165024,0.7017594421630615,0.8172248676379645,0.17741758554065212,0.20053055882453918,,0.09175442504033303,0.6811993190345125,19.48361829538778,19.48361829538778,2.4613066260588625e-83,221954190.5,21.151881526454275,2.6515474559555425e-99,0.24488235380655904,0.13950500231454543,GCST90200758,cancerType_celltype,CRC_Epi_CRC,tissue,Tumor,Adjacent,group1_higher,4.408358648249973e-83,4.857606428047587e-99
41434,9402,0.01719137020768306,0.21555753719634574,-0.035179235041141454,0.16042080521583557,0.8065281688504807,0.8220344009558679,-0.1983661669886627,-0.19560004025697703,,-0.09944735877319076,3.6482393423432904,-21.197591904063668,-21.197591904063668,3.657836359878826e-98,167678705.0,-21.09705958846588,8.463912132181849e-99,-0.24507252902235174,-0.13914343000825224,GCST90200565,cancerType_celltype,CRC_Epi_CRC,tissue,Tumor,Adjacent,group2_higher,7.132519253955422e-98,1.548498286733404e-98
41434,9402,0.0040949265760551684,-0.12145618145799467,-0.01897399872541425,-0.1622074022889137,0.5636355686357728,0.5778346655663701,0.12555110803404984,0.14323340356349945,,0.08761167949346436,-4.89011413151383,19.106367249756097,19.106367249756097,2.447633574742228e-80,221878046.0,21.092609380528927,9.298916760125106e-99,0.22170880889387076,0.1391140791314629,GCST90199759,cancerType_celltype,CRC_Epi_CRC,tissue,Tumor,Adjacent,group1_higher,4.310238452679143e-80,1.6989843892829112e-98
41434,9402,0.01787414618517894,0.1955548158626333,-0.01424792502075425,0.14499939233064651,0.6559003180540343,0.7052458809703672,-0.17768066967745436,-0.15924731735140077,,-0.09953988117116044,3.451553497108205,-22.33545536849724,-22.33545536849724,1.6148886071593962e-108,167736487.5,-21.052080728903714,2.188598277096762e-98,-0.267067711338366,-0.13884677668691636,GCST90199811,cancerType_celltype,CRC_Epi_CRC,tissue,Tumor,Adjacent,group2_higher,3.2657168717481555e-108,3.993386146831173e-98
41434,9402,-0.5251289458389323,-0.2907393606479219,-0.5988399684429169,-0.33840763568878174,1.054316699071639,0.9734467533800326,-0.23438958519101044,-0.26043233275413513,,-0.08701251995320981,-0.8529431078765247,-20.74855735268465,-20.74855735268465,2.7450760540943106e-94,167862012.5,-20.954369980034404,1.711804983145218e-97,-0.22541033828121962,-0.13820233575478835,GCST90200194,cancerType_celltype,CRC_Epi_CRC,tissue,Tumor,Adjacent,group2_higher,5.247599806073696e-94,3.119238224634936e-97
41434,9402,-0.436846815939666,-0.24288234503376327,-0.48952190577983856,-0.3169015198945999,0.7662509522333053,0.8055501287326442,-0.19396447090590274,-0.17262038588523865,,-0.10298970077353066,-0.8468672125405359,-21.26618022366878,-21.26618022366878,9.578740977591374e-99,167937844.5,-20.895341089309387,5.90339495904229e-97,-0.2507072344587195,-0.13781301693570747,GCST90199950,cancerType_celltype,CRC_Epi_CRC,tissue,Tumor,Adjacent,group2_higher,1.8731454738101927e-98,1.0742760119058266e-96
41434,9402,-0.6706659703287042,-0.3401413505130581,-0.7934271991252899,-0.4197660386562347,1.5863108434798385,1.4367401433384692,-0.3305246198156461,-0.37366116046905523,,-0.08427765747484824,-0.9794579079305388,-19.742624971578557,-19.742624971578557,1.1218978654874173e-85,167947576.5,-20.887765538558572,6.918185967476838e-97,-0.2119112542437105,-0.13776305319022675,GCST90200914,cancerType_celltype,CRC_Epi_CRC,tissue,Tumor,Adjacent,group2_higher,2.04158450021275e-85,1.2572649964894575e-96
41434,9402,0.0677075387572079,-0.03229475992941773,0.04618757963180535,-0.0807653740048408,0.5257623156539288,0.6251158525248678,0.10000229868662563,0.12695295363664616,,0.06887360939479144,1.0679930165613416,14.399049487969005,14.399049487969005,1.2306201571748549e-46,221601353.0,20.877226944863555,8.625544611904794e-97,0.1833216644608083,0.1376935470077163,GCST90200950,cancerType_celltype,CRC_Epi_CRC,tissue,Tumor,Adjacent,group1_higher,1.841202276870831e-46,1.5654616918809901e-96
41434,9402,-0.11961135618497935,0.12058166558669883,-0.1762987226247787,0.0273540187627077,1.0467375583941259,0.9589887210934565,-0.24019302177167817,-0.2036527413874864,,-0.09671497860336688,0.011656096504364461,-21.54749771344718,-21.54749771344718,1.952109217327577e-101,167973215.0,-20.867808103506704,1.0504169139401035e-96,-0.2329545002319198,-0.1376314260335777,GCST90200513,cancerType_celltype,CRC_Epi_CRC,tissue,Tumor,Adjacent,group2_higher,3.867332650025417e-101,1.9038806565164373e-96
41434,9402,0.02243079872969571,0.30785886135626045,-0.015114159788936349,0.24613012373447415,1.1625609921138764,1.108433361693759,-0.2854280626265647,-0.2612442835234105,,-0.10111602772649086,3.778656566663058,-22.3361639129005,-22.3361639129005,1.119051328516689e-108,167983326.0,-20.859937532848928,1.2383418279394427e-96,-0.24760783480951046,-0.13757951651543598,GCST90200396,cancerType_celltype,CRC_Epi_CRC,tissue,Tumor,Adjacent,group2_higher,2.269742501143225e-108,2.2415138266686063e-96
41434,9402,0.05314251968267937,-0.2704070059102675,-0.0077689897734671,-0.3738151043653488,1.3812841312164041,1.3891589199957055,0.32354952559294686,0.36604611459188174,,0.09549607797122284,-2.347172180351691,20.41015075682713,20.41015075682713,2.9199864859218825e-91,221529939.0,20.82163709885875,2.7560922652086226e-96,0.23399093658532993,0.1373269100451433,GCST90200966,cancerType_celltype,CRC_Epi_CRC,tissue,Tumor,Adjacent,group1_higher,5.451974767550035e-91,4.982166787107895e-96
41434,9402,-0.19893999937907544,0.02540923540615776,-0.2591470628976822,-0.066080842167139,0.8692703051636074,0.9281681668327998,-0.2243492347852332,-0.1930662207305432,,-0.0921866174203843,-2.968858983121774,-21.40390047886352,-21.40390047886352,5.756311577728702e-100,168035000.5,-20.819713242130366,2.8689950325619554e-96,-0.25480923533170846,-0.13731422145112804,GCST90200107,cancerType_celltype,CRC_Epi_CRC,tissue,Tumor,Adjacent,group2_higher,1.1370800986151045e-99,5.179391032293967e-96
41434,9402,0.40916687570498267,0.7058390008714157,0.3479945510625839,0.6347809433937073,1.1128440523310117,1.21398902587836,-0.29667212516643304,-0.28678639233112335,,-0.10793661022875821,0.7866483101495905,-21.715747784133377,-21.715747784133377,9.018830440958791e-103,168060869.0,-20.799576771251054,4.366482831671967e-96,-0.2620244921078638,-0.13718141348257396,GCST90199790,cancerType_celltype,CRC_Epi_CRC,tissue,Tumor,Adjacent,group2_higher,1.791933803356681e-102,7.872375793080545e-96
41434,9402,-0.7214464505840424,-0.4695488991720929,-0.8316722810268402,-0.6028329133987427,1.0807102200245222,1.0685108806060628,-0.2518975514119495,-0.22883936762809753,,-0.10463436542807726,-0.6196158327205328,-20.59337552384294,-20.59337552384294,7.278551928966941e-93,168067159.5,-20.794680141370453,4.835710419073847e-96,-0.2335705476555502,-0.13714911827696907,GCST90200429,cancerType_celltype,CRC_Epi_CRC,tissue,Tumor,Adjacent,group2_higher,1.3778703165530473e-92,8.706833951383954e-96
41434,9402,0.6596164533652571,0.40507987462639655,0.6661475896835327,0.4151285737752914,1.0401893819233916,1.0614436659525373,0.25453657873886054,0.2510190159082413,,0.08884421087148647,0.703419601107498,21.06950065110621,21.06950065110621,5.078784326172881e-97,221424314.5,20.739417230354896,1.52766341407434e-95,0.2437733382960748,0.136784637579614,GCST90200944,cancerType_celltype,CRC_Epi_CRC,tissue,Tumor,Adjacent,group1_higher,9.875011464441708e-97,2.746972603408081e-95
41434,9402,-0.5315337010532724,-0.25874083939950954,-0.6045224070549011,-0.3286789804697037,1.1847330747317864,1.1745497119277792,-0.2727928616537628,-0.27584342658519745,,-0.08906489645289387,-1.0386505192808801,-20.29860451238081,-20.29860451238081,2.585760374394297e-90,168158101.5,-20.723889375198993,2.1093989278601636e-95,-0.23062212559548256,-0.1366822252496871,GCST90200810,cancerType_celltype,CRC_Epi_CRC,tissue,Tumor,Adjacent,group2_higher,4.788575258559004e-90,3.78802468863426e-95
41434,9402,-0.23255706842337176,0.08002037364755055,-0.32445284724235535,0.036708286032080595,1.4767162325687648,1.330983541624238,-0.3125774420709223,-0.36116113327443594,,-0.09303484167670482,-1.5391336946024734,-20.13280912429469,-20.13280912429469,5.566632014575102e-89,168159669.5,-20.722668817905806,2.163561300820728e-95,-0.21544156743359966,-0.13667417519287306,GCST90200493,cancerType_celltype,CRC_Epi_CRC,tissue,Tumor,Adjacent,group2_higher,1.0225497892002512e-88,3.8801763855508584e-95
41434,9402,0.3597184979468919,0.20491981396073483,0.36635453999042505,0.1807581484317779,0.6570114585496243,0.7892108384645672,0.1547986839861571,0.18559639155864716,,0.08621917416756385,0.8118058328678669,17.679441498522326,17.679441498522326,4.165726500470353e-69,221324446.5,20.661678317245315,7.665391012481675e-95,0.2265159035026447,0.1362719187824839,GCST90200034,cancerType_celltype,CRC_Epi_CRC,tissue,Tumor,Adjacent,group1_higher,6.899009988020767e-69,1.372920886992447e-94
41434,9402,0.1744351774697293,0.5059510633156232,0.1402751058340072,0.4288132041692734,1.2502916772141601,1.3031382327299983,-0.3315158858458939,-0.28853809833526617,,-0.07852381810055432,1.5363014213327386,-22.43528925559036,-22.43528925559036,1.706678472337468e-109,168247891.5,-20.653995344998034,8.987181645431013e-95,-0.26305943057830905,-0.13622124654986012,GCST90199761,cancerType_celltype,CRC_Epi_CRC,tissue,Tumor,Adjacent,group2_higher,3.4719444146208493e-109,1.6075496827719777e-94
41434,9402,0.19543376231338716,0.058800369994736,0.20265401899814606,0.0464490763843059,0.5876949895766059,0.632508964682789,0.13663339231865115,0.15620494261384016,,0.08420254836084957,1.732765431283998,19.153709345377667,19.153709345377667,1.0898777908467776e-80,221306309.5,20.647560174626374,1.026767638201023e-94,0.22915969175093906,0.13617880406281846,GCST90200170,cancerType_celltype,CRC_Epi_CRC,tissue,Tumor,Adjacent,group1_higher,1.926722994713564e-80,1.8341864886867553e-94
41434,9402,0.006281044255980189,0.4016795137304888,-0.0634030662477016,0.25105324387550354,1.4019634588248442,1.5655057576261926,-0.39539846947450863,-0.31445631012320513,,-0.09352518978045452,5.998670558455808,-22.52605206356147,-22.52605206356147,2.8945214205404984e-110,168264985.0,-20.64068948014404,1.1836304839857132e-94,-0.2758052045002315,-0.1361334891224686,GCST90201015,cancerType_celltype,CRC_Epi_CRC,tissue,Tumor,Adjacent,group2_higher,5.90603697035434e-110,2.111633965539957e-94
41434,9402,-0.3389749590050354,-0.06600964634950963,-0.39357762038707733,-0.16719727963209152,1.0270000410204843,1.0951656033918686,-0.27296531265552576,-0.2263803407549858,,-0.10580048258239377,-2.3604123280299216,-22.06628364417742,-22.06628364417742,5.086751931518328e-106,168279345.0,-20.62951141717839,1.4915055268429056e-94,-0.2624810179181809,-0.136059765387871,GCST90199713,cancerType_celltype,CRC_Epi_CRC,tissue,Tumor,Adjacent,group2_higher,1.0210961535580973e-105,2.6574144223357915e-94
41434,9402,-0.14074488070661617,-0.29882526244657803,-0.17873370647430414,-0.3691176772117615,0.7574008109961039,0.8152999301903129,0.15808038173996186,0.19038397073745733,,0.07949721433915505,-1.0862142467281806,17.192375965312934,17.192375965312934,1.5395104919021994e-65,221277370.5,20.62503357545068,1.6361857409565105e-94,0.2057167057382785,0.13603023225533106,GCST90199640,cancerType_celltype,CRC_Epi_CRC,tissue,Tumor,Adjacent,group1_higher,2.495068728255289e-65,2.911385332798595e-94
41434,9402,0.15922545705034447,-0.06576972281834517,0.12458728253841395,-0.14352072775363922,1.027989085687495,0.9764911156562661,0.22499517986868964,0.26810801029205317,,0.08691987811336166,1.275562643197661,19.971148894673096,19.971148894673096,1.4668115708034426e-87,221239375.5,20.595457635173528,3.014287489885869e-94,0.22087334572187872,0.13583516726257105,GCST90200494,cancerType_celltype,CRC_Epi_CRC,tissue,Tumor,Adjacent,group1_higher,2.683576068463211e-87,5.356549998323911e-94
41434,9402,-0.04857665390725941,-0.16070933432710538,-0.069204319268465,-0.19941869378089905,0.4660771475066193,0.6196268484944366,0.11213268041984598,0.13021437451243406,,0.09859382159472951,-1.72609798237144,16.51897914458974,16.51897914458974,1.2607695314345476e-60,221105088.0,20.490926010486913,2.5941427740367673e-93,0.22514134291964308,0.13514573996384072,GCST90200637,cancerType_celltype,CRC_Epi_CRC,tissue,Tumor,Adjacent,group1_higher,2.0145707753168678e-60,4.60392786590119e-93
41434,9402,-0.591335745925699,-0.3337514430277913,-0.6785708963871002,-0.42872126400470734,1.0753340570362686,1.1093235484969821,-0.25758430289790774,-0.24984963238239288,,-0.09665747934810862,-0.8252015323997846,-20.440946250524643,-20.440946250524643,1.668238459210891e-91,168495398.5,-20.461331777418696,4.762010412385701e-93,-0.23812906092428082,-0.1349505543229077,GCST90200654,cancerType_celltype,CRC_Epi_CRC,tissue,Tumor,Adjacent,group2_higher,3.1276602749717254e-91,8.440338351211586e-93
41434,9402,0.16182628252232245,0.0015684576654458973,0.1502822116017341,-0.01573234656825655,0.7076764999499296,0.7017196428466828,0.16025782485687656,0.16601455816999067,,0.08692883604821328,6.688044928360167,19.960656249514557,19.960656249514557,1.956608828341564e-87,220962184.5,20.379687548020907,2.5326869858381573e-92,0.22680818963326654,0.13441207842435166,GCST90199663,cancerType_celltype,CRC_Epi_CRC,tissue,Tumor,Adjacent,group1_higher,3.574876451782241e-87,4.48318488532131e-92
41434,9402,-0.7174757825581627,-0.4168134014413022,-0.8260559439659119,-0.5251758098602295,1.1675647549476662,1.3004624850370394,-0.3006623811168605,-0.3008801341056824,,-0.11937385457786774,-0.7835270218122203,-20.611810287685703,-20.611810287685703,6.437676781265705e-93,168621392.0,-20.36325634035305,3.5424245953103955e-92,-0.25196756132572273,-0.13430370812826864,GCST90200985,cancerType_celltype,CRC_Epi_CRC,tissue,Tumor,Adjacent,group2_higher,1.2220826536023893e-92,6.262418577701776e-92
41434,9402,-0.219507536864181,0.044905765586518764,-0.27307574450969696,-0.01013897079974405,1.0782235695507494,1.1183094404434861,-0.26441330245069977,-0.2629367737099529,,-0.07953900540446081,-2.2892723276831948,-20.833886092350443,-20.833886092350443,6.365166397560785e-95,168663204.0,-20.330709183756966,6.880145491332374e-92,-0.24353091420523645,-0.13408904679184852,GCST90199624,cancerType_celltype,CRC_Epi_CRC,tissue,Tumor,Adjacent,group2_higher,1.2219326478697674e-94,1.2147199876536304e-91
41434,9402,0.542037527501893,0.3966589692337572,0.567511111497879,0.3967016488313675,0.6506188436851921,0.6675375391100343,0.14537855826813584,0.17080946266651154,,0.08543771897425047,0.45049259177914325,19.15344260873783,19.15344260873783,1.0169302538852588e-80,220889107.0,20.322802805933698,8.082796483859356e-92,0.22236593549182412,0.13403690111132582,GCST90199745,cancerType_celltype,CRC_Epi_CRC,tissue,Tumor,Adjacent,group1_higher,1.800098618241049e-80,1.425207193725783e-91
41434,9402,0.11036392144325441,-0.22021645786772207,0.02029105462133875,-0.3163726329803467,1.403735748016226,1.271093113170385,0.3305803793109765,0.3366636876016854,,0.10047377544631575,-0.9966471473707728,22.3181294821397,22.3181294821397,1.4078562806764894e-108,220864036.0,20.30328712232563,1.2026553637735542e-91,0.23952209304641514,0.13390818747970346,GCST90200733,cancerType_celltype,CRC_Epi_CRC,tissue,Tumor,Adjacent,group1_higher,2.8512750528410922e-108,2.1178543421490366e-91
41434,9402,-0.18290200718294644,-0.04801569652862588,-0.20642677694559097,-0.08744885399937624,0.486707884378292,0.5686662433689641,-0.13488631065432055,-0.11897792294621473,,-0.09842610810411528,-1.929470738219024,-21.297575558995113,-21.297575558995113,6.344972184436145e-99,168703346.0,-20.299461982951453,1.300013976115773e-91,-0.2682315718793272,-0.1338829591766525,GCST90200881,cancerType_celltype,CRC_Epi_CRC,tissue,Tumor,Adjacent,group2_higher,1.244344904659923e-98,2.2863471605752238e-91
41434,9402,-0.05748305094248177,0.13037510872468253,-0.093188926577568,0.06410216912627215,0.7135064450992825,0.7987143735987962,-0.1878581596671643,-0.15729109570384014,,-0.10393957826090892,1.1814458832958268,-20.984981575216395,-20.984981575216395,3.492802838642226e-96,168764561.0,-20.251811208268844,3.424185528055801e-91,-0.25733488637783264,-0.13356868352112405,GCST90200861,cancerType_celltype,CRC_Epi_CRC,tissue,Tumor,Adjacent,group2_higher,6.743187349956592e-96,6.014387725180485e-91
41434,9402,-0.18738153567357596,0.02723350726205571,-0.2406287640333175,-0.06698926910758016,0.8255978803239533,0.9088125572204251,-0.21461504293563166,-0.17363949492573735,,-0.09849280957493464,-2.7824788272814747,-21.014666598174053,-21.014666598174053,1.8419738377657498e-96,168868524.0,-20.17088467901411,1.7645530156929765e-90,-0.25500607984696316,-0.1330349411381181,GCST90200246,cancerType_celltype,CRC_Epi_CRC,tissue,Tumor,Adjacent,group2_higher,3.56114941968045e-96,3.09534846896979e-90
41434,9402,0.1299566142795828,0.318790978043534,0.12460371851921075,0.3150171935558319,0.7423904646499725,0.8171504402994869,-0.1888343637639512,-0.19041347503662115,,-0.09004272067369708,1.2945741618843378,-20.564112792061685,-20.564112792061685,1.6319890401749545e-92,168918296.5,-20.132140936746854,3.85956962393294e-90,-0.24952575413542913,-0.132779410874869,GCST90200075,cancerType_celltype,CRC_Epi_CRC,tissue,Tumor,Adjacent,group2_higher,3.080887897172387e-92,6.761688171491771e-90
41434,9402,0.009955725049418529,-0.15960794063561667,-0.0344905741512775,-0.2473551705479622,0.7894235956796368,0.8230492844697478,0.1695636656850352,0.2128645963966847,,0.08546811640784631,-4.002726366135321,18.169725513195722,18.169725513195722,6.515491476962931e-73,220537825.0,20.04935905142815,2.044638402272436e-89,0.21308680049109124,0.1322334316867506,GCST90200938,cancerType_celltype,CRC_Epi_CRC,tissue,Tumor,Adjacent,group1_higher,1.0950203308385295e-72,3.577461029906714e-89
41434,9402,-0.5482083614564814,-0.6467421306500448,-0.5936700105667114,-0.7342557311058044,0.5993425905346548,0.694116488872556,0.09853376919356338,0.14058572053909302,,0.07229953673708807,-0.23846586102901224,12.729817425819485,12.729817425819485,6.765588390565702e-37,220496565.0,20.01724158081793,3.8971097463792446e-89,0.15944851375622704,0.13202160429890286,GCST90200800,cancerType_celltype,CRC_Epi_CRC,tissue,Tumor,Adjacent,group1_higher,9.615742415371275e-37,6.809949467070397e-89
41434,9402,-0.5189981314472927,-0.3408291111926997,-0.5946443974971771,-0.40543630719184875,0.8029789760707403,0.8046145669969564,-0.17816902025459297,-0.18920809030532837,,-0.09504513117625679,-0.6066793257703378,-19.391452472771245,-19.391452472771245,1.1094987730973997e-82,169066354.5,-20.016890125704492,3.9246915379509335e-89,-0.22180141664878256,-0.13201928631379345,GCST90200474,cancerType_celltype,CRC_Epi_CRC,tissue,Tumor,Adjacent,group2_higher,1.9819748725186837e-82,6.849365641776085e-89
41434,9402,0.23756223033730736,0.030747495703606024,0.19239907711744303,-0.019579538144171203,0.9197481400338416,0.8794875439147514,0.20681473463370134,0.21197861526161424,,0.08446871133862414,2.9497238184544363,20.409190417186732,20.409190417186732,2.6757004105846763e-91,220462492.5,19.990718979815348,6.633364132058935e-89,0.22666207445765027,0.13184667728308974,GCST90200368,cancerType_celltype,CRC_Epi_CRC,tissue,Tumor,Adjacent,group1_higher,5.00271558247862e-91,1.1561733135545177e-88
41434,9402,-0.11935716675451088,0.06952139485799064,-0.1539485082030296,0.03048080019652835,0.8110549062246628,0.8248134543100841,-0.18887856161250152,-0.18442930839955796,,-0.08829961516313488,-0.7797475971867358,-20.10770647156567,-20.10770647156567,1.1638746862519076e-88,169137066.5,-19.961846728181715,1.1826118436033271e-88,-0.23214680729616452,-0.13165625339451337,GCST90200660,cancerType_celltype,CRC_Epi_CRC,tissue,Tumor,Adjacent,group2_higher,2.1350756357487886e-88,2.0586206166428286e-88
41434,9402,0.4335781961742691,0.6867106353874698,0.3798642605543136,0.6077962219715118,1.0021071219951723,1.101399822716461,-0.25313243921320067,-0.22793196141719824,,-0.09209272356149437,0.6634088727831469,-20.447154431353873,-20.447154431353873,1.6717466424154855e-91,169160127.0,-19.943896051230507,1.693484348096458e-88,-0.24787798897702518,-0.13153786159913128,GCST90200461,cancerType_celltype,CRC_Epi_CRC,tissue,Tumor,Adjacent,group2_higher,3.1299322439729485e-91,2.9441571000707556e-88
41434,9402,0.3179043566524902,0.6698576520846429,0.2159845158457756,0.5675421357154846,1.5700479770057207,1.517670168053293,-0.35195329543215265,-0.351557619869709,,-0.0894833648703837,1.0752593765088632,-20.17013300979009,-20.17013300979009,3.0912407888471056e-89,169297090.5,-19.837281383612407,1.4193014727736274e-87,-0.22553966918074259,-0.13083469581058305,GCST90200811,cancerType_celltype,CRC_Epi_CRC,tissue,Tumor,Adjacent,group2_higher,5.693731344862979e-89,2.4643412832999417e-87
41434,9402,0.08812528036289502,0.41392062952029307,0.08450393006205556,0.33204707503318787,1.1513579359094392,1.2994761756869109,-0.32579534915739805,-0.2475431449711323,,-0.09194407549745261,2.2317134205362854,-22.3969710676987,-22.3969710676987,4.882973916504251e-109,169306192.0,-19.830196624553782,1.6340106322745577e-87,-0.2760621624950308,-0.13078796902991174,GCST90199631,cancerType_celltype,CRC_Epi_CRC,tissue,Tumor,Adjacent,group2_higher,9.918768179128605e-109,2.833532432303081e-87
41434,9402,-0.18709402192867833,-0.3203393515311405,-0.20960259437561035,-0.36710645258426666,0.6430514043412379,0.6980289564819453,0.1332453296024622,0.1575038582086563,,0.0801188809881538,-0.7758343649642937,16.94904313432525,16.94904313432525,9.166464217958357e-64,220255796.5,19.829823373774392,1.6461805686919622e-87,0.20387391268240698,0.1307855072937878,GCST90199855,cancerType_celltype,CRC_Epi_CRC,tissue,Tumor,Adjacent,group1_higher,1.4785669501866557e-63,2.851009040822293e-87
41434,9402,-0.32631188845231024,-0.5593470708164288,-0.3808896243572235,-0.6208710968494415,1.0602212832887072,0.9916620292715563,0.23303518236411852,0.23998147249221802,,0.0881135031925806,-0.7774903510063629,20.30440660571647,20.30440660571647,2.040640316690642e-90,220188946.5,19.777786221319396,4.625598604088069e-87,0.22238719884733718,0.1304423017465841,GCST90200309,cancerType_celltype,CRC_Epi_CRC,tissue,Tumor,Adjacent,group1_higher,3.7842078253732587e-90,8.00087677331477e-87
41434,9402,0.6610659569554225,1.0653200796334745,0.6338448524475098,0.9509734809398651,1.443091906861823,1.592128469876069,-0.40425412267805205,-0.31712862849235535,,-0.08823412730908851,0.6884200039167747,-22.603049451664038,-22.603049451664038,5.2388875923464144e-111,169398514.5,-19.758331254209335,6.8016953931445005e-87,-0.27466799251457996,-0.1303139885642166,GCST90200009,cancerType_celltype,CRC_Epi_CRC,tissue,Tumor,Adjacent,group2_higher,1.0737750057696485e-110,1.1749950343290183e-86
41434,9402,-0.23538075359528063,-0.3026011188626999,-0.2603393644094467,-0.39401027560234064,0.5182048444338002,0.6255858015492312,0.06722036526741929,0.13367091119289393,,0.0461322358793116,-0.3624196001697496,9.691729535510353,9.691729535510353,3.912188837963386e-22,220153451.5,19.7501563226449,7.997054040187502e-87,0.1245568762973877,0.1302600716658362,GCST90200963,cancerType_celltype,CRC_Epi_CRC,tissue,Tumor,Adjacent,group1_higher,5.137103454859437e-22,1.3797448932627298e-86
41434,9402,-0.1187310589404531,0.16159974440990862,-0.1954855546355247,0.106977604329586,1.3086099218280598,1.3018592396127646,-0.28033080335036176,-0.30246315896511067,,-0.07168654720858067,0.44472431299570453,-18.831828048556467,-18.831828048556467,3.7952453756504087e-78,169567002.5,-19.627177391190077,9.061128583076276e-86,-0.21442442949184548,-0.12944897710217818,GCST90200316,cancerType_celltype,CRC_Epi_CRC,tissue,Tumor,Adjacent,group2_higher,6.564618587578055e-78,1.561355026388491e-85
41434,9402,-0.5419226755652617,-0.25226776197810824,-0.6230727136135101,-0.3693985790014267,1.0445090705084652,1.2370231302560042,-0.2896549135871535,-0.25367413461208344,,-0.11188620195544742,-1.1031281061288352,-21.064480065657186,-21.064480065657186,7.761005438341089e-97,169569748.5,-19.62503985909372,9.450365996741369e-86,-0.26753148305931235,-0.129434879234824,GCST90200189,cancerType_celltype,CRC_Epi_CRC,tissue,Tumor,Adjacent,group2_higher,1.506873278128049e-96,1.626369804742233e-85
41434,9402,0.25344784119497565,0.1364456152826858,0.25935889780521393,0.08586829900741569,0.5556945259297342,0.7199172069000042,0.11700222591228984,0.17349059879779824,,0.07952384738416268,0.893357960406528,14.790602662124106,14.790602662124106,4.5276478879977676e-49,219960367.0,19.59985613471376,1.550628495552567e-85,0.19846928896348026,0.1292687826384753,GCST90200017,cancerType_celltype,CRC_Epi_CRC,tissue,Tumor,Adjacent,group1_higher,6.895177733341851e-49,2.6652038328349925e-85
41434,9402,-0.5305001708333921,-0.2618036336500682,-0.5835467278957367,-0.3339824974536896,1.1942037917246484,1.1922973050556867,-0.26869653718332387,-0.24956423044204712,,-0.08495454151967066,-1.018865303616035,-19.722041875575613,-19.722041875575613,2.00523388875671e-85,169612264.5,-19.591944697182328,1.8113885790884743e-85,-0.2250669783189627,-0.12921660358718134,GCST90200174,cancerType_celltype,CRC_Epi_CRC,tissue,Tumor,Adjacent,group2_higher,3.6393259525637763e-85,3.1094743492412976e-85
41434,9402,0.006979182661668662,-0.15258659053150658,-0.06582277268171305,-0.23018696904182429,0.7618182989657064,0.7302073401103923,0.15956577319317525,0.16436419636011124,,0.10283601831791722,-4.4502290366200175,18.974604690089247,18.974604690089247,2.554522241574401e-79,219945138.0,19.588001627687028,1.9572464057590222e-85,0.21104575694807604,0.1291905974884624,GCST90200282,cancerType_celltype,CRC_Epi_CRC,tissue,Tumor,Adjacent,group1_higher,4.4638638657255243e-79,3.3556312591818204e-85
41434,9402,1.5455071932169389,1.1470156815479866,1.5373761653900146,1.0870380997657776,1.879510306786949,1.8097923719038127,0.39849151166895225,0.45033806562423706,,0.08082576903873451,0.4301949291594841,19.13648066884381,19.13648066884381,1.2598304235659257e-80,219921947.5,19.56994975657248,2.7895854014509353e-85,0.21346083389708076,0.12907153827765572,GCST90199837,cancerType_celltype,CRC_Epi_CRC,tissue,Tumor,Adjacent,group1_higher,2.224286097565229e-80,4.7766393243437495e-85
41434,9402,-0.43469039498426,-0.21683694207390533,-0.47600153088569636,-0.263348713517189,0.9837132878147594,0.971378853236613,-0.21785345291035466,-0.21265281736850733,,-0.09026981422047782,-1.00337431672244,-19.58640362713159,-19.58640362713159,2.6499797859807942e-84,169705115.5,-19.519667933643078,7.472285650535648e-85,-0.22197239514013697,-0.12873990982108674,GCST90200230,cancerType_celltype,CRC_Epi_CRC,tissue,Tumor,Adjacent,group2_higher,4.765069192997128e-84,1.2778827279397851e-84
41434,9402,-0.02815755095386306,0.21997108840604557,-0.12190775200724599,0.14843352138996124,1.1820613373310542,1.1469018942733293,-0.24812863935990864,-0.27034127339720726,,-0.07104318820252348,2.965675476599045,-18.83075303177989,-18.83075303177989,3.7250611418963296e-78,169763022.0,-19.47459255041742,1.8035488901899695e-84,-0.2110586437714031,-0.12844261988811512,GCST90200058,cancerType_celltype,CRC_Epi_CRC,tissue,Tumor,Adjacent,group2_higher,6.451408305469755e-78,3.080497665825725e-84
41434,9402,-0.2902196847064734,-0.46120631083648,-0.3182550519704819,-0.514411985874176,0.8238306355318487,0.7753189287210455,0.1709866261300066,0.19615693390369415,,0.08936127930291052,-0.6682650347625054,19.079304970649442,19.079304970649442,3.530357711205649e-80,219793513.5,19.46997459369432,1.9737087974093502e-84,0.20977978661321622,0.12841216264191035,GCST90200360,cancerType_celltype,CRC_Epi_CRC,tissue,Tumor,Adjacent,group1_higher,6.200873144810953e-80,3.366915007345362e-84
41434,9402,0.03122174579681552,-0.11289882476006825,-0.005370367085561149,-0.17385980486869812,0.6811293073146245,0.7557956771744027,0.14412057055688376,0.16848943778313696,,0.07812745508489614,-1.8543739250250706,16.990326797010383,16.990326797010383,4.702012503255498e-64,219783028.5,19.461812895212784,2.314529115410386e-84,0.2072061020655266,0.12835833302093147,GCST90199903,cancerType_celltype,CRC_Epi_CRC,tissue,Tumor,Adjacent,group1_higher,7.593415926465928e-64,3.943378980380445e-84
41434,9402,0.03533193350515082,-0.20747262900462918,-0.0581777393817901,-0.2932776063680649,1.1220249477399742,1.071749092692551,0.24280456250978,0.23509986698627477,,0.08970214916629846,-2.5538425353500553,19.658218195501295,19.658218195501295,6.301998833308014e-85,219755360.0,19.440275274379562,3.52273247871895e-84,0.21817316976292833,0.1282162839157288,GCST90200875,cancerType_celltype,CRC_Epi_CRC,tissue,Tumor,Adjacent,group1_higher,1.1407203731472542e-84,5.994362507483057e-84
41434,9402,-0.1600664545392206,-0.28935734901749166,-0.1862122267484665,-0.34396111965179443,0.6488203113020288,0.6165687569457682,0.12929089447827105,0.15774889290332794,,0.0740465179201718,-0.8541772675969046,18.176914759965193,18.176914759965193,5.0708913765412645e-73,219718825.0,19.41183582239836,6.129784846229912e-84,0.20108142966466094,0.1280287145115837,GCST90200610,cancerType_celltype,CRC_Epi_CRC,tissue,Tumor,Adjacent,group1_higher,8.5328703039824e-73,1.0417576989290984e-83
41434,9402,-0.02800220469965698,-0.15099909581077853,-0.065192237496376,-0.2175360694527626,0.6592231645846965,0.7614714280848921,0.12299689111112155,0.15234383195638662,,0.07602873822541768,-2.430885620535821,14.479221272745994,14.479221272745994,3.8671962114995806e-47,219635426.5,19.34691704215875,2.1640734435227433e-83,0.18106592717970132,0.12760054954780697,GCST90200652,cancerType_celltype,CRC_Epi_CRC,tissue,Tumor,Adjacent,group1_higher,5.817868031207426e-47,3.673265384211083e-83
41434,9402,-0.862286399745255,-0.6653602026064636,-0.9374459385871887,-0.734570175409317,0.969785813494825,0.8864519353144499,-0.19692619713879145,-0.2028757631778717,,-0.08770159279033457,-0.37403105391208963,-19.10230818098176,-19.10230818098176,2.1866716282455713e-80,169938597.0,-19.337922048662957,2.5765204342808174e-83,-0.20622213563935585,-0.12754122401750467,GCST90199856,cancerType_celltype,CRC_Epi_CRC,tissue,Tumor,Adjacent,group2_higher,3.855670671796525e-80,4.367907154135266e-83
41434,9402,-0.5691889747415553,-0.40105244323918604,-0.629965603351593,-0.46092885732650757,0.7582984223048779,0.7878095529653838,-0.16813653150236924,-0.16903674602508545,,-0.0861854353628764,-0.5051157526865313,-18.811197442689554,-18.811197442689554,5.918727385169199e-78,169976420.0,-19.308479996048067,4.557937046878433e-83,-0.22011951408838265,-0.12734704206669112,GCST90199717,cancerType_celltype,CRC_Epi_CRC,tissue,Tumor,Adjacent,group2_higher,1.0224620311768844e-77,7.717351794900999e-83
41434,9402,0.5509365395248241,0.33528719374237126,0.542633593082428,0.2770776152610779,1.0500854276942073,1.1089932304256462,0.21564934578245287,0.2655559778213501,,0.06962723559174254,0.7164870844711309,17.187613827072003,17.187613827072003,1.636723176934155e-65,219547005.0,19.278088275131083,8.205405226664107e-83,0.2032077420527526,0.12714659667881567,GCST90199869,cancerType_celltype,CRC_Epi_CRC,tissue,Tumor,Adjacent,group1_higher,2.6494699408090893e-65,1.3875889980078386e-82
41434,9402,0.2671508306244821,0.09580730646940924,0.23168443888425824,0.046209631487727096,0.8365735864420877,0.809211237838113,0.17134352415507284,0.18547480739653116,,0.08268010296427473,1.4794372565930236,18.418921153923165,18.418921153923165,6.772999095030947e-75,219475820.5,19.222677075745406,2.3911105143963127e-82,0.20604545663119445,0.1267811379611652,GCST90199924,cancerType_celltype,CRC_Epi_CRC,tissue,Tumor,Adjacent,group1_higher,1.148208677428754e-74,4.038517510684231e-82
41434,9402,-0.24769107243633245,-0.4370962450300699,-0.30094337463378906,-0.4886634945869446,0.907581701567306,0.7522503200861983,0.18940517259373743,0.18772011995315552,,0.0788926949263775,-0.8194065901971954,21.167257562745753,21.167257562745753,4.0376787382441406e-98,219380772.5,19.148690130845743,9.925266601546199e-82,0.21500785040389855,0.12629316487439435,GCST90199672,cancerType_celltype,CRC_Epi_CRC,tissue,Tumor,Adjacent,group1_higher,7.861937314609662e-98,1.6742745517212216e-81
41434,9402,0.562320048044793,0.2941568241769547,0.5524768829345703,0.24642485380172724,1.329813008049436,1.3497097716684123,0.26816322386783825,0.3060520291328431,,0.0762969353260357,0.9348036385247835,17.43974874718382,17.43974874718382,2.1596737831064143e-67,219283840.5,19.07323664899432,4.214007720612311e-81,0.20109501930064047,0.12579551939793143,GCST90200748,cancerType_celltype,CRC_Epi_CRC,tissue,Tumor,Adjacent,group1_higher,3.533775950028863e-67,7.0997435391774785e-81
41434,9402,0.6253998692839254,0.34103638294184974,0.5763243138790131,0.2537674605846405,1.4347794547128472,1.3113810335538407,0.2843634863420757,0.32255685329437256,,0.07078873155083255,0.8748513350761705,18.645535893597526,18.645535893597526,1.0159673632227039e-76,219200908.0,19.008680610909444,1.4454342721430373e-80,0.2012806235560246,0.12536974686175362,GCST90200202,cancerType_celltype,CRC_Epi_CRC,tissue,Tumor,Adjacent,group1_higher,1.7440346550032057e-76,2.4322554480629133e-80
41434,9402,0.33483860588544656,0.1857352041267844,0.3364129960536957,0.1112072542309761,0.7792584227598465,0.9249899759662313,0.14910340175866216,0.22520574182271957,,0.07193589164843467,0.8502151283947915,14.505602398989879,14.505602398989879,2.684137119175237e-47,219135551.5,18.957806023707874,3.80699347003036e-80,0.18449001478565977,0.12503420889098593,GCST90200625,cancerType_celltype,CRC_Epi_CRC,tissue,Tumor,Adjacent,group1_higher,4.042518114293755e-47,6.398190011900592e-80
41434,9402,-0.053312414729506874,0.15081378262920522,-0.09205801784992215,0.1174520552158355,0.8407384758507751,0.9253001357922909,-0.2041261973587121,-0.20951007306575764,,-0.07982404059775171,1.5002073513294247,-19.630868980797313,-19.630868980797313,1.363866123765254e-84,170431335.0,-18.95436658977934,4.064206061804908e-80,-0.23818526383919744,-0.12501152446749564,GCST90199628,cancerType_celltype,CRC_Epi_CRC,tissue,Tumor,Adjacent,group2_higher,2.4621848035656176e-84,6.822060175172524e-80
41434,9402,0.12912186075231408,-0.18637656553731985,0.0639332868158817,-0.3069355636835098,1.5090799195398452,1.583482723035794,0.3154984262896339,0.37086885049939156,,0.07878154164977383,-0.5294837643448489,17.591536219209008,17.591536219209008,1.649893588534878e-68,219099166.5,18.929483334222834,6.5199167085843046e-80,0.20714044734064405,0.12484740958156171,GCST90199819,cancerType_celltype,CRC_Epi_CRC,tissue,Tumor,Adjacent,group1_higher,2.7225241660690542e-68,1.0930684469619197e-79
41434,9402,-0.3635066865610572,-0.4375065686527357,-0.4170321524143219,-0.5420324802398682,0.5592482880307178,0.6746182861766105,0.07399988209167846,0.12500032782554626,,0.059598090981362296,-0.26732210402035717,9.892714278118648,9.892714278118648,5.438780913592219e-23,219030841.0,18.87629762801395,1.7868211805223175e-79,0.12707997489515976,0.12449662886928836,GCST90199739,cancerType_celltype,CRC_Epi_CRC,tissue,Tumor,Adjacent,group1_higher,7.183196109715305e-23,2.9919376769679595e-79
41434,9402,0.21912685492376605,0.5670310978644768,0.12985555827617645,0.46344462037086487,1.5574538302438778,1.5973213797915218,-0.34790424294071076,-0.3335890620946884,,-0.08095234960978394,1.3716575164398215,-19.153983189920865,-19.153983189920865,1.006066374048259e-80,170600028.5,-18.823052762140346,4.8885493469546494e-79,-0.22231676789643184,-0.12414545797568977,GCST90200445,cancerType_celltype,CRC_Epi_CRC,tissue,Tumor,Adjacent,group2_higher,1.78318396336512e-80,8.175573938526609e-79
41434,9402,-0.1593118848289106,-0.35772359971448864,-0.21435010433197021,-0.4146486669778824,0.9127962783978921,0.8875327115369482,0.19841171488557804,0.20029856264591217,,0.09598587524084687,-1.166986378664564,19.466111672441752,19.466111672441752,2.554582009494511e-83,218954098.5,18.816559988937247,5.525818659427432e-79,0.2184724875511706,0.12410263557525258,GCST90200934,cancerType_celltype,CRC_Epi_CRC,tissue,Tumor,Adjacent,group1_higher,4.569416376563017e-83,9.230013275489693e-79
41434,9402,-0.02618042606692632,0.16230131454112967,-0.0558689646422863,0.1280901506543159,0.9035455782517421,0.8650145623669997,-0.188481740608056,-0.1839591152966022,,-0.07921030573699246,2.6320679876558937,-18.91566767685361,-18.91566767685361,7.602064615853422e-79,170638456.5,-18.793139767457614,8.59416632613021e-79,-0.2102312931648419,-0.12394816997616931,GCST90199781,cancerType_celltype,CRC_Epi_CRC,tissue,Tumor,Adjacent,group2_higher,1.3250145871366001e-78,1.433763611079006e-78
41434,9402,0.32918995957906244,0.6148519346065577,0.30171315371990204,0.5079753696918488,1.0833464539868765,1.181546985008002,-0.2856619750274953,-0.20626221597194672,,-0.08512716547019732,0.9013166602620228,-21.48318840406442,-21.48318840406442,1.1656799161198778e-100,170644270.0,-18.788614442314802,9.359182494277935e-79,-0.2591821595020451,-0.12391832367177635,GCST90200887,cancerType_celltype,CRC_Epi_CRC,tissue,Tumor,Adjacent,group2_higher,2.305982185299555e-100,1.5594823642666045e-78
41434,9402,0.4313553477276287,0.30442716090703625,0.4310026466846466,0.2730512917041778,0.6441820214078564,0.7231686336345037,0.12692818682059243,0.1579513549804688,,0.07712612892406107,0.5027783659815406,15.666709153645195,15.666709153645195,8.099528100758684e-55,218859173.0,18.742668400076116,2.2220151091123446e-78,0.19246042435097038,0.12361529139917038,GCST90200550,cancerType_celltype,CRC_Epi_CRC,tissue,Tumor,Adjacent,group1_higher,1.266015688226386e-54,3.6979323488646222e-78
41434,9402,-0.1057927251495913,0.18632775419328784,-0.16836838424205774,0.15589717775583267,1.4148529525240172,1.4157121727171458,-0.29212047934287916,-0.3242655619978904,,-0.07426676020322678,0.8165962670094014,-18.065028307724248,-18.065028307724248,3.964253046970347e-72,170765746.5,-18.69405511321683,5.534260964231819e-78,-0.20644383344067546,-0.1232946675961607,GCST90199987,cancerType_celltype,CRC_Epi_CRC,tissue,Tumor,Adjacent,group2_higher,6.6297876110682e-72,9.199021578351182e-78
41434,9402,0.06395030280253375,-0.015068620952396678,0.0343740228563547,-0.07704626768827436,0.47384975939921364,0.595443047945409,0.07901892375493043,0.11142029054462906,,0.06431975414098753,2.085330620540121,12.032184249435298,12.032184249435298,3.702570494583265e-33,218668466.5,18.594219286917422,3.578881048704372e-77,0.15848902233633821,0.12263621094011556,GCST90200329,cancerType_celltype,CRC_Epi_CRC,tissue,Tumor,Adjacent,group1_higher,5.176003676017426e-33,5.9415528250719356e-77
41434,9402,0.6553220130997026,0.4611816524267611,0.6104634702205658,0.38431312143802643,0.9269567763465252,1.0482777725764005,0.1941403606729415,0.22615034878253937,,0.07913697707844851,0.50686794955782,16.549384184870053,16.549384184870053,6.823341347646231e-61,218661847.0,18.589066557961914,3.93977439722061e-77,0.204237659402763,0.12260222666008991,GCST90200313,cancerType_celltype,CRC_Epi_CRC,tissue,Tumor,Adjacent,group1_higher,1.0928571394643728e-60,6.532740271790379e-77
41434,9402,-0.12242625565317938,-0.2799515412806246,-0.16852273792028424,-0.3280526250600815,0.7719341918582143,0.7431262218044566,0.15752528562744522,0.15952988713979724,,0.08649977686104902,-1.1932574990989835,18.422112625722747,18.422112625722747,6.350389262695382e-75,218648298.0,18.578519790892162,4.795541734221178e-77,0.20546200187900227,0.12253266657094897,GCST90200317,cancerType_celltype,CRC_Epi_CRC,tissue,Tumor,Adjacent,group1_higher,1.0779054252868997e-74,7.94206972508319e-77
41434,9402,0.07411511376399607,0.22947735440443467,0.0452683307230472,0.21516914665699,0.7321477792073275,0.7391570298558445,-0.1553622406404386,-0.1699008159339428,,-0.07598311330143497,1.6304989359616835,-18.43193881701561,-18.43193881701561,5.686790266800093e-75,171022009.0,-18.494576118736678,2.283318878518645e-76,-0.21182416576669735,-0.1219790249403595,GCST90200013,cancerType_celltype,CRC_Epi_CRC,tissue,Tumor,Adjacent,group2_higher,9.66470714918769e-75,3.77689761094771e-76
41434,9402,0.29297636155101964,0.08014995368180786,0.25635112822055817,0.030528172850608798,1.0073723735400353,0.9825338975651154,0.21282640786921178,0.22582295536994937,,0.07366981374648132,1.869997599869991,18.87271205961088,18.87271205961088,1.7320195304108892e-78,218530376.0,18.48672734374485,2.6410617647693436e-76,0.21222681811583732,0.12192725917323233,GCST90200096,cancerType_celltype,CRC_Epi_CRC,tissue,Tumor,Adjacent,group1_higher,3.007315439426805e-78,4.3633541640977153e-76
41434,9402,0.5287616006725775,0.33669998448834043,0.5003807842731476,0.2357966303825378,1.0429008980183656,1.1171054430192688,0.19206161618423706,0.2645841538906098,,0.05836390232591009,0.6511521992704669,15.23244994423043,15.23244994423043,5.876977022973989e-52,218427639.0,18.40675515329206,1.159666419654999e-75,0.18170160500572857,0.121399811031077,GCST90199646,cancerType_celltype,CRC_Epi_CRC,tissue,Tumor,Adjacent,group1_higher,9.071709719494391e-52,1.91358998788107e-75
41434,9402,-0.7085978562068058,-0.5187333605547059,-0.7712165713310242,-0.535086065530777,0.980653142763976,0.9536465905095752,-0.18986449565209995,-0.2361305058002472,,-0.08143234480127409,-0.4499732008673386,-17.33662183306632,-17.33662183306632,1.1982890468889753e-66,171182186.5,-18.369891287212965,2.288714079409922e-75,-0.19459011313499605,-0.12115667929283169,GCST90200796,cancerType_celltype,CRC_Epi_CRC,tissue,Tumor,Adjacent,group2_higher,1.951335688064126e-66,3.7720886218086135e-75
41434,9402,0.5219245130646083,0.2553715137619045,0.4694700539112091,0.1753375008702278,1.3240549561587913,1.2418206253582065,0.2665529993027038,0.2941325530409813,,0.07433193694565036,1.0312406729989751,18.5567052160435,18.5567052160435,5.33620416924422e-76,218287952.0,18.29802046795203,8.581113099413609e-75,0.2035942670819367,0.1206826628893829,GCST90199878,cancerType_celltype,CRC_Epi_CRC,tissue,Tumor,Adjacent,group1_higher,9.125779526574493e-76,1.4125672891909115e-74
41434,9402,-0.5844728256925404,-0.2759978341788766,-0.6200020015239716,-0.3676445335149765,1.2998535486384313,1.3937147472485834,-0.30847499151366387,-0.25235746800899506,,-0.08305474434845007,-1.0824762453836436,-19.61282178478337,-19.61282178478337,1.8443077564101568e-84,171380149.5,-18.215793593698404,3.867716060497682e-74,-0.23409827570822922,-0.12014034421817044,GCST90200137,cancerType_celltype,CRC_Epi_CRC,tissue,Tumor,Adjacent,group2_higher,3.3207284966803746e-84,6.359103727935272e-74
41434,9402,0.25796018970883716,0.12640683800887054,0.25533825159072876,0.12792120128870005,0.6528618588300397,0.6135230113505187,0.13155335169996663,0.1274170503020287,,0.07472473689636741,1.0290681067054568,18.54482026286789,18.54482026286789,6.642605327911778e-76,218161946.0,18.19993530067837,5.166913936410029e-74,0.20371632354174532,0.12003575252018384,GCST90199632,cancerType_celltype,CRC_Epi_CRC,tissue,Tumor,Adjacent,group1_higher,1.1345703085142547e-75,8.48494421123719e-74
41434,9402,-0.03243654610945203,0.19250774436288418,-0.0787304118275642,0.14946129918098444,1.0285297447412995,1.1190534687059999,-0.22494429047233622,-0.22819171100854863,,-0.0800528267625717,2.5691873897664568,-17.854715611757776,-17.854715611757776,1.7769480784092387e-70,171406719.0,-18.195111452753707,5.642465874172189e-74,-0.21508039000290866,-0.12000393734028814,GCST90200455,cancerType_celltype,CRC_Epi_CRC,tissue,Tumor,Adjacent,group2_higher,2.96448008674638e-70,9.254730428997224e-74
41434,9402,0.16820422440118504,0.019842572767591736,0.16592420637607574,-0.0243296111002564,0.8218823505285365,0.7943861801473364,0.1483616516335933,0.19025381747633213,,0.06463295977503186,3.0834788093964494,16.24361951374476,16.24361951374476,8.302884046072751e-59,218146696.0,18.188064446902175,6.416690435684131e-74,0.18162275390119373,0.11995745955690995,GCST90200545,cancerType_celltype,CRC_Epi_CRC,tissue,Tumor,Adjacent,group1_higher,1.3205170308981516e-58,1.0511958009420036e-73
41434,9402,0.1648855211461287,-0.09008431224920868,0.0994464084506034,-0.12661128491163248,1.1773413007310558,1.202052222185965,0.2549698333953374,0.22605769336223588,,0.07863640524059726,0.8721096592358022,18.63840474077096,18.63840474077096,1.365529387842717e-76,218144605.0,18.186436777705712,6.610070141626211e-74,0.21571961505678794,0.1199467244365029,GCST90200267,cancerType_celltype,CRC_Epi_CRC,tissue,Tumor,Adjacent,group1_higher,2.3411529001630483e-76,1.0815757026454413e-73
41434,9402,-0.6968725950848612,-0.4791476164531871,-0.8705445826053619,-0.6423315405845642,0.9106866846851428,1.0269241404288414,-0.21772497863167412,-0.22821304202079773,,-0.12005561743727222,-0.5404237885509349,-18.937551405380994,-18.937551405380994,6.47873816806957e-79,171506117.5,-18.117738006257106,2.3089600835486747e-73,-0.233291386152718,-0.11949362893963389,GCST90200862,cancerType_celltype,CRC_Epi_CRC,tissue,Tumor,Adjacent,group2_higher,1.1306683896387739e-78,3.7735162996125226e-73
41434,9402,0.47418585355512366,0.328189646382271,0.4761111438274383,0.27991899847984314,0.8041175309147548,0.818111561521894,0.14599620717285267,0.19619214534759516,,0.07196565443877076,0.5309215440089514,15.67106017391295,15.67106017391295,7.072539306783987e-55,218039445.5,18.104578872939953,2.93247447774684e-73,0.18097421221999285,0.11940683926460793,GCST90200305,cancerType_celltype,CRC_Epi_CRC,tissue,Tumor,Adjacent,group1_higher,1.1067590212567824e-54,4.786781692417895e-73
41434,9402,-0.08245034905411866,-0.19078491425039004,-0.1107171475887298,-0.2409306019544601,0.5801793631327254,0.6078851793642152,0.10833456519627138,0.13021345436573029,,0.08149268802122865,-1.2103396568222256,15.730972932397924,15.730972932397924,2.8567683394162657e-55,218035987.0,18.10188671898684,3.079388702740454e-73,0.1850601277456103,0.11938908344733035,GCST90199949,cancerType_celltype,CRC_Epi_CRC,tissue,Tumor,Adjacent,group1_higher,4.4859161827469705e-55,5.020582298845979e-73
41434,9402,-0.40564683341107116,-0.211161772173994,-0.458289697766304,-0.26180197298526764,0.9935626573754592,0.9261351551187974,-0.19448506123707715,-0.19648772478103638,,-0.07901196450566497,-0.94187227175857,-18.131638940214394,-18.131638940214394,1.1059281389654157e-72,171585247.0,-18.05614228665819,7.058696075223546e-73,-0.1981625360472192,-0.11908738087160897,GCST90199996,cancerType_celltype,CRC_Epi_CRC,tissue,Tumor,Adjacent,group2_higher,1.856379376120519e-72,1.1494626942090434e-72
41434,9402,-0.32720799887256746,-0.18294150836542675,-0.3937856256961822,-0.22555520385503763,0.6852814005022778,0.719239474099676,-0.14426649050714072,-0.16823042184114456,,-0.09074861814639718,-0.8388220882653152,-17.710447299272943,-17.710447299272943,2.1071183154294364e-69,171601401.5,-18.043567355030152,8.863382759769347e-73,-0.20857189492914074,-0.11900444423716916,GCST90200617,cancerType_celltype,CRC_Epi_CRC,tissue,Tumor,Adjacent,group2_higher,3.50244178528088e-69,1.441621802096136e-72
41434,9402,0.43548927132808035,0.7309005631632499,0.38202671706676483,0.6895878314971924,1.3369841239089328,1.431412858544764,-0.29541129183516956,-0.30756111443042755,,-0.08738795582747567,0.7470366290625818,-18.28312510020313,-18.28312510020313,8.911261263208993e-74,171709342.0,-17.959544673585597,4.0411185932377797e-72,-0.21802481993094555,-0.11845028150915193,GCST90200988,cancerType_celltype,CRC_Epi_CRC,tissue,Tumor,Adjacent,group2_higher,1.503223898731913e-73,6.565011492947668e-72
41434,9402,0.07240102305501601,-0.03972524303511715,0.05827998928725715,-0.08516914770007131,0.5910714052016005,0.6823206635204947,0.11212626609013317,0.14344913698732847,,0.06919009653334918,0.8659376473672399,14.729360083320259,14.729360083320259,1.045973128820824e-48,217824768.0,17.937470334478363,6.013129429808557e-72,0.18412204164338394,0.11830469253521625,GCST90200495,cancerType_celltype,CRC_Epi_CRC,tissue,Tumor,Adjacent,group1_higher,1.589366080917261e-48,9.757018348606027e-72
41434,9402,-0.7366425588701981,-0.5425988555385177,-0.786059707403183,-0.5668165385723114,0.9026530672469009,0.9776538008560833,-0.19404370333168042,-0.21924316883087158,,-0.08512343794448492,-0.4410780450261533,-17.616726448226245,-17.616726448226245,1.106033756154181e-68,171790225.5,-17.89658361119826,1.2538223126500025e-71,-0.21161037029112303,-0.11803502846685943,GCST90200767,cancerType_celltype,CRC_Epi_CRC,tissue,Tumor,Adjacent,group2_higher,1.8273018298644224e-68,2.032056851536211e-71
41434,9402,0.09252299129489672,0.3393641694768043,0.04307356104254716,0.27736151218414307,1.1935674830098497,1.1750398864953886,-0.2468411781819076,-0.2342879511415959,,-0.07637168206596595,1.8749390950832523,-18.335600549238702,-18.335600549238702,3.111798231710653e-74,171876502.5,-17.82942415865735,4.177039602695306e-71,-0.20740118506398883,-0.1175920853853919,GCST90199629,cancerType_celltype,CRC_Epi_CRC,tissue,Tumor,Adjacent,group2_higher,5.255738525181685e-74,6.761644867545964e-71
41434,9402,0.06145460657877122,0.2159221394293094,0.02454613894224165,0.17496556043624875,0.7534679842930478,0.7301709914352849,-0.1544675328505382,-0.1504194214940071,,-0.07247646729018527,1.8129013198309893,-18.408878951539975,-18.408878951539975,8.139586273383469e-75,171883275.5,-17.824151942747438,4.5900152860244476e-71,-0.20617273874209466,-0.11755731304176864,GCST90200056,cancerType_celltype,CRC_Epi_CRC,tissue,Tumor,Adjacent,group2_higher,1.378168458462319e-74,7.421341441104772e-71
41434,9402,-0.3044633378187195,-0.12229650634532187,-0.3406505286693573,-0.19829422235488892,0.6726055945351462,0.8462564577679815,-0.18216683147339763,-0.14235630631446838,,-0.10535491345209819,-1.315878266349106,-19.520409400964574,-19.520409400964574,1.3690089584911595e-83,171898021.5,-17.812673410958336,5.635313416815014e-71,-0.25732055713474666,-0.11748160759675652,GCST90199671,cancerType_celltype,CRC_Epi_CRC,tissue,Tumor,Adjacent,group2_higher,2.4552094873992767e-83,9.10063055345837e-71
41434,9402,0.33665315991529254,0.16586462516869985,0.2893288880586624,0.1008803956210613,0.8803082786049446,0.9373833989070497,0.1707885347465927,0.18844849243760112,,0.0739290884864919,1.0212523659539765,16.126442739371864,16.126442739371864,5.8264346002696804e-58,217607254.0,17.768153817214397,1.24729414706917e-70,0.19165195218126074,0.11718798331465541,GCST90200109,cancerType_celltype,CRC_Epi_CRC,tissue,Tumor,Adjacent,group1_higher,9.234221349032064e-58,2.0119076005387912e-70
41434,9402,-0.11552816995356724,-0.33351572916339767,-0.1867975071072578,-0.3887265771627426,1.073292671016924,0.9859013408144139,0.21798755920983043,0.20192907005548483,,0.08536465298219578,-1.5295019650286545,19.032254047940363,19.032254047940363,8.151909395854095e-80,217606605.5,17.76764901402267,1.2585673491210749e-70,0.20610064657944993,0.11718465393847954,GCST90200895,cancerType_celltype,CRC_Epi_CRC,tissue,Tumor,Adjacent,group1_higher,1.4281558491708394e-79,2.0276918402506206e-70
41434,9402,-0.19876640095143913,-0.29017663625312995,-0.22513612359762186,-0.3397750109434128,0.5179345628004884,0.5629460033323397,0.09141023530169082,0.11463888734579092,,0.06838782351685434,-0.5458551707510788,14.4206789140824,14.4206789140824,8.668414534875971e-47,217580981.5,17.747702866012094,1.7955071228019856e-70,0.17360257652993616,0.11705310122432011,GCST90200283,cancerType_celltype,CRC_Epi_CRC,tissue,Tumor,Adjacent,group1_higher,1.3012168514356771e-46,2.8893461728206686e-70
41434,9402,0.4555800928703851,0.2457123763261221,0.47612941265106196,0.20825639367103577,1.110366314357989,1.118081409144838,0.20986771654426298,0.2678730189800262,,0.06336089485849335,0.8907314764803859,16.45235663720136,16.45235663720136,2.985307372534725e-60,217558463.5,17.73017448008866,2.4527366605111996e-70,0.18876439641332857,0.1169374946048447,GCST90199704,cancerType_celltype,CRC_Epi_CRC,tissue,Tumor,Adjacent,group1_higher,4.7590338582044805e-60,3.94231140126977e-70
41434,9402,-0.4905986612793849,-0.2793468585997159,-0.5473541617393494,-0.4200419783592224,0.7445577136483211,0.9194832809189216,-0.21125180267966898,-0.12731218338012695,,-0.11293462361257572,-0.812483476778632,-20.784829726463055,-20.784829726463055,2.427759675733491e-94,172152340.0,-17.614707658428408,1.8996932531529604e-69,-0.2708806696101039,-0.11617594536853582,GCST90200221,cancerType_celltype,CRC_Epi_CRC,tissue,Tumor,Adjacent,group2_higher,4.64752308711341e-94,3.049802007123068e-69
41434,9402,0.28239903702552455,0.5230002050478358,0.2219866961240768,0.4278274327516556,1.0886153172825201,1.1400705512729181,-0.2406011680223113,-0.2058407366275788,,-0.0797983230239244,0.8890739928306476,-18.626938664029165,-18.626938664029165,1.7444337542895385e-76,172288588.5,-17.50864955870867,1.230802267847669e-68,-0.21906431875969395,-0.11547645036482312,GCST90200902,cancerType_celltype,CRC_Epi_CRC,tissue,Tumor,Adjacent,group2_higher,2.9870140792671365e-76,1.9736276365604387e-68
41434,9402,0.07727493433340551,-0.030437317591223183,0.06771203130483625,-0.06630351394414895,0.5718686289539543,0.6228109462719372,0.1077122519246287,0.13401554524898518,,0.058407162008075594,1.34413057327157,15.36406493400178,15.36406493400178,8.141546548940241e-53,217256955.0,17.495475246267016,1.5511424645676268e-68,0.18519159340919217,0.11538956057748351,GCST90200425,cancerType_celltype,CRC_Epi_CRC,tissue,Tumor,Adjacent,group1_higher,1.2610145393415396e-52,2.4843797640489723e-68
41434,9402,-0.9951114344505307,-0.7503907335153129,-1.116771399974823,-0.8068035542964935,1.501682498795985,1.3404890333871613,-0.2447207009352178,-0.30996784567832947,,-0.07251721637457985,-0.4072156053024367,-15.617265696543349,-15.617265696543349,1.4703722840027278e-54,172417150.5,-17.408574758500453,7.103079440799722e-68,-0.1661148291786619,-0.11481641758158279,GCST90200205,cancerType_celltype,CRC_Epi_CRC,tissue,Tumor,Adjacent,group2_higher,2.293040529857801e-54,1.1363259715739461e-67
41434,9402,-0.3638165363010403,-0.1949967168745412,-0.4147157669067383,-0.28051328659057617,0.6666233880705257,0.7879058017381668,-0.16881981942649912,-0.1342024803161621,,-0.10470818114512917,-0.8997578514211149,-19.269709976191884,-19.269709976191884,1.423885316400863e-81,172471826.0,-17.36601443944207,1.492397611971156e-67,-0.24443267194884022,-0.11453571548889563,GCST90199990,cancerType_celltype,CRC_Epi_CRC,tissue,Tumor,Adjacent,group2_higher,2.527025633143719e-81,2.38468692276282e-67
41434,9402,0.05799039272245127,-0.08273245536537631,0.0236712042242288,-0.15086135268211365,0.7832223335588251,0.7885001907580288,0.1407228480878276,0.17453255690634245,,0.06674017647700677,-0.5126320511352404,15.642356587402592,15.642356587402592,1.0934796018216019e-54,217079493.5,17.357336261519187,1.7359386064298024e-67,0.1794474057589109,0.11447847948226886,GCST90200421,cancerType_celltype,CRC_Epi_CRC,tissue,Tumor,Adjacent,group1_higher,1.7072310392701527e-54,2.7705905393018976e-67
41434,9402,0.22354498571780407,0.12624683343964965,0.19752683490514755,0.08297288417816155,0.5550445620713199,0.636862226030893,0.09729815227815442,0.114553950726986,,0.0706952156454346,0.8243130094622747,13.681677386441825,13.681677386441825,2.5869770887644933e-42,216992727.5,17.2897961632408,5.615085273632428e-67,0.1703817537816905,0.1140330258920117,GCST90200338,cancerType_celltype,CRC_Epi_CRC,tissue,Tumor,Adjacent,group1_higher,3.7873789172782004e-42,8.951299681825731e-67
41434,9402,0.1161201229125072,-0.12464383710595192,0.0305176498368382,-0.1941471919417381,1.229166479830075,1.0797116600726049,0.24076396001845912,0.2246648417785763,,0.07546515376834707,-0.10219269815458108,19.0069671232142,19.0069671232142,1.2102096182681176e-79,216960340.0,17.264585194278403,8.692678081677986e-67,0.20014838937818805,0.1138667496068948,GCST90200633,cancerType_celltype,CRC_Epi_CRC,tissue,Tumor,Adjacent,group1_higher,2.1174784463407498e-79,1.3841261945475578e-66
41434,9402,0.11410810595783333,-0.08241847894778775,0.06811908259987831,-0.06272174417972559,0.7996942519074035,0.9326312227067395,0.19652658490562108,0.1308408267796039,,0.09028274480469298,0.46935667582458485,18.91544013914649,18.91544013914649,1.0201968043374145e-78,216954842.0,17.260305459585847,9.361504746178931e-67,0.237956400364764,0.11383852306839781,GCST90199690,cancerType_celltype,CRC_Epi_CRC,tissue,Tumor,Adjacent,group1_higher,1.7758981408836477e-78,1.4888834269593795e-66
41434,9402,-0.29385488778073626,-0.06076141710263141,-0.3676216602325439,-0.17439921945333475,1.1411158955710794,1.1229744317362103,-0.23309347067810485,-0.19322244077920914,,-0.07477429421194876,-2.2738576389893974,-18.115860484537503,-18.115860484537503,1.5749886831688884e-72,172679828.5,-17.204101832059564,2.4738440197064445e-66,-0.2048664219921439,-0.11346783797457616,GCST90199662,cancerType_celltype,CRC_Epi_CRC,tissue,Tumor,Adjacent,group2_higher,2.63914545860303e-72,3.929894404265599e-66
41434,9402,0.1383963174175613,-0.03187108767707097,0.10874094814062116,-0.0709483474493026,0.8762024950402437,0.83482705765393,0.17026740509463228,0.17968929558992375,,0.06647148508918246,2.1184505528506867,17.688710978815735,17.688710978815735,2.739794256678627e-69,216863124.5,17.18891103130924,3.215167355605498e-66,0.1960027067039214,0.11336764865140969,GCST90199988,cancerType_celltype,CRC_Epi_CRC,tissue,Tumor,Adjacent,group1_higher,4.5485256660815695e-69,5.101598493236663e-66
41434,9402,0.30509506908409906,0.16306820194897528,0.29722474515438074,0.12760862708091736,0.7928094808744709,0.8333357106456808,0.14202686713512377,0.16961611807346338,,0.0558023272497172,0.9037792587782524,15.052145180715755,15.052145180715755,8.610430247860557e-51,216688161.5,17.05271692053911,3.3365917508233765e-65,0.1774318127792255,0.1124693947672597,GCST90200650,cancerType_celltype,CRC_Epi_CRC,tissue,Tumor,Adjacent,group1_higher,1.3186535312172967e-50,5.288109949270073e-65
41434,9402,-0.1121698701888126,0.0020922322461544847,-0.13218369334936136,-0.04110212437808505,0.4921375376880471,0.5451474802451076,-0.11426210243496708,-0.09108156897127631,,-0.08005976850716343,-5.74382186996158,-18.670325997927115,-18.670325997927115,8.541577330942817e-77,173027785.0,-16.93324670209387,2.5587086039584e-64,-0.22744941429437415,-0.11168144154995963,GCST90199823,cancerType_celltype,CRC_Epi_CRC,tissue,Tumor,Adjacent,group2_higher,1.4681172638177882e-76,4.050545676185017e-64
41434,9402,-0.5341240449687006,-0.33289134442070434,-0.6059414148330688,-0.3842496871948242,0.9751469135948783,1.0756770956730395,-0.20123270054799625,-0.22169172763824463,,-0.0768960541011457,-0.6821218404012475,-16.65313360905005,-16.65313360905005,1.2296943758791167e-61,173051402.5,-16.914862447073588,3.496343231677733e-64,-0.202344649380706,-0.11156019013618124,GCST90200385,cancerType_celltype,CRC_Epi_CRC,tissue,Tumor,Adjacent,group2_higher,1.9741736564466854e-61,5.528440631991589e-64
41434,9402,0.050781476580344785,0.1536399381495678,0.02707993332296605,0.1295814737677574,0.48869474758412246,0.5427168602181124,-0.10285846156922301,-0.10250154044479134,,-0.07365122780560666,1.5971600185248027,-16.888962895626584,-16.888962895626584,2.5400599017213054e-63,173122679.0,-16.85937963335693,8.952434136392238e-64,-0.2060770601357855,-0.11119425909376879,GCST90199680,cancerType_celltype,CRC_Epi_CRC,tissue,Tumor,Adjacent,group2_higher,4.0874871854145685e-63,1.4139244180651934e-63
41434,9402,-0.017879560743636048,0.2879356869914102,-0.07974125817418096,0.13999579101800913,1.3025876967445802,1.4808435170021221,-0.30581524773504626,-0.2197370491921901,,-0.08197963855354809,4.00928773328259,-18.468651852469293,-18.468651852469293,3.4282042207669127e-75,173174355.0,-16.81915417501341,1.7666406723703313e-63,-0.22867334642611295,-0.11092895632851363,GCST90199839,cancerType_celltype,CRC_Epi_CRC,tissue,Tumor,Adjacent,group2_higher,5.840802941131627e-75,2.786957449584215e-63
41434,9402,0.5470804709597202,0.7839661014384485,0.5366643965244293,0.745717316865921,0.9737220425112038,1.167234896808023,-0.23688563047872824,-0.2090529203414917,,-0.09294037492788455,0.5190374199771133,-18.28743022988733,-18.28743022988733,9.453526035442879e-74,173217381.0,-16.785662020615078,3.107467450217342e-63,-0.2340070536618228,-0.11070806235882047,GCST90200620,cancerType_celltype,CRC_Epi_CRC,tissue,Tumor,Adjacent,group2_higher,1.5927263271086087e-73,4.896506514041893e-63
41434,9402,0.23464290281539127,0.08233657195993568,0.19910341501235956,0.05594619736075395,0.7721513840010114,0.7596412622418276,0.15230633085545559,0.1431572176516056,,0.08122065663833744,1.5108501616656367,17.497769413670284,17.497769413670284,7.707267949234826e-68,216343589.0,16.784495952486765,3.169106227127728e-63,0.19783816213731217,0.11070037167954272,GCST90200772,cancerType_celltype,CRC_Epi_CRC,tissue,Tumor,Adjacent,group1_higher,1.2641403387252788e-67,4.987865805513964e-63
41434,9402,0.3753342233531054,0.2280089611042524,0.3338115066289902,0.08603671565651891,0.9475067538225826,1.1472492613938539,0.147325262248853,0.24777479097247126,,0.06054983669644945,0.7190828333731623,11.587242436825022,11.587242436825022,6.8842891954926195e-31,216340497.0,16.782089088232603,3.300213338594876e-63,0.14919075819893887,0.11068449746036624,GCST90199732,cancerType_celltype,CRC_Epi_CRC,tissue,Tumor,Adjacent,group1_higher,9.506875555680284e-31,5.188224660328507e-63
41434,9402,-0.6493176623068195,-0.3123189064728167,-0.740210086107254,-0.4210348576307297,1.6370561470599627,1.7146767295024237,-0.33699875583400285,-0.31917522847652435,,-0.08331693655738025,-1.0559021490058296,-17.347306325028132,-17.347306325028132,1.0830263868822572e-66,173263406.0,-16.749835394710196,5.678355240163755e-63,-0.20403320079542514,-0.1104717716286775,GCST90199651,cancerType_celltype,CRC_Epi_CRC,tissue,Tumor,Adjacent,group2_higher,1.765747566172867e-66,8.916587779197233e-63
41434,9402,0.2576984168076011,0.45098909198733417,0.21663463115692133,0.3859127014875412,0.9610915971001602,0.9682360121213706,-0.19329067517973308,-0.16927807033061987,,-0.06588843290391004,0.8074064663072962,-17.499427296405596,-17.499427296405596,7.696444966104484e-68,173328303.5,-16.699318100746876,1.3257206403281315e-62,-0.2008388313738348,-0.11013859014775518,GCST90200167,cancerType_celltype,CRC_Epi_CRC,tissue,Tumor,Adjacent,group2_higher,1.2638860829880013e-67,2.0793523967402112e-62
41434,9402,0.417503714414221,0.18003152774247994,0.41847163438796997,0.13762183487415308,1.2698499261796183,1.386708503816688,0.23747218667174108,0.2808497995138169,,0.07181218258679846,1.213534896460411,15.219933455005277,15.219933455005277,7.177873640473516e-52,216146631.0,16.63118056769647,4.143516488196964e-62,0.18376532197505424,0.10968919623951034,GCST90200618,cancerType_celltype,CRC_Epi_CRC,tissue,Tumor,Adjacent,group1_higher,1.105473646549763e-51,6.491509164841911e-62
41434,9402,-0.9787887076933588,-0.8248209801951537,-1.1525511741638184,-0.9627118110656738,0.8843884052576304,0.885758645293375,-0.1539677274982051,-0.18983936309814453,,-0.09740852056546166,-0.24691615231935415,-15.22093611874845,-15.22093611874845,6.694429111166013e-52,173417227.0,-16.630098568565398,4.219023722832871e-62,-0.17404524378890804,-0.10968206002843173,GCST90200945,cancerType_celltype,CRC_Epi_CRC,tissue,Tumor,Adjacent,group2_higher,1.0321840360315922e-51,6.602215079473253e-62
41434,9402,0.35734621434852437,0.22876499673027884,0.3614453226327896,0.2130361348390579,0.703852341007189,0.7380705536674287,0.12858121761824554,0.14840918779373172,,0.06860636298121084,0.6434539129201289,15.379806350026865,15.379806350026865,6.257601454794684e-53,216087195.5,16.584914985426632,8.959296384605106e-62,0.18102260858282038,0.10938405647435223,GCST90199865,cancerType_celltype,CRC_Epi_CRC,tissue,Tumor,Adjacent,group1_higher,9.714249183240493e-53,1.4004037812175183e-61
41434,9402,-0.20714267666029104,0.17323239411583968,-0.31139431893825525,-0.1049694344401359,1.3021757207125066,1.6770177785443106,-0.38037507077613075,-0.20642488449811935,,-0.10232839652161986,-0.25791471629613566,-20.627186482292615,-20.627186482292615,6.159961013533162e-93,173492307.5,-16.57165465794614,1.117097972860717e-61,-0.2757946283889254,-0.10929659938390168,GCST90200464,cancerType_celltype,CRC_Epi_CRC,tissue,Tumor,Adjacent,group2_higher,1.17099398346523e-92,1.744105998865014e-61
41434,9402,-0.5954002576959643,-0.4450556418697455,-0.6263019144535065,-0.4865167737007141,0.7937476223057062,0.7659651093914003,-0.15034461582621877,-0.13978514075279236,,-0.07582631767069449,-0.41987331107985987,-17.066152851451815,-17.066152851451815,1.1511993365659728e-64,173494591.0,-16.569877143546275,1.1506137570489599e-61,-0.19062733179026417,-0.10928487597526981,GCST90200761,cancerType_celltype,CRC_Epi_CRC,tissue,Tumor,Adjacent,group2_higher,1.861310433854592e-64,1.7943782046427143e-61
41434,9402,-0.2616440014808113,-0.3505762608416952,-0.28599151968955994,-0.42388640344142914,0.6556240331483274,0.7219120033435273,0.08893225936088389,0.1378948837518692,,0.05191821288578628,-0.4221217253033032,10.963045704009282,10.963045704009282,7.5937523002343305e-28,216003306.0,16.519614002616258,2.6509089280685182e-61,0.13305669594822478,0.10895337073385614,GCST90199682,cancerType_celltype,CRC_Epi_CRC,tissue,Tumor,Adjacent,group1_higher,1.036064503024964e-27,4.129358707379874e-61
41434,9402,0.1308450451028426,0.004566052628489787,0.1012465432286262,-0.04949734173715105,0.729705063413225,0.7635154075507938,0.1262789924743528,0.15074388496577723,,0.06657604229659911,4.8404630938032795,14.595615687311325,14.595615687311325,6.904450904219837e-48,215945744.0,16.474806783923448,5.566648220056222e-61,0.17155727214410824,0.10865784945175982,GCST90200574,cancerType_celltype,CRC_Epi_CRC,tissue,Tumor,Adjacent,group1_higher,1.0433222375223547e-47,8.661348771617159e-61
41434,9402,0.06465868538295073,0.21284688545831684,0.03408711776137345,0.1296426877379417,0.5033927100903125,0.6837480908834304,-0.1481882000753661,-0.09555556997656824,,-0.11911827581710933,1.7188843648888419,-19.830736517512932,-19.830736517512932,4.0370975052893344e-86,173633487.5,-16.461757796561006,6.906577040605617e-61,-0.2737660965703294,-0.10857178623275376,GCST90200209,cancerType_celltype,CRC_Epi_CRC,tissue,Tumor,Adjacent,group2_higher,7.356368849878828e-86,1.073393900381466e-60
41434,9402,-0.17306467929753738,0.003243165606170343,-0.23470659554004664,-0.0615732446312904,0.9012502687853879,0.9456219810333302,-0.17630784490370774,-0.17313335090875623,,-0.07123701635038768,-5.737328374349575,-16.46148580395307,-16.46148580395307,2.6690709910777487e-60,173658553.5,-16.442246005036143,9.532047598499952e-61,-0.19382597007042807,-0.10844309827095566,GCST90199931,cancerType_celltype,CRC_Epi_CRC,tissue,Tumor,Adjacent,group2_higher,4.259887307773971e-60,1.4797472524778398e-60
41434,9402,-0.7341262128427368,-0.5616447058947709,-0.7919891774654388,-0.5839372277259827,1.0501229264484162,0.9794232294928984,-0.17248150694796593,-0.20805194973945618,,-0.061766934490936405,-0.3863697365692468,-15.207201689828821,-15.207201689828821,7.84507175849892e-52,173686496.5,-16.420494708834948,1.364505636914061e-60,-0.16626145716779556,-0.10829963989241387,GCST90200763,cancerType_celltype,CRC_Epi_CRC,tissue,Tumor,Adjacent,group2_higher,1.2068660052860076e-51,2.115837523451496e-60
41434,9402,0.0019231816752882515,0.2568614912521941,-0.0660852715373039,0.18502154946327204,1.409759762130331,1.36985843727296,-0.25493830957690583,-0.2511068210005759,,-0.05516130859085484,7.060607403242824,-16.203225272134446,-16.203225272134446,1.591268507147707e-58,173698648.0,-16.411035779021084,1.594626868689501e-60,-0.1817785816940433,-0.10823725451908783,GCST90200123,cancerType_celltype,CRC_Epi_CRC,tissue,Tumor,Adjacent,group2_higher,2.5278542834992125e-58,2.4698595704815794e-60
41434,9402,-0.08625954567047235,0.07631769551980991,-0.12555240094661713,0.00840684073045845,0.73421785475931,0.8249551810998371,-0.16257724119028227,-0.13395924167707557,,-0.08038483692103943,-0.17666433012570787,-17.593237697661618,-17.593237697661618,1.7249228016238392e-68,173742932.0,-16.376564376488293,2.811854935813328e-60,-0.21624369549710348,-0.10800990202167016,GCST90200917,cancerType_celltype,CRC_Epi_CRC,tissue,Tumor,Adjacent,group2_higher,2.8428896960257474e-68,4.3502364103445693e-60
41434,9402,0.14483744076721292,0.057368134993273506,0.12092215567827219,0.0139353550039231,0.5524061063950169,0.610898939568184,0.08746930577393941,0.1069868006743491,,0.0642450103852662,1.3360978804916244,12.750816932818296,12.750816932818296,5.1171125005841975e-37,215746861.0,16.31999294709911,7.114427935724913e-60,0.15517515023882786,0.10763679112947822,GCST90199658,cancerType_celltype,CRC_Epi_CRC,tissue,Tumor,Adjacent,group1_higher,7.28040118820069e-37,1.0994291696590766e-59
41434,9402,0.07027942741350875,-0.01654620221469726,0.0567511841654777,-0.0628271177411079,0.5373168352283488,0.5716266413987459,0.086825629628206,0.1195783019065856,,0.05403546100959234,2.086535657047665,13.442058318300187,13.442058318300187,6.303333737223168e-41,215722956.5,16.301385286502843,9.648099880824955e-60,0.1596572699127536,0.10751406626780069,GCST90199956,cancerType_celltype,CRC_Epi_CRC,tissue,Tumor,Adjacent,group1_higher,9.101105809147434e-41,1.489282008784192e-59
41434,9402,0.012053323933573057,0.226739103088442,0.023392784409224952,0.2007899209856987,1.043886575009292,1.018600482709663,-0.21468577915486894,-0.17739713657647374,,-0.06505099376565424,4.233416935549585,-18.36508361445029,-18.36508361445029,1.8090606227084983e-74,173875827.5,-16.273116307766035,1.5316148562214833e-59,-0.20657628540712494,-0.10732762120194805,GCST90200547,cancerType_celltype,CRC_Epi_CRC,tissue,Tumor,Adjacent,group2_higher,3.059242715572808e-74,2.3615283360066533e-59
41434,9402,0.012849777160721975,0.20464244833949127,-0.03209363296627995,0.15153490751981735,0.7887709558371805,0.992281232869194,-0.1917926711787693,-0.1836285404860973,,-0.09053311973753397,3.99318496436267,-17.52716255005399,-17.52716255005399,5.9992041180518005e-68,173980025.5,-16.192006850600656,5.742509811752644e-59,-0.23102659921323285,-0.1067926723372129,GCST90200131,cancerType_celltype,CRC_Epi_CRC,tissue,Tumor,Adjacent,group2_higher,9.875501464860633e-68,8.84411398126424e-59
41434,9402,0.06873768469768282,0.2547254523296333,0.02767036575824015,0.17189491540193555,0.8363166445999725,0.9186117704856404,-0.18598776763195046,-0.1442245496436954,,-0.07930431954666782,1.8897546341595763,-18.011081698745006,-18.011081698745006,1.1532651390422575e-71,173989252.0,-16.184824789461896,6.453372645464976e-59,-0.21826088752590775,-0.10674530381094105,GCST90199977,cancerType_celltype,CRC_Epi_CRC,tissue,Tumor,Adjacent,group2_higher,1.926348510434555e-71,9.927705322538105e-59
41434,9402,0.05349461490620957,-0.03920753813794186,0.01887400262057775,-0.09620732814073554,0.5829643474394117,0.6251263866914705,0.09270215304415143,0.1150813307613133,,0.06205373748886603,0.4482527840639443,13.14085577285039,13.14085577285039,3.360885254257651e-39,215559932.5,16.17448469201035,7.633423057370624e-59,0.156859530541791,0.10667710678945586,GCST90200932,cancerType_celltype,CRC_Epi_CRC,tissue,Tumor,Adjacent,group1_higher,4.811855673900397e-39,1.17298259607623e-58
41434,9402,0.16575202106343737,0.10018705753532352,0.15618861466646194,0.05794129520654675,0.4538969416036561,0.5780152078643125,0.06556496352811385,0.09824731945991519,,0.059421931775016784,0.7263246167241715,10.301590789942338,10.301590789942338,8.762045460998539e-25,215473140.5,16.106924354899295,2.280915459983012e-58,0.1367990307258202,0.10623151971611389,GCST90200931,cancerType_celltype,CRC_Epi_CRC,tissue,Tumor,Adjacent,group1_higher,1.1731500946307475e-24,3.500999743194646e-58
41434,9402,-0.950382287482965,-0.7447181867584242,-1.044812023639679,-0.8169918060302734,1.3707756235436659,1.1880976850488818,-0.2056641007245409,-0.22782021760940552,,-0.05838915844195014,-0.3518129392662051,-14.709608934510733,-14.709608934510733,1.1835285677545024e-48,174205024.0,-16.016864273986663,9.74424423861774e-58,-0.15360999525741187,-0.10563753795707032,GCST90200465,cancerType_celltype,CRC_Epi_CRC,tissue,Tumor,Adjacent,group2_higher,1.796380220322257e-48,1.4939713045259822e-57
41434,9402,0.16943977036605953,0.033994338263429416,0.12694562226533884,-0.01762978918850415,0.7440201968437717,0.8244311534889982,0.1354454321026301,0.144575411453843,,0.06935395223163549,2.3173722235592935,14.635105156803172,14.635105156803172,4.0211277701679744e-48,215314150.5,15.983163893136846,1.6742886161165226e-57,0.17832727637872955,0.1054152706517919,GCST90200302,cancerType_celltype,CRC_Epi_CRC,tissue,Tumor,Adjacent,group1_higher,6.083015705592619e-48,2.564107172771708e-57
41434,9402,-0.11287179729357125,0.027841949526362483,-0.1443269923329353,-0.04343612678349015,0.5925565886539403,0.7127207911097136,-0.14071374681993373,-0.10089086554944515,,-0.0877715931585917,-2.0193138784271856,-17.798717895899866,-17.798717895899866,5.260958717704194e-70,174281484.0,-15.957346537611063,2.5327413919052573e-57,-0.22822881352218613,-0.10524499500809203,GCST90200619,cancerType_celltype,CRC_Epi_CRC,tissue,Tumor,Adjacent,group2_higher,8.755417255471082e-70,3.874440535540815e-57
41434,9402,0.6004781409424464,0.4825810907581528,0.6078637838363647,0.4509162306785583,0.6781730428591093,0.8540345763782706,0.11789705018429364,0.15694755315780645,,0.06857835964095065,0.3153397551111563,12.519828572334578,12.519828572334578,9.631904545536564e-36,215144640.5,15.851214488310424,1.3789088089376558e-56,0.16512926109924006,0.10454501227772273,GCST90200244,cancerType_celltype,CRC_Epi_CRC,tissue,Tumor,Adjacent,group1_higher,1.3618553833575037e-35,2.1070097607421804e-56
41434,9402,-0.767269005780107,-0.5895939727566988,-0.8460329174995422,-0.7089027166366577,0.8658238402741333,0.9095096645680292,-0.17767503302340826,-0.13713020086288452,,-0.0954131349060379,-0.38001013478376117,-17.251241938477055,-17.251241938477055,5.551725708804809e-66,174481097.0,-15.80196445663875,3.015724117294773e-56,-0.20327382089023566,-0.10422018889150275,GCST90200747,cancerType_celltype,CRC_Epi_CRC,tissue,Tumor,Adjacent,group2_higher,9.019072873779444e-66,4.6029473369236e-56
41434,9402,-0.1687372957002236,-0.2585139468974689,-0.2012537121772766,-0.3142623156309128,0.5588126825541567,0.5812298895788464,0.08977665119724532,0.11300860345363617,,0.07081234584019512,-0.6154602620646714,13.616890322037117,13.616890322037117,5.979466801901432e-42,215079307.0,15.800357804691597,3.0935763591088075e-56,0.15945391669617787,0.10420959238814564,GCST90200528,cancerType_celltype,CRC_Epi_CRC,tissue,Tumor,Adjacent,group1_higher,8.707279114307321e-42,4.716492815956717e-56
41434,9402,0.43642771505414,0.27480782835867157,0.40387311577796936,0.2163659855723381,0.9904633188166919,1.0087469361263548,0.16161988669546845,0.18750713020563126,,0.06506148540011447,0.6673176755192353,14.072229073223065,14.072229073223065,1.1445660721835534e-44,215043496.5,15.772482315566846,4.812101466358995e-56,0.16261673460682508,0.10402574254150165,GCST90200177,cancerType_celltype,CRC_Epi_CRC,tissue,Tumor,Adjacent,group1_higher,1.6956995178110687e-44,7.328373518041687e-56
41434,9402,0.21142790205341697,0.11696920329437879,0.19817806780338285,0.0957257412374019,0.5413095905632238,0.5481575594975301,0.09445869875903817,0.10245232656598094,,0.05783079898914759,0.854031536742362,15.119550645911568,15.119550645911568,3.0812618449821915e-51,215022599.5,15.756215743018574,6.225100091722348e-56,0.17409093100806422,0.10391845807897493,GCST90200901,cancerType_celltype,CRC_Epi_CRC,tissue,Tumor,Adjacent,group1_higher,4.7294593408904584e-51,9.469655608278527e-56
41434,9402,0.3396374860866488,0.19957265655859832,0.3548333495855331,0.16345129162073135,0.8633491288301891,0.8619455498775979,0.14006482952805047,0.19138205796480173,,0.061504391890113634,0.7670786474065109,14.220709744583425,14.220709744583425,1.4147425293123435e-45,215020156.0,15.754313681956138,6.41524229720978e-56,0.16228304511767275,0.10390591323597431,GCST90200136,cancerType_celltype,CRC_Epi_CRC,tissue,Tumor,Adjacent,group1_higher,2.1028288630891212e-45,9.748021461646523e-56
41434,9402,-1.2251669651291268,-1.0201392922142527,-1.3706582188606262,-1.0739251375198364,1.363743894728935,1.255352176535927,-0.20502767291487412,-0.2967330813407898,,-0.07263773027478672,-0.26421198109151706,-14.064781655262946,-14.064781655262946,1.2080850484081073e-44,174569963.5,-15.732789294205812,9.015122437469945e-56,-0.1525098118868453,-0.10376395140817318,GCST90200342,cancerType_celltype,CRC_Epi_CRC,tissue,Tumor,Adjacent,group2_higher,1.7878609348319763e-44,1.3683309445736677e-55
41434,9402,0.19720090174380348,0.335709854012847,0.1589938625693321,0.2920481711626053,0.748720227314002,0.7635132051020113,-0.1385089522690435,-0.1330543085932732,,-0.0729613990121206,0.7675457175749894,-15.93715527029386,-15.93715527029386,1.1201187822000403e-56,174582864.5,-15.722746941119471,1.0564303089786215e-55,-0.18431539891468302,-0.10369771812822581,GCST90200239,cancerType_celltype,CRC_Epi_CRC,tissue,Tumor,Adjacent,group2_higher,1.7629583142478695e-56,1.6016846619998455e-55
41434,9402,-0.13786069573210288,-0.21276208492206902,-0.1668780371546745,-0.2707357257604599,0.5180338234853082,0.5929537323996635,0.07490138918996614,0.1038576886057854,,0.0555765840748436,-0.6260261942981085,11.308210685057182,11.308210685057182,1.6472132945735574e-29,214909526.0,15.668197448955448,2.4955856815876464e-55,0.140611323168575,0.10333794270961438,GCST90200599,cancerType_celltype,CRC_Epi_CRC,tissue,Tumor,Adjacent,group1_higher,2.2541683940800792e-29,3.779425871115513e-55
41434,9402,0.5844973004409596,0.408918211055081,0.5568533837795258,0.3693898916244507,1.0154001541849245,1.0179346428957365,0.17557908938587857,0.18746349215507507,,0.06459470347141867,0.5153829874285305,15.106212759893612,15.106212759893612,3.736403897884105e-51,214747792.0,15.542301011929924,1.7942484691035842e-54,0.17283629029828407,0.10250760604586784,GCST90200995,cancerType_celltype,CRC_Epi_CRC,tissue,Tumor,Adjacent,group1_higher,5.728592252886428e-51,2.714273766246599e-54
41434,9402,0.003863526618923018,0.149583324112995,-0.034579485654830905,0.09959485009312624,0.7612674918113633,0.7872130486246902,-0.14571979749407196,-0.13417433574795715,,-0.0734494652160789,5.274523480208974,-16.30228786485107,-16.30228786485107,3.434276190212967e-59,174855203.0,-15.510754120717603,2.9341423840766184e-54,-0.19020195475866103,-0.10229954185422196,GCST90200990,cancerType_celltype,CRC_Epi_CRC,tissue,Tumor,Adjacent,group2_higher,5.468362672033031e-59,4.4337428708386153e-54
41434,9402,0.3713901749409135,0.2580982659055203,0.37096817791461945,0.24143164604902265,0.6550632881404964,0.7085732255941158,0.11329190903539316,0.1295365318655968,,0.05797445376820609,0.5250134960435682,14.188405585816078,14.188405585816078,2.316700199242831e-45,214605326.0,15.431403106744382,1.0065844547204144e-53,0.1702911457524876,0.10177619061598109,GCST90199666,cancerType_celltype,CRC_Epi_CRC,tissue,Tumor,Adjacent,group1_higher,3.4397193590065126e-45,1.5193517295503043e-53
41434,9402,0.3506322320267397,0.15328305920939245,0.2657780051231384,0.0105762016028165,1.4350280142745857,1.476716833635195,0.19734917281734726,0.2552018035203219,,0.056427857235809765,1.1937550655492404,11.759478882336587,11.759478882336587,8.967880425176827e-32,214527686.5,15.370967227940648,2.5631544535133617e-53,0.13677936648109779,0.10137759215551534,GCST90200480,cancerType_celltype,CRC_Epi_CRC,tissue,Tumor,Adjacent,group1_higher,1.247267450971022e-31,3.8645791151976902e-53
41434,9402,0.2768202221267165,0.1436969453727265,0.2873875647783279,0.12596028298139567,0.7493437378216794,0.8979106402982022,0.13312327675398997,0.16142728179693222,,0.06889849697538349,0.9459151155424043,13.358870811709721,13.358870811709721,1.9865353654286927e-40,214467334.0,15.323987837610952,5.287203268975994e-53,0.17089928171068827,0.10106774454463108,GCST90200149,cancerType_celltype,CRC_Epi_CRC,tissue,Tumor,Adjacent,group1_higher,2.8591844805483718e-40,7.962937078026829e-53
41434,9402,-0.6423530973797621,-0.35604148890390663,-0.7176595330238342,-0.5010278224945068,1.29423992848347,1.4748974729019577,-0.28631160847585546,-0.2166317105293274,,-0.09211354250070004,-0.8513193837571303,-17.366731203628394,-17.366731203628394,8.47761855420228e-67,175096589.0,-15.322855241398207,5.380159219296658e-53,-0.2153526329279266,-0.10106027462584,GCST90200414,cancerType_celltype,CRC_Epi_CRC,tissue,Tumor,Adjacent,group2_higher,1.3838316274703844e-66,8.093992291281838e-53
41434,9402,-0.01325890314551465,-0.18805445900243356,-0.06043600663542745,-0.3004813939332962,1.121223838180079,1.1432006971006428,0.17479555585691892,0.24004538729786876,,0.06391836312626528,-3.826016043818855,13.432147320611561,13.432147320611561,7.076184510040416e-41,214400503.0,15.271965475072138,1.1757583525048384e-52,0.15532957818650356,0.10072463654275854,GCST90200802,cancerType_celltype,CRC_Epi_CRC,tissue,Tumor,Adjacent,group1_higher,1.0206179351518611e-40,1.766878318042001e-52
41434,9402,0.05104795151651521,-0.06820440623087895,0.032735271379351547,-0.08922930434346195,0.6661701982608623,0.7553472265822958,0.11925235774739415,0.1219645757228135,,0.0657657832425028,-0.41800476730702385,14.113502619253882,14.113502619253882,6.756345455693166e-45,214356473.5,15.237692179574497,1.9876924647310996e-52,0.17446298630851248,0.1004985906393836,GCST90200250,cancerType_celltype,CRC_Epi_CRC,tissue,Tumor,Adjacent,group1_higher,1.0020564587714674e-44,2.983727785714195e-52
41434,9402,-0.20521043932225802,-0.3120395914995746,-0.24729840457439417,-0.36810098588466644,0.6670134063161227,0.704845455285755,0.10682915217731659,0.12080258131027227,,0.06058581312653334,-0.6046225579990308,13.397856331287343,13.397856331287343,1.1325854527713446e-40,214291607.5,15.187199405735369,4.2990069716639725e-52,0.15846027912823077,0.10016557087835265,GCST90200960,cancerType_celltype,CRC_Epi_CRC,tissue,Tumor,Adjacent,group1_higher,1.6318329515088189e-40,6.446145767192513e-52
41434,9402,0.09742750669989408,0.3838508867729215,0.0423271153122186,0.2412605881690979,1.1383427892701463,1.4977546068383278,-0.2864233800730274,-0.1989334728568793,,-0.09015812672628842,1.9781338807842586,-17.435393023458836,-17.435393023458836,2.998400973298157e-67,175305875.0,-15.159943536256902,6.5125685302653365e-52,-0.23615448094850594,-0.0999858076676935,GCST90199885,cancerType_celltype,CRC_Epi_CRC,tissue,Tumor,Adjacent,group2_higher,4.9002644203901536e-67,9.754539457968849e-52
41434,9402,-0.10705769822626657,-0.17787479901742273,-0.12715770304203028,-0.2484291866421699,0.5676640957137237,0.6436358628177812,0.07081710079115616,0.12127148360013962,,0.04522674716704999,-0.7324682218374894,9.835818054074661,9.835818054074661,9.485745384565632e-23,214237552.0,15.145121704994441,8.160390638690782e-52,0.12158250780287201,0.09988805184384453,GCST90200300,cancerType_celltype,CRC_Epi_CRC,tissue,Tumor,Adjacent,group1_higher,1.2491855999191261e-22,1.2209234292574683e-51
41434,9402,0.017688873872131552,-0.028685679109828246,-0.018042646348476347,-0.1315362229943275,0.5479456015999901,0.6769694802150659,0.0463745529819598,0.11349357664585114,,0.029707771245480533,-0.6974572036245632,6.197615582192288,6.197615582192288,5.915113539830064e-10,214159323.5,15.08422733878912,2.0566938285527286e-51,0.08079237456850767,0.09948642947810882,GCST90200437,cancerType_celltype,CRC_Epi_CRC,tissue,Tumor,Adjacent,group1_higher,6.968279822634725e-10,3.0737650091199226e-51
41434,9402,0.22325053362125594,0.07223434659137251,0.17095556855201716,-0.00852969987317915,0.9548192481467604,0.9682370606366576,0.15101618702988343,0.1794852684251963,,0.05846406593520531,1.6278932235823014,13.688405922332153,13.688405922332153,2.2463176061170553e-42,214119659.0,15.053351831929715,3.28178528731286e-51,0.15774975931170054,0.09928279333110712,GCST90200393,cancerType_celltype,CRC_Epi_CRC,tissue,Tumor,Adjacent,group1_higher,3.292183760362953e-42,4.899313632647786e-51
41434,9402,0.46179181053327495,0.6887937594624878,0.4425787329673767,0.6516154706478119,1.2667942133600283,1.3352133598726115,-0.22700194892921283,-0.20903673768043518,,-0.05920741987179257,0.576828453813572,-15.022066649327522,-15.022066649327522,1.3482925540803017e-50,175526630.5,-14.988103781450937,8.782551286920103e-51,-0.17738365299735329,-0.0988524567002178,GCST90199710,cancerType_celltype,CRC_Epi_CRC,tissue,Tumor,Adjacent,group2_higher,2.0625395636492157e-50,1.309695558432396e-50
41434,9402,-0.11757144638675054,0.04764959600875636,-0.172508530318737,-0.03044693171977995,0.8288825933421343,0.9234012618470273,-0.1652210423955069,-0.14206159859895706,,-0.06955856930588095,-1.3029838334976687,-15.952260248060659,-15.952260248060659,9.437531797059885e-57,175541163.0,-14.976791441614703,1.0412447201810665e-50,-0.19502987828564958,-0.09877784735669148,GCST90199820,cancerType_celltype,CRC_Epi_CRC,tissue,Tumor,Adjacent,group2_higher,1.4870931606234247e-56,1.5510563427396652e-50
41434,9402,-0.39322225516584913,-0.6381953870317371,-0.5067529082298279,-0.6613565385341644,1.2188370432624487,1.0591647416607788,0.24497313186588793,0.15460363030433655,,0.08983598532637291,-0.6986517962551702,19.665809551103326,19.665809551103326,4.543479300816958e-85,214005745.0,14.964679278679778,1.2492543049658188e-50,0.20570030449183618,0.09869796286432808,GCST90200470,cancerType_celltype,CRC_Epi_CRC,tissue,Tumor,Adjacent,group1_higher,8.235056232730737e-85,1.8588794952711911e-50
41434,9402,0.27265473720261446,0.102440474390213,0.26757948100566864,0.02015084400773045,1.1170652419842735,1.3080327889045387,0.17021426281240146,0.24742863699793818,,0.04548927782688035,1.4122805906589082,11.68778872807328,11.68778872807328,2.1312690213653216e-31,213994101.0,14.955615395311252,1.4315308783700422e-50,0.14740171017211381,0.09863818297814042,GCST90200635,cancerType_celltype,CRC_Epi_CRC,tissue,Tumor,Adjacent,group1_higher,2.9581666762942297e-31,2.1277825378608152e-50
41434,9402,-0.11553374981418903,-0.2212175737835884,-0.18265191465616226,-0.2887336313724518,0.6787146374976136,0.6418996334505317,0.10568382396939936,0.10608171671628952,,0.06741164892689118,-0.9371456794718861,14.25792784005063,14.25792784005063,8.137670947135662e-46,213948922.5,14.920447699093032,2.426413291080813e-50,0.15725396300623787,0.0984062381492048,GCST90199978,cancerType_celltype,CRC_Epi_CRC,tissue,Tumor,Adjacent,group1_higher,1.2122016940924488e-45,3.602615812356371e-50
41434,9402,-0.3447855549297409,-0.4195650176960669,-0.4052190780639648,-0.5189422369003296,0.604497224361849,0.6734441958270512,0.07477946276632602,0.1137231588363648,,0.05766998146881927,-0.2831943159598743,9.899872069196105,9.899872069196105,5.023971109964757e-23,213920418.0,14.89825932194788,3.3827995150022273e-50,0.12103603124258658,0.09825989704942528,GCST90200910,cancerType_celltype,CRC_Epi_CRC,tissue,Tumor,Adjacent,group1_higher,6.64177751976912e-23,5.017144438463586e-50
41434,9402,-0.869425284815745,-0.7101067062530485,-0.9601937830448151,-0.7562139332294464,1.1060520851015898,1.0200103335918274,-0.1593185785626965,-0.20397984981536865,,-0.06481203878316079,-0.292025849024434,-13.455997141219585,-13.455997141219585,4.93831038808074e-41,175721975.5,-14.836043982702677,8.566131292233369e-50,-0.1460765051699768,-0.09784956234541564,GCST90200892,cancerType_celltype,CRC_Epi_CRC,tissue,Tumor,Adjacent,group2_higher,7.137769945868556e-41,1.2690909729689218e-49
41434,9402,-0.27337600482513585,-0.14136538236014473,-0.30480140447616577,-0.18359100818634028,0.7504697216465226,0.7533434088373749,-0.13201062246499112,-0.1212103962898255,,-0.06527411034227716,-0.9514528146294585,-15.350579652988701,-15.350579652988701,9.469002586320856e-53,175876203.5,-14.715990340984964,5.0895931686413476e-49,-0.1757793229236321,-0.09705776122149423,GCST90199942,cancerType_celltype,CRC_Epi_CRC,tissue,Tumor,Adjacent,group2_higher,1.4649546566578124e-52,7.532155796805817e-49
41434,9402,0.5298832847076007,0.42084233092923756,0.5215112268924713,0.3899957090616226,0.687240910394647,0.7027357618011565,0.10904095377836315,0.1315155178308487,,0.06093904221716614,0.3323940853647971,13.638263372771647,13.638263372771647,4.4476740017552973e-42,213677017.5,14.708792322305063,5.66089945423937e-49,0.15799998713332797,0.0970102874489438,GCST90200389,cancerType_celltype,CRC_Epi_CRC,tissue,Tumor,Adjacent,group1_higher,6.483614614323498e-42,8.368553097752995e-49
41434,9402,-0.08209273059719588,-0.17656234553640762,-0.12150967121124265,-0.2254661619663238,0.6120555682507536,0.6308930947342085,0.09446961493921174,0.10395649075508115,,0.06387920263624963,-1.1048419169114585,13.179977489410549,13.179977489410549,1.987615856543045e-39,213547120.5,14.607678335881031,2.5092543376163047e-48,0.15346371666081066,0.09634340082268911,GCST90200182,cancerType_celltype,CRC_Epi_CRC,tissue,Tumor,Adjacent,group1_higher,2.8487070583261517e-39,3.7054319200119425e-48
41434,9402,0.4545614901436234,0.6045278843544907,0.39554738998413086,0.5676136910915375,0.8904741966151973,0.9200709975531708,-0.14996639421086727,-0.17206630110740662,,-0.06718335914434023,0.4113326331004947,-14.352670166730471,-14.352670166730471,2.2254917113006283e-46,176041447.0,-14.587362050757633,3.380190278372701e-48,-0.16736921545601158,-0.09620940690826507,GCST90200750,cancerType_celltype,CRC_Epi_CRC,tissue,Tumor,Adjacent,group2_higher,3.3260364062530225e-46,4.9861464820584326e-48
41434,9402,-0.10820523543645158,-0.23247120492470288,-0.1442006155848503,-0.30067092180252075,0.8740889550562733,0.9407462837535892,0.1242659694882513,0.15647030621767044,,0.051262610599821734,-1.1032745960209565,11.712316111756996,11.712316111756996,1.5730544915441242e-31,213476065.5,14.55236794145037,5.641619332036921e-48,0.14012947413918883,0.09597860695348093,GCST90200973,cancerType_celltype,CRC_Epi_CRC,tissue,Tumor,Adjacent,group1_higher,2.1855996656214486e-31,8.313002323855484e-48
41434,9402,-0.5503044051869539,-0.2776116411447946,-0.6601042151451111,-0.4720349907875061,1.2347190801391432,1.4790883285496734,-0.2726927640421593,-0.18806922435760498,,-0.08455181302950314,-0.9871592363093795,-16.611588405352094,-16.611588405352094,2.5935018904220115e-61,176113933.5,-14.53093735290529,7.715778781162478e-48,-0.21247300074171688,-0.09583726376843882,GCST90199806,cancerType_celltype,CRC_Epi_CRC,tissue,Tumor,Adjacent,group2_higher,4.158756560759061e-61,1.135702643490762e-47
41434,9402,-0.37311384472123327,-0.19759964553013853,-0.4477568119764328,-0.2891594171524048,1.072149146201312,1.032754940812942,-0.17551419919109473,-0.15859739482402802,,-0.07331674854359276,-0.9170321002735948,-14.77126835724719,-14.77126835724719,5.135337313552382e-49,176208000.0,-14.457714423938832,2.2411836807608475e-47,-0.1648061502845512,-0.09535432966812396,GCST90200968,cancerType_celltype,CRC_Epi_CRC,tissue,Tumor,Adjacent,group2_higher,7.811902632111492e-49,3.29528948961924e-47
41434,9402,0.38245145958639415,0.18240689598398277,0.32268302142620087,0.1290769726037979,1.1712806832264941,1.1306619363392794,0.20004456360241138,0.19360604882240295,,0.06480334152660584,1.068112244490218,15.38435064724694,15.38435064724694,5.520288791253704e-53,213321590.0,14.432121641613994,3.249317418389654e-47,0.17187794689694405,0.09518553517327044,GCST90199960,cancerType_celltype,CRC_Epi_CRC,tissue,Tumor,Adjacent,group1_higher,8.579422602598402e-53,4.772434958259805e-47
41434,9402,-0.4178454685477248,-0.28408077346103533,-0.46031689643859863,-0.33507968485355377,0.8321932394949881,0.7879361565750742,-0.13376469508668948,-0.12523721158504486,,-0.06170123055073334,-0.5566666709642611,-14.704963153612601,-14.704963153612601,1.3369621087574952e-48,176242805.0,-14.430621632746668,3.320764740021513e-47,-0.1622988299577573,-0.09517564202309137,GCST90200621,cancerType_celltype,CRC_Epi_CRC,tissue,Tumor,Adjacent,group2_higher,2.0270070681162025e-48,4.872123079278065e-47
41434,9402,0.03864574419503519,-0.014598275944540546,0.033736554905772154,-0.07265174388885495,0.5119863837684572,0.5911453274565651,0.053244020139575736,0.1063882987946271,,0.038259509202423325,1.404450059065169,8.07335998547739,8.07335998547739,7.447817365134599e-16,213318015.0,14.429338802122198,3.3831065539731477e-47,0.10093238464464264,0.09516718124909307,GCST90199897,cancerType_celltype,CRC_Epi_CRC,tissue,Tumor,Adjacent,group1_higher,9.408132593770584e-16,4.958251863511183e-47
41434,9402,0.14456566824818193,0.30827411024419066,0.12399498000741,0.23877632617950434,0.7739743530785914,0.8858276671178806,-0.16370844199600873,-0.11478134617209435,,-0.07815123344281626,1.0924834544494242,-16.54400879081606,-16.54400879081606,7.519265189369412e-61,176330746.0,-14.362166894915033,8.93884738232091e-47,-0.20570375261281845,-0.0947241560241886,GCST90200611,cancerType_celltype,CRC_Epi_CRC,tissue,Tumor,Adjacent,group2_higher,1.2029059217265854e-60,1.3086626189155103e-46
41434,9402,0.22130548578817022,0.49339176532597373,0.20950908958911896,0.4563678801059723,1.5474272938508857,1.5782075364327481,-0.2720862795378035,-0.24685879051685333,,-0.06139767349258578,1.1566908288375453,-15.146149104104003,-15.146149104104003,2.079612502773848e-51,176337541.5,-14.356877164630696,9.647796407425672e-47,-0.17518175517357365,-0.09468926816635737,GCST90200378,cancerType_celltype,CRC_Epi_CRC,tissue,Tumor,Adjacent,group2_higher,3.195616506517198e-51,1.410938466021587e-46
41434,9402,-0.23742665313012518,-0.09482289147398892,-0.28829367458820343,-0.1420126929879188,0.8941089813954878,0.9085292048497301,-0.14260376165613625,-0.14628098160028463,,-0.05560503293033324,-1.3241654689426987,-13.780450307701786,-13.780450307701786,6.417541025156775e-43,176372208.5,-14.329891794935,1.4234300515576325e-46,-0.15901520135959163,-0.09451128900846784,GCST90200888,cancerType_celltype,CRC_Epi_CRC,tissue,Tumor,Adjacent,group2_higher,9.435931410235905e-43,2.079458907045073e-46
41434,9402,-0.27288638714674823,-0.1382860743315539,-0.3240125030279159,-0.2257320955395698,0.7537374036782344,0.7484083007723448,-0.13460031281519433,-0.0982804074883461,,-0.08251258022836208,-0.9806394004585018,-15.72306194962798,-15.72306194962798,3.1047049819800923e-55,176439221.0,-14.27772814977583,3.012650836551179e-46,-0.17881032346340242,-0.09416724919198327,GCST90199689,cancerType_celltype,CRC_Epi_CRC,tissue,Tumor,Adjacent,group2_higher,4.8696350868111225e-55,4.396405878179076e-46
41434,9402,0.12675951270375027,0.016185772364748354,0.09403508901596065,-0.027720199897885302,0.722967227302187,0.7701658150484477,0.11057374033900191,0.12175528891384596,,0.056520692509196245,2.9692181533850235,12.708532903378247,12.708532903378247,8.639075741096115e-37,213026920.0,14.20274560999225,8.809267763644452e-46,0.1510724315964521,0.09367270976422715,GCST90200419,cancerType_celltype,CRC_Epi_CRC,tissue,Tumor,Adjacent,group1_higher,1.2265687744910422e-36,1.2841745413740522e-45
41434,9402,-0.5242739790815534,-0.3337108978100054,-0.5933457612991333,-0.41551175713539124,1.0502847354134326,1.179863292947221,-0.19056308127154797,-0.17783400416374207,,-0.06342379191229332,-0.6517205714093472,-14.418203231885999,-14.418203231885999,9.124933194788109e-47,176563480.0,-14.181002876374105,1.2011825963829545e-45,-0.17719780697435866,-0.09352930785929814,GCST90200301,cancerType_celltype,CRC_Epi_CRC,tissue,Tumor,Adjacent,group2_higher,1.3682380577003512e-46,1.7491579902456912e-45
41434,9402,-0.01580404308352747,-0.15285486172961243,-0.05741067230701445,-0.20077082514762876,0.8661748393080083,0.8302235484698082,0.13705081864608495,0.14336015284061432,,0.0607063222155704,-3.273715004824098,14.333911693719626,14.333911693719626,2.7934501343152354e-46,212891390.0,14.097246802629115,3.948793197103182e-45,0.1594282468295601,0.09297690351422672,GCST90199815,cancerType_celltype,CRC_Epi_CRC,tissue,Tumor,Adjacent,group1_higher,4.170287549914201e-46,5.744082313395558e-45
41434,9402,0.054638865821427185,0.23936488833820685,0.016302580945193698,0.17592641711235046,1.0104574870978857,1.0475155238863054,-0.18472602251677966,-0.15962383616715675,,-0.05729387180641762,2.1311917247619556,-15.537454200160681,-15.537454200160681,5.605705367043604e-54,176684657.0,-14.086676683060134,4.58645062054303e-45,-0.18156451930264453,-0.09290718940614162,GCST90200913,cancerType_celltype,CRC_Epi_CRC,tissue,Tumor,Adjacent,group2_higher,8.732087331749065e-54,6.664533257782676e-45
41434,9402,0.2873798496096404,0.41889459245615457,0.2800641804933548,0.36716538667678833,0.6386069510771067,0.7386289112028933,-0.13151474284651415,-0.08710120618343353,,-0.07450905102818481,0.5436267773458056,-15.96378224434424,-15.96378224434424,8.085664187947707e-57,176771153.0,-14.019346757274834,1.1870287872355412e-44,-0.1997942160751617,-0.09246312198638196,GCST90200894,cancerType_celltype,CRC_Epi_CRC,tissue,Tumor,Adjacent,group2_higher,1.2755509592792506e-56,1.7230247465410464e-44
41434,9402,-0.6154978727915611,-0.40571772887855395,-0.6801761388778687,-0.4578593373298645,1.3221661816539703,1.3867859144084498,-0.20978014391300714,-0.22231680154800415,,-0.06425758796007101,-0.6012763125064176,-13.355018038248284,-13.355018038248284,1.9944149437416194e-40,176797436.5,-13.99888724348948,1.5833122402342678e-44,-0.1572149339457429,-0.09232818342243376,GCST90199957,cancerType_celltype,CRC_Epi_CRC,tissue,Tumor,Adjacent,group2_higher,2.8674974349365266e-40,2.2958027483396883e-44
41434,9402,0.4193847126794951,0.5991764753271437,0.3434411883354187,0.5273714959621429,1.3133789515676846,1.186018515214438,-0.17979176264764857,-0.18393030762672424,,-0.04915560840361857,0.5147056764671784,-13.001030637895377,-13.001030637895377,1.941347012324845e-38,176858525.5,-13.951334549303642,3.087747472950756e-44,-0.1392899963288722,-0.09201455464647068,GCST90199691,cancerType_celltype,CRC_Epi_CRC,tissue,Tumor,Adjacent,group2_higher,2.7736435825982847e-38,4.4724758827118815e-44
41434,9402,0.3332630573217915,0.2352886676823439,0.3326418846845627,0.1892434731125831,0.7001952215492138,0.8161055670922123,0.0979743896394476,0.14339841157197958,,0.05068257161770171,0.5022277619047812,10.775422338964152,10.775422338964152,5.878254190953054e-27,212653848.5,13.912340546086282,5.330637010905434e-44,0.13550473790876283,0.09175737381353688,GCST90199692,cancerType_celltype,CRC_Epi_CRC,tissue,Tumor,Adjacent,group1_higher,7.972199464944291e-27,7.713012999855739e-44
41434,9402,0.04992343153808459,0.2696648629866343,-0.0225694458931684,0.1701217070221901,1.2900545440412294,1.3156888846868697,-0.21974143144854968,-0.1926911529153585,,-0.06271547944212316,2.433354996599806,-14.672931135263076,-14.672931135263076,2.2232455238737143e-48,176949745.0,-13.880327772514287,8.336232316652196e-44,-0.16970632415439618,-0.09154623694395525,GCST90199887,cancerType_celltype,CRC_Epi_CRC,tissue,Tumor,Adjacent,group2_higher,3.366981832266525e-48,1.2049082341035994e-43
41434,9402,-1.413579944821487,-1.2576868757189132,-1.5106382369995117,-1.3054010272026062,1.1909295659631953,1.0992095884478217,-0.15589306910257372,-0.20523720979690552,,-0.05782110174201744,-0.16858056893710557,-12.220170073079732,-12.220170073079732,3.540904714924287e-34,176969971.0,-13.864583517532166,1.0382754993134989e-43,-0.13273061380692577,-0.09144239737181248,GCST90200615,cancerType_celltype,CRC_Epi_CRC,tissue,Tumor,Adjacent,group2_higher,4.970394568941095e-34,1.499120238945232e-43
41434,9402,0.29396116831993757,0.4331305114253036,0.26905703544616694,0.3871908485889435,0.6946829393212681,0.8143490830169525,-0.13916934310536605,-0.11813381314277654,,-0.06884726515939452,0.5591746376821622,-15.351705995186391,-15.351705995186391,1.0267069186342446e-52,176992488.5,-13.847055520817053,1.3253520145413247e-43,-0.19374349968034296,-0.09132679331931948,GCST90199750,cancerType_celltype,CRC_Epi_CRC,tissue,Tumor,Adjacent,group2_higher,1.5866230499982714e-52,1.911592376528916e-43
41434,9402,-0.25269055087429443,-0.06782588431696053,-0.33888246119022364,-0.1199803985655307,1.1531772117273762,1.2787124282152857,-0.1848646665573339,-0.21890206262469294,,-0.0585075003304978,-1.8974482983133383,-12.87996811819571,-12.87996811819571,9.89004334695286e-38,177060352.0,-13.79422944309634,2.760886047667035e-43,-0.15701062185956458,-0.09097838449878592,GCST90200539,cancerType_celltype,CRC_Epi_CRC,tissue,Tumor,Adjacent,group2_higher,1.40858193123268e-37,3.9778939566280854e-43
41434,9402,-0.6485078932112132,-0.4846971106991141,-0.7054094970226288,-0.5822529494762421,0.7863952068949769,0.938435707064508,-0.16381078251209907,-0.12315654754638672,,-0.07478524014783898,-0.42003989970831973,-15.719614870592105,-15.719614870592105,3.7188771189597665e-55,177078703.5,-13.77994433010789,3.3653341016663242e-43,-0.20058896666112494,-0.09088416854366987,GCST90200605,cancerType_celltype,CRC_Epi_CRC,tissue,Tumor,Adjacent,group2_higher,5.826240819703634e-55,4.84366460461584e-43
41434,9402,-0.4045964387419111,-0.17003286104265453,-0.47878609597682953,-0.2359143197536468,1.5218164598360409,1.5604648294496377,-0.23456357769925656,-0.24287177622318273,,-0.05311959448558688,-1.2506651096051102,-13.218528576732355,-13.218528576732355,1.1968588045575725e-39,177164644.0,-13.7130468147667,8.48203117544152e-43,-0.15340602994865438,-0.09044295304135919,GCST90199731,cancerType_celltype,CRC_Epi_CRC,tissue,Tumor,Adjacent,group2_higher,1.7171774216968117e-39,1.2195156637264548e-42
41434,9402,-0.03576942064757163,-0.08413070679751905,-0.050863420590758254,-0.1587676182389259,0.5636426039055538,0.695975502910028,0.04836128614994742,0.10790419764816765,,0.03159954696405398,-1.2338825288131179,6.28617701171651,6.28617701171651,3.363409894946803e-10,212377824.0,13.69747848194546,1.0511208710406974e-42,0.08191891848852426,0.09034027374526232,GCST90200409,cancerType_celltype,CRC_Epi_CRC,tissue,Tumor,Adjacent,group1_higher,3.9829085028779256e-10,1.509670966521044e-42
41434,9402,-0.2012796512972716,-0.27399969941647806,-0.23832464218139646,-0.3260062336921692,0.5242184924013666,0.5674504309785978,0.07272004811920646,0.08768159151077273,,0.06069621997425859,-0.44497108026366466,11.373566137480994,11.373566137480994,7.780737811656544e-30,212347964.0,13.674234961043348,1.4472211519325562e-42,0.13656905968444086,0.09018697355618976,GCST90200638,cancerType_celltype,CRC_Epi_CRC,tissue,Tumor,Adjacent,group1_higher,1.0679904972092517e-29,2.0763815053516572e-42
41434,9402,-0.2676648726715109,-0.10411437203906633,-0.336662232875824,-0.1957622393965721,0.987505249013475,0.9927927789728445,-0.16355050063244458,-0.14089999347925186,,-0.06964915213909062,-1.3622501174321817,-14.435213257478855,-14.435213257478855,6.768096118444475e-47,177230537.0,-13.661754607037201,1.7179474987960106e-42,-0.16545568453621487,-0.09010466069847367,GCST90200192,cancerType_celltype,CRC_Epi_CRC,tissue,Tumor,Adjacent,group2_higher,1.017079934888624e-46,2.462210768516259e-42
41434,9402,0.48283978179491127,0.6906298852873443,0.393928125500679,0.6003761291503906,1.2517792198908628,1.3583565022100896,-0.207790103492433,-0.2064480036497116,,-0.06128762701748913,0.5163673190919071,-13.581721804593291,-13.581721804593291,9.772552947562368e-42,177241916.0,-13.652897004078556,1.9401071729244974e-42,-0.16333616839082135,-0.09004624131295935,GCST90200012,cancerType_celltype,CRC_Epi_CRC,tissue,Tumor,Adjacent,group2_higher,1.4185292510678923e-41,2.7776954587143802e-42
41434,9402,0.2718381749565721,0.17805305160955506,0.2692693769931793,0.10319273918867106,0.7063708339383415,0.9163044534155743,0.09378512334701702,0.16607663780450826,,0.04715590840430208,0.6104381144848033,9.31612155789454,9.31612155789454,1.4146683800971664e-20,212282939.5,13.623618808166611,2.898435402067704e-42,0.12510703983358085,0.08985314006173706,GCST90200373,cancerType_celltype,CRC_Epi_CRC,tissue,Tumor,Adjacent,group1_higher,1.8398788187714102e-20,4.145401314814565e-42
41434,9402,0.4489002883850971,0.2739365111065788,0.42005473375320435,0.1733140870928764,1.2961196482239836,1.2406870173508533,0.1749637772785183,0.24674064666032794,,0.049474100832473306,0.7125514046747212,12.241948910853097,12.241948910853097,2.7442904526918164e-34,212245891.5,13.594780028448545,4.300539780585759e-42,0.13604759553759357,0.08966293693364724,GCST90200199,cancerType_celltype,CRC_Epi_CRC,tissue,Tumor,Adjacent,group1_higher,3.864119717994779e-34,6.14427224417022e-42
41434,9402,-0.023005647941840998,-0.12842299491499812,-0.04352308623492715,-0.16790960729122162,0.7208367736984389,0.7320057667283476,0.10541734697315712,0.12438652105629447,,0.05144940281127348,-2.4807920787878217,12.642124765308132,12.642124765308132,1.9659575530838963e-36,212219991.0,13.574618648236719,5.663801359966864e-42,0.1458225383427768,0.0895299646782195,GCST90200345,cancerType_celltype,CRC_Epi_CRC,tissue,Tumor,Adjacent,group1_higher,2.7825546675528044e-36,8.083519637313965e-42
41434,9402,-0.4940303492574471,-0.66560677861024,-0.5489319264888763,-0.7004243731498718,1.0667408941111889,0.993367747752344,0.17157642935279288,0.15149244666099548,,0.0686359520658198,-0.43006970121713556,14.910220144432305,14.910220144432305,6.535618219504066e-50,212113526.5,13.491744909754372,1.7491223930844284e-41,0.16285446484851113,0.08898337968225412,GCST90200876,cancerType_celltype,CRC_Epi_CRC,tissue,Tumor,Adjacent,group1_higher,9.986600485632334e-50,2.4937801482992424e-41
41434,9402,0.23929948481152263,0.4076860172484617,0.21756667643785474,0.39079709351062775,0.9142721690083198,1.0857520266613754,-0.16838653243693907,-0.173230417072773,,-0.06474675013522259,0.7686386953696902,-13.956921238541772,-13.956921238541772,6.063014224062007e-44,177505469.5,-13.447742573868418,3.1741695653754103e-41,-0.17756210953946783,-0.08869316691976603,GCST90199899,cancerType_celltype,CRC_Epi_CRC,tissue,Tumor,Adjacent,group2_higher,8.963002589367155e-44,4.5207869567467964e-41
41434,9402,-0.049247668088094707,0.1243783112422151,-0.0956980437040329,0.02376388479024165,0.7971831222685205,0.9852982856968169,-0.17362597933030982,-0.11946192849427455,,-0.08555107852124129,1.3365899202355878,-15.943512139816296,-15.943512139816296,1.1616286689679797e-56,177513586.0,-13.441424555201237,3.457182809391395e-41,-0.20789253504367192,-0.08865149709442743,GCST90200026,cancerType_celltype,CRC_Epi_CRC,tissue,Tumor,Adjacent,group2_higher,1.8261820943521987e-56,4.918726690188383e-41
41434,9402,0.08485574690276183,0.0036207199666742685,0.06754386425018305,-0.0280998107045888,0.582585442250188,0.6745190273366949,0.08123502693608757,0.09564367495477186,,0.05918272131138761,4.550282466278296,10.799429484518798,10.799429484518798,4.533437611791732e-27,212009389.0,13.410682546795776,5.235502774996246e-41,0.1352455018993437,0.08844874142238979,GCST90200492,cancerType_celltype,CRC_Epi_CRC,tissue,Tumor,Adjacent,group1_higher,6.160593683820669e-27,7.441074329843466e-41
41434,9402,-0.08995302223606938,0.09175965021522212,-0.15032026171684265,0.038903439417481395,1.3073073341838866,1.204369132579654,-0.1817126724512915,-0.18922370113432405,,-0.04890248986289127,0.028687822218274504,-12.99527266463026,-12.99527266463026,2.107138549399613e-38,177583942.5,-13.386657884794358,7.236480845388209e-41,-0.14098382778550422,-0.08829028929963556,GCST90199791,cancerType_celltype,CRC_Epi_CRC,tissue,Tumor,Adjacent,group2_higher,3.0073610919703377e-38,1.0274295200275136e-40
41434,9402,0.7854865854330855,1.0075437095006472,0.7235987782478333,0.9367643594741821,1.4508139739779966,1.406646521607333,-0.22205712406756173,-0.21316558122634888,,-0.05533711522765047,0.3591834802071245,-13.738394024448137,-13.738394024448137,1.1158396012350213e-42,177642361.0,-13.341183952248477,1.3332580467294332e-40,-0.15391264490343962,-0.0879903707766837,GCST90200568,cancerType_celltype,CRC_Epi_CRC,tissue,Tumor,Adjacent,group2_higher,1.6388894143139375e-42,1.8909788945808714e-40
41434,9402,0.040618879742486964,0.1491844015405992,0.00594840501435095,0.1161430664360523,0.6603324159233068,0.7039779720459737,-0.10856552179811224,-0.11019466142170134,,-0.06714372818392611,1.8768484947611106,-13.652607390003064,-13.652607390003064,3.7263850080411435e-42,177677356.0,-13.313943261894511,1.9207181905561775e-40,-0.1623728277205997,-0.0878107076783382,GCST90200134,cancerType_celltype,CRC_Epi_CRC,tissue,Tumor,Adjacent,group2_higher,5.4379687001713905e-42,2.7213502013805302e-40
41434,9402,0.08642612519170467,-0.026627465310659255,0.06424407660961146,-0.066386979073286,0.797218281291048,0.7780659066697407,0.11305359050236392,0.13063105568289746,,0.04473902893699251,1.6985148904332559,12.661306647810264,12.661306647810264,1.5249119461586438e-36,211857543.0,13.292483093517072,2.5594279629426747e-40,0.1424366894968836,0.08766916940263347,GCST90200001,cancerType_celltype,CRC_Epi_CRC,tissue,Tumor,Adjacent,group1_higher,2.16280435235612e-36,3.622534074237659e-40
41434,9402,-0.15113932013369202,-0.0013927191728778652,-0.19041076302528376,-0.057683384045958505,0.8483885480475778,0.9129807106782268,-0.14974660096081416,-0.13272737897932524,,-0.06840282086492165,-6.760804878502647,-14.542874365056996,-14.542874365056996,1.4982903029833243e-47,177710388.0,-13.288230603406952,2.7091023248504897e-40,-0.17398247666083425,-0.08764112255290468,GCST90200060,cancerType_celltype,CRC_Epi_CRC,tissue,Tumor,Adjacent,group2_higher,2.2615389623103776e-47,3.830400901214956e-40
41434,9402,-0.3867735548346762,-0.250686137638887,-0.4806468337774277,-0.3801371157169342,0.7010531138941125,0.8201220681465876,-0.1360874171957892,-0.10050971806049347,,-0.09314929808085548,-0.6256049100959891,-14.90170238589072,-14.90170238589072,8.461287001277393e-50,177741291.0,-13.264175193948212,3.735096824830255e-40,-0.18782351976435482,-0.08748246763854062,GCST90200777,cancerType_celltype,CRC_Epi_CRC,tissue,Tumor,Adjacent,group2_higher,1.2914595949318125e-49,5.275582354656619e-40
41434,9402,0.38076350730123953,0.26751729922506723,0.35921490192413325,0.2537255138158798,0.7571420497940847,0.7412124932204982,0.1132462080761723,0.10548938810825342,,0.051796840361450505,0.5092614246188208,13.321281875579576,13.321281875579576,3.035811680983295e-40,211806637.0,13.25285701598717,4.34349875783957e-40,0.15014980693760183,0.08740781979027812,GCST90200640,cancerType_celltype,CRC_Epi_CRC,tissue,Tumor,Adjacent,group1_higher,4.360180528114048e-40,6.128559841547965e-40
41434,9402,-0.01313376746805405,0.11775339485492119,-0.02596728876233095,0.05222190544009205,0.6577179999579016,0.7280231719307003,-0.13088716232297523,-0.078189194202423,,-0.06675268957003327,3.164318340424557,-16.01272542972072,-16.01272542972072,3.6272887060077744e-57,177770259.0,-13.241626020689926,5.044498747911058e-40,-0.19498289823786816,-0.08733374694607388,GCST90199852,cancerType_celltype,CRC_Epi_CRC,tissue,Tumor,Adjacent,group2_higher,5.735492466692107e-57,7.110291409930479e-40
41434,9402,0.45910641375097655,0.6243188297299459,0.4380135089159012,0.600454181432724,1.039983193576344,1.0430227021295337,-0.16521241597896935,-0.16244067251682281,,-0.04748667210663313,0.44345356045170703,-13.87348736186691,-13.87348736186691,1.7818738005982977e-43,177809510.0,-13.211072389111601,7.573805541228989e-40,-0.15877473935128925,-0.08713223369351897,GCST90200296,cancerType_celltype,CRC_Epi_CRC,tissue,Tumor,Adjacent,group2_higher,2.6256151245572755e-43,1.0664356356089992e-39
41434,9402,0.14257080123368293,0.3047547314310607,0.07603733614087099,0.1868232116103172,0.7664519862790509,0.9041572499075415,-0.16218393019737776,-0.11078587546944621,,-0.09315265360099946,1.0959646888376942,-16.127723199435746,-16.127723199435746,6.160692504664299e-58,177832788.0,-13.192952406540961,9.633755058248167e-40,-0.2043336289878091,-0.08701272526079185,GCST90200856,cancerType_celltype,CRC_Epi_CRC,tissue,Tumor,Adjacent,group2_higher,9.752640980089942e-58,1.355088559792802e-39
41434,9402,0.008971652696788485,0.14316887099927794,-0.03095749020576475,0.07233519852161405,0.7606846827651303,0.7955029782532584,-0.13419721830248946,-0.10329268872737879,,-0.06843239521448331,3.9960495401531126,-14.885750946262243,-14.885750946262243,1.005880366731356e-49,177844840.0,-13.183570929182881,1.091024061664867e-39,-0.17490838498797154,-0.08695085071696385,GCST90199751,cancerType_celltype,CRC_Epi_CRC,tissue,Tumor,Adjacent,group2_higher,1.5335737582268887e-49,1.5330575217002205e-39
41434,9402,0.024762856789856083,0.11890831548044166,-0.00036817294312635,0.09312986955046651,0.5768045166754805,0.6163940642239789,-0.09414545869058558,-0.09349804249359286,,-0.06019360852939588,2.2635538153722226,-13.526807429083657,-13.526807429083657,2.0323077073647046e-41,177855735.0,-13.17509007987851,1.2208226873297987e-39,-0.1611174282646893,-0.08689491617041512,GCST90200130,cancerType_celltype,CRC_Epi_CRC,tissue,Tumor,Adjacent,group2_higher,2.946846175678822e-41,1.713677984377462e-39
41434,9402,0.6800960510926237,0.5330532465264999,0.654466986656189,0.46377030014991755,1.1228961362641838,1.0595207293881088,0.14704280456612384,0.19069668650627142,,0.044235544322454745,0.3514582792509092,12.012809064085365,12.012809064085365,4.359552182535271e-33,211655502.5,13.135211406148583,2.069138351793628e-39,0.13229839036306817,0.08663190058648063,GCST90200915,cancerType_celltype,CRC_Epi_CRC,tissue,Tumor,Adjacent,group1_higher,6.0819545801387655e-33,2.9014769274636988e-39
41434,9402,0.03355063437241849,-0.061993799749371616,0.034259950742125456,-0.0842424556612968,0.6974388170696046,0.7232875163453849,0.0955444341217901,0.11850240640342226,,0.04321784862928352,-0.8857641594415389,11.639517620791676,11.639517620791676,3.64156753462601e-31,211654752.0,13.134627204459466,2.0851685327385627e-39,0.1360468139797997,0.08662804754589448,GCST90200165,cancerType_celltype,CRC_Epi_CRC,tissue,Tumor,Adjacent,group1_higher,5.033931591983014e-31,2.9209503701157872e-39
41434,9402,-0.4750099474330156,-0.34126414138530614,-0.5600521862506866,-0.45805804431438446,0.817762618990074,0.8487248210857986,-0.13374580604770947,-0.10199414193630219,,-0.060483944623296385,-0.47706770567056445,-13.887117849131995,-13.887117849131995,1.5000462434571458e-43,177955699.0,-13.097276438771386,3.4128784813903266e-39,-0.16239636446102154,-0.08638170451266369,GCST90200900,cancerType_celltype,CRC_Epi_CRC,tissue,Tumor,Adjacent,group2_higher,2.2127305517663308e-43,4.7759274847382085e-39
41434,9402,-0.0008262074079426006,-0.08576341886298756,-0.022253625094890553,-0.12413021922111506,0.6242803279726735,0.647488589061672,0.08493721145504496,0.1018765941262245,,0.04909756512196384,-6.695986324277639,11.558852813286906,11.558852813286906,9.260309027667712e-31,211567532.0,13.066733705026037,5.100938004145751e-39,0.1351133014983694,0.08618026313561611,GCST90200148,cancerType_celltype,CRC_Epi_CRC,tissue,Tumor,Adjacent,group1_higher,1.277510243391811e-30,7.130849743231445e-39
41434,9402,0.6767515938626696,0.8799744776683225,0.6225824654102325,0.8171128332614899,1.2760190334310544,1.3171059267224539,-0.2032228838056529,-0.19453036785125732,,-0.06062981489929398,0.37883480861341406,-13.584242702110785,-13.584242702110785,9.259419236635899e-42,178024145.0,-13.043996933357256,6.875628113991127e-39,-0.1583082196959071,-0.08603030515763133,GCST90199912,cancerType_celltype,CRC_Epi_CRC,tissue,Tumor,Adjacent,group2_higher,1.3454785095452802e-41,9.601927376403593e-39
41434,9402,0.7060315516749965,0.4510905389293559,0.6270376741886139,0.3566874116659164,1.707510744243809,1.6256302463702963,0.2549410127456406,0.2703502625226975,,0.0589422312435631,0.6463144747242389,13.59916822483407,13.59916822483407,7.316602078664982e-42,211153312.0,12.744297963965328,3.353980518117858e-37,0.15061501079299794,0.08405367223415383,GCST90200834,cancerType_celltype,CRC_Epi_CRC,tissue,Tumor,Adjacent,group1_higher,1.0643040163522273e-41,4.679094622512427e-37
41434,9402,-0.33410390870846335,-0.1876950287341279,-0.46075102686882013,-0.19105353951454157,1.3642781476007988,1.352323417949165,-0.14640887997433544,-0.26969748735427856,,-0.03922526240222918,-0.8319030530716104,-9.461885600439977,-9.461885600439977,3.496056156511653e-21,178550518.5,-12.6342590415432,1.3667622104126549e-36,-0.1074895714412786,-0.08332792213442908,GCST90199778,cancerType_celltype,CRC_Epi_CRC,tissue,Tumor,Adjacent,group2_higher,4.568671659947635e-21,1.9048025488675342e-36
41434,9402,0.26418891578014597,0.2278150993347559,0.26156154274940485,0.15898752212524409,0.5084004167080021,0.6364277310195452,0.03637381644539006,0.10257402062416077,,0.027324361129573996,0.21370569627982025,5.1794608648652325,5.1794608648652325,2.260557141949386e-07,210919267.5,12.562113830416289,3.410981380432572e-36,0.06806555646461207,0.0828520960083865,GCST90199729,cancerType_celltype,CRC_Epi_CRC,tissue,Tumor,Adjacent,group1_higher,2.582681797549885e-07,4.748894404013888e-36
41434,9402,0.5798547410419588,0.7796265184991731,0.5404076874256134,0.7139072418212891,1.161820290194365,1.2751646723692234,-0.1997717774572143,-0.17349955439567566,,-0.06392519411982732,0.4270909891570328,-13.934852672475753,-13.934852672475753,7.960540989901007e-44,178667026.0,-12.543567664734667,4.311415903245637e-36,-0.16878318580051566,-0.08272977672992876,GCST90199649,cancerType_celltype,CRC_Epi_CRC,tissue,Tumor,Adjacent,group2_higher,1.175538176515176e-43,5.996387628697758e-36
41434,9402,0.12310852409568891,0.24133888508882792,0.0727143064141273,0.18600376695394516,0.7894252271711617,0.8248080623347843,-0.11823036099313901,-0.11328946053981787,,-0.0570895514891914,0.9711239855221308,-12.646699404831237,-12.646699404831237,1.8724158411355665e-36,178763354.5,-12.468583957326123,1.1077762668184526e-35,-0.14851431721552089,-0.08223522960122531,GCST90199660,cancerType_celltype,CRC_Epi_CRC,tissue,Tumor,Adjacent,group2_higher,2.6529135046442588e-36,1.539142764193222e-35
41434,9402,-0.571395364285406,-0.43483428607861935,-0.6215280890464783,-0.46828094124794006,1.0106031326396143,1.063786782272199,-0.1365610782067867,-0.1532471477985382,,-0.05505998182897574,-0.3940228394903031,-11.340343792227596,-11.340343792227596,1.1276741703822527e-29,178789652.0,-12.448113545707795,1.4319036013534163e-35,-0.1337984675869319,-0.08210021916177002,GCST90199974,cancerType_celltype,CRC_Epi_CRC,tissue,Tumor,Adjacent,group2_higher,1.546297680312888e-29,1.9874588682736316e-35
41434,9402,-0.2582319952030437,-0.06511081459748119,-0.30374905467033386,-0.20735512673854825,0.9853869874529398,1.074324709587221,-0.1931211806055625,-0.09639392793178561,,-0.07082995319439812,-1.9876820993154547,-15.97227654560139,-15.97227654560139,6.782767743294014e-57,178807307.5,-12.434370210701525,1.70076767865629e-35,-0.1926531126673716,-0.08200957644615803,GCST90201018,cancerType_celltype,CRC_Epi_CRC,tissue,Tumor,Adjacent,group2_higher,1.0712528892363546e-56,2.3582363641999222e-35
41434,9402,-0.1898432124994735,-0.09970307229820063,-0.23060511052608484,-0.13628502190113065,0.6663624251719947,0.6318090110091876,-0.09014014020127287,-0.0943200886249542,,-0.05578651359747538,-0.9290916821515941,-12.361428159003994,-12.361428159003994,6.329479872301917e-35,178911031.0,-12.353630112232329,4.656223802656044e-35,-0.13655349858546187,-0.08147706364772289,GCST90200066,cancerType_celltype,CRC_Epi_CRC,tissue,Tumor,Adjacent,group2_higher,8.921490243999495e-35,6.449627076240028e-35
41434,9402,0.008463386639060034,-0.055267111514913994,-0.0148621541447937,-0.0991440750658512,0.555403367122805,0.6621492471568896,0.06373049815397402,0.08428192092105749,,0.047841268263733555,-2.706969883218585,8.66638745571579,8.66638745571579,5.002632341032835e-18,210643766.0,12.347658878178743,5.014986343610111e-35,0.11052125425842103,0.08143768100370496,GCST90200053,cancerType_celltype,CRC_Epi_CRC,tissue,Tumor,Adjacent,group1_higher,6.402429935049534e-18,6.939519173949828e-35
41434,9402,-0.5211505716761319,-0.3778644678769694,-0.5932570695877075,-0.4415697753429413,1.0256930382890181,1.0253105110622243,-0.14328610379916246,-0.15168729424476624,,-0.05834097461117815,-0.46383034628039943,-12.232678520679807,-12.232678520679807,3.1104401279859998e-34,178922867.5,-12.344416383660398,5.221172286181882e-35,-0.1397065010426361,-0.08141629547331031,GCST90200983,cancerType_celltype,CRC_Epi_CRC,tissue,Tumor,Adjacent,group2_higher,4.375159849788356e-34,7.217502866192602e-35
41434,9402,0.1187148092649194,0.05309145031846871,0.1041917242109775,0.01577837346121665,0.5319483130244158,0.5686352466663299,0.06562335894645069,0.08841335074976085,,0.049402857268198944,1.1609334387653742,10.221187537581896,10.221187537581896,1.9596405590011018e-24,210585797.0,12.302534843913019,8.777601913847783e-35,0.1217679860981875,0.08114007019793301,GCST90200724,cancerType_celltype,CRC_Epi_CRC,tissue,Tumor,Adjacent,group1_higher,2.6109384964990242e-24,1.2121450261980271e-34
41434,9402,0.0781999887542062,0.18278207335320373,0.033036708831787054,0.137104757130146,0.7063605969112756,0.7435690810778646,-0.10458208459899754,-0.10406804829835894,,-0.05737895337505971,1.2248737218028742,-12.424914214024419,-12.424914214024419,2.9816988146286473e-35,179037059.5,-12.255527430584245,1.5692577189737504e-34,-0.1465991564204728,-0.08083003776431563,GCST90199994,cancerType_celltype,CRC_Epi_CRC,tissue,Tumor,Adjacent,group2_higher,4.207096774677895e-35,2.1648767924708723e-34
41434,9402,-0.2328266679665058,-0.04718317733049064,-0.27981907129287714,-0.1386673152446746,1.0411477246802119,1.220627717805913,-0.18564349063601515,-0.14115175604820254,,-0.06366216903590242,-2.3028874557600525,-13.66239453698628,-13.66239453698628,3.386370627988343e-42,179072602.0,-12.227860557119298,2.206754658438688e-34,-0.17243539666248553,-0.08064756382023952,GCST90200138,cancerType_celltype,CRC_Epi_CRC,tissue,Tumor,Adjacent,group2_higher,4.952385371188961e-42,3.041260464562115e-34
41434,9402,-0.4296242108813474,-0.31562439770953993,-0.4903325140476227,-0.4116902500391006,0.6777873599683312,0.7423376120956285,-0.11399981317180746,-0.07864226400852209,,-0.07396224049796718,-0.4448653540968344,-13.654984557063601,-13.654984557063601,3.647511905521824e-42,179098080.5,-12.208027668729999,2.8163515645888397e-34,-0.1651739998171991,-0.08051675809795922,GCST90199849,cancerType_celltype,CRC_Epi_CRC,tissue,Tumor,Adjacent,group2_higher,5.328573126716234e-42,3.877461800539988e-34
41434,9402,0.5084093440176772,0.29849925338513955,0.40019322931766504,0.2120370492339134,1.488016512348073,1.2439751845160598,0.20991009063253768,0.18815618008375165,,0.05670699538940234,0.7682612272955871,14.215961655201074,14.215961655201074,1.376045296737985e-45,210301184.5,12.080987737658756,1.331116502064616e-33,0.14516682584277374,0.07967887963991438,GCST90200855,cancerType_celltype,CRC_Epi_CRC,tissue,Tumor,Adjacent,group1_higher,2.047543383683268e-45,1.830788892345178e-33
41434,9402,0.05190052074387961,0.16118208393555403,0.025453470647335,0.1112211905419826,0.6205561432345801,0.7150213578652049,-0.10928156319167442,-0.0857677198946476,,-0.06450375820375974,1.6348516257680967,-13.695402089909942,-13.695402089909942,2.151013457205809e-42,179313026.5,-12.040710125400283,2.1707991472233176e-33,-0.1709984296101017,-0.07941323289901736,GCST90200014,cancerType_celltype,CRC_Epi_CRC,tissue,Tumor,Adjacent,group2_higher,3.1559002606797824e-42,2.9826605218401028e-33
41434,9402,-0.38377579707452203,-0.2769513536558138,-0.4304288923740387,-0.3564359843730926,0.5572624574315378,0.6627380379329482,-0.10682444341870823,-0.0739929080009461,,-0.08028088100873808,-0.47062969048023573,-14.508698368041504,-14.508698368041504,2.5698638713503004e-47,179401008.0,-11.972223861694685,4.967918858069275e-33,-0.18474689198758065,-0.07896153897454006,GCST90200263,cancerType_celltype,CRC_Epi_CRC,tissue,Tumor,Adjacent,group2_higher,3.8746951954098e-47,6.819006448689247e-33
41434,9402,0.08810174659545632,0.04718120143129857,0.0539486184716224,-0.051626602187752696,0.5047101632355776,0.6527053740703143,0.040920545164157746,0.1055752206593751,,0.03334238895221331,0.9009442621993687,5.704354668241769,5.704354668241769,1.1952723142612928e-08,209929314.5,11.791517941347024,4.316914372735899e-32,0.07646225712945791,0.07776971214793726,GCST90200361,cancerType_celltype,CRC_Epi_CRC,tissue,Tumor,Adjacent,group1_higher,1.391252061774673e-08,5.919471116739467e-32
41434,9402,0.23668506698680603,0.1405574269262674,0.21585955470800394,0.08699211478233335,0.7742692685595634,0.7865815466561783,0.09612764006053862,0.1288674399256706,,0.04515335947232682,0.7518048308718237,10.728979623791307,10.728979623791307,9.480612758672814e-27,209928179.5,11.790634438459419,4.3624429921847236e-32,0.12378634202209984,0.07776388509788368,GCST90200782,cancerType_celltype,CRC_Epi_CRC,tissue,Tumor,Adjacent,group1_higher,1.2845005159116349e-26,5.975889244570631e-32
41434,9402,0.22391472957176037,0.1133038831155393,0.20605067908763885,0.10100889578461644,0.8140159015217033,0.8351868774975305,0.11061084645622107,0.10504178330302241,,0.04916184543505476,0.9827458392850125,11.64760244085002,11.64760244085002,3.307321705831902e-31,209908807.0,11.775554562080444,5.217309288957791e-32,0.13522563630518888,0.0776644273647018,GCST90200052,cancerType_celltype,CRC_Epi_CRC,tissue,Tumor,Adjacent,group1_higher,4.58583874369164e-31,7.139751567117942e-32
41434,9402,-0.11555158044494729,-0.035772558687794345,-0.15796601772308344,-0.08632208406925194,0.5364381539867149,0.5786151998515601,-0.07977902175715294,-0.0716439336538315,,-0.06604059177865534,-1.6915839302583344,-12.229756916716878,-12.229756916716878,3.2896248186662135e-34,179654657.0,-11.774779259105946,5.26549971526902e-32,-0.14652212591902203,-0.0776593139357562,GCST90199985,cancerType_celltype,CRC_Epi_CRC,tissue,Tumor,Adjacent,group2_higher,4.622431575094896e-34,7.198471526491146e-32
41434,9402,-0.4611516582869954,-0.5510255204702816,-0.5170236527919769,-0.6057898104190826,0.6773825758325543,0.6981008597705027,0.08987386218328625,0.08876615762710571,,0.05373189395730253,-0.2568773420344907,11.331288930419277,11.331288930419277,1.2441094942484987e-29,209864452.0,11.741027891966139,7.852655762638873e-32,0.1319226877967922,0.07743671035578314,GCST90200549,cancerType_celltype,CRC_Epi_CRC,tissue,Tumor,Adjacent,group1_higher,1.7042424529253304e-29,1.0724619042561906e-31
41434,9402,-0.5764996316590366,-0.43647513321123255,-0.695751428604126,-0.500651478767395,1.1834544479160898,1.1893628214828926,-0.14002449844780407,-0.19509994983673096,,-0.0513769124745744,-0.40141942006547404,-10.315515185554718,-10.315515185554718,7.3661769843114835e-25,179743840.5,-11.705357338597793,1.1965464337144648e-31,-0.11820908950406586,-0.07720144898558345,GCST90200723,cancerType_celltype,CRC_Epi_CRC,tissue,Tumor,Adjacent,group2_higher,9.87227062892483e-25,1.6325253144672828e-31
41434,9402,0.866475670759168,0.7366440336896085,0.875858724117279,0.7463777661323547,0.9092656281915702,0.9907520023073735,0.12983163706955947,0.12948095798492432,,0.04999881010209458,0.2341913094840554,11.642526284721196,11.642526284721196,3.5544100944175785e-31,209774395.5,11.670926413730337,1.7945909820689595e-31,0.1403772566588833,0.07697436345433561,GCST90200636,cancerType_celltype,CRC_Epi_CRC,tissue,Tumor,Adjacent,group1_higher,4.923435933629227e-31,2.4460275085599917e-31
41434,9402,0.19159479080783265,0.306395547726501,0.18553575873374936,0.26984918117523193,0.6752263726436374,0.7907173622817169,-0.11480075691866837,-0.08431342244148257,,-0.055438630648089945,0.677334175349261,-13.04016314426882,-13.04016314426882,1.2800547901655711e-38,179816269.5,-11.64897739970231,2.3222981397914034e-31,-0.1644647862799,-0.07682960104873349,GCST90199906,cancerType_celltype,CRC_Epi_CRC,tissue,Tumor,Adjacent,group2_higher,1.8307604186733196e-38,3.1621302343013815e-31
41434,9402,-0.07216024827888885,0.0609594178462085,-0.09875946864485735,-0.0096415900625288,0.7985670669635192,0.8785066961069172,-0.13311966612509735,-0.08911787858232856,,-0.06082154630807521,-0.24335150356684526,-13.48313466557933,-13.48313466557933,3.6884647904489927e-41,179880113.0,-11.599280556878668,4.15558838921827e-31,-0.16354919525107467,-0.07650183076671546,GCST90200653,cancerType_celltype,CRC_Epi_CRC,tissue,Tumor,Adjacent,group2_higher,5.341914275916469e-41,5.6527614516013e-31
41434,9402,0.0779579606629893,0.001664912965190551,0.05321194604039185,-0.060120113193988745,0.7046629822548421,0.7300430642983545,0.07629304769779874,0.1133320592343806,,0.04126359553319422,5.548329922046119,9.206630173973647,9.206630173973647,3.8479720651596996e-20,209658110.5,11.580408234624441,5.1799026387386665e-31,0.1075420769913819,0.07637736035700438,GCST90200318,cancerType_celltype,CRC_Epi_CRC,tissue,Tumor,Adjacent,group1_higher,4.990281564997783e-20,7.039090026521239e-31
41434,9402,-0.13508383314709574,-0.03158667139493707,-0.17169579118490216,-0.07187781482934945,0.7182535836427034,0.7798478811180446,-0.10349716175215867,-0.09981797635555271,,-0.05567874430207449,-2.0964322106218716,-11.784251934528065,-11.784251934528065,6.78784810826725e-32,179941143.5,-11.551773400066333,7.23130416995598e-31,-0.14176988120894804,-0.07618850232769347,GCST90200443,cancerType_celltype,CRC_Epi_CRC,tissue,Tumor,Adjacent,group2_higher,9.450293127240307e-32,9.816999585308765e-31
41434,9402,-0.447441509845057,-0.3143624638116212,-0.5138430595397949,-0.3913453072309494,0.9137355144829735,0.9639452622865058,-0.1330790460334358,-0.12249775230884552,,-0.06119808742111392,-0.5092687746420175,-12.20038991111645,-12.20038991111645,4.67439697602748e-34,179993089.5,-11.511337769229726,1.1567052747153169e-30,-0.1441455475612986,-0.07592181339194104,GCST90200197,cancerType_celltype,CRC_Epi_CRC,tissue,Tumor,Adjacent,group2_higher,6.547999052749697e-34,1.5687455616288326e-30
41434,9402,0.4271277008279493,0.39546079084916586,0.4158495813608169,0.32236555218696594,0.5360557397565072,0.6653742960627481,0.031666909978783464,0.09348402917385096,,0.02342262870431963,0.11113253326595865,4.308385942825858,4.308385942825858,1.6572596006112695e-05,209544526.5,11.491992558866052,1.4473513624208308e-30,0.05632500628322862,0.07579422409861114,GCST90200210,cancerType_celltype,CRC_Epi_CRC,tissue,Tumor,Adjacent,group1_higher,1.8439549678638043e-05,1.9609740626039688e-30
41434,9402,-0.5838016017027937,-0.47651666847274937,-0.6416613757610321,-0.5451699495315552,0.7191777531785738,0.7940239321582807,-0.10728493323004434,-0.09649142622947693,,-0.06868980270919887,-0.2929509323618483,-12.029429088625049,-12.029429088625049,3.7182100685371976e-33,180128518.0,-11.405917971155658,3.906363513834649e-30,-0.14624541256693938,-0.07522652823936826,GCST90200765,cancerType_celltype,CRC_Epi_CRC,tissue,Tumor,Adjacent,group2_higher,5.192541314975615e-33,5.2873619358059845e-30
41434,9402,0.9019818190299993,0.7998892944343475,0.9413560628890991,0.7939579486846924,0.9248198786767846,0.89638050724266,0.10209252459565177,0.14739811420440674,,0.03844171500521313,0.17329780644592804,9.911307093052773,9.911307093052773,4.412212118203654e-23,209377039.5,11.3616178909045,6.493114852058797e-30,0.11101517836671801,0.07493435173534224,GCST90200399,cancerType_celltype,CRC_Epi_CRC,tissue,Tumor,Adjacent,group1_higher,5.838684579719981e-23,8.779876531107281e-30
41434,9402,0.18105884561065158,0.10362380437487899,0.17081895470619196,0.0722148157656192,0.6665000502046291,0.7274963094665233,0.07743504123577259,0.09860413894057277,,0.03874088181980768,0.8050972511539238,9.459312822991937,9.459312822991937,3.616353761291453e-21,209347839.0,11.338887735777167,8.42082686287151e-30,0.11417830522980701,0.07478443739605845,GCST90200275,cancerType_celltype,CRC_Epi_CRC,tissue,Tumor,Adjacent,group1_higher,4.721350743908286e-21,1.1375210122986987e-29
41434,9402,-0.07178339393631224,-0.1615346276710925,-0.1183516420423984,-0.2111403793096542,0.7159646493692743,0.744132460520764,0.08975123373478026,0.09278873726725581,,0.05145139565970903,-1.1701102566278248,10.631550719546219,10.631550719546219,2.694396987409073e-26,209309252.5,11.308851362056828,1.186328850509652e-29,0.12443728178994977,0.07458633566311623,GCST90199762,cancerType_celltype,CRC_Epi_CRC,tissue,Tumor,Adjacent,group1_higher,3.643316561347784e-26,1.600956656677877e-29
41434,9402,0.48623393258951225,0.40418091430663533,0.49570451676845545,0.35779954493045807,0.7639268062460932,0.8638070877265122,0.08205301828287692,0.13790497183799738,,0.04000488042071375,0.2666487769442738,8.488136639765395,8.488136639765395,2.326795128000747e-17,209261120.0,11.27138422308091,1.8169156767523604e-29,0.10474515768904108,0.07433922510214708,GCST90200002,cancerType_celltype,CRC_Epi_CRC,tissue,Tumor,Adjacent,group1_higher,2.966718203428455e-17,2.4495114415563473e-29
41434,9402,-0.775854752340859,-0.6647643500747564,-0.9541049003601074,-0.7545515596866608,1.0767136489286142,1.0657910866196794,-0.11109040226610256,-0.19955334067344666,,-0.05238733884298875,-0.22294326475367063,-9.107129580056741,-9.107129580056741,9.58067268754445e-20,180460283.0,-11.14766657423372,7.350911581373135e-29,-0.10336855916377466,-0.07352325840588936,GCST90200411,cancerType_celltype,CRC_Epi_CRC,tissue,Tumor,Adjacent,group2_higher,1.2401193611702837e-19,9.90048664566362e-29
41434,9402,0.15304912700007717,0.045288270153915657,0.1224157884716987,0.0071541329380124495,0.8673844578639522,0.9142594801288637,0.10776085684616152,0.11526165553368625,,0.0405435915689788,1.7567630466501707,10.4146475375596,10.4146475375596,2.6505383177173397e-25,209015643.0,11.080300841282929,1.5634702095171123e-28,0.12298065852120385,0.07307895482374849,GCST90199870,cancerType_celltype,CRC_Epi_CRC,tissue,Tumor,Adjacent,group1_higher,3.569845580087682e-25,2.1036622858557e-28
41434,9402,0.17071484644682233,-0.029168730011178198,0.16580136120319364,-0.08560278266668314,1.6776559828351991,1.6841241406377936,0.19988357645800053,0.25140414386987675,,0.042247050325759296,2.5490530424902165,10.397142449935684,10.397142449935684,3.1586625741748106e-25,208949125.0,11.028522123152767,2.7840351670875714e-28,0.11905953127529335,0.07273745375286,GCST90200386,cancerType_celltype,CRC_Epi_CRC,tissue,Tumor,Adjacent,group1_higher,4.245815669231032e-25,3.7422484543790534e-28
41434,9402,-0.03231810095928433,0.09120211179721202,-0.05673245713114735,0.02978776860982175,0.8153741079760959,0.8373488341048207,-0.12352021275649636,-0.0865202257409691,,-0.05466468394508578,1.496695982852324,-12.975519367544035,-12.975519367544035,2.8270481450183087e-38,180625252.5,-11.019251570166038,3.0861567501668235e-28,-0.1507295451576869,-0.07267631079901671,GCST90199908,cancerType_celltype,CRC_Epi_CRC,tissue,Tumor,Adjacent,group2_higher,4.0306136209832163e-38,4.144267635938306e-28
41434,9402,0.11272312322313853,0.018597873818917927,0.0689098015427589,-0.038693781942129093,0.801537991798904,0.8314747534003954,0.0941252494042206,0.107603583484888,,0.0449462235172741,2.599509116215636,9.975129713853262,9.975129713853262,2.3543875919704832e-23,208932851.0,11.015854170736123,3.204836427270164e-28,0.11661315943549092,0.07265390360962587,GCST90200212,cancerType_celltype,CRC_Epi_CRC,tissue,Tumor,Adjacent,group1_higher,3.1216247936340165e-23,4.2994016243791665e-28
41434,9402,0.011763645522107112,-0.01492491238243522,-0.0165658593177795,-0.0931684412062168,0.5348092122752531,0.6555270670431615,0.02668855790454233,0.0766025818884373,,0.02106061886876269,-0.3433612707068139,3.6795964195972757,3.6795964195972757,0.00023459345633834586,208904764.5,10.993991171746934,4.084571324236116e-28,0.04773467799770882,0.07250970850713467,GCST90199998,cancerType_celltype,CRC_Epi_CRC,tissue,Tumor,Adjacent,group1_higher,0.0002553920774673845,5.474209159226969e-28
41434,9402,0.12010391490395238,0.21256866475455402,0.09366645663976665,0.1779261827468872,0.6847017796443985,0.7134717382819077,-0.09246474985060164,-0.08425972610712056,,-0.04895030640524463,0.8236405385618258,-11.428764822943045,-11.428764822943045,4.120706806381405e-30,180667357.5,-10.986476337494123,4.439223437630696e-28,-0.13398498796619737,-0.07246014521090882,GCST90199951,cancerType_celltype,CRC_Epi_CRC,tissue,Tumor,Adjacent,group2_higher,5.661817920461548e-30,5.943675388497681e-28
41434,9402,-0.23611719805738404,-0.11988893083151915,-0.27162696421146393,-0.18862059712409968,0.7828780865671643,0.8432352177615888,-0.11622826722586489,-0.08300636708736425,,-0.05458002838561135,-0.9777987404344083,-12.223100889265648,-12.223100889265648,3.5658884672177348e-34,180742634.0,-10.927879857213217,8.480706015500477e-28,-0.14631208796468284,-0.07207367830927691,GCST90200883,cancerType_celltype,CRC_Epi_CRC,tissue,Tumor,Adjacent,group2_higher,5.000314795080012e-34,1.1343672521223897e-27
41434,9402,-0.10320082086436977,-0.18227880786793516,-0.13649706542491905,-0.2634480744600296,0.7988223933430939,0.9141355777544602,0.07907798700356539,0.12695100903511056,,0.03722837565485614,-0.8206863295038087,7.743810427970097,7.743810427970097,1.0368719382078108e-14,208815229.5,10.924295637789447,8.822259011340779e-28,0.09627584824734567,0.07205003896833295,GCST90199898,cancerType_celltype,CRC_Epi_CRC,tissue,Tumor,Adjacent,group1_higher,1.2941908899059031e-14,1.178895983574263e-27
41434,9402,0.09853161695359114,-0.0778751542222028,0.00152888667071235,-0.1087112873792648,1.2126771412586772,1.0957380558262186,0.17640677117579395,0.11024017404997716,,0.05582415290052112,0.33941973375461226,13.809074385063244,13.809074385063244,4.109607703841589e-43,208727543.5,10.856039396201284,1.8667164152016003e-27,0.14800269076082428,0.07159986213045544,GCST90200769,cancerType_celltype,CRC_Epi_CRC,tissue,Tumor,Adjacent,group1_higher,6.049023002522771e-43,2.4920024230360246e-27
41434,9402,-0.04288398905314245,-0.08651920744906821,-0.05264224298298355,-0.11711419746279711,0.45103983311369056,0.5282074174398464,0.04363521839592576,0.06447195447981356,,0.035882565854865045,-1.0125643720200224,7.419843109510281,7.419843109510281,1.2471995268227058e-13,208686878.0,10.824384694284175,2.638464291959747e-27,0.09358271074440412,0.0713910868846841,GCST90200271,cancerType_celltype,CRC_Epi_CRC,tissue,Tumor,Adjacent,group1_higher,1.5411903491018568e-13,3.518812945147882e-27
41434,9402,-0.4455426463664927,-0.3267672159327602,-0.5131900310516357,-0.38057413697242737,1.0838134019045642,1.0237128698361464,-0.11877543043373251,-0.13261589407920837,,-0.03760834012175774,-0.44729910567507725,-10.045019698536198,-10.045019698536198,1.1536635396297521e-23,180925227.0,-10.78574642747178,4.019683572245786e-27,-0.11069962230862473,-0.07113625227366616,GCST90200484,cancerType_celltype,CRC_Epi_CRC,tissue,Tumor,Adjacent,group2_higher,1.5325959108336765e-23,5.355648786872929e-27
41434,9402,0.6579282733453912,0.5162750351730955,0.6327490508556366,0.3881654292345047,1.5306021071427742,1.678081450108979,0.1416532381722957,0.2445836216211319,,0.03114819655347542,0.34978987248218757,7.5071030377871235,7.5071030377871235,6.432919420149207e-14,208632781.5,10.782275078460964,4.174334046590683e-27,0.0908657920930108,0.07111335735761903,GCST90200488,cancerType_celltype,CRC_Epi_CRC,tissue,Tumor,Adjacent,group1_higher,7.970971972421244e-14,5.556266899905372e-27
41434,9402,0.13043113534222542,0.06402329069067493,0.11531344801187515,0.015494001097977151,0.7088025764831556,0.7388835992617196,0.06640784465155049,0.099819446913898,,0.03278580271065012,1.02660808897337,7.926355429176302,7.926355429176302,2.4315282670789776e-15,208496389.0,10.676104886744914,1.3168209840529726e-26,0.09294816288610355,0.07041312306297431,GCST90200449,cancerType_celltype,CRC_Epi_CRC,tissue,Tumor,Adjacent,group1_higher,3.0573551919083458e-15,1.7510507329406847e-26
41434,9402,0.7312914198845546,0.9184125612183431,0.7084532678127289,0.8565202355384827,1.3417202303649811,1.3456807708272795,-0.18712114133378854,-0.14806696772575378,,-0.05217742196946153,0.3286955368484742,-12.179230768675676,-12.179230768675676,5.962271626743736e-34,181072328.0,-10.671240561154917,1.3876182174711966e-26,-0.13938742289132117,-0.07038104091690889,GCST90200352,cancerType_celltype,CRC_Epi_CRC,tissue,Tumor,Adjacent,group2_higher,8.343507420176295e-34,1.843395351279962e-26
41434,9402,0.7059588009085777,0.5877564934296183,0.7253705561161041,0.5125754177570343,1.2092925545326834,1.2797889282815251,0.11820230747895932,0.21279513835906982,,0.0357049601237399,0.2643650080400887,8.166506027160795,8.166506027160795,3.455182133062479e-16,208389197.5,10.592665239364514,3.2228402858477514e-26,0.09667823228222522,0.06986280567459602,GCST90200448,cancerType_celltype,CRC_Epi_CRC,tissue,Tumor,Adjacent,group1_higher,4.372714250105997e-16,4.2772456763490605e-26
41434,9402,-0.6060935196236095,-0.8245776749665151,-0.691219836473465,-0.8455299139022827,1.5883744707348584,1.5282726304145715,0.21848415534290566,0.15431007742881775,,0.05647017971623328,-0.4441143535237856,12.422949978971449,12.422949978971449,2.975533401851309e-35,208376909.5,10.583100055679145,3.5695018635329066e-26,0.13850621724177287,0.06979971951507413,GCST90200658,cancerType_celltype,CRC_Epi_CRC,tissue,Tumor,Adjacent,group1_higher,4.202748214221072e-35,4.732715019450731e-26
41434,9402,-0.049998359034293734,0.0969119909923619,-0.12635228037834165,0.0214569261297583,1.1274298291400755,1.1968179716543295,-0.14691035002665565,-0.14780920650809995,,-0.056085295816484956,0.9547804685764592,-10.859172694234442,-10.859172694234442,2.342667950457435e-27,181186314.0,-10.582511961906823,3.59198277123775e-26,-0.12880315880185508,-0.06979584080466394,GCST90200879,cancerType_celltype,CRC_Epi_CRC,tissue,Tumor,Adjacent,group2_higher,3.1898665499235602e-27,4.757893602718225e-26
41434,9402,-0.1338177008744125,-0.1607773865121628,-0.17395499348640436,-0.23678158968687052,0.44361466595689036,0.5610497442546414,0.026959685637750308,0.06282659620046616,,0.02508984653896006,-0.26479373403033757,4.360300023656022,4.360300023656022,1.3094874534195343e-05,208263635.5,10.494925689079485,9.114978356312427e-26,0.057660269889352724,0.06921817478577008,GCST90199726,cancerType_celltype,CRC_Epi_CRC,tissue,Tumor,Adjacent,group1_higher,1.4593878978011655e-05,1.2061859708401785e-25
41434,9402,0.07822358644336462,-0.025884334370075687,0.0497746784240007,-0.042772058397531454,0.8350162758631927,0.9037384849046973,0.10410792081344031,0.09254673682153215,,0.04462003053618056,1.595487172142207,10.223519557665952,10.223519557665952,1.9164522562878042e-24,208185010.5,10.433722680675984,1.7393796614317151e-25,0.1227477556262785,0.06881451680298944,GCST90199992,cancerType_celltype,CRC_Epi_CRC,tissue,Tumor,Adjacent,group1_higher,2.5558947410178837e-24,2.299490279855895e-25
41434,9402,-0.18699638580106723,-0.2162209437507028,-0.2117282226681709,-0.26135489344596863,0.40655962599463663,0.47009590034798543,0.029224557949635577,0.04962667077779773,,0.027808051312232247,-0.20949484395674928,5.573528450237875,5.573528450237875,2.5468536378025542e-08,208085881.5,10.356559017464148,3.9076934933204343e-25,0.06974228681309731,0.06830559200584996,GCST90199838,cancerType_celltype,CRC_Epi_CRC,tissue,Tumor,Adjacent,group1_higher,2.9468264077460797e-08,5.161033169957124e-25
41434,9402,0.03403357863578631,-0.06803749021736821,-0.02474964503198855,-0.1110260151326656,0.8192647806309977,0.8700177458289263,0.10207106885315452,0.08627637010067706,,0.056212651239252835,-0.999349879178954,10.379458300367267,10.379458300367267,3.8268938236518125e-25,208039081.5,10.320129118662447,5.714648746793564e-25,0.12314261194317776,0.06806532245298325,GCST90199828,cancerType_celltype,CRC_Epi_CRC,tissue,Tumor,Adjacent,group1_higher,5.1389717060467195e-25,7.540238375488507e-25
41434,9402,0.14207386317963924,0.25999316777952236,0.11273845285177225,0.18736616522073746,0.8629076271588805,0.9015507873155846,-0.11791930459988312,-0.0746277123689652,,-0.04781554925817649,0.871827934856272,-11.539660593475569,-11.539660593475569,1.1570128102640587e-30,181531729.0,-10.313635177834385,6.1144094719482865e-25,-0.13551085562294937,-0.06802249235159896,GCST90199792,cancerType_celltype,CRC_Epi_CRC,tissue,Tumor,Adjacent,group2_higher,1.5929378387776887e-30,8.059903394840923e-25
41434,9402,0.5279887445911785,0.44520789179773673,0.5359289050102234,0.4299940913915634,0.749726622975119,0.7900559575017635,0.08278085279344177,0.10593481361865997,,0.044422894788175134,0.24602750091785433,9.257795824772618,9.257795824772618,2.397040624504657e-20,207983217.5,10.276643651426157,8.980085497156366e-25,0.1093037580064296,0.06777851864312545,GCST90200384,cancerType_celltype,CRC_Epi_CRC,tissue,Tumor,Adjacent,group1_higher,3.111587020190331e-20,1.182594834069964e-24
41434,9402,0.514144494555493,0.6204177741448293,0.5074985921382904,0.6231193542480469,0.8891086824360317,0.9422415522773261,-0.1062732795893363,-0.11562076210975647,,-0.04145224671310847,0.2710656679151548,-9.974968915023007,-9.974968915023007,2.3641921332549846e-23,181614428.5,-10.249260510826877,1.1925285697958372e-24,-0.11819022458951194,-0.06759791602922072,GCST90200872,cancerType_celltype,CRC_Epi_CRC,tissue,Tumor,Adjacent,group2_higher,3.131578112367875e-23,1.568934788254562e-24
41434,9402,0.30688167023166574,0.24373557316983682,0.3271990865468979,0.20969869941473004,0.8506240094679912,0.806564086703863,0.06314609706182892,0.11750038713216784,,0.02310269388085801,0.3323644319896714,6.783426024182451,6.783426024182451,1.2189306176021191e-11,207905737.5,10.216331930076672,1.675625576529405e-24,0.07493756643273104,0.06738073905004627,GCST90200718,cancerType_celltype,CRC_Epi_CRC,tissue,Tumor,Adjacent,group1_higher,1.4768021615926118e-11,2.2023892582541745e-24
41434,9402,-0.04266469563880583,-0.11819974328501516,-0.08826869353651995,-0.19144649058580396,0.82452963657994,0.8438864814436737,0.07553504764620933,0.10317779704928401,,0.03492581611150019,-1.4700906320780487,7.868578757522618,7.868578757522618,3.853260867906083e-15,207698759.5,10.05521681054294,8.712977783478159e-24,0.09121009539732847,0.06631812128266934,GCST90200516,cancerType_celltype,CRC_Epi_CRC,tissue,Tumor,Adjacent,group1_higher,4.827200885069845e-15,1.1441029594297429e-23
41434,9402,0.03257040879955109,-0.03749065805814506,0.0074315362144261,-0.083057876676321,0.6665595145093952,0.6408050001326335,0.07006106685769614,0.0904894128907471,,0.04075778937758185,-0.2029635083651838,9.499163651678739,9.499163651678739,2.4435466265056684e-21,207668256.5,10.031472767740624,1.1085108848500216e-23,0.10585287356948532,0.06616151995422714,GCST90200825,cancerType_celltype,CRC_Epi_CRC,tissue,Tumor,Adjacent,group1_higher,3.1963090709474335e-21,1.4541870414346288e-23
41434,9402,-0.13719034572577754,-0.18883080476475425,-0.1652222126722335,-0.23809058219194412,0.5759142906119297,0.6312732115665867,0.05164045903897671,0.07286836951971062,,0.034279421486792666,-0.46091230033504205,7.274734554208812,7.274734554208812,3.667155866793112e-13,207641469.0,10.010620931968175,1.3689117378973253e-23,0.0880416150385976,0.06602399387201752,GCST90200241,cancerType_celltype,CRC_Epi_CRC,tissue,Tumor,Adjacent,group1_higher,4.5111312693492885e-13,1.79406413341736e-23
41434,9402,0.12810989123193361,0.23789127469580434,0.11309861019253725,0.2005081921815872,0.77438495301093,0.8449340199412966,-0.10978138346387073,-0.08740958198904994,,-0.049130867713888596,0.8929152921910718,-11.546022252933497,-11.546022252933497,1.0850665047375076e-30,181929423.5,-10.004063160975548,1.4627010279223151e-23,-0.13933270872668396,-0.06598074278551902,GCST90199694,cancerType_celltype,CRC_Epi_CRC,tissue,Tumor,Adjacent,group2_higher,1.495394990856646e-30,1.9151407310836846e-23
41434,9402,-0.014677802496225315,0.08275721986999272,-0.049012146890163394,0.04158503189682955,0.7953337800153613,0.8125156180765649,-0.09743502236621804,-0.09059717878699294,,-0.04417731417533053,2.4951683359234877,-10.538367512445097,-10.538367512445097,7.209982234265804e-26,181969734.0,-9.972684796966018,2.0072889391752028e-23,-0.12201658461335478,-0.06577379009725337,GCST90200365,cancerType_celltype,CRC_Epi_CRC,tissue,Tumor,Adjacent,group2_higher,9.739549836773332e-26,2.6256572208213066e-23
41434,9402,0.07168227094205785,0.19563755130441102,0.02498309314250945,0.08446756750345225,0.7129662505144188,0.8240995276206421,-0.12395528036235316,-0.0594844743609428,,-0.06593589895698963,1.4484823118519585,-13.484415006067731,-13.484415006067731,3.691917276532145e-41,181988834.0,-9.957817039121734,2.331260899000378e-23,-0.16869561665302962,-0.0656757313694809,GCST90199841,cancerType_celltype,CRC_Epi_CRC,tissue,Tumor,Adjacent,group2_higher,5.341914275916469e-41,3.0465087299496793e-23
41434,9402,0.10411266282577238,0.2121985886766538,0.06699438393115995,0.16092699766159055,0.7227305145215498,0.8317731325410865,-0.10808592585088143,-0.0939326137304306,,-0.06002629032829871,1.0272624539749822,-11.642244762227737,-11.642244762227737,3.606459917497389e-31,182010175.5,-9.941204460376508,2.7547697017129275e-23,-0.14525693839291312,-0.06556616485959832,GCST90200442,cancerType_celltype,CRC_Epi_CRC,tissue,Tumor,Adjacent,group2_higher,4.990461794465931e-31,3.596504888347433e-23
41434,9402,0.32662624683505226,0.2551236816888365,0.3176259249448776,0.21271061897277826,0.7751829486755881,0.7966190051847082,0.07150256514621578,0.10491530597209936,,0.03270979656804613,0.35644266647621875,7.896172867109509,7.896172867109509,3.093201116487917e-15,207503696.0,9.903376136079137,4.024562160997256e-23,0.09176505232172354,0.06531667213895975,GCST90200268,cancerType_celltype,CRC_Epi_CRC,tissue,Tumor,Adjacent,group1_higher,3.885744812694038e-15,5.249261459750488e-23
41434,9402,0.32539804281920814,0.2660499248430298,0.31690301001071924,0.2243685200810432,0.6592110285276718,0.7799986979141358,0.05934811797617834,0.09253448992967606,,0.037961469133703435,0.2905075886339687,6.843929437631472,6.843929437631472,8.061156121975005e-12,207415497.0,9.83472056675411,7.978910612901818e-23,0.0868728920685457,0.0648638615771373,GCST90200628,cancerType_celltype,CRC_Epi_CRC,tissue,Tumor,Adjacent,group1_higher,9.783932140918907e-12,1.0396993465951412e-22
41434,9402,0.25109948901566564,0.172568381638953,0.2413566410541534,0.161649540066719,0.7387919001039118,0.83656286566775,0.07853110737671265,0.07970710098743439,,0.0357823897074021,0.5410883231854682,8.390150521433943,8.390150521433943,5.355939155066494e-17,207414463.5,9.83391607315557,8.042932276409526e-23,0.1036270402355119,0.0648585556245116,GCST90200575,cancerType_celltype,CRC_Epi_CRC,tissue,Tumor,Adjacent,group1_higher,6.816195208548675e-17,1.0470407538439527e-22
41434,9402,0.14524091689697247,0.2549519429420587,0.13236179947853083,0.2120894193649292,0.706355228013721,0.8307945322603625,-0.10971102604508623,-0.07972761988639837,,-0.05776776193836731,0.8117731151984847,-11.868196886652724,-11.868196886652724,2.568788840099125e-32,182256870.5,-9.749172967109715,1.8597786573231812e-22,-0.15009029863323733,-0.06429964141206745,GCST90200544,cancerType_celltype,CRC_Epi_CRC,tissue,Tumor,Adjacent,group2_higher,3.580019620710744e-32,2.418777013293412e-22
41434,9402,-0.05268328691377826,-0.16988685886889632,-0.1287627816200256,-0.29873561859130854,1.3493772043971421,1.5775329794049238,0.11720357195511806,0.16997283697128293,,0.03047045669376028,-1.6891381057991457,6.6714250510031485,6.6714250510031485,2.638360137493845e-11,207203353.0,9.66958414685265,4.0602609428880045e-22,0.08405379112647288,0.06377472174757859,GCST90200350,cancerType_celltype,CRC_Epi_CRC,tissue,Tumor,Adjacent,group1_higher,3.1795622169797615e-11,5.2756298047248335e-22
41434,9402,0.009816791675883936,0.12359416095490987,-0.0074792881496250005,0.09815721213817595,0.9126667792165448,1.071855927144384,-0.11377736927902593,-0.10563650028780094,,-0.040213651337274774,3.654079894749117,-9.537979398868066,-9.537979398868066,1.719534749938872e-21,182385519.5,-9.649030444653727,4.962284813047317e-22,-0.12051008079139607,-0.06363916197388908,GCST90199882,cancerType_celltype,CRC_Epi_CRC,tissue,Tumor,Adjacent,group2_higher,2.251417736951664e-21,6.441518285889041e-22
41434,9402,0.15858047899847502,0.08374062408721075,0.15941706299781794,0.11139709502458564,0.4728257590144011,0.6547504887942378,0.07483985491126427,0.0480199679732323,,0.05488860541275915,0.9212074829380873,10.480481363735485,10.480481363735485,1.3779111082182896e-25,207168911.0,9.64277392090119,5.274329007222468e-22,0.146351270975935,0.06359789773177016,GCST90199699,cancerType_celltype,CRC_Epi_CRC,tissue,Tumor,Adjacent,group1_higher,1.8594978618827015e-25,6.840067018881279e-22
41434,9402,0.36150705136959876,0.45529252374384516,0.319470465183258,0.41482350230216974,0.9345251979831388,0.9176458436284362,-0.09378547237424639,-0.09535303711891174,,-0.036530401421139135,0.33276915940986496,-8.9161505053384,-8.9161505053384,5.410084140559186e-19,182405766.0,-9.633270232130466,5.785843274768727e-22,-0.10069013051844382,-0.06353521715546784,GCST90199648,cancerType_celltype,CRC_Epi_CRC,tissue,Tumor,Adjacent,group2_higher,6.96970196935933e-19,7.496296942499785e-22
41434,9402,-0.12817316643346507,-0.22649094525686647,-0.1568442285060882,-0.2650168091058731,0.9248618538585662,0.9217486781021189,0.0983177788234014,0.1081725805997849,,0.03397389351404712,-0.8213542291979646,9.33148648705986,9.33148648705986,1.1981077267392684e-20,207066905.5,9.563371142221339,1.1398255198961184e-21,0.10637149348373524,0.06307420508486983,GCST90199817,cancerType_celltype,CRC_Epi_CRC,tissue,Tumor,Adjacent,group1_higher,1.5597142612661154e-20,1.4753866890963052e-21
41434,9402,-0.40107623555552385,-0.29775353423014606,-0.4765880703926086,-0.3777957409620285,0.9150777437299086,0.9403520298522827,-0.1033227013253778,-0.09879232943058008,,-0.047906990210796814,-0.42975660588794656,-9.666038082953392,-9.666038082953392,4.940550012655416e-22,182575303.5,-9.501299420846413,2.0728808061482127e-21,-0.11233119183131011,-0.06266481759736664,GCST90199796,cancerType_celltype,CRC_Epi_CRC,tissue,Tumor,Adjacent,group2_higher,6.481202759623995e-22,2.680584951404188e-21
41434,9402,0.13412096508972338,0.2641288811979052,0.07049407437443725,0.17657413333654398,1.1601081939233435,1.1498281689980936,-0.1300079161081818,-0.10608005896210673,,-0.04349780698406365,0.9777019977709145,-9.881425289570378,-9.881425289570378,5.952053005249581e-23,182631270.5,-9.457733776696095,3.146904647727051e-21,-0.11224862055758474,-0.06237748498913398,GCST90200889,cancerType_celltype,CRC_Epi_CRC,tissue,Tumor,Adjacent,group2_higher,7.853483297342864e-23,4.06562183398291e-21
41434,9402,0.01628886712276788,-0.020723755879481092,0.0084341932088136,-0.05503594316542145,0.4589064344633879,0.48396160745375233,0.03701262300224897,0.06347013637423506,,0.02929307585087122,-0.3473802722859026,6.758195890803217,6.758195890803217,1.4545372265111876e-11,206915573.0,9.445571405887822,3.534717207667668e-21,0.07983016397637503,0.06229726935604063,GCST90200146,cancerType_celltype,CRC_Epi_CRC,tissue,Tumor,Adjacent,group1_higher,1.7575658153676852e-11,4.562329123154386e-21
41434,9402,-0.12240720333464437,-0.15891722233457417,-0.18021332472562784,-0.22524254024028775,0.541108466460184,0.7362191592167772,0.0365100189999298,0.04502921551465991,,0.029830891235108858,-0.37658431535250814,4.538439133674423,4.538439133674423,5.7231938437295574e-06,206808131.5,9.361937154347157,7.828824290222112e-21,0.06271681098008028,0.061745668476461235,GCST90199968,cancerType_celltype,CRC_Epi_CRC,tissue,Tumor,Adjacent,group1_higher,6.4203400897147215e-06,1.0095257812273168e-20
41434,9402,0.19702931523667916,0.14681590476828404,0.2189022228121757,0.107439212501049,0.661657861069106,0.7414341739277173,0.050213410468395114,0.1114630103111267,,0.02886631164270597,0.42439952863058594,6.0434564458928275,6.0434564458928275,1.5497123916008155e-09,206784807.0,9.343780975402707,9.295437829463436e-21,0.07415732187117034,0.06162592131437061,GCST90200752,cancerType_celltype,CRC_Epi_CRC,tissue,Tumor,Adjacent,group1_higher,1.8162149524951949e-09,1.1975124538335221e-20
41434,9402,0.13445514955227836,0.10575148208011513,0.1316122189164161,0.0662463046610355,0.4979195005227443,0.5431437735735346,0.028703667472163227,0.06536591425538062,,0.021649863901578845,0.3464442157849784,4.696036060853866,4.696036060853866,2.6792639265038035e-06,206772007.5,9.333817631605433,1.021250647008695e-20,0.0566608359550048,0.06156020913185101,GCST90200175,cancerType_celltype,CRC_Epi_CRC,tissue,Tumor,Adjacent,group1_higher,3.018046885805524e-06,1.3144141944030702e-20
41434,9402,-0.2068165506414545,-0.2783908448472899,-0.24760892987251282,-0.3174760192632675,0.705931339140653,0.7360019021904992,0.07157429420583539,0.0698670893907547,,0.03794785072429068,-0.4287583311224683,8.576689268459175,8.576689268459175,1.0810460453982584e-17,206735484.5,9.305387520623926,1.3350508569210974e-20,0.10058386533872403,0.06137270133528361,GCST90200941,cancerType_celltype,CRC_Epi_CRC,tissue,Tumor,Adjacent,group1_higher,1.3809426053212994e-17,1.716673884890053e-20
41434,9402,-0.1003548649567633,-0.11951641256322945,-0.1351283714175224,-0.2100576981902122,0.5655834753507533,0.6822430939897847,0.019161547606466156,0.07492932677268979,,0.013782946483291439,-0.2520958880580812,2.5329842898010884,2.5329842898010884,0.011321733117867532,206697911.5,9.276140072169301,1.7573016591487124e-20,0.0325377380843283,0.061179802875671374,GCST90199670,cancerType_celltype,CRC_Epi_CRC,tissue,Tumor,Adjacent,group1_higher,0.011962420340816625,2.2574949683503252e-20
41434,9402,0.21866216908655847,0.0998608418537318,0.1572371125221252,0.022380292415618848,1.2237834627260737,1.095112810482769,0.11880132723282667,0.13485682010650635,,0.0367838398448611,1.1307048168646558,9.285312177200174,9.285312177200174,1.8262092292561053e-20,206686338.0,9.26713106717397,1.912206808040783e-20,0.09891644149271377,0.061120384934002514,GCST90200330,cancerType_celltype,CRC_Epi_CRC,tissue,Tumor,Adjacent,group1_higher,2.3728533646101732e-20,2.454178794123905e-20
41434,9402,0.35135809419699665,0.45083063935067375,0.3192739337682724,0.39831607043743134,0.8461095944277378,0.8670377807609206,-0.0994725451536771,-0.07904213666915894,,-0.04341720996827299,0.35964252716121453,-10.087695111155266,-10.087695111155266,7.579662239292866e-24,182938244.5,-9.218780106722724,3.0050043146783345e-20,-0.11702393683436806,-0.06080149127713197,GCST90199821,cancerType_celltype,CRC_Epi_CRC,tissue,Tumor,Adjacent,group2_higher,1.0079102080152367e-23,3.8530770281341204e-20
41434,9402,0.13113627657989882,0.036436181404196244,0.05116316303610795,-0.10298943519592285,1.1763730272274728,1.257360132992394,0.09470009517570258,0.1541525982320308,,0.032335467892264005,1.8475945698351113,6.670511985630738,6.670511985630738,2.6492772175404997e-11,206607773.0,9.205974763768934,3.385852387257397e-20,0.07946203716877973,0.060717034989109964,GCST90200392,cancerType_celltype,CRC_Epi_CRC,tissue,Tumor,Adjacent,group1_higher,3.189898275183482e-11,4.337327823150218e-20
41434,9402,0.3280483646363524,0.2457775236737218,0.3156760185956955,0.1845159530639648,0.9619312357606716,0.9822576557875834,0.0822708409626306,0.1311600655317307,,0.033190614785795845,0.41655406955054086,7.359945378913391,7.359945378913391,1.9438852405238002e-13,206533646.0,9.148273073416929,5.785111609730884e-20,0.08519096995023535,0.06033646958002126,GCST90200427,cancerType_celltype,CRC_Epi_CRC,tissue,Tumor,Adjacent,group1_higher,2.39992353517567e-13,7.403856454519432e-20
41434,9402,-0.0263424266312306,-0.08772239556942561,-0.0625871643424034,-0.13036180287599558,0.6381516391264456,0.6190051549961821,0.061379968938195015,0.06777463853359218,,0.04167514223897141,-1.73551863956913,8.630321019910664,8.630321019910664,6.756550663643871e-18,206429454.5,9.067168675959715,1.2215017052087295e-19,0.09671401835511687,0.05980155408605747,GCST90200153,cancerType_celltype,CRC_Epi_CRC,tissue,Tumor,Adjacent,group1_higher,8.639004272557783e-18,1.5618262891177284e-19
41434,9402,0.3704205506947227,0.4646976545413266,0.34670995175838465,0.4082894623279571,0.7909778884693635,0.804773764674173,-0.09427710384660393,-0.06157951056957245,,-0.03841473588264602,0.3271274324096993,-10.287378484537504,-10.287378484537504,9.864357529869938e-25,183208899.0,-9.008098139944405,2.0966144453723254e-19,-0.11880464184474987,-0.059411960599859426,GCST90200217,cancerType_celltype,CRC_Epi_CRC,tissue,Tumor,Adjacent,group2_higher,1.3194425233771075e-24,2.678243194978894e-19
41434,9402,-0.5329615252131796,-0.6655374604510379,-0.5799566507339478,-0.7069206237792969,1.2506081236303164,1.0817090585858833,0.13257593523785827,0.12696397304534912,,0.04697662829169946,-0.32048794495930266,10.409759604805254,10.409759604805254,2.7068072497896733e-25,206278034.5,8.949300828170106,3.5774225594416463e-19,0.10856782702432277,0.05902416913530795,GCST90200280,cancerType_celltype,CRC_Epi_CRC,tissue,Tumor,Adjacent,group1_higher,3.6420318671898565e-25,4.565568303856708e-19
41434,9402,-0.8093263581805942,-0.9310403115891753,-0.8769883215427399,-1.0014885663986206,1.2374419347912353,1.1896033161527635,0.12171395340858115,0.12450024485588074,,0.041721173977182606,-0.20212181899651854,8.889366686685074,8.889366686685074,6.866137675862663e-19,206239997.5,8.91969219439403,4.675875969723796e-19,0.09905628715705507,0.05882888851602619,GCST90200712,cancerType_celltype,CRC_Epi_CRC,tissue,Tumor,Adjacent,group1_higher,8.820495430914995e-19,5.961851213034175e-19
41434,9402,0.05389866946382671,0.01607394408541096,0.029719584621489,-0.061572669073939296,0.6375128803552519,0.8362598166455643,0.03782472537841575,0.09129225369542829,,0.020988338281062714,1.7454627064365054,4.1223575283033504,4.1223575283033504,3.7753793380420323e-05,206199022.0,8.887796183318192,6.233310649694198e-19,0.05573368370779316,0.05861852174116522,GCST90200152,cancerType_celltype,CRC_Epi_CRC,tissue,Tumor,Adjacent,group1_higher,4.170050273704449e-05,7.940189173395507e-19
41434,9402,0.18195176421413778,0.24918601680468105,0.14830478280782694,0.2173654437065124,0.5793014657934342,0.6741875861032185,-0.06723425259054328,-0.06906066089868546,,-0.04889488952168692,0.45366493404209096,-8.94920791683477,-8.94920791683477,4.0714512861857662e-19,183390308.0,-8.866886355505985,7.52198735831624e-19,-0.11243466629541435,-0.058480613178577556,GCST90200258,cancerType_celltype,CRC_Epi_CRC,tissue,Tumor,Adjacent,group2_higher,5.260083510020094e-19,9.572799971414599e-19
41434,9402,-0.38612636076654794,-0.27761952815202584,-0.43595331907272333,-0.3258381634950638,1.0983188934732127,1.0700116867451983,-0.1085068326145221,-0.11011515557765955,,-0.03777704924055552,-0.4759625370994205,-8.833422734664179,-8.833422734664179,1.1322912154589223e-18,183420604.0,-8.84330344494837,9.292973003223937e-19,-0.0992616847029199,-0.05832507458085001,GCST90199706,cancerType_celltype,CRC_Epi_CRC,tissue,Tumor,Adjacent,group2_higher,1.453213678597468e-18,1.1815599070330435e-18
41434,9402,0.1427221609560936,0.09753932155842103,0.1507456824183464,0.103072740137577,0.41449238394313787,0.5619829978305201,0.04518283939767258,0.047672942280769404,,0.03528490959107262,0.5491488391751957,7.355053598940718,7.355053598940718,2.034541268410753e-13,206103456.5,8.81340640780678,1.2139988654199407e-18,0.10142863033356402,0.058127891827608025,GCST90199979,cancerType_celltype,CRC_Epi_CRC,tissue,Tumor,Adjacent,group1_higher,2.5095744333428566e-13,1.5421066668847894e-18
41434,9402,-0.13680609805451513,-0.05062093889132853,-0.1807830780744552,-0.125136062502861,0.6166513492882375,0.7118379507036436,-0.0861851591631866,-0.05564701557159421,,-0.05520298284016973,-1.4343084136160915,-10.852139221192076,-10.852139221192076,2.5621599895317002e-27,183478226.0,-8.798449521257096,1.3871985711671659e-18,-0.13565406955704748,-0.05802924526086528,GCST90200919,cancerType_celltype,CRC_Epi_CRC,tissue,Tumor,Adjacent,group2_higher,3.4852535586144785e-27,1.7604763989765804e-18
41434,9402,0.49562691666972725,0.4274411156186343,0.4670155197381973,0.36312611401081085,0.7796960003671863,0.9573051604691997,0.06818580105109295,0.10388940572738647,,0.033651810362135624,0.2135283879197355,6.438806027801022,6.438806027801022,1.2486649412896127e-10,206061589.5,8.780816438295437,1.6229279291936007e-18,0.08361606778090905,0.05791294812312353,GCST90200858,cancerType_celltype,CRC_Epi_CRC,tissue,Tumor,Adjacent,group1_higher,1.486402021814622e-10,2.0577216441775605e-18
41434,9402,-0.49185242335033635,-0.5990257198642367,-0.5717736184597015,-0.6758018434047699,1.009677708530779,0.9355936572978508,0.10717329651390034,0.10402822494506836,,0.046229080102923675,-0.2843919127369992,9.878450912923396,9.878450912923396,6.079517175655578e-23,206014726.0,8.744337110037028,2.2432952669826182e-18,0.10756135783651422,0.0576723525634919,GCST90200627,cancerType_celltype,CRC_Epi_CRC,tissue,Tumor,Adjacent,group1_higher,8.013909004273262e-23,2.8416463279714765e-18
41434,9402,-0.38084114325682744,-0.2988333443594916,-0.4328945279121399,-0.3523419201374054,0.9186056927545576,0.8428224285055499,-0.08200779889733584,-0.0805526077747345,,-0.037482445873753434,-0.34984716997549675,-8.373426504948654,-8.373426504948654,6.090260230299632e-17,183550194.0,-8.742428432433144,2.281531924724646e-18,-0.0906094379245224,-0.0576597640817903,GCST90199888,cancerType_celltype,CRC_Epi_CRC,tissue,Tumor,Adjacent,group2_higher,7.736276508758992e-17,2.8873983411324907e-18
41434,9402,-0.18990683713938203,-0.11341891326704717,-0.2302184477448463,-0.16297902911901468,0.5600007117104744,0.6587763507817076,-0.07648792387233486,-0.0672394186258316,,-0.05289467662979164,-0.7436254858508412,-10.435039381102772,-10.435039381102772,2.1743820503164706e-25,183552346.5,-8.740752890613258,2.31562810923257e-18,-0.13198085515691785,-0.05764871322254794,GCST90200387,cancerType_celltype,CRC_Epi_CRC,tissue,Tumor,Adjacent,group2_higher,2.931436928369287e-25,2.9278303459035187e-18
41434,9402,-0.09944637773778207,-0.001757746529979759,-0.16263251751661295,-0.07290239259600635,0.9029546861550853,0.9841167204004662,-0.09768863120780232,-0.0897301249206066,,-0.038504055201992994,-5.821313847958935,-8.81954431328461,-8.81954431328461,1.2916930243234174e-18,183574351.0,-8.723624221635008,2.6943713736173518e-18,-0.10635611402136634,-0.057535742893999764,GCST90200285,cancerType_celltype,CRC_Epi_CRC,tissue,Tumor,Adjacent,group2_higher,1.6562347997674675e-18,3.4035478982765986e-18
41434,9402,0.8142363089488442,0.6786936867536698,0.7736033499240875,0.5702565312385559,1.7453923263885618,1.7220168606419957,0.13554262219517443,0.20334681868553162,,0.028727823320480322,0.26268660948402084,6.873000766545836,6.873000766545836,6.550105211225227e-12,205984821.0,8.721058560386068,2.7561378571407065e-18,0.07784915555137531,0.057518821346002946,GCST90200274,cancerType_celltype,CRC_Epi_CRC,tissue,Tumor,Adjacent,group1_higher,7.957035118449185e-12,3.478348054891466e-18
41434,9402,-0.4642810510673638,-0.36590676174782244,-0.5684565901756287,-0.4863329380750656,0.7629919892536007,0.8564389074065184,-0.09837428931954134,-0.08212365210056305,,-0.05999980180348746,-0.3435214891575594,-10.252651080864203,-10.252651080864203,1.4281929999903874e-24,183589853.0,-8.711557206865265,2.9972949150104737e-18,-0.12594059064798113,-0.05745615617159505,GCST90200871,cancerType_celltype,CRC_Epi_CRC,tissue,Tumor,Adjacent,group2_higher,1.9065886963632693e-24,3.779197936317554e-18
41434,9402,0.13811910611343484,0.06571515441318773,0.1247243359684944,0.01517566386610265,0.9043094291453214,1.0134938977227004,0.0724039517002471,0.10954867210239175,,0.024288272989625354,1.071603383635488,6.375134458737543,6.375134458737543,1.8897777402203604e-10,205967794.5,8.707804849447026,3.0981717290615247e-18,0.07823455210593133,0.05743140789425327,GCST90200036,cancerType_celltype,CRC_Epi_CRC,tissue,Tumor,Adjacent,group1_higher,2.2456556756062346e-10,3.9027800986237134e-18
41434,9402,-0.24057475374453832,-0.3436546882816429,-0.3179787546396255,-0.39455901086330414,0.8718652481522657,0.7935089407007606,0.1030799345371046,0.07658025622367864,,0.05269934546846935,-0.5144725905872157,11.159831089493506,11.159831089493506,8.324844358047531e-29,205952680.5,8.696039860334015,3.4366894293850126e-18,0.12015183525512078,0.057353813150192945,GCST90200953,cancerType_celltype,CRC_Epi_CRC,tissue,Tumor,Adjacent,group1_higher,1.1369501863746277e-28,4.325214858958238e-18
41434,9402,0.37261182591848585,0.3251454356767722,0.34744885563850403,0.26097945868968964,0.7094057455664664,0.840930795568825,0.047466390241713674,0.08646939694881439,,0.025370384431436334,0.19658772622255835,5.0784275738239595,5.0784275738239595,3.8600558937981824e-07,205941312.5,8.687190819958422,3.7151307444190645e-18,0.06453585901334001,0.05729545023829141,GCST90200657,cancerType_celltype,CRC_Epi_CRC,tissue,Tumor,Adjacent,group1_higher,4.3953685741411214e-07,4.6713313695970345e-18
41434,9402,-0.06158482020250751,0.029691736567645306,-0.155038796365261,-0.028013542294502203,1.3534496626043888,1.205053580977389,-0.09127655677015281,-0.1270252540707588,,-0.026575313127697026,-1.052488154171289,-6.4759203899442435,-6.4759203899442435,9.711539992142714e-11,183736602.5,-8.597324953997735,8.159597828199911e-18,-0.06877082098635745,-0.056702749403466646,GCST90200435,cancerType_celltype,CRC_Epi_CRC,tissue,Tumor,Adjacent,group2_higher,1.1601077133471095e-10,1.0250259760217953e-17
41434,9402,-0.8188606382589085,-0.9430147711830053,-0.9119613170623778,-1.0007138848304749,1.0588608511755702,1.0080598157601879,0.12415413292409672,0.08875256776809703,,0.04957694791237523,-0.20366219643499017,10.679897965222976,10.679897965222976,1.5865080484223215e-26,205777273.0,8.55949974336693,1.1335870230890277e-17,0.11828131577585468,0.0564532772186872,GCST90200665,cancerType_celltype,CRC_Epi_CRC,tissue,Tumor,Adjacent,group1_higher,2.147378818271722e-26,1.4222654806001776e-17
41434,9402,-0.2167198902761487,-0.26793681372441625,-0.27141493558883667,-0.33287571370601654,0.650601581894966,0.6934895723529558,0.05121692344826753,0.06146077811717987,,0.036012218897597995,-0.3060599761058465,6.537991872623768,6.537991872623768,6.460787591323311e-11,205777184.5,8.559430853494195,1.1342645468909707e-17,0.07774941022330316,0.056452822862802066,GCST90199982,cancerType_celltype,CRC_Epi_CRC,tissue,Tumor,Adjacent,group1_higher,7.731390243172671e-11,1.4222654806001776e-17
41434,9402,-0.009480520897972005,0.17648611499947156,-0.07065573707222936,0.0349517781287431,1.1804322145179569,1.4625488279404697,-0.18596663589744356,-0.10560751520097246,,-0.05881055056354681,4.218300553189966,-11.507962410831032,-11.507962410831032,1.7216276490081512e-30,183856506.5,-8.503989685067834,1.8318443638554216e-17,-0.15028063043569925,-0.05608716648750667,GCST90200022,cancerType_celltype,CRC_Epi_CRC,tissue,Tumor,Adjacent,group2_higher,2.3678894910172652e-30,2.2948564962637315e-17
41434,9402,0.0036099461146111463,-0.031347669728507874,-0.036275986582040745,-0.108331486582756,0.6479283961979713,0.7957527771363812,0.034957615843119016,0.07205550000071526,,0.02399117224582291,-3.1179554274651227,3.971384400494675,3.971384400494675,7.186053448450413e-05,205683868.0,8.48679173700853,2.124206690866744e-17,0.05158266273411823,0.055973739236090836,GCST90200507,cancerType_celltype,CRC_Epi_CRC,tissue,Tumor,Adjacent,group1_higher,7.892498670618786e-05,2.6586719188717834e-17
41434,9402,-0.13213196067945832,0.04038658048456302,-0.2102723866701126,-0.11752017587423319,1.2211830368614496,1.4119114635518366,-0.17251854116402132,-0.09275221079587942,,-0.04907303090858463,-1.7100067673682546,-10.954483226710384,-10.954483226710384,8.405802392275934e-28,183881156.0,-8.484802104073976,2.1608688714581594e-17,-0.13706790044294226,-0.05596061682204967,GCST90200038,cancerType_celltype,CRC_Epi_CRC,tissue,Tumor,Adjacent,group2_higher,1.1457108660672099e-27,2.7020773135756617e-17
41434,9402,-0.06623637373925649,-0.004773270561420197,-0.1027727276086807,-0.05767014808952805,0.4798117171764436,0.6275665105360861,-0.06146310317783629,-0.04510257951915265,,-0.044035294088432354,-3.7942932397894453,-8.923151206465736,-8.923151206465736,5.185266738220888e-19,183893216.0,-8.47541439938277,2.342449855598227e-17,-0.12042830179064692,-0.05589870120650331,GCST90199669,cancerType_celltype,CRC_Epi_CRC,tissue,Tumor,Adjacent,group2_higher,6.692725913063514e-19,2.926452019413734e-17
41434,9402,0.23469196024754585,0.1526419307303033,0.20744202286005015,0.1148123703896999,0.8833904420254864,0.8950764163830377,0.08205002951724255,0.09262965247035025,,0.036674338339596206,0.6206137916947341,8.043884490804132,8.043884490804132,9.40556543767301e-16,205611529.0,8.430481855610747,3.4424590639611916e-17,0.09265293350199134,0.05560235335607322,GCST90200168,cancerType_celltype,CRC_Epi_CRC,tissue,Tumor,Adjacent,group1_higher,1.185919120402249e-15,4.2967689598709744e-17
41434,9402,-0.23375260690594785,-0.15546160565138703,-0.2989271581172943,-0.2213346287608146,0.8640762795227842,0.8727408804065092,-0.07829100125456082,-0.0775925293564797,,-0.03904935605031018,-0.5884210244645058,-7.867274951154248,-7.867274951154248,3.890960826708319e-15,184216977.5,-8.223393060047568,1.9782580504155511e-16,-0.0904381878175099,-0.05423652106033994,GCST90200403,cancerType_celltype,CRC_Epi_CRC,tissue,Tumor,Adjacent,group2_higher,4.869953725255683e-15,2.466940276959191e-16
41434,9402,-0.19799413638454075,-0.2404800389505989,-0.22949743270874018,-0.2949693948030472,0.5737089730340678,0.7004082331864873,0.042485902566058165,0.065471962094307,,0.027061898091518953,-0.2804581553373375,5.4793776993468795,5.4793776993468795,4.351475696678842e-08,205334936.5,8.2151776508178,2.1185108051442407e-16,0.07090878166992726,0.05418233719578969,GCST90199857,cancerType_celltype,CRC_Epi_CRC,tissue,Tumor,Adjacent,group1_higher,5.0135768170526306e-08,2.63942433949872e-16
41434,9402,-0.7864329904423539,-0.6776998418189013,-0.8933840394020081,-0.7318005263805389,1.1632444154718404,1.3725767644282225,-0.10873314862345262,-0.16158351302146912,,-0.040242183837807984,-0.21467711418545432,-7.122779175988985,-7.122779175988985,1.1150295634403996e-12,184234148.5,-8.210026867903894,2.2113972359728844e-16,-0.09025730691479927,-0.05414836575067594,GCST90200463,cancerType_celltype,CRC_Epi_CRC,tissue,Tumor,Adjacent,group2_higher,1.3630361389858876e-12,2.7526341850511794e-16
41434,9402,-0.5493247320798293,-0.45924766821441565,-0.6050572097301483,-0.48831626772880554,1.1097995375238843,1.082866608538898,-0.0900770638654137,-0.11674094200134277,,-0.03147623529922701,-0.2583863360025687,-7.248178713552754,-7.248178713552754,4.4415404262486053e-13,184269920.5,-8.182181347819823,2.787520198886282e-16,-0.08152743127041785,-0.05396471356167709,GCST90200491,cancerType_celltype,CRC_Epi_CRC,tissue,Tumor,Adjacent,group2_higher,5.458809378698692e-13,3.4665967436879586e-16
41434,9402,0.04490550477516992,0.10967816993094696,-0.00408700853586195,0.07155625894665715,0.646466623372249,0.7351052730444698,-0.06477266515577704,-0.07564326748251911,,-0.038065911019889674,1.2882932159545706,-7.880296769585958,-7.880296769585958,3.527040474690944e-15,184296648.5,-8.161375827837517,3.3123085740528877e-16,-0.09758567811357366,-0.05382749295037326,GCST90200278,cancerType_celltype,CRC_Epi_CRC,tissue,Tumor,Adjacent,group2_higher,4.426663137204196e-15,4.115475466211564e-16
41434,9402,0.07783620674703888,-0.0005012440903819823,0.07572549581527704,-0.019491679966449703,0.9364397817361781,0.9996695904687697,0.07833745083742086,0.09521717578172675,,0.02641218398454607,7.275927444816407,6.938924282229386,6.938924282229386,4.1325572786159845e-12,205262289.5,8.158628017094568,3.388525438635774e-16,0.08259515225878145,0.05380937005461206,GCST90200382,cancerType_celltype,CRC_Epi_CRC,tissue,Tumor,Adjacent,group1_higher,5.024688287915778e-12,4.206338955246411e-16
41434,9402,0.22646949054913382,0.15899059487716233,0.19923255592584604,0.1241861060261726,0.7824437789310108,0.7093985669141072,0.06747889567197149,0.07504644989967345,,0.03215053610599521,0.5103725779899616,8.164955012214614,8.164955012214614,3.4688265280227276e-16,205257328.5,8.154766292138259,3.498568720151541e-16,0.0876966663972258,0.053783900455215417,GCST90200477,cancerType_celltype,CRC_Epi_CRC,tissue,Tumor,Adjacent,group1_higher,4.385909608251371e-16,4.3389892316347137e-16
41434,9402,-0.1683669460878959,-0.25459893530603167,-0.22219827026128763,-0.28596262633800507,0.8161604707338346,0.7651112092004035,0.08623198921813577,0.06376435607671743,,0.04298315995269443,-0.5966145485787795,9.742674341314643,9.742674341314643,2.317827666787953e-22,205240382.0,8.141574854530502,3.901704528863137e-16,0.10685989264869393,0.053696897720650005,GCST90200554,cancerType_celltype,CRC_Epi_CRC,tissue,Tumor,Adjacent,group1_higher,3.049419990185309e-22,4.834566611673142e-16
41434,9402,0.4332038604186153,0.5728192440388974,0.42299284040927887,0.5461145639419556,1.2573956424366062,1.394215715782261,-0.13961538362028209,-0.1231217235326767,,-0.03536636369865902,0.4030330501757559,-8.92142300433648,-8.92142300433648,5.208508193882549e-19,184341041.0,-8.126819967099172,4.407005869495439e-16,-0.10875183653088033,-0.053599583417774266,GCST90199659,cancerType_celltype,CRC_Epi_CRC,tissue,Tumor,Adjacent,group2_higher,6.716363924561887e-19,5.455721162690539e-16
41434,9402,-0.15522944321488066,-0.06762388010938988,-0.17439104616641993,-0.1055767312645912,0.8079292466589377,0.800704396795089,-0.08760556310549078,-0.06881431490182872,,-0.04287146049183703,-1.1987854849039536,-9.56170930765645,-9.56170930765645,1.3471222916896268e-21,184343246.5,-8.12510316919731,4.469834850716332e-16,-0.10861118390596995,-0.05358826045839715,GCST90199768,cancerType_celltype,CRC_Epi_CRC,tissue,Tumor,Adjacent,group2_higher,1.7655073880509244e-21,5.528479946938621e-16
41434,9402,-0.6129404665814477,-0.5129074740262874,-0.7183954417705536,-0.6446891725063324,0.9136783485019058,0.9699694623026925,-0.1000329925551603,-0.07370626926422119,,-0.053047646413042715,-0.2570479019584819,-9.123511639021762,-9.123511639021762,8.294002446604168e-20,184370663.0,-8.103761709357633,5.328559463593349e-16,-0.10822017821778379,-0.0534475051123251,GCST90200141,cancerType_celltype,CRC_Epi_CRC,tissue,Tumor,Adjacent,group2_higher,1.0745936629963384e-19,6.584611558366034e-16
41434,9402,-0.23270531372715053,-0.3447195828952357,-0.28923858702182764,-0.3429605215787887,0.9368851009934964,0.9882108417314479,0.11201426916808516,0.05372193455696106,,0.04473183227087123,-0.5669170889454646,10.016788933174572,10.016788933174572,1.5540273142686673e-23,205161081.0,8.079845636477643,6.484901421894473e-16,0.11833491449026223,0.05328976917766104,GCST90200312,cancerType_celltype,CRC_Epi_CRC,tissue,Tumor,Adjacent,group1_higher,2.06245299839162e-23,8.006268693878775e-16
41434,9402,-0.17124474120460614,-0.24790349755998026,-0.20556122064590449,-0.30163173377513885,0.9410112191093017,0.9676804211175738,0.07665875635537411,0.09607051312923437,,0.032349661859154034,-0.5337163360614284,6.969905505068317,6.969905505068317,3.316313244554338e-12,205050421.0,7.99370605097772,1.3094216195014273e-15,0.08103462945785271,0.05272164463235707,GCST90200601,cancerType_celltype,CRC_Epi_CRC,tissue,Tumor,Adjacent,group1_higher,4.035834778863895e-12,1.6151508302085479e-15
41434,9402,-0.6697574147650964,-0.7663878184402012,-0.7212117612361908,-0.818581610918045,1.0706648460506363,1.0743281005378442,0.09663040367510478,0.09736984968185425,,0.03305003695428845,-0.1944357103763886,7.878677329793587,7.878677329793587,3.5521954498359525e-15,205029182.0,7.977173259938205,1.4972306001431023e-15,0.09019555890903028,0.052612604353867054,GCST90200286,cancerType_celltype,CRC_Epi_CRC,tissue,Tumor,Adjacent,group1_higher,4.4541328409626524e-15,1.845140423141997e-15
41434,9402,0.0047270980037018556,-0.028627899643247752,-0.014881686773151149,-0.0711308941245079,0.572251423365758,0.6849550370171088,0.03335499764694961,0.05624920735135676,,0.023844295801061007,-2.598140376142135,4.387150992222874,4.387150992222874,1.1578238950246864e-05,205019671.0,7.969769739265064,1.5897078652257447e-15,0.05608651219964293,0.0525637752146082,GCST90199808,cancerType_celltype,CRC_Epi_CRC,tissue,Tumor,Adjacent,group1_higher,1.291418959835227e-05,1.957336784374607e-15
41434,9402,-0.0233175170384079,0.06515284611271674,-0.0452030412852764,0.05242476798593995,0.9254191126244821,1.038965221264423,-0.08847036315112464,-0.09762780927121635,,-0.03785923634113676,1.482374303396796,-7.600827940094445,-7.600827940094445,3.1438709983433733e-14,184629761.5,-7.902075125283426,2.742988598560237e-15,-0.09337794000380341,-0.05211730253233737,GCST90200213,cancerType_celltype,CRC_Epi_CRC,tissue,Tumor,Adjacent,group2_higher,3.906195233128549e-14,3.3742720756657062e-15
41434,9402,-0.30011907446220015,-0.21143916597185622,-0.3413241356611252,-0.2829466313123703,0.7240367576961032,0.8147701956248867,-0.08867990849034393,-0.05837750434875488,,-0.045766139718912004,-0.5052903587479569,-9.718702497625443,-9.718702497625443,2.9884689728662775e-22,184637512.0,-7.896042007106875,2.879005900544091e-15,-0.11957051621686199,-0.05207751173811748,GCST90200438,cancerType_celltype,CRC_Epi_CRC,tissue,Tumor,Adjacent,group2_higher,3.927949093555194e-22,3.538399497242196e-15
41434,9402,-0.26949083501805354,-0.18251966532273106,-0.3080328702926636,-0.25788871943950653,0.6480202931369754,0.7682369508638498,-0.08697116969532248,-0.05014415085315704,,-0.05089394340257468,-0.562181745497677,-10.185659120279926,-10.185659120279926,2.8530387857470844e-24,184720077.0,-7.83177203713759,4.810426514299338e-15,-0.12944532676516676,-0.051653625934005576,GCST90200079,cancerType_celltype,CRC_Epi_CRC,tissue,Tumor,Adjacent,group2_higher,3.7975506493879646e-24,5.9068570621531505e-15
41434,9402,-0.16055128164528612,-0.2298634878130102,-0.20714127272367472,-0.26925843954086304,0.740489736397736,0.6886424033522209,0.06931220616772407,0.06211716681718832,,0.04095070694363848,-0.5177404309847314,8.686259021475827,8.686259021475827,4.134230044167481e-18,204805326.0,7.8029200243366255,6.049107471020824e-15,0.09479519548314765,0.0514633355285139,GCST90200391,cancerType_celltype,CRC_Epi_CRC,tissue,Tumor,Adjacent,group1_higher,5.2960108554513874e-18,7.421182252926537e-15
41434,9402,-0.7479247252526019,-0.6572810116568754,-0.7969164252281189,-0.6993355453014374,1.087158737881549,1.1000457171475788,-0.09064371359572654,-0.09758087992668152,,-0.03286835562090945,-0.18638250432673203,-7.22881812980327,-7.22881812980327,5.126777629288946e-13,184813693.0,-7.7588997848679275,8.566957243932729e-15,-0.08319345036743561,-0.05117300468483532,GCST90200589,cancerType_celltype,CRC_Epi_CRC,tissue,Tumor,Adjacent,group2_higher,6.283990925108663e-13,1.050068590241035e-14
41434,9402,0.4132775213785411,0.5090388360923302,0.4411846995353699,0.5149103701114655,0.9478705221423682,0.9388489960754028,-0.09576131471378913,-0.07372567057609558,,-0.03458977029086922,0.3006641752375519,-8.91298289883898,-8.91298289883898,5.569954583329928e-19,184836926.5,-7.740814441837814,9.878228017510505e-15,-0.10120528820548602,-0.05105372471354197,GCST90200529,cancerType_celltype,CRC_Epi_CRC,tissue,Tumor,Adjacent,group2_higher,7.168883944361371e-19,1.209705731165033e-14
41434,9402,-0.10722633288647185,-0.004068580669253279,-0.15295498818159098,-0.09887105226516721,0.7560935926701704,0.8548683054609205,-0.10315775221721857,-0.05408393591642377,,-0.04886048778003448,-4.719648747573634,-10.782785977252404,-10.782785977252404,5.405545279607262e-27,184867396.0,-7.7170964759929745,1.1900993587593937e-14,-0.133053638462186,-0.05089729537292076,GCST90200277,cancerType_celltype,CRC_Epi_CRC,tissue,Tumor,Adjacent,group2_higher,7.338404597713844e-27,1.456108999990174e-14
41434,9402,0.017542978059517836,-0.0798092636624222,-0.04812101460993285,-0.20568045228719706,1.3339447338069492,1.4100256510977272,0.09735224172194004,0.1575594376772642,,0.02906219317582726,-2.1855983771984886,6.103519044654588,6.103519044654588,1.0660348269179593e-09,204691009.0,7.713933769180339,1.2199817322126784e-14,0.07220164046461362,0.050876436073918674,GCST90200255,cancerType_celltype,CRC_Epi_CRC,tissue,Tumor,Adjacent,group1_higher,1.254754291096009e-09,1.491331929153256e-14
41434,9402,-0.2913576418215458,-0.3310902097256969,-0.32757529616355896,-0.3830190598964691,0.5918256419489745,0.6145311313924025,0.03973256790415114,0.055443763732910156,,0.02719852354324111,-0.18443260627990993,5.6982067701110015,5.6982067701110015,1.2357816821055572e-08,204673249.0,7.700109089635078,1.3595053179683437e-14,0.06665533105888825,0.050785256858984607,GCST90200050,cancerType_celltype,CRC_Epi_CRC,tissue,Tumor,Adjacent,group1_higher,1.4371761371244662e-08,1.660399416120836e-14
41434,9402,0.45602445441100486,0.5705791680940591,0.45244126021862024,0.5093311965465546,0.9213229546403864,0.9825465392611048,-0.1145547136830542,-0.05688993632793432,,-0.04404578800185809,0.32331524847176507,-10.322066918938507,-10.322066918938507,6.940485616946122e-25,184904460.5,-7.688244852400331,1.491675881152044e-14,-0.12278785962121005,-0.05070700753441171,GCST90200003,cancerType_celltype,CRC_Epi_CRC,tissue,Tumor,Adjacent,group2_higher,9.310907377851934e-25,1.8201917869384387e-14
41434,9402,-0.27668563881947095,-0.2262264353916042,-0.3291014581918716,-0.27544091641902924,0.5621041338921293,0.586691385737476,-0.05045920342786675,-0.05366054177284235,,-0.03549268645722076,-0.2904790773699023,-7.586726481946622,-7.586726481946622,3.493756690712862e-14,184919192.5,-7.676777218444205,1.631412808378622e-14,-0.08903545320098026,-0.05063137396490669,GCST90200091,cancerType_celltype,CRC_Epi_CRC,tissue,Tumor,Adjacent,group2_higher,4.336967549582542e-14,1.9889227708587314e-14
41434,9402,0.1938498239710932,0.26181344673970197,0.15343077480792994,0.2724077105522156,0.9673236158444941,0.9583371545100915,-0.06796362276860876,-0.11897693574428564,,-0.029648629425482888,0.43359783905378463,-6.197344795711273,-6.197344795711273,5.902421485636164e-10,184938150.0,-7.662020384971273,1.8303113338877365e-14,-0.07037990533395873,-0.05053404682711893,GCST90200188,cancerType_celltype,CRC_Epi_CRC,tissue,Tumor,Adjacent,group2_higher,6.959342980036411e-10,2.2294140733592355e-14
41434,9402,-0.0804529277305183,-0.1578011008508232,-0.11135259643197054,-0.17611791193485254,0.7694361970048331,0.7974853767549764,0.07734817312030488,0.064765315502882,,0.036154396244880475,-0.9718816527554819,8.54522470477189,8.54522470477189,1.4176887255711163e-17,204559651.5,7.611682905252035,2.7055049226094817e-14,0.09984274009628286,0.05020205129206645,GCST90200594,cancerType_celltype,CRC_Epi_CRC,tissue,Tumor,Adjacent,group1_higher,1.809278776173625e-17,3.292502865639932e-14
41434,9402,-0.12807708924614863,-0.05025563571547876,-0.16999788582324976,-0.10317681357264515,0.8838374230298218,0.8482845364250382,-0.07782145353066988,-0.06682107225060462,,-0.037072030127957255,-1.3496376875122251,-7.968023770528586,-7.968023770528586,1.7325771386311723e-15,185017684.0,-7.600109795841046,2.9588049723342474e-14,-0.0886984538967186,-0.0501257220703305,GCST90200671,cancerType_celltype,CRC_Epi_CRC,tissue,Tumor,Adjacent,group2_higher,2.182534787388436e-15,3.59754788340016e-14
41434,9402,-0.26044220147895597,-0.30652373631576135,-0.2980717718601227,-0.358269140124321,0.6517894882802451,0.6706989839856662,0.04608153483680538,0.0601973682641983,,0.027620413672366336,-0.23503472506126202,6.045696736065714,6.045696736065714,1.5262582062994185e-09,204511263.5,7.574016880824327,3.6185844919838364e-14,0.07031831354471994,0.04995362900308975,GCST90199853,cancerType_celltype,CRC_Epi_CRC,tissue,Tumor,Adjacent,group1_higher,1.790266725633483e-09,4.3958383801907034e-14
41434,9402,-0.07741642033531242,-0.15925966101538466,-0.11870395392179485,-0.20046749711036674,0.9819510500842895,0.9789934733072445,0.08184324068007225,0.08176354318857189,,0.029187386365856414,-1.0406598099082383,7.314135538236312,7.314135538236312,2.7308887540725287e-13,204495209.5,7.561520180068717,3.9838678679257854e-14,0.08339397146530035,0.04987120833211267,GCST90200835,cancerType_celltype,CRC_Epi_CRC,tissue,Tumor,Adjacent,group1_higher,3.362422196748741e-13,4.8352732893881084e-14
41434,9402,-0.03310945785276375,-0.08255930858672028,-0.06761556118726725,-0.11939349770545954,0.6322329174953261,0.6787681664919749,0.04944985073395653,0.05177793651819229,,0.03396427215495337,-1.318161402632127,6.456996529655251,6.456996529655251,1.1049827461815928e-10,204448955.0,7.525514907544714,5.251311828406032e-14,0.07713359486434247,0.04963373935704718,GCST90199926,cancerType_celltype,CRC_Epi_CRC,tissue,Tumor,Adjacent,group1_higher,1.317665339497385e-10,6.367916389784183e-14
41434,9402,0.15129701094123124,0.06742304810671962,0.09691975265741345,-0.0097160595469176,1.0398658878334939,1.0363784970723875,0.08387396283451162,0.10663581220433105,,0.030702492023331838,1.1660578673668058,7.080127375276274,7.080127375276274,1.5087237473274756e-12,204444829.5,7.522303549692013,5.381960991580802e-14,0.08070843062913692,0.049612559185244764,GCST90199976,cancerType_celltype,CRC_Epi_CRC,tissue,Tumor,Adjacent,group1_higher,1.8409941518418523e-12,6.520544739133008e-14
41434,9402,1.0092918007797482,1.148944400039019,0.8951795399188995,1.0399449467658997,1.5201141578537514,1.641368459654789,-0.13965259925927076,-0.14476540684700012,,-0.03457987554812292,0.18696547208305947,-7.548086286128342,-7.548086286128342,4.7039997331759746e-14,185213117.5,-7.447981107220053,9.477966915887354e-14,-0.09049214769375692,-0.04912237335964309,GCST90200490,cancerType_celltype,CRC_Epi_CRC,tissue,Tumor,Adjacent,group2_higher,5.833986930226437e-14,1.1472885352002188e-13
41434,9402,0.12023538377557395,0.20509980425596486,0.09406803175806995,0.15339415520429606,0.7400988803667441,0.8370019722955174,-0.0848644204803909,-0.059326123446226106,,-0.03614382883036919,0.7704596244440107,-9.060340958137006,-9.060340958137006,1.4851026423200113e-19,185250483.0,-7.41889518021845,1.18101677494608e-13,-0.11181779306215549,-0.04893054019772769,GCST90200322,cancerType_celltype,CRC_Epi_CRC,tissue,Tumor,Adjacent,group2_higher,1.9204885213303372e-19,1.428328184783946e-13
41434,9402,-0.1091837955754445,-0.011251627778588439,-0.17993208765983582,-0.1093525774776935,0.7794890233328146,0.9351377932408375,-0.09793216779685605,-0.07057951018214231,,-0.054442556143825566,-3.278438116750538,-9.437753783518593,-9.437753783518593,4.47426638016718e-21,185322111.5,-7.363138363844139,1.7963652786001715e-13,-0.12082488005665712,-0.048562801999703975,GCST90199727,cancerType_celltype,CRC_Epi_CRC,tissue,Tumor,Adjacent,group2_higher,5.835813470017097e-21,2.170608044975207e-13
41434,9402,0.086935487256813,0.032327370595963294,0.03649985231459135,-0.02391286473721265,0.7469508325345223,0.8141183600571287,0.0546081166608497,0.060412717051804,,0.029039869585966348,1.4271610084161235,5.959650189465268,5.959650189465268,2.592106665457262e-09,204208519.0,7.338355524034327,2.1623478274870184e-13,0.07186979679910127,0.04839934939522972,GCST90200235,cancerType_celltype,CRC_Epi_CRC,tissue,Tumor,Adjacent,group1_higher,3.0300526458132492e-09,2.610522665070687e-13
41434,9402,0.13268847752700758,0.20420965064448038,0.12156762555241579,0.17670299112796778,0.687512710023581,0.7687058009810589,-0.0715211731174728,-0.05513536557555199,,-0.034681314624008586,0.6220041448253153,-8.299761029340493,-8.299761029340493,1.1453099011506086e-16,185385178.0,-7.314046350750601,2.592164151044702e-13,-0.10170308449020599,-0.048239020808339306,GCST90199966,cancerType_celltype,CRC_Epi_CRC,tissue,Tumor,Adjacent,group2_higher,1.4521464142030508e-16,3.126654635286662e-13
41434,9402,-0.6685742601136271,-0.7427384499027152,-0.813389927148819,-0.926811695098877,0.9953060348840387,0.9781663382178297,0.07416418978908812,0.11342176795005798,,0.0403922506944889,-0.15176623711432824,6.615600677691463,6.615600677691463,3.833333098684441e-11,204168032.0,7.30683976948765,2.7349915622803495e-13,0.07475033587219779,0.04819149056217609,GCST90200850,cancerType_celltype,CRC_Epi_CRC,tissue,Tumor,Adjacent,group1_higher,4.595279695256722e-11,3.296015472491703e-13
41434,9402,0.03198028086847087,0.0021909283164755333,0.0069913619663566,-0.0372243523597717,0.49351899111877434,0.6229244965328575,0.029789352551995336,0.0442157143261283,,0.023660710586642493,3.8669551975924485,4.338314688282728,4.338314688282728,1.4473257415479164e-05,204161042.0,7.301398637166626,2.847924118737601e-13,0.057300004215873925,0.04815560414819009,GCST90200595,cancerType_celltype,CRC_Epi_CRC,tissue,Tumor,Adjacent,group1_higher,1.611687079844616e-05,3.4290817790100264e-13
41434,9402,0.056784599743012074,0.1302393433983292,-0.0153042152523994,0.1062073931097984,1.1195348324136924,1.0526818180886417,-0.07345474365531714,-0.1215116083621978,,-0.02655163373642998,1.1975793803348653,-6.035668312685615,-6.035668312685615,1.621310138779642e-09,185486039.5,-7.235534080708125,4.63702001993252e-13,-0.06632628956190299,-0.04772120141717551,GCST90199665,cancerType_celltype,CRC_Epi_CRC,tissue,Tumor,Adjacent,group2_higher,1.8984928858734126e-09,5.578339176670807e-13
41434,9402,-0.15102122739621818,-0.2049920348341732,-0.1894030943512916,-0.2461745291948318,0.6790939921851301,0.7183438029472722,0.053970807437955015,0.05677143484354019,,0.03287346488982404,-0.44081399078095246,6.642640965600849,6.642640965600849,3.199374176095268e-11,204036057.5,7.204108622491811,5.84249456176543e-13,0.07861484747232306,0.04751393812403926,GCST90200126,cancerType_celltype,CRC_Epi_CRC,tissue,Tumor,Adjacent,group1_higher,3.845455910068651e-11,7.022328119652806e-13
41434,9402,-0.11431138798789892,-0.14784737690786634,-0.1525140032172203,-0.22883298248052591,0.679148502225692,0.7843029405432227,0.033535988919967424,0.07631897926330561,,0.020500390407387534,-0.371136649204829,3.832808496996561,3.832808496996561,0.00012729524162564105,204031128.0,7.200271417659695,6.009299070398956e-13,0.047923126199725906,0.04748863024453365,GCST90199884,cancerType_celltype,CRC_Epi_CRC,tissue,Tumor,Adjacent,group1_higher,0.00013924832611215791,7.216453421104649e-13
41434,9402,-0.46367613078591463,-0.41937998189521086,-0.5373848676681519,-0.4386292099952698,0.9056747714520532,0.8562081493657946,-0.04429614889070377,-0.09875565767288208,,-0.019639871057868984,-0.14485913317237556,-4.479882786898788,-4.479882786898788,7.525245189175879e-06,185561445.5,-7.1768367954722025,7.13429688487471e-13,-0.04939729223954701,-0.04733406966710152,GCST90200581,cancerType_celltype,CRC_Epi_CRC,tissue,Tumor,Adjacent,group2_higher,8.414199501925121e-06,8.559900223665695e-13
41434,9402,0.08286105464780491,0.05267815705590174,0.06889725849032395,0.03222215361893175,0.5010006036223167,0.6479567904596847,0.030182897591903173,0.0366751048713922,,0.02270182286403397,0.6534793332983795,4.238391631869321,4.238391631869321,2.2679987159856287e-05,203969310.0,7.152151257742523,8.542860028320041e-13,0.05681479579391523,0.04717125880822781,GCST90200997,cancerType_celltype,CRC_Epi_CRC,tissue,Tumor,Adjacent,group1_higher,2.5173308223847e-05,1.0240913121020418e-12
41434,9402,-0.002430489467359198,-0.0377911258262811,-0.02735296729952095,-0.07571289315819735,0.6702024701586647,0.7895029579908373,0.0353606363589219,0.0483599258586764,,0.02217395683949071,-3.9581734259225176,4.0261478215705555,4.0261478215705555,5.702874823958245e-05,203885048.5,7.086560703941676,1.3748631124099957e-12,0.05096564984681879,0.04673866323282461,GCST90200401,cancerType_celltype,CRC_Epi_CRC,tissue,Tumor,Adjacent,group1_higher,6.273622586807982e-05,1.646694571366278e-12
41434,9402,0.1917162087287619,0.28599567886356336,0.18164239078760142,0.27008308470249176,1.2077399131614794,1.1318256824389452,-0.09427947013480145,-0.08844069391489034,,-0.029925036768995397,0.5770185532339289,-7.2001675899227715,-7.2001675899227715,6.306165000593427e-13,185705961.5,-7.064343136172484,1.6137797638612853e-12,-0.07895676521064042,-0.04659212960936476,GCST90200011,cancerType_celltype,CRC_Epi_CRC,tissue,Tumor,Adjacent,group2_higher,7.715711755663233e-13,1.93115172795692e-12
41434,9402,-0.586263383567331,-0.4870293155408517,-0.6347323358058929,-0.5754917860031128,1.0125761168408896,1.038803170507742,-0.09923406802647927,-0.05924054980278015,,-0.03837511339005414,-0.26753983686935173,-8.401213085863981,-8.401213085863981,4.848751570688493e-17,185724041.5,-7.050269363302083,1.7857226729562656e-12,-0.09752950804407877,-0.0464993075256932,GCST90199873,cancerType_celltype,CRC_Epi_CRC,tissue,Tumor,Adjacent,group2_higher,6.176493823222819e-17,2.1350350905608685e-12
41434,9402,-0.08638926015765547,-0.015845224648453504,-0.12702044844627375,-0.05510403402149675,0.8211902757084354,0.8336965905230528,-0.07054403550920196,-0.071916414424777,,-0.03190504609746304,-2.4467295084492635,-7.427699423390219,-7.427699423390219,1.1696025723188846e-13,185731417.5,-7.0445277621576095,1.8609206415618446e-12,-0.08566185890168437,-0.04646143940129266,GCST90200035,cancerType_celltype,CRC_Epi_CRC,tissue,Tumor,Adjacent,group2_higher,1.4466137078680942e-13,2.2229928435134044e-12
41434,9402,-0.06996356679144196,-0.10709625742384409,-0.12607530504465098,-0.18708156049251556,0.7507946110600943,0.8409654778702716,0.03713269063240213,0.06100625544786459,,0.021707360201498167,-0.6142251692670236,3.939931278540006,3.939931278540006,8.193065376857198e-05,203820916.5,7.036639287917088,1.9693233402412707e-12,0.04833296435448599,0.046409411801960454,GCST90200264,cancerType_celltype,CRC_Epi_CRC,tissue,Tumor,Adjacent,group1_higher,8.984029049602865e-05,2.350427068956963e-12
41434,9402,0.16384965182783562,0.11836947537689607,0.1354478448629379,0.05250218324363225,0.7638346102882337,0.7938182496185273,0.04548017645093955,0.08294566161930565,,0.020962531657603718,0.4690721313905444,5.050112927489876,5.050112927489876,4.472534019359006e-07,203807677.0,7.026333440797747,2.1203200482506677e-12,0.05910602380993661,0.046341440674926515,GCST90200603,cancerType_celltype,CRC_Epi_CRC,tissue,Tumor,Adjacent,group1_higher,5.080053223655272e-07,2.5284306437144883e-12
41434,9402,-0.051744472173038354,-0.1454905093993342,-0.0984471850097179,-0.16393201798200607,1.0104819910364988,0.9819226035209537,0.09374603722629585,0.06548483297228817,,0.03404730717970097,-1.4914304280270587,8.31230031583659,8.31230031583659,1.0226728507983259e-16,203722475.0,6.960010786145981,3.4024762708264353e-12,0.09325537359646911,0.045904016605624376,GCST90199657,cancerType_celltype,CRC_Epi_CRC,tissue,Tumor,Adjacent,group1_higher,1.2978613553427544e-16,4.053824438056321e-12
41434,9402,0.0012096913378391758,-0.060993152730093446,-0.05239085666835305,-0.10864242538809775,0.8573170060509964,0.90038789141423,0.062202844067932625,0.056251568719744696,,0.029601018656138216,-5.654767937589015,6.100516348878231,6.100516348878231,1.086079114634656e-09,203565167.5,6.837560010382117,8.055356798547526e-12,0.0718739183003257,0.04509640543708637,GCST90199834,cancerType_celltype,CRC_Epi_CRC,tissue,Tumor,Adjacent,group1_higher,1.2772440321372184e-09,9.589040451022077e-12
41434,9402,0.012153869557758113,0.07592410813200144,-0.0020147240720689,0.05953368544578545,0.7288517454859489,0.767607132950357,-0.06377023857424333,-0.061548409517854355,,-0.030878524675472748,2.643042647170528,-7.3395813437692805,-7.3395813437692805,2.2649528499927897e-13,186011611.5,-6.826420089831879,8.70599886446661e-12,-0.08662401183474432,-0.04502293326676432,GCST90200978,cancerType_celltype,CRC_Epi_CRC,tissue,Tumor,Adjacent,group2_higher,2.7912574453346945e-13,1.0354516974055837e-11
41434,9402,0.07232293643252537,0.05041220927992804,0.057914776727557155,0.009629538282752,0.532696476818231,0.6490318468755789,0.02191072715259733,0.04828523844480515,,0.014637629944367944,0.5206714040805287,3.0486867922464604,3.0486867922464604,0.002303271917913465,203543350.0,6.820576905315747,9.067587536865462e-12,0.03940435095292547,0.04498439515995667,GCST90199893,cancerType_celltype,CRC_Epi_CRC,tissue,Tumor,Adjacent,group1_higher,0.002460313185043928,1.0775171589143524e-11
41434,9402,-0.1910700082341182,-0.22178947169700877,-0.2397193387150764,-0.29321782290935516,0.6023012612590364,0.6653541536445133,0.03071946346289056,0.05349848419427877,,0.022585219678853137,-0.21508849689225798,4.110915496766335,4.110915496766335,3.9649225838541376e-05,203538823.0,6.81705301318166,9.292723236778456e-12,0.0499950738972658,0.044961153701285284,GCST90200273,cancerType_celltype,CRC_Epi_CRC,tissue,Tumor,Adjacent,group1_higher,4.372321587211318e-05,1.1033085167011356e-11
41434,9402,1.0525434216853917,1.1725089697585085,1.0531775951385498,1.1203938126564026,1.1493002687726308,1.186599317885557,-0.11996554807311677,-0.06721621751785278,,-0.03776068105899289,0.15571906769738442,-8.901327175473124,-8.901327175473124,6.20373397297808e-19,186025305.5,-6.815760452349176,9.376668134056924e-12,-0.10375050040170117,-0.044952628752726764,GCST90199747,cancerType_celltype,CRC_Epi_CRC,tissue,Tumor,Adjacent,group2_higher,7.977065476574645e-19,1.1123062373124097e-11
41434,9402,0.10785873687578014,0.08043210335031886,0.0950191281735897,0.00718301744200285,0.669974817101376,0.747242756652968,0.027426633525461278,0.08783611073158686,,0.01477266378989821,0.42329512977665246,3.2729263153009263,3.2729263153009263,0.0010671707299843463,203531446.0,6.811310633620545,9.671380530912943e-12,0.040043460538175674,0.04492328044291982,GCST90200120,cancerType_celltype,CRC_Epi_CRC,tissue,Tumor,Adjacent,group1_higher,0.001148029759249143,1.1462688403160296e-11
41434,9402,0.27210858194205145,0.370676874554915,0.23453028500080103,0.29673393070697784,1.0067086553911533,1.0346446553832445,-0.09856829261286354,-0.06220364570617681,,-0.03475718697333965,0.4459782446109813,-8.381059969401038,-8.381059969401038,5.751167016073825e-17,186033309.5,-6.809530005554116,9.791837440488788e-12,-0.0974059345984324,-0.04491153649842883,GCST90200648,cancerType_celltype,CRC_Epi_CRC,tissue,Tumor,Adjacent,group2_higher,7.312351345996851e-17,1.1595373094167002e-11
41434,9402,0.07576735421970736,0.1639189391674488,0.03161322325468055,0.1010786183178424,1.0491812661010433,1.0329250716810134,-0.08815158494774143,-0.06946539506316185,,-0.028942268480868796,1.1133240377984848,-7.44892918373077,-7.44892918373077,9.954330193069284e-14,186062954.0,-6.786454233438152,1.1492324736496297e-11,-0.08425931360193767,-0.044759342678771574,GCST90201017,cancerType_celltype,CRC_Epi_CRC,tissue,Tumor,Adjacent,group2_higher,1.2323117214489947e-13,1.3597255742920532e-11
41434,9402,0.8355006891104789,0.7386767163351091,0.7764683663845062,0.6494288444519043,1.4989959854740076,1.4871027277181768,0.0968239727753698,0.12703952193260193,,0.021035140691106426,0.17769768836903774,5.691160090010165,5.691160090010165,1.2869627581946317e-08,203404277.0,6.7123201677933295,1.915543216713593e-11,0.06468715813483007,0.04427039927265275,GCST90199734,cancerType_celltype,CRC_Epi_CRC,tissue,Tumor,Adjacent,group1_higher,1.4954221989934212e-08,2.264427930945904e-11
41434,9402,0.41492758063015733,0.5088627546434369,0.4195833206176758,0.4898992031812668,0.9886655835263298,1.0449079772956473,-0.09393517401327955,-0.070315882563591,,-0.03319776440242368,0.2944163999847169,-7.946965697009571,-7.946965697009571,2.0623768069767552e-15,186196405.5,-6.682573365063465,2.3478297722140076e-11,-0.09400046840252746,-0.04407420737461798,GCST90200578,cancerType_celltype,CRC_Epi_CRC,tissue,Tumor,Adjacent,group2_higher,2.5955859537482158e-15,2.7730433098160246e-11
41434,9402,-0.14242677009403304,-0.07021081826327526,-0.21941103786230085,-0.15142103284597397,0.9371738156258794,0.9527327356931364,-0.07221595183075778,-0.06799000501632688,,-0.0322825116239108,-1.0204446707954529,-6.655333828042832,-6.655333828042832,2.9330306481422185e-11,186248728.5,-6.641844271153177,3.097829960558814e-11,-0.07681970962824902,-0.04380558293413417,GCST90200882,cancerType_celltype,CRC_Epi_CRC,tissue,Tumor,Adjacent,group2_higher,3.5284384584446986e-11,3.655707563845596e-11
41434,9402,0.5789381917375009,0.6839068170651594,0.5318315327167511,0.6402780711650848,1.3792985462138796,1.4944534767818451,-0.1049686253276585,-0.10844653844833374,,-0.02371930257417707,0.24039005522780235,-6.234674239137822,-6.234674239137822,4.664357653768581e-10,186331510.5,-6.577405384772781,4.787295392916718e-11,-0.07490759691521817,-0.04338058305965964,GCST90200541,cancerType_celltype,CRC_Epi_CRC,tissue,Tumor,Adjacent,group2_higher,5.504345871936428e-10,5.644536003932082e-11
41434,9402,-0.08900696969359763,-0.025949100231751347,-0.1416690200567245,-0.09759170934557909,0.6853862556153063,0.7224663836539452,-0.06305786946184629,-0.0440773107111454,,-0.03370164928555626,-1.7781944085046202,-7.712209224052178,-7.712209224052178,1.3229022284631455e-14,186336280.5,-6.573692337394916,4.908272703909777e-11,-0.091072320047567,-0.04335609404754048,GCST90200870,cancerType_celltype,CRC_Epi_CRC,tissue,Tumor,Adjacent,group2_higher,1.6496941787696863e-14,5.782174326213505e-11
41434,9402,-0.10896533148072292,-0.18813282039102747,-0.16938661783933634,-0.23782758414745325,1.0088697000469522,1.1176181968394412,0.07916748891030455,0.06844096630811691,,0.03461838822365102,-0.7878767836090909,6.309891946561239,6.309891946561239,2.882233977197669e-10,203205042.0,6.557232328311339,5.4815722902391154e-11,0.07687306059227686,0.04324753379475976,GCST90200732,cancerType_celltype,CRC_Epi_CRC,tissue,Tumor,Adjacent,group1_higher,3.419046919861116e-10,6.451971529875574e-11
41434,9402,-0.11886839383904918,-0.06817057611597836,-0.15030851215124125,-0.0913304910063743,0.6808780141322326,0.6900138176852642,-0.05069781772307082,-0.05897802114486694,,-0.022927417737714024,-0.8021350583688597,-6.447529637191633,-6.447529637191633,1.174540235929666e-10,186360518.0,-6.554825464057175,5.570713761494556e-11,-0.07427416304192934,-0.04323165957558317,GCST90200064,cancerType_celltype,CRC_Epi_CRC,tissue,Tumor,Adjacent,group2_higher,1.3993866622134043e-10,6.551236287245108e-11
41434,9402,-0.11397205669032602,-0.05080331403591929,-0.16872434318065638,-0.1222080253064632,0.6428685970996479,0.7231276816736913,-0.06316874265440672,-0.04651631787419318,,-0.039489606631965345,-1.1656698971790644,-7.799698294314824,-7.799698294314824,6.6780021815392605e-15,186464692.0,-6.473734688891181,9.560996875255118e-11,-0.09593565721011116,-0.04269683392600332,GCST90199923,cancerType_celltype,CRC_Epi_CRC,tissue,Tumor,Adjacent,group2_higher,8.342911982986263e-15,1.1234171328424763e-10
41434,9402,0.24664564195876695,0.3269927858972638,0.20762723684310908,0.31489087641239166,1.3287358922303931,1.4793443941001052,-0.08034714393849687,-0.10726363956928259,,-0.021357368075523554,0.40681757390994744,-4.841804167351456,-4.841804167351456,1.3013958225173237e-06,186466254.5,-6.472518412889521,9.638301963053282e-11,-0.05917240030956041,-0.042688812105995844,GCST90199943,cancerType_celltype,CRC_Epi_CRC,tissue,Tumor,Adjacent,group2_higher,1.4720352747644086e-06,1.131525028048374e-10
41434,9402,-0.30563126967777415,-0.2193915147277335,-0.35836414992809296,-0.2883414775133133,1.197002910216409,1.1872324861500874,-0.08623975495004066,-0.07002267241477966,,-0.0283011394833525,-0.4782825715272936,-6.349095930719332,-6.349095930719332,2.2323288610666382e-10,186490181.5,-6.45389323791883,1.090129022577692e-10,-0.07215496001247337,-0.04256597173011034,GCST90200459,cancerType_celltype,CRC_Epi_CRC,tissue,Tumor,Adjacent,group2_higher,2.6504043881827767e-10,1.2786969516122154e-10
41434,9402,0.2199603450414989,0.17604729269885147,0.20516914129257197,0.15503138303756708,0.6528909922272541,0.7328776874877398,0.04391305234264742,0.05013775825500488,,0.022440606743844065,0.32127877753672557,5.348294134052213,5.348294134052213,9.029135406402346e-08,203041146.0,6.429652954507838,1.2789593499460878e-10,0.0656982559032065,0.04240609749910518,GCST90199753,cancerType_celltype,CRC_Epi_CRC,tissue,Tumor,Adjacent,group1_higher,1.0359184813911109e-07,1.4989007686814423e-10
41434,9402,0.2896243711482844,0.25215583280273735,0.2720474600791931,0.1990110799670219,0.7418099654411271,0.8078597526239274,0.03746853834554703,0.07303638011217123,,0.019215715863693195,0.1998666687156665,4.12026709358463,4.12026709358463,3.8073702326350546e-05,202970183.0,6.374414174408154,1.8366409851316102e-10,0.049662668959731406,0.042041775954658966,GCST90199656,cancerType_celltype,CRC_Epi_CRC,tissue,Tumor,Adjacent,group1_higher,4.201980264843384e-05,2.1506371672975813e-10
41434,9402,0.030387142629334316,-0.017517163663930458,0.0243348693475127,-0.03193826787173745,0.7836902527564019,0.7136463843286636,0.047904306293264774,0.056273137219250154,,0.020158654305018772,0.7946569449793445,5.7673666262526915,5.7673666262526915,8.210637309989323e-09,202966292.0,6.371385355257782,1.8732877193824758e-10,0.062115269100560894,0.042021799697603335,GCST90200817,cancerType_celltype,CRC_Epi_CRC,tissue,Tumor,Adjacent,group1_higher,9.573223826788235e-09,2.1916662330629312e-10
41434,9402,0.08912010732989661,0.1381705543051123,0.0699648447334766,0.10994183644652365,0.5832109181523968,0.6105502784638728,-0.049050446975215684,-0.039976991713047055,,-0.03267041999741065,0.6326215719670744,-7.090376920511496,-7.090376920511496,1.4036559359772847e-12,186627223.5,-6.34721746459441,2.1924467207537308e-10,-0.08336770571256315,-0.04186240292532495,GCST90199758,cancerType_celltype,CRC_Epi_CRC,tissue,Tumor,Adjacent,group2_higher,1.714321721090537e-12,2.5628686795774744e-10
41434,9402,0.24915876656518304,0.31481875748634763,0.19221493601799006,0.2709181308746338,1.0106397389712598,0.9877627314377317,-0.06565999092116459,-0.07870319485664373,,-0.024593279793024173,0.3374549585765161,-5.793984507321684,-5.793984507321684,7.019120263008765e-09,186670579.5,-6.313468432704525,2.7285068850034157e-10,-0.0652393170287053,-0.041639814747246096,GCST90199845,cancerType_celltype,CRC_Epi_CRC,tissue,Tumor,Adjacent,group2_higher,8.190976813767933e-09,3.186765110762344e-10
41434,9402,-0.18940987533863565,-0.2737643455416073,-0.23887067288160319,-0.3332241177558899,1.1145360057913942,0.9986360904010624,0.08435447020297163,0.09435344487428671,,0.03125670928905389,-0.5314206673695809,7.231996347158344,7.231996347158344,4.986586626138098e-13,202811883.5,6.251191209336358,4.073348230830284e-10,0.07710450384013658,0.0412290718930346,GCST90200298,cancerType_celltype,CRC_Epi_CRC,tissue,Tumor,Adjacent,group1_higher,6.123168983266871e-13,4.753402087861025e-10
41434,9402,-0.1744445228892102,-0.21836682470509183,-0.2162735685706138,-0.2536357641220093,0.753065314297931,1.0028694371862417,0.04392230181588164,0.03736219555139547,,0.023590484741033462,-0.32398372724089414,3.9985811835343785,3.9985811835343785,6.410777288181726e-05,202748875.5,6.202144733616323,5.56989545218796e-10,0.054553349772206036,0.04090559103861113,GCST90199795,cancerType_celltype,CRC_Epi_CRC,tissue,Tumor,Adjacent,group1_higher,7.04668503531588e-05,6.494240805245671e-10
41434,9402,0.28183540212222485,0.24291311457339987,0.23795747756958005,0.16960478574037546,0.7896085917862826,0.8471769656501386,0.038922287548824985,0.06835269182920459,,0.019088067384749295,0.21441164235797378,4.071597388999976,4.071597388999976,4.6961001410554514e-05,202733575.0,6.190234569799753,6.007489664569987e-10,0.04861839664387323,0.040827038810114624,GCST90200506,cancerType_celltype,CRC_Epi_CRC,tissue,Tumor,Adjacent,group1_higher,5.17444178840629e-05,6.998468728896488e-10
41434,9402,0.01306498280202887,0.08387365931268448,0.0010816481080837001,0.0659711584448814,0.9499699580913027,0.950200789423745,-0.07080867651065562,-0.0648895103367977,,-0.025673665165728724,2.6824193553763322,-6.523692318306476,-6.523692318306476,7.095664188014876e-11,186918774.5,-6.120269314476138,9.341756194789212e-10,-0.07453445638123729,-0.040365590352507974,GCST90201007,cancerType_celltype,CRC_Epi_CRC,tissue,Tumor,Adjacent,group2_higher,8.483675691459891e-11,1.087345319683834e-09
41434,9402,-0.12622134378357477,-0.13589923157295603,-0.15046589076519004,-0.18788216263055801,0.4501849466742165,0.5867331257334677,0.009677887789381251,0.03741627186536797,,0.00902193930560927,-0.10658059673952494,1.5021824176430265,1.5021824176430265,0.13307624777377963,202628133.5,6.108157151541213,1.0078833491311118e-09,0.02023037131936964,0.04028570586014468,GCST90200082,cancerType_celltype,CRC_Epi_CRC,tissue,Tumor,Adjacent,group1_higher,0.13699616745895893,1.1721373761652777e-09
41434,9402,-0.5940981139050169,-0.6882215843107723,-0.6589661538600922,-0.7202497720718384,1.1523479964370182,1.1686809401011862,0.09412347040575542,0.061283618211746216,,0.03237057304552727,-0.21217159872203,7.0684209532564815,7.0684209532564815,1.6420220117681607e-12,202592383.5,6.080328756623246,1.199366723390708e-09,0.08146496120275326,0.040102166618371404,GCST90200501,cancerType_celltype,CRC_Epi_CRC,tissue,Tumor,Adjacent,group1_higher,2.0018568891234372e-12,1.3936375481513514e-09
41434,9402,-0.23062103774745274,-0.18508494964201636,-0.2932397425174713,-0.24480796605348584,0.7393114046212161,0.7281446239263452,-0.045536088105436384,-0.04843177646398547,,-0.023090936157147003,-0.31733499980625013,-5.4588758752005395,-5.4588758752005395,4.872369397104732e-08,187000112.5,-6.056954461725435,1.3872317460567832e-09,-0.06176402980648047,-0.03994800392321163,GCST90199716,cancerType_celltype,CRC_Epi_CRC,tissue,Tumor,Adjacent,group2_higher,5.6089860542683696e-08,1.6105595143742723e-09
41434,9402,-0.3371486663830376,-0.39896060411545603,-0.4172278344631195,-0.4742342531681061,0.85503842557768,0.8694422221955684,0.06181193773241844,0.05700641870498657,,0.030828487456344613,-0.24286073872094205,6.242494543578139,6.242494543578139,4.432267421957453e-10,202558699.5,6.054108570485712,1.4119770118579019e-09,0.07206536751812258,0.039929234147885184,GCST90200778,cancerType_celltype,CRC_Epi_CRC,tissue,Tumor,Adjacent,group1_higher,5.234991764409019e-10,1.637893333755166e-09
41434,9402,-0.04102506740901539,-0.09603119264612038,-0.0798326432704925,-0.137502871453762,0.9156071301823984,0.9584937837717342,0.05500612523710499,0.0576702281832695,,0.022810229039074155,-1.2269772481677979,5.064853109918385,5.064853109918385,4.1408119299703364e-07,202557885.5,6.053474939339888,1.4175447664821359e-09,0.05955051624466513,0.0399250551005339,GCST90200987,cancerType_celltype,CRC_Epi_CRC,tissue,Tumor,Adjacent,group1_higher,4.7071948795242445e-07,1.642953670676149e-09
41434,9402,0.08831700119876362,0.04909878899045525,0.05008639022707935,-0.010587266180664249,0.746296972230652,0.7744094015913461,0.03921821220830837,0.060673656407743595,,0.019103628485671344,0.8469906971263175,4.462744062827075,4.462744062827075,8.156477587952341e-06,202543821.5,6.042527287699992,1.5171904508870174e-09,0.05218135431959279,0.03985285101951863,GCST90200287,cancerType_celltype,CRC_Epi_CRC,tissue,Tumor,Adjacent,group1_higher,9.112523731458231e-06,1.7569503692090098e-09
41434,9402,0.08501898079466629,-0.019096051695447976,-0.01680739410221575,-0.12845232337713236,1.5231167287421188,1.6833048627991396,0.10411503249011426,0.11164492927491661,,0.022997457895216608,2.1544520085756385,5.507548278968072,5.507548278968072,3.7071572851678213e-08,202516240.0,6.02105738911454,1.7328171742712193e-09,0.06699868682911028,0.0397112485692539,GCST90200873,cancerType_celltype,CRC_Epi_CRC,tissue,Tumor,Adjacent,group1_higher,4.278455020900712e-08,2.0049489036771407e-09
41434,9402,0.1648027123110668,0.25437438255630523,0.11247099190950391,0.1644602939486503,0.9061463844048899,1.0535423532873496,-0.08957167024523843,-0.051989302039146396,,-0.04045884609362185,0.6262103185226675,-7.628387850633843,-7.628387850633843,2.5456301404211305e-14,187161158.0,-5.931593964557282,3.000085002040194e-09,-0.09578242600071508,-0.03912120199423319,GCST90199675,cancerType_celltype,CRC_Epi_CRC,tissue,Tumor,Adjacent,group2_higher,3.1657790888631395e-14,3.468291652061734e-09
41434,9402,0.308676594370943,0.3788699577163198,0.27796974778175354,0.32497207820415497,0.818701876159479,0.8824975193333318,-0.07019336334537679,-0.04700233042240143,,-0.029233789878760772,0.29560578707036056,-7.054323774983718,-7.054323774983718,1.820114250294533e-12,187175557.5,-5.92038515413431,3.211892825223826e-09,-0.08448184571280123,-0.03904727546802589,GCST90200418,cancerType_celltype,CRC_Epi_CRC,tissue,Tumor,Adjacent,group2_higher,2.21699349700755e-12,3.710008407440741e-09
41434,9402,0.034592560177122506,0.08738513868583239,5.698307177226525e-06,0.04737717285752295,0.6525669891497106,0.691610016290719,-0.052792578508709886,-0.047371474550345724,,-0.02971288606401255,1.3369009600109765,-6.7509696623992745,-6.7509696623992745,1.5288008915924646e-11,187177867.5,-5.9185870116934565,3.2471997031390127e-09,-0.0799934184732888,-0.039035416009326696,GCST90199896,cancerType_celltype,CRC_Epi_CRC,tissue,Tumor,Adjacent,group2_higher,1.8456648496373156e-11,3.747614898711663e-09
41434,9402,-0.42968430823159304,-0.4226173858365385,-0.4926407039165497,-0.5482960343360901,0.6216640629035182,0.7637607481946938,-0.00706692239505452,0.055655330419540405,,-0.004830181657003647,-0.02392491694864587,-0.8365096101380421,-0.8365096101380421,0.4028844228626597,202198102.5,5.773413864968672,7.768150439855612e-09,-0.010867387691531472,0.038077941841152985,GCST90200668,cancerType_celltype,CRC_Epi_CRC,tissue,Tumor,Adjacent,group2_higher,0.41041215871584835,8.957689551204062e-09
41434,9402,-0.19822254396079184,-0.11342773106499617,-0.2715683579444885,-0.1969983875751495,1.110158140006089,1.164745419384015,-0.08479481289579567,-0.07456997036933902,,-0.03086168631475727,-0.8053422127885441,-6.427599190658343,-6.427599190658343,1.3397692354273393e-10,187394996.0,-5.749570574044623,8.947060700778045e-09,-0.07567899725159122,-0.03792068593219822,GCST90199715,cancerType_celltype,CRC_Epi_CRC,tissue,Tumor,Adjacent,group2_higher,1.593460268662708e-10,1.0308405524226943e-08
41434,9402,-0.035078552090087214,0.023906809481462586,-0.0557986665517091,-0.033785147592425305,0.6714800195036124,0.6740649481992457,-0.0589853615715498,-0.022013518959283794,,-0.02944442113570396,-0.553148375732387,-7.665721173643189,-7.665721173643189,1.8954291136070007e-14,187430106.0,-5.722240365776935,1.05128669563127e-08,-0.08778121573902672,-0.03774043242790015,GCST90200836,cancerType_celltype,CRC_Epi_CRC,tissue,Tumor,Adjacent,group2_higher,2.3614898371538774e-14,1.2102227754606596e-08
41434,9402,-0.25739571524884763,-0.2832895689950064,-0.2829809933900833,-0.3267882764339447,0.5548676280372772,0.6028168759490719,0.025893853746158768,0.04380728304386139,,0.015995133279702943,-0.13828893104474527,3.8144975717717737,3.8144975717717737,0.0001370795378872678,202108223.0,5.70345016647834,1.174066418849595e-08,0.04590763469965821,0.03761650365147595,GCST90199840,cancerType_celltype,CRC_Epi_CRC,tissue,Tumor,Adjacent,group1_higher,0.00014983112280701362,1.3504240750143443e-08
41434,9402,-0.36121296395365515,-0.41308133002541464,-0.4347199350595474,-0.48487037420272827,0.8303008062337291,0.8267028852172521,0.051868366071759486,0.05015043914318085,,0.027764693794680374,-0.1935756827358362,5.487896768696368,5.487896768696368,4.138029326627779e-08,202088889.5,5.688400648348367,1.2823497435958917e-08,0.06251938028273389,0.03751724614292162,GCST90200502,cancerType_celltype,CRC_Epi_CRC,tissue,Tumor,Adjacent,group1_higher,4.7716869477103746e-08,1.4737290898155146e-08
41434,9402,-0.3030553758538661,-0.23738029619220544,-0.3186518400907516,-0.22373315691947934,1.1891009533383703,1.2056302951216804,-0.06567507966166067,-0.09491868317127225,,-0.015296192724794577,-0.35237992875496454,-4.780636911768498,-4.780636911768498,1.7653650826512534e-06,187507272.0,-5.662173067252744,1.4946830046828792e-08,-0.05508845179337223,-0.03734426489976961,GCST90199683,cancerType_celltype,CRC_Epi_CRC,tissue,Tumor,Adjacent,group2_higher,1.9918812977265384e-06,1.7163040736164824e-08
41434,9402,0.033610095057910676,-0.028991285608427588,-0.00822516158223145,-0.08162876591086385,1.0773060065694597,0.9969371696854483,0.06260138066633826,0.0734036043286324,,0.02028926606514644,0.2132684739526082,5.413587531935726,5.413587531935726,6.27366757162074e-08,202049656.0,5.65786063906126,1.5327185598656144e-08,0.05889671427071564,0.03731582273475076,GCST90199740,cancerType_celltype,CRC_Epi_CRC,tissue,Tumor,Adjacent,group1_higher,7.216041265923264e-08,1.7584978090040676e-08
41434,9402,0.3321100182669784,0.30622591829298906,0.3143971562385559,0.2601618617773056,0.727953392584447,0.8628813368340047,0.025884099973989327,0.054235294461250305,,0.013931364783015777,0.11706448137802992,2.698875166801659,2.698875166801659,0.006966697195970465,202032078.5,5.644178020552992,1.6597264806121843e-08,0.034295998375141384,0.03722558046839364,GCST90200111,cancerType_celltype,CRC_Epi_CRC,tissue,Tumor,Adjacent,group1_higher,0.0073953335499281495,1.9026132826529916e-08
41434,9402,-0.38610177488385683,-0.46063865563004536,-0.43972367048263544,-0.4759959876537323,0.8972915972622123,0.9079153689138051,0.07453688074618853,0.03627231717109686,,0.03707613811810933,-0.2546536926400577,7.202198715189236,7.202198715189236,6.230004852883001e-13,202010921.0,5.6277086704697235,1.8261958997770307e-08,0.08288637632237414,0.0371169586080351,GCST90200586,cancerType_celltype,CRC_Epi_CRC,tissue,Tumor,Adjacent,group1_higher,7.629377012110989e-13,2.0916848835261283e-08
41434,9402,0.09450286948422579,0.19305110009470788,0.0672441385686397,0.14509396255016327,1.2727139914634076,1.3461017639701938,-0.0985482306104821,-0.07784982398152357,,-0.03008158341287284,1.0305449413948022,-6.472555931426898,-6.472555931426898,9.96942647645912e-11,187557219.5,-5.623293102073299,1.87351542163795e-08,-0.07659576799006704,-0.037087836192679635,GCST90200559,cancerType_celltype,CRC_Epi_CRC,tissue,Tumor,Adjacent,group2_higher,1.1898711284950772e-10,2.1440818805142954e-08
41434,9402,-0.1735756480793517,-0.07723417025074801,-0.1942772418260574,-0.1741539537906646,0.7909948748554484,0.9246154595519449,-0.09634147782860368,-0.020123288035392817,,-0.04186011626191668,-1.1682430135070727,-9.356214338522761,-9.356214338522761,9.635966562097032e-21,187562408.0,-5.619254287331149,1.9178384632497986e-08,-0.11786994869044794,-0.03706119861628965,GCST90200163,cancerType_celltype,CRC_Epi_CRC,tissue,Tumor,Adjacent,group2_higher,1.2556235587130263e-20,2.19296461863211e-08
41434,9402,-0.4216845607308585,-0.3643979455056298,-0.4865584969520569,-0.4542250335216522,0.7280017118910367,0.7728683103140956,-0.05728661522522871,-0.03233346343040466,,-0.029772803897889093,-0.2106488377115499,-6.557312725567598,-6.557312725567598,5.6787959252100194e-11,187579762.5,-5.605745255733837,2.0736122873147314e-08,-0.07778168989027462,-0.03697210122408401,GCST90199864,cancerType_celltype,CRC_Epi_CRC,tissue,Tumor,Adjacent,group2_higher,6.801580708313933e-11,2.3690976928834693e-08
41434,9402,-0.037803602113911795,0.035326468054904143,-0.07148332148790354,-0.0139996567741036,0.9696116703379858,1.0669723337082788,-0.07313007016881594,-0.05748366471379994,,-0.026292665249255803,-0.09777151655826681,-6.098959683106372,-6.098959683106372,1.0975442529224136e-09,187593929.0,-5.594717816388233,2.2098137907582268e-08,-0.07399281179061959,-0.03689937091167628,GCST90200534,cancerType_celltype,CRC_Epi_CRC,tissue,Tumor,Adjacent,group2_higher,1.2896144971838361e-09,2.5225931296511415e-08
41434,9402,-0.01551447452737612,0.06895583038986773,-0.087152250111103,-0.0133320512250065,1.3500548748663912,1.3100217820378117,-0.08447030491724385,-0.0738201988860965,,-0.02375399079199274,2.1519856411542357,-5.612424861852718,-5.612424861852718,2.032199157579382e-08,187631293.5,-5.565632667803271,2.6120354872959582e-08,-0.06290884534483215,-0.036707542883725686,GCST90199728,cancerType_celltype,CRC_Epi_CRC,tissue,Tumor,Adjacent,group2_higher,2.3553464726026338e-08,2.9792505181459337e-08
41434,9402,0.5633203777046151,0.5280167313094905,0.5522499680519104,0.4645339250564575,0.991281583642708,1.0422387437469505,0.03530364639512462,0.08771604299545288,,0.01276727720264109,0.0933718446261414,2.9917170025301725,2.9917170025301725,0.0027791343434159866,201929396.5,5.564248643015463,2.632849104940382e-08,0.03527186982974454,0.03669841469430257,GCST90200526,cancerType_celltype,CRC_Epi_CRC,tissue,Tumor,Adjacent,group1_higher,0.0029639750470078167,3.00047937293791e-08
41434,9402,0.14922464799095106,0.09859680012016325,0.1083270385861396,0.042007334530353505,0.9315251200179189,0.9173044160884843,0.05062784787078781,0.06631970405578609,,0.019926145548994464,0.5978681553326526,4.8175652546377465,4.8175652546377465,1.4682807692471481e-06,201921504.0,5.558104989675881,2.727199400175942e-08,0.05450233034593273,0.03665789487708038,GCST90200118,cancerType_celltype,CRC_Epi_CRC,tissue,Tumor,Adjacent,group1_higher,1.659425114829074e-06,3.105407504126824e-08
41434,9402,0.3152757993690922,0.38833834663283306,0.26559844613075256,0.3372407555580139,1.2380942055265967,1.1325874825218756,-0.07306254726374084,-0.07164230942726135,,-0.020978151417836724,0.30069888015546986,-5.547954526167139,-5.547954526167139,2.9394125315205287e-08,187642718.0,-5.556739646887458,2.7486087554267692e-08,-0.059923161517042446,-0.036648889902812676,GCST90200540,cancerType_celltype,CRC_Epi_CRC,tissue,Tumor,Adjacent,group2_higher,3.395270576663119e-08,3.12717340037286e-08
41434,9402,0.7906997937190685,0.8977867414541717,0.7933750450611115,0.8135743141174316,1.0764519795256167,1.1820794052665813,-0.10708694773510319,-0.02019926905632019,,-0.03263299538632513,0.1832425247326707,-8.05860756338977,-8.05860756338977,8.378470363900816e-16,187688280.5,-5.52127303867907,3.365530744877475e-08,-0.09763996952639784,-0.03641497363139201,GCST90200101,cancerType_celltype,CRC_Epi_CRC,tissue,Tumor,Adjacent,group2_higher,1.0573939912960011e-15,3.825870229581317e-08
41434,9402,-0.4327665474631452,-0.42995922212697973,-0.48322105407714844,-0.5088133811950684,0.43232399868487104,0.5244659242794799,-0.002807325336165456,0.025592327117919922,,-0.0025866583660892977,-0.009389123147517178,-0.4831116594784001,-0.4831116594784001,0.6290249467106601,201865276.5,5.514336567990567,3.500988354288791e-08,-0.006227623127748345,0.036369224871016126,GCST90200755,cancerType_celltype,CRC_Epi_CRC,tissue,Tumor,Adjacent,group2_higher,0.634612140907942,3.9765392724130185e-08
41434,9402,-0.1407452458992343,-0.15481448770669815,-0.14633782207965845,-0.1924677938222885,0.49742824355321164,0.5536695577046568,0.014069241807463856,0.04612997174263006,,0.011127765875533586,-0.13745336353227414,2.2652128958377373,2.2652128958377373,0.023515925686892244,201837484.0,5.49270242349385,3.9583031749681966e-08,0.02767909562903159,0.036226539154177395,GCST90199965,cancerType_celltype,CRC_Epi_CRC,tissue,Tumor,Adjacent,group1_higher,0.024712572637805803,4.4922291652636563e-08
41434,9402,0.1181020612349118,0.15161097422349462,0.09369194135069839,0.12929690629243845,0.5000588576317264,0.5230692012563254,-0.033508912988582815,-0.035604964941740064,,-0.02614841279397464,0.3603373412858381,-5.653111711124781,-5.653111711124781,1.6074291123415882e-08,187731606.5,-5.487547359288417,4.0755366789343394e-08,-0.06643408256332244,-0.03619253947225742,GCST90200903,cancerType_celltype,CRC_Epi_CRC,tissue,Tumor,Adjacent,group2_higher,1.8646177703162423e-08,4.6214280311044126e-08
41434,9402,-0.16025882379420275,-0.19127777487623587,-0.21771214902400965,-0.27125535905361176,0.7815174787668836,0.8142778979061516,0.03101895108203312,0.053543210029602106,,0.01655135772842611,-0.25526399929325966,3.3592875590869595,3.3592875590869595,0.0007835830948966614,201805394.0,5.46772303348217,4.558544337174553e-08,0.039380206371552796,0.03606179022359002,GCST90200933,cancerType_celltype,CRC_Epi_CRC,tissue,Tumor,Adjacent,group1_higher,0.0008449555050191055,5.164834523332431e-08
41434,9402,0.3619127035641385,0.43529247070716204,0.32894615828990936,0.37844751775264734,0.9162390374001265,0.972826137590851,-0.07337976714302352,-0.04950135946273798,,-0.02625528433981414,0.2663426450209999,-6.673109799950793,-6.673109799950793,2.602516157516635e-11,187782474.0,-5.4479512507991945,5.095342972668313e-08,-0.07916136724691583,-0.03593138751754699,GCST90200880,cancerType_celltype,CRC_Epi_CRC,tissue,Tumor,Adjacent,group2_higher,3.1391411705267026e-11,5.768232949955906e-08
41434,9402,-0.39087333701521676,-0.30489148022179435,-0.4271263927221298,-0.3861518800258636,0.8834984414251141,0.976453054483735,-0.0859818567934224,-0.04097451269626623,,-0.036211604648770504,-0.35840429853162814,-7.840894463718914,-7.840894463718914,4.817771041768883e-15,187786968.0,-5.444453046414262,5.196492208340833e-08,-0.09538577257130892,-0.03590831547971407,GCST90200417,cancerType_celltype,CRC_Epi_CRC,tissue,Tumor,Adjacent,group2_higher,6.024423788927512e-15,5.8778579916751496e-08
41434,9402,0.5541816184665619,0.6149451586559141,0.5372520983219147,0.5981476008892059,0.8028364278553348,0.9002326515972893,-0.06076354018935226,-0.06089550256729126,,-0.029377651654883128,0.15009863899126394,-6.023802519919225,-6.023802519919225,1.7496630053710546e-09,187906362.0,-5.3515147699713035,8.722120491461347e-08,-0.07394686634851091,-0.03529535088580449,GCST90199789,cancerType_celltype,CRC_Epi_CRC,tissue,Tumor,Adjacent,group2_higher,2.0470306234512854e-09,9.857587255275137e-08
41434,9402,-0.2720508371729944,-0.21651327546244556,-0.32385575771331787,-0.2844198197126388,0.7332948275772407,0.7804537136319019,-0.05553756171054883,-0.03943593800067907,,-0.0274158085012159,-0.32941942150891573,-6.297977307693189,-6.297977307693189,3.109575821557571e-10,187960931.5,-5.309036963076871,1.1020621933063498e-07,-0.0748240599388817,-0.035015192993386623,GCST90200333,cancerType_celltype,CRC_Epi_CRC,tissue,Tumor,Adjacent,group2_higher,3.685523343289539e-10,1.244499394761023e-07
41434,9402,-0.06046496680621041,-0.10822693160761676,-0.10950453951954835,-0.15740402042865748,0.8086031468135332,0.8105590550270794,0.04776196480140635,0.04789948090910913,,0.024941447948995766,-0.8398776230249789,5.160527099111698,5.160527099111698,2.4963227404479527e-07,201574104.0,5.287683048570936,1.2387563995900343e-07,0.059040813672769414,0.03487435550387774,GCST90200303,cancerType_celltype,CRC_Epi_CRC,tissue,Tumor,Adjacent,group1_higher,2.8472702052138576e-07,1.397702791921537e-07
41434,9402,0.1596644838760441,0.20472050846512588,0.15440350770950315,0.20224876701831815,0.6446508117017693,0.7470858618880228,-0.04505602458908178,-0.047845259308815,,-0.02260095482963639,0.3586102149522501,-5.408708210553974,-5.408708210553974,6.462534274720043e-08,188066676.5,-5.226723295367767,1.7254077801213147e-07,-0.0677752997847108,-0.03447230188509842,GCST90200112,cancerType_celltype,CRC_Epi_CRC,tissue,Tumor,Adjacent,group2_higher,7.427010300542512e-08,1.9445240666568887e-07
41434,9402,0.08472076120984558,0.1524082870150924,0.06279817596077916,0.08598094061017035,0.6301775886991307,0.7342770454191709,-0.06768752580524683,-0.023182764649391188,,-0.04236639165774623,0.8471463299724882,-8.2736686265991,-8.2736686265991,1.42757851318574e-16,188066792.0,-5.226633388245725,1.7262466035618748e-07,-0.10402492506490638,-0.034471708912163446,GCST90200844,cancerType_celltype,CRC_Epi_CRC,tissue,Tumor,Adjacent,group2_higher,1.808354566423944e-16,1.9445240666568887e-07
41434,9402,0.2940361652400051,0.25171505674755645,0.2759139835834503,0.22187020629644388,0.7727819173720678,0.8330539372037569,0.042321108492448634,0.054043777287006434,,0.019693466744074732,0.22420127035888504,4.505690879502088,4.505690879502088,6.672062915589265e-06,201467193.5,5.204462136266676,1.945596945164641e-07,0.05396190480507864,0.03432548075960962,GCST90200223,cancerType_celltype,CRC_Epi_CRC,tissue,Tumor,Adjacent,group1_higher,7.472491170047796e-06,2.189800690552771e-07
41434,9402,0.35212793007289217,0.34652940170600754,0.3333679437637329,0.24504035711288452,0.7669698946534724,0.880567088739336,0.005598528366884625,0.08832758665084839,,0.002255432213364379,0.023121832430056305,0.5694175327527228,0.5694175327527228,0.5690827899383128,201442505.5,5.185244586232137,2.157320061643094e-07,0.0070938268506886065,0.03419873343650748,GCST90200631,cancerType_celltype,CRC_Epi_CRC,tissue,Tumor,Adjacent,group1_higher,0.5749887640370055,2.4260950858247003e-07
41434,9402,-0.13347413187429139,-0.17494341421984563,-0.19472389668226242,-0.28928063809871674,1.1001506405881842,1.138636493682975,0.04146928234555425,0.09455674141645432,,0.014422672291738662,-0.39032562727335174,3.2079664481133467,3.2079664481133467,0.0013398526940284986,201427409.0,5.173493219410344,2.2975794318040885e-07,0.037448482096941266,0.034121228536831305,GCST90200466,cancerType_celltype,CRC_Epi_CRC,tissue,Tumor,Adjacent,group1_higher,0.0014357069355038078,2.5816988998754926e-07
41434,9402,0.261670341607716,0.22896148104694264,0.2663005441427231,0.21701034903526306,0.7149934554117259,0.726751581032145,0.03270886056077338,0.04929019510746002,,0.01555684436723746,0.1926447179013957,3.951619814580024,3.951619814580024,7.80096462356682e-05,201388445.0,5.143162993408003,2.7015160517707443e-07,0.045607445287247396,0.03392118873217531,GCST90200375,cancerType_celltype,CRC_Epi_CRC,tissue,Tumor,Adjacent,group1_higher,8.560961982223492e-05,3.033085979047384e-07
41434,9402,-0.5572543128237323,-0.5021551755419061,-0.6106885075569153,-0.588055431842804,0.5721585698807987,0.6434662247089084,-0.05509913728182614,-0.022633075714111328,,-0.04057386173396571,-0.15020233967504462,-7.645341911730905,-7.645341911730905,2.2301556298756264e-14,188270636.0,-5.067957826465079,4.0210728724264434e-07,-0.09402579878381973,-0.03342518099048497,GCST90200669,cancerType_celltype,CRC_Epi_CRC,tissue,Tumor,Adjacent,group2_higher,2.7759836744479257e-14,4.510882572112956e-07
41434,9402,0.3417018849815963,0.32810533605522924,0.3278459310531616,0.28106147050857544,0.6420307659105642,0.7516125022704726,0.01359654892636708,0.04678446054458618,,0.007301874697519415,0.05857897444396889,1.6247077496197067,1.6247077496197067,0.10424967416818917,201285225.5,5.062815216925903,4.131110654220887e-07,0.020487178266130595,0.03339126345200172,GCST90200404,cancerType_celltype,CRC_Epi_CRC,tissue,Tumor,Adjacent,group1_higher,0.10780903330139745,4.6305130112689714e-07
41434,9402,-0.10215211153525508,-0.10051809554267646,-0.1409404426813125,-0.19906824827194208,0.5978643729505336,0.7148828427234869,-0.001634015992578619,0.05812780559062958,,-0.0011294302452099286,-0.023263553332718553,-0.20589440157459923,-0.20589440157459923,0.836876738292104,201283558.5,5.061517596385253,4.159331921879026e-07,-0.002630550355625775,0.03338270513267205,GCST90200372,cancerType_celltype,CRC_Epi_CRC,tissue,Tumor,Adjacent,group2_higher,0.8405770038998804,4.6583150447995993e-07
41434,9402,-0.5267336941227753,-0.5707735115660434,-0.6022849082946777,-0.6578973233699799,0.9459409056047051,0.9206328874591045,0.044039817443268126,0.055612415075302124,,0.0183011374762765,-0.1158444236828916,4.1661506806472515,4.1661506806472515,3.116110100150391e-05,201220315.0,5.012287803546247,5.378678375849401e-07,0.046785576687417986,0.033058015229537,GCST90199986,cancerType_celltype,CRC_Epi_CRC,tissue,Tumor,Adjacent,group1_higher,3.447449729305993e-05,6.018997230117187e-07
41434,9402,-0.06561181066690301,-0.13645443661338155,-0.15781132131814957,-0.2794705927371979,1.6060123053681268,1.4632927868194219,0.07084262594647854,0.12165927141904831,,0.017058970462189283,-1.0563804466350561,4.160081490510123,4.160081490510123,3.1990699720568125e-05,201187985.5,4.9871219827490325,6.128549705392962e-07,0.04482036898377378,0.03289203671437879,GCST90199687,cancerType_celltype,CRC_Epi_CRC,tissue,Tumor,Adjacent,group1_higher,3.5363603989565576e-05,6.852512919155543e-07
41434,9402,-0.11372211812693635,-0.06098390215054491,-0.1475603580474853,-0.10102777928113929,0.9786550099936074,0.9407915703200092,-0.05273821597639144,-0.046532578766346006,,-0.021511204634301305,-0.8990015330221368,-4.87037011155462,-4.87037011155462,1.1257379230325135e-06,188490127.5,-4.897101990293415,9.726055686752935e-07,-0.05427060515771799,-0.03229831935452265,GCST90200659,cancerType_celltype,CRC_Epi_CRC,tissue,Tumor,Adjacent,group2_higher,1.274402648748601e-06,1.0866076968069057e-06
41434,9402,-0.5190653756154853,-0.5757108991352249,-0.5964711010456085,-0.6589755117893219,0.9282869727444624,0.9190294567610743,0.056645523519739616,0.06250441074371338,,0.025218873425437764,-0.14942799597433667,5.385516777417878,5.385516777417878,7.339628374537094e-08,201025010.5,4.86025953067195,1.1723219485928356e-06,0.06113385484544061,0.03205532880030937,GCST90200837,cancerType_celltype,CRC_Epi_CRC,tissue,Tumor,Adjacent,group1_higher,8.42789677716433e-08,1.3086607829091195e-06
41434,9402,0.13758816786011524,0.09200908452784376,0.11298409476876256,0.07589560002088545,0.8984960810220162,0.9604378500444324,0.04557908333227148,0.03708849474787711,,0.019770273261870485,0.5805029959924524,4.20311362369232,4.20311362369232,2.6497731942146545e-05,200947238.0,4.799720122454954,1.588878239005806e-06,0.05007210173534469,0.03165604752252471,GCST90201008,cancerType_celltype,CRC_Epi_CRC,tissue,Tumor,Adjacent,group1_higher,2.9362933851338002e-05,1.7722103435064762e-06
41434,9402,0.1543572277495782,0.17075545208950382,0.12030771002173421,0.0661893486976623,0.6022136971644413,0.7562007514995325,-0.016398224339925632,0.05411836132407191,,-0.010718066789264288,0.14565770734804823,-1.9659566985964945,-1.9659566985964945,0.049326173644477424,200911047.5,4.7715488350066,1.8281499544077994e-06,-0.025884362707600174,0.03147024676925492,GCST90200155,cancerType_celltype,CRC_Epi_CRC,tissue,Tumor,Adjacent,group2_higher,0.051479000518700406,2.0374230481257814e-06
41434,9402,-0.4421043710609553,-0.4729626291750898,-0.5063138902187347,-0.5472375452518463,0.7904279500307605,0.8546213453245126,0.030858258114134507,0.04092365503311157,,0.018365445721638042,-0.09733898337142768,3.2039536915916624,3.2039536915916624,0.0013587413585665706,200886308.5,4.752291585723366,2.0112442855718154e-06,0.038443719851173105,0.03134323761394797,GCST90200666,cancerType_celltype,CRC_Epi_CRC,tissue,Tumor,Adjacent,group1_higher,0.0014548031985280722,2.2396453931653467e-06
41434,9402,-0.005832462329488678,0.07540731233309154,-0.05979998968541615,-0.011175290681421701,1.003004348425823,1.088280951888547,-0.08123977466258023,-0.04862469900399445,,-0.030907171721403764,3.6922992377622594,-6.627712987875604,-6.627712987875604,3.541070953003574e-11,188683269.5,-4.746757043405416,2.067043893050983e-06,-0.07970053140657338,-0.03130673512418558,GCST90200252,cancerType_celltype,CRC_Epi_CRC,tissue,Tumor,Adjacent,group2_higher,4.248661715619605e-11,2.2999027152885634e-06
41434,9402,-0.38069241671267373,-0.4203583088241482,-0.42991209030151367,-0.47406414151191706,0.7935315806070871,0.8325771254768928,0.03966589211147448,0.04415205121040339,,0.018793424836898536,-0.1429934000671787,4.206352581696504,4.206352581696504,2.611949009790183e-05,200872298.5,4.741385968582088,2.1226152395274763e-06,0.04952689760600822,0.03127131076703216,GCST90200797,cancerType_celltype,CRC_Epi_CRC,tissue,Tumor,Adjacent,group1_higher,2.8967343371391534e-05,2.359807970208769e-06
41434,9402,-0.23423450154063966,-0.2644975721733601,-0.2764550745487213,-0.33064696192741394,0.7458123240332871,0.7790070342610631,0.030263070632720462,0.05419188737869263,,0.016777489708144803,-0.1753001820985806,3.427285629654483,3.427285629654483,0.0006114541313398335,200863597.5,4.734612965388207,2.1947392613927767e-06,0.04024014712569022,0.031226640139265127,GCST90200081,cancerType_celltype,CRC_Epi_CRC,tissue,Tumor,Adjacent,group1_higher,0.0006598669683421957,2.438002944807135e-06
41434,9402,0.16807496919278841,0.14104778509804644,0.16186289489269257,0.10615788772702209,0.712707620758686,0.7352016630940985,0.027027184094741974,0.05570500716567048,,0.014011503955102037,0.2529192292002064,3.236165189450297,3.236165189450297,0.0012143508472869753,200822603.5,4.702702553604511,2.5674079965778425e-06,0.037698983944042586,0.031016178386055415,GCST90200562,cancerType_celltype,CRC_Epi_CRC,tissue,Tumor,Adjacent,group1_higher,0.0013032757518520845,2.8496556183514655e-06
41434,9402,-0.30245140329813824,-0.3188303040882168,-0.3890583664178848,-0.48379935324192047,1.009778516043162,1.1120351272884939,0.016378900790078532,0.09474098682403564,,0.007225885919275066,-0.07608516120934865,1.310787634880744,1.310787634880744,0.18995242310938312,200812893.5,4.695144128019798,2.6641931726828738e-06,0.01591026122851147,0.03096632758780027,GCST90200804,cancerType_celltype,CRC_Epi_CRC,tissue,Tumor,Adjacent,group1_higher,0.19495869932085028,2.954674771657247e-06
41434,9402,0.04244707019807591,0.016759015511186547,0.0183563623577356,-0.00810905732214445,0.6283854312322322,0.7380688062348348,0.025688054686889367,0.02646541967988005,,0.015579673424066427,1.3406754822896079,3.127359814304541,3.127359814304541,0.0017678330939223518,200784408.0,4.672970540790827,2.968749249097344e-06,0.03951606946389496,0.030820084033351902,GCST90200563,cancerType_celltype,CRC_Epi_CRC,tissue,Tumor,Adjacent,group1_higher,0.0018898482407969923,3.2897603467639676e-06
41434,9402,-0.15151316337941714,-0.100759852401918,-0.1890639886260032,-0.1649284809827804,0.6665098032738417,0.7199051090644748,-0.05075331097749915,-0.02413550764322281,,-0.02991037776214438,-0.5885174296304753,-6.254688031648788,-6.254688031648788,4.1050975932605e-10,188899043.5,-4.5787949710969,4.676631898406386e-06,-0.07500096703072989,-0.03019895900238523,GCST90200467,cancerType_celltype,CRC_Epi_CRC,tissue,Tumor,Adjacent,group2_higher,4.856986128137206e-10,5.17810664299586e-06
41434,9402,-0.39348342996143987,-0.29696958321994277,-0.4728929698467254,-0.4514856338500976,1.596395399812707,1.4404206170732392,-0.0965138467414971,-0.021407335996627808,,-0.024594721095797863,-0.40598651973141703,-5.745435592019727,-5.745435592019727,9.345136115945884e-09,188939282.0,-4.547472653085526,5.429407290297286e-06,-0.061523970546051354,-0.029992375959585482,GCST90199765,cancerType_celltype,CRC_Epi_CRC,tissue,Tumor,Adjacent,group2_higher,1.0886684210285674e-08,6.006722513535065e-06
41434,9402,0.055264470447500026,0.06372999077260548,0.03821741044521325,-0.0135468933731317,0.5494219329178357,0.641755359449082,-0.008465520325105454,0.051764303818344945,,-0.005475248639514067,0.20561671504764217,-1.1843661679597839,-1.1843661679597839,0.2362902965392415,200614045.0,4.540357146569578,5.615912193928395e-06,-0.014913780634103358,0.029945446387304342,GCST90200609,cancerType_celltype,CRC_Epi_CRC,tissue,Tumor,Adjacent,group2_higher,0.2416081576766588,6.208019724512898e-06
41434,9402,-0.02869900151593902,-0.049935659269648776,-0.0391555968672037,-0.0918781049549579,0.7238638094996517,0.7056377839803384,0.021236657753709757,0.05272250808775421,,0.010787260594285017,-0.799048496020731,2.621898509497101,2.621898509497101,0.008753446480150143,200607493.0,4.53525696073734,5.753350172994837e-06,0.029473747101893478,0.02991180864990306,GCST90199685,cancerType_celltype,CRC_Epi_CRC,tissue,Tumor,Adjacent,group1_higher,0.009284784087505561,6.354794396914071e-06
41434,9402,-0.78451395493353,-0.7578981042004374,-0.8907456398010254,-0.7507453858852386,1.1208607932407855,1.2261685264648152,-0.026615850733092694,-0.14000025391578674,,-0.010762167439887274,-0.04979514755950738,-1.9297346533746529,-1.9297346533746529,0.0536611331246411,189020822.5,-4.484000170965009,7.325673684753767e-06,-0.023325372712379406,-0.029573749902416124,GCST90199783,cancerType_celltype,CRC_Epi_CRC,tissue,Tumor,Adjacent,group2_higher,0.05587480859349567,8.084933791351728e-06
41434,9402,0.11754935020494554,0.07471153489063284,0.060206469148397404,0.02525524143129585,0.9073294142078951,0.9364339002994508,0.0428378153143127,0.03495122771710155,,0.016602888411354155,0.6538566205614962,4.027399248977335,4.027399248977335,5.670144087302162e-05,200515490.5,4.463640683718032,8.057879563827231e-06,0.04693105745208238,0.02943947105294553,GCST90200955,cancerType_celltype,CRC_Epi_CRC,tissue,Tumor,Adjacent,group1_higher,6.242654596924756e-05,8.885833208330514e-06
41434,9402,0.30463760948528634,0.24966928391710924,0.2858140468597412,0.20532592386007303,1.294895202425415,1.4043291532382356,0.0549683255681771,0.08048812299966818,,0.017169215100777523,0.2870746785927447,3.474934639517423,3.474934639517423,0.0005126104060114229,200485637.0,4.440402222524087,8.979105736025011e-06,0.041774973325752134,0.02928620423464401,GCST90199807,cancerType_celltype,CRC_Epi_CRC,tissue,Tumor,Adjacent,group1_higher,0.0005540745308434333,9.893711494100315e-06
41434,9402,-0.1379100076619336,-0.0947226906483136,-0.174887865781784,-0.13657245784997935,0.8273592380573269,0.7981715144206857,-0.04318731701362,-0.03831540793180466,,-0.019470865606372522,-0.5419404154144438,-4.7042711976332106,-4.7042711976332106,2.5714992592877797e-06,189156826.0,-4.378132783322331,1.197006316784081e-05,-0.05253678995611578,-0.0288755127200806,GCST90200647,cancerType_celltype,CRC_Epi_CRC,tissue,Tumor,Adjacent,group2_higher,2.899051687683411e-06,1.3178672130668032e-05
41434,9402,1.0155631957241236,0.9932486820120242,1.0559608936309814,0.9066879153251648,1.4288832965758642,1.38582667684643,0.02231451371209936,0.14927297830581665,,0.005371518868563393,0.03205310643663082,1.4013988215718778,1.4013988215718778,0.16111655431760794,200384122.0,4.361381257206676,1.2924416163811776e-05,0.01570317828914743,0.028765029797480413,GCST90200335,cancerType_celltype,CRC_Epi_CRC,tissue,Tumor,Adjacent,group1_higher,0.16561226510927574,1.4217900913055247e-05
41434,9402,0.28823930522944435,0.3355154102873114,0.26361759006977076,0.2884390354156494,0.7048813974192628,0.7355145550996238,-0.04727610505786706,-0.024821445345878657,,-0.023993747902116586,0.219111246531315,-5.669618930427035,-5.669618930427035,1.4602689174622986e-08,189273809.0,-4.287071269400974,1.810445386467854e-05,-0.06652552744773088,-0.02827492611531557,GCST90199944,cancerType_celltype,CRC_Epi_CRC,tissue,Tumor,Adjacent,group2_higher,1.695354799404696e-08,1.9900298885126493e-05
41434,9402,0.13382779059752486,0.092497529252425,0.0984992831945419,0.054552383720874745,0.8222149409793018,0.7392901462566651,0.04133026134509986,0.04394689947366716,,0.017831478589593858,0.5328861847127468,4.790091743007507,4.790091743007507,1.6828363039507778e-06,200263935.5,4.267826085575677,1.9738745963020246e-05,0.05118163792602821,0.02814799653646305,GCST90200195,cancerType_celltype,CRC_Epi_CRC,tissue,Tumor,Adjacent,group1_higher,1.900336273641185e-06,2.167921897469508e-05
41434,9402,0.537682252581144,0.47068298867727654,0.4609798043966293,0.4172505736351013,1.1493165872348543,1.1288898708839343,0.06699926390386746,0.04372923076152796,,0.022889304892593457,0.1919977586539489,5.177972282589519,5.177972282589519,2.2738259449271078e-07,200262284.0,4.2665405304929624,1.9852778743479087e-05,0.058485708768433356,0.02813951779358792,GCST90200728,cancerType_celltype,CRC_Epi_CRC,tissue,Tumor,Adjacent,group1_higher,2.59566563059937e-07,2.1786906141193233e-05
41434,9402,1.218031342353963,1.1626203002853643,1.1525965332984924,1.081583023071289,1.5535264573318264,1.6298243948798787,0.055411042068598704,0.07101351022720337,,0.013544340079498104,0.06717119614762875,3.001662871768903,3.001662871768903,0.002689986555327196,200241555.0,4.250404731940388,2.1338495321059364e-05,0.035340557069031005,0.028033095837148192,GCST90200158,cancerType_celltype,CRC_Epi_CRC,tissue,Tumor,Adjacent,group1_higher,0.0028711446162184556,2.339852704956067e-05
41434,9402,0.5239510118331862,0.4908237815300702,0.48008477687835693,0.39773786067962646,1.2263400168683645,1.3378723109292554,0.03312723030311593,0.08234691619873047,,0.010721997345022974,0.09422659113521097,2.200325854907268,2.200325854907268,0.027801020167984893,200183546.5,4.205249950217342,2.60794227584431e-05,0.026550256695144287,0.027735282239766512,GCST90200025,cancerType_celltype,CRC_Epi_CRC,tissue,Tumor,Adjacent,group1_higher,0.02919321301152805,2.8574158536782915e-05
41434,9402,-0.4651227566225889,-0.439261992909072,-0.5248028039932251,-0.48778218030929565,0.8164851095900709,0.7455297556964222,-0.02586076371351692,-0.03702062368392944,,-0.013790337104344144,-0.08252966854328508,-2.9820506390270034,-2.9820506390270034,0.0028678580412353507,189405626.0,-4.184462723026101,2.8584183532767457e-05,-0.03217172551948199,-0.027598182276635574,GCST90199947,cancerType_celltype,CRC_Epi_CRC,tissue,Tumor,Adjacent,group2_higher,0.0030562083738888057,3.129336719290124e-05
41434,9402,-0.11353930364116807,-0.1343084839432938,-0.15323943644762034,-0.19013778120279307,0.6811139116569992,0.7145670771516408,0.02076918030212574,0.03689834475517273,,0.01163290828175853,-0.24235667589126825,2.566155385375037,2.566155385375037,0.010293927548012926,200066551.5,4.114179095296292,3.8856033819391076e-05,0.03021308794253592,0.027134634027423887,GCST90200639,cancerType_celltype,CRC_Epi_CRC,tissue,Tumor,Adjacent,group1_higher,0.010910282463407167,4.250463410580259e-05
41434,9402,0.23772231932402194,0.21344687058769318,0.2335837930440902,0.18943296372890467,0.7716300368272103,0.8499581876461608,0.024275448736328753,0.04415082931518552,,0.01020073166909135,0.1553996605613659,2.5418559300159043,2.5418559300159043,0.011037944622679426,200037832.0,4.091823358573311,4.2799533866023114e-05,0.0308571700579255,0.026987189125211142,GCST90199925,cancerType_celltype,CRC_Epi_CRC,tissue,Tumor,Adjacent,group1_higher,0.011671620264322776,4.678088585356015e-05
41434,9402,-0.5180647434360407,-0.48224289401363685,-0.5803799629211426,-0.5382730662822723,0.578117362682943,0.6399725532945462,-0.03582184942240385,-0.04210689663887024,,-0.029244069860567278,-0.10337221847614361,-4.9854721080134885,-4.9854721080134885,6.260101457627531e-07,189588330.0,-4.042242889037507,5.2942437985986904e-05,-0.06071031924952599,-0.02666018637093137,GCST90200005,cancerType_celltype,CRC_Epi_CRC,tissue,Tumor,Adjacent,group2_higher,7.098600904115079e-07,5.782094789655461e-05
41434,9402,0.12572556174607247,0.2179130321245362,0.08113767579197881,0.13157551735639567,1.2995980013933108,1.576366469480536,-0.09218747037846373,-0.05043784156441686,,-0.025267220060266004,0.7934696244659751,-5.278114083196272,-5.278114083196272,1.3271200924901838e-07,189686938.0,-3.9654847808956637,7.324704558063223e-05,-0.06803254976498349,-0.0261539363694554,GCST90199810,cancerType_celltype,CRC_Epi_CRC,tissue,Tumor,Adjacent,group2_higher,1.5200543580370762e-07,7.993252452073797e-05
41434,9402,0.10284586339736425,0.14700644210118372,0.0853551924228668,0.11883148550987241,0.7062380973870478,0.774157139604862,-0.04416057870381947,-0.033476293087005615,,-0.02284232712674284,0.5153913963540734,-5.0728612614110755,-5.0728612614110755,3.9720667152126867e-07,189688248.5,-3.9644646658875518,7.356096128190925e-05,-0.06139534131004518,-0.02614720830857864,GCST90199703,cancerType_celltype,CRC_Epi_CRC,tissue,Tumor,Adjacent,group2_higher,4.519137673484885e-07,8.021087218179385e-05
41434,9402,-0.7408118230692834,-0.6960364400340061,-0.9226485788822174,-0.8697077631950378,1.1473639779720042,1.112458279094296,-0.04477538303527728,-0.052940815687179565,,-0.02062436471101332,-0.08994415998434573,-3.5027860752272932,-3.5027860752272932,0.0004618251286549087,189709493.0,-3.94792759355651,7.883076527367523e-05,-0.039242601373648496,-0.026038139793282178,GCST90200860,cancerType_celltype,CRC_Epi_CRC,tissue,Tumor,Adjacent,group2_higher,0.0004999743052872443,8.588835576979962e-05
41434,9402,-0.2042457584410546,-0.10152685671997196,-0.2602595239877701,-0.25107918679714203,1.1747714220142293,1.36276841276281,-0.10271890172108265,-0.009180337190628052,,-0.03356595437658792,-1.0084375604522975,-6.760838368054858,-6.760838368054858,1.43169180595053e-11,189760575.0,-3.90816451469778,9.300012287781788e-05,-0.08476982864824155,-0.025775886603121134,GCST90200245,cancerType_celltype,CRC_Epi_CRC,tissue,Tumor,Adjacent,group2_higher,1.7314959463270386e-11,0.00010124534143966914
41434,9402,-0.22103811232552728,-0.16631223788429833,-0.3113228678703308,-0.23978307843208305,1.433126361444543,1.5125240771016042,-0.05472587444122895,-0.07153978943824776,,-0.013248202171985815,-0.4103986674455888,-3.1977042785023246,-3.1977042785023246,0.0013884589318641995,189825107.0,-3.857931732016766,0.00011435075716920776,-0.03779051259633393,-0.025444581586335002,GCST90200564,cancerType_celltype,CRC_Epi_CRC,tissue,Tumor,Adjacent,group2_higher,0.0014854548855030643,0.0001243895307435197
41434,9402,0.4880727897325592,0.5646270437554913,0.4593059420585632,0.4687979966402054,1.3040638500801927,1.3387515183509804,-0.07655425402293214,-0.009492054581642206,,-0.020659816753954254,0.210201506854107,-5.029632005823038,-5.029632005823038,4.976208753259948e-07,189834601.0,-3.8505414444265234,0.00011785717083431784,-0.05841392515357347,-0.025395839724477787,GCST90200959,cancerType_celltype,CRC_Epi_CRC,tissue,Tumor,Adjacent,group2_higher,5.647437577596427e-07,0.00012810153416840128
41434,9402,0.1612104965679199,0.15356588887816208,0.1276847124099731,0.050625059753656304,0.9344593860772227,1.0781369962153127,0.007644607689757804,0.07705965265631678,,0.0028383635152943528,0.07008744646933845,0.6354949145163563,0.6354949145163563,0.5251170475736067,199650726.0,3.7904936063183583,0.0001503484386198454,0.007941228499874166,0.024999800545467243,GCST90200754,cancerType_celltype,CRC_Epi_CRC,tissue,Tumor,Adjacent,group1_higher,0.5321446363143687,0.00016328679030984007
41434,9402,-0.25769817236592324,-0.20922943654089363,-0.30744464695453644,-0.27864181995391846,0.7598366632078097,0.8422519259555802,-0.04846873582502961,-0.02880282700061798,,-0.023534014802302206,-0.3005951695584334,-5.126598145481128,-5.126598145481128,2.9923155140470427e-07,190052086.5,-3.68124711203683,0.00023209627608102308,-0.062480779091812766,-0.024279276821913998,GCST90200307,cancerType_celltype,CRC_Epi_CRC,tissue,Tumor,Adjacent,group2_higher,3.4101388341522737e-07,0.0002518688091548045
41434,9402,0.08929114411767697,0.14912214228056164,0.0960914678871631,0.11527001857757566,0.8609517191255119,0.9555576056780596,-0.059830998162884674,-0.01917855069041255,,-0.02440088740962805,0.7398990070986133,-5.579118685490882,-5.579118685490882,2.4653937080170014e-08,190069802.0,-3.667457072032096,0.00024497503487872315,-0.06805045574304674,-0.024188326068413812,GCST90200412,cancerType_celltype,CRC_Epi_CRC,tissue,Tumor,Adjacent,group2_higher,2.854997131713826e-08,0.0002656332319329353
41434,9402,-0.42443397020826396,-0.3914979116934818,-0.5142413079738617,-0.48008647561073303,1.1032871856402193,1.017808202484038,-0.03293605851478215,-0.03415483236312866,,-0.012880581237280834,-0.11653523117849367,-2.7879883628468827,-2.7879883628468827,0.005310391120777936,190087724.0,-3.6535062889909824,0.0002586838418198436,-0.030272519621686526,-0.02409631515118138,GCST90199766,cancerType_celltype,CRC_Epi_CRC,tissue,Tumor,Adjacent,group2_higher,0.005650322480577928,0.0002802751004773027
41434,9402,0.4513032588939904,0.45169787208024764,0.4916654676198959,0.4025710523128509,0.9301289405720555,0.9654723249795738,-0.00039461318625721997,0.08909441530704498,,-0.0001537018505409116,0.0012609181598486298,-0.03601973697715768,-0.03601973697715768,0.9712671484019417,199385390.5,3.5839520376538476,0.00033843476235911635,-0.00042125068479851696,0.023637577426991685,GCST90200846,cancerType_celltype,CRC_Epi_CRC,tissue,Tumor,Adjacent,group2_higher,0.9726944329697624,0.00036639124789156126
41434,9402,0.12651772092965125,0.06261451754146996,0.06267148256301874,0.00347443984355775,1.557521708298115,1.5288357348123365,0.06390320338818128,0.059197042719460996,,0.016797589871611285,1.0147587367397557,3.646269275291213,3.646269275291213,0.0002670278799848205,199369671.0,3.571715717264673,0.0003546507868837079,0.041167937575760254,0.02355687406724205,GCST90200457,cancerType_celltype,CRC_Epi_CRC,tissue,Tumor,Adjacent,group1_higher,0.00029047007216225884,0.00038364208136705866
41434,9402,0.04390945922118476,0.06811677603892863,0.0146440048702061,0.04612157307565205,0.461947651507649,0.5952302375443422,-0.024207316817743865,-0.03147756820544595,,-0.01587517387545005,0.6334667111458869,-3.698743780929332,-3.698743780929332,0.00021762855936135794,190219030.0,-3.5512955135196935,0.0003833403090164006,-0.04946931876896261,-0.02342219476851659,GCST90199930,cancerType_celltype,CRC_Epi_CRC,tissue,Tumor,Adjacent,group2_higher,0.00023711249113471695,0.00041434801045944016
41434,9402,0.4032488071130629,0.38280077049971606,0.40848660469055176,0.34960775077342987,0.8879133334743619,0.9322777463633833,0.02044803661334682,0.05887885391712189,,0.007826386173866936,0.07507634083468816,1.9367471748978413,1.9367471748978413,0.05279703568394683,199292464.5,3.511616892866519,0.000445390196252472,0.022814253487220534,0.023160498613536973,GCST90200065,cancerType_celltype,CRC_Epi_CRC,tissue,Tumor,Adjacent,group1_higher,0.05501709452386813,0.0004810355289161009
41434,9402,-0.36741248589754405,-0.32408758051900605,-0.4082678556442261,-0.4026509076356888,0.5862892451847053,0.635671551575349,-0.043324905378538,-0.0056169480085372925,,-0.03163285798628979,-0.18101639427299385,-6.050475975374295,-6.050475975374295,1.483066619409266e-09,190339688.5,-3.457372929234112,0.0005454702096629237,-0.07272569534660227,-0.022802738276111345,GCST90199847,cancerType_celltype,CRC_Epi_CRC,tissue,Tumor,Adjacent,group2_higher,1.74110232752354e-09,0.0005886586664850078
41434,9402,0.054477268009184135,0.09051658707181674,0.01811521686613555,0.0365351941436529,0.6461530406313526,0.6934264076363186,-0.03603931906263261,-0.018419977277517353,,-0.023082117113045277,0.7325172897328077,-4.606103779407673,-4.606103779407673,4.140752534989532e-06,190397510.0,-3.412363711422945,0.0006440221381472351,-0.05500903802239882,-0.02250588473014803,GCST90199639,cancerType_celltype,CRC_Epi_CRC,tissue,Tumor,Adjacent,group2_higher,4.652799427197636e-06,0.0006944637454862987
41434,9402,0.03010970274754008,0.10075453319674958,-0.07399563118815419,-0.04700823500752445,1.3131578695774573,1.3307682068553828,-0.0706448304492095,-0.026987396180629744,,-0.02289764553175641,1.7425107851528991,-4.658427025135952,-4.658427025135952,3.215971300548951e-06,190427643.5,-3.3889072935695026,0.0007017182998207758,-0.05366384980812976,-0.022351180401701365,GCST90199782,cancerType_celltype,CRC_Epi_CRC,tissue,Tumor,Adjacent,group2_higher,3.6166409922840104e-06,0.0007560806661310019
41434,9402,-0.38762000793438156,-0.4481648180594748,-0.47240230441093445,-0.5171889066696167,1.4335062582099696,1.4032817450167383,0.06054481012509322,0.04478660225868225,,0.01664651780795904,-0.20938585486097513,3.7617790280660652,3.7617790280660652,0.00016938699092698282,199129545.5,3.3847980321213362,0.0007123074557060225,0.042399368726564905,0.022324078201496622,GCST90199686,cancerType_celltype,CRC_Epi_CRC,tissue,Tumor,Adjacent,group1_higher,0.00018484745286907734,0.0007668839353296277
41434,9402,0.14608976832198595,0.20868453939276954,0.1181729510426521,0.12466588243842125,0.813610982080316,0.8903358888254677,-0.0625947710707836,-0.006492931395769147,,-0.029385645502154986,0.5144656190629127,-6.250484285979782,-6.250484285979782,4.21781363818096e-10,190523358.5,-3.314401144770252,0.0009183977537183778,-0.07556689328696299,-0.021859782960405694,GCST90200643,cancerType_celltype,CRC_Epi_CRC,tissue,Tumor,Adjacent,group2_higher,4.986019070980614e-10,0.000987984323850157
41434,9402,-0.2316976741852342,-0.1541954429171514,-0.3064461648464203,-0.285296306014061,1.1789776404372974,1.3140786129340156,-0.07750223126808281,-0.021149858832359314,,-0.02600671764039146,-0.5874803041020689,-5.258645875656054,-5.258645875656054,1.4741232823771558e-07,190556240.0,-3.288805637987171,0.0010061361648943704,-0.06431162111801242,-0.021690970496675233,GCST90200727,cancerType_celltype,CRC_Epi_CRC,tissue,Tumor,Adjacent,group2_higher,1.6855956660067647e-07,0.0010815170289834597
41434,9402,0.19530704667596302,0.1731113618183574,0.19880236685276026,0.16220561414957047,0.8082306432458127,0.8170690139815977,0.02219568485760562,0.036596752703189794,,0.009362376663348658,0.1740426392623827,2.3827504283430216,2.3827504283430216,0.01719721387650128,199001068.5,3.2847893973276117,0.0010205876782390163,0.027406396090360816,0.0216644818052647,GCST90200124,cancerType_celltype,CRC_Epi_CRC,tissue,Tumor,Adjacent,group1_higher,0.018114221417056604,0.0010961867655159805
41434,9402,0.3428164851623492,0.3704515522450092,0.3621091693639755,0.3902833014726639,0.5888423282991053,0.681556738802593,-0.027635067082660003,-0.028174132108688354,,-0.016038393152623967,0.11184807827165656,-3.63572596930269,-3.63572596930269,0.00027828846134302267,190587020.0,-3.2648459737752824,0.0010952376657138744,-0.045523045811873414,-0.02153294705998221,GCST90200583,cancerType_celltype,CRC_Epi_CRC,tissue,Tumor,Adjacent,group2_higher,0.00030247780925880374,0.0011754401089511897
41434,9402,-0.0211202718945645,0.0264593307696925,-0.05034157074987885,-0.02919881045818325,0.4840762148666549,0.638620933969486,-0.047579602664256995,-0.021142760291695598,,-0.040648529605296135,0.325134381799789,-6.794788149738678,-6.794788149738678,1.1361527631900522e-11,190727070.5,-3.1558283339862263,0.0016004323754571501,-0.09218060916069543,-0.02081393272208143,GCST90200031,cancerType_celltype,CRC_Epi_CRC,tissue,Tumor,Adjacent,group2_higher,1.3777368471779726e-11,0.0017162779919339855
41434,9402,-0.14318740480533998,-0.0801846118399449,-0.1872288659214973,-0.16772340238094324,0.9251056814488807,1.0719239851138198,-0.06300279296539509,-0.019505463540554047,,-0.025869052508310772,-0.8364993758817749,-5.271041213460406,-5.271041213460406,1.3786317968739374e-07,190745477.5,-3.141500018874198,0.0016808502130289426,-0.0660432889770526,-0.02071943183191871,GCST90200462,cancerType_celltype,CRC_Epi_CRC,tissue,Tumor,Adjacent,group2_higher,1.5777289161538007e-07,0.0018010997172629314
41434,9402,0.06032998788874477,0.04555618819819639,-0.0098753804340958,-0.07260891795158385,1.0264658120147427,1.0005990216782548,0.01477379969054838,0.06273353751748804,,0.0058632757318335,0.4052204996722927,1.286298788534811,1.286298788534811,0.19835971400914967,198794000.5,3.123604220296182,0.0017865081978481643,0.01445957171044478,0.020601401981055423,GCST90200552,cancerType_celltype,CRC_Epi_CRC,tissue,Tumor,Adjacent,group1_higher,0.20328142119885037,0.0019128127837133135
41434,9402,-0.6100342365021499,-0.5664981773086772,-0.6716673970222473,-0.6453159153461456,0.5867836084671135,0.7073861766531275,-0.0435360591934727,-0.026351481676101685,,-0.032274638967083706,-0.10681871628646869,-5.550064047065871,-5.550064047065871,2.9138201832245963e-08,190809922.5,-3.091334958440956,0.0019925897910980355,-0.07126726410369061,-0.020388573470070503,GCST90199637,cancerType_celltype,CRC_Epi_CRC,tissue,Tumor,Adjacent,group2_higher,3.368563960759224e-08,0.0021317895488748998
41434,9402,0.4029725218142089,0.40906787377666504,0.36955738067626953,0.3222425729036331,0.7224551327281569,0.8827414376477747,-0.006095351962456141,0.047314807772636414,,-0.0029260224979336144,0.021658719439367684,-0.6238078539584115,-0.6238078539584115,0.5327652459134605,198736371.5,3.0787448476884194,0.0020787490493462527,-0.008076866839511096,0.02030553672331692,GCST90200000,cancerType_celltype,CRC_Epi_CRC,tissue,Tumor,Adjacent,group2_higher,0.5386936425668002,0.0022222234935364254
41434,9402,0.004331158050343567,-0.0142787380676524,-0.03143739141523835,-0.05862971954047675,0.6205668098267662,0.6426298081508518,0.018609896117995968,0.027192328125238398,,0.01226348443338278,-1.7208117334083375,2.551016719095455,2.551016719095455,0.010751720620771866,198671064.0,3.0279084029022614,0.0024625303316902014,0.029789858090145453,0.019970250316824645,GCST90200614,cancerType_celltype,CRC_Epi_CRC,tissue,Tumor,Adjacent,group1_higher,0.011386631861780926,0.002630430127032715
41434,9402,-0.2065773443923517,-0.17144996865168063,-0.2611595392227173,-0.2237264811992645,1.1579641585604517,1.1055095034362885,-0.03512737574067107,-0.03743305802345279,,-0.012037006342504448,-0.2688929692757427,-2.7568883351188815,-2.7568883351188815,0.005842744460525185,190908953.5,-3.0142475800599438,0.00257617814027247,-0.030586928924256313,-0.01988015180148206,GCST90199814,cancerType_celltype,CRC_Epi_CRC,tissue,Tumor,Adjacent,group2_higher,0.0062070621197940976,0.0027496717346839287
41434,9402,-0.1088620488446509,-0.07822727914860148,-0.17899087816476822,-0.14161376655101776,0.7751328240787265,0.8288695423422253,-0.03063476969604942,-0.03737711161375046,,-0.017039484322560444,-0.4767522119177021,-3.2736274208307123,-3.2736274208307123,0.001064459108132315,190910411.5,-3.0131126485972755,0.002585832444802294,-0.03900790137467774,-0.019872666480796553,GCST90199805,cancerType_celltype,CRC_Epi_CRC,tissue,Tumor,Adjacent,group2_higher,0.0011460171914568287,0.0027578166058415702
41434,9402,0.2654002251121049,0.2630278587593624,0.2604850083589554,0.21098692715167994,0.701305018945619,0.8026741093555156,0.0023723663527425165,0.049498081207275446,,0.0012254696923953,0.012953933818265345,0.26458355121843696,0.26458355121843696,0.7913345355438617,198629289.0,2.9953900477218958,0.0027409444936900462,0.0032898061621017016,0.019755778937102342,GCST90200247,cancerType_celltype,CRC_Epi_CRC,tissue,Tumor,Adjacent,group1_higher,0.7960066213625708,0.0029209596129003384
41434,9402,-0.05475036985392833,-0.05265690965521365,-0.07038318365812295,-0.10312777385115621,0.5034610261107403,0.5594338632062583,-0.002093460198714682,0.03274459019303326,,-0.0014924426701545118,-0.0562448084265141,-0.3334960021167655,-0.3334960021167655,0.7387652550382793,198626653.0,2.9933381414560563,0.002759441845388082,-0.0040707278047594185,0.01974224580587669,GCST90199854,cancerType_celltype,CRC_Epi_CRC,tissue,Tumor,Adjacent,group2_higher,0.7436758069550773,0.0029383744025499653
41434,9402,-0.475744092686956,-0.4140396351167958,-0.5721533298492432,-0.5515708029270172,0.7108333231837846,0.8361187087801982,-0.06170445757016019,-0.020582526922225952,,-0.04304316199439902,-0.20041641033215804,-6.632555266275078,-6.632555266275078,3.433353889146463e-11,190964560.5,-2.970962165900408,0.002968687268884556,-0.08388169043799737,-0.019594667420579137,GCST90200374,cancerType_celltype,CRC_Epi_CRC,tissue,Tumor,Adjacent,group2_higher,4.1230496483758847e-11,0.0031587203337155732
41434,9402,-0.07575333703416169,-0.05032532918179214,-0.10687455534934995,-0.07855613902211185,0.5577746566859134,0.6447803531580085,-0.025428007852369552,-0.028318416327238097,,-0.01673898438126885,-0.5900151160700574,-3.5355210629957847,-3.5355210629957847,0.0004084114778246767,191040848.5,-2.911578317187069,0.0035960819279794816,-0.044233514925150874,-0.0192030075135472,GCST90200907,cancerType_celltype,CRC_Epi_CRC,tissue,Tumor,Adjacent,group2_higher,0.0004432044938495497,0.003823291472571009
41434,9402,0.4859390425310999,0.4218354330466268,0.4267503023147583,0.39002496004104614,1.3620391784064285,1.4522647382090854,0.06410360948447308,0.03672534227371216,,0.01574879963478989,0.20409461582698527,3.9077734666636514,3.9077734666636514,9.360833837060103e-05,198487967.0,2.8853826511737295,0.003909386588414449,0.046479846228370474,0.019030236762952235,GCST90200451,cancerType_celltype,CRC_Epi_CRC,tissue,Tumor,Adjacent,group1_higher,0.00010248045397520418,0.004153151925182302
41434,9402,0.4631814870112592,0.49892382194879686,0.4450157731771469,0.3580886423587799,0.8378561133547383,0.9925057242614296,-0.035742334937537645,0.086927130818367,,-0.016100769892619552,0.10724174060387572,-3.2397478069421477,-3.2397478069421477,0.0011994541392998624,198449294.5,2.855279333622259,0.004299904455864506,-0.04115248203654958,0.018831693509036906,GCST90199641,cancerType_celltype,CRC_Epi_CRC,tissue,Tumor,Adjacent,group2_higher,0.001288302594062815,0.004564462440298537
41434,9402,0.045851982060348184,0.09688891966190917,0.00291807518806305,0.02792205568403005,0.9711835466794371,1.0265169334264703,-0.051036937601560986,-0.025003980495967,,-0.021749833890444176,1.0793310138728722,-4.395170585224548,-4.395170585224548,1.1153203025286297e-05,191149930.5,-2.8266670731467425,0.004703525793380762,-0.05199087972258081,-0.01864298436470524,GCST90200349,cancerType_celltype,CRC_Epi_CRC,tissue,Tumor,Adjacent,group2_higher,1.2450299527817545e-05,0.004989031639204653
41434,9402,-0.1689723916007683,-0.14820088890172028,-0.216564729809761,-0.1976760253310203,0.6029683773725497,0.6149487370679794,-0.02077150269904801,-0.018888704478740692,,-0.014309642425390437,-0.18923224626761517,-2.967474549120407,-2.967474549120407,0.0030077219493837536,191187526.0,-2.7974021103176954,0.005151543704709646,-0.03432161178382023,-0.018449970390884807,GCST90199702,cancerType_celltype,CRC_Epi_CRC,tissue,Tumor,Adjacent,group2_higher,0.0032027539195391063,0.005459995388428653
41434,9402,-0.08329056925478573,-0.0391123567684591,-0.12020837143063545,-0.1171353198587894,0.4875956850139701,0.5876266957828875,-0.044178212486326626,-0.00307305157184605,,-0.04071907727635325,-1.0905091181715145,-6.779436125363037,-6.779436125363037,1.2606857190613732e-11,191192260.5,-2.7937166967305873,0.005210616791509951,-0.08703645214018166,-0.018425663634516254,GCST90200106,cancerType_celltype,CRC_Epi_CRC,tissue,Tumor,Adjacent,group2_higher,1.5260343117945398e-11,0.005518314441979847
41434,9402,-0.5023634297758742,-0.450983223528426,-0.6165410578250885,-0.6097912490367889,0.8923439748074705,0.9254957857833518,-0.05138020624744821,-0.0067498087882995605,,-0.027187604686363397,-0.15565735137830494,-4.891797312130833,-4.891797312130833,1.010587882668697e-06,191196381.0,-2.7905092309610913,0.005262526283847452,-0.05718015515515596,-0.018404509132537883,GCST90200851,cancerType_celltype,CRC_Epi_CRC,tissue,Tumor,Adjacent,group2_higher,1.1449969111200614e-06,0.005568962208760929
41434,9402,0.1205259220684045,0.10578998160205597,0.1141850240528583,0.07298696786165229,0.8538180734100798,0.8121257031436064,0.014735940466348532,0.041198056191206006,,0.006018779394008002,0.1881387900775128,1.5731450990406834,1.5731450990406834,0.11570704031537184,198337748.5,2.7684500709783553,0.005632368226212055,0.017412966299935863,0.01825902027091586,GCST90199902,cancerType_celltype,CRC_Epi_CRC,tissue,Tumor,Adjacent,group1_higher,0.11947628481049379,0.005955715975428263
41434,9402,1.620350719396299,1.7549512109946297,1.7788565158843994,1.4367485642433167,2.363254571837701,2.6827635009464452,-0.13460049159833076,0.34210795164108276,,-0.020307155481491087,0.11512474141855907,-4.485958278291465,-4.485958278291465,7.321369825183125e-06,198318635.5,2.753572193717737,0.005894883747843921,-0.05549352185432777,0.01816089480160077,GCST90199799,cancerType_celltype,CRC_Epi_CRC,tissue,Tumor,Adjacent,group2_higher,8.192961471038259e-06,0.006228470192489353
41434,9402,0.11482010996659824,0.10640069622129851,0.11006576195359224,0.08167875185608861,0.6189229474645204,0.6110111152998474,0.008419413745299725,0.028387010097503634,,0.00447357939657668,0.10986675720980081,1.2033482332993115,1.2033482332993115,0.22886177366985397,198255854.5,2.7047024185752226,0.006836568329188435,0.013635397745124902,0.017838579357188022,GCST90199730,cancerType_celltype,CRC_Epi_CRC,tissue,Tumor,Adjacent,group1_higher,0.2341881362702785,0.007217848669778339
41434,9402,-0.481227207532572,-0.49410290575740107,-0.5852569043636322,-0.6109945178031921,0.6553044118094802,0.666685809629046,0.01287569822482909,0.025737613439559937,,0.009880138907190262,-0.03809325035844009,1.6959624695542315,1.6959624695542315,0.0899155040310892,198228535.5,2.683436854358049,0.007286981962060376,0.019585072312086286,0.0176983245726845,GCST90200289,cancerType_celltype,CRC_Epi_CRC,tissue,Tumor,Adjacent,group1_higher,0.09312677203219952,0.007687427565238617
41434,9402,0.04072911761230166,0.0745546875431793,0.01477030292153355,0.0414859242737293,0.5733486668132997,0.7158500661819043,-0.03382556993087764,-0.026715621352195747,,-0.02262053619452759,0.8722224336344644,-4.2807840051380905,-4.2807840051380905,1.8764978529945893e-05,191444724.0,-2.597194907069827,0.009398868139594903,-0.05616544010400324,-0.01712952491100861,GCST90200265,cancerType_celltype,CRC_Epi_CRC,tissue,Tumor,Adjacent,group2_higher,2.08618806984635e-05,0.009907700908173125
41434,9402,0.36562335175418786,0.3736423547144694,0.355107843875885,0.31673310697078705,0.6585162223361055,0.7932076997445908,-0.008019002960281518,0.03837473690509796,,-0.0043007029272883876,0.03129970233655809,-0.9115709950125773,-0.9115709950125773,0.362012172773424,198082333.0,2.56963039539318,0.010180718386225066,-0.011699346408392338,0.016947726083304415,GCST90200402,cancerType_celltype,CRC_Epi_CRC,tissue,Tumor,Adjacent,group2_higher,0.36905205047881595,0.010723585131703838
41434,9402,-0.46886590842924036,-0.5002278008496883,-0.5215523838996887,-0.5490255653858185,1.222915306651903,1.316485360239772,0.03136189242044796,0.02747318148612976,,0.009277797374984947,-0.09340966310219811,2.112351283934728,2.112351283934728,0.03467488150048779,198033115.5,2.53131867436171,0.011363468065404453,0.025276526826132448,0.016695045170521894,GCST90200347,cancerType_celltype,CRC_Epi_CRC,tissue,Tumor,Adjacent,group1_higher,0.036355279603972966,0.011960159824823374
41434,9402,-0.04755504531950342,-0.013808408703739908,-0.08210828155279154,-0.06385036557912821,0.9508631807229598,0.9088810043835801,-0.03374663661576351,-0.01825791597366333,,-0.013179695945934282,-1.783977200905993,-3.222280158876547,-3.222280158876547,0.001274566245061557,191536123.0,-2.5260484044933995,0.011535371432850881,-0.03577735825792304,-0.01666028566181077,GCST90199954,cancerType_celltype,CRC_Epi_CRC,tissue,Tumor,Adjacent,group2_higher,0.0013668243839645177,0.012131721653530672
41434,9402,-0.43662602749691465,-0.42962323612520925,-0.5002814829349518,-0.48136481642723083,1.0637612634881153,0.9503245088994132,-0.007002791371705397,-0.018916666507720947,,-0.0022006510625505876,-0.023326055375592753,-0.6304820229910102,-0.6304820229910102,0.5283887223287969,191661645.0,-2.4283399908740133,0.015168132823320085,-0.006709502779736102,-0.016015860131577186,GCST90200257,cancerType_celltype,CRC_Epi_CRC,tissue,Tumor,Adjacent,group2_higher,0.5346650545910543,0.015939988464290882
41434,9402,-0.040906754318007395,-0.012969956318730144,-0.08530412986874575,-0.10608901083469385,0.5342628929096104,0.6812152656648144,-0.02793679799927725,0.020784880965948105,,-0.02162517095281168,-1.6570894907702824,-3.725041407748594,-3.725041407748594,0.00019616683554384993,197886196.0,2.4169540906651994,0.015651007714029302,-0.04950427519946827,0.015940765628376763,GCST90199829,cancerType_celltype,CRC_Epi_CRC,tissue,Tumor,Adjacent,group2_higher,0.000213900317477014,0.016434763878445256
41434,9402,-0.2366952890237457,-0.23118441760316713,-0.27539171278476715,-0.2772975265979767,0.4924459083715775,0.6300683612604093,-0.0055108714205785725,0.0019058138132095337,,-0.004661657278412808,-0.03398668699253449,-0.7947940199275638,-0.7947940199275638,0.42674887398957295,197847846.0,2.387101812480471,0.016981805622000457,-0.010584678213103608,0.01574387807811095,GCST90200331,cancerType_celltype,CRC_Epi_CRC,tissue,Tumor,Adjacent,group2_higher,0.4343978455920746,0.017818476568734892
41434,9402,0.17830444267083967,0.14762250631550522,0.15254458785057065,0.06731695681810375,1.540993244237909,1.5631794294854584,0.03068193635533445,0.0852276310324669,,0.007605320280737672,0.2724282788533377,1.7227080302717048,1.7227080302717048,0.08496365782501603,197844250.5,2.3843030154475326,0.01711152429817333,0.019857312794446812,0.01572541890765522,GCST90200553,cancerType_celltype,CRC_Epi_CRC,tissue,Tumor,Adjacent,group1_higher,0.08813201340600978,0.017940775091084805
41434,9402,-0.0946778088462534,-0.056608732968853936,-0.13856949657201764,-0.1198967061936855,0.8998731369054802,0.9255025653981624,-0.038069075877399466,-0.018672790378332138,,-0.017206795657716004,-0.7419914372399947,-3.619113787631452,-3.619113787631452,0.00029667652716108736,191796958.0,-2.323010099921989,0.020178630777639314,-0.042080730969139606,-0.015321167951939385,GCST90199851,cancerType_celltype,CRC_Epi_CRC,tissue,Tumor,Adjacent,group2_higher,0.0003222072561916829,0.021140256533376162
41434,9402,-0.03717282558795355,-0.04035639048273843,-0.04847327619791025,-0.0833460316061973,0.7238803214481864,0.7889291169902681,0.003183564894784885,0.03487275540828705,,0.0015952426440554923,-0.11854572776500334,0.3585278865077545,0.3585278865077545,0.7199540247763028,197741156.5,2.304052930253885,0.021219694384527237,0.004323478796287534,0.015196137940064691,GCST90200181,cancerType_celltype,CRC_Epi_CRC,tissue,Tumor,Adjacent,group1_higher,0.7258116388832105,0.022213858253541184
41434,9402,-0.31185045289988034,-0.2521597145242494,-0.37284746766090393,-0.3665897250175476,0.6040432511655435,0.746668522988469,-0.059690738375630936,-0.006257742643356323,,-0.041920321945909424,-0.30651545243227357,-7.2330690634342,-7.2330690634342,5.000957723595139e-13,191872786.0,-2.2639843228635383,0.02357510295383438,-0.09432097485523923,-0.014931869668717623,GCST90200912,cancerType_celltype,CRC_Epi_CRC,tissue,Tumor,Adjacent,group2_higher,6.135288368370995e-13,0.0246606794520923
41434,9402,0.5969037238846017,0.5970291762313045,0.6522450745105743,0.5869189500808716,1.0207970624459322,1.067071049060726,-0.00012545234670280347,0.06532612442970276,,-4.203996910600471e-05,0.00030318148687096067,-0.01037344489285504,-0.01037344489285504,0.9917234893182502,197647726.5,2.231325463479461,0.025659603924708254,-0.00012185618507645559,0.014716471608348103,GCST90200715,cancerType_celltype,CRC_Epi_CRC,tissue,Tumor,Adjacent,group2_higher,0.9924516269756057,0.026820582936639074
41434,9402,-0.07281608802642332,-0.10064841965514053,-0.12830609083175654,-0.1437827348709106,0.9546417934172395,0.9573079002584716,0.027832331628717205,0.015476644039154053,,0.009741045846062179,-0.46698990038641797,2.5463864593260546,2.5463864593260546,0.010895105389941944,197587785.5,2.1846663915975624,0.02891334467396244,0.029139670975656562,0.0144087366239809,GCST90201012,cancerType_celltype,CRC_Epi_CRC,tissue,Tumor,Adjacent,group1_higher,0.011529525346654402,0.030198382215027436
41434,9402,0.25841582357243476,0.2983048788682742,0.23354617506265635,0.2447167187929153,0.6983577398706483,0.8436824236578833,-0.03988905529583947,-0.011170543730258942,,-0.01995685032812404,0.20709241379686655,-4.264857724538506,-4.264857724538506,2.0150195378595198e-05,191984311.0,-2.177171406969097,0.02946780986281327,-0.0548359826564802,-0.014359304243857451,GCST90200272,cancerType_celltype,CRC_Epi_CRC,tissue,Tumor,Adjacent,group2_higher,2.2383631867176246e-05,0.030753924075815075
41434,9402,0.8735642887208227,0.9279886150873209,0.9147691130638123,0.9151006639003754,1.2169652893763119,1.1206210203170335,-0.05442432636649819,-0.00033155083656311035,,-0.015279395476197498,0.08719312894265206,-4.182650756431879,-4.182650756431879,2.89782721551878e-05,192081387.0,-2.1016058331213605,0.03558785259343647,-0.04536377110732767,-0.013860919476462508,GCST90200029,cancerType_celltype,CRC_Epi_CRC,tissue,Tumor,Adjacent,group2_higher,3.2085609218132385e-05,0.03711265729522104
41434,9402,-0.07177095208131451,-0.0971112588184872,-0.11082987859845156,-0.13004542887210846,0.9302359261791281,0.8779845335015637,0.02534030673717269,0.0192155502736569,,0.010914043954803746,-0.43623326333600626,2.4983910385939807,2.4983910385939807,0.012486766340870536,197458621.0,2.084122595363108,0.037149052629350914,0.027519992078993978,0.013745610626945792,GCST90200673,cancerType_celltype,CRC_Epi_CRC,tissue,Tumor,Adjacent,group1_higher,0.013183162294815292,0.03871113053043218
41434,9402,-0.6324936295766389,-0.6490452249805375,-0.7043799161911011,-0.7194948494434357,0.908259948841423,0.9471224411390269,0.01655159540389861,0.015114933252334595,,0.007613141578327576,-0.03726800028333385,1.5413064613164915,1.5413064613164915,0.12326548372155574,197452792.5,2.0795855939706778,0.03756359519790501,0.018077887471531173,0.013715687313080593,GCST90200021,cancerType_celltype,CRC_Epi_CRC,tissue,Tumor,Adjacent,group1_higher,0.12718459826834252,0.039113201111340354
41434,9402,-0.23873721215775753,-0.20311995470361388,-0.27091197669506073,-0.26817604899406433,0.6346980308677979,0.7038376068837768,-0.03561725745414365,-0.002735927700996399,,-0.023013581345013318,-0.23309041994486374,-4.508439096119821,-4.508439096119821,6.5873326056977544e-06,192201260.5,-2.008294305899013,0.04461206795391815,-0.054961463044609145,-0.013245493146429088,GCST90200270,cancerType_celltype,CRC_Epi_CRC,tissue,Tumor,Adjacent,group2_higher,7.383663109840493e-06,0.04641698368029805
41434,9402,-0.05768022829763297,-0.05958881923051148,-0.07571429014205924,-0.1217994727194309,0.8930599094016767,0.8503098587535493,0.0019085909328785122,0.04608518257737165,,0.0008244401582390696,-0.04696398445809279,0.1946425203048239,0.1946425203048239,0.8456755419684664,197269901.5,1.9372201960702047,0.052718480080327326,0.0021558459560275865,0.012776731355958137,GCST90200453,cancerType_celltype,CRC_Epi_CRC,tissue,Tumor,Adjacent,group1_higher,0.848789222167172,0.05480952581959279
41434,9402,-0.2956812124000492,-0.25081636765792426,-0.33927416801452637,-0.32494039833545685,0.7395870420546038,0.8579622658191989,-0.04486484474212493,-0.014333769679069519,,-0.0237150744702116,-0.2374102067471849,-4.690419637212178,-4.690419637212178,2.754740849957771e-06,192331104.0,-1.9072219647652773,0.05649190070858905,-0.05881103181518058,-0.012578881187291335,GCST90199935,cancerType_celltype,CRC_Epi_CRC,tissue,Tumor,Adjacent,group2_higher,3.1005051845519753e-06,0.05868785111723085
41434,9402,0.07519893726000643,0.12130631473665385,0.049925697967410046,0.05852800421416755,1.192996901386242,1.231543152744355,-0.04610737747664742,-0.008602306246757507,,-0.013422277527270649,0.6898631831069068,-3.2961921749896907,-3.2961921749896907,0.00098254297408622,192348253.5,-1.8938725085793842,0.05824198601239357,-0.03841581111610323,-0.01249083625787073,GCST90199770,cancerType_celltype,CRC_Epi_CRC,tissue,Tumor,Adjacent,group2_higher,0.0010586609278098956,0.06045988342337581
41434,9402,-0.009289529584800359,0.012206532862863793,-0.037934446707367855,-0.02243707422167055,0.9939330223370473,1.0022839073331606,-0.021496062447664152,-0.015497372485697304,,-0.008403652352378695,0.39393892023346566,-1.8803491259631857,-1.8803491259631857,0.06008139295114213,192423922.5,-1.8349704997668626,0.06651011825762645,-0.021593607784394068,-0.012102354275053018,GCST90201001,cancerType_celltype,CRC_Epi_CRC,tissue,Tumor,Adjacent,group2_higher,0.06251216686443262,0.06899032814699
41434,9402,0.38399216893449095,0.40881117648271464,0.33888655900955195,0.38005928695201874,1.0372986085463,1.1255552823722366,-0.024819007548223693,-0.04117272794246679,,-0.0089450107371598,0.09035752134998032,-1.9577516678533655,-1.9577516678533655,0.05028009836671193,192577666.5,-1.7152936117034239,0.08629148054454451,-0.023543482625896645,-0.011313037990097086,GCST90200649,cancerType_celltype,CRC_Epi_CRC,tissue,Tumor,Adjacent,group2_higher,0.05243441015595131,0.08944128363666477
41434,9402,0.10061097913785778,0.12926555640511103,0.06081606261432165,0.0705198496580123,0.9121048772650681,0.9048116536132227,-0.028654577267253248,-0.009703787043690654,,-0.011843796219426012,0.361546985542854,-2.768149989585172,-2.768149989585172,0.005644924988185412,192580150.0,-1.7133604139753464,0.08664632581192847,-0.031462252834908465,-0.011300287788504337,GCST90200214,cancerType_celltype,CRC_Epi_CRC,tissue,Tumor,Adjacent,group2_higher,0.006001585615364053,0.08974083744806877
41434,9402,-0.033936841524097636,-0.030839639043981213,-0.08287969604134555,-0.1134368553757667,0.7169837055925418,0.8302735623180819,-0.0030972024801164226,0.030557159334421144,,-0.0015980766210688113,-0.13806215173588232,-0.3345116705140752,-0.3345116705140752,0.7379989800104859,196978065.0,1.7100498080009097,0.0872567349965811,-0.004189685275935216,0.011278453036189351,GCST90200943,cancerType_celltype,CRC_Epi_CRC,tissue,Tumor,Adjacent,group2_higher,0.7434535179263062,0.09030442657580869
41434,9402,-0.2385390678891627,-0.19464725370566968,-0.28406761586666107,-0.28559574484825134,0.7556430785762295,0.8632542529594899,-0.04389181418349303,0.001528128981590271,,-0.02207525195360072,-0.29336221642133375,-4.550355417806724,-4.550355417806724,5.4045591670936485e-06,192588524.0,-1.706841953023093,0.08785150467363648,-0.05651291590113678,-0.011257295967228576,GCST90200500,cancerType_celltype,CRC_Epi_CRC,tissue,Tumor,Adjacent,group2_higher,6.067886445427218e-06,0.09085098700316124
41434,9402,0.20756715893562028,0.17374005265456674,0.23511135578155515,0.21756228804588315,1.2506356057006347,1.298087641570779,0.03382710628105354,0.017549067735671997,,0.00917610778824028,0.25664646689155596,2.2964951200452655,2.2964951200452655,0.021662670302139322,196968994.0,1.702988790649836,0.0885702389846176,0.026856588722061755,0.011231882841444607,GCST90199684,cancerType_celltype,CRC_Epi_CRC,tissue,Tumor,Adjacent,group1_higher,0.022782576868685105,0.09152481860199681
41434,9402,-0.10701174444468263,-0.11658000203649954,-0.14155341684818265,-0.1590754762291908,0.8056813350729293,0.788264129233978,0.009568257591816912,0.017522059381008148,,0.004481990955060866,-0.12355008564232517,1.0582224438050811,1.0582224438050811,0.28997203558726253,196844049.0,1.6057295234323425,0.10833343704898989,0.011923229267138106,0.0105904196089035,GCST90200579,cancerType_celltype,CRC_Epi_CRC,tissue,Tumor,Adjacent,group1_higher,0.29627577549133344,0.11186248083164638
41434,9402,-0.23271580690970056,-0.25194429988084116,-0.29403349757194513,-0.3105165660381317,0.8406691414070919,0.7832668142204761,0.0192284929711406,0.01648306846618658,,0.0077910961915142905,-0.11453513605352786,2.1194365358724006,2.1194365358724006,0.03407027331419256,196841688.5,1.6038920709511155,0.1087379306902471,0.023157022745066945,0.010578300884981573,GCST90199771,cancerType_celltype,CRC_Epi_CRC,tissue,Tumor,Adjacent,group1_higher,0.035748870305807895,0.11219515483028525
41434,9402,0.1494387883242539,0.1789038159918931,0.11875947564840311,0.12139794602990145,0.6728557352410608,0.7537696217572151,-0.0294650276676392,-0.002638470381498337,,-0.01631573640603227,0.25962790760967663,-3.4880905720327315,-3.4880905720327315,0.000488090540621337,192722789.0,-1.6023278427109016,0.10908321788132591,-0.04279369970238944,-0.010567984182706214,GCST90200764,cancerType_celltype,CRC_Epi_CRC,tissue,Tumor,Adjacent,group2_higher,0.0005279900054499066,0.11246628288369682
41434,9402,-0.2196351774412437,-0.207755605115718,-0.2694673538208008,-0.2915542423725128,0.5594464344815824,0.621062532609241,-0.011879572325525695,0.022086888551712036,,-0.00963125463078996,-0.0802213631753626,-1.7044217148174103,-1.7044217148174103,0.0883260774918347,196786341.0,1.5608086559099357,0.1185689963641608,-0.020792385046226703,0.010294148767945543,GCST90199634,cancerType_celltype,CRC_Epi_CRC,tissue,Tumor,Adjacent,group2_higher,0.09155014724058608,0.12215384886194344
41434,9402,-0.10349953326528245,-0.08624871779511165,-0.15680757164955134,-0.14424182474613184,0.70301423952042,0.7534434992792182,-0.017250815470170808,-0.012565746903419495,,-0.009635018398379045,-0.26304655946381644,-2.0287154909005656,-2.0287154909005656,0.04250706398025244,192829551.5,-1.519222136069518,0.12870668915027084,-0.024207953703710608,-0.010019869265229131,GCST90200569,cancerType_celltype,CRC_Epi_CRC,tissue,Tumor,Adjacent,group2_higher,0.04449856236949622,0.13249789827176675
41434,9402,0.007994311040973954,0.0160568402650993,-0.07997986674308774,-0.04712016135454175,1.0847553370303946,1.1222191786209712,-0.008062529224125346,-0.03285970538854599,,-0.0030285827533018447,1.006051802463419,-0.6327749858215531,-0.6327749858215531,0.5268911778238246,192852214.5,-1.5015808797331296,0.1332054849516996,-0.0073847521278138685,-0.009903518220856888,GCST90200770,cancerType_celltype,CRC_Epi_CRC,tissue,Tumor,Adjacent,group2_higher,0.5335458212287317,0.13702571772767289
41434,9402,-0.1977175343884984,-0.1910317234710658,-0.2696674317121506,-0.23559309542179105,0.859295827297863,0.9135047601440188,-0.006685810917432589,-0.034074336290359525,,-0.003003350611870399,-0.04962832767685853,-0.64762128610406,-0.64762128610406,0.5172409946119807,192854158.5,-1.500067637782905,0.13359698366872794,-0.00768858985781968,-0.009893537793276286,GCST90200139,cancerType_celltype,CRC_Epi_CRC,tissue,Tumor,Adjacent,group2_higher,0.5245531812917632,0.1373248029717015
41434,9402,-0.311962420319646,-0.31314594995892686,-0.3533502221107483,-0.3692062795162201,0.5878087651697473,0.5911653244778169,0.001183529639280867,0.015856057405471802,,0.0007091518052890393,-0.00546295330471139,0.1754398687432491,0.1754398687432491,0.8607365650133749,196606809.5,1.4210583487151103,0.15529991044001556,0.0020113313726310383,0.0093724403655846,GCST90200308,cancerType_celltype,CRC_Epi_CRC,tissue,Tumor,Adjacent,group1_higher,0.8632700059699999,0.15951302029370099
41434,9402,-0.08038544808148264,-0.06097306697643987,-0.11567572876811019,-0.1381076648831367,0.6354110889393162,0.7247062721084042,-0.019412381105042766,0.022431936115026502,,-0.012610263325544217,-0.3987565286040313,-2.3966867982791786,-2.3966867982791786,0.016558226512988106,196604476.5,1.4192423026915126,0.1558285002730925,-0.02973500466947933,0.009360462825694915,GCST90199894,cancerType_celltype,CRC_Epi_CRC,tissue,Tumor,Adjacent,group2_higher,0.01745465022212126,0.15993542610860323
41434,9402,0.46618448462898954,0.46240570045388735,0.44167822599411005,0.40325216948986053,1.5554620664181962,1.454055288636672,0.00377878417510219,0.03842605650424952,,0.0008972279087399993,0.011741781527931695,0.22451896967019763,0.22451896967019763,0.8223566301046282,196496064.5,1.3348525978006973,0.1819247221042094,0.002458205255090511,0.008803879433272321,GCST90200965,cancerType_celltype,CRC_Epi_CRC,tissue,Tumor,Adjacent,group1_higher,0.8266018339473513,0.1865789286892682
41434,9402,0.3173103257419914,0.4325577712932713,0.25739216804504395,0.21020697802305216,1.64003433202793,1.9494052278492542,-0.11524744555127986,0.047185190021991785,,-0.02186050326102265,0.4469971474285476,-5.321041851921258,-5.321041851921258,1.0494393721191776e-07,193102807.5,-1.3065151183994757,0.191377573417139,-0.06773314209045446,-0.00861698257851673,GCST90199697,cancerType_celltype,CRC_Epi_CRC,tissue,Tumor,Adjacent,group2_higher,1.2030158656000328e-07,0.19612603952448157
41434,9402,-0.6640620327144632,-0.6639607200116039,-0.75119349360466,-0.8170220255851746,1.8477831844842152,1.7490746136374742,-0.00010131270285929084,0.06582853198051453,,-2.310382858403153e-05,-0.00022012140056512622,-0.0050170323914221805,-0.0050170323914221805,0.9959970728696709,196404461.0,1.263546909021173,0.2063928393819472,-5.536425590607315e-05,0.008333590288271742,GCST90200788,cancerType_celltype,CRC_Epi_CRC,tissue,Tumor,Adjacent,group2_higher,0.9959970728696709,0.21135495122283546
41434,9402,-0.10828476928890701,-0.05809342960570288,-0.19494770467281342,-0.1843765527009964,1.014473697062593,1.1449919382673428,-0.050191339683204134,-0.010571151971817017,,-0.019807773737618144,-0.8983719168345269,-3.915972604333191,-3.915972604333191,9.050205354660864e-05,193271431.5,-1.1752553907170344,0.2398927114143259,-0.04826802585280157,-0.007751272897264849,GCST90200961,cancerType_celltype,CRC_Epi_CRC,tissue,Tumor,Adjacent,group2_higher,9.915940432799645e-05,0.24547580004333797
41434,9402,0.5738844965429293,0.58825582987315,0.6180777251720428,0.5699005126953125,0.9216918276140995,0.9419111131156115,-0.01437133333022067,0.04817721247673035,,-0.005589889235759474,0.0356832512378663,-1.3409186910101956,-1.3409186910101956,0.17996895143428146,196187682.5,1.0948029171967109,0.27360315868931595,-0.015528780613422772,0.007220657098825134,GCST90200942,cancerType_celltype,CRC_Epi_CRC,tissue,Tumor,Adjacent,group2_higher,0.184851304299115,0.27976076916244386
41434,9402,0.23760423532016575,0.24672503849166805,0.21962710469961166,0.1981705725193023,0.9346470242994904,1.042972900601384,-0.009120803171502295,0.02145653218030935,,-0.0033346736300974627,0.05434335562502152,-0.7798655860986368,-0.7798655860986368,0.43548414966741444,196169439.0,1.0806018732054958,0.2798744221381403,-0.009544520418618571,0.0071269956119077715,GCST90199798,cancerType_celltype,CRC_Epi_CRC,tissue,Tumor,Adjacent,group2_higher,0.44295887760946706,0.28595864870636073
41434,9402,-0.44047151757803016,-0.4354016588849145,-0.4882769286632538,-0.4982138723134994,0.5944303046538597,0.6498897139636247,-0.005069858693115659,0.009936943650245611,,-0.0037876740214003086,-0.01670179011899266,-0.6934612126967592,-0.6934612126967592,0.4880323596804472,196146578.0,1.0628064903741772,0.2878698921270738,-0.008378963084491714,0.007009628042504268,GCST90199780,cancerType_celltype,CRC_Epi_CRC,tissue,Tumor,Adjacent,group2_higher,0.49530015356995505,0.29390761271101246
41434,9402,0.24327887034380236,0.25716334128845,0.23631365597248077,0.2194010317325592,0.5286812343821673,0.6187449337106354,-0.01388447094464762,0.01691262423992157,,-0.009935976927993449,0.08007365813803137,-2.015306619101073,-2.015306619101073,0.043893567415246235,196079977.5,1.0109635528711263,0.31203406066539796,-0.025408164280412752,0.0066677034195192775,GCST90200793,cancerType_celltype,CRC_Epi_CRC,tissue,Tumor,Adjacent,group2_higher,0.04591476008210331,0.3183401382387256
41434,9402,-0.07193100113363074,-0.07226668470858019,-0.1218982338905334,-0.10037260130047795,0.8835604023380315,0.7896042409985142,0.00033568357494945245,-0.021525632590055452,,0.00016733429345180061,-0.006716934241210945,0.03637694845497822,0.03637694845497822,0.9709822714385822,193506353.0,-0.992388585773784,0.32100819458625984,0.0003871995627948919,-0.006545194184363723,GCST90199891,cancerType_celltype,CRC_Epi_CRC,tissue,Tumor,Adjacent,group1_higher,0.9726944329697624,0.32725068752511005
41434,9402,0.6507624746110148,0.6663278252298181,0.6421917080879211,0.6197718977928162,1.1182104651216744,1.452841115031228,-0.015565350618803375,0.02241981029510498,,-0.0054774195811386865,0.0341010264415028,-0.9753564464460539,-0.9753564464460539,0.3294030610958001,196036243.0,0.9769198902825996,0.328609006547677,-0.013110695173564384,0.006443172035761835,GCST90199772,cancerType_celltype,CRC_Epi_CRC,tissue,Tumor,Adjacent,group2_higher,0.3360601588874068,0.334748935668523
41434,9402,0.0678894582036589,0.08720673104059323,0.040950139984488446,0.0636233836412429,0.6356927356689952,0.7529159419218223,-0.019317272836934338,-0.022673243656754452,,-0.012382397266725768,0.3612472144911366,-2.308084312793156,-2.308084312793156,0.02101054527318956,193584920.5,-0.931230336327144,0.3517346299596461,-0.029315456160123213,-0.0061418314045592615,GCST90200143,cancerType_celltype,CRC_Epi_CRC,tissue,Tumor,Adjacent,group2_higher,0.022113801704523067,0.3580390594734859
41434,9402,0.762721248690592,0.7949428919704403,0.7674431502819061,0.7735914587974548,1.3610295680905418,1.4103836016617222,-0.03222164327984833,-0.006148308515548706,,-0.007922955047778733,0.05969525301760592,-2.012762639688551,-2.012762639688551,0.0441591974748421,193682704.5,-0.8551136434975358,0.39248845264423515,-0.023514455569217024,-0.0056398117900824385,GCST90200172,cancerType_celltype,CRC_Epi_CRC,tissue,Tumor,Adjacent,group2_higher,0.04615719797408725,0.3992251947418601
41434,9402,-0.5389346863472969,-0.5247417496702006,-0.66817906498909,-0.652712494134903,0.7871221229943713,0.8318661359627731,-0.014192936677096313,-0.015466570854187012,,-0.0079711739722595,-0.03850279182249929,-1.508228132895483,-1.508228132895483,0.1315195803147379,193727532.5,-0.8202187823120078,0.41209161836953445,-0.017839588575102382,-0.005409666415810865,GCST90200114,cancerType_celltype,CRC_Epi_CRC,tissue,Tumor,Adjacent,group2_higher,0.13559847804008152,0.418852256403934
41434,9402,0.06706353030716124,0.08954866312351595,0.0545189883559942,0.04382588714361185,0.5681473428272177,0.6126868411667832,-0.02248513281635471,0.010693101212382344,,-0.014539492172005923,0.4171380623686317,-3.2550730835843007,-3.2550730835843007,0.0011364633054831849,193784700.0,-0.775718648984095,0.4379153560628103,-0.038993119296140605,-0.005116170482829974,GCST90200632,cancerType_celltype,CRC_Epi_CRC,tissue,Tumor,Adjacent,group2_higher,0.0012216084269507737,0.44476798085962027
41434,9402,-0.2560756986379932,-0.2327957456174797,-0.27459190785884857,-0.281929075717926,1.4060992521344544,1.4070082172345932,-0.023279953020513472,0.007337167859077454,,-0.005380271992416808,-0.1375050925428029,-1.448572425796303,-1.448572425796303,0.1474794511197224,193790343.0,-0.7713260438785821,0.44051392967681113,-0.01655442847113484,-0.0050871995194362585,GCST90200646,cancerType_celltype,CRC_Epi_CRC,tissue,Tumor,Adjacent,group2_higher,0.15170905047258992,0.44707407754988354
41434,9402,0.12933487117813533,0.1805760914704817,0.035912197083234745,-0.0024365385761484,1.05399010010843,1.2110415132327492,-0.05124122029234637,0.03834873565938315,,-0.020736967935623577,0.48149241926905856,-3.7899152263319706,-3.7899152263319706,0.0001513883952444967,195765893.0,0.7664749513714836,0.44339398210138914,-0.0472378368567735,0.00505520465077236,GCST90200891,cancerType_celltype,CRC_Epi_CRC,tissue,Tumor,Adjacent,group2_higher,0.00016533844769090465,0.44966220059835815
41434,9402,0.4736815174918888,0.46640452433818375,0.46963103115558624,0.47429847717285156,0.8982471292904467,0.8423435316250444,0.007276993153705058,-0.00466744601726532,,0.0031796377910473296,0.02233554978496211,0.746838490603027,0.746838490603027,0.45517303794760455,195753991.5,0.757210625717884,0.4489239184146595,0.008193208388547014,0.004994102768647535,GCST90200822,cancerType_celltype,CRC_Epi_CRC,tissue,Tumor,Adjacent,group1_higher,0.4622957158886625,0.45493182215552486
41434,9402,-0.08068507711876882,-0.06623614226813576,-0.12019799649715421,-0.11716596782207485,0.6280669679342475,0.7139682387160721,-0.01444893485063306,-0.0030320286750793596,,-0.009349483656763519,-0.284679318415119,-1.809830064725417,-1.809830064725417,0.0703454025321863,193861926.5,-0.7156042562531193,0.4742359851461869,-0.02240783498015815,-0.004719692349828719,GCST90199907,cancerType_celltype,CRC_Epi_CRC,tissue,Tumor,Adjacent,group2_higher,0.07313560919250185,0.4801880359239916
41434,9402,0.07471428461458929,0.08266375874714323,0.0551562309265136,0.05008799768984315,0.5016158799308588,0.5411086231057537,-0.007949474132553938,0.0050682332366704524,,-0.00591775346482728,0.1458690100339567,-1.3031065241496658,-1.3031065241496658,0.19256093859451096,195699886.0,0.7150940041449031,0.4745511991119712,-0.015613213795812552,0.004716327035899193,GCST90200326,cancerType_celltype,CRC_Epi_CRC,tissue,Tumor,Adjacent,group2_higher,0.19748725305065346,0.4801880359239916
41434,9402,-0.3218683061692437,-0.31382026464201274,-0.4218462109565735,-0.4141171872615814,0.6237153636386222,0.6861674274498525,-0.008048041527230987,-0.007729023694992065,,-0.005838188752175412,-0.03653189314651736,-1.0436512897687347,-1.0436512897687347,0.2966659364158474,195607997.5,0.643566466622676,0.519856853506527,-0.012659577305620891,0.004244574710929205,GCST90200089,cancerType_celltype,CRC_Epi_CRC,tissue,Tumor,Adjacent,group2_higher,0.3028881433219475,0.5256416107784839
41434,9402,-0.2869043299770497,-0.2559798727705428,-0.35220691561698914,-0.3707474619150162,1.068654541149021,1.118052806239173,-0.030924457206506883,0.01854054629802704,,-0.01119726893511581,-0.16453875581835187,-2.440849938663157,-2.440849938663157,0.014665437631664894,194049251.5,-0.5697873589661772,0.568822194333217,-0.02868792782703892,-0.003757972392761433,GCST90200430,cancerType_celltype,CRC_Epi_CRC,tissue,Tumor,Adjacent,group2_higher,0.015471355643931308,0.5747254639556522
41434,9402,0.38228536100326804,0.4219015167409396,0.3761979788541794,0.3298453986644745,0.9158119269638142,1.0059581230276546,-0.03961615573767158,0.046352580189704895,,-0.014674038462294738,0.14225596414248207,-3.503336084752683,-3.503336084752683,0.0004609944094735671,195499157.0,0.5588432102011657,0.576268995372883,-0.042454688449958304,0.0036857914145878024,GCST90200924,cancerType_celltype,CRC_Epi_CRC,tissue,Tumor,Adjacent,group2_higher,0.0004994716853040318,0.5818182523653627
41434,9402,0.6762907120013915,0.6803121836529193,0.6964192092418671,0.697954535484314,0.6463172120093218,0.6541201107994349,-0.004021471651527886,-0.0015353262424468994,,-0.002286208570732685,0.008553373530704783,-0.539367662144533,-0.539367662144533,0.5896418456877154,194078485.5,-0.5470311268813701,0.584357614987681,-0.006208203906434764,-0.0036078860656566514,GCST90200868,cancerType_celltype,CRC_Epi_CRC,tissue,Tumor,Adjacent,group2_higher,0.5953198782758193,0.5895480601245072
41434,9402,-0.10927865267384126,-0.09927599613874075,-0.15678691118955607,-0.1383398175239563,0.6133298710591562,0.7442358780374919,-0.010002656535100518,-0.018447093665599767,,-0.00792064470084049,-0.13849343431840608,-1.2130851951403159,-1.2130851951403159,0.22512025631898389,195446657.5,0.5179767257537304,0.6044747796339225,-0.01563986436380918,0.003416260829315787,GCST90200269,cancerType_celltype,CRC_Epi_CRC,tissue,Tumor,Adjacent,group2_higher,0.2305326140967506,0.6093928436694056
41434,9402,0.4100242890850505,0.4170745043454316,0.3838625848293304,0.37200315296649933,0.7773701290588905,0.819966890259908,-0.007050215260381076,0.01185943186283106,,-0.002895687914911234,0.02459568901338961,-0.7598217600217341,-0.7598217600217341,0.44737440286209007,195437706.0,0.5110087291912637,0.6093452169107421,-0.008976341517652739,0.0033703041433652547,GCST90199800,cancerType_celltype,CRC_Epi_CRC,tissue,Tumor,Adjacent,group2_higher,0.4547138785242571,0.613848877050511
41434,9402,-0.2519965161005704,-0.2378445042081242,-0.2709508538246155,-0.28493231534957886,0.6757339437665006,0.7110585263501741,-0.014152011892446192,0.013981461524963379,,-0.007875505957089619,-0.08338475786262829,-1.758094310950725,-1.758094310950725,0.07875408836398481,195410807.5,0.49007048917165713,0.6240842952182011,-0.020738449407160877,0.0032322081910622913,GCST90200469,cancerType_celltype,CRC_Epi_CRC,tissue,Tumor,Adjacent,group2_higher,0.08175310162994007,0.6282325660135953
41434,9402,-0.20298193890630561,-0.17281574326341084,-0.2667384743690491,-0.2580335885286331,0.6373220337169293,0.7724160205564584,-0.030166195642894772,-0.008704885840415955,,-0.020246520704426497,-0.2321154722461744,-3.524404571271537,-3.524404571271537,0.00042595754568910423,194160576.5,-0.4831301263999482,0.6290036206851817,-0.04540508496951463,-0.0031864337608622506,GCST90200023,cancerType_celltype,CRC_Epi_CRC,tissue,Tumor,Adjacent,group2_higher,0.0004618775932969364,0.6327172951984522
41434,9402,-0.25256223438948555,-0.23063244140816355,-0.29826787114143366,-0.3233741372823715,0.869692405000693,0.9389586296377015,-0.021929792981322,0.02510626614093786,,-0.008440197789818134,-0.13104292522375033,-2.0719248099151644,-2.0719248099151644,0.03829167718633686,195315522.5,0.41589905952806294,0.6774841525494211,-0.024838033089059637,0.0027430183546326425,GCST90199801,cancerType_celltype,CRC_Epi_CRC,tissue,Tumor,Adjacent,group2_higher,0.04011649193311079,0.680981489620104
41434,9402,0.24428707932748356,0.2924869315615881,0.23650208115577695,0.1929942891001701,1.0926831459992965,1.2472136246740146,-0.04819985223410456,0.04350779205560684,,-0.015826874309423547,0.25979363315692205,-3.4581969940760784,-3.4581969940760784,0.0005455623279648758,194278244.5,-0.3915353970794629,0.6954018172516047,-0.042925767482260735,-0.0025823303902058337,GCST90199655,cancerType_celltype,CRC_Epi_CRC,tissue,Tumor,Adjacent,group2_higher,0.0005892246061934436,0.698476548941737
41434,9402,-0.2199182750245298,-0.20098726283942947,-0.25724864006042475,-0.2768617868423462,0.8612893344770827,0.9403197052074244,-0.01893101218510032,0.019613146781921442,,-0.008390742383422344,-0.12986280160102012,-1.789231271275986,-1.789231271275986,0.07360047497980104,195159808.5,0.29468869068173215,0.7682320006162203,-0.021599843674722913,0.0019435881590113002,GCST90200015,cancerType_celltype,CRC_Epi_CRC,tissue,Tumor,Adjacent,group2_higher,0.0764614690529488,0.7710605425919796
41434,9402,-0.24638334929211894,-0.22471536516783516,-0.2859556972980499,-0.3094546645879745,0.9263877647980794,0.9486563263870459,-0.02166798412428378,0.023498967289924566,,-0.009416905300616755,-0.13280542287953614,-2.0080930708360474,-2.0080930708360474,0.044652905272101896,194436374.0,-0.2684447628366468,0.7883572872522012,-0.023285232680932612,-0.0017704991025982997,GCST90200584,cancerType_celltype,CRC_Epi_CRC,tissue,Tumor,Adjacent,group2_higher,0.04663747883975087,0.790677691335357
41434,9402,-0.0381143572779869,-0.02369067359726265,-0.04872310161590575,-0.060519225895404746,0.703026038693128,0.7875517765522916,-0.014423683680724247,0.011796124279498998,,-0.0075897480275415935,-0.6859922841996737,-1.6342377248893296,-1.6342377248893296,0.10223313605757654,194476494.5,-0.23721429798891822,0.8124908465770175,-0.020049415045780644,-0.001564521867645663,GCST90200759,cancerType_celltype,CRC_Epi_CRC,tissue,Tumor,Adjacent,group2_higher,0.10580392137166046,0.814283105797408
41434,9402,-0.04448047322276756,0.008647960785272022,-0.0799290761351585,-0.11447418481111521,0.6442731371492847,0.8147521706607042,-0.053128434008039585,0.03454510867595671,,-0.02809076392914781,-2.3626058693494185,-5.916970998719731,-5.916970998719731,3.3672415481554064e-09,194570712.0,-0.16387382810965773,0.8698307770871794,-0.07824117728700744,-0.001080812538645226,GCST90200046,cancerType_celltype,CRC_Epi_CRC,tissue,Tumor,Adjacent,group2_higher,3.932776546817325e-09,0.87110900012478
41434,9402,-0.5397203988246907,-0.5602032775039779,-0.6503350734710693,-0.6444797813892365,1.1831896336381769,1.0974174881758876,0.02048287867928722,-0.005855292081832886,,0.0071376098241156555,-0.05373811103220995,1.6098852127277337,1.6098852127277337,0.10744427175531363,194654119.0,-0.09894843132859817,0.9211795239411467,0.017539681104801946,-0.0006526039361677283,GCST90200815,cancerType_celltype,CRC_Epi_CRC,tissue,Tumor,Adjacent,group1_higher,0.11102846277671909,0.9218558672039521
41434,9402,-0.16858935747201506,-0.18855149839140684,-0.22672171145677567,-0.21709573268890375,1.200534105682757,1.1531467017224566,0.019962140919391774,-0.009625978767871912,,0.006203750045792705,-0.16144424318180164,1.5037745255779105,1.5037745255779105,0.13266136845324786,194795535.5,0.011132525592148421,0.9911180236999867,0.016747991875581555,7.34233976564802e-05,GCST90200884,cancerType_celltype,CRC_Epi_CRC,tissue,Tumor,Adjacent,group1_higher,0.1366722941812372,0.9911180236999868
