n_group1,n_group2,mean_group1,mean_group2,median_group1,median_group2,sd_group1,sd_group2,mean_diff,median_diff,log2FC,pseudo_log2FC_shifted,signed_log2FC_absmean,t_welch,z_welch_approx,p_ttest,u_stat,z_wilcoxon,p_wilcoxon,cohen_d,cliffs_delta,trait,celltype_key,celltype,group_col,group1,group2,direction,q_ttest,q_wilcoxon
2794,1081,0.47362366965803554,-2.7331404876753096,0.445961594581604,-2.779257535934448,1.0142129125803434,0.6743133513436416,3.206764157333345,3.225219130516052,,1.4362143307398207,-2.5287440127887635,114.17948304420658,114.17948304420658,0.0,3006249.0,47.899501277166706,0.0,3.44081019121159,0.9906863988313799,GCST90199943,cancerType_celltype,KICH_Epi_KICH,tissue,Tumor,Adjacent,group1_higher,0.0,0.0
2794,1081,-0.0625156532395214,-0.960715671051397,-0.0808518342673778,-0.9706918001174928,0.3039973445705395,0.18685638323425566,0.8982000178118756,0.889839965850115,,1.420796174172082,-3.941798570111065,111.08793293579167,111.08793293579167,0.0,3004940.0,47.857591790870536,0.0,3.2499871098045405,0.9898196015381182,GCST90200920,cancerType_celltype,KICH_Epi_KICH,tissue,Tumor,Adjacent,group1_higher,0.0,0.0
2794,1081,0.2800828117307085,-0.8751810445078924,0.27442923188209534,-0.8948138952255249,0.3646243997948988,0.24766367506247175,1.1552638562386008,1.1692431271076202,,1.5238133875049356,-1.6437245386678914,113.10596871591142,113.10596871591142,0.0,3001247.0,47.73935517292419,0.0,3.436988216465324,0.9873741604349746,GCST90200074,cancerType_celltype,KICH_Epi_KICH,tissue,Tumor,Adjacent,group1_higher,0.0,0.0
2794,1081,0.3169298492868989,-0.5976788931988029,0.30705811083316803,-0.6037015914916992,0.32719104937505283,0.19243187660341218,0.9146087424857017,0.9107597023248672,,1.332171330817675,-0.9152049142461423,107.362780670011,107.362780670011,0.0,2994384.0,47.51962652170141,0.0,3.091455225889012,0.9828295998363084,GCST90200395,cancerType_celltype,KICH_Epi_KICH,tissue,Tumor,Adjacent,group1_higher,0.0,0.0
2794,1081,0.5979428221787437,-0.8847850551372127,0.5678284466266632,-0.906211793422699,0.5795050798524707,0.28562602168958084,1.4827278773159565,1.4740402400493622,,1.5176090942101481,-0.5653187006628476,105.99984451669438,105.99984451669438,0.0,2993648.0,47.49606244078928,0.0,2.88068951279761,0.9823422332909757,GCST90200939,cancerType_celltype,KICH_Epi_KICH,tissue,Tumor,Adjacent,group1_higher,0.0,0.0
2794,1081,0.9009455525893458,-0.5724643486365417,0.8676193058490753,-0.5946653485298157,0.5971074004147943,0.2729319449485071,1.4734099012258874,1.462284654378891,,1.5069457017783225,0.6542531532542997,105.10468635206158,105.10468635206158,0.0,2991111.0,47.41483679775384,0.0,2.7950448926156124,0.9806622755117513,GCST90200361,cancerType_celltype,KICH_Epi_KICH,tissue,Tumor,Adjacent,group1_higher,0.0,0.0
2794,1081,0.0008669629337806247,-0.9837672030423991,-0.01092499075457445,-0.9998796582221984,0.35742543453944237,0.23010663167797016,0.9846341659761797,0.988954667467624,,1.3368818004587888,-10.146469276349407,101.17823580072132,101.17823580072132,0.0,2989645.0,47.36790073441527,0.0,3.0116120701143294,0.9796915155179229,GCST90200433,cancerType_celltype,KICH_Epi_KICH,tissue,Tumor,Adjacent,group1_higher,0.0,0.0
2794,1081,0.6823901271072216,-1.0681162955727046,0.7174994945526123,-1.100404977798462,0.6351779815436892,0.3716714721365346,1.7505064226799263,1.8179044723510742,,1.47226427622312,-0.6463992926157021,106.10340301142331,106.10340301142331,0.0,2987097.0,47.286322910822726,0.0,3.0496996300599952,0.9780042737278309,GCST90199661,cancerType_celltype,KICH_Epi_KICH,tissue,Tumor,Adjacent,group1_higher,0.0,0.0
2794,1081,0.4229981190081477,-0.5614674016984075,0.458748459815979,-0.5719315409660339,0.3459610519700665,0.18927892203272392,0.9844655207065551,1.030680000782013,,1.0391509081302306,-0.40855017435505125,112.94088162984234,112.94088162984234,0.0,2985222.0,47.226292134042495,0.0,3.172335217234966,0.9767626809662837,GCST90200180,cancerType_celltype,KICH_Epi_KICH,tissue,Tumor,Adjacent,group1_higher,0.0,0.0
2794,1081,0.22396160238448912,-0.6393139595903002,0.2215512990951538,-0.6486152410507202,0.31233808205890506,0.1934447925133072,0.8632755619747894,0.870166540145874,,1.3681828122727313,-1.5132690034590432,103.52720141287976,103.52720141287976,0.0,2983504.0,47.171287934304665,0.0,3.0372476585993,0.9756250509053033,GCST90200503,cancerType_celltype,KICH_Epi_KICH,tissue,Tumor,Adjacent,group1_higher,0.0,0.0
2794,1081,1.280143036976273,-0.39090616868164435,1.297494113445282,-0.4073080420494079,0.6805713813187937,0.3027086161074423,1.6710492056579174,1.70480215549469,,1.4642159404906159,1.7114081990018537,105.57201931007998,105.57201931007998,0.0,2977863.0,46.990683341335455,0.0,2.7867438230806165,0.9718896776957628,GCST90200599,cancerType_celltype,KICH_Epi_KICH,tissue,Tumor,Adjacent,group1_higher,0.0,0.0
2794,1081,1.4471904785078487,-0.7855718165386647,1.5289496183395386,-0.8169741034507751,0.876544621476042,0.39062776884528266,2.2327622950465136,2.3459237217903137,,1.583436424802645,0.8814389045522486,109.45052632191437,109.45052632191437,0.0,2976770.0,46.95568940052436,0.0,2.8906152903662123,0.9711659118886316,GCST90200155,cancerType_celltype,KICH_Epi_KICH,tissue,Tumor,Adjacent,group1_higher,0.0,0.0
2794,1081,0.1542840911029515,-1.08372204690124,0.1345820054411888,-1.0957882404327393,0.5059955723073516,0.30556223226836277,1.2380061380041916,1.230370245873928,,1.0928828461031257,-2.812325549799501,92.79031293097721,92.79031293097721,0.0,2975081.0,46.901613676800736,0.0,2.6972368938718976,0.9700474851290297,GCST90199985,cancerType_celltype,KICH_Epi_KICH,tissue,Tumor,Adjacent,group1_higher,0.0,0.0
2794,1081,0.83695257055061,-0.9411963770471024,0.8633852005004883,-0.963363230228424,0.6717376658135139,0.41010741194839545,1.7781489475977124,1.8267484307289124,,1.355902944397973,-0.1693497075924417,99.85727753107625,99.85727753107625,0.0,2974023.0,46.867740310489545,0.0,2.9142002508694405,0.9693468957201139,GCST90200013,cancerType_celltype,KICH_Epi_KICH,tissue,Tumor,Adjacent,group1_higher,0.0,0.0
2794,1081,0.3564644850574753,-0.9257002467570429,0.3286353647708893,-0.9402408003807068,0.5182995113434087,0.32043389619057433,1.2821647318145182,1.268876165151596,,1.2348996386727302,-1.3767842712254297,92.74237423870117,92.74237423870117,0.0,2971095.0,46.77399624946953,0.0,2.7190588298642964,0.9674080244636816,GCST90200092,cancerType_celltype,KICH_Epi_KICH,tissue,Tumor,Adjacent,group1_higher,0.0,0.0
2794,1081,0.9392794120840277,-0.532814133795048,0.9671432375907898,-0.5763043761253357,0.541056221470265,0.33734678823544195,1.4720935458790758,1.5434476137161255,,1.4320635754694568,0.8179208627731922,101.57184263184057,101.57184263184057,0.0,2969533.0,46.723986610359816,0.0,2.987250687550729,0.966373694920462,GCST90200271,cancerType_celltype,KICH_Epi_KICH,tissue,Tumor,Adjacent,group1_higher,0.0,0.0
2794,1081,0.2160302836728378,-0.6310082343256206,0.20866376161575315,-0.6464549899101257,0.3282807551519932,0.22597408230464153,0.8470385179984584,0.8551187515258789,,1.3019490810313294,-1.5464208726679622,91.4399381660268,91.4399381660268,0.0,2964346.0,46.55791746947499,0.0,2.793269077153702,0.9629389527049175,GCST90200125,cancerType_celltype,KICH_Epi_KICH,tissue,Tumor,Adjacent,group1_higher,0.0,0.0
2794,1081,0.7778929866450047,-1.150589135627949,0.8074931502342224,-1.177680492401123,0.8254870578570093,0.41922761686253274,1.9284821222729538,1.9851736426353455,,1.4353479874345636,-0.5647285471077219,95.65329497628655,95.65329497628655,0.0,2959935.0,46.416693066073606,0.0,2.623314200998812,0.960018064346952,GCST90200411,cancerType_celltype,KICH_Epi_KICH,tissue,Tumor,Adjacent,group1_higher,0.0,0.0
2794,1081,0.3379596789797825,-0.5932302129422388,0.34495171904563904,-0.6063598394393921,0.4081734295222326,0.21201748218605523,0.9311898919220213,0.9513115584850311,,1.1505728200935845,-0.81173910567643,92.55933871625832,92.55933871625832,0.0,2957766.0,46.34724946349424,0.0,2.556421646910144,0.9585817898403941,GCST90200926,cancerType_celltype,KICH_Epi_KICH,tissue,Tumor,Adjacent,group1_higher,0.0,0.0
2794,1081,0.6151561304243021,-0.5852218551089975,0.6154729127883911,-0.6031177043914795,0.5036509919644226,0.2963256578792166,1.2003779855332994,1.2185906171798706,,1.2847516326574184,0.07196885395087618,91.52310291109227,91.52310291109227,0.0,2956892.0,46.31926711741108,0.0,2.6357123150249673,0.9580030420678114,GCST90199729,cancerType_celltype,KICH_Epi_KICH,tissue,Tumor,Adjacent,group1_higher,0.0,0.0
2794,1081,3.088275441588587,-0.5053925065126202,3.1195967197418213,-0.5432615280151367,1.5936046765921887,0.7492509943074436,3.5936679481012073,3.662858247756958,,1.3667200747074917,2.6113228654526184,95.09015421435504,95.09015421435504,0.0,2956467.0,46.305660141340894,0.0,2.548798107618719,0.9577216143751941,GCST90200589,cancerType_celltype,KICH_Epi_KICH,tissue,Tumor,Adjacent,group1_higher,0.0,0.0
2794,1081,1.7302451627291493,-1.1400460230711473,1.7651253938674927,-1.1640663146972656,1.2350779995025254,0.6771960475873827,2.870291185800297,2.9291917085647583,,1.2221837892226928,0.6018839733019804,92.1502974395585,92.1502974395585,0.0,2955874.0,46.2866744076712,0.0,2.5902347216686503,0.957328939971142,GCST90200514,cancerType_celltype,KICH_Epi_KICH,tissue,Tumor,Adjacent,group1_higher,0.0,0.0
2794,1081,0.8938602855735832,-0.8288084396060339,0.9027657508850098,-0.8335645198822021,0.7558966057359363,0.4044602899134115,1.722668725179617,1.736330270767212,,1.201270322867835,0.10901052875447018,91.32271334449139,91.32271334449139,0.0,2951005.0,46.1307864865283,0.0,2.5464060927293817,0.9541047718879561,GCST90200446,cancerType_celltype,KICH_Epi_KICH,tissue,Tumor,Adjacent,group1_higher,0.0,0.0
2794,1081,1.4465482615428773,-0.5071071375027911,1.4670090675354004,-0.5565503239631653,0.7471457633928246,0.5465988905061719,1.9536553990456684,2.0235593914985657,,1.1355613643045124,1.512250123938005,89.52889687639566,89.52889687639566,0.0,2949956.0,46.09720126794565,0.0,2.8027544258275827,0.9534101421242958,GCST90200124,cancerType_celltype,KICH_Epi_KICH,tissue,Tumor,Adjacent,group1_higher,0.0,0.0
2794,1081,0.14014160518443877,-0.6761822851369792,0.1187917776405811,-0.6881546378135681,0.362861329363211,0.2197477165603771,0.8163238903214179,0.8069464154541492,,1.0245998623174184,-2.270518733469318,85.20210814434394,85.20210814434394,0.0,2949627.0,46.08666786764662,0.0,2.4792044973957448,0.9531922839810696,GCST90200878,cancerType_celltype,KICH_Epi_KICH,tissue,Tumor,Adjacent,group1_higher,0.0,0.0
2794,1081,-0.08237892232416225,-0.6968485744468433,-0.09674717485904691,-0.7026042938232422,0.26706372594254657,0.17665811107471427,0.6144696521226811,0.6058571189641953,,0.9445400650003164,-3.08048259108345,83.31314379896918,83.31314379896918,0.0,2948269.0,46.04318957705059,0.0,2.5057062066242546,0.9522930397303062,GCST90200291,cancerType_celltype,KICH_Epi_KICH,tissue,Tumor,Adjacent,group1_higher,0.0,0.0
2794,1081,0.31894861117021395,-0.735023917601184,0.3074912875890732,-0.7478010058403015,0.4162150147403661,0.3235776765623573,1.053972528771398,1.0552922934293747,,1.136235274496644,-1.2044646389068179,83.62239413399656,83.62239413399656,0.0,2945584.0,45.9572255047013,0.0,2.684686364693636,0.9505150788957704,GCST90200434,cancerType_celltype,KICH_Epi_KICH,tissue,Tumor,Adjacent,group1_higher,0.0,0.0
2794,1081,0.3832095630873746,-0.5816932730853258,0.3870058059692383,-0.5876439213752747,0.42559994177656085,0.24501659099781917,0.9649028361727003,0.9746497273445129,,0.9534871598306823,-0.6021237714792769,87.94955120850071,87.94955120850071,0.0,2942230.0,45.84984245119682,0.0,2.513538987705237,0.9482941177639146,GCST90199941,cancerType_celltype,KICH_Epi_KICH,tissue,Tumor,Adjacent,group1_higher,0.0,0.0
2794,1081,0.07456168058816705,-0.6711543494220358,0.0645507723093032,-0.6889442205429077,0.3254733717574173,0.21677806368862473,0.7457160300102028,0.7534949928522109,,1.2937969809078522,-3.170121107370627,82.66063227325432,82.66063227325432,0.0,2941560.0,45.828391453627354,0.0,2.4926923237275043,0.9478504552837883,GCST90199969,cancerType_celltype,KICH_Epi_KICH,tissue,Tumor,Adjacent,group1_higher,0.0,0.0
2794,1081,1.4020116130080833,-0.6753574794694889,1.478876769542694,-0.7629683017730713,0.7774523279393374,0.6047050597967975,2.0773690924775723,2.2418450713157654,,1.339439299308764,1.0537739370285215,88.21114910103529,88.21114910103529,0.0,2939655.0,45.76740018441864,0.0,2.832580714985422,0.9465889970380563,GCST90200919,cancerType_celltype,KICH_Epi_KICH,tissue,Tumor,Adjacent,group1_higher,0.0,0.0
2794,1081,0.290023947648056,-0.8421868222447286,0.26836787164211273,-0.8761649131774902,0.4860013814513858,0.3366125997468212,1.1322107698927846,1.144532784819603,,1.0942690271366777,-1.537965010044975,82.27894716437933,82.27894716437933,0.0,2937006.0,45.68258870298353,0.0,2.519577371268678,0.9448348747845423,GCST90200387,cancerType_celltype,KICH_Epi_KICH,tissue,Tumor,Adjacent,group1_higher,0.0,0.0
2794,1081,0.3310165720346074,-0.5752934251793907,0.3516920357942581,-0.5817282795906067,0.4252413737791186,0.22011411449840895,0.9063099972139981,0.9334203153848648,,0.7256860189336385,-0.797392685642325,86.59423032542391,86.59423032542391,0.0,2931522.0,45.50701068705671,0.0,2.38903689176118,0.9412034642755687,GCST90200798,cancerType_celltype,KICH_Epi_KICH,tissue,Tumor,Adjacent,group1_higher,0.0,0.0
2794,1081,-0.011398504013696461,-1.2754754292141994,-0.00425819866359225,-1.317534565925598,0.5174784786694712,0.40926684026132104,1.264076925200503,1.3132763672620056,,1.1296946021876983,-6.805921373109799,79.82106281035072,79.82106281035072,0.0,2930949.0,45.48866528167268,0.0,2.5812584295423586,0.9408240335276399,GCST90199862,cancerType_celltype,KICH_Epi_KICH,tissue,Tumor,Adjacent,group1_higher,0.0,0.0
2794,1081,0.816795217139858,-0.8270670556403855,0.819229394197464,-0.8393546938896179,0.7394530634297575,0.46332872594680025,1.6438622727802437,1.658584088087082,,1.1705470834285538,-0.01802986242352957,82.78615598523375,82.78615598523375,0.0,2926736.0,45.353780128299285,0.0,2.439225979827463,0.9380342573652938,GCST90200845,cancerType_celltype,KICH_Epi_KICH,tissue,Tumor,Adjacent,group1_higher,0.0,0.0
2794,1081,-0.22051524684246263,-1.0110043142400993,-0.2539629489183426,-1.0407660007476809,0.3570972524514815,0.2510325518035237,0.7904890673976367,0.7868030518293383,,1.007503831771455,-2.1968337232480395,77.5378721410113,77.5378721410113,0.0,2926338.0,45.34103759541474,0.0,2.388499729052884,0.9377707086084428,GCST90200624,cancerType_celltype,KICH_Epi_KICH,tissue,Tumor,Adjacent,group1_higher,0.0,0.0
2794,1081,0.13624863742600063,-0.6059332459546439,0.13816519826650614,-0.621894121170044,0.3296128293654416,0.20445251872693937,0.7421818833806446,0.7600593194365501,,1.0072052950525232,-2.152908854805018,84.277034287563,84.277034287563,0.0,2926157.0,45.335242624429554,0.0,2.473871070736574,0.9376508535205279,GCST90200248,cancerType_celltype,KICH_Epi_KICH,tissue,Tumor,Adjacent,group1_higher,0.0,0.0
2794,1081,0.07230720080333777,-0.769146551813148,0.0696950368583202,-0.789344310760498,0.3870504549280611,0.24329090273899603,0.8414537526164857,0.8590393476188183,,0.9400750489417637,-3.4110292044255486,80.82944358711187,80.82944358711187,0.0,2920047.0,45.13962233316171,0.0,2.384391373594131,0.9336049165748992,GCST90200795,cancerType_celltype,KICH_Epi_KICH,tissue,Tumor,Adjacent,group1_higher,0.0,0.0
2794,1081,1.3526369277409107,-0.9414472983334539,1.2874000072479248,-0.993404984474182,1.1085185173153567,0.6968420100831766,2.2940842260743644,2.280804991722107,,1.026216872220144,0.5228219389542885,76.94078441649347,76.94078441649347,0.0,2918551.0,45.09172577739466,0.0,2.269744090356897,0.932614291096886,GCST90200342,cancerType_celltype,KICH_Epi_KICH,tissue,Tumor,Adjacent,group1_higher,0.0,0.0
2794,1081,-0.02229056310219,-0.957354739732234,-0.03357177972793575,-0.984696924686432,0.45783871787582625,0.2695008995172756,0.9350641766300439,0.9511251449584962,,0.8271805535890384,-5.424485421043295,78.41027892445625,78.41027892445625,0.0,2918098.0,45.07722234172455,0.0,2.258468294032255,0.9323143222856962,GCST90200537,cancerType_celltype,KICH_Epi_KICH,tissue,Tumor,Adjacent,group1_higher,0.0,0.0
2794,1081,-0.04542625497395325,-0.5748981894403145,-0.07881560176610944,-0.5821351408958435,0.26482295218467855,0.16329393129836095,0.5294719344663612,0.503319539129734,,1.218798991449154,-3.6616789610533957,75.05331673423488,75.05331673423488,0.0,2915227.0,44.98530321631866,0.0,2.198314229584231,0.930413195449215,GCST90199921,cancerType_celltype,KICH_Epi_KICH,tissue,Tumor,Adjacent,group1_higher,0.0,0.0
2794,1081,-0.3411625837878758,-1.8624910588180654,-0.3679395616054535,-1.9076842069625852,0.661139958504471,0.5294615649760983,1.5213284750301896,1.5397446453571317,,1.0385010597238606,-2.4486987093317496,74.60999908411547,74.60999908411547,0.0,2915000.0,44.978035490276476,0.0,2.425561243296614,0.9302628799522168,GCST90200979,cancerType_celltype,KICH_Epi_KICH,tissue,Tumor,Adjacent,group1_higher,0.0,0.0
2794,1081,0.9606452757256331,-0.6223918302455282,0.9467695355415344,-0.6499373912811279,0.7414498278023559,0.4479726016502073,1.5830371059711612,1.5967069268226624,,1.1750880474235357,0.6261798659017845,80.95258068639772,80.95258068639772,0.0,2911199.0,44.85634109958759,0.0,2.353561440463429,0.9277459231060081,GCST90200574,cancerType_celltype,KICH_Epi_KICH,tissue,Tumor,Adjacent,group1_higher,0.0,0.0
2794,1081,1.5046901761232165,-1.252159224467302,1.5197088718414307,-1.302695393562317,1.3324807418258118,0.7704967591653022,2.756849400590519,2.8224042654037476,,1.3222181764025942,0.26504823853300935,80.09725158763203,80.09725158763203,0.0,2907780.0,44.746876979154734,0.0,2.292647065835579,0.9254819200917521,GCST90201017,cancerType_celltype,KICH_Epi_KICH,tissue,Tumor,Adjacent,group1_higher,0.0,0.0
2794,1081,0.134944688449087,-0.4133875679425468,0.14360752701759333,-0.4179199337959289,0.2599938492596254,0.16689823496507844,0.5483322563916337,0.5615274608135222,,0.6860115883609215,-1.615119609245589,77.57585301180531,77.57585301180531,0.0,2902599.0,44.5809999367556,0.0,2.3065518607015365,0.9220511509730445,GCST90199846,cancerType_celltype,KICH_Epi_KICH,tissue,Tumor,Adjacent,group1_higher,0.0,0.0
2794,1081,0.9491156978874772,-0.6400315639758689,0.9655904173851013,-0.6956719160079956,0.7081293784788762,0.5153485578361874,1.5891472618633462,1.661262333393097,,1.0939769388180778,0.5684401742539944,77.0707644515202,77.0707644515202,0.0,2901390.0,44.54229209188771,0.0,2.4075890085409073,0.9212505719603987,GCST90200856,cancerType_celltype,KICH_Epi_KICH,tissue,Tumor,Adjacent,group1_higher,0.0,0.0
2794,1081,-0.06290777075256153,-1.1639661826016718,-0.0848153941333293,-1.2083848714828491,0.49135514169797995,0.4042495050615172,1.1010584118491102,1.1235694773495197,,1.0682981218722751,-4.209645400681895,71.43365385792622,71.43365385792622,0.0,2898895.0,44.46241113825215,0.0,2.34919551571485,0.9195984258590333,GCST90200069,cancerType_celltype,KICH_Epi_KICH,tissue,Tumor,Adjacent,group1_higher,0.0,0.0
2794,1081,-0.14519971558943004,-0.705365820299355,-0.16200309991836545,-0.719685435295105,0.2650080026568849,0.20215964103970904,0.560166104709925,0.5576823353767395,,1.1578844088760962,-2.2803251511760476,70.60683195608193,70.60683195608193,0.0,2898742.0,44.45751262686689,0.0,2.2489214482106687,0.9194971118896909,GCST90200297,cancerType_celltype,KICH_Epi_KICH,tissue,Tumor,Adjacent,group1_higher,0.0,0.0
2794,1081,0.6405065821923216,-0.5663077282326453,0.6892273724079132,-0.5857840180397034,0.598198381062996,0.30014890112973536,1.206814310424967,1.2750113904476166,,1.2567288518632092,0.1776268834520235,82.99917238776843,82.99917238776843,0.0,2898022.0,44.434460808583275,0.0,2.267832206377183,0.9190203402692567,GCST90199843,cancerType_celltype,KICH_Epi_KICH,tissue,Tumor,Adjacent,group1_higher,0.0,0.0
2794,1081,0.35271630745565685,-0.41295629862692057,0.33490830659866333,-0.3953075706958771,0.3527066569880859,0.302214324532715,0.7656726060825774,0.7302158772945404,,0.9878724448325992,-0.22748024015896975,67.40992214771614,67.40992214771614,0.0,2897516.0,44.41826050295619,0.0,2.256073357693047,0.9186852757693404,GCST90200755,cancerType_celltype,KICH_Epi_KICH,tissue,Tumor,Adjacent,group1_higher,0.0,0.0
2794,1081,1.165580696024334,-0.4659875311951647,1.1886616349220276,-0.5048020482063293,0.7991211810482212,0.4064776063810089,1.6315682272194987,1.693463683128357,,1.1634021843660016,1.3226837738616863,83.54360064809623,83.54360064809623,0.0,2896698.0,44.39207107607287,0.0,2.292320862550884,0.9181436102339029,GCST90200265,cancerType_celltype,KICH_Epi_KICH,tissue,Tumor,Adjacent,group1_higher,0.0,0.0
2794,1081,-0.034423996280286626,-0.7782327278894541,-0.06000147387385365,-0.7897765636444092,0.3866339643197096,0.24595880776450776,0.7438087316091675,0.7297750897705555,,0.7209842959291498,-4.498675103073484,71.09241161983381,71.09241161983381,0.0,2892645.0,44.26230854898472,0.0,2.1065861259348106,0.9154597833205422,GCST90200334,cancerType_celltype,KICH_Epi_KICH,tissue,Tumor,Adjacent,group1_higher,0.0,0.0
2794,1081,1.5442121845200716,-0.35083564949684126,1.5300965905189514,-0.3791280388832092,0.88619591830948,0.6335601392566744,1.8950478340169128,1.9092246294021606,,1.0160672610407628,2.1380005666917477,74.19284965585827,74.19284965585827,0.0,2891941.0,44.23976899332963,0.0,2.300996967488716,0.9149936066250066,GCST90200653,cancerType_celltype,KICH_Epi_KICH,tissue,Tumor,Adjacent,group1_higher,0.0,0.0
2794,1081,0.5454665068380437,-0.9379345725812677,0.5507346391677856,-1.0035043954849243,0.6597213538211736,0.5284639499457505,1.4834010794193113,1.55423903465271,,1.102425985806204,-0.7819955678041942,72.89445850631053,72.89445850631053,0.0,2891503.0,44.22574580387377,0.0,2.370053170921255,0.914703570555909,GCST90199995,cancerType_celltype,KICH_Epi_KICH,tissue,Tumor,Adjacent,group1_higher,0.0,0.0
2794,1081,0.9538399339911674,-0.5113929088582727,0.931574821472168,-0.537636935710907,0.7508923755421066,0.4182646860436196,1.46523284284944,1.469211757183075,,1.0600343771040435,0.8993137202366507,76.83705102997061,76.83705102997061,0.0,2888747.0,44.137508566110405,0.0,2.1712637450610006,0.9128785947421361,GCST90200111,cancerType_celltype,KICH_Epi_KICH,tissue,Tumor,Adjacent,group1_higher,0.0,0.0
2794,1081,1.0304584772333845,-0.9416486572911041,0.955651730298996,-0.9462115168571472,1.0619506719673046,0.5971459020528095,1.9721071345244887,1.9018632471561432,,0.9783384650111838,0.130025464990125,72.81694784880379,72.81694784880379,0.0,2885136.0,44.02189729413526,0.0,2.0642703463558876,0.9104874526290976,GCST90199631,cancerType_celltype,KICH_Epi_KICH,tissue,Tumor,Adjacent,group1_higher,0.0,0.0
2794,1081,4.792943168416354,0.4241788436293173,4.936326265335083,0.3787462115287781,2.1340476801712054,1.1268705132025603,4.368764324787037,4.557580053806305,,1.191876604744834,3.4981641615576273,82.49318211560758,82.49318211560758,0.0,2882356.0,43.9328916624291,0.0,2.2903850768345597,0.9086465844279767,GCST90199909,cancerType_celltype,KICH_Epi_KICH,tissue,Tumor,Adjacent,group1_higher,0.0,0.0
2794,1081,0.10967671417998871,-0.8174089730633672,0.11758077889680854,-0.8368614912033081,0.4381342414752409,0.328454831331203,0.9270856872433559,0.9544422701001166,,1.0656268108577513,-2.8977894365297012,71.41920495664098,71.41920495664098,0.0,2876403.0,43.74229794820366,0.0,2.2583927522536142,0.9047046101829148,GCST90200847,cancerType_celltype,KICH_Epi_KICH,tissue,Tumor,Adjacent,group1_higher,0.0,0.0
2794,1081,1.850579280336904,-0.014330761815799498,1.9116838574409485,-0.052869863808155,0.9380885990697984,0.4480082076175215,1.8649100421527036,1.9645537212491035,,1.2830899763938286,7.012617940325135,83.34830189266899,83.34830189266899,0.0,2876235.0,43.73691919060415,0.0,2.244136284325666,0.9045933634714802,GCST90200269,cancerType_celltype,KICH_Epi_KICH,tissue,Tumor,Adjacent,group1_higher,0.0,0.0
2794,1081,-0.09837194298396451,-1.9217069455035631,-0.1231537573039531,-1.941100001335144,0.9589607488689708,0.5731133045824927,1.8233350025195987,1.8179462440311909,,1.063585959426648,-4.287983723138111,72.47202533002405,72.47202533002405,0.0,2876159.0,43.734485943118656,0.0,2.098753209203465,0.904543037578212,GCST90199869,cancerType_celltype,KICH_Epi_KICH,tissue,Tumor,Adjacent,group1_higher,0.0,0.0
2794,1081,0.5099206843129499,-0.8998360829875838,0.5181885659694672,-0.9338688254356384,0.7477755474930264,0.3962909715122981,1.4097567673005336,1.4520573914051056,,1.0436951742475378,-0.8193881331534807,75.85361183547705,75.85361183547705,0.0,2873159.0,43.63843670027029,0.0,2.1084987091230314,0.9025564891597364,GCST90199855,cancerType_celltype,KICH_Epi_KICH,tissue,Tumor,Adjacent,group1_higher,0.0,0.0
2794,1081,-0.032640973548807996,-0.7018432555746917,-0.05118519626557825,-0.7178839445114136,0.36457329484676204,0.21295050050278902,0.6692022820258837,0.6666987482458353,,0.8865939079697954,-4.426350730290078,70.72855018447798,70.72855018447798,0.0,2872106.0,43.60472341603051,0.0,2.031660968890349,0.9018592106648513,GCST90200952,cancerType_celltype,KICH_Epi_KICH,tissue,Tumor,Adjacent,group1_higher,0.0,0.0
2794,1081,0.19475067368753635,-0.628778047876038,0.1830535158514976,-0.6568410396575928,0.43405449460594386,0.26705954916257646,0.8235287215635743,0.8398945555090904,,1.0173758337995713,-1.690917418231829,71.29969657243187,71.29969657243187,0.0,2870040.0,43.538577504122266,0.0,2.086692958601256,0.9004911409873277,GCST90200729,cancerType_celltype,KICH_Epi_KICH,tissue,Tumor,Adjacent,group1_higher,0.0,0.0
2794,1081,-0.010179709425599402,-0.5834221382583186,-0.01133519969880575,-0.5887807011604309,0.29538407733425603,0.2038891353133799,0.5732424288327191,0.5774455014616252,,0.6057810344411824,-5.8406326021013415,68.67069427904924,68.67069427904924,0.0,2869551.0,43.522921477537984,0.0,2.100008217286897,0.9001673335951164,GCST90200641,cancerType_celltype,KICH_Epi_KICH,tissue,Tumor,Adjacent,group1_higher,0.0,0.0
2794,1081,0.4553855664889305,-0.5416047442718978,0.4406188577413559,-0.5615659952163696,0.5192815744080643,0.3198229670165895,0.9969903107608282,1.0021848529577255,,1.0680080802856105,-0.25015130637886773,72.11441335075243,72.11441335075243,0.0,2867078.0,43.44374488501665,0.0,2.111326902354726,0.8985297555154861,GCST90200129,cancerType_celltype,KICH_Epi_KICH,tissue,Tumor,Adjacent,group1_higher,0.0,0.0
2794,1081,0.5513770311832297,-0.8134261563956172,0.5474392175674438,-0.8532870411872864,0.714092261636744,0.4174173344639905,1.3648031875788469,1.4007262587547302,,1.1718931949333744,-0.560971369699065,73.6184699188962,73.6184699188962,0.0,2865850.0,43.40442872827738,0.0,2.1152260394425983,0.8977165950295234,GCST90200848,cancerType_celltype,KICH_Epi_KICH,tissue,Tumor,Adjacent,group1_higher,0.0,0.0
2794,1081,1.0838082934266302,-0.5717209256152905,1.1289661526679993,-0.6126962304115295,0.808884360860291,0.5476905719536831,1.6555292190419206,1.7416623830795288,,1.1566009344690857,0.9227253990821751,73.18857851180302,73.18857851180302,0.0,2865643.0,43.39780133052084,0.0,2.2212605677987205,0.8975795231886485,GCST90200126,cancerType_celltype,KICH_Epi_KICH,tissue,Tumor,Adjacent,group1_higher,0.0,0.0
2794,1081,0.7969881804403424,-0.7659992078930022,0.8580372333526611,-0.7952131032943726,0.8502544972974149,0.4188652043654928,1.5629873883333447,1.6532503366470337,,1.1667552354482522,0.05721535528360576,76.17115281131784,76.17115281131784,0.0,2864284.0,43.354291023510534,0.0,2.06974694742184,0.896679616755079,GCST90199850,cancerType_celltype,KICH_Epi_KICH,tissue,Tumor,Adjacent,group1_higher,0.0,0.0
2794,1081,0.3970143559761562,-1.997694349111119,0.33542385697364807,-2.052614450454712,1.2367477326728575,0.8544464538020334,2.3947087050872753,2.38803830742836,,0.9541805685284375,-2.3310698723106564,68.48141655867605,68.48141655867605,0.0,2864028.0,43.34609482145414,0.0,2.0949784064396737,0.8965100979567024,GCST90200873,cancerType_celltype,KICH_Epi_KICH,tissue,Tumor,Adjacent,group1_higher,0.0,0.0
2794,1081,-0.41473205993470214,-1.1505707357144268,-0.4468688517808914,-1.16316020488739,0.4212947008730002,0.2609440781224639,0.7358386757797246,0.7162913531064985,,1.0110461157897697,-1.4720959757534648,65.42021554961597,65.42021554961597,0.0,2861538.0,43.266373949889996,0.0,1.9193250068193182,0.8948612627693677,GCST90200121,cancerType_celltype,KICH_Epi_KICH,tissue,Tumor,Adjacent,group1_higher,0.0,0.0
2794,1081,0.3379995719935242,-0.9939601607621793,0.3596514165401459,-0.9851170778274536,0.6501629989644931,0.5198308156669111,1.3319597327557036,1.3447684943675995,,0.9720891559531499,-1.5561637913203243,66.49261593053632,66.49261593053632,0.0,2857435.0,43.13501060208771,0.0,2.1601836325872528,0.892144326715699,GCST90199883,cancerType_celltype,KICH_Epi_KICH,tissue,Tumor,Adjacent,group1_higher,0.0,0.0
2794,1081,0.5783010799102588,-0.2504735501864798,0.5930634140968323,-0.2722901999950409,0.4160982127463057,0.2911337688976189,0.8287746300967387,0.8653536140918732,,0.766064795150856,1.207159267060626,69.95048834392774,69.95048834392774,0.0,2857281.0,43.13008007428816,0.0,2.1507182169094,0.8920423505635506,GCST90199874,cancerType_celltype,KICH_Epi_KICH,tissue,Tumor,Adjacent,group1_higher,0.0,0.0
2794,1081,0.6876181534046234,-0.3276862612194024,0.651278555393219,-0.3458777368068695,0.5323370519783819,0.38902925728046805,1.0153044146240258,0.9971562922000885,,0.9321061562257117,1.0692901416973482,65.34338208968143,65.34338208968143,0.0,2846487.0,42.78449489851973,0.0,2.0447120262966565,0.884894749353875,GCST90200963,cancerType_celltype,KICH_Epi_KICH,tissue,Tumor,Adjacent,group1_higher,0.0,0.0
2794,1081,0.16542973866977267,-0.5861283286646306,0.172263354063034,-0.6048797965049744,0.41770606936728427,0.2443881015701015,0.7515580673344033,0.7771431505680084,,1.1522355102574016,-1.824991702088355,69.27529595080668,69.27529595080668,0.0,2841601.0,42.62806269833403,0.0,1.9910718045404872,0.8816593241629844,GCST90200292,cancerType_celltype,KICH_Epi_KICH,tissue,Tumor,Adjacent,group1_higher,0.0,0.0
2794,1081,2.374270524320632,0.1574153383797282,2.444364309310913,0.1193881183862686,1.2005433506584275,0.5836438243992537,2.216855185940904,2.3249761909246445,,1.073467224927791,3.9148277403050065,76.90311779420819,76.90311779420819,0.0,2837525.0,42.497563793717376,0.0,2.081411809031544,0.878960267045082,GCST90200264,cancerType_celltype,KICH_Epi_KICH,tissue,Tumor,Adjacent,group1_higher,0.0,0.0
2794,1081,0.021937509899008438,-0.5466251385447317,0.026882405392825548,-0.563477635383606,0.29820491323565196,0.23489324866963987,0.5685626484437402,0.5903600407764316,,0.9829289528808485,-4.6390170043639545,62.457504775068344,62.457504775068344,0.0,2826615.0,42.14826471389215,0.0,2.0163001719833438,0.8717358526298922,GCST90199809,cancerType_celltype,KICH_Epi_KICH,tissue,Tumor,Adjacent,group1_higher,0.0,0.0
2794,1081,0.3741894310275953,-0.8102396258349452,0.3755571097135543,-0.8341046571731567,0.6439573923492329,0.4375971193686649,1.1844290568625406,1.2096617668867111,,0.940770621866683,-1.1145777584467655,65.64365958445279,65.64365958445279,0.0,2826470.0,42.14362233382114,0.0,1.9950974026640473,0.8716398361229991,GCST90200841,cancerType_celltype,KICH_Epi_KICH,tissue,Tumor,Adjacent,group1_higher,0.0,0.0
2794,1081,0.5852594071426573,-0.817561267864581,0.6001250445842743,-0.8565828800201416,0.7555628457163123,0.5056133115108705,1.4028206750072383,1.456707924604416,,0.8824213299044402,-0.4822499308751827,66.81530109567045,66.81530109567045,0.0,2821564.0,41.986549805349775,0.0,2.018557586639128,0.8683911672759852,GCST90199703,cancerType_celltype,KICH_Epi_KICH,tissue,Tumor,Adjacent,group1_higher,0.0,0.0
2794,1081,1.1544050545557172,-0.639957743307837,1.1904993653297424,-0.6826555132865906,1.0038318769507701,0.5510869139585672,1.7943627978635541,1.873154878616333,,1.0778978977589504,0.8510999655789205,70.84000042122136,70.84000042122136,0.0,2821534.0,41.98558931292129,0.0,1.9920517577632537,0.8683713017918004,GCST90200277,cancerType_celltype,KICH_Epi_KICH,tissue,Tumor,Adjacent,group1_higher,0.0,0.0
2794,1081,1.982687305961969,-0.23813996694103928,1.9034954905509949,-0.2410261332988739,1.355078022711866,0.6730738758768982,2.220827272903008,2.1445216238498688,,1.0782747833615178,3.057570161324494,67.69399975123149,67.69399975123149,0.0,2819732.0,41.92789573438371,0.0,1.8439635656084954,0.8671780483751028,GCST90199665,cancerType_celltype,KICH_Epi_KICH,tissue,Tumor,Adjacent,group1_higher,0.0,0.0
2794,1081,1.5364089787888076,-0.5577318751735928,1.5476921796798706,-0.4798302948474884,1.102633878406208,0.8754474116715565,2.0941408539624002,2.027522474527359,,0.8227941452082482,1.4619170218881377,61.91110882114024,61.91110882114024,0.0,2817106.0,41.843820630477104,0.0,2.0053756475827362,0.8654391563261303,GCST90200538,cancerType_celltype,KICH_Epi_KICH,tissue,Tumor,Adjacent,group1_higher,0.0,0.0
2794,1081,1.035783562090654,-0.5754643886019318,0.950382649898529,-0.6138826608657837,0.9822080741690323,0.552228467036405,1.6112479506925856,1.5642653107643127,,1.0510411856052402,0.8479228959068208,64.32688770528272,64.32688770528272,0.0,2815278.0,41.78529462516816,0.0,1.823500627967967,0.8642286861564725,GCST90200285,cancerType_celltype,KICH_Epi_KICH,tissue,Tumor,Adjacent,group1_higher,0.0,0.0
2794,1081,0.1765474569981072,-0.9654961439529322,0.127130351960659,-0.9990317821502686,0.6282411793910619,0.46865569499045856,1.1420436009510393,1.1261621341109276,,0.936302841667292,-2.4512077792747906,61.53526573115788,61.53526573115788,0.0,2813201.0,41.71879653270281,0.0,1.9418860209338995,0.8628533324680812,GCST90200064,cancerType_celltype,KICH_Epi_KICH,tissue,Tumor,Adjacent,group1_higher,0.0,0.0
2794,1081,0.07998516718526286,-0.5860195541248211,0.0778143517673015,-0.6079449653625488,0.3708143119448067,0.26272047485283334,0.6660047213100839,0.6857593171298504,,0.9285604787050341,-2.8731288398409776,62.634734146828194,62.634734146828194,0.0,2812806.0,41.70615004906111,0.0,1.9354795047924307,0.8625917702596484,GCST90201011,cancerType_celltype,KICH_Epi_KICH,tissue,Tumor,Adjacent,group1_higher,0.0,0.0
2794,1081,1.3107346001424873,-0.2946432618281927,1.320358157157898,-0.3575623333454132,0.9262988361268715,0.4952635927922873,1.60537786197068,1.6779204905033112,,0.8674640604895607,2.153330621152533,69.47124874880096,69.47124874880096,0.0,2811888.0,41.67675898074951,0.0,1.9366321333089946,0.8619838864435949,GCST90200275,cancerType_celltype,KICH_Epi_KICH,tissue,Tumor,Adjacent,group1_higher,0.0,0.0
2794,1081,1.0693441359433222,-0.7381869447509634,1.0090143084526062,-0.8233583569526672,1.0767808846941576,0.6427130176518225,1.8075310806942855,1.8323726654052734,,1.1150137145223238,0.5346674820910129,64.0216685695633,64.0216685695633,0.0,2806940.0,41.518341762878265,0.0,1.8531937605691884,0.8587074059187223,GCST90200620,cancerType_celltype,KICH_Epi_KICH,tissue,Tumor,Adjacent,group1_higher,0.0,0.0
2794,1081,0.38102671167993324,-1.4582557753486616,0.3117121011018753,-1.512302041053772,1.0729847606942577,0.741644037803033,1.8392824870285949,1.8240141421556473,,0.8585102377196234,-1.9362769451184048,60.610315066634065,60.610315066634065,0.0,2804244.0,41.432025509971865,0.0,1.854521893351015,0.8569221610733189,GCST90199710,cancerType_celltype,KICH_Epi_KICH,tissue,Tumor,Adjacent,group1_higher,0.0,0.0
2794,1081,-0.03670348325890514,-0.6099525255355277,-0.048768905922770445,-0.6211885213851929,0.33663547001434146,0.22278900458328826,0.5732490422766225,0.5724196154624224,,0.9324070117684977,-4.054671126419393,61.64490867793775,61.64490867793775,0.0,2803773.0,41.41694577884468,0.0,1.8543722629657378,0.8566102729716183,GCST90200315,cancerType_celltype,KICH_Epi_KICH,tissue,Tumor,Adjacent,group1_higher,0.0,0.0
2794,1081,1.083552151932911,-0.12618955915005564,1.1059510707855225,-0.1696193963289261,0.6871292698833031,0.4348232916997103,1.2097417110829667,1.2755704671144485,,0.8434221162124772,3.1020940388730947,65.23533495734922,65.23533495734922,0.0,2803680.0,41.41396825231637,0.0,1.9292137438641528,0.8565486899706454,GCST90200115,cancerType_celltype,KICH_Epi_KICH,tissue,Tumor,Adjacent,group1_higher,0.0,0.0
2794,1081,1.1735998967528456,-0.25877227156501004,1.2404152154922485,-0.3036103248596191,0.8038583337784094,0.4779958783913144,1.4323721683178556,1.5440255403518677,,0.9705358751711819,2.181181362896999,68.08195415957404,68.08195415957404,0.0,2802762.0,41.384577184004776,0.0,1.9680552289724398,0.8559408061545919,GCST90199682,cancerType_celltype,KICH_Epi_KICH,tissue,Tumor,Adjacent,group1_higher,0.0,0.0
2794,1081,0.09259838077144734,-0.6503570121277906,0.07510980963706965,-0.6419593691825867,0.4392708071051188,0.29112157764645435,0.742955392899238,0.7170691788196564,,0.6496573034075355,-2.812159667272373,61.181625693680736,61.181625693680736,0.0,2798853.0,41.25942502057335,0.0,1.8414319162809802,0.8533523335653181,GCST90200210,cancerType_celltype,KICH_Epi_KICH,tissue,Tumor,Adjacent,group1_higher,0.0,0.0
2794,1081,-0.14443511234127923,-0.9673248246897126,-0.19025964289903635,-0.9847164154052734,0.4758534989210304,0.36255860729652056,0.8228897123484333,0.794456772506237,,0.8893629061406548,-2.7435704208477603,57.80637741778506,57.80637741778506,0.0,2797761.0,41.22446309617654,0.0,1.8402726294131257,0.852629229940993,GCST90200117,cancerType_celltype,KICH_Epi_KICH,tissue,Tumor,Adjacent,group1_higher,0.0,0.0
2794,1081,0.6281283671863431,-0.32146388593356884,0.6222284138202667,-0.329130470752716,0.5653584434992137,0.346654765470211,0.9495922531199119,0.9513588845729828,,0.9266910714127291,0.9664005632902622,63.22696634766304,63.22696634766304,0.0,2796541.0,41.18540307075154,0.0,1.848106936456955,0.8518213669174795,GCST90200746,cancerType_celltype,KICH_Epi_KICH,tissue,Tumor,Adjacent,group1_higher,0.0,0.0
2794,1081,0.6713123547934963,-0.8791153700776729,0.6288213133811951,-0.908751368522644,0.8788359638817472,0.6596538341421023,1.5504277248711693,1.5375726819038391,,0.9100801980553723,-0.3890678069226775,59.50125999781928,59.50125999781928,0.0,2794003.0,41.10414541130182,0.0,1.882495862518847,0.850140746955449,GCST90200968,cancerType_celltype,KICH_Epi_KICH,tissue,Tumor,Adjacent,group1_higher,0.0,0.0
2794,1081,1.0721261172051373,-0.5662576986011979,1.1094740629196167,-0.619099497795105,0.9474323560012519,0.5582126525133891,1.638383815806335,1.7285735607147217,,0.8314563030116195,0.9209427572367961,66.36218576565149,66.36218576565149,0.0,2792725.0,41.06322843384842,0.0,1.9120744057535841,0.8492944773291784,GCST90200860,cancerType_celltype,KICH_Epi_KICH,tissue,Tumor,Adjacent,group1_higher,0.0,0.0
2794,1081,-0.050134305862970546,-0.8356959630186419,-0.0858841575682163,-0.8445361852645874,0.4776213155171585,0.3192459849486504,0.7855616571556714,0.7586520276963711,,0.8766785494246523,-4.059081064033834,59.22599220805408,59.22599220805408,0.0,2788337.0,40.92274040797554,0.0,1.7884664301043256,0.8463888191757545,GCST90200542,cancerType_celltype,KICH_Epi_KICH,tissue,Tumor,Adjacent,group1_higher,0.0,0.0
2794,1081,0.3071857061669467,-0.4797601930112016,0.29864177107810974,-0.4964480698108673,0.49936452030956835,0.2682284615498065,0.7869458991781483,0.795089840888977,,0.6431481134036914,-0.6432006821975751,63.04537862074396,63.04537862074396,0.0,2787269.0,40.88854687752152,0.0,1.7601435269458812,0.8456816079387772,GCST90200231,cancerType_celltype,KICH_Epi_KICH,tissue,Tumor,Adjacent,group1_higher,0.0,0.0
2794,1081,2.0022948009820967,0.23799991274066387,2.078061580657959,0.2432580143213272,1.0112963473587029,0.6857443834387703,1.7642948882414329,1.8348035663366318,,0.8413370218422783,3.0726161091352795,62.336302123385124,62.336302123385124,0.0,2784599.0,40.803063051386474,0.0,1.8929803047086176,0.8439135798463338,GCST90200393,cancerType_celltype,KICH_Epi_KICH,tissue,Tumor,Adjacent,group1_higher,0.0,0.0
2794,1081,1.313468014095752,-0.6270811283090462,1.2606033682823181,-0.6529684662818909,1.217838663768759,0.6905368738736545,1.940549142404798,1.913571834564209,,0.7513797704711407,1.066655857594117,62.24511827870447,62.24511827870447,0.0,2784537.0,40.80107803370094,0.0,1.76961122888248,0.843872524512352,GCST90200422,cancerType_celltype,KICH_Epi_KICH,tissue,Tumor,Adjacent,group1_higher,0.0,0.0
2794,1081,0.03263783971604936,-0.5580956569371381,0.03863681480288505,-0.5698621869087219,0.3407416219303827,0.25368525075613807,0.5907334966531875,0.608499001711607,,0.5785120803844146,-4.095853327796115,58.75429252989888,58.75429252989888,0.0,2782535.0,40.7369811723068,0.0,1.8526161869230782,0.8425468345344225,GCST90200517,cancerType_celltype,KICH_Epi_KICH,tissue,Tumor,Adjacent,group1_higher,0.0,0.0
2794,1081,1.3129807035130387,-0.2888332900407202,1.403112530708313,-0.3079372346401214,0.9808646839894141,0.507073536498709,1.601813993553759,1.7110497653484344,,0.649799019782543,2.184532879888513,66.38588834823513,66.38588834823513,0.0,2781549.0,40.70541298782397,0.0,1.8307802005620541,0.8418939222875503,GCST90199881,cancerType_celltype,KICH_Epi_KICH,tissue,Tumor,Adjacent,group1_higher,0.0,0.0
2794,1081,2.051882287624761,-0.36523469980047096,2.165992021560669,-0.4182332158088684,1.502665523411985,0.6582572193473143,2.417116987425232,2.5842252373695374,,1.1249702169905407,2.4900489789933538,69.51605714499189,69.51605714499189,0.0,2778610.0,40.61131674624685,0.0,1.8275973452623937,0.8399477670202502,GCST90200087,cancerType_celltype,KICH_Epi_KICH,tissue,Tumor,Adjacent,group1_higher,0.0,0.0
2794,1081,1.1006374883371535,-0.37900065516746734,1.1179459691047668,-0.407098650932312,0.8623135317334375,0.5772470200050217,1.4796381435046209,1.5250446200370789,,0.9738724871646645,1.5380646303809469,61.7383405625551,61.7383405625551,0.0,2776199.0,40.53412517141104,0.0,1.8654257082859962,0.838351244274602,GCST90200974,cancerType_celltype,KICH_Epi_KICH,tissue,Tumor,Adjacent,group1_higher,0.0,0.0
2794,1081,0.9102665123857395,-0.10733558842200874,0.899418979883194,-0.1403075605630874,0.6173487548697992,0.38941513893899227,1.0176021008077483,1.0397265404462814,,0.8539645878495095,3.084148652106491,61.17627366998584,61.17627366998584,0.0,2776144.0,40.53236426862549,0.0,1.8070064378513293,0.8383148242202632,GCST90200864,cancerType_celltype,KICH_Epi_KICH,tissue,Tumor,Adjacent,group1_higher,0.0,0.0
2794,1081,0.22829411705114955,-0.8711287938437453,0.22394578903913495,-0.8890165686607361,0.6921238010213157,0.40749731046008414,1.0994229108948947,1.112962357699871,,0.8199662151857096,-1.9319876865166734,60.97910267702266,60.97910267702266,0.0,2774506.0,40.479921382030284,0.0,1.75652798576786,0.8372301687837755,GCST90200079,cancerType_celltype,KICH_Epi_KICH,tissue,Tumor,Adjacent,group1_higher,0.0,0.0
2794,1081,0.0681998758696309,-2.543786904691037,-0.03522945754230015,-2.517366886138916,1.6147796187316728,1.0778758315958588,2.611986780560668,2.482137428596616,,0.8273673083928806,-5.221044309569675,58.28911639554037,58.28911639554037,0.0,2774203.0,40.4702204085026,0.0,1.7592525696807761,0.8370295273935093,GCST90199799,cancerType_celltype,KICH_Epi_KICH,tissue,Tumor,Adjacent,group1_higher,0.0,0.0
2794,1081,0.3175921618331997,-0.594646209638592,0.3107843399047851,-0.615990936756134,0.554550563095384,0.367398943317422,0.9122383714717918,0.9267752766609192,,0.8233761886025046,-0.9048541549616865,59.51617892450237,59.51617892450237,0.0,2772518.0,40.4162727504361,0.0,1.7910740566592642,0.8359137493651323,GCST90200851,cancerType_celltype,KICH_Epi_KICH,tissue,Tumor,Adjacent,group1_higher,0.0,0.0
2794,1081,0.6660340992106261,-0.19804976422074863,0.6825404167175293,-0.2028146237134933,0.4929752646780627,0.387134335643597,0.8640838634313747,0.8853550404310226,,0.8048502500585977,1.7497279393138583,57.5259012231337,57.5259012231337,0.0,2769853.0,40.330949006372464,0.0,1.8547144382236844,0.8341490321867198,GCST90200437,cancerType_celltype,KICH_Epi_KICH,tissue,Tumor,Adjacent,group1_higher,0.0,0.0
2794,1081,0.3581784271340577,-0.41315417654459535,0.34504468739032745,-0.4307508766651153,0.47659733653422764,0.3074312022521237,0.771332603678653,0.7757955640554428,,0.8950451009529167,-0.20600126866520596,59.3808384603928,59.3808384603928,0.0,2766606.0,40.22699170919625,0.0,1.768812036558607,0.8319989246151227,GCST90200329,cancerType_celltype,KICH_Epi_KICH,tissue,Tumor,Adjacent,group1_higher,0.0,0.0
2794,1081,-0.20251696190258325,-0.6447719559402987,-0.21878065913915629,-0.6556055545806885,0.2947917499001777,0.18422248575034722,0.4422549940377154,0.4368248954415322,,0.8399503875836158,-1.6707413629396397,55.94218479995801,55.94218479995801,0.0,2766553.5,40.2253108474464,0.0,1.6466679735109873,0.8319641600177994,GCST90199981,cancerType_celltype,KICH_Epi_KICH,tissue,Tumor,Adjacent,group1_higher,0.0,0.0
2794,1081,0.9703415494851179,-0.16223821610697992,0.9942507743835449,-0.1674028635025024,0.684315817961667,0.43757169135285917,1.1325797655920977,1.1616536378860474,,0.8180666265628369,2.5803715493838673,61.000183363052976,61.000183363052976,0.0,2764234.0,40.15104877451747,0.0,1.8110358370581368,0.8304282269989147,GCST90200356,cancerType_celltype,KICH_Epi_KICH,tissue,Tumor,Adjacent,group1_higher,0.0,0.0
2794,1081,0.790921412560246,-0.9587758301900399,0.784268707036972,-1.057875633239746,0.9970843741364125,0.7921912667540318,1.749697242750286,1.8421443402767181,,0.7664189855924242,-0.27765886823321423,57.17937959357008,57.17937959357008,0.0,2763338.0,40.12236206732009,0.0,1.8526503604832385,0.8298349112045966,GCST90200654,cancerType_celltype,KICH_Epi_KICH,tissue,Tumor,Adjacent,group1_higher,0.0,0.0
2794,1081,0.003897199342770112,-0.4900004931793246,0.0021462610457092003,-0.5012116432189941,0.30147817458327253,0.20897241259624194,0.4938976925220947,0.5033579042647034,,0.580419147343066,-6.973834467545142,57.83512458958188,57.83512458958188,0.0,2762785.0,40.10465699022171,0.0,1.7716004090981718,0.8294687241127909,GCST90200828,cancerType_celltype,KICH_Epi_KICH,tissue,Tumor,Adjacent,group1_higher,0.0,0.0
2794,1081,0.33826009273135643,-0.6764176238522496,0.30712956190109253,-0.7196826338768005,0.6612802005724415,0.3849652758945787,1.014677716583606,1.026812195777893,,0.9706980070647188,-0.999779136202996,59.217040662060555,59.217040662060555,0.0,2756432.0,39.90125671028315,0.0,1.6989894595451236,0.8252618767452655,GCST90200507,cancerType_celltype,KICH_Epi_KICH,tissue,Tumor,Adjacent,group1_higher,0.0,0.0
2794,1081,0.3449372276217327,-1.2141833101137227,0.3265369087457657,-1.26383638381958,0.9385254799726391,0.6568612032227445,1.5591205377354553,1.5903732925653458,,1.0282321232845064,-1.8155775068912832,58.33251508365726,58.33251508365726,0.0,2755302.0,39.8650781621436,0.0,1.7937243928104176,0.8245136101743065,GCST90200857,cancerType_celltype,KICH_Epi_KICH,tissue,Tumor,Adjacent,group1_higher,0.0,0.0
2794,1081,0.9367153647381526,-0.3270239815710713,0.9512215852737426,-0.3470165431499481,0.7855198053641967,0.5177251274699525,1.263739346309224,1.2982381284236908,,0.9597339427944691,1.5182114217363025,58.36650039017124,58.36650039017124,0.0,2753672.0,39.812891406862654,0.0,1.7529616828467043,0.823434252200268,GCST90199899,cancerType_celltype,KICH_Epi_KICH,tissue,Tumor,Adjacent,group1_higher,0.0,0.0
2794,1081,0.5986766719884357,-0.5411599776072744,0.5831772983074188,-0.5739579796791077,0.7008453437990125,0.48527296574295875,1.13983664959571,1.1571352779865265,,0.9098634255886502,0.14572165288318684,57.45009462765546,57.45009462765546,0.0,2753164.0,39.79662706840699,0.0,1.7590513571048785,0.8230978633347394,GCST90200970,cancerType_celltype,KICH_Epi_KICH,tissue,Tumor,Adjacent,group1_higher,0.0,0.0
2794,1081,0.7173515327215317,-0.22411366571676783,0.7101777791976929,-0.2481220811605453,0.582678401381784,0.3864121216900789,0.9414651984382996,0.9582998603582382,,0.8378236087528002,1.6784452255320108,58.42748303716376,58.42748303716376,0.0,2750248.0,39.70326720435838,0.0,1.7589762684944577,0.8211669382719811,GCST90199719,cancerType_celltype,KICH_Epi_KICH,tissue,Tumor,Adjacent,group1_higher,0.0,0.0
2794,1081,0.8772900407265302,-0.42004385292894597,0.8927681148052216,-0.4853047132492065,0.7731913987130541,0.5913239932210154,1.2973338936554761,1.378072828054428,,0.9037261757337023,1.0625121462629972,55.961640416998485,55.961640416998485,0.0,2746336.0,39.57801899168411,0.0,1.7843422865493022,0.8185764791342887,GCST90200861,cancerType_celltype,KICH_Epi_KICH,tissue,Tumor,Adjacent,group1_higher,0.0,0.0
2794,1081,-0.24909286294040806,-1.3411626901208775,-0.2578200697898865,-1.3671656847000122,0.6837135861981953,0.4604251484779538,1.0920698271804694,1.1093456149101257,,0.6933598416457802,-2.42872394741879,57.28592823000858,57.28592823000858,0.0,2745867.0,39.56300329338548,0.0,1.7349206929326226,0.8182659153982004,GCST90200594,cancerType_celltype,KICH_Epi_KICH,tissue,Tumor,Adjacent,group1_higher,0.0,0.0
2794,1081,-0.030519990030981207,-0.7638871521909982,-0.0273804189637303,-0.7613978385925293,0.43893157527135795,0.3469718923483191,0.7333671621600171,0.734017419628799,,0.845867943440705,-4.645487749861976,54.61285112354274,54.61285112354274,0.0,2744871.0,39.53111494475982,0.0,1.7657008207950806,0.8176063813232664,GCST90199998,cancerType_celltype,KICH_Epi_KICH,tissue,Tumor,Adjacent,group1_higher,0.0,0.0
2794,1081,0.3677902880063957,-0.3228716732386287,0.37961655855178833,-0.3200150728225708,0.4691482544316111,0.23954584382468286,0.6906619612450244,0.6996316313743591,,0.7487538047860598,0.18792196487034366,60.14665274581235,60.14665274581235,0.0,2741217.0,39.414126966970514,0.0,1.6522936849126744,0.815186765349563,GCST90199793,cancerType_celltype,KICH_Epi_KICH,tissue,Tumor,Adjacent,group1_higher,0.0,0.0
2794,1081,-0.2811593840203504,-0.8167489676578634,-0.30875344574451447,-0.8265531063079834,0.36289978054227895,0.22554015340016328,0.5355895836375131,0.5177996605634689,,0.8897159450060873,-1.5385011620065958,55.18547487378014,55.18547487378014,0.0,2740842.0,39.402120811614466,0.0,1.6210862516487643,0.8149384467972536,GCST90200082,cancerType_celltype,KICH_Epi_KICH,tissue,Tumor,Adjacent,group1_higher,0.0,0.0
2794,1081,1.6031227662310672,-0.34836330919103126,1.6931100487709043,-0.3622113168239593,1.2159990027411811,0.7700986738332777,1.9514860754220984,2.0553213655948634,,0.8456718327453366,2.2022170815711455,59.44133351538398,59.44133351538398,0.0,2739939.0,39.37320998951711,0.0,1.7583807460336591,0.8143404957232923,GCST90200432,cancerType_celltype,KICH_Epi_KICH,tissue,Tumor,Adjacent,group1_higher,0.0,0.0
2794,1081,0.10815646598971304,-0.5610988744037876,0.11306835711002344,-0.5721243023872375,0.43238169320407543,0.2870281528088241,0.6692553403935007,0.685192659497261,,0.7309425339332122,-2.3751243335030745,55.941570052258,55.941570052258,0.0,2737505.0,39.295282037152795,0.0,1.6847902649271818,0.8127287427731025,GCST90200622,cancerType_celltype,KICH_Epi_KICH,tissue,Tumor,Adjacent,group1_higher,0.0,0.0
2794,1081,0.21460509302161337,-0.29298788149858146,0.2223107889294624,-0.306499570608139,0.31913821108895607,0.23796397519388315,0.5075929745201948,0.5288103595376014,,0.48871593569591065,-0.44915488033812423,53.85420888360398,53.85420888360398,0.0,2737145.0,39.28375612801099,0.0,1.699177623218821,0.8124903569628854,GCST90200786,cancerType_celltype,KICH_Epi_KICH,tissue,Tumor,Adjacent,group1_higher,0.0,0.0
2794,1081,0.00704636398723943,-0.952945486920697,-0.0275521641597151,-0.9799684882164,0.591347595301413,0.4583804925664158,0.9599918509079365,0.952416324056685,,0.7743634606033579,-7.079167661756011,53.704882580534466,53.704882580534466,0.0,2736405.0,39.26006398144173,0.0,1.722059493139603,0.812000341686328,GCST90200227,cancerType_celltype,KICH_Epi_KICH,tissue,Tumor,Adjacent,group1_higher,0.0,0.0
2794,1081,0.4822581944529141,-1.2853855360044657,0.31989482045173645,-1.305693745613098,1.3320630226751113,0.6735121299367957,1.7676437304573798,1.6255885660648344,,0.7759466402692616,-1.4143216166438672,54.42896464392795,54.42896464392795,0.0,2733412.0,39.164238853493345,0.0,1.4906931446876055,0.8100184285474954,GCST90200022,cancerType_celltype,KICH_Epi_KICH,tissue,Tumor,Adjacent,group1_higher,0.0,0.0
2794,1081,-0.09553262076222638,-0.5743146892214861,-0.09117056429386136,-0.5820295810699463,0.31451453147385106,0.20135138070538278,0.47878206845925975,0.4908590167760849,,0.7575212094495684,-2.5877635244949038,56.07226524491391,56.07226524491391,0.0,2731202.0,39.09348257792838,0.0,1.6654850954910767,0.8085550045458849,GCST90200166,cancerType_celltype,KICH_Epi_KICH,tissue,Tumor,Adjacent,group1_higher,0.0,0.0
2794,1081,-0.39986488255658825,-0.9135084112504778,-0.42227122187614435,-0.9263451099395752,0.3347311606240631,0.2452626303968878,0.5136435286938895,0.5040738880634308,,0.8227314590808128,-1.191903399549936,52.49235898342302,52.49235898342302,0.0,2727349.0,38.97012333369679,0.0,1.64434428917386,0.8060036141937561,GCST90199644,cancerType_celltype,KICH_Epi_KICH,tissue,Tumor,Adjacent,group1_higher,0.0,0.0
2794,1081,0.4806479944020617,-0.7395893332458409,0.4563841223716736,-0.8003852963447571,0.8011437662758284,0.5268342449519692,1.2202373276479026,1.2567694187164307,,0.9245531170457343,-0.6217426528173265,55.32407506403871,55.32407506403871,0.0,2724367.0,38.87465038630551,0.0,1.6601463114004182,0.8040289850657911,GCST90200818,cancerType_celltype,KICH_Epi_KICH,tissue,Tumor,Adjacent,group1_higher,0.0,0.0
2794,1081,0.832715338298364,-1.095963851902931,0.8270993530750275,-1.1421808004379272,1.1863762313137387,0.8905715662477035,1.928679190201295,1.9692801535129547,,0.8042100552289061,-0.39630449541899565,54.827370204748405,54.827370204748405,0.0,2723807.0,38.85672119430715,0.0,1.7346867596661286,0.8036581626943424,GCST90200794,cancerType_celltype,KICH_Epi_KICH,tissue,Tumor,Adjacent,group1_higher,0.0,0.0
2794,1081,-0.8257948346261026,-1.8896073656127368,-0.9266467988491058,-1.9037857055664065,0.7558500948578075,0.45029543778151326,1.0638125309866342,0.9771389067173006,,0.8767630186558786,-1.194230210327455,53.727232349596385,53.727232349596385,0.0,2722914.0,38.82813053635262,0.0,1.554146293054233,0.8030668334484428,GCST90200213,cancerType_celltype,KICH_Epi_KICH,tissue,Tumor,Adjacent,group1_higher,0.0,0.0
2794,1081,0.17936399387864949,-0.3492864829963668,0.16554831713438029,-0.3784230053424835,0.34597428248734047,0.2374063107016299,0.5286504768750162,0.5439713224768639,,0.48463926084846387,-0.9615165921798807,54.24419148628964,54.24419148628964,0.0,2721506.0,38.78305142504245,0.0,1.6549718945298895,0.8021344800573715,GCST90199959,cancerType_celltype,KICH_Epi_KICH,tissue,Tumor,Adjacent,group1_higher,0.0,0.0
2794,1081,-0.2922657629812473,-0.7743535093716747,-0.3278144299983978,-0.8017112016677856,0.3322094612333717,0.2289232026811884,0.4820877463904274,0.4738967716693878,,0.8050210768315729,-1.4057084287889352,51.39683708451718,51.39683708451718,0.0,2719569.0,38.72103563057669,0.0,1.5707140318603476,0.8008518319618423,GCST90200077,cancerType_celltype,KICH_Epi_KICH,tissue,Tumor,Adjacent,group1_higher,0.0,0.0
2794,1081,-0.02605687692333843,-0.4305415220006613,-0.03340527601540085,-0.4320214688777923,0.27017899773369936,0.17911532725650875,0.4044846450773229,0.39861619286239147,,0.5537764984231162,-4.046364281041725,54.14608954372815,54.14608954372815,0.0,2719275.0,38.71162280477755,0.0,1.6298795864300852,0.8006571502168318,GCST90200664,cancerType_celltype,KICH_Epi_KICH,tissue,Tumor,Adjacent,group1_higher,0.0,0.0
2794,1081,0.33196075118940827,-0.4751926507312649,0.3362601399421692,-0.4873133301734924,0.5436100380685727,0.3280489992216508,0.8071534019206732,0.8235734701156616,,0.8229967385920385,-0.5174985367391127,56.33022844503028,56.33022844503028,0.0,2718406.0,38.68380054076581,0.0,1.6370007868435144,0.80008171335828,GCST90200244,cancerType_celltype,KICH_Epi_KICH,tissue,Tumor,Adjacent,group1_higher,0.0,0.0
2794,1081,0.1462733189492,-0.8792751814849558,0.1297522112727165,-0.9099177718162536,0.6590155839155678,0.4758408608133253,1.0255485004341558,1.03966998308897,,0.8441179347357034,-2.5876398874272457,53.68707746859699,53.68707746859699,0.0,2717687.0,38.66078073889648,0.0,1.6717422207521195,0.799605603920652,GCST90200337,cancerType_celltype,KICH_Epi_KICH,tissue,Tumor,Adjacent,group1_higher,0.0,0.0
2794,1081,0.598566892390921,-0.4604777276441545,0.571499764919281,-0.520680844783783,0.6864841616965324,0.4898221859313591,1.0590446200350754,1.092180609703064,,0.8989178216895858,0.37838038285599795,53.58445663138703,53.58445663138703,0.0,2717619.0,38.65860362272525,0.0,1.6605402987696098,0.7995605754898332,GCST90200824,cancerType_celltype,KICH_Epi_KICH,tissue,Tumor,Adjacent,group1_higher,0.0,0.0
2794,1081,0.7624592592758028,-0.8388961721659671,0.6441285312175751,-0.880017876625061,1.1006040498125065,0.7115383826361777,1.60135543144177,1.524146407842636,,0.8534572836245221,-0.1378318393292444,53.32234495391355,53.32234495391355,0.0,2717470.0,38.65383317699712,0.0,1.5896935628656128,0.7994619102517155,GCST90199875,cancerType_celltype,KICH_Epi_KICH,tissue,Tumor,Adjacent,group1_higher,0.0,0.0
2794,1081,0.39187391009746314,-0.5661926591890768,0.42858029901981354,-0.5741447806358337,0.6140094023135126,0.41233611322965674,0.95806656928654,1.0027250796556473,,0.7225908999112707,-0.5309023856348497,56.04588124156697,56.04588124156697,0.0,2716320.0,38.61701430057191,0.0,1.695524091740852,0.7987004000246332,GCST90200752,cancerType_celltype,KICH_Epi_KICH,tissue,Tumor,Adjacent,group1_higher,0.0,0.0
2794,1081,0.386593904725317,-0.8198773164748455,0.32966215908527374,-0.8673313856124878,0.810267532214356,0.5460595805682839,1.2064712212001625,1.1969935446977615,,0.8160308910651758,-1.0845871826472255,53.3806546071438,53.3806546071438,0.0,2715756.0,38.59895704291642,0.0,1.6171234528546585,0.7983269289219597,GCST90200961,cancerType_celltype,KICH_Epi_KICH,tissue,Tumor,Adjacent,group1_higher,0.0,0.0
2794,1081,1.1099975548650265,-0.275521253707411,1.1043813228607178,-0.2946858406066894,0.8232720048767824,0.7327806263181368,1.3855188085724375,1.3990671634674072,,0.7121547999306832,2.0103170443803826,50.956270727354024,50.956270727354024,0.0,2714835.0,38.569469925361965,0.0,1.7339159030965792,0.7977170585574878,GCST90200895,cancerType_celltype,KICH_Epi_KICH,tissue,Tumor,Adjacent,group1_higher,0.0,0.0
2794,1081,0.33836888300620604,-0.9882488510017936,0.36149945855140686,-1.0178073644638062,0.8787912779080944,0.5475685772422436,1.3266177340079996,1.379306823015213,,0.8873289892485163,-1.5462746670603518,56.37432700961659,56.37432700961659,0.0,2713363.0,38.5223417635377,0.0,1.6575837089034113,0.7967423254668222,GCST90200060,cancerType_celltype,KICH_Epi_KICH,tissue,Tumor,Adjacent,group1_higher,0.0,0.0
2794,1081,0.05084587527396676,-0.6547827174495923,0.04229011386632915,-0.6841986179351807,0.4546738932520503,0.3313093029408762,0.705628592723559,0.7264887318015099,,0.7418296971539602,-3.6867874236195997,53.25974600053555,53.25974600053555,0.0,2712596.0,38.4977851737828,0.0,1.6646165424495492,0.7962344312544987,GCST90200852,cancerType_celltype,KICH_Epi_KICH,tissue,Tumor,Adjacent,group1_higher,0.0,0.0
2794,1081,0.9834554379113701,-0.33467601046290196,0.9494933784008026,-0.414377212524414,0.8700861883922012,0.600367229250969,1.318131448374272,1.3638705909252167,,0.772920201046549,1.555091696675361,53.6167731914387,53.6167731914387,0.0,2711020.0,38.44732730487313,0.0,1.6394186864655944,0.7951908311519928,GCST90200737,cancerType_celltype,KICH_Epi_KICH,tissue,Tumor,Adjacent,group1_higher,0.0,0.0
2794,1081,0.44363492412761424,-0.1356554166997418,0.4649193584918976,-0.1504424065351486,0.3806663964523046,0.2508633836449727,0.579290340827356,0.6153617650270462,,0.6106820449288175,1.7094189044478396,55.212974311576936,55.212974311576936,0.0,2710278.0,38.4235711254753,0.0,1.6581770528073982,0.7946994915098231,GCST90200228,cancerType_celltype,KICH_Epi_KICH,tissue,Tumor,Adjacent,group1_higher,0.0,0.0
2794,1081,0.3312786927209184,-0.3008461957934177,0.34422193467617035,-0.3213639557361603,0.4108436344829749,0.27912248281965646,0.6321248885143361,0.6655858904123306,,0.7857438368992703,0.13901886022401072,54.91880629414479,54.91880629414479,0.0,2708235.0,38.35816159109556,0.0,1.668989163390146,0.7933466520368413,GCST90199890,cancerType_celltype,KICH_Epi_KICH,tissue,Tumor,Adjacent,group1_higher,0.0,0.0
2794,1081,-0.1976771072658108,-0.6120831237470078,-0.1955757513642311,-0.6214672327041626,0.27733903174730895,0.19030795876947246,0.414406016481197,0.4258914813399315,,0.6100823228002246,-1.630576845684164,53.04504851450352,53.04504851450352,0.0,2707528.0,38.335525986197624,0.0,1.6183827908545398,0.792878488792887,GCST90200991,cancerType_celltype,KICH_Epi_KICH,tissue,Tumor,Adjacent,group1_higher,0.0,0.0
2794,1081,0.6683470459526221,-0.33795999470082594,0.658603310585022,-0.3769856691360473,0.6857121094924811,0.4306574840171318,1.006307040653448,1.0355889797210693,,0.705132894378468,0.983742840363478,54.58603129882815,54.58603129882815,0.0,2705808.0,38.280457753631225,0.0,1.6097273212531358,0.7917395343662943,GCST90200850,cancerType_celltype,KICH_Epi_KICH,tissue,Tumor,Adjacent,group1_higher,0.0,0.0
2794,1081,0.5837619250736115,-0.4621407557147218,0.5669914782047272,-0.4804176390171051,0.705489777052963,0.45693591149731333,1.0459026807883332,1.0474091172218323,,0.6720595650382009,0.33704714117536666,54.279862688050244,54.279862688050244,0.0,2704944.0,38.252795571690896,0.0,1.6193705086529355,0.7911674084217735,GCST90199763,cancerType_celltype,KICH_Epi_KICH,tissue,Tumor,Adjacent,group1_higher,0.0,0.0
2794,1081,0.2187789880595731,-0.6707043568282771,0.2086905613541603,-0.6921930313110352,0.6054140508554059,0.385112817937827,0.8894833448878502,0.9008835926651955,,0.7150567405941555,-1.6161983447383204,54.295151945465484,54.295151945465484,0.0,2702882.0,38.18677772543979,0.0,1.6088179894800818,0.7898019874754745,GCST90200870,cancerType_celltype,KICH_Epi_KICH,tissue,Tumor,Adjacent,group1_higher,0.0,0.0
2794,1081,0.7326123818170198,-0.41905690664396955,0.7145324647426605,-0.4253908395767212,0.7977105296388998,0.4810078041942147,1.1516692884609894,1.1399233043193817,,0.7206369958444189,0.805902439850884,54.792649910088834,54.792649910088834,0.0,2701836.0,38.15328855609999,0.0,1.5918612944573158,0.7891093442602326,GCST90200990,cancerType_celltype,KICH_Epi_KICH,tissue,Tumor,Adjacent,group1_higher,0.0,0.0
2794,1081,0.047818120727759705,-1.0795605783773996,-0.020737605169415398,-1.1275568008422852,0.7959683594720018,0.49560259722736644,1.1273786991051593,1.1068191956728697,,0.8304711142200378,-4.496714124260579,52.911862803819275,52.911862803819275,0.0,2699728.0,38.08579795479187,0.0,1.555358554402156,0.7877134629048503,GCST90199672,cancerType_celltype,KICH_Epi_KICH,tissue,Tumor,Adjacent,group1_higher,0.0,0.0
2794,1081,0.7100318369260132,-0.054597043019808764,0.712041586637497,-0.064869612455368,0.5157923828897386,0.3435824625214183,0.764628879945822,0.776911199092865,,0.6925421526344637,3.7009646004830605,53.47939219043929,53.47939219043929,0.0,2696526.0,37.98328139625838,0.0,1.6127914211670153,0.7855931535595306,GCST90200294,cancerType_celltype,KICH_Epi_KICH,tissue,Tumor,Adjacent,group1_higher,0.0,0.0
2794,1081,0.1340287446121197,-1.4049377772990685,0.1399926841259002,-1.4478881359100342,1.0673347011398584,0.648977254759592,1.5389665219111883,1.5878808200359344,,0.7218591593514702,-3.3898821517368027,54.50119991250148,54.50119991250148,0.0,2695950.0,37.96483994163149,0.0,1.5881867177860223,0.7852117362631832,GCST90200025,cancerType_celltype,KICH_Epi_KICH,tissue,Tumor,Adjacent,group1_higher,0.0,0.0
2794,1081,-0.18394918535000135,-0.5948878350348025,-0.1855198889970779,-0.599554181098938,0.2695553138472539,0.21484126262976633,0.4109386496848011,0.4140342921018601,,0.47606284496502493,-1.6933049718342568,49.57766784540187,49.57766784540187,0.0,2694489.0,37.918063960364336,0.0,1.608502563766888,0.7842442871833855,GCST90200485,cancerType_celltype,KICH_Epi_KICH,tissue,Tumor,Adjacent,group1_higher,0.0,0.0
2794,1081,0.5649933263093505,-0.5851146704476382,0.5400633811950684,-0.6070379614830017,0.7308978867305895,0.5991294452723649,1.1501079967569887,1.14710134267807,,0.7508476563970594,-0.05048547662472149,50.27826813503645,50.27826813503645,0.0,2694137.0,37.90679418253679,0.0,1.65087848283966,0.7840111988356178,GCST90200608,cancerType_celltype,KICH_Epi_KICH,tissue,Tumor,Adjacent,group1_higher,0.0,0.0
2794,1081,-0.24302021369677188,-1.1145133450719942,-0.2795294225215912,-1.196477293968201,0.5344944064269914,0.48989357044371695,0.8714931313752223,0.9169478714466097,,0.7881354996393776,-2.1972610263323613,48.39672979676776,48.39672979676776,0.0,2693476.0,37.88563133269587,0.0,1.6681200839827544,0.783573496000747,GCST90200905,cancerType_celltype,KICH_Epi_KICH,tissue,Tumor,Adjacent,group1_higher,0.0,0.0
2794,1081,0.02007370360685775,-0.4570943020705468,-0.00531275314278895,-0.4676316976547241,0.36611143175458893,0.20346989044525676,0.4771680056774045,0.46231894451193517,,0.5613040447046432,-4.5090443989731614,51.37340040986767,51.37340040986767,0.0,2693449.0,37.88476688951024,0.0,1.450598209267455,0.7835556170649807,GCST90200909,cancerType_celltype,KICH_Epi_KICH,tissue,Tumor,Adjacent,group1_higher,0.0,0.0
2794,1081,0.5195252849370547,-0.6455562179094003,0.495970606803894,-0.706653892993927,0.766026822151176,0.5777726035784643,1.165081502846455,1.202624499797821,,0.6278281965280357,-0.3133482293616085,51.14986902221765,51.14986902221765,0.0,2692349.0,37.84954883379917,0.0,1.6215287615943206,0.7828272159782061,GCST90200189,cancerType_celltype,KICH_Epi_KICH,tissue,Tumor,Adjacent,group1_higher,0.0,0.0
2794,1081,-0.16839090226144854,-1.0801368718475766,-0.177973061800003,-1.1009632349014282,0.5920783150558606,0.46091023609460674,0.9117459695861281,0.9229901731014252,,0.7422324664043168,-2.6813208058765623,50.81057834721489,50.81057834721489,0.0,2691544.5,37.823791628508665,0.0,1.6321775482085128,0.7822944899106516,GCST90200229,cancerType_celltype,KICH_Epi_KICH,tissue,Tumor,Adjacent,group1_higher,0.0,0.0
2794,1081,1.0144326175420872,-0.13897303491163135,1.0190460085868835,-0.2023876011371612,0.7498087480217471,0.5708456841029429,1.1534056524537186,1.2214336097240448,,0.7125744375831119,2.867787192562531,51.44473809297334,51.44473809297334,0.0,2690516.0,37.79086274641882,0.0,1.6372200891982258,0.7816134348945176,GCST90200964,cancerType_celltype,KICH_Epi_KICH,tissue,Tumor,Adjacent,group1_higher,0.0,0.0
2794,1081,0.061614604439977565,-0.8734505876290735,0.03885055892169475,-0.9107831120491028,0.6260733935963632,0.4607315965232383,0.935065192069051,0.9496336709707975,,0.7856909635712639,-3.82536007023816,50.96219073694462,50.96219073694462,0.0,2689267.0,37.75087424497961,0.0,1.599256291093551,0.7807863685696255,GCST90200625,cancerType_celltype,KICH_Epi_KICH,tissue,Tumor,Adjacent,group1_higher,0.0,0.0
2794,1081,0.1444409111425436,-0.47244831962859407,0.10869539529085154,-0.4873980581760406,0.44601964851310394,0.2854867806192277,0.6168892307711377,0.5960934534668921,,0.6343460745518787,-1.7096701633594167,50.95024254439097,50.95024254439097,0.0,2689260.0,37.750650130079634,0.0,1.5132406088825525,0.7807817332899825,GCST90200030,cancerType_celltype,KICH_Epi_KICH,tissue,Tumor,Adjacent,group1_higher,0.0,0.0
2794,1081,0.12944230393400089,-0.747548117548758,0.1199038811028003,-0.7805934548377991,0.5557587104741163,0.45324990386253156,0.876990421482759,0.9004973359405993,,0.7876936360463422,-2.5298480374260093,50.58344543844235,50.58344543844235,0.0,2689011.0,37.74267804292322,0.0,1.657281289273083,0.7806168497712489,GCST90199871,cancerType_celltype,KICH_Epi_KICH,tissue,Tumor,Adjacent,group1_higher,0.0,0.0
2794,1081,0.07080477631717677,2.0634302279804673,0.0060808947309851005,2.237175464630127,0.8244603929119061,1.277590416092515,-1.9926254516632904,-2.231094569899142,,-0.7937298630342204,4.8650344855909236,-47.58914430923345,-47.58914430923345,6.7706625966401395e-298,327072.0,-37.8781394917537,0.0,-2.0494192850338178,-0.7834185452241058,GCST90200972,cancerType_celltype,KICH_Epi_KICH,tissue,Tumor,Adjacent,group2_higher,2.4543651912820502e-297,0.0
2794,1081,-0.24440603139387768,0.887533236931796,-0.29212538897991175,0.8754979372024536,0.6621016143430734,0.6236584817952406,-1.1319392683256737,-1.1676233261823654,,-0.6134573745798355,1.8605169820940988,-49.796810991788654,-49.796810991788654,0.0,324492.0,-37.9607418406033,0.0,-1.737143079313783,-0.7851269768639949,GCST90200282,cancerType_celltype,KICH_Epi_KICH,tissue,Tumor,Adjacent,group2_higher,0.0,0.0
2794,1081,-0.5837270187986466,0.3908116684610129,-0.6306183338165283,0.3215073049068451,0.5222597257524004,0.6304413150115181,-0.9745386872596595,-0.9521256387233734,,-0.7255647757330221,-0.5788190848679461,-45.1787539811693,-45.1787539811693,1.2967695410943684e-292,321672.0,-38.05102812888076,0.0,-1.7573422978217248,-0.786994332377362,GCST90200424,cancerType_celltype,KICH_Epi_KICH,tissue,Tumor,Adjacent,group2_higher,4.56717541217474e-292,0.0
2794,1081,-0.48907982369016145,0.3226854793382776,-0.5222768485546112,0.291408509016037,0.4148415736901569,0.5071399350952601,-0.8117653030284391,-0.8136853575706482,,-0.5723620906825451,-0.599939769602463,-46.905347163070104,-46.905347163070104,5.3741798683994745e-307,316890.0,-38.20413062198106,0.0,-1.83441826244686,-0.7901608905564124,GCST90200153,cancerType_celltype,KICH_Epi_KICH,tissue,Tumor,Adjacent,group2_higher,1.9904910762577403e-306,0.0
2794,1081,-0.014450531526588673,1.7449696423013321,-0.06621253490447995,1.7882932424545288,0.972757146419947,0.9902066973595518,-1.7594201738279207,-1.8545057773590088,,-0.6438168893880007,6.915836561269863,-49.84946067371835,-49.84946067371835,0.0,315595.0,-38.24559187847727,0.0,-1.7996342020751603,-0.7910184172903877,GCST90199649,cancerType_celltype,KICH_Epi_KICH,tissue,Tumor,Adjacent,group2_higher,0.0,0.0
2794,1081,0.18198740755516749,3.163020805898144,0.01545626996085045,3.1591804027557373,1.5667724066300752,1.757824948601294,-2.981033398342977,-3.143724132794887,,-0.7424291171132695,4.119385041333605,-48.76463699975369,-48.76463699975369,0.0,315265.0,-38.25615729519059,0.0,-1.8375217167494158,-0.79123693761642,GCST90200488,cancerType_celltype,KICH_Epi_KICH,tissue,Tumor,Adjacent,group2_higher,0.0,0.0
2794,1081,-0.47343172293626423,0.6464573340649845,-0.564216285943985,0.627564549446106,0.644200822289992,0.6256048107193951,-1.1198890570012487,-1.191780835390091,,-0.7116388327565968,0.4493979611883076,-49.56107510352734,-49.56107510352734,0.0,315005.0,-38.264481562904116,0.0,-1.752373980163152,-0.7914091051460213,GCST90200495,cancerType_celltype,KICH_Epi_KICH,tissue,Tumor,Adjacent,group2_higher,0.0,0.0
2794,1081,-0.6733533821962537,0.6896258047499731,-0.6908080577850342,0.6814157962799072,0.8503803716874329,0.6884934532063518,-1.3629791869462269,-1.3722238540649414,,-0.554195125929207,0.03444986481196412,-51.614459915940515,-51.614459915940515,0.0,313649.0,-38.307895820671575,0.0,-1.6858050982699657,-0.7923070250311722,GCST90200754,cancerType_celltype,KICH_Epi_KICH,tissue,Tumor,Adjacent,group2_higher,0.0,0.0
2794,1081,-0.7392611458598469,0.1740810331421328,-0.771913468837738,0.1570700854063034,0.4689167443236375,0.5628330577639564,-0.9133421790019798,-0.9289835542440414,,-0.6278015274651555,-2.0863187302457966,-47.37097122725919,-47.37097122725919,1.94744434402e-312,313290.0,-38.3193897133991,0.0,-1.8381039149862703,-0.7925447486585832,GCST90200237,cancerType_celltype,KICH_Epi_KICH,tissue,Tumor,Adjacent,group2_higher,7.35281617977e-312,0.0
2794,1081,-0.1953216855798249,1.767476348868062,-0.28530353307724,1.8713096380233765,0.8947355878209337,1.1980779745235848,-1.962798034447887,-2.1566131711006165,,-0.7002200098527832,3.1777603016708906,-48.851198926119096,-48.851198926119096,2.755395e-317,309449.0,-38.442364760659295,0.0,-1.9851791167055315,-0.7950881928170382,GCST90200336,cancerType_celltype,KICH_Epi_KICH,tissue,Tumor,Adjacent,group2_higher,1.0639104e-316,0.0
2794,1081,-0.9506566622283861,0.7813476227070089,-1.0693067908287048,0.7440926432609558,1.0417834370443972,0.8516162629565589,-1.732004284935395,-1.8133994340896606,,-0.752462167297484,-0.28295951633988026,-53.21438493583789,-53.21438493583789,0.0,302294.0,-38.67144220485265,0.0,-1.7452237992343298,-0.7998261107951028,GCST90200174,cancerType_celltype,KICH_Epi_KICH,tissue,Tumor,Adjacent,group2_higher,0.0,0.0
2794,1081,-0.5875492942295614,0.30845447904477713,-0.6086694598197937,0.2750800549983978,0.4979525134358479,0.5107267190746043,-0.8960037732743384,-0.8837495148181915,,-0.7289839883244398,-0.9296500786186318,-49.32018004156106,-49.32018004156106,0.0,300924.0,-38.71530469242007,0.0,-1.7864788905000804,-0.80073330123954,GCST90199849,cancerType_celltype,KICH_Epi_KICH,tissue,Tumor,Adjacent,group2_higher,0.0,0.0
2794,1081,0.5613308056613411,2.2008748375168836,0.435036689043045,2.197140693664551,0.9303301161343686,0.8490563867441038,-1.6395440318555425,-1.7621040046215057,,-0.7108034668670609,1.9711520464620604,-52.46291097966823,-52.46291097966823,0.0,299401.0,-38.76406569137276,0.0,-1.8048739765765427,-0.8017418056533194,GCST90199640,cancerType_celltype,KICH_Epi_KICH,tissue,Tumor,Adjacent,group2_higher,0.0,0.0
2794,1081,-0.46842789932518447,1.041391714161803,-0.5496176779270172,1.027181625366211,0.8982017221046166,0.7621357058706163,-1.5098196134869875,-1.5767993032932281,,-0.5818258138088962,1.1526122288795442,-52.53089774440985,-52.53089774440985,0.0,298165.0,-38.803637979426284,0.0,-1.7506770206454525,-0.8025602636017315,GCST90199747,cancerType_celltype,KICH_Epi_KICH,tissue,Tumor,Adjacent,group2_higher,0.0,0.0
2794,1081,-0.5715164028392763,1.4439868278787227,-0.6327400505542755,1.405070185661316,1.1661024194526246,1.067819321013525,-2.015503230717999,-2.0378102362155914,,-0.6674262110699484,1.337189246428221,-51.33506203570055,-51.33506203570055,0.0,298108.0,-38.80546291504041,0.0,-1.7686858657361928,-0.8025980080216826,GCST90200774,cancerType_celltype,KICH_Epi_KICH,tissue,Tumor,Adjacent,group2_higher,0.0,0.0
2794,1081,-0.6819797453947023,0.38766768355011705,-0.7536520659923553,0.3358193635940552,0.6188510273983403,0.5702937013736546,-1.0696474289448195,-1.0894714295864105,,-0.7188580087242618,-0.8149068109455112,-51.11346958711388,-51.11346958711388,0.0,297736.0,-38.8173730211536,0.0,-1.7659626882695667,-0.8028443400255735,GCST90200375,cancerType_celltype,KICH_Epi_KICH,tissue,Tumor,Adjacent,group2_higher,0.0,0.0
2794,1081,-0.13837815076047122,0.928893956639412,-0.2104440033435821,0.9011895656585692,0.6320608622748831,0.5634325127111666,-1.0672721073998832,-1.1116335690021513,,-0.7040949549066973,2.7468888676848913,-51.07475411444864,-51.07475411444864,0.0,293245.0,-38.96115873769761,0.0,-1.7390899679427105,-0.8058182030080316,GCST90200998,cancerType_celltype,KICH_Epi_KICH,tissue,Tumor,Adjacent,group2_higher,0.0,0.0
2794,1081,-0.5528581547732365,0.5994562956660449,-0.6087653338909149,0.5459995269775391,0.6218357193253613,0.6697030783197543,-1.1523144504392815,-1.154764860868454,,-0.6737048616030106,0.11674499278408973,-48.98845812599666,-48.98845812599666,0.0,292993.0,-38.969226874096876,0.0,-1.8131085736260875,-0.8059850730751836,GCST90200505,cancerType_celltype,KICH_Epi_KICH,tissue,Tumor,Adjacent,group2_higher,0.0,0.0
2794,1081,-0.7531930589498022,1.2278380267796771,-0.9777835011482239,1.2419637441635132,1.1481848911524686,0.9569254970127345,-1.9810310857294793,-2.219747245311737,,-0.6498108921867527,0.705027906237059,-54.5481024806067,-54.5481024806067,0.0,290192.0,-39.05890485050296,0.0,-1.8038796932736174,-0.8078398471152337,GCST90200353,cancerType_celltype,KICH_Epi_KICH,tissue,Tumor,Adjacent,group2_higher,0.0,0.0
2794,1081,-0.6821713842724361,0.36356541837578416,-0.70823535323143,0.3790615499019623,0.6258452403107707,0.49413636078967094,-1.04573680264822,-1.0872969031333923,,-0.6518838355527398,-0.9079174049632643,-54.65692391520378,-54.65692391520378,0.0,289880.0,-39.068893971759195,0.0,-1.7662352798325662,-0.8080464481507552,GCST90199698,cancerType_celltype,KICH_Epi_KICH,tissue,Tumor,Adjacent,group2_higher,0.0,0.0
2794,1081,-0.7055365022972239,0.10010123498153904,-0.7637026607990265,0.0788462609052658,0.47143239560751315,0.4193450698860556,-0.8056377372787629,-0.8425489217042923,,-0.6709126003378587,-2.8172485846231914,-51.76497687382889,-51.76497687382889,0.0,289424.0,-39.083493456672144,0.0,-1.7609402120834083,-0.8083484035103635,GCST90199840,cancerType_celltype,KICH_Epi_KICH,tissue,Tumor,Adjacent,group2_higher,0.0,0.0
2794,1081,-0.9866367232097139,0.28546371864412107,-1.0734435319900515,0.2360825836658477,0.7319926429457747,0.6751619250384564,-1.2721004418538349,-1.3095261156558993,,-0.7214275733494275,-1.7892079985119804,-51.36039474966246,-51.36039474966246,0.0,289354.0,-39.085734605671945,0.0,-1.7751927101112341,-0.8083947563067946,GCST90199767,cancerType_celltype,KICH_Epi_KICH,tissue,Tumor,Adjacent,group2_higher,0.0,0.0
2794,1081,-0.014770908901231172,1.9871424838863305,-0.06614349409937856,2.065826177597046,1.0316677117135096,1.0877994401818185,-2.0019133927875616,-2.1319696716964245,,-0.6924900045068081,7.071695966966007,-52.115161574483984,-52.115161574483984,0.0,284879.0,-39.22900805958742,0.0,-1.9109106857212306,-0.8113580243643541,GCST90199714,cancerType_celltype,KICH_Epi_KICH,tissue,Tumor,Adjacent,group2_higher,0.0,0.0
2794,1081,-0.7070545393043767,0.6866456751695944,-0.7360857129096985,0.7150864005088806,0.6879637057337463,0.7783016357209438,-1.393700214473971,-1.451172113418579,,-0.6596552165666723,-0.04225561478430182,-51.59162156660376,-51.59162156660376,0.0,277737.0,-39.4576692903951,0.0,-1.95112914672075,-0.8160873339659387,GCST90200461,cancerType_celltype,KICH_Epi_KICH,tissue,Tumor,Adjacent,group2_higher,0.0,0.0
2794,1081,-0.7659636111794181,1.7268572713424617,-0.8436935544013977,1.6144497394561768,1.1258552331373601,1.5459694427861725,-2.4928208825218796,-2.4581432938575745,,-0.7326749830524333,1.172800037305924,-48.291946603085485,-48.291946603085485,6.9503310230607e-311,270099.0,-39.70221066268705,0.0,-1.9828334466432842,-0.8211450862393778,GCST90199819,cancerType_celltype,KICH_Epi_KICH,tissue,Tumor,Adjacent,group2_higher,2.5954249820361e-310,0.0
2794,1081,-0.49080829196040604,1.0153785228544718,-0.5226154923439026,0.9563623070716858,0.6936798816193184,0.9305958152623572,-1.5061868148148778,-1.4789777994155884,,-0.741152508829275,1.0487846033078883,-48.27766677041165,-48.27766677041165,2.51413136989e-312,269651.0,-39.71655401628574,0.0,-1.963386751721541,-0.8214417441365368,GCST90199648,cancerType_celltype,KICH_Epi_KICH,tissue,Tumor,Adjacent,group2_higher,9.46619076563e-312,0.0
2794,1081,-0.4708236861709858,1.163458546940149,-0.5158542692661285,1.1350620985031128,0.9201429816745148,0.7660225659518972,-1.6342822331111349,-1.6509163677692413,,-0.6443302156646208,1.3051591791155623,-56.19272858061278,-56.19272858061278,0.0,256543.0,-40.13622517470454,0.0,-1.8573827056198542,-0.8301216363596633,GCST90200407,cancerType_celltype,KICH_Epi_KICH,tissue,Tumor,Adjacent,group2_higher,0.0,0.0
2794,1081,0.16427216300385092,2.2707617864009273,0.09455620497465131,2.337511777877808,0.9480559546843412,1.1503625939536835,-2.1064896233970765,-2.2429555729031567,,-0.75923029861803,3.789008289529085,-53.576335818426934,-53.576335818426934,0.0,256426.0,-40.139971095175625,0.0,-2.0886143284798213,-0.8301991117479839,GCST90200875,cancerType_celltype,KICH_Epi_KICH,tissue,Tumor,Adjacent,group2_higher,0.0,0.0
2794,1081,-0.4050041641284893,0.9503109571726426,-0.4640267491340637,0.9404500126838684,0.7154044932577964,0.6793639022269622,-1.3553151213011319,-1.4044767618179321,,-0.7321882665246509,1.2304608784723343,-54.86918203132805,-54.86918203132805,0.0,251350.0,-40.30248641407506,0.0,-1.9209625653103477,-0.8335603516720447,GCST90200666,cancerType_celltype,KICH_Epi_KICH,tissue,Tumor,Adjacent,group2_higher,0.0,0.0
2794,1081,-1.113154378715878,1.4306783270767987,-1.3469443321228027,1.42643404006958,1.4643424406882262,1.1550779989459359,-2.543832705792677,-2.773378372192383,,-0.7850552191013074,0.3620453582434203,-56.857698621433066,-56.857698621433066,0.0,250712.0,-40.322912886387485,0.0,-1.8366179333151686,-0.8339828243023739,GCST90200465,cancerType_celltype,KICH_Epi_KICH,tissue,Tumor,Adjacent,group2_higher,0.0,0.0
2794,1081,0.06007778930407424,1.5876401795994466,0.0230589676648378,1.498709201812744,0.7421846243567617,0.8643960191155746,-1.5275623902953723,-1.475650234147906,,-0.7902786454961568,4.7238853375162275,-51.25170806374829,-51.25170806374829,0.0,249012.0,-40.37734079066823,0.0,-1.9629535959793125,-0.8351085350728434,GCST90200935,cancerType_celltype,KICH_Epi_KICH,tissue,Tumor,Adjacent,group2_higher,0.0,0.0
2794,1081,-0.2968704459195613,1.3514300476480534,-0.3901346623897552,1.33166766166687,0.915279956802789,0.7267356767595625,-1.6483004935676147,-1.7218023240566251,,-0.7443989710847131,2.1865776630360227,-58.70319167127403,-58.70319167127403,0.0,247943.0,-40.41156633753653,0.0,-1.9015114803431077,-0.835816408492627,GCST90200369,cancerType_celltype,KICH_Epi_KICH,tissue,Tumor,Adjacent,group2_higher,0.0,0.0
2794,1081,-1.316053462972676,0.01251948059421932,-1.3708376288414001,-0.0358008742332458,0.7246928773556707,0.6350347289953545,-1.3285729435668951,-1.3350367546081543,,-0.712287391964523,-6.715785443217214,-56.09144921365733,-56.09144921365733,0.0,244273.0,-40.52906657795436,0.0,-1.8956714059610453,-0.8382466193912288,GCST90200584,cancerType_celltype,KICH_Epi_KICH,tissue,Tumor,Adjacent,group2_higher,0.0,0.0
2794,1081,-0.5230077518311125,0.8669201402285693,-0.5997377634048462,0.8366477489471436,0.7991524124097951,0.5823615297456708,-1.3899278920596818,-1.4363855123519897,,-0.6470935271555398,0.7290656759901606,-59.68546157882772,-59.68546157882772,0.0,241220.0,-40.62681269075972,0.0,-1.8655018856462642,-0.840268263498431,GCST90200486,cancerType_celltype,KICH_Epi_KICH,tissue,Tumor,Adjacent,group2_higher,0.0,0.0
2794,1081,-0.1572888987280949,1.7743670038847041,-0.26129527390003204,1.8002196550369265,1.0017492845311406,0.8913880844065684,-1.931655902612799,-2.0615149289369583,,-0.7010393955458115,3.495807327676953,-58.39582711523145,-58.39582711523145,0.0,240825.0,-40.63945917440142,0.0,-1.9868197967313286,-0.8405298257068636,GCST90201008,cancerType_celltype,KICH_Epi_KICH,tissue,Tumor,Adjacent,group2_higher,0.0,0.0
2794,1081,-0.5770521069265065,1.4921157961619964,-0.5714010298252106,1.4897881746292114,1.108006070758846,0.9768335916316719,-2.069167903088503,-2.061189204454422,,-0.5897956621115135,1.3705844645225884,-56.90666791574987,-56.90666791574987,0.0,240544.0,-40.648455786814885,0.0,-1.9283202335782161,-0.8407158990753941,GCST90199673,cancerType_celltype,KICH_Epi_KICH,tissue,Tumor,Adjacent,group2_higher,0.0,0.0
2794,1081,-0.6263090043114814,0.9456265776953892,-0.6980920433998108,0.9132483601570128,0.7994325216389442,0.7951857385286898,-1.5719355820068706,-1.6113404035568237,,-0.5968846097692898,0.5943951860935075,-55.10722702435552,-55.10722702435552,0.0,239488.0,-40.68226512029751,0.0,-1.969225774096003,-0.8414151641186975,GCST90200880,cancerType_celltype,KICH_Epi_KICH,tissue,Tumor,Adjacent,group2_higher,0.0,0.0
2794,1081,-0.4207783109492955,1.0676795233178464,-0.5405368804931641,1.0949598550796509,0.7364798190517191,0.7162674308049789,-1.488457834267142,-1.635496735572815,,-0.8335806773427085,1.343344344743677,-57.55881186908375,-57.55881186908375,0.0,239142.0,-40.69334279963935,0.0,-2.0364733801893835,-0.8416442793696285,GCST90200287,cancerType_celltype,KICH_Epi_KICH,tissue,Tumor,Adjacent,group2_higher,0.0,0.0
2794,1081,-0.0830578027701748,0.9724777730329998,-0.09518574550747866,0.948047935962677,0.5575197005515767,0.5044375055696154,-1.0555355758031746,-1.0432336814701557,,-0.5741600696604958,3.549461778072402,-56.693614456480184,-56.693614456480184,0.0,239091.0,-40.69497563676778,0.0,-1.9430397327616742,-0.8416780506927426,GCST90200056,cancerType_celltype,KICH_Epi_KICH,tissue,Tumor,Adjacent,group2_higher,0.0,0.0
2794,1081,-0.6885949231374795,0.8574196856131193,-0.7524065375328064,0.8731000423431396,0.7494571706964105,0.7985161169492824,-1.5460146087505988,-1.625506579875946,,-0.6087916868506542,0.3163455837696156,-54.9740145036547,-54.9740145036547,0.0,238236.0,-40.72234967097956,0.0,-2.025025278616346,-0.8422442169920081,GCST90200200,cancerType_celltype,KICH_Epi_KICH,tissue,Tumor,Adjacent,group2_higher,0.0,0.0
2794,1081,-0.5437168394320174,0.08605929393415292,-0.5879497826099396,0.0783557668328285,0.31393767952341867,0.31582581682874,-0.6297761333661703,-0.6663055494427681,,-0.7253569720726607,-2.6594384910167044,-55.7637681036083,-55.7637681036083,0.0,238108.0,-40.72644777200776,0.0,-2.0026885849184133,-0.8423289763911964,GCST90199979,cancerType_celltype,KICH_Epi_KICH,tissue,Tumor,Adjacent,group2_higher,0.0,0.0
2794,1081,-0.5578956898841021,0.4132439246016514,-0.6117082238197327,0.3994662165641784,0.5257243105079425,0.42866281791611593,-0.9711396144857535,-1.0111744403839111,,-0.8075458987498843,-0.4330008908941541,-59.221945952822594,-59.221945952822594,0.0,236316.0,-40.78382118640252,0.0,-1.9401282006956542,-0.8435156079798325,GCST90200566,cancerType_celltype,KICH_Epi_KICH,tissue,Tumor,Adjacent,group2_higher,0.0,0.0
2794,1081,-0.19481852547410256,1.9700188960658302,-0.25352485477924347,1.9074283838272093,0.988163746365528,1.1832299373463164,-2.1648374215399326,-2.160953238606453,,-0.7173841925788405,3.3380000185709306,-53.381792719167194,-53.381792719167194,0.0,235934.0,-40.796051456658546,0.0,-2.0691951994489983,-0.8437685618117852,GCST90200975,cancerType_celltype,KICH_Epi_KICH,tissue,Tumor,Adjacent,group2_higher,0.0,0.0
2794,1081,-0.561103699853418,0.7855505457935832,-0.6486848890781403,0.7995935082435608,0.6271247500168562,0.6865395822392864,-1.3466542456470012,-1.448278397321701,,-0.8189853218957639,0.48543594744315427,-56.07265151372897,-56.07265151372897,0.0,235339.5,-40.81508521494966,0.0,-2.090286140839057,-0.8441622294900464,GCST90200946,cancerType_celltype,KICH_Epi_KICH,tissue,Tumor,Adjacent,group2_higher,0.0,0.0
2794,1081,-0.22388246901402997,1.1940367042856372,-0.2525038719177246,1.2244757413864136,0.708380232762884,0.6728595042441693,-1.4179191732996672,-1.4769796133041382,,-0.6494776362393808,2.4150284811900877,-57.9628749540763,-57.9628749540763,0.0,234698.0,-40.83562374471207,0.0,-2.029493260212992,-0.8445870197601971,GCST90200750,cancerType_celltype,KICH_Epi_KICH,tissue,Tumor,Adjacent,group2_higher,0.0,0.0
2794,1081,-0.22768291719536057,0.6104360133287593,-0.2706332355737686,0.6246652603149414,0.40022953951424,0.41126628383035707,-0.8381189305241199,-0.89529849588871,,-0.7913638084739367,1.4228100533261918,-57.31975597329881,-57.31975597329881,0.0,230884.0,-40.95773434878663,0.0,-2.077959135326076,-0.8471125849828859,GCST90200881,cancerType_celltype,KICH_Epi_KICH,tissue,Tumor,Adjacent,group2_higher,0.0,0.0
2794,1081,-1.0562645947902247,0.8927895137950801,-1.2002208232879639,0.796633243560791,1.040611618855913,0.8227410024108363,-1.9490541085853048,-1.9968540668487549,,-0.8163741679266994,-0.24257903838536232,-61.21500377005975,-61.21500377005975,0.0,226914.0,-41.0848395134893,0.0,-1.9793049980875053,-0.8497414507233354,GCST90199826,cancerType_celltype,KICH_Epi_KICH,tissue,Tumor,Adjacent,group2_higher,0.0,0.0
2794,1081,-0.9690626584424347,0.4934176024746074,-1.039784550666809,0.4196310639381408,0.7538515789973007,0.7101347347271858,-1.462480260917042,-1.45941561460495,,-0.7119455922330744,-0.9737793323581504,-56.50468141446005,-56.50468141446005,0.0,226358.0,-41.10264063983053,0.0,-1.971210103342351,-0.8501096243635595,GCST90200930,cancerType_celltype,KICH_Epi_KICH,tissue,Tumor,Adjacent,group2_higher,0.0,0.0
2794,1081,-0.4871886108010113,1.523602465252503,-0.6636539101600647,1.5301892757415771,1.1117675797845303,0.743680514703947,-2.0107910760535144,-2.193843185901642,,-0.7029430401106211,1.6449322006867448,-65.10156810036,-65.10156810036,0.0,223742.0,-41.18639557959431,0.0,-1.9664749547133948,-0.8518418945844703,GCST90200531,cancerType_celltype,KICH_Epi_KICH,tissue,Tumor,Adjacent,group2_higher,0.0,0.0
2794,1081,-0.5195261679903042,1.1055155226867732,-0.47994409501552576,1.0987584590911863,0.909805197072795,0.6729404140583938,-1.6250416906770773,-1.5787025541067121,,-0.6431282567300274,1.089449487305933,-60.76568649945702,-60.76568649945702,0.0,221052.0,-41.27251973401501,0.0,-1.910882735728703,-0.8536231663330369,GCST90199905,cancerType_celltype,KICH_Epi_KICH,tissue,Tumor,Adjacent,group2_higher,0.0,0.0
2794,1081,-0.696461319733502,1.1197036686206925,-0.7880022525787354,1.088206171989441,0.9329662927125743,0.8202222019999225,-1.8161649883541946,-1.8762084245681763,,-0.8244884700368807,0.6850010528716579,-59.430302203827324,-59.430302203827324,0.0,220727.0,-41.282925068656915,0.0,-2.0113821693304663,-0.8538383757450384,GCST90200320,cancerType_celltype,KICH_Epi_KICH,tissue,Tumor,Adjacent,group2_higher,0.0,0.0
2794,1081,-2.0385538219942916,0.1715060388656987,-2.1724557876586914,0.1079445481300354,1.1658207494671446,0.8862508883644653,-2.21005986085999,-2.280400335788727,,-0.7160926427424578,-3.5712070623827286,-63.45519868427186,-63.45519868427186,0.0,211998.0,-41.56239634893139,0.0,-2.0182055255811595,-0.8596185694599965,GCST90199774,cancerType_celltype,KICH_Epi_KICH,tissue,Tumor,Adjacent,group2_higher,0.0,0.0
2794,1081,-0.8969402292049958,1.3215612126727547,-0.9878464639186859,1.3495041131973269,1.1422720470271348,0.9274250356888508,-2.2185014418777507,-2.3373505771160126,,-0.8196050646688644,0.5591589787720312,-62.433242070407026,-62.433242070407026,0.0,211963.0,-41.56351692343129,0.0,-2.0416144605180153,-0.8596417458582121,GCST90199987,cancerType_celltype,KICH_Epi_KICH,tissue,Tumor,Adjacent,group2_higher,0.0,0.0
2794,1081,-1.069189818432355,0.5359899251359738,-1.1500536799430847,0.5110346078872681,0.7547384443406658,0.7734004132223824,-1.6051797435683288,-1.6610882878303528,,-0.8045395839918543,-0.996238874021349,-58.333360242579516,-58.333360242579516,0.0,209954.0,-41.62783789972541,0.0,-2.112110627110443,-0.8609720711157847,GCST90200151,cancerType_celltype,KICH_Epi_KICH,tissue,Tumor,Adjacent,group2_higher,0.0,0.0
2794,1081,-0.5768818745084626,1.2553739234756027,-0.6337952613830566,1.208979249000549,0.7919064512921608,0.9654716653555891,-1.8322557979840655,-1.8427745103836057,,-0.7246082099581889,1.1217679550806128,-55.5805818587135,-55.5805818587135,0.0,209417.0,-41.645030714195265,0.0,-2.1711696385830503,-0.8613276632826918,GCST90200915,cancerType_celltype,KICH_Epi_KICH,tissue,Tumor,Adjacent,group2_higher,0.0,0.0
2794,1081,-1.4780652592659342,0.668559311727789,-1.5369547009468079,0.6708701848983765,1.0091055802004092,1.0102039914296983,-2.1466245709937235,-2.2078248858451843,,-0.7466981549479176,-1.1445813257981943,-59.342919924473,-59.342919924473,0.0,206180.0,-41.74866784722865,0.0,-2.126608935544372,-0.863471149026227,GCST90200172,cancerType_celltype,KICH_Epi_KICH,tissue,Tumor,Adjacent,group2_higher,0.0,0.0
2794,1081,-0.6880612042144418,1.0209665571623305,-0.8041403889656067,0.9838436841964722,0.8598138685031657,0.7233566407056704,-1.7090277613767724,-1.7879840731620789,,-0.7216345842713294,0.569326120379242,-62.46180772856327,-62.46180772856327,0.0,203561.0,-41.83251883623528,0.0,-2.0739685341520246,-0.8652054057955564,GCST90200715,cancerType_celltype,KICH_Epi_KICH,tissue,Tumor,Adjacent,group2_higher,0.0,0.0
2794,1081,-1.251918445584578,0.09967289818343117,-1.334037959575653,0.0809774324297905,0.6295043387219448,0.644251361114819,-1.3515913437680092,-1.4150153920054436,,-0.8525680279907563,-3.650782172761097,-58.94394558238657,-58.94394558238657,0.0,203373.0,-41.838537922120445,0.0,-2.133021350929279,-0.8653298961631142,GCST90200110,cancerType_celltype,KICH_Epi_KICH,tissue,Tumor,Adjacent,group2_higher,0.0,0.0
2794,1081,-0.8792955851274508,1.2402949149349478,-0.9515547454357147,1.1908509731292725,1.0390121184926115,0.9983979200150486,-2.1195905000623987,-2.142405718564987,,-0.753335666132431,0.49626259487392227,-58.595884896717564,-58.595884896717564,0.0,201517.0,-41.8979603870293,0.0,-2.062163222185132,-0.8665589074513445,GCST90199761,cancerType_celltype,KICH_Epi_KICH,tissue,Tumor,Adjacent,group2_higher,0.0,0.0
2794,1081,-0.16125820426380738,1.4201022067816307,-0.2131947055459022,1.3940893411636353,0.7193903136803588,0.7893411158093503,-1.581360411045438,-1.6072840467095375,,-0.8051615328841488,3.1385423688462275,-57.30170322832693,-57.30170322832693,0.0,200579.0,-41.92799178362656,0.0,-2.138239453820463,-0.8671800349235212,GCST90200249,cancerType_celltype,KICH_Epi_KICH,tissue,Tumor,Adjacent,group2_higher,0.0,0.0
2794,1081,-0.3524476267121907,0.43418417221414884,-0.38430459797382355,0.4193105697631836,0.3429961524151634,0.4227673683524716,-0.7866317989263396,-0.8036151677370071,,-0.883242078601712,0.3008974734873891,-54.61581589963213,-54.61581589963213,0.0,198574.0,-41.99218469426355,0.0,-2.1434794860857633,-0.8685077114498692,GCST90199735,cancerType_celltype,KICH_Epi_KICH,tissue,Tumor,Adjacent,group2_higher,0.0,0.0
2794,1081,-0.3618519695429302,0.837389763164743,-0.39540657401084894,0.8034694790840149,0.5202518933420542,0.6068504974202533,-1.1992417327076732,-1.198876053094864,,-0.8850445425794873,1.2104973934050725,-57.33173289037606,-57.33173289037606,0.0,198176.0,-42.0049272271481,0.0,-2.1972845236875838,-0.8687712602067202,GCST90200894,cancerType_celltype,KICH_Epi_KICH,tissue,Tumor,Adjacent,group2_higher,0.0,0.0
2794,1081,-1.0309151068735474,-0.20923341421924835,-1.0511809587478638,-0.2203841805458068,0.4184058119950712,0.3557783645422949,-0.821681692654299,-0.830796778202057,,-0.7035314171472871,-2.300734868752703,-61.28701471095437,-61.28701471095437,0.0,196741.0,-42.0508707816439,0.0,-2.044369194626807,-0.8697214925335578,GCST90199932,cancerType_celltype,KICH_Epi_KICH,tissue,Tumor,Adjacent,group2_higher,0.0,0.0
2794,1081,-0.10982795569505062,1.6916166104292962,-0.15027952939271927,1.69081711769104,0.8150480703676798,0.8323205325318448,-1.8014445661243468,-1.8410966470837593,,-0.7134194073486486,3.9450731177647516,-60.77472156423992,-60.77472156423992,0.0,189600.0,-42.2794999960373,0.0,-2.197148492528744,-0.8744501399523361,GCST90200601,cancerType_celltype,KICH_Epi_KICH,tissue,Tumor,Adjacent,group2_higher,0.0,0.0
2794,1081,-1.0349571621290468,0.8547477263612216,-1.1205350756645203,0.7615117430686951,0.8870056920427746,0.8672432975788955,-1.8897048884902685,-1.8820468187332153,,-0.8168306492928219,-0.27600017534163285,-60.44616614429091,-60.44616614429091,0.0,186592.0,-42.37580537019993,0.0,-2.143641948138229,-0.876441985833261,GCST90200635,cancerType_celltype,KICH_Epi_KICH,tissue,Tumor,Adjacent,group2_higher,0.0,0.0
2794,1081,-0.21318451489312293,2.5198560716131158,-0.2986258566379547,2.7033073902130127,0.9260988914789727,1.3688555791445005,-2.7330405865062386,-3.0019332468509674,,-0.8605113187066853,3.5631605840281146,-60.50567460327587,-60.50567460327587,0.0,176212.0,-42.708135750455284,0.0,-2.5586004925359562,-0.883315443361187,GCST90199814,cancerType_celltype,KICH_Epi_KICH,tissue,Tumor,Adjacent,group2_higher,0.0,0.0
2794,1081,-0.007135785774752143,1.6776067521560947,-0.0305771818384528,1.6039340496063232,0.7063902964119323,0.877122802983675,-1.6847425379308467,-1.634511231444776,,-0.7788106263893075,7.8769152501723,-56.463519210326844,-56.463519210326844,0.0,176120.0,-42.7110812605693,0.0,-2.2229766474597645,-0.8833763641793535,GCST90200382,cancerType_celltype,KICH_Epi_KICH,tissue,Tumor,Adjacent,group2_higher,0.0,0.0
2794,1081,-0.44012862767465005,0.9356509051312069,-0.4977731555700302,0.9259905219078064,0.6181342019835935,0.5909152629196427,-1.3757795328058569,-1.4237636774778366,,-0.7461441698320858,1.0880434060125395,-64.16207796052782,-64.16207796052782,0.0,173175.0,-42.80536960063211,0.0,-2.2529161708805656,-0.8853264925434905,GCST90199993,cancerType_celltype,KICH_Epi_KICH,tissue,Tumor,Adjacent,group2_higher,0.0,0.0
2794,1081,-0.41241486071154465,1.3683907363316514,-0.4453279376029968,1.372294306755066,0.8398406950116697,0.7346433980592131,-1.7808055970431962,-1.8176222443580627,,-0.7777757017219473,1.7303095747317085,-64.95198859568806,-64.95198859568806,0.0,172169.0,-42.837578113400596,0.0,-2.193440606340958,-0.8859926484464861,GCST90200581,cancerType_celltype,KICH_Epi_KICH,tissue,Tumor,Adjacent,group2_higher,0.0,0.0
2794,1081,-0.8827486664628635,0.8967913052572883,-0.9358815550804138,0.8495488166809082,0.8139102305016083,0.7687346452395681,-1.7795399717201519,-1.785430371761322,,-0.7897753074583161,0.02276952856839778,-63.56433219349545,-63.56433219349545,0.0,169748.5,-42.91507384417209,0.0,-2.2200711425101494,-0.8875954619287928,GCST90199861,cancerType_celltype,KICH_Epi_KICH,tissue,Tumor,Adjacent,group2_higher,0.0,0.0
2794,1081,-1.6091705170627044,0.17890565830899297,-1.707988679409027,0.1743234395980835,0.7877161932735002,0.735113660872613,-1.7880761753716974,-1.8823121190071106,,-0.9248687910594959,-3.1690391212625078,-66.5461309792971,-66.5461309792971,0.0,162212.0,-43.15636555041433,0.0,-2.3119454428159942,-0.8925860026474068,GCST90199722,cancerType_celltype,KICH_Epi_KICH,tissue,Tumor,Adjacent,group2_higher,0.0,0.0
2794,1081,-0.769748592542782,0.9724331927753056,-0.8004592955112457,0.9487879872322084,0.7830166941844365,0.7123099419266355,-1.7421817853180877,-1.749247282743454,,-0.7072343596031432,0.3372114237692368,-66.38115384332256,-66.38115384332256,0.0,150264.0,-43.53889766826509,0.0,-2.2804676013818606,-0.9004977628153894,GCST90200882,cancerType_celltype,KICH_Epi_KICH,tissue,Tumor,Adjacent,group2_higher,0.0,0.0
2794,1081,-0.5674590899729403,0.55062105665859,-0.6172826290130615,0.5312094688415527,0.43080519382454785,0.4889681301666594,-1.1180801466315302,-1.1484920978546143,,-0.9016383117388979,-0.0434565276578911,-65.92927264344368,-65.92927264344368,0.0,134616.0,-44.03989051896218,0.0,-2.496916263630579,-0.9108595993661586,GCST90200263,cancerType_celltype,KICH_Epi_KICH,tissue,Tumor,Adjacent,group2_higher,0.0,0.0
2794,1081,-0.3400091173862892,1.6969530077002406,-0.43040876090526575,1.6550371646881104,0.7632820192438342,0.8876553434932882,-2.03696212508653,-2.085445925593376,,-0.9839274522665604,2.319297883114889,-66.53010403718068,-66.53010403718068,0.0,127982.0,-44.25228741131421,0.0,-2.5464868302083192,-0.9152525201022146,GCST90200233,cancerType_celltype,KICH_Epi_KICH,tissue,Tumor,Adjacent,group2_higher,0.0,0.0
2794,1081,0.03552073961472146,1.3457823019066133,0.039819287136197,1.3567043542861938,0.5166244531565063,0.5438168715788679,-1.3102615622918918,-1.3168850671499968,,-0.8365551142276435,5.243600078726962,-68.19993106896014,-68.19993106896014,0.0,123838.0,-44.38496343210208,0.0,-2.498835026669834,-0.9179966056509357,GCST90200241,cancerType_celltype,KICH_Epi_KICH,tissue,Tumor,Adjacent,group2_higher,0.0,0.0
2794,1081,-1.6793510589532208,0.6789797474951503,-1.8092525005340576,0.6281629800796509,0.8204627701709878,1.094855556116392,-2.3583308064483712,-2.4374154806137085,,-0.9978860810277991,-1.3064621356833332,-64.18993868947335,-64.18993868947335,0.0,123497.0,-44.39588102937252,0.0,-2.604800491996101,-0.9182224099878357,GCST90200585,cancerType_celltype,KICH_Epi_KICH,tissue,Tumor,Adjacent,group2_higher,0.0,0.0
2794,1081,0.06362861160122414,2.4153225252660686,-0.020919794216752,2.416393756866455,0.8698699624047596,0.9027440583980211,-2.3516939136648443,-2.437313551083207,,-1.0210262950241065,5.246374321083791,-73.4652098709184,-73.4652098709184,0.0,112230.0,-44.7566099690967,0.0,-2.674930879995685,-0.9256832236648243,GCST90201010,cancerType_celltype,KICH_Epi_KICH,tissue,Tumor,Adjacent,group2_higher,0.0,0.0
2794,1081,-0.7544291845700152,0.4994511681914271,-0.8224580883979797,0.5050696730613708,0.49166551328549085,0.44342385722716504,-1.2538803527614424,-1.3275277614593506,,-1.0117664515883582,-0.5950408792239501,-76.53429475881676,-76.53429475881676,0.0,111400.0,-44.78318359295142,0.0,-2.619332628726948,-0.9262328353939359,GCST90199637,cancerType_celltype,KICH_Epi_KICH,tissue,Tumor,Adjacent,group2_higher,0.0,0.0
2794,1081,-0.5786397952007503,0.8021374314661684,-0.6325664222240448,0.7930391430854797,0.502498324039779,0.5605109532888746,-1.3807772266669187,-1.4256055653095245,,-0.9628607959149634,0.4711831962189977,-70.73887315960741,-70.73887315960741,0.0,111305.0,-44.78622515230828,0.0,-2.65878009200811,-0.926295742760521,GCST90200311,cancerType_celltype,KICH_Epi_KICH,tissue,Tumor,Adjacent,group2_higher,0.0,0.0
2794,1081,-0.29277039270693694,2.2174884667146215,-0.3578850328922272,2.25783109664917,0.868202009703341,0.988015110354173,-2.5102588594215582,-2.615716129541397,,-1.0334786976541277,2.9210807546734276,-73.30005896101518,-73.30005896101518,0.0,105112.0,-44.9845028059616,0.0,-2.779258311729735,-0.9303966408790609,GCST90200891,cancerType_celltype,KICH_Epi_KICH,tissue,Tumor,Adjacent,group2_higher,0.0,0.0
2794,1081,-0.6003651169730001,1.1939492023132774,-0.663546234369278,1.1685367822647097,0.6987317956742322,0.650667593468079,-1.7943143192862774,-1.8320830166339876,,-0.9850033197679297,0.9918282028417608,-75.39495289914412,-75.39495289914412,0.0,99549.0,-45.162610118616755,0.0,-2.616885902872811,-0.934080363829721,GCST90200812,cancerType_celltype,KICH_Epi_KICH,tissue,Tumor,Adjacent,group2_higher,0.0,0.0
2794,1081,-1.9063850257081716,0.7691990351075028,-2.043964385986328,0.5184653997421265,0.9460720278700411,1.1821244783723217,-2.6755840608156745,-2.5624297857284546,,-1.037441551108211,-1.3094095477226455,-66.61833324952697,-66.61833324952697,0.0,97417.0,-45.23086911386766,0.0,-2.629779258572035,-0.9354921375724511,GCST90200470,cancerType_celltype,KICH_Epi_KICH,tissue,Tumor,Adjacent,group2_higher,0.0,0.0
2794,1081,-0.31710911141240034,0.5999230604719911,-0.33861424028873444,0.5955053567886353,0.33085203209421277,0.36632262927025183,-0.9170321718843915,-0.9341195970773697,,-0.7922102052382989,0.9197960130690798,-71.75818564394665,-71.75818564394665,0.0,96912.0,-45.24703740308047,0.0,-2.6883436255844297,-0.9358265398895611,GCST90200886,cancerType_celltype,KICH_Epi_KICH,tissue,Tumor,Adjacent,group2_higher,0.0,0.0
2794,1081,-0.5749902118515173,0.8064440973848007,-0.6319686472415924,0.8344346880912781,0.49422639893737724,0.49661424012490063,-1.381434309236318,-1.4664033353328705,,-1.1117713976415367,0.48803641222686955,-77.7648217338735,-77.7648217338735,0.0,96810.0,-45.250303077337314,0.0,-2.791377427987038,-0.9358940825357893,GCST90200234,cancerType_celltype,KICH_Epi_KICH,tissue,Tumor,Adjacent,group2_higher,0.0,0.0
2794,1081,-1.2025634618709364,1.4345791383361475,-1.284016191959381,1.3151137828826904,0.9938764579991036,0.9674346188561495,-2.637142600207084,-2.5991299748420715,,-1.0099942658965162,0.25451433218767794,-75.52160925568866,-75.52160925568866,0.0,91662.0,-45.41512357806511,0.0,-2.6730298576621396,-0.9393029996218936,GCST90200480,cancerType_celltype,KICH_Epi_KICH,tissue,Tumor,Adjacent,group2_higher,0.0,0.0
2794,1081,-0.5714416962399078,0.6467128912457347,-0.5993652641773224,0.6326233744621277,0.4513959108962375,0.4438453997192087,-1.2181545874856425,-1.23198863863945,,-0.8619983613095321,0.17851876590112167,-76.25919342360903,-76.25919342360903,0.0,90131.0,-45.46414070833206,0.0,-2.7112084594464396,-0.9403168014981224,GCST90200324,cancerType_celltype,KICH_Epi_KICH,tissue,Tumor,Adjacent,group2_higher,0.0,0.0
2794,1081,-1.1259828254146502,0.7587957586153231,-1.1945459842681885,0.7457227110862732,0.6407713705798515,0.6933453900476899,-1.8847785840299733,-1.9402686953544617,,-0.9986993058681285,-0.5694006824206235,-77.48617369612532,-77.48617369612532,0.0,83332.0,-45.681820309040745,0.0,-2.873770198998401,-0.9448189823971944,GCST90199720,cancerType_celltype,KICH_Epi_KICH,tissue,Tumor,Adjacent,group2_higher,0.0,0.0
2794,1081,-0.8013586507950876,1.078809167927641,-0.8609983623027802,1.0615440607070925,0.6348151430641562,0.7190623010325824,-1.8801678187227286,-1.9225424230098727,,-1.055611813141137,0.42891924866980596,-75.35504657993656,-75.35504657993656,0.0,81757.0,-45.73224616153614,0.0,-2.8513704580530352,-0.9458619203168942,GCST90199872,cancerType_celltype,KICH_Epi_KICH,tissue,Tumor,Adjacent,group2_higher,0.0,0.0
2794,1081,-1.0998638938094436,2.228249806750507,-1.1982339024543762,2.078216552734375,1.104612487267373,1.3888815862886115,-3.3281137005599506,-3.276450455188751,,-0.9496787729954976,1.0185853126642714,-70.6168030113981,-70.6168030113981,0.0,80282.0,-45.77947037260325,0.0,-2.7950307007990802,-0.9468386399559781,GCST90199782,cancerType_celltype,KICH_Epi_KICH,tissue,Tumor,Adjacent,group2_higher,0.0,0.0
2794,1081,-0.31120401125527364,1.6126923009127643,-0.3712967485189438,1.5651084184646606,0.6316702113472161,0.7170493133649435,-1.923896312168038,-1.9364051669836044,,-1.0876128088561214,2.3735348984776152,-77.36279765950033,-77.36279765950033,0.0,77701.0,-45.862104737867135,0.0,-2.930107925475292,-0.9485477337786733,GCST90199961,cancerType_celltype,KICH_Epi_KICH,tissue,Tumor,Adjacent,group2_higher,0.0,0.0
2794,1081,-0.38537441013713714,1.961532130892148,-0.4352046549320221,1.9455329179763796,0.768475910851418,0.8811175258891392,-2.346906541029285,-2.3807375729084015,,-0.9785837271769324,2.347645278340364,-76.97631464862346,-76.97631464862346,0.0,71152.0,-46.07178023500512,0.0,-2.928216836192424,-0.9528843689762058,GCST90200190,cancerType_celltype,KICH_Epi_KICH,tissue,Tumor,Adjacent,group2_higher,0.0,0.0
2794,1081,-0.06384034876262464,1.5171045638744916,-0.0735543705523014,1.4702520370483398,0.4940379702950034,0.646936131898141,-1.5809449126371162,-1.5438064076006413,,-0.9375454882447954,4.57068653366858,-72.57523632155969,-72.57523632155969,0.0,68379.0,-46.160561751811294,0.0,-2.9220678908451543,-0.9547206018976835,GCST90200425,cancerType_celltype,KICH_Epi_KICH,tissue,Tumor,Adjacent,group2_higher,0.0,0.0
2794,1081,-0.21957143292928943,2.1597166013603237,-0.28260771930217743,2.1951887607574463,0.7434526066373737,0.8041391186876812,-2.379288034289613,-2.4777964800596237,,-1.0489094658719325,3.298073839854217,-84.33103770753533,-84.33103770753533,0.0,63645.0,-46.312127457026016,0.0,-3.127094954820599,-0.9578553753020381,GCST90199757,cancerType_celltype,KICH_Epi_KICH,tissue,Tumor,Adjacent,group2_higher,0.0,0.0
2794,1081,-0.4934234373582316,2.984294821248906,-0.6007634401321411,2.963595151901245,1.0815075498979556,1.208212990756492,-3.477718258607138,-3.5643585920333862,,-1.0388383294254173,2.59648947774999,-82.68504080066653,-82.68504080066653,0.0,62985.0,-46.333258290452655,0.0,-3.109869735853962,-0.9582924159541027,GCST90199683,cancerType_celltype,KICH_Epi_KICH,tissue,Tumor,Adjacent,group2_higher,0.0,0.0
2794,1081,-0.6479882090650018,1.433194414128366,-0.7339130640029907,1.4138340950012207,0.7030379233019373,0.6415255551069905,-2.0811826231933677,-2.1477471590042114,,-1.0921853223925346,1.1451936391132778,-88.13363522286834,-88.13363522286834,0.0,61170.0,-46.39136808237592,0.0,-3.0318517814239225,-0.9594942777472806,GCST90200545,cancerType_celltype,KICH_Epi_KICH,tissue,Tumor,Adjacent,group2_higher,0.0,0.0
2794,1081,-1.0690557807112284,0.7860765602772627,-1.1097964644432068,0.71888267993927,0.550303646078707,0.6450970889063226,-1.855132340988491,-1.8286791443824768,,-1.1537754878801427,-0.44359490914140975,-83.52088015932243,-83.52088015932243,0.0,47909.0,-46.81593775217999,0.0,-3.207897744978155,-0.9682754839397493,GCST90199762,cancerType_celltype,KICH_Epi_KICH,tissue,Tumor,Adjacent,group2_higher,0.0,0.0
2794,1081,-0.5124623572086819,1.3385524208223227,-0.5590015947818756,1.302735686302185,0.53411647040717,0.5848514201603016,-1.8510147780310047,-1.8617372810840607,,-1.1461077543192777,1.3851539611300034,-90.479210920942,-90.479210920942,0.0,41029.0,-47.03621068244558,0.0,-3.3732340401553897,-0.9728313016461202,GCST90200148,cancerType_celltype,KICH_Epi_KICH,tissue,Tumor,Adjacent,group2_higher,0.0,0.0
2794,1081,-0.6465150398510279,1.0459836752534732,-0.6714952886104584,1.0078094005584717,0.49008567098694883,0.5753735190213085,-1.692498715104501,-1.67930468916893,,-1.0252051816317636,0.6941036463968542,-85.46090624875674,-85.46090624875674,0.0,40324.0,-47.058782254514945,0.0,-3.284556899007532,-0.9732981405244621,GCST90200443,cancerType_celltype,KICH_Epi_KICH,tissue,Tumor,Adjacent,group2_higher,0.0,0.0
2794,1081,-0.4990206661484628,2.3066317056281798,-0.5434099733829498,2.2495546340942383,0.7376381521571583,1.0107265745074827,-2.8056523717766426,-2.792964607477188,,-1.2252747969035167,2.2086139363083372,-83.10486187613243,-83.10486187613243,0.0,36448.5,-47.182861868067896,0.0,-3.4092515061758335,-0.9758644299897296,GCST90200015,cancerType_celltype,KICH_Epi_KICH,tissue,Tumor,Adjacent,group2_higher,0.0,0.0
2794,1081,-1.4953157355073006,2.334271596016657,-1.5597898960113525,2.2958152294158936,1.1414361191951852,1.120427460734938,-3.8295873315239577,-3.855605125427246,,-0.9378774250181896,0.6425219425419519,-94.92430849901493,-94.92430849901493,0.0,35399.0,-47.21646309485768,0.0,-3.372252978287514,-0.9765593908447929,GCST90200288,cancerType_celltype,KICH_Epi_KICH,tissue,Tumor,Adjacent,group2_higher,0.0,0.0
2794,1081,-0.27840914892588947,2.1617073896082566,-0.28922401368618006,2.1912686824798584,0.6415361467591069,0.8465249299790693,-2.440116538534146,-2.4804926961660385,,-1.0754752482536267,2.956888211322123,-85.72566987184693,-85.72566987184693,0.0,33770.0,-47.26861783372434,0.0,-3.4625379716421167,-0.9776380866360252,GCST90199675,cancerType_celltype,KICH_Epi_KICH,tissue,Tumor,Adjacent,group2_higher,0.0,0.0
2794,1081,-0.6598839304872176,1.7813006307308155,-0.7088798880577087,1.834335207939148,0.6402865087708968,0.733152451818884,-2.441184561218033,-2.5432150959968567,,-1.1603533470450766,1.4326454540212152,-96.19857413573071,-96.19857413573071,0.0,33132.0,-47.289044306036764,0.0,-3.657299148572917,-0.9780605592663544,GCST90200458,cancerType_celltype,KICH_Epi_KICH,tissue,Tumor,Adjacent,group2_higher,0.0,0.0
2794,1081,-0.7290612323880136,2.2643140458177076,-0.813250869512558,2.2641420364379883,0.745964047085328,0.933523682825006,-2.993375278205721,-3.0773929059505463,,-1.232418886752507,1.6349608290797573,-94.40756275627078,-94.40756275627078,0.0,30086.0,-47.38656630394214,0.0,-3.729205333056399,-0.9800775680939134,GCST90200323,cancerType_celltype,KICH_Epi_KICH,tissue,Tumor,Adjacent,group2_higher,0.0,0.0
2794,1081,0.03306880974454317,5.514523925313124,-0.13473734259605405,5.534480094909668,1.3950957999071898,1.6014271573079881,-5.481455115568581,-5.669217437505722,,-1.1323523287246997,7.3815780476777135,-98.94579134648397,-98.94579134648397,0.0,29246.0,-47.41346009193968,0.0,-3.7658327710266444,-0.9806338016510866,GCST90200646,cancerType_celltype,KICH_Epi_KICH,tissue,Tumor,Adjacent,group2_higher,0.0,0.0
2794,1081,-0.7044546968114374,0.8985830922417212,-0.7422448098659515,0.8957796692848206,0.37803233886712684,0.44300679507984697,-1.6030377890531584,-1.638024479150772,,-1.3115168121852983,0.3511445434993011,-105.08665760256828,-105.08665760256828,0.0,26349.0,-47.506211644116924,0.0,-4.035634456828674,-0.9825521452405279,GCST90200238,cancerType_celltype,KICH_Epi_KICH,tissue,Tumor,Adjacent,group2_higher,0.0,0.0
2794,1081,-1.7076566465446992,3.47650729244873,-1.8674225807189941,3.287320852279663,1.3446384386492742,1.5794021326777694,-5.184163938993429,-5.154743432998657,,-1.228876762048203,1.02562026022247,-95.37199925839212,-95.37199925839212,0.0,22481.0,-47.630051134562756,0.0,-3.666239641770836,-0.9851134683347493,GCST90200158,cancerType_celltype,KICH_Epi_KICH,tissue,Tumor,Adjacent,group2_higher,0.0,0.0
2794,1081,-0.18410704985149862,4.006538645463421,-0.2079174146056175,4.042827129364014,0.9046580196202959,1.246764526325181,-4.19064569531492,-4.250744543969631,,-1.1652241316805365,4.443732139622534,-100.72784085101735,-100.72784085101735,0.0,20520.0,-47.692835322971305,0.0,-4.141959888176007,-0.9864120088176263,GCST90199813,cancerType_celltype,KICH_Epi_KICH,tissue,Tumor,Adjacent,group2_higher,0.0,0.0
2794,1081,-1.0522615343976283,1.3732084702049054,-1.1008682250976562,1.4169880151748655,0.5831671481939388,0.6994322180552955,-2.4254700046025337,-2.517856240272522,,-1.2347015547295908,0.38405701689352156,-101.21350716931175,-101.21350716931175,0.0,20339.0,-47.69863029395649,0.0,-3.92602994127655,-0.9865318639055409,GCST90199716,cancerType_celltype,KICH_Epi_KICH,tissue,Tumor,Adjacent,group2_higher,0.0,0.0
2794,1081,-0.6617979518339555,2.1192431862325605,-0.7180947959423065,2.091005086898804,0.6137957089377845,0.6689880615469898,-2.781041138066516,-2.8090998828411107,,-1.3977326644616768,1.679084917514259,-118.7080542117242,-118.7080542117242,0.0,12379.0,-47.95348095164749,0.0,-4.416644130938714,-0.9918028390425632,GCST90200893,cancerType_celltype,KICH_Epi_KICH,tissue,Tumor,Adjacent,group2_higher,0.0,0.0
2794,1081,-0.6557005017369342,2.190432057880506,-0.7028658390045166,2.2049129009246826,0.542152712289245,0.7066598085481703,-2.8461325596174403,-2.907778739929199,,-1.5502813664048536,1.7401050207901214,-119.510483382859,-119.510483382859,0.0,11616.0,-47.97790947574526,0.0,-4.802500968163989,-0.9923080845236621,GCST90200195,cancerType_celltype,KICH_Epi_KICH,tissue,Tumor,Adjacent,group2_higher,0.0,0.0
2794,1081,-1.1217924902668428,3.042013265444939,-1.1846384406089783,3.082969665527344,0.7252321308994173,0.9802467209887692,-4.163805755711782,-4.267608106136322,,-1.4388946994687084,1.4392198023166416,-126.869207567588,-126.869207567588,0.0,4135.0,-48.217424270994805,0.0,-5.175560403489842,-0.9972618740965343,GCST90200791,cancerType_celltype,KICH_Epi_KICH,tissue,Tumor,Adjacent,group2_higher,0.0,0.0
2794,1081,0.4143875737795481,2.3596606982745243,0.3501616567373276,2.443474054336548,0.8684481147450988,1.2856925007319835,-1.9452731244949761,-2.0933123975992203,,-0.734244993954615,2.5095239087765355,-45.86223840119656,-45.86223840119656,2.731435142752958e-286,333477.0,-37.67307435827243,1.37200903722137e-310,-1.9405858627982844,-0.7791772643506603,GCST90199832,cancerType_celltype,KICH_Epi_KICH,tissue,Tumor,Adjacent,group2_higher,9.215213117753173e-286,6.75107695932393e-310
2794,1081,-0.28367921334119206,1.098245819816653,-0.41239742934703827,1.1333322525024414,0.8115206130310882,0.7891940050939732,-1.381925033157845,-1.5457296818494797,,-0.7089652683986828,1.9528648903993042,-48.50007914047428,-48.50007914047428,0.0,336140.0,-37.58781464703736,3.401828521828114e-309,-1.7159161005743924,-0.77741387153786,GCST90200663,cancerType_celltype,KICH_Epi_KICH,tissue,Tumor,Adjacent,group2_higher,0.0,1.667874919155295e-308
2794,1081,-0.18593439751356533,-0.6547079441963827,-0.21855849772691727,-0.6698326468467712,0.32622359684671404,0.2363298149409681,0.46877354668281734,0.451274149119854,,0.7395735424089647,-1.8160522382414155,49.480136423083785,49.480136423083785,0.0,2683601.0,37.56946924165333,6.78148234112233e-309,1.5428181629512798,0.777034440789931,GCST90200070,cancerType_celltype,KICH_Epi_KICH,tissue,Tumor,Adjacent,group1_higher,0.0,3.3129607279389745e-308
2794,1081,0.32684473653297325,-0.2719114945785913,0.3321527987718582,-0.2838090360164642,0.37791400206572195,0.3278059087460649,0.5987562311115646,0.6159618347883224,,0.5812727378918361,0.2654674325996086,48.80352160076537,48.80352160076537,0.0,2682762.0,37.54260747007007,1.8610598701663175e-308,1.6420737387977637,0.776478869415564,GCST90200667,cancerType_celltype,KICH_Epi_KICH,tissue,Tumor,Adjacent,group1_higher,0.0,9.059373582273896e-308
2794,1081,-0.8959310265128706,1.3375780419343413,-1.0541253685951233,1.1971502304077148,1.3575408161148643,1.3149685799323063,-2.233509068447212,-2.251275599002838,,-0.7247685854986394,0.578162961931597,-46.99079662164897,-46.99079662164897,0.0,337855.0,-37.53290649654238,2.679303430152523e-308,-1.6596084770874169,-0.776278228025298,GCST90199697,cancerType_celltype,KICH_Epi_KICH,tissue,Tumor,Adjacent,group2_higher,0.0,1.2996051869387506e-307
2794,1081,1.2872767191516699,-0.2207755399986892,1.2804733514785769,-0.2352489084005355,1.0558321339140337,0.6744051692511185,1.5080522591503591,1.5157222598791125,,0.7662903404378526,2.5436645535187723,52.672031018069255,52.672031018069255,0.0,2681117.5,37.48995647678202,1.3434367653976066e-307,1.5631475869353921,0.7753899097908363,GCST90200500,cancerType_celltype,KICH_Epi_KICH,tissue,Tumor,Adjacent,group1_higher,0.0,6.493277699421765e-307
2794,1081,1.817386979482821,-0.6337500120548464,1.7775850892066956,-0.7639660239219666,1.7361733995596997,1.10658162302665,2.4511369915376675,2.541551113128662,,0.7633025039918906,1.5198783906542888,52.12100420869952,52.12100420869952,0.0,2680619.0,37.47399629426205,2.4445847886813213e-307,1.5455398791496244,0.7750598116619662,GCST90200820,cancerType_celltype,KICH_Epi_KICH,tissue,Tumor,Adjacent,group1_higher,0.0,1.1773742286122405e-306
2794,1081,1.3365440638044543,-0.6198045492441364,1.3096104264259338,-0.7866678237915039,1.2677805227537153,1.0219532882606568,1.9563486130485908,2.0962782502174377,,0.8341824643392222,1.1086209043913475,49.8299178907982,49.8299178907982,0.0,2679639.0,37.44262020826491,7.924872663131914e-307,1.6244873343189266,0.774410872511931,GCST90199963,cancerType_celltype,KICH_Epi_KICH,tissue,Tumor,Adjacent,group1_higher,0.0,3.8033807886791544e-306
2794,1081,0.06976264621216621,-0.7564648384405825,0.0760422311723232,-0.7735637426376343,0.5564458858405699,0.37036508526049466,0.8262274846527488,0.8496059738099575,,0.8133073571222208,-3.4387275826714605,53.588763793691655,53.588763793691655,0.0,2679052.0,37.423826573080916,1.6022816078112373e-306,1.6155864590235163,0.7740221712047157,GCST90200792,cancerType_celltype,KICH_Epi_KICH,tissue,Tumor,Adjacent,group1_higher,0.0,7.662841513848127e-306
2794,1081,0.008772824852464106,-0.9838034852942188,-0.0401738341897726,-1.0084508657455444,0.7485347999363686,0.3832862595354802,0.9925763101466829,0.9682770315557718,,0.8853402371241084,-6.809021915452233,54.11414989446257,54.11414989446257,0.0,2678252.0,37.39821344165469,4.180058523879553e-306,1.4878890137269916,0.773492424959789,GCST90200556,cancerType_celltype,KICH_Epi_KICH,tissue,Tumor,Adjacent,group1_higher,0.0,1.992104814002738e-305
2794,1081,0.019346360751500584,-0.5416074476193398,-0.033512385562062194,-0.573474109172821,0.38815087894925376,0.29876912988466,0.5609538083708403,0.5399617236107589,,0.7126311291358725,-4.80704155992895,48.013644779621394,48.013644779621394,0.0,2677395.0,37.37077537461434,1.166760231700808e-305,1.5350459567013286,0.7729249342949112,GCST90199952,cancerType_celltype,KICH_Epi_KICH,tissue,Tumor,Adjacent,group1_higher,0.0,5.541094758913594e-305
2794,1081,-0.36436259380122415,0.9062774096797397,-0.4972744882106781,0.9508202075958252,0.7123502239742484,0.7728868941880062,-1.2706400034809637,-1.4480946958065033,,-0.7190953370712039,1.3145754995356795,-46.893381086131605,-46.893381086131605,6.067688e-316,344187.0,-37.33017856130376,5.32081203185988e-305,-1.7412319527543816,-0.772085286496702,GCST90200634,cancerType_celltype,KICH_Epi_KICH,tissue,Tumor,Adjacent,group2_higher,2.329650344e-315,2.5181481942447972e-304
2794,1081,0.0067872744858314925,-0.8166836119053591,-0.02122186496853825,-0.8635554909706116,0.5218824951991774,0.4567599037108537,0.8234708863911906,0.8423336260020733,,0.7537899580904617,-6.910590332408472,48.316101212428855,48.316101212428855,0.0,2675180.0,37.29985901697796,1.6507439809648745e-304,1.632029449486831,0.7714581993792697,GCST90200243,cancerType_celltype,KICH_Epi_KICH,tissue,Tumor,Adjacent,group1_higher,0.0,7.785342719913923e-304
2794,1081,0.14091522851200547,-0.34342342390646435,0.15102316439151758,-0.350251168012619,0.3530151021090728,0.20504205876260811,0.48433865241846985,0.5012743324041367,,0.6224708522755508,-1.2851548775074897,53.005379904855914,53.005379904855914,0.0,2675149.0,37.29886650813519,1.7130450445605462e-304,1.5195604437263919,0.7714376717122788,GCST90200140,cancerType_celltype,KICH_Epi_KICH,tissue,Tumor,Adjacent,group1_higher,0.0,8.051311709434567e-304
2794,1081,0.8972325642303646,-0.2196079465638369,0.870421439409256,-0.3900579214096069,0.6413647712752645,0.6740148494228833,1.1168405107942014,1.260479360818863,,0.8935318483316342,2.0305467616664234,46.883007125464665,46.883007125464665,1.922073e-318,2673930.0,37.25983849912447,7.346736504864446e-304,1.7165415524339205,0.7706304708715717,GCST90200967,cancerType_celltype,KICH_Epi_KICH,tissue,Tumor,Adjacent,group1_higher,7.442575e-318,3.4411002942028316e-303
2794,1081,-0.5006862647148781,1.1312059596558701,-0.5929488837718964,1.068087816238403,1.0419564587913173,0.927595757530757,-1.6318922243707483,-1.6610367000102995,,-0.6233297044051355,1.1758812361722977,-47.41521015124533,-47.41521015124533,0.0,347694.0,-37.21789699641402,3.506607952948782e-303,-1.6135500098663467,-0.7697630113955038,GCST90199912,cancerType_celltype,KICH_Epi_KICH,tissue,Tumor,Adjacent,group2_higher,0.0,1.6368173424209556e-302
2794,1081,0.0015196897789400358,0.6742195158502885,-0.01182328583672635,0.6598742008209229,0.4113957737589975,0.4019833259331733,-0.6726998260713485,-0.6716974866576492,,-0.5905099978831045,8.792350844557498,-46.414345718515065,-46.414345718515065,4.8063e-320,348031.0,-37.20710746480072,5.240642312900236e-303,-1.6455762203971107,-0.7695398557898285,GCST90200108,cancerType_celltype,KICH_Epi_KICH,tissue,Tumor,Adjacent,group2_higher,1.88244e-319,2.437882413816731e-302
2794,1081,0.7270234907691203,-0.5476182553027955,0.7098887860774994,-0.6007958650588989,0.9129775153364226,0.5573308666553682,1.2746417460719157,1.3106846511363983,,0.6701625258681245,0.40883078872381534,52.669764077069885,52.669764077069885,0.0,2671246.0,37.173906443189466,1.803109569166114e-302,1.5370382213084532,0.768853172219842,GCST90200955,cancerType_celltype,KICH_Epi_KICH,tissue,Tumor,Adjacent,group1_higher,0.0,8.359314091066032e-302
2794,1081,0.5249796652246508,-1.046380145034161,0.5946252048015594,-1.0989943742752075,1.0657718133530723,0.7434872432105012,1.5713598102588118,1.693619579076767,,0.8210869221675343,-0.9950722548191065,51.86563900024633,51.86563900024633,0.0,2671191.0,37.17214554040391,1.925177308534282e-302,1.592790791017086,0.7688167521655034,GCST90200138,cancerType_celltype,KICH_Epi_KICH,tissue,Tumor,Adjacent,group1_higher,0.0,8.894971767905852e-302
2794,1081,-0.36631827006987666,1.7884831074246177,-0.4402485489845276,1.7744261026382446,1.365151701763789,1.2136198471927548,-2.1548013774944943,-2.214674651622772,,-0.4750141157313588,2.2875637980005554,-47.831069046216335,-47.831069046216335,0.0,351822.0,-37.08573323825466,4.773848148418056e-301,-1.6267064579597859,-0.7670295207716813,GCST90200274,cancerType_celltype,KICH_Epi_KICH,tissue,Tumor,Adjacent,group2_higher,0.0,2.1982280494235845e-300
2794,1081,-0.07236746883716838,1.43567198760299,-0.1336218491196632,1.4843202829360962,0.733977728583553,0.9871829167028481,-1.5080394564401582,-1.6179421320557594,,-0.6935287625239637,4.310222116927077,-45.58690163887728,-45.58690163887728,2.2527063465739393e-289,351968.0,-37.08105884176938,5.678124638723575e-301,-1.8559173428719566,-0.7669328420819822,GCST90200650,cancerType_celltype,KICH_Epi_KICH,tissue,Tumor,Adjacent,group2_higher,7.77326265919058e-289,2.6058194890842535e-300
2794,1081,0.18508770621978402,-1.0452482094880535,0.10345483198761934,-1.0794878005981443,0.9435579694474285,0.5281296614280168,1.2303359157078375,1.1829426325857637,,0.8302477015947776,-2.49755817993791,51.234255942830785,51.234255942830785,0.0,2665607.0,36.99336588304882,1.46479663222408e-299,1.4501501604639953,0.7651191233759138,GCST90200026,cancerType_celltype,KICH_Epi_KICH,tissue,Tumor,Adjacent,group1_higher,0.0,6.699724193696044e-299
2794,1081,-0.17912649528343583,-1.2817753495844073,-0.2574131488800049,-1.3289434909820557,0.7992540322443265,0.5434260251160921,1.1026488543009716,1.0715303421020508,,0.7965407006344154,-2.83908584886016,49.22248975283253,49.22248975283253,0.0,2664761.0,36.966279996565575,3.991146972589038e-299,1.4963337109139059,0.7645589167219038,GCST90200417,cancerType_celltype,KICH_Epi_KICH,tissue,Tumor,Adjacent,group1_higher,0.0,1.819375693524702e-298
2794,1081,0.2646708618682174,-0.7150255795799766,0.24407827854156489,-0.7256075739860535,0.6654966420885456,0.5060820458994281,0.979696441448194,0.9696858525276184,,0.7312748385288603,-1.433792046627917,49.266380761271115,49.266380761271115,0.0,2662076.0,36.88031592421629,9.562928592456658e-298,1.567152871748804,0.7627809558873679,GCST90200333,cancerType_celltype,KICH_Epi_KICH,tissue,Tumor,Adjacent,group1_higher,0.0,4.344757223839475e-297
2794,1081,-0.22873218116779342,-0.6364984958179323,-0.25091175734996796,-0.6560440063476562,0.2898179131638468,0.22415556752245883,0.40776631465013885,0.4051322489976883,,0.7366182531157341,-1.4764937059269614,46.60773838885511,46.60773838885511,0.0,2661744.0,36.8696864746744,1.4156057815863367e-297,1.4931039312115215,0.7625611111957233,GCST90199939,cancerType_celltype,KICH_Epi_KICH,tissue,Tumor,Adjacent,group1_higher,0.0,6.410201595688296e-297
2794,1081,0.27336766358347236,-0.3445860201943705,0.2473698481917381,-0.3580802679061889,0.4732262903698092,0.28085472106762893,0.6179536837778429,0.605450116097927,,0.6119294792198355,-0.33402048415085156,49.938959854037755,49.938959854037755,0.0,2661222.0,36.85297390641879,2.6223149818162674e-297,1.442606428655835,0.7622154517709085,GCST90200095,cancerType_celltype,KICH_Epi_KICH,tissue,Tumor,Adjacent,group1_higher,0.0,1.1835150066938982e-296
2794,1081,-0.19979363282690452,2.001816206839933,-0.3042324483394623,2.110239028930664,1.3616995428657173,1.2428657218802823,-2.2016098396668373,-2.4144714772701263,,-0.6626537029677507,3.324720509495151,-48.12777292683725,-48.12777292683725,0.0,359779.0,-36.83097862980651,5.900297396891864e-297,-1.6558056296820738,-0.7617605321830776,GCST90199778,cancerType_celltype,KICH_Epi_KICH,tissue,Tumor,Adjacent,group2_higher,0.0,2.6541601821662083e-296
2794,1081,0.6023635608802846,-0.3984535717818702,0.5828307569026947,-0.4395918846130371,0.695641118000551,0.51617486387895,1.0008171326621549,1.0224226415157318,,0.6440200229906956,0.5962216435003731,48.85402999704437,48.85402999704437,0.0,2660333.0,36.82451131412139,7.488396259245111e-297,1.5383148650651346,0.7616267712562337,GCST90200152,cancerType_celltype,KICH_Epi_KICH,tissue,Tumor,Adjacent,group1_higher,0.0,3.357461875444436e-296
2794,1081,0.21347508757975403,-0.5058728535136227,0.18086443096399304,-0.5234296917915344,0.5317317093730184,0.3259527867458909,0.7193479410933767,0.7042941227555275,,0.7356101720738975,-1.2447031981370085,50.931947464020396,50.931947464020396,0.0,2658291.5,36.759149804363076,8.308773033184758e-296,1.488587497034104,0.760274925057461,GCST90199634,cancerType_celltype,KICH_Epi_KICH,tissue,Tumor,Adjacent,group1_higher,0.0,3.7130680800756805e-295
2794,1081,0.4427256503841221,-0.42152658305177204,0.4570962190628052,-0.4482909440994262,0.6288399164784252,0.3550997350314637,0.8642522334358942,0.9053871631622314,,0.9654210280896833,0.07078918219923226,53.787326926444635,53.787326926444635,0.0,2656044.0,36.68719291326251,1.1695072076818017e-294,1.5270042596782758,0.7587866692006195,GCST90200304,cancerType_celltype,KICH_Epi_KICH,tissue,Tumor,Adjacent,group1_higher,0.0,5.209275568857175e-294
2794,1081,0.48106221677232536,-0.42641348505418947,0.4796191304922104,-0.4530860781669616,0.6511748361708372,0.4453374817928585,0.9074757018265148,0.9327052086591721,,0.6658623845729527,0.17397004532507473,49.563768287188175,49.563768287188175,0.0,2655976.0,36.685015797091275,1.2668222543062466e-294,1.5101739095792497,0.7587416407698007,GCST90200868,cancerType_celltype,KICH_Epi_KICH,tissue,Tumor,Adjacent,group1_higher,0.0,5.624360692571382e-294
2794,1081,-0.6322891866645166,0.8207161915484368,-0.7037474811077118,0.9177067875862122,0.7834630501045136,0.9388713676738503,-1.4530053782129535,-1.621454268693924,,-0.7135213671676659,0.3762983451002516,-45.16186931878104,-45.16186931878104,6.013981377068009e-293,365115.0,-36.660139043193546,3.156561055439118e-294,-1.751176192487098,-0.7582271247294156,GCST90199786,cancerType_celltype,KICH_Epi_KICH,tissue,Tumor,Adjacent,group2_higher,2.123589797135672e-292,1.396880752780363e-293
2794,1081,-0.4890657101286882,0.097015824572928,-0.5385428071022034,0.0594630278646945,0.39213009571512664,0.3469609140922504,-0.5860815347016162,-0.5980058349668979,,-0.6784879581910317,-2.333724401398201,-45.43459504032368,-45.43459504032368,1.25307e-318,365167.0,-36.65847418965084,3.355366241939931e-294,-1.542016978745045,-0.7581926912234953,GCST90200198,cancerType_celltype,KICH_Epi_KICH,tissue,Tumor,Adjacent,group2_higher,4.879807e-318,1.4800531351987464e-293
2794,1081,-0.15482011404823745,-0.7459378918606158,-0.18704438209533691,-0.7743527889251709,0.41991096628418106,0.31506078898823964,0.5911177778123783,0.587308406829834,,0.7283938232312391,-2.268455212740521,47.489839601000995,47.489839601000995,0.0,2654681.0,36.64355454059506,5.79959118749737e-294,1.502234502320342,0.7578841140358255,GCST90200833,cancerType_celltype,KICH_Epi_KICH,tissue,Tumor,Adjacent,group1_higher,0.0,2.5499492866319087e-293
2794,1081,-0.5661406378510409,0.404876595849036,-0.6127811670303345,0.3856673836708069,0.6224339903929477,0.5699542533662838,-0.9710172337000769,-0.9984485507011414,,-0.6043410712812602,-0.48367722022059645,-46.335170540745445,-46.335170540745445,0.0,365988.0,-36.63218871352467,8.797931635797871e-294,-1.5963975805000286,-0.7576490391396391,GCST90200156,cancerType_celltype,KICH_Epi_KICH,tissue,Tumor,Adjacent,group2_higher,0.0,3.855813768357716e-293
2794,1081,-0.6570965763351216,-0.02001005198286263,-0.717872828245163,-0.0399898253381252,0.43558296517725625,0.348275593906265,-0.637086524352259,-0.6778830029070377,,-0.6694464161765646,-5.037238703877821,-47.470563927766555,-47.470563927766555,0.0,368387.0,-36.55538133566026,1.4653788023569716e-292,-1.542222031919219,-0.7560604625876648,GCST90200146,cancerType_celltype,KICH_Epi_KICH,tissue,Tumor,Adjacent,group2_higher,0.0,6.401638806450489e-292
2794,1081,0.7260732163596604,-0.2170079900827421,0.71051225066185,-0.237624853849411,0.7125098632837229,0.41274739153021317,0.9430812064424025,0.948137104511261,,0.677471544005441,1.7423622114138748,51.19883959721514,51.19883959721514,0.0,2651128.0,36.52980022064831,3.734494905433125e-292,1.4664033924905477,0.755531378525544,GCST90200120,cancerType_celltype,KICH_Epi_KICH,tissue,Tumor,Adjacent,group1_higher,0.0,1.6262353214394085e-291
2794,1081,-0.16537844334230553,-0.8281790425225137,-0.21186970174312586,-0.8498699069023132,0.4830832060309604,0.353636901253683,0.6628005991802082,0.6380002051591873,,0.7486623681381006,-2.3241645183487094,46.959505341573774,46.959505341573774,0.0,2650535.0,36.51081448697862,7.474492268911841e-292,1.4704717060449557,0.7551387041214921,GCST90200801,cancerType_celltype,KICH_Epi_KICH,tissue,Tumor,Adjacent,group1_higher,0.0,3.244500943479885e-291
2794,1081,0.3008390520001179,-0.5524939568501558,0.28036288917064667,-0.5725004076957703,0.6149568797078909,0.43133946683026514,0.8533330088502737,0.8528632968664169,,0.8290248432993857,-0.8769646443317289,48.665519150507926,48.665519150507926,0.0,2649332.0,36.47229874059642,3.050983246233045e-291,1.497769170947175,0.7543420982056832,GCST90200719,cancerType_celltype,KICH_Epi_KICH,tissue,Tumor,Adjacent,group1_higher,0.0,1.3201556078144893e-290
2794,1081,0.7576426414329498,-0.8567346787418538,0.7044690847396851,-0.8713376522064209,1.2017425324827846,0.7732913784705848,1.6143773201748037,1.575806736946106,,0.6266268695425709,-0.17733073610555602,49.35155741297037,49.35155741297037,0.0,2646426.0,36.379259040690634,9.065457053462066e-290,1.4686978544744163,0.7524177949709865,GCST90199878,cancerType_celltype,KICH_Epi_KICH,tissue,Tumor,Adjacent,group1_higher,0.0,3.910195558186328e-289
2794,1081,0.08474437383142865,1.0627080238052622,0.04906668514013285,1.0312645435333252,0.6223901267020983,0.5886403108909782,-0.9779636499738336,-0.9821978583931923,,-0.5434213420890166,3.6484682069739,-45.63861137519968,-45.63861137519968,3.679304226e-315,374451.0,-36.36123379944943,1.747110367239358e-289,-1.5949419267457305,-0.7520449860511191,GCST90199942,cancerType_celltype,KICH_Epi_KICH,tissue,Tumor,Adjacent,group2_higher,1.408677433e-314,7.5120234402121285e-289
2794,1081,-0.19632930041099375,-1.0668174446574228,-0.26153041422367096,-1.0996325016021729,0.6354614875655767,0.4709162823939892,0.8704881442464291,0.8381020873785019,,0.7794825245723757,-2.4419599217784542,46.551273385125576,46.551273385125576,0.0,2645164.0,36.33885432586576,3.943514909464195e-289,1.4650318482460696,0.7515821202696145,GCST90200097,cancerType_celltype,KICH_Epi_KICH,tissue,Tumor,Adjacent,group1_higher,0.0,1.690254975345817e-288
2794,1081,1.3389060385925222,0.018251552964602902,1.2839306592941284,-0.0620317459106445,0.8816350093245512,0.7821790344642466,1.3206544856279194,1.345962405204773,,0.7336187505096534,6.1968137201390014,45.45456318959245,45.45456318959245,1.31194e-318,2642985.0,36.26909055914356,4.973415574115162e-288,1.544507195499632,0.7501392239349949,GCST90199946,cancerType_celltype,KICH_Epi_KICH,tissue,Tumor,Adjacent,group1_higher,5.094523e-318,2.125004836212842e-287
2794,1081,-0.13303987347048968,-0.5936235628512091,-0.1523663774132728,-0.5941023826599121,0.33851805968760507,0.23880661026854375,0.4605836893807194,0.4417360052466393,,0.5042687322287431,-2.1576812429928247,47.56383206769789,47.56383206769789,0.0,2641859.0,36.23304007666114,1.839295332931217e-287,1.4672287066412395,0.7493936060952604,GCST90200331,cancerType_celltype,KICH_Epi_KICH,tissue,Tumor,Adjacent,group1_higher,0.0,7.834248558703903e-287
2794,1081,0.9995543629219256,-0.49340981945105133,0.9751978814601898,-0.530780017375946,1.0668666334297785,0.7596257690992034,1.492964182372977,1.5059778988361359,,0.6817018136547859,1.0184971253033765,48.66488406646446,48.66488406646446,0.0,2641782.0,36.23057481276136,2.0112801153778263e-287,1.5068004123051395,0.749342618019186,GCST90200879,cancerType_celltype,KICH_Epi_KICH,tissue,Tumor,Adjacent,group1_higher,0.0,8.540108402679057e-287
2794,1081,-0.2576712834426999,-0.95136447054757,-0.2915004938840866,-0.9511662721633912,0.5091018054238995,0.3491643128394977,0.6936931871048702,0.6596657782793046,,0.7494314658582639,-1.8844623023383855,48.38533293066678,48.38533293066678,0.0,2641521.0,36.222218528633555,2.7229603180070987e-287,1.4759205271063978,0.7491697883067787,GCST90199745,cancerType_celltype,KICH_Epi_KICH,tissue,Tumor,Adjacent,group1_higher,0.0,1.1526071159762968e-286
2794,1081,-0.03829335567399172,-0.41639868126762986,-0.04010346904397005,-0.4224610924720764,0.2616028580082563,0.20975515318188054,0.37810532559363813,0.38235762342810636,,0.5346076874568152,-3.4427652947748704,46.82821248463417,46.82821248463417,0.0,2641120.0,36.20937994650616,4.3363497026763154e-287,1.523167699084302,0.7489042530015091,GCST90200426,cancerType_celltype,KICH_Epi_KICH,tissue,Tumor,Adjacent,group1_higher,0.0,1.8298590231417393e-286
2794,1081,-0.03132666508569156,-0.6265240160670393,-0.07644335925579065,-0.6469061374664307,0.45140622266462,0.335514803486745,0.5951973509813477,0.57046277821064,,0.6861044157570663,-4.321862963184446,44.72947881097965,44.72947881097965,0.0,2636161.0,36.050610548077806,1.3498593431233962e-284,1.4094200221261937,0.7456204884657689,GCST90200218,cancerType_celltype,KICH_Epi_KICH,tissue,Tumor,Adjacent,group1_higher,0.0,5.678574952707373e-284
2794,1081,0.4709645065354409,-0.735841594579148,0.43180547654628754,-0.7834361791610718,0.8937261798471261,0.611630296801697,1.206806101114589,1.2152416557073593,,0.6427470558083639,-0.6437757889055882,48.0064517447192,48.0064517447192,0.0,2635917.0,36.042798542992806,1.7892807038561623e-284,1.4631124413585033,0.745458915861066,GCST90200552,cancerType_celltype,KICH_Epi_KICH,tissue,Tumor,Adjacent,group1_higher,0.0,7.503967998018305e-284
2794,1081,-0.3296927482405719,0.5090094165037774,-0.3588598221540451,0.4729733169078827,0.5264051350906843,0.5306677812159192,-0.8387021647443493,-0.8318331390619278,,-0.57532960868054,0.6265686498212799,-44.2228453822442,-44.2228453822442,2.0197452379209644e-296,385610.0,-36.00396263246778,7.256446273150737e-284,-1.5896636333557503,-0.7446556881171957,GCST90200758,cancerType_celltype,KICH_Epi_KICH,tissue,Tumor,Adjacent,group2_higher,7.263622056164313e-296,3.0339068313817344e-283
2794,1081,-0.37079164736077486,1.3291492523717248,-0.4319083243608475,1.2703453302383425,0.8573780668445404,1.221942687337175,-1.6999408997324996,-1.70225365459919,,-0.7639119955277671,1.8418196603405834,-41.9213580600706,-41.9213580600706,2.4002341083481364e-255,385992.0,-35.991732362211756,1.1273927032092361e-283,-1.7473416188172672,-0.7444027342852432,GCST90200771,cancerType_celltype,KICH_Epi_KICH,tissue,Tumor,Adjacent,group2_higher,7.335244595691726e-255,4.699193438758988e-283
2794,1081,0.21053461062042084,-0.42604672470136273,0.18382985889911646,-0.4552184343338012,0.47657480232477484,0.3565318124418469,0.6365813353217835,0.6390482932329177,,0.7339265193107647,-1.0169507705888439,45.13968052153191,45.13968052153191,0.0,2633931.0,35.97921394422718,1.7695688997817615e-283,1.4261665043028167,0.7441438208080351,GCST90200293,cancerType_celltype,KICH_Epi_KICH,tissue,Tumor,Adjacent,group1_higher,0.0,7.353421982934577e-283
2794,1081,-0.05569539779880362,0.7878227055520354,-0.10841710865497585,0.7767987847328186,0.5809137077821717,0.49940223479503254,-0.843518103350839,-0.8852158933877945,,-0.5136522386285123,3.8222168997394323,-44.99193829659086,-44.99193829659086,1.8651815e-316,387604.0,-35.9401219023879,7.225074954673117e-283,-1.5079532408619982,-0.7433352956017156,GCST90200112,cancerType_celltype,KICH_Epi_KICH,tissue,Tumor,Adjacent,group2_higher,7.1814757e-316,2.9932453383645773e-282
2794,1081,-0.03805473425612985,-0.547303800888973,-0.052144937217235496,-0.5569806694984436,0.3817984569297239,0.26321510021582945,0.5092490666328432,0.5048357322812081,,0.7433156738003819,-3.8461587505449555,47.22900488654022,47.22900488654022,0.0,2631585.0,35.904103436319765,2.6375025608005262e-282,1.4436045629641931,0.7425903399447873,GCST90199643,cancerType_celltype,KICH_Epi_KICH,tissue,Tumor,Adjacent,group1_higher,0.0,1.0893684819306416e-281
2794,1081,0.20187727151122015,-0.4368393984444484,0.16633767634630198,-0.4318137466907501,0.4988982168896295,0.31342000363059774,0.6387166699556686,0.5981514230370522,,0.6530827720526553,-1.1136206416330565,47.61307463391313,47.61307463391313,0.0,2631076.0,35.88780708144982,4.7363117500269774e-282,1.40424676351539,0.7422532888964526,GCST90201014,cancerType_celltype,KICH_Epi_KICH,tissue,Tumor,Adjacent,group1_higher,0.0,1.950330185887242e-281
2794,1081,-0.3853072030712689,0.9511535270734306,-0.4743701368570328,0.9321727752685548,0.9571940857211844,0.7332140210093944,-1.3364607301446996,-1.4065429121255875,,-0.543621559843466,1.3036668433928813,-46.522705442176054,-46.522705442176054,0.0,390048.0,-35.86187378588076,1.2017127335997527e-281,-1.4843685966431963,-0.7417169208234641,GCST90199623,cancerType_celltype,KICH_Epi_KICH,tissue,Tumor,Adjacent,group2_higher,0.0,4.9335375177604306e-281
2794,1081,-0.08776559434179518,1.405372115701655,-0.1004284620285034,1.3407080173492432,1.0257008373360372,0.864855937143641,-1.4931377100434502,-1.4411364793777466,,-0.5141725449272837,4.001137468774789,-45.679160262526636,-45.679160262526636,0.0,390693.0,-35.84122319866837,2.5210566661159944e-281,-1.5181922308052231,-0.7412898129134917,GCST90200132,cancerType_celltype,KICH_Epi_KICH,tissue,Tumor,Adjacent,group2_higher,0.0,1.0318919627375678e-280
2794,1081,0.12718477998534455,-0.3263784326167319,0.12637953460216517,-0.3410200774669647,0.3244718346916812,0.24742869284614427,0.45356321260207644,0.4673996120691299,,0.6342428023798528,-1.3596127671444125,46.70326525658699,46.70326525658699,0.0,2629105.0,35.824702728898444,4.55905592694358e-281,1.4873291551733028,0.740948126585514,GCST90200766,cancerType_celltype,KICH_Epi_KICH,tissue,Tumor,Adjacent,group1_higher,0.0,1.8604770144982333e-280
2794,1081,0.07399628783834458,-0.6282534935614171,0.06903763487935065,-0.6592568755149841,0.5060694200137704,0.3700512076590644,0.7022497813997617,0.7282945103943348,,0.6749479090115591,-3.085804786042916,47.5253105682687,47.5253105682687,0.0,2626632.0,35.74552613637711,7.768536144073195e-280,1.4875111246199058,0.7393105485058837,GCST90199622,cancerType_celltype,KICH_Epi_KICH,tissue,Tumor,Adjacent,group1_higher,0.0,3.1607506759318704e-279
2794,1081,-0.6310354369350133,0.12594550439115884,-0.6722935140132904,0.1148462891578674,0.4849488538937195,0.4877851602803148,-0.7569809413261721,-0.7871398031711578,,-0.6033426957353712,-2.324912229818188,-43.39604161112108,-43.39604161112108,1.2040151858662364e-288,394268.0,-35.72676451760739,1.5196628104340096e-279,-1.558403070706638,-0.7389225093814749,GCST90200372,cancerType_celltype,KICH_Epi_KICH,tissue,Tumor,Adjacent,group2_higher,4.123298237024322e-288,6.164584555421295e-279
2794,1081,-1.1212340403070211,-0.08827323415356622,-1.2058817744255066,-0.0953296720981597,0.8162274724096479,0.5465023488658216,-1.032960806153455,-1.1105521023273468,,-0.6068287945438227,-3.666952526827877,-45.529408870515454,-45.529408870515454,0.0,394825.5,-35.70891536664474,2.876344413491347e-279,-1.3757762871205395,-0.7385533424670415,GCST90200400,cancerType_celltype,KICH_Epi_KICH,tissue,Tumor,Adjacent,group2_higher,0.0,1.1633404853378949e-278
2794,1081,-0.008709495000548148,-0.6585495462651351,-0.03005465213209385,-0.7309936881065369,0.4265673146071144,0.4091962160586302,0.6498400512645869,0.700939035974443,,0.7171298892159148,-6.240395660134226,43.81019644313845,43.81019644313845,4.6292796395191305e-296,2625191.0,35.69939048339561,4.042504170398802e-279,1.5406528090529124,0.7383563430822093,GCST90199911,cancerType_celltype,KICH_Epi_KICH,tissue,Tumor,Adjacent,group1_higher,1.6604495128064673e-295,1.630157746820582e-278
2794,1081,0.5643047746142147,-0.35383625598721813,0.5399746596813202,-0.3751012682914734,0.6823205984148875,0.49881634138922204,0.9181410306014328,0.9150759279727936,,0.6285547305092307,0.6733911536706353,46.09163411441075,46.09163411441075,0.0,2625082.0,35.69590069423879,4.57926796141452e-279,1.4425028160736078,0.7382841651563381,GCST90200565,cancerType_celltype,KICH_Epi_KICH,tissue,Tumor,Adjacent,group1_higher,0.0,1.8411629001203513e-278
2794,1081,-0.40505173734752614,1.0234452245371877,-0.5120069682598114,1.0575799942016602,1.0229372685745082,0.7738961957038235,-1.4284969618847139,-1.5695869624614716,,-0.6264070975393352,1.3372536376979198,-46.87868694163086,-46.87868694163086,0.0,398297.0,-35.59777038446204,1.5176315723602683e-277,-1.488003332496079,-0.7362545748554621,GCST90200892,cancerType_celltype,KICH_Epi_KICH,tissue,Tumor,Adjacent,group2_higher,0.0,6.083917156256017e-277
2794,1081,0.08352268894353959,-0.3171653776861655,0.08618353679776189,-0.3175818920135498,0.29349202952976394,0.21627116689539166,0.4006880666297051,0.4037654288113117,,0.6251426374359834,-1.9249825041691622,46.54824411105599,46.54824411105599,0.0,2621234.0,35.57270153207861,3.705932577854356e-277,1.4615411897294923,0.7357360857182398,GCST90200570,cancerType_celltype,KICH_Epi_KICH,tissue,Tumor,Adjacent,group1_higher,0.0,1.4812862473945711e-276
2794,1081,0.34288316938620383,-0.5286096535919442,0.3487843126058578,-0.5531045794487,0.6419711027210906,0.45510126888854285,0.871492822978148,0.9018888920545578,,0.665885665008015,-0.6244842032276217,47.325873208062355,47.325873208062355,0.0,2621064.0,35.567258741650534,4.4982461251015963e-277,1.4627651328864133,0.7356235146411929,GCST90199906,cancerType_celltype,KICH_Epi_KICH,tissue,Tumor,Adjacent,group1_higher,0.0,1.7927220668168058e-276
2794,1081,0.6274916196687323,-0.6898683506879563,0.5736417770385742,-0.7634702920913696,0.9265868054979477,0.7634875313700961,1.3173599703566885,1.3371120691299438,,0.6763990318810034,-0.1367246755655034,45.27776695592161,45.27776695592161,6e-323,2620664.0,35.55445217593742,7.095489935654433e-277,1.4899963373490883,0.7353586415187294,GCST90199715,cancerType_celltype,KICH_Epi_KICH,tissue,Tumor,Adjacent,group1_higher,2.3e-322,2.8195780706405222e-276
2794,1081,-0.316577486268739,-0.9835371635018553,-0.3612716495990753,-1.005625605583191,0.5100006604059995,0.33650591946229497,0.6669596772331163,0.6443539559841156,,0.7076655042393698,-1.6354178158683834,47.41744905776204,47.41744905776204,0.0,2618151.0,35.473994926844775,1.2385316638484137e-275,1.4247275350455344,0.733694576126853,GCST90200276,cancerType_celltype,KICH_Epi_KICH,tissue,Tumor,Adjacent,group1_higher,0.0,4.907321679724965e-275
2794,1081,-0.7863817531678099,0.013436378769199196,-0.8352717757225037,0.0101425545290112,0.5387284560228439,0.50175963025921,-0.7998181319370091,-0.8454143302515149,,-0.5564363904013259,-5.870908037036718,-43.583514722660304,-43.583514722660304,5.457469936280085e-296,403133.0,-35.442939004990464,3.728462200889231e-275,-1.5128599628601873,-0.7330522588048792,GCST90200044,cancerType_celltype,KICH_Epi_KICH,tissue,Tumor,Adjacent,group2_higher,1.9523704785169964e-295,1.4730127477716004e-274
2794,1081,1.1588626922096286,0.12752058216381196,1.186665952205658,0.1010024324059486,0.7733007843171176,0.5135884754415366,1.0313421100458167,1.0856635197997093,,0.6315884535733517,3.1838975445183038,48.18953745750937,48.18953745750937,0.0,2615804.0,35.39885240252307,1.779334874860679e-274,1.4515936687587445,0.7321404330807988,GCST90200225,cancerType_celltype,KICH_Epi_KICH,tissue,Tumor,Adjacent,group1_higher,0.0,7.009345186228629e-274
2794,1081,0.9823857779265798,-0.6404238425564979,0.8931343853473663,-0.5440825819969177,1.204079418947768,0.9544262300545904,1.6228096204830775,1.437216967344284,,0.6049037654764425,0.6172618712611422,43.97917556381968,43.97917556381968,3.351893583803e-312,2611148.0,35.2497839776224,3.459142963217164e-272,1.423550496264287,0.7290573099353246,GCST90199960,cancerType_celltype,KICH_Epi_KICH,tissue,Tumor,Adjacent,group1_higher,1.2585760205847e-311,1.3587354060129666e-271
2794,1081,-0.28957343825370185,-0.66826123099302,-0.2994826883077621,-0.6701380014419556,0.3003361925146941,0.20024441562745485,0.3786877927393182,0.3706553131341935,,0.4634038873719857,-1.206480081587367,45.464490304634865,45.464490304634865,0.0,2611096.0,35.24811912407969,3.668388008013773e-272,1.3715698412314883,0.7290228764294044,GCST90199831,cancerType_celltype,KICH_Epi_KICH,tissue,Tumor,Adjacent,group1_higher,0.0,1.4367853031387277e-271
2794,1081,0.5695542169437298,-1.3150064028092212,0.5880069136619568,-1.5370293855667114,1.2317530528500842,1.2584647305453565,1.884560619752951,2.125036299228668,,0.7296419922641786,-1.207163301688058,42.0550892819172,42.0550892819172,8.887249812584789e-275,2610375.0,35.2250352893818,8.279655357472997e-272,1.5207149745375554,0.7285454426261639,GCST90200137,cancerType_celltype,KICH_Epi_KICH,tissue,Tumor,Adjacent,group1_higher,2.9048732600846686e-274,3.2335731381764167e-271
2794,1081,1.800760242814328,0.38775655377186574,1.8765934705734253,0.33614581823349,1.0873909727236684,0.6654149550162015,1.4130036890424622,1.5404476523399353,,0.7038381130670746,2.215380120298162,48.96358667648389,48.96358667648389,0.0,2610075.0,35.215430365096964,1.1615740668813459e-271,1.4301486281989257,0.7283467877843164,GCST90200073,cancerType_celltype,KICH_Epi_KICH,tissue,Tumor,Adjacent,group1_higher,0.0,4.5235012947407847e-271
2794,1081,0.12399386973457976,-0.26503081481896146,0.11241404712200159,-0.2564322054386139,0.26693273526578526,0.2429061761596056,0.3890246845535412,0.3688462525606155,,0.6559168571133551,-1.0958851227615782,43.47134976142954,43.47134976142954,1.422496665543959e-296,2609782.0,35.206049555712106,1.6166353683048613e-271,1.4936303876279877,0.7281527682221121,GCST90199999,cancerType_celltype,KICH_Epi_KICH,tissue,Tumor,Adjacent,group1_higher,5.129267077080466e-296,6.277703723645373e-271
2794,1081,-1.371529452901348,-0.03847743523608468,-1.4747415781021118,-0.1501635164022445,0.8671777622896977,0.9441708070090439,-1.3330520176652634,-1.3245780616998672,,-0.6683078832760899,-5.155592713658057,-40.30663241164969,-40.30663241164969,1.3356744444682334e-254,415874.0,-35.03501787061345,6.597958314082152e-269,-1.4989598630864225,-0.7246153876716129,GCST90199764,cancerType_celltype,KICH_Epi_KICH,tissue,Tumor,Adjacent,group2_higher,4.0727612255261795e-254,2.5548344267312426e-268
2794,1081,-0.6245127236564953,0.45529467470729795,-0.69182288646698,0.3903891742229461,0.7373201526383524,0.709694532148226,-1.0798073983637932,-1.0822120606899261,,-0.5751788314204163,-0.45592952145914944,-42.0155102654544,-42.0155102654544,2.9749879171378366e-278,417924.0,-34.96938422133373,6.575616780522825e-268,-1.4797521179961848,-0.7232579129189879,GCST90199700,cancerType_celltype,KICH_Epi_KICH,tissue,Tumor,Adjacent,group2_higher,9.818180462612279e-278,2.538970445284026e-267
2794,1081,0.11662684736859245,-0.7420283160464249,0.06621593981981275,-0.7888585925102234,0.6932052441972977,0.41050969396819437,0.8586551634150174,0.8550745323300362,,0.8217573441180791,-2.6695638822091032,47.42006987805573,47.42006987805573,0.0,2602015.0,34.957378065977686,1.0009021207602798e-267,1.3687734185909946,0.7230095943666783,GCST90200912,cancerType_celltype,KICH_Epi_KICH,tissue,Tumor,Adjacent,group1_higher,0.0,3.8537559056391567e-267
2794,1081,0.9830212075783339,-0.5720646575450377,0.8934014737606049,-0.6111058592796326,1.2636927819483261,0.7663612142665804,1.5550858651233717,1.5045073330402374,,0.6680862664611427,0.7810432704645639,46.574172425563184,46.574172425563184,0.0,2601814.0,34.950942766706845,1.2536081344037544e-267,1.3559002883142506,0.7228764956226406,GCST90200363,cancerType_celltype,KICH_Epi_KICH,tissue,Tumor,Adjacent,group1_higher,0.0,4.813148978006527e-267
2794,1081,-0.10550987560133021,-0.8292442645307262,-0.1330603584647178,-0.8501353859901428,0.5923119361928818,0.3370214627887861,0.723734388929396,0.717075027525425,,0.6415411232636612,-2.9744071550993305,47.65544641770758,47.65544641770758,0.0,2601676.0,34.94652450153582,1.4631107473081017e-267,1.3564513488771,0.7227851143953907,GCST90200799,cancerType_celltype,KICH_Epi_KICH,tissue,Tumor,Adjacent,group1_higher,0.0,5.601741428598154e-267
2794,1081,-0.32515743880217646,0.8765526895461282,-0.36347445845603943,0.8710330128669739,0.8119046514735445,0.7659639169742887,-1.2017101283483047,-1.2345074713230133,,-0.5259017948968095,1.4306995934295736,-43.064879874832755,-43.064879874832755,6.292466736399758e-290,418725.0,-34.94373907349322,1.6128156492901898e-267,-1.5033414024610734,-0.7227275044912549,GCST90200197,cancerType_celltype,KICH_Epi_KICH,tissue,Tumor,Adjacent,group2_higher,2.1823491505630714e-289,6.15761268902669e-267
2794,1081,-0.07074002868741514,-0.46606889017792996,-0.0843768641352653,-0.4717754125595093,0.30893850434343934,0.21299574018242265,0.3953288614905148,0.387398548424244,,0.467871337859474,-2.7199272091117566,45.30925699677996,45.30925699677996,0.0,2600920.5,34.922336100545174,3.4084704452895133e-267,1.384953529355215,0.7222848352853379,GCST90199945,cancerType_celltype,KICH_Epi_KICH,tissue,Tumor,Adjacent,group1_higher,0.0,1.2976941946730744e-266
2794,1081,0.012494006154888285,0.7849272377439559,-0.01902871951460835,0.7583703398704529,0.48163199422338476,0.5375301762253889,-0.7724332315890676,-0.7773990593850613,,-0.6080297575274056,5.9731372440950095,-41.269875935766514,-41.269875935766514,4.09234447515328e-262,421332.0,-34.86027228145799,2.977074406248815e-266,-1.5515354060045405,-0.7210011939155996,GCST90200201,cancerType_celltype,KICH_Epi_KICH,tissue,Tumor,Adjacent,group2_higher,1.2822679355480277e-261,1.1302931520103439e-265
2794,1081,0.11949835488148959,-0.3393997856268593,0.12061428278684616,-0.3530133068561554,0.34753840366296906,0.25592857813527015,0.4588981405083489,0.47362758964300156,,0.6132807426332456,-1.505987074535211,45.03745641690902,45.03745641690902,0.0,2598735.0,34.85236422713014,3.922829133399429e-266,1.4137223341370055,0.7208376347624783,GCST90200637,cancerType_celltype,KICH_Epi_KICH,tissue,Tumor,Adjacent,group1_higher,0.0,1.485226696895395e-265
2794,1081,1.356538771363522,-0.5268947059597913,1.2926321625709534,-0.6383361220359802,1.4442876091915193,1.038939765128169,1.8834334773233132,1.9309682846069336,,0.810149822929719,1.3643420181796473,45.08578459401691,45.08578459401691,0.0,2595963.0,34.76361472673825,8.63620950479093e-265,1.4017736933251583,0.7190020640238068,GCST90200733,cancerType_celltype,KICH_Epi_KICH,tissue,Tumor,Adjacent,group1_higher,0.0,3.2607073559639997e-264
2794,1081,0.23742113394672779,-0.5454569513690688,0.1818205863237381,-0.5580877661705017,0.5997411345352698,0.4553812981854972,0.7828780853157966,0.7399083524942398,,0.5831846510030414,-1.2000135472607742,43.72529137284957,43.72529137284957,1.13701773882e-312,2594932.0,34.73060580361269,2.7217940808148927e-264,1.3900074933328315,0.7183193535506573,GCST90200093,cancerType_celltype,KICH_Epi_KICH,tissue,Tumor,Adjacent,group1_higher,4.304875494484e-312,1.0248081028040604e-263
2794,1081,-0.29593281158660556,0.4859312522890835,-0.3163181990385055,0.4907352030277252,0.5012067891361862,0.532658427547873,-0.7818640638756891,-0.8070534020662308,,-0.48129603712931357,0.7154806507123481,-41.65130200003313,-41.65130200003313,1.6150450917639266e-268,428962.0,-34.615987040480306,1.452999130987046e-262,-1.5325493721643446,-0.7159487391046097,GCST90200874,cancerType_celltype,KICH_Epi_KICH,tissue,Tumor,Adjacent,group2_higher,5.17954461193937e-268,5.455751557948605e-262
2794,1081,0.5501643167343762,-0.2128823893041073,0.5274092853069305,-0.2291440963745117,0.6067814111375185,0.39738286292025876,0.7630467060384835,0.7565533816814423,,0.7220429582207453,1.3698018080922871,45.776261919722245,45.776261919722245,0.0,2590585.0,34.591430450725404,3.401059310449383e-262,1.3714703755284525,0.715440844892286,GCST90200867,cancerType_celltype,KICH_Epi_KICH,tissue,Tumor,Adjacent,group1_higher,0.0,1.2735285275116783e-261
2794,1081,1.6683896246111456,0.21610557609252806,1.7541970014572144,0.1886626780033111,1.0869603775359755,0.8124159526928918,1.4522840485186175,1.5655343234539032,,0.6386608469367061,2.9486422312681886,45.17637629399239,45.17637629399239,0.0,2590416.0,34.586019676711615,4.101672447250387e-262,1.426779344388298,0.7153289359980453,GCST90199749,cancerType_celltype,KICH_Epi_KICH,tissue,Tumor,Adjacent,group1_higher,0.0,1.5316656289321308e-261
2794,1081,0.042887843907956996,-0.3964968701345531,0.05661424994468685,-0.401202380657196,0.36182703933647087,0.19156726001088442,0.4393847140425101,0.4578166306018828,,0.6008618896696082,-3.208638783249849,48.879294289127365,48.879294289127365,0.0,2588464.0,34.523523636031605,3.56138929029824e-261,1.3582687350431426,0.7140363551604236,GCST90200171,cancerType_celltype,KICH_Epi_KICH,tissue,Tumor,Adjacent,group1_higher,0.0,1.3262769406219947e-260
2794,1081,0.7736678990636604,2.4800578868511987,0.8420274555683136,2.515038251876831,1.2176239493472891,1.0872467055901438,-1.7063899877875381,-1.6730107963085175,,-0.5138742529659076,1.680586191745712,-42.34114727397891,-42.34114727397891,1.5599983746881825e-286,431858.0,-34.523267504717346,3.5930471977395583e-261,-1.4427751266657631,-0.7140310576979745,GCST90200203,cancerType_celltype,KICH_Epi_KICH,tissue,Tumor,Adjacent,group2_higher,5.276123535235714e-286,1.3344205260269804e-260
2794,1081,0.0705379432226561,-0.5892477029599387,0.0467009264975786,-0.6330251693725586,0.4576513209877459,0.4252988783705338,0.6597856461825947,0.6797260958701372,,0.6194964904874831,-3.062384810512883,42.38740648651604,42.38740648651604,2.893822181916419e-284,2587542.0,34.49400450206288,9.87170965235039e-261,1.469900198962639,0.7134258226131456,GCST90200017,cancerType_celltype,KICH_Epi_KICH,tissue,Tumor,Adjacent,group1_higher,9.69110475172501e-284,3.656288113085212e-260
2794,1081,-0.5079702334002044,1.1792617309634994,-0.5663697719573975,1.0249156951904297,1.1385023556084521,1.1528054881414214,-1.6872319643637037,-1.5912854671478271,,-0.5176755867603705,1.2150664717837247,-41.002277348903824,-41.002277348903824,2.7455313608665606e-265,433638.0,-34.46627828729398,2.5699696739627767e-260,-1.476778039183073,-0.7128523723030122,GCST90199885,cancerType_celltype,KICH_Epi_KICH,tissue,Tumor,Adjacent,group2_higher,8.702695918281679e-265,9.492869012496652e-260
2794,1081,1.2615670323719674,-0.26059948240010533,1.238028645515442,-0.3875831961631775,1.1556775681831442,0.8720275892690236,1.5221665147720729,1.6256118416786194,,0.7392154695083023,2.275306348782356,44.284340326946015,44.284340326946015,3.0626e-319,2586191.0,34.45075032636683,4.390372985816336e-260,1.404123264124588,0.7125312136420252,GCST90200254,cancerType_celltype,KICH_Epi_KICH,tissue,Tumor,Adjacent,group1_higher,1.19609e-318,1.617318480991261e-259
2794,1081,-0.22775703032538167,-0.9111056421430235,-0.2809991389513016,-0.9596036076545716,0.5022262595214779,0.4351740602026108,0.6833486118176418,0.6786044687032701,,0.6824142033461761,-2.0001180051165006,41.941196348995575,41.941196348995575,1.6531465973761578e-284,2585617.0,34.43237290456851,8.272143656333951e-260,1.4105293427290373,0.7121511207112903,GCST90200182,cancerType_celltype,KICH_Epi_KICH,tissue,Tumor,Adjacent,group1_higher,5.549849291191387e-284,3.039065176167972e-259
2794,1081,-0.000326289257993427,-0.5256784275483433,-0.03155345097184175,-0.5460959076881409,0.41759095825335807,0.2813739419411537,0.5253521382903499,0.5145424567162992,,0.6548882694515279,-10.649401308577435,45.10631349975987,45.10631349975987,0.0,2585446.0,34.42689809772615,9.98963392509324e-260,1.3663621844776395,0.7120378874514373,GCST90200543,cancerType_celltype,KICH_Epi_KICH,tissue,Tumor,Adjacent,group1_higher,0.0,3.660180387070453e-259
2794,1081,0.41797332848044233,-0.8515526772309594,0.38185934722423553,-0.8702222108840942,1.0249151766921083,0.6450293966201311,1.2695260057114017,1.2520815581083298,,0.5874155171659527,-1.0266831359827264,46.02470218280201,46.02470218280201,0.0,2582089.0,34.319418994978825,4.0305137373649138e-258,1.3583065524850386,0.7098149397711628,GCST90200078,cancerType_celltype,KICH_Epi_KICH,tissue,Tumor,Adjacent,group1_higher,0.0,1.4728123925009056e-257
2794,1081,-0.6990537147596887,0.5056705258938363,-0.7422973215579987,0.4690271914005279,0.8146281638351142,0.8550382138961015,-1.204724240653525,-1.2113245129585266,,-0.5212829737881688,-0.46720483590995254,-39.852550201489706,-39.852550201489706,2.363795662647755e-252,438850.0,-34.29940873605209,8.012605777951317e-258,-1.4583354363944288,-0.7094010755173137,GCST90199815,cancerType_celltype,KICH_Epi_KICH,tissue,Tumor,Adjacent,group2_higher,7.127994442895775e-252,2.9201020522319906e-257
2794,1081,1.1351205088051852,2.6767210883047916,1.160824477672577,2.649646043777466,1.1234667490879993,0.9655791752249062,-1.5416005794996064,-1.488821566104889,,-0.4340816990204384,1.2376206196679815,-42.524237798500955,-42.524237798500955,4.8221410360372714e-291,439608.0,-34.27514029402573,1.842707347609423e-257,-1.4250872078917893,-0.7088991409502456,GCST90200897,cancerType_celltype,KICH_Epi_KICH,tissue,Tumor,Adjacent,group2_higher,1.6809662997746293e-290,6.697626972777716e-257
2794,1081,-0.08305973079980308,-0.7230732109842203,-0.10624678805470461,-0.7626094222068787,0.4706917514308599,0.4026827545241416,0.6400134801844172,0.656362634152174,,0.6823268040961521,-3.1219052520049906,42.265759940710446,42.265759940710446,1.0547815704918945e-288,2579672.0,34.242035321657326,5.7335198959188366e-257,1.4135961732303897,0.7082144439286777,GCST90200085,cancerType_celltype,KICH_Epi_KICH,tissue,Tumor,Adjacent,group1_higher,3.621328162671164e-288,2.0784009622705783e-256
2794,1081,0.21548018706617886,1.414249546336532,0.1489858925342559,1.4229506254196167,0.8469412983751279,0.7608480273145322,-1.1987693592703532,-1.2739647328853607,,-0.5924122203084679,2.714403905207279,-42.589819841271854,-42.589819841271854,1.2644740776907314e-288,441179.0,-34.22484250718747,1.033359143328236e-256,-1.455101500535538,-0.7078588517617705,GCST90200942,cancerType_celltype,KICH_Epi_KICH,tissue,Tumor,Adjacent,group2_higher,4.319494155118964e-288,3.73599074895593e-256
2794,1081,0.27040605870179146,-0.5911263262946086,0.2503967881202698,-0.60610431432724,0.6673107257783808,0.4883735629136413,0.8615323849964001,0.8565011024475098,,0.6437237240914384,-1.1283361020070095,44.1947683951067,44.1947683951067,1.5296e-320,2578442.0,34.2026551320895,2.2090777335917644e-256,1.3837523547760051,0.7073999590771025,GCST90200066,cancerType_celltype,KICH_Epi_KICH,tissue,Tumor,Adjacent,group1_higher,6.0083e-320,7.965536907104696e-256
2794,1081,0.10447911116011108,-0.3719680614727028,0.08445381373167035,-0.3768285512924194,0.4057951809322748,0.24488105173098457,0.4764471726328139,0.4612823650240897,,0.6101295339381508,-1.8319542932285515,44.54328056889595,44.54328056889595,0.0,2577731.0,34.17989146153443,4.8141440908885194e-256,1.2944596206538392,0.7069291471019239,GCST90199794,cancerType_celltype,KICH_Epi_KICH,tissue,Tumor,Adjacent,group1_higher,0.0,1.7313135609184833e-255
2794,1081,0.2580280196961262,1.0634822470259186,0.22940766066312784,1.046946406364441,0.5991343333878433,0.49780652813882187,-0.8054542273297924,-0.817538745701313,,-0.5189660745483488,2.043192071638444,-42.586314096693435,-42.586314096693435,4.738965580665967e-294,443717.5,-34.14356883953061,1.6667532761936544e-255,-1.4064544068182074,-0.706177900708337,GCST90200270,cancerType_celltype,KICH_Epi_KICH,tissue,Tumor,Adjacent,group2_higher,1.6864778293597162e-293,5.978380830136712e-255
2794,1081,-0.39685415324281104,0.606778467787417,-0.46005417406558985,0.6003993153572083,0.7793660333737027,0.6250457420154254,-1.003632621030228,-1.0604534894227982,,-0.43932681534996376,0.6125597291901991,-41.71651522065114,-41.71651522065114,2.5630437132382817e-287,443891.0,-34.13801399165254,2.0151364058914272e-255,-1.357034090257196,-0.7060630119914684,GCST90200032,cancerType_celltype,KICH_Epi_KICH,tissue,Tumor,Adjacent,group2_higher,8.733571452859446e-287,7.209005042598466e-255
2794,1081,0.001100791694477078,1.8323231278026992,-0.0360356438905,1.9591922760009768,0.8759898622125442,1.4225298349713769,-1.831222336108222,-1.9952279198914769,,-0.5905384907738644,10.69960752254962,-39.52435421851098,-39.52435421851098,1.6749492904450365e-230,444099.0,-34.13135457748172,2.5299474731568966e-255,-1.7321503288311557,-0.7059252779677875,GCST90200827,cancerType_celltype,KICH_Epi_KICH,tissue,Tumor,Adjacent,group2_higher,4.668621437375429e-230,9.027011533803272e-255
2794,1081,0.46371310812432937,-1.1587584550547605,0.44818471372127533,-1.2301065921783447,1.2054583776070904,0.9983463367874496,1.6224715631790898,1.67829130589962,,0.7060513951032299,-1.321273585449252,42.72471038230147,42.72471038230147,1.0056220733443998e-295,2575315.0,34.10253980462721,6.76737523967423e-255,1.4090605367958104,0.7053293134422447,GCST90199635,cancerType_celltype,KICH_Epi_KICH,tissue,Tumor,Adjacent,group1_higher,3.588122738137217e-295,2.4083374547456856e-254
2794,1081,0.08285790301656402,-0.40779122503114235,0.06556233018636701,-0.4148958921432495,0.41416829102534586,0.2587132871939137,0.4906491280477064,0.48045822232961655,,0.5017020257740578,-2.2991056437194652,44.1844358005745,44.1844358005745,0.0,2574752.0,34.084514563386,1.251821601975649e-254,1.300370540156417,0.7049565045223776,GCST90199928,cancerType_celltype,KICH_Epi_KICH,tissue,Tumor,Adjacent,group1_higher,0.0,4.443314696595858e-254
2794,1081,-0.7118458091260886,-0.039237463747402765,-0.7390123009681702,-0.0726706385612487,0.5031780641308239,0.4641168463907803,-0.6726083453786859,-0.6663416624069215,,-0.519451564474672,-4.181226339890714,-39.504920173829305,-39.504920173829305,3.6491167228673055e-256,452536.0,-33.86123209017783,2.4817132763655e-251,-1.365432637194363,-0.7003384416322276,GCST90200844,cancerType_celltype,KICH_Epi_KICH,tissue,Tumor,Adjacent,group2_higher,1.1176957512962107e-255,8.785909599184874e-251
2794,1081,0.17983738016763923,-0.34960530230064274,0.17598188668489456,-0.3697096109390259,0.41605148638405437,0.3130415366360426,0.529442682468282,0.5456914976239204,,0.7067705191229428,-0.9590302461705713,42.858129979915546,42.858129979915546,7.189242044438786e-304,2567267.0,33.844871702479324,4.3201079393299935e-251,1.3572961044662424,0.7000000662182806,GCST90200033,cancerType_celltype,KICH_Epi_KICH,tissue,Tumor,Adjacent,group1_higher,2.6555384570650583e-303,1.5254681661416532e-250
2794,1081,0.17579243924215238,-0.19438393099435322,0.16851719468832016,-0.1923959702253341,0.3098202675627099,0.19616909155431753,0.3701763702365056,0.36091316491365427,,0.47267747675089844,-0.1450351545345608,44.25906146858668,44.25906146858668,0.0,2566283.0,33.81336755082506,1.2553095039312325e-250,1.3091576670778782,0.6993484783370205,GCST90200142,cancerType_celltype,KICH_Epi_KICH,tissue,Tumor,Adjacent,group1_higher,0.0,4.42115466113248e-250
2794,1081,0.3791895026407059,-1.339058020552659,0.32310202717781067,-1.3677003383636477,1.3695391251809907,0.9868507914957687,1.718247523193365,1.6908023655414584,,0.5780232617124468,-1.8202248150164764,43.33415991320312,43.33415991320312,4.243694373836e-312,2565657.0,33.79332527548404,2.473093235855307e-250,1.3482454760747482,0.6989339519003652,GCST90200811,cancerType_celltype,KICH_Epi_KICH,tissue,Tumor,Adjacent,group1_higher,1.589053689983e-311,8.687696083687587e-250
2794,1081,-0.031019102601617284,-0.4169991975098807,-0.05216846801340575,-0.4304763972759247,0.3296723740914336,0.20463660995562685,0.3859800949082634,0.37830792926251894,,0.34888631270088805,-3.748772703664176,43.80558913342135,43.80558913342135,0.0,2563643.0,33.7288442171185,2.1852727027488505e-249,1.286212385255007,0.697600315728762,GCST90200956,cancerType_celltype,KICH_Epi_KICH,tissue,Tumor,Adjacent,group1_higher,0.0,7.656880961045458e-249
2794,1081,0.5749330693144556,-0.32825955907013726,0.557066798210144,-0.3942971527576446,0.7043878804422875,0.5800052576429592,0.9031926283845929,0.9513639509677887,,0.5651945918669719,0.8085551055320886,40.8529595956588,40.8529595956588,1.4110355985779697e-276,2563599.0,33.72743549489005,2.2917045351523915e-249,1.3439924570702866,0.697571179685291,GCST90200940,cancerType_celltype,KICH_Epi_KICH,tissue,Tumor,Adjacent,group1_higher,4.634316917739211e-276,8.009213542083871e-249
2794,1081,0.38548273455850895,-0.8300185514808693,0.3238605558872223,-0.8836018443107605,0.9699032530352901,0.719801173491663,1.2155012860393783,1.2074624001979828,,0.6914171083772997,-1.106475333110632,42.55154335376381,42.55154335376381,1.8665602834524687e-301,2562378.5,33.68835946125791,8.564479455929458e-249,1.3399544155886123,0.6967629855703745,GCST90200839,cancerType_celltype,KICH_Epi_KICH,tissue,Tumor,Adjacent,group1_higher,6.857470798775512e-301,2.985520587834233e-248
2794,1081,-0.8710308371087125,0.6100323841844946,-0.9133340418338776,0.4990707337856293,0.9605278552377179,1.1143710453149407,-1.481063221293207,-1.4124047756195068,,-0.5360496406143068,-0.5138372551977379,-38.51161614508934,-38.51161614508934,5.068062352488237e-235,459066.0,-33.65216490491122,2.9002328465803063e-248,-1.4725278897524903,-0.6960143879080123,GCST90199770,cancerType_celltype,KICH_Epi_KICH,tissue,Tumor,Adjacent,group2_higher,1.4361266084077895e-234,1.0084227984410607e-247
2794,1081,-0.762991015862322,0.560133658505937,-0.8311034142971039,0.5356845855712891,0.9957007120732568,0.8607927723030034,-1.323124674368259,-1.366787999868393,,-0.548740829730386,-0.4458942621693266,-41.022789182342926,-41.022789182342926,2.8352545073747227e-275,459161.0,-33.64912334555435,3.2130853250431674e-248,-1.3782702499914867,-0.6959514805414271,GCST90199900,cancerType_celltype,KICH_Epi_KICH,tissue,Tumor,Adjacent,group2_higher,9.289547821037854e-275,1.1143601267261672e-247
2794,1081,0.14945692133050767,1.9293153033272823,0.1087023764848709,1.7657418251037598,1.2422604955744918,1.2167133762285725,-1.7798583819967746,-1.6570394486188889,,-0.5445232354328379,3.690278419009237,-40.60054813505777,-40.60054813505777,2.082815140431161e-263,459400.0,-33.64147142254077,4.1574826882066395e-248,-1.4409595190190128,-0.6957932188507552,GCST90200113,cancerType_celltype,KICH_Epi_KICH,tissue,Tumor,Adjacent,group2_higher,6.586721662198777e-263,1.4382357624430583e-247
2794,1081,-0.17295231353232382,-0.8759511058801608,-0.20737683027982706,-0.88779217004776,0.5442770328470601,0.4427092663007566,0.7029987923478369,0.6804153397679329,,0.691144009313855,-2.340469336361545,41.47272351661143,41.47272351661143,7.852546321739948e-284,2559309.0,33.59008507761689,2.3425539682557754e-247,1.3572428777772556,0.6947304154468708,GCST90200496,cancerType_celltype,KICH_Epi_KICH,tissue,Tumor,Adjacent,group1_higher,2.623289371698909e-283,8.083293819576258e-247
2794,1081,-0.1801376719069299,0.35882879653571337,-0.23390173912048334,0.3438135087490082,0.407688867022372,0.38619120471966106,-0.5389664684426433,-0.5777152478694916,,-0.4035604544914302,0.9941917636935872,-38.355358378398556,-38.355358378398556,1.8475923642181128e-243,461256.0,-33.582048957631905,3.069093240444524e-247,-1.341347147444189,-0.6945642075625249,GCST90199833,cancerType_celltype,KICH_Epi_KICH,tissue,Tumor,Adjacent,group2_higher,5.427302569890706e-243,1.056357092607547e-246
2794,1081,0.1872609452412893,-0.6535524929503507,0.17146909236907953,-0.6812897324562073,0.6706002666722468,0.49906926526178985,0.84081343819164,0.8527588248252869,,0.6011050311090594,-1.8032475749438477,42.5021537249152,42.5021537249152,9.964936997786981e-301,2558533.0,33.56524034013344,5.398969733599668e-247,1.3399403888739556,0.6942165615892917,GCST90200212,cancerType_celltype,KICH_Epi_KICH,tissue,Tumor,Adjacent,group1_higher,3.641342929754331e-300,1.8536009438026065e-246
2794,1081,1.8539857267787296,0.1641332895945582,1.8295263648033142,0.1339286267757415,1.3120291401347937,1.0106376436534248,1.6898524371841714,1.6955977380275726,,0.6514222345512318,3.4976823438237616,42.77122812926724,42.77122812926724,2.655996904190118e-301,2557780.5,33.541147988385646,1.2125369137755694e-246,1.3678581543279675,0.6937182690276573,GCST90200211,cancerType_celltype,KICH_Epi_KICH,tissue,Tumor,Adjacent,group1_higher,9.7315155387396e-301,4.1524819434072886e-246
2794,1081,-0.217552211098319,-0.6486314622507944,-0.2463917806744575,-0.6691343188285828,0.3524943261879992,0.2626496045182218,0.43107925115247536,0.42274253815412527,,0.370429533415985,-1.5760329171749086,41.42564530461295,41.42564530461295,6.540514853315964e-289,2557245.0,33.52400319853721,2.155739705331875e-246,1.3066564107184049,0.6933636701349595,GCST90200555,cancerType_celltype,KICH_Epi_KICH,tissue,Tumor,Adjacent,group1_higher,2.251192359866075e-288,7.364093279116155e-246
2794,1081,-0.2921538363387646,0.6661154574288517,-0.397394061088562,0.6761817336082458,0.7611212513421987,0.5963979374268487,-0.9582692937676163,-1.0735757946968079,,-0.5710186813550084,1.189041254454757,-41.37636017647648,-41.37636017647648,3.277737951454073e-285,463818.0,-33.5000229042394,4.818562821714795e-246,-1.3327952325843988,-0.6928676952131467,GCST90200438,cancerType_celltype,KICH_Epi_KICH,tissue,Tumor,Adjacent,group2_higher,1.103100451316519e-284,1.6419252814993162e-245
2794,1081,0.8250950119852908,-0.05921148555934822,0.8511828780174255,-0.1059613153338432,0.7436619119767128,0.4314956160797839,0.884306497544639,0.9571441933512688,,0.726575576393748,3.8005886877123682,45.96214947226888,45.96214947226888,0.0,2555755.0,33.47629874125585,1.0672401968985885e-245,1.317167962082054,0.6923770177537831,GCST90200157,cancerType_celltype,KICH_Epi_KICH,tissue,Tumor,Adjacent,group1_higher,0.0,3.6275520907051773e-245
2794,1081,0.23501437182060966,-0.844767043381459,0.19471285492181775,-0.8996837139129639,0.8837931139761971,0.6084654994402472,1.0797814152020686,1.0943965688347816,,0.738934301933257,-1.8458001369330723,43.29360077022617,43.29360077022617,1.0004867836e-314,2555485.0,33.4676543093995,1.4257242681399331e-245,1.3226017722194283,0.6921982283961203,GCST90199924,cancerType_celltype,KICH_Epi_KICH,tissue,Tumor,Adjacent,group1_higher,3.809115883e-314,4.833985516106291e-245
2794,1081,0.06266924862507545,1.0461607188486928,0.0532980505377054,1.0961289405822754,0.6072022017434439,0.73310795481385,-0.9834914702236173,-1.04283089004457,,-0.6360410694244572,4.061181358180258,-39.21015299946462,-39.21015299946462,1.858234324091299e-239,468078.0,-33.36363297939472,4.623445866812659e-244,-1.5252938304127235,-0.6900467964589112,GCST90200014,cancerType_celltype,KICH_Epi_KICH,tissue,Tumor,Adjacent,group2_higher,5.377438182030659e-239,1.5637113440361425e-243
2794,1081,0.5957326569739378,1.7980742713455438,0.5458124876022339,1.7304238080978394,0.9408353187221501,0.7393968923884372,-1.202341614371606,-1.1846113204956055,,-0.4860669055531572,1.5937140424948026,-41.92235408424481,-41.92235408424481,7.734229826081623e-291,469126.0,-33.33007977722636,1.4168737444774182e-243,-1.352064672045708,-0.689352828878057,GCST90200877,cancerType_celltype,KICH_Epi_KICH,tissue,Tumor,Adjacent,group2_higher,2.6892232788135847e-290,4.780195330996834e-243
2794,1081,0.03332523419985391,-0.36935917559320197,0.04049718938767905,-0.3809065222740173,0.3368415001875053,0.22003401612093076,0.40268440979305586,0.4214037116616963,,0.5287986292503835,-3.4702981133394504,43.5757568975257,43.5757568975257,2.37e-321,2549961.0,33.29079563690137,5.249859714568565e-243,1.3042616638963116,0.6885403305749005,GCST90200028,cancerType_celltype,KICH_Epi_KICH,tissue,Tumor,Adjacent,group1_higher,9.343e-321,1.7668046397424579e-242
2794,1081,0.08868756861195189,-0.9490525196717792,0.0411807559430599,-0.9391518831253052,0.8031112256940509,0.6388382790573797,1.037740088283731,0.9803326390683651,,0.6490554355599447,-3.419669379502527,42.07272084227665,42.07272084227665,1.2414642970033018e-291,2549381.0,33.272226116617354,9.745246644816257e-243,1.363872632607623,0.6881562645473285,GCST90200772,cancerType_celltype,KICH_Epi_KICH,tissue,Tumor,Adjacent,group1_higher,4.33875855593718e-291,3.271618516474029e-242
2794,1081,-0.47274037699427496,0.8734794001084335,-0.571812778711319,0.7687041759490967,1.0350426468107483,0.8849561704513889,-1.3462197771027085,-1.3405169546604156,,-0.5254159884021589,0.8857241880564432,-40.44509277431618,-40.44509277431618,4.692642535345761e-270,472607.0,-33.218630639107964,5.7985481681009245e-242,-1.3523481744527543,-0.687047770529819,GCST90200734,cancerType_celltype,KICH_Epi_KICH,tissue,Tumor,Adjacent,group2_higher,1.5085074942632716e-269,1.9418725191944864e-241
2794,1081,0.5954386021727069,-0.5314563717804889,0.5316864848136902,-0.5611717700958252,1.0011195165419453,0.5133681647881653,1.126894973953196,1.0928582549095154,,0.7618823043309171,0.16400119940234392,45.909338479969804,45.909338479969804,0.0,2546230.0,33.171342395212285,2.7903759216041452e-241,1.2628678583252253,0.686069726525123,GCST90200021,cancerType_celltype,KICH_Epi_KICH,tissue,Tumor,Adjacent,group1_higher,0.0,9.321770542025611e-241
2794,1081,-0.47556728478088406,0.1972701936505091,-0.5041117966175079,0.1276563555002212,0.4016954996897861,0.5571322744809395,-0.6728374784313932,-0.6317681521177292,,-0.7335586934834262,-1.2694722030739423,-36.23011552336432,-36.23011552336432,3.383571823096765e-208,478752.0,-33.02188977334023,3.942784679095569e-239,-1.4936506277998693,-0.6829786571859747,GCST90200089,cancerType_celltype,KICH_Epi_KICH,tissue,Tumor,Adjacent,group2_higher,8.636345308765713e-208,1.3139402243538533e-238
2794,1081,-0.17217227041482705,-0.4918445783885235,-0.1816717460751533,-0.5034948587417603,0.2548597451881649,0.2098782292500556,0.3196723079736965,0.32182311266660696,,0.628689775457395,-1.5143442485637153,39.96036443781941,39.96036443781941,2.6897443954937916e-267,2541378.0,33.01599875311219,4.790239963340251e-239,1.3146874560666177,0.6828568155496415,GCST90200757,cancerType_celltype,KICH_Epi_KICH,tissue,Tumor,Adjacent,group1_higher,8.585764897091423e-267,1.5924627000079907e-238
2794,1081,-0.12339198069347625,1.014360953897425,-0.18108426779508585,0.9837186336517334,0.8743368841114639,0.7855697411582249,-1.1377529345909012,-1.1648029014468193,,-0.5371556706791951,3.039240306737222,-39.15175018832671,-39.15175018832671,4.045017987398378e-254,479131.0,-33.00975555232705,5.88775750667511e-239,-1.3377209835088533,-0.6827276899024406,GCST90200232,cancerType_celltype,KICH_Epi_KICH,tissue,Tumor,Adjacent,group2_higher,1.2251910037386643e-253,1.9525580247197505e-238
2794,1081,-0.043021345686423164,0.9138494342363129,-0.06650107353925705,0.8854854106903076,0.6606904094398381,0.709168058684947,-0.9568707799227361,-0.9519864842295647,,-0.48774747041393707,4.40879997385921,-38.38346772780303,-38.38346772780303,1.7082926506255374e-237,481496.5,-32.93402072434111,7.168538530851036e-238,-1.418513183069804,-0.6811612964744725,GCST90200339,cancerType_celltype,KICH_Epi_KICH,tissue,Tumor,Adjacent,group2_higher,4.891602694963461e-237,2.3715334994053306e-237
2794,1081,-0.02113506665825149,-1.0483569034094604,-0.06704621762037274,-1.0806891918182373,0.8460129807324868,0.64153767335698,1.027221836751209,1.0136429741978645,,0.5740467568655216,-5.632280596971565,40.7031746446584,40.7031746446584,5.009197789005643e-280,2537623.0,32.89577711748032,2.527069731859204e-237,1.29323415597413,0.6803703191125161,GCST90200612,cancerType_celltype,KICH_Epi_KICH,tissue,Tumor,Adjacent,group1_higher,1.657169074372498e-279,8.339941996426381e-237
2794,1081,-0.3060278233292674,0.7366769961212292,-0.3533145487308502,0.6764143109321594,0.6401089282206042,0.8939190501058879,-1.0427048194504966,-1.0297288596630096,,-0.6021118549157534,1.2673666117532885,-35.03302995543441,-35.03302995543441,7.446393163265459e-198,484780.0,-32.82889482804357,2.2805439778737696e-236,-1.4483246314223222,-0.6789870192304508,GCST90199694,cancerType_celltype,KICH_Epi_KICH,tissue,Tumor,Adjacent,group2_higher,1.8287268255010485e-197,7.508167733917748e-236
2794,1081,-0.24311199419292462,-0.8666907133241951,-0.24520135670900345,-0.8770365715026855,0.5495952227553342,0.3170485865421836,0.6235787191312705,0.6318352147936821,,0.6690660408469482,-1.8338919043782973,43.97332888261433,43.97332888261433,0.0,2535049.5,32.81338287532356,3.796218134989316e-236,1.2576238770310502,0.678666191660867,GCST90200048,cancerType_celltype,KICH_Epi_KICH,tissue,Tumor,Adjacent,group1_higher,0.0,1.2468061007205875e-235
2794,1081,0.2860990347356541,-0.5762339493098896,0.26633913815021515,-0.5899032950401306,0.6945807537684141,0.5481270064884146,0.8623329840455437,0.8562424331903458,,0.5727578904693816,-1.0101374914386252,40.62361693325999,40.62361693325999,8.853393793897922e-277,2534911.0,32.808948601945396,4.391337971823588e-236,1.3124668883938944,0.6785744793422142,GCST90200169,cancerType_celltype,KICH_Epi_KICH,tissue,Tumor,Adjacent,group1_higher,2.914776749053833e-276,1.4387965518258536e-235
2794,1081,0.30200071485863234,-0.4880935618743736,0.2754049599170685,-0.5364418625831604,0.6657577510730794,0.46159096269985345,0.7900942767330059,0.8118468225002289,,0.6164772440556384,-0.6926039363352074,41.89029467754757,41.89029467754757,1.803633124453879e-298,2531779.0,32.7086731924117,1.1763550199909727e-234,1.283306557515338,0.6765005227933254,GCST90200918,cancerType_celltype,KICH_Epi_KICH,tissue,Tumor,Adjacent,group1_higher,6.555605196348365e-298,3.845016528171933e-234
2794,1081,-0.6491645388176647,-0.07976453391364263,-0.6887331902980804,-0.0710718035697937,0.4208693600309721,0.42729415628698697,-0.569400004904022,-0.6176613867282867,,-0.4937673048647212,-3.0247490074018306,-37.35908708146385,-37.35908708146385,1.561666568671199e-230,488581.0,-32.70720043735469,1.2344634115921786e-234,-1.3471478574533569,-0.6764700623842421,GCST90200364,cancerType_celltype,KICH_Epi_KICH,tissue,Tumor,Adjacent,group2_higher,4.361785928481238e-230,4.025295765550573e-234
2794,1081,0.15044478214003876,-0.23641537534004933,0.1809906810522079,-0.2459852397441864,0.3322356203201268,0.21590912196923304,0.38686015748008806,0.4269759207963943,,0.45099469650632085,-0.6520863067987887,42.5583856752947,42.5583856752947,6.4086895638908e-310,2531620.0,32.70358258254074,1.389675275396156e-234,1.2713030488333326,0.6763952357271463,GCST90200980,cancerType_celltype,KICH_Epi_KICH,tissue,Tumor,Adjacent,group1_higher,2.38662400972217e-309,4.5205904543316485e-234
2794,1081,-1.0128938630972433,0.3489358235072176,-1.0888416171073914,0.3205694258213043,1.0625452507051052,0.9231166606479336,-1.3618296866044608,-1.4094110429286957,,-0.5036731466449991,-1.5374466732903338,-39.43815626122242,-39.43815626122242,7.154584774651476e-259,488708.0,-32.703134352740776,1.4102153145651818e-234,-1.3278722872144357,-0.6763859651678601,GCST90199705,cancerType_celltype,KICH_Epi_KICH,tissue,Tumor,Adjacent,group2_higher,2.2213437466628616e-258,4.576484461315102e-234
2794,1081,-0.5923641582934606,1.0437283096918075,-0.7790876626968384,1.0588058233261108,1.2410424473767383,1.1367665977479677,-1.636092467985268,-1.8378934860229492,,-0.5673185279463776,0.8171889068231252,-39.147489947205315,-39.147489947205315,5.131117399971699e-253,489740.0,-32.67009341320094,4.1568071163576977e-234,-1.3489468691517816,-0.6757025925119045,GCST90200548,cancerType_celltype,KICH_Epi_KICH,tissue,Tumor,Adjacent,group2_higher,1.550712420434906e-252,1.3457786459846894e-233
2794,1081,0.09709847316723556,-0.6638355287576782,0.10075018554925916,-0.6883155703544617,0.6531868559935188,0.4196756340368348,0.7609340019249137,0.7890657559037209,,0.44199598741124885,-2.773292645254621,42.83071997904257,42.83071997904257,9.8743906263e-314,2527598.0,32.57481256429536,9.33126798170246e-233,1.2739099707448305,0.6737319364807766,GCST90199789,cancerType_celltype,KICH_Epi_KICH,tissue,Tumor,Adjacent,group1_higher,3.74896780604e-313,3.0138668860332828e-232
2794,1081,-0.4237445568594905,-0.9292707554134476,-0.4804926961660385,-0.9490077495574952,0.4639035231635144,0.29907278267828646,0.5055261985539572,0.4685150533914567,,0.6610169544161351,-1.132902317679145,39.99449864971277,39.99449864971277,5.296284374015812e-281,2527541.0,32.57298762868124,9.903339959610687e-233,1.19108247728704,0.6736941920608255,GCST90200515,cancerType_celltype,KICH_Epi_KICH,tissue,Tumor,Adjacent,group1_higher,1.7649964796536802e-280,3.191076209207888e-232
2794,1081,-1.247354488551674,-0.1636448939977891,-1.3193582892417908,-0.208978459239006,0.8391052369643058,0.7688281698543737,-1.083709594553885,-1.1103798300027847,,-0.5897002143850221,-2.9302233732624585,-38.34347405379778,-38.34347405379778,4.648826458913216e-245,493156.0,-32.56072534201093,1.4769907352355893e-232,-1.321413423306345,-0.6734405760460667,GCST90199633,cancerType_celltype,KICH_Epi_KICH,tissue,Tumor,Adjacent,group2_higher,1.3685422167383831e-244,4.7479678587879915e-232
2794,1081,-0.3210379659263557,0.7505272241044713,-0.34728980064392084,0.7507480978965759,0.9065759257276723,0.6482953888164891,-1.071565190030827,-1.0980378985404968,,-0.45800777082134464,1.2251579120709397,-41.003700359675456,-41.003700359675456,8.976566913205846e-287,493814.0,-32.539658541412855,2.9340414020127196e-232,-1.27180862591899,-0.6730048597596143,GCST90200587,cancerType_celltype,KICH_Epi_KICH,tissue,Tumor,Adjacent,group2_higher,3.0435474384824798e-286,9.409643366925498e-232
2794,1081,0.16845874896676616,-0.4871481186235375,0.14009691029787058,-0.4875252246856689,0.5901796196432927,0.35860554425091895,0.6556068675903037,0.6276221349835395,,0.6168875624976743,-1.531959534251226,42.00310734056114,42.00310734056114,4.1921350719917596e-307,2524649.0,32.48039615857541,2.0182602935750513e-231,1.2236840814816923,0.671779159385415,GCST90199816,cancerType_celltype,KICH_Epi_KICH,tissue,Tumor,Adjacent,group1_higher,1.5569155594345417e-306,6.457485399396233e-231
2794,1081,-0.07965314380736692,-0.37532821980962566,-0.0820648409426212,-0.3840588629245758,0.24848816586688016,0.18751142744513322,0.29567507600225873,0.3019940219819546,,0.6045241781446193,-2.2363352886460044,40.005227449227604,40.005227449227604,8.256675950467366e-273,2524194.0,32.46582869007674,3.2405221134893794e-231,1.268479990457902,0.6714778662086127,GCST90199879,cancerType_celltype,KICH_Epi_KICH,tissue,Tumor,Adjacent,group1_higher,2.6794879334492904e-272,1.0343868010974296e-230
2794,1081,-0.3812125759334385,0.18104723851828836,-0.42051601409912104,0.1716641187667846,0.4252999821145316,0.4133184685018477,-0.5622598144517268,-0.5921801328659057,,-0.5307332298225059,-1.074225357610157,-37.67110432485221,-37.67110432485221,1.435227074684953e-235,496886.0,-32.44130411673613,7.187893797975068e-231,-1.3323910136984687,-0.6709706341790953,GCST90200005,cancerType_celltype,KICH_Epi_KICH,tissue,Tumor,Adjacent,group2_higher,4.0839551206588534e-235,2.289041880056079e-230
2794,1081,0.5298103226902896,-0.32406251316709306,0.5002056360244751,-0.4046231508255005,0.7318257681684425,0.5457872852387408,0.8538728358573826,0.9048287868499756,,0.6785159181026361,0.7092020816834956,39.50201295755311,39.50201295755311,4.7049921068377275e-268,2522739.0,32.419244807295286,1.470909730129112e-230,1.2464439123122326,0.6705143902256521,GCST90200721,cancerType_celltype,KICH_Epi_KICH,tissue,Tumor,Adjacent,group1_higher,1.5053765825398646e-267,4.673309935118833e-230
2794,1081,0.2073628997228739,1.3059297720931822,0.1954793334007263,1.2309268712997437,0.8274340431997941,0.8025715808792468,-1.0985668723703084,-1.0354475378990173,,-0.46509472178823724,2.654841760790615,-37.88389894655052,-37.88389894655052,1.0394729529996201e-237,497884.0,-32.4093517352819,2.0276196748813965e-230,-1.3387739817475963,-0.670309775738549,GCST90200647,cancerType_celltype,KICH_Epi_KICH,tissue,Tumor,Adjacent,group2_higher,2.982740284081015e-237,6.427082829914752e-230
2794,1081,0.2390170924396416,1.2852195562733635,0.15577984601259226,1.2913517951965332,0.8677838121855697,0.7266633063072953,-1.046202463833722,-1.1355719491839409,,-0.4866328306947413,2.4268242290399593,-37.999865887994105,-37.999865887994105,3.123968486072038e-246,498945.0,-32.37538231972786,6.099815439096983e-230,-1.2592022896708785,-0.6696071997812147,GCST90201006,cancerType_celltype,KICH_Epi_KICH,tissue,Tumor,Adjacent,group2_higher,9.216383217567505e-246,1.9290135599742896e-229
2794,1081,-1.0544512434474642,-0.028635458413930073,-1.1671902537345886,-0.0750956535339355,0.941786117167116,0.6376722461060328,-1.025815785033534,-1.092094600200653,,-0.4644360512259496,-5.202496866433875,-38.95040196803639,-38.95040196803639,5.997581675328123e-267,499520.0,-32.35697288151526,1.1074764733382352e-229,-1.182134059419578,-0.6692264446676737,GCST90199844,cancerType_celltype,KICH_Epi_KICH,tissue,Tumor,Adjacent,group2_higher,1.905525366776744e-266,3.4941908175000334e-229
2794,1081,0.07744484242750915,-0.3457070205050067,0.08299223706126205,-0.3319293856620788,0.3402187363522519,0.29112641843817255,0.42315186293251583,0.4149216227233409,,0.44415909904775447,-2.158294377716241,38.65545166964232,38.65545166964232,8.984905085270674e-252,2520749.0,32.35553214287253,1.1603774065383131e-229,1.2929730368267276,0.6691966464413965,GCST90200041,cancerType_celltype,KICH_Epi_KICH,tissue,Tumor,Adjacent,group1_higher,2.703405216605724e-251,3.6526429679254524e-229
2794,1081,0.39031407336561663,-0.11024988743589216,0.3831649571657181,-0.1356694400310516,0.43469477269353773,0.294056417076688,0.5005639608015088,0.5188343971967697,,0.5156893932998079,1.8238489100794633,41.198964313628856,41.198964313628856,3.9163092344674694e-292,2520702.0,32.354027371401244,1.2183265638621261e-229,1.249927519937357,0.6691655238495071,GCST90200830,cancerType_celltype,KICH_Epi_KICH,tissue,Tumor,Adjacent,group1_higher,1.3722183770126377e-291,3.8262191395024835e-229
2794,1081,-0.025512099027741198,-0.7197130934953876,-0.0160709526389837,-0.7462603449821472,0.5892294813535752,0.3837835838088503,0.6942009944676464,0.7301893923431635,,0.7536040099058773,-4.8181138534648,43.009817216884464,43.009817216884464,5.42500994e-315,2520595.0,32.35060161507298,1.3612658340524468e-229,1.2858923271965115,0.669094670289248,GCST90199743,cancerType_celltype,KICH_Epi_KICH,tissue,Tumor,Adjacent,group1_higher,2.071229285e-314,4.265299613364333e-229
2794,1081,-0.6092994289425658,0.46263575612349395,-0.6936243176460266,0.4085341691970825,0.8836998880475526,0.7213638182741823,-1.0719351850660597,-1.1021584868431091,,-0.492980457327489,-0.3972738644963583,-38.860803613504025,-38.860803613504025,2.115105676398223e-256,500751.0,-32.317560675533144,3.966098376030844e-229,-1.2737080043050877,-0.6684112976332924,GCST90200036,cancerType_celltype,KICH_Epi_KICH,tissue,Tumor,Adjacent,group2_higher,6.507650196232004e-256,1.2398605703050551e-228
2794,1081,0.26956250934805603,-0.2966587712184833,0.2675458639860153,-0.2999763488769531,0.4962163903501573,0.3203126595742942,0.5662212805665393,0.5675222128629684,,0.6137775599004011,-0.13818408931898435,41.851629135327926,41.851629135327926,3.641350169292957e-302,2518811.0,32.29348433199249,8.639331062376256e-229,1.2469934163645298,0.6679133361630611,GCST90200489,cancerType_celltype,KICH_Epi_KICH,tissue,Tumor,Adjacent,group1_higher,1.3413946704719731e-301,2.694601427464265e-228
2794,1081,0.004788037708867308,1.09136120449964,-0.0509235300123691,1.0566219091415403,0.7896211279188111,0.848631210482159,-1.0865731667907725,-1.1075454391539095,,-0.4914998629386169,7.832178476275394,-36.43493176909138,-36.43493176909138,2.0173636536591615e-219,503246.0,-32.237679721897585,5.2384917818402947e-228,-1.3472522816449803,-0.6667591515319269,GCST90199654,cancerType_celltype,KICH_Epi_KICH,tissue,Tumor,Adjacent,group2_higher,5.380952367783634e-219,1.6301516663580642e-227
2794,1081,-0.2701114296540172,-0.6561565652324247,-0.3034718930721283,-0.6784201860427856,0.3395912578726797,0.24151683627132467,0.38604513557840753,0.37494829297065735,,0.7573457676286159,-1.2804822661726263,39.558579876372285,39.558579876372285,3.371947779838696e-271,2516183.0,32.20934519525732,1.3065154458015202e-227,1.2242770508373717,0.6661731197484764,GCST90200929,cancerType_celltype,KICH_Epi_KICH,tissue,Tumor,Adjacent,group1_higher,1.086516506836913e-270,4.0564477280808023e-227
2794,1081,1.3273547538807406,0.1776670299119994,1.3399952054023745,0.1669803708791732,1.0037979982369367,0.5733875981728832,1.1496877239687413,1.1730148345232012,,0.6129925251775035,2.9012990820965445,44.59062918537318,44.59062918537318,0.0,2515474.0,32.186645557530824,2.715428580071039e-227,1.270924745445919,0.66570363213891,GCST90200419,cancerType_celltype,KICH_Epi_KICH,tissue,Tumor,Adjacent,group1_higher,0.0,8.411657169629151e-227
2794,1081,0.5372066315102345,2.3774565423689746,0.5481177568435669,2.37496280670166,1.4713781317239207,1.2823786001358501,-1.84024991085874,-1.8268450498580933,,-0.4062234781909199,2.1458678722800437,-38.40418656021257,-38.40418656021257,2.882481071339658e-248,507489.0,-32.10183407609571,4.158678399109255e-226,-1.294852430158253,-0.663949509885396,GCST90199686,cancerType_celltype,KICH_Epi_KICH,tissue,Tumor,Adjacent,group2_higher,8.578213319292475e-248,1.2853239587269647e-225
2794,1081,-0.725586503681876,0.21042920696916834,-0.811270534992218,0.1595093756914138,0.6752642031552935,0.7500671021180617,-0.9360157106510444,-0.9707799106836318,,-0.5914328359942435,-1.7858077930879934,-35.7987468149324,-35.7987468149324,2.7731495687062046e-212,508261.0,-32.0771174042694,9.199146706799268e-226,-1.3430536409197,-0.6634383047590415,GCST90200239,cancerType_celltype,KICH_Epi_KICH,tissue,Tumor,Adjacent,group2_higher,7.158717541944237e-212,2.836750443748281e-225
2794,1081,0.09161988894778715,-1.1276438236845572,0.06103399395942685,-1.1809873580932615,1.050767045537831,0.7251370121462765,1.2192637126323442,1.2420213520526884,,0.6278790208380924,-3.62149236019985,41.06415788475872,41.06415788475872,1.6999134562016802e-289,2511993.0,32.075196419412435,9.784389727794184e-226,1.2556698779506414,0.663398573790672,GCST90200354,cancerType_celltype,KICH_Epi_KICH,tissue,Tumor,Adjacent,group1_higher,5.880665078179924e-289,3.0104115573326126e-225
2794,1081,-0.11850658652711075,0.5105535244008321,-0.14228678494691843,0.5160911083221436,0.49680977766675766,0.4577381387214005,-0.6290601109279429,-0.658377893269062,,-0.46116894726635715,2.1070856217694054,-37.44911600253997,-37.44911600253997,5.411755885461447e-236,510247.0,-32.01353280550378,7.071652048584638e-225,-1.2937493125982786,-0.6621232097060107,GCST90199825,cancerType_celltype,KICH_Epi_KICH,tissue,Tumor,Adjacent,group2_higher,1.5463780444201159e-235,2.170869761761455e-224
2794,1081,-0.1197954288554052,1.7026176404989495,-0.1736909225583076,1.912528395652771,1.1383930528625035,1.4584723754289286,-1.8224130693543548,-2.0862193182110786,,-0.6327440231927035,3.829098523468291,-36.95747475551104,-36.95747475551104,3.5812177842407646e-217,511062.0,-31.987439427863308,1.631211759817198e-224,-1.474431359464641,-0.6615835307189915,GCST90199839,cancerType_celltype,KICH_Epi_KICH,tissue,Tumor,Adjacent,group2_higher,9.459689612248376e-217,4.996273322765934e-224
2794,1081,-0.018578504297046015,-0.5047727037603716,-0.04275569133460515,-0.5190499424934387,0.42184911815980525,0.3193011115669446,0.48619419946332565,0.47629425115883356,,0.6138043127622248,-4.763852838822094,38.67877189797173,38.67877189797173,1.8058906372128256e-258,2508800.0,31.972968008607488,2.5923726514534644e-224,1.227971306976404,0.6612842240906078,GCST90199877,cancerType_celltype,KICH_Epi_KICH,tissue,Tumor,Adjacent,group1_higher,5.5941566784570025e-258,7.922430322715408e-224
2794,1081,-0.5363182408644573,0.5018344463529707,-0.6055806577205658,0.3627064824104309,0.6794305302615272,0.8875692013794215,-1.038152687217428,-0.9682871401309967,,-0.628836461022197,-0.09587763525366562,-34.721588270148786,-34.721588270148786,3.509936315613329e-197,512153.0,-31.952509519880785,4.988430681617586e-224,-1.3965795376040508,-0.6608610892774724,GCST90199896,cancerType_celltype,KICH_Epi_KICH,tissue,Tumor,Adjacent,group2_higher,8.588946495836566e-197,1.5210807648869732e-223
2794,1081,-0.6232053198660481,0.05459343941884299,-0.6831439137458801,0.0391473956406116,0.5574564269051708,0.4822952835194768,-0.6777987592848911,-0.7222913093864918,,-0.5292803130884751,-3.512883942066916,-37.516651671262544,-37.516651671262544,1.0109793960948585e-239,513794.0,-31.899970584042727,2.6739279510978558e-223,-1.2608915333213957,-0.6597744472925663,GCST90200083,cancerType_celltype,KICH_Epi_KICH,tissue,Tumor,Adjacent,group2_higher,2.9318402486750898e-239,8.135187047648163e-223
2794,1081,0.36256603654458186,-0.9017936767597582,0.2532861828804016,-0.9571184515953064,1.1546953634808863,0.7340844137038686,1.26435971330434,1.210404634475708,,0.5937694697424363,-1.3145512281121723,40.477179719013684,40.477179719013684,3.515960929356734e-287,2506216.0,31.89023759410076,3.648396167812146e-223,1.1991114679661177,0.659573143719494,GCST90199810,cancerType_celltype,KICH_Epi_KICH,tissue,Tumor,Adjacent,group1_higher,1.1950759966865907e-286,1.1075198166431972e-222
2794,1081,0.19761307700362407,-0.8321136594375218,0.1645187437534332,-0.9715344309806824,0.8115902400433568,0.7645002994570956,1.029726736441146,1.1360531747341156,,0.6481419451691803,-2.0740966143949193,36.95517240356979,36.95517240356979,3.885608706032695e-230,2505642.0,31.871860172302437,6.558449132037842e-223,1.2891917516151026,0.6591930507887591,GCST90200924,cancerType_celltype,KICH_Epi_KICH,tissue,Tumor,Adjacent,group1_higher,1.0808336053719516e-229,1.9864813704372397e-222
2794,1081,-0.2049551569468187,0.8717403740297249,-0.2797740697860718,0.7785312533378601,0.8909990025470536,0.7670641386935138,-1.0766955309765436,-1.0583053231239319,,-0.47457098730553704,2.0885848538250276,-37.40790142373723,-37.40790142373723,7.179819690856278e-239,514860.0,-31.865841086417273,7.946756955691717e-223,-1.2545379644765,-0.6590685604212012,GCST90199996,cancerType_celltype,KICH_Epi_KICH,tissue,Tumor,Adjacent,group2_higher,2.0689416995004457e-238,2.401647390378672e-222
2794,1081,0.2281151436078542,-0.2792673297036352,0.23918827623128885,-0.2992365956306457,0.4547390321752533,0.29280309547593064,0.5073824733114894,0.5384248718619346,,0.49451665613025997,-0.2918834260216379,40.97649487043128,40.97649487043128,2.93336583106577e-292,2503959.0,31.817976547064504,3.653832428997408e-222,1.2197565920803715,0.6580785971259941,GCST90200896,cancerType_celltype,KICH_Epi_KICH,tissue,Tumor,Adjacent,group1_higher,1.030458151480063e-291,1.1018083187441297e-221
2794,1081,-0.2916092770286853,0.6947681123348417,-0.3307133913040161,0.6771685481071472,0.8433436481631735,0.6864060392568505,-0.986377389363527,-1.0078819394111633,,-0.464769771039913,1.2524920524162926,-37.539727157284695,-37.539727157284695,6.215539145087892e-243,517550.0,-31.77971693199657,1.2349164753875626e-221,-1.2288670157727841,-0.6572872886726346,GCST90199976,cancerType_celltype,KICH_Epi_KICH,tissue,Tumor,Adjacent,group2_higher,1.821888140807483e-242,3.7156537659012093e-221
2794,1081,0.3990650906443787,-0.17877621047262204,0.39430223405361176,-0.2222593426704406,0.471275390941898,0.40849543598699417,0.5778413011170007,0.6165615767240523,,0.524721681623535,1.1584648542145006,37.786222840126364,37.786222840126364,2.458415540806935e-242,2500614.0,31.710881641288573,1.1005148635905228e-220,1.2709824084031385,0.6558635956393939,GCST90200606,cancerType_celltype,KICH_Epi_KICH,tissue,Tumor,Adjacent,group1_higher,7.1906016783687816e-242,3.3039686323213273e-220
2794,1081,-0.4120001007220541,0.37962821345653497,-0.46616601943969727,0.3522955179214477,0.6947620152595808,0.5100776820609867,-0.7916283141785891,-0.818461537361145,,-0.419224688987781,-0.11805717601640321,-38.93252054981515,-38.93252054981515,9.444845510797451e-263,520616.0,-31.681554605805538,2.7906015819788253e-220,-1.2205719334201335,-0.6552570361889525,GCST90200661,cancerType_celltype,KICH_Epi_KICH,tissue,Tumor,Adjacent,group2_higher,2.9730541411586436e-262,8.35953836535635e-220
2794,1081,0.5367522645328914,-0.3487435406332174,0.5078383386135101,-0.3963083624839782,0.7847277751332002,0.5481310627506731,0.8854958051661088,0.9041467010974884,,0.4586923039294558,0.6220884279056572,39.66667790788468,39.66667790788468,2.521123953544497e-273,2499003.5,31.659319206086142,5.647213873889393e-220,1.218783710080613,0.6547971502300753,GCST90200732,cancerType_celltype,KICH_Epi_KICH,tissue,Tumor,Adjacent,group1_higher,8.201174101864319e-273,1.687972041691062e-219
2794,1081,-0.33172553779302494,0.06483762947471802,-0.33861851692199707,0.0700275301933288,0.32231847410313785,0.2987745657758145,-0.396563167267743,-0.40864604711532587,,-0.4708180964106079,-2.3550689295590472,-36.23728922113535,-36.23728922113535,6.686927927057909e-224,521844.0,-31.642238449066273,9.70188247339956e-220,-1.2552262376544836,-0.6544438757029898,GCST90200027,cancerType_celltype,KICH_Epi_KICH,tissue,Tumor,Adjacent,group2_higher,1.826509572060106e-223,2.8935811403158866e-219
2794,1081,-0.13933419509589465,0.23409272854992158,-0.18387813866138453,0.2238797545433044,0.33815587741009945,0.26328760794252937,-0.3734269236458162,-0.4077578932046889,,-0.39704913578464257,0.7485265660304528,-36.433556562185615,-36.433556562185615,1.4363252227412603e-233,522433.0,-31.62338078105371,1.7627066915655476e-219,-1.170433937199476,-0.6540538500301625,GCST90200454,cancerType_celltype,KICH_Epi_KICH,tissue,Tumor,Adjacent,group2_higher,4.061641656838875e-233,5.245784324462536e-219
2794,1081,-0.37942415300254656,0.5783901771749501,-0.4113773852586746,0.5585456490516663,0.795670976550218,0.6618427524960399,-0.9578143301774966,-0.9699230343103409,,-0.41337008672182457,0.6082302238411271,-38.105733401497844,-38.105733401497844,1.1888372021892212e-247,522705.0,-31.614672316368793,2.322115045015487e-219,-1.259083552341418,-0.6538737363068873,GCST90200448,cancerType_celltype,KICH_Epi_KICH,tissue,Tumor,Adjacent,group2_higher,3.53025077687126e-247,6.895518096636402e-219
2794,1081,-0.0736683987121816,-1.2217024933390843,-0.16773911565542216,-1.2835116386413574,1.0562287286857128,0.678241222973537,1.1480340946269028,1.1157725229859352,,0.6394311728435275,-4.05168490881377,39.973456492316735,39.973456492316735,5.941826711354854e-281,2496988.0,31.59479012309918,4.3556651010506544e-219,1.1886675444956054,0.6534625207842628,GCST90199873,cancerType_celltype,KICH_Epi_KICH,tissue,Tumor,Adjacent,group1_higher,1.975295075018699e-280,1.2906025071156614e-218
2794,1081,-0.3588499214575438,0.3597884973785028,-0.4129960983991623,0.3589097559452057,0.6235221826911335,0.48519203919010423,-0.7186384188360466,-0.771905854344368,,-0.4497836307130532,0.003768448200467946,-38.03864375168464,-38.03864375168464,2.58071910707554e-250,523576.0,-31.586786019528482,5.610197896245561e-219,-1.221699849355732,-0.6532969750827231,GCST90199775,cancerType_celltype,KICH_Epi_KICH,tissue,Tumor,Adjacent,group2_higher,7.713859962596406e-250,1.6587201155277006e-218
2794,1081,-0.2928880676955508,0.22216986359817417,-0.3098191171884537,0.208878681063652,0.40578753190758654,0.41188133932702103,-0.515057931293725,-0.5186977982521057,,-0.3704597175299395,-0.3986847163818377,-35.055866718676945,-35.055866718676945,6.270078646838679e-209,525557.0,-31.523361502834277,4.159401259664185e-218,-1.263958328577057,-0.6519851909437231,GCST90199893,cancerType_celltype,KICH_Epi_KICH,tissue,Tumor,Adjacent,group2_higher,1.6124749425737961e-208,1.2271134019312302e-217
2794,1081,-0.22804352311941486,-0.8345958088935163,-0.28345121443271637,-0.8917317390441895,0.5135683937991455,0.45132221569741887,0.6065522857741014,0.6082805246114731,,0.5786370818330923,-1.8717638826087148,36.06671458147104,36.06671458147104,1.4611430929258138e-224,2494263.0,31.507545394178578,6.850513178816461e-218,1.220438651863884,0.6516580726374808,GCST90199776,cancerType_celltype,KICH_Epi_KICH,tissue,Tumor,Adjacent,group1_higher,4.007118784019888e-224,2.016684549185062e-217
2794,1081,-0.33638862405955555,0.03498187432055699,-0.36334720253944397,0.0258570555597543,0.3221199855967015,0.2831305706210206,-0.37137049838011255,-0.3892042580991983,,-0.5002964037479116,-3.265412470011033,-35.2024272005141,-35.2024272005141,4.835889458442668e-216,528302.0,-31.43547644562802,6.6335585592534425e-217,-1.1912891173588416,-0.6501674991408177,GCST90200742,cancerType_celltype,KICH_Epi_KICH,tissue,Tumor,Adjacent,group2_higher,1.2651280867288592e-215,1.948607826780699e-216
2794,1081,-1.0539435986306955,-0.12786211914448137,-1.124860405921936,-0.2044604867696762,0.7073023840992453,0.7739833802781754,-0.9260814794862142,-0.9203999191522598,,-0.56834369946883,-3.043126934466565,-34.200538128184505,-34.200538128184505,2.420976490650255e-198,528659.0,-31.424046585729066,9.50427706960057e-217,-1.2746949388691597,-0.6499310998790192,GCST90200139,cancerType_celltype,KICH_Epi_KICH,tissue,Tumor,Adjacent,group2_higher,5.956301365986096e-198,2.7858773431968987e-216
2794,1081,-0.4119636689922082,0.5117071233352708,-0.482604444026947,0.4718566238880157,0.7506773183560073,0.7059418623603397,-0.923670792327479,-0.9544610679149628,,-0.49263712707500573,0.3128005222525325,-35.880519648421945,-35.880519648421945,7.843977759752874e-220,528795.0,-31.419692353386605,1.0899296652162332e-216,-1.2507810459235058,-0.6498410430173817,GCST90200767,cancerType_celltype,KICH_Epi_KICH,tissue,Tumor,Adjacent,group2_higher,2.1129133767871872e-219,3.187927325514433e-216
2794,1081,-0.08333246473751413,-0.4613837632626383,-0.0929772071540355,-0.4710250198841095,0.34139827537219836,0.242354157008028,0.3780512985251242,0.378047812730074,,0.4545231510380757,-2.4690024922715783,38.57468883765503,38.57468883765503,1.483127975159979e-260,2490281.0,31.380056032504513,3.7884152161555143e-216,1.1929397055045454,0.6490212607033574,GCST90199886,cancerType_celltype,KICH_Epi_KICH,tissue,Tumor,Adjacent,group1_higher,4.6258659728673945e-260,1.1056980598757957e-215
2794,1081,0.31769496858417806,-0.36902410078140585,0.2835070639848709,-0.3866198658943176,0.634561757878341,0.38227837372579015,0.6867190693655839,0.6701269298791885,,0.54738414174225,-0.21607216751321257,41.09029111418245,41.09029111418245,8.049823045112829e-297,2490262.0,31.37944772063314,3.8615003321695915e-216,1.1933761615412741,0.6490086792300402,GCST90200571,cancerType_celltype,KICH_Epi_KICH,tissue,Tumor,Adjacent,group1_higher,2.910320639386946e-296,1.1246207163989643e-215
2794,1081,-0.4070116605512636,-0.05947311296999727,-0.4272097200155258,-0.0677500888705253,0.2973442841392962,0.2736311683575813,-0.34753854758126634,-0.3594596311450005,,-0.4086006306473597,-2.7747399169490077,-34.59717937365642,-34.59717937365642,2.3463272605414068e-208,530964.0,-31.350248750807236,9.65818408830062e-216,-1.1945934912446405,-0.6484047685108236,GCST90200370,cancerType_celltype,KICH_Epi_KICH,tissue,Tumor,Adjacent,group2_higher,6.000082656881684e-208,2.8068453970903505e-215
2794,1081,0.9307176118734712,-0.4739731172030571,0.9368503093719482,-0.4716053903102875,1.3039752213343263,0.7691923294037736,1.4046907290765285,1.4084556996822357,,0.5735952331812846,0.9735367790349966,41.3162907149995,41.3162907149995,1.9980883052331706e-300,2486148.0,31.247732192273745,2.3978376595769987e-214,1.1909343405365171,0.6462844591655039,GCST90200521,cancerType_celltype,KICH_Epi_KICH,tissue,Tumor,Adjacent,group1_higher,7.28180310169201e-300,6.9537292127732965e-214
2794,1081,-0.08142296342563987,0.5253256383933735,-0.12130743637681,0.505216658115387,0.5272492400817537,0.4362517367423071,-0.6067486018190134,-0.6265240944921969,,-0.5177977981691018,2.6896893893805176,-36.551711456384446,-36.551711456384446,4.39565432985792e-232,534201.5,-31.246595609566707,2.4846171255213406e-214,-1.2049888320323054,-0.6462609516758854,GCST90199681,cancerType_celltype,KICH_Epi_KICH,tissue,Tumor,Adjacent,group2_higher,1.2353148147621331e-231,7.190091596784686e-214
2794,1081,0.6270198661205009,-0.28468293977395615,0.5826492011547089,-0.3594699501991272,0.814760063705256,0.6057204111398602,0.911702805894457,0.9421191513538361,,0.5553785855823345,1.1391523472661496,37.95474805131554,37.95474805131554,1.1762866008242671e-251,2484808.0,31.204830197134807,9.166976699114337e-214,1.1960607410001043,0.6453971342052516,GCST90200962,cancerType_celltype,KICH_Epi_KICH,tissue,Tumor,Adjacent,group1_higher,3.5314507421221936e-251,2.647158737477297e-213
2794,1081,-0.011175802823745029,-0.5537345452665133,-0.02360618766397235,-0.5634392499923706,0.4836208986748158,0.3533988038915472,0.5425587424427682,0.5398330623283982,,0.5379787930815728,-5.6306176712889355,38.43743090903278,38.43743090903278,1.17098382530903e-257,2484110.0,31.18248273996542,1.8419705211914406e-213,1.2027361461947246,0.6449349306065528,GCST90200945,cancerType_celltype,KICH_Epi_KICH,tissue,Tumor,Adjacent,group1_higher,3.61097500881495e-257,5.3078347153994366e-213
2794,1081,0.022805797181745278,-0.4180255013768124,0.008162242360413002,-0.4437761008739471,0.40898368086671233,0.28325143967379324,0.4408312985585577,0.4519383432343601,,0.49656569102620984,-4.196058642338032,38.069763529127606,38.069763529127606,3.291082255601313e-256,2483193.0,31.153123688068103,4.603572601432497e-213,1.16575837382417,0.6443277089733055,GCST90199968,cancerType_celltype,KICH_Epi_KICH,tissue,Tumor,Adjacent,group1_higher,1.0103029536902227e-255,1.3237699273739438e-212
2794,1081,1.8815762495286876,0.12946710278761248,1.94322270154953,0.0280445646494627,1.5839678591128543,1.0966042292885199,1.7521091467410752,1.9151781369000673,,0.47921781325896406,3.861273913232983,39.076756955243255,39.076756955243255,2.8439941854724465e-267,2482701.0,31.13737161224097,7.522807677289838e-213,1.1964163090338444,0.6440019150326755,GCST90199787,cancerType_celltype,KICH_Epi_KICH,tissue,Tumor,Adjacent,group1_higher,9.056925408408748e-267,2.1586498661360103e-212
2794,1081,0.036194017879519896,-0.5880273446651451,0.0316054206341505,-0.6220728754997253,0.5401040894940341,0.4161565939853358,0.624221362544665,0.6536782961338758,,0.6058438240032757,-4.022022664760622,38.37341955008279,38.37341955008279,2.503780273453185e-254,2482323.0,31.125269407642076,1.0969128148137448e-212,1.2273633679793647,0.6437516099319476,GCST90200170,cancerType_celltype,KICH_Epi_KICH,tissue,Tumor,Adjacent,group1_higher,7.617527930171185e-254,3.140949929813307e-212
2794,1081,-0.2924036685939884,0.29042651897403354,-0.30893284082412714,0.2804921567440033,0.489772851948065,0.42380754366813994,-0.582830187568022,-0.5894249975681305,,-0.47757582975147134,-0.009788185877252645,-36.71420802723042,-36.71420802723042,1.1062284960138175e-231,538452.0,-31.11050984065771,1.7371735207830575e-212,-1.2340111301469556,-0.6434463436583084,GCST90200644,cancerType_celltype,KICH_Epi_KICH,tissue,Tumor,Adjacent,group2_higher,3.1024474075449243e-231,4.963873184124334e-212
2794,1081,-0.39541596844197235,0.2909634104464782,-0.45711471140384674,0.247560828924179,0.5833292409539477,0.5262102609018183,-0.6863793788884506,-0.7046755403280257,,-0.5039832315786892,-0.4425320829698693,-35.30652544796691,-35.30652544796691,5.262410784047703e-216,538525.0,-31.108172642415067,1.8683263188432965e-212,-1.2084585190049004,-0.6433980043134588,GCST90199693,cancerType_celltype,KICH_Epi_KICH,tissue,Tumor,Adjacent,group2_higher,1.3740739269457892e-215,5.327466051429735e-212
2794,1081,-0.9459272709456136,-0.35931186425069067,-1.0214315056800842,-0.3911815881729126,0.4634188579747538,0.47324125463531974,-0.586615406694923,-0.6302499175071716,,-0.6437119159451654,-1.3964902010335118,-34.806788959232314,-34.806788959232314,2.2184639830667299e-206,539084.5,-31.090259458623844,3.263184033850357e-212,-1.258348856688008,-0.6430275130334131,GCST90200800,cancerType_celltype,KICH_Epi_KICH,tissue,Tumor,Adjacent,group2_higher,5.651899829756921e-206,9.285427637031393e-212
2794,1081,-0.437459716771147,0.2678059993706347,-0.48471924662590027,0.2802854478359222,0.6466744514375957,0.4663674520469746,-0.7052657161417817,-0.7650046944618225,,-0.4516965206009257,-0.7079598039444768,-37.6510131621312,-37.6510131621312,7.863275630510152e-250,539139.0,-31.088514564045433,3.44528696673845e-212,-1.1718272848560995,-0.6429914240704775,GCST90199925,cancerType_celltype,KICH_Epi_KICH,tissue,Tumor,Adjacent,group2_higher,2.345217655226551e-249,9.783179449301058e-212
2794,1081,-0.06302737856933141,-0.4509087819469297,-0.0867167636752128,-0.4591013193130493,0.3191658786988223,0.300536489271243,0.38788140337759824,0.3723845556378365,,0.5249746419335979,-2.8387653534480197,35.406584199478424,35.406584199478424,3.1908334550495613e-215,2477128.0,30.958944135442987,1.9266075641314553e-210,1.2349680806367456,0.6403115702539537,GCST90199930,cancerType_celltype,KICH_Epi_KICH,tissue,Tumor,Adjacent,group1_higher,8.31569024709857e-215,5.4593890018943317e-210
2794,1081,0.5390385537167492,-0.11364477721907054,0.5556596219539642,-0.127983957529068,0.590716797201125,0.4211922068990425,0.6526833309358198,0.6836435794830322,,0.46593472820852244,2.245847060768868,38.39305189855336,38.39305189855336,2.269277959402055e-258,2476009.0,30.923117767860546,5.844028545031218e-210,1.1894312329563181,0.6395705876938622,GCST90199997,cancerType_celltype,KICH_Epi_KICH,tissue,Tumor,Adjacent,group1_higher,7.013664078605444e-258,1.65257487694555e-209
2794,1081,0.7565568939941855,-0.05522730754983243,0.7427417039871216,-0.1147743538022041,0.7388696975161942,0.5431390985581946,0.8117842015440179,0.8575160577893257,,0.5280180064944664,3.775970663489421,37.51316999312284,37.51316999312284,1.7576470769276473e-247,2475520.0,30.90746174127626,9.487129485130804e-210,1.1766766109880769,0.6392467803016508,GCST90200355,cancerType_celltype,KICH_Epi_KICH,tissue,Tumor,Adjacent,group1_higher,5.207984708374746e-247,2.6772168712698315e-209
2794,1081,0.3783366443008915,-0.3567600415361667,0.34093622863292694,-0.3699974715709686,0.7090892838488241,0.3994802654725069,0.7350966858370582,0.7109337002038956,,0.6469976936685098,0.08471624964023342,40.614533654461454,40.614533654461454,5.0833083645298246e-294,2474516.0,30.875317261336342,2.563507728597151e-209,1.1521118853408745,0.6385819487642677,GCST90199689,cancerType_celltype,KICH_Epi_KICH,tissue,Tumor,Adjacent,group1_higher,1.8043097137641018e-293,7.21913436792958e-209
2794,1081,-0.22913287505175597,-0.8895000513459088,-0.28333956003189087,-0.9195824265480042,0.6160089507363464,0.41264568008838304,0.6603671762941529,0.6362428665161133,,0.5668604126734473,-1.9568055488736482,38.557190505357255,38.557190505357255,4.381624829262102e-263,2473994.0,30.858604693080725,4.2964227597220084e-209,1.1653132465955438,0.6382362893394529,GCST90199663,cancerType_celltype,KICH_Epi_KICH,tissue,Tumor,Adjacent,group1_higher,1.3824432042324641e-262,1.2074276745363087e-208
2794,1081,-0.620074138664184,0.35362648401318336,-0.702736496925354,0.2716944217681885,0.8613385011781592,0.7062460497832755,-0.9737006226773675,-0.9744309186935425,,-0.5016835871937901,-0.8102126414358917,-36.11394687049672,-36.11394687049672,4.7814327643723e-228,546437.0,-30.85485877260964,4.82345611202683e-209,-1.1859336503027769,-0.6381588139511323,GCST90200418,cancerType_celltype,KICH_Epi_KICH,tissue,Tumor,Adjacent,group2_higher,1.3246123694795622e-227,1.3527511688667837e-208
2794,1081,0.04939801795733699,-0.6203284633471255,0.01579465204849835,-0.6317905187606812,0.6393593214048071,0.4000172817204551,0.6697264813044626,0.6475851708091795,,0.5670695596956007,-3.650480382479941,39.03731357046334,39.03731357046334,1.7957849006132982e-271,2472089.0,30.79761342387201,2.8219171090890643e-208,1.1495677643774314,0.6369748310937207,GCST90200290,cancerType_celltype,KICH_Epi_KICH,tissue,Tumor,Adjacent,group1_higher,5.813906934764668e-271,7.897891210859128e-208
2794,1081,-0.10584722555527643,0.9716422553676044,-0.14421565085649485,0.9600053429603576,0.8807720893793337,0.8304104654074951,-1.0774894809228808,-1.1042209938168523,,-0.4295443338323608,3.1984296327952846,-35.609755789702334,-35.609755789702334,4.033546786427351e-217,552039.0,-30.675502819797455,1.2086070193116569e-206,-1.2427464938661807,-0.6344492658710319,GCST90200513,cancerType_celltype,KICH_Epi_KICH,tissue,Tumor,Adjacent,group2_higher,1.0633896073308471e-216,3.375679031397107e-206
2794,1081,0.06978035571335277,-0.2682401147180183,0.07600165158510205,-0.2754552960395813,0.3125309720757779,0.2315461448568447,0.33802047043137107,0.3514569476246834,,0.31886337588038993,-1.9426168519815554,36.75973695036793,36.75973695036793,3.852826605229581e-239,2467341.0,30.64559948885733,3.026158040989615e-206,1.1567583402138084,0.6338307871300799,GCST90199918,cancerType_celltype,KICH_Epi_KICH,tissue,Tumor,Adjacent,group1_higher,1.1125853099423557e-238,8.434874048811544e-206
2794,1081,0.25044125694810376,-0.5918010481610415,0.1944499835371971,-0.6408208608627319,0.7876350198725143,0.550645397929384,0.8422423051091452,0.835270844399929,,0.6265780826150994,-1.2406366818057686,37.57140754651903,37.57140754651903,2.2960662117922784e-250,2464689.0,30.56069195817937,4.079251453285356e-205,1.154810114891555,0.6320746783281472,GCST90200453,cancerType_celltype,KICH_Epi_KICH,tissue,Tumor,Adjacent,group1_higher,6.878106036643683e-250,1.1346979042506e-204
2794,1081,0.5743218271828477,-0.5513965936269306,0.5148741602897644,-0.5885722637176514,1.0681510623823882,0.6524912578642272,1.1257184208097784,1.1034464240074158,,0.7124223138068844,0.058768933344651886,39.74555557366457,39.74555557366457,1.3505665570844426e-280,2464665.0,30.559923564236584,4.176280163568037e-205,1.1601583917672904,0.6320587859407996,GCST90200160,cancerType_celltype,KICH_Epi_KICH,tissue,Tumor,Adjacent,group1_higher,4.478886173494149e-280,1.1593217643468909e-204
2794,1081,-0.025924199313452957,-0.7736770425613338,-0.01946360338479275,-0.788051962852478,0.7301852359447685,0.40307630087768864,0.7477528432478809,0.7685883594676852,,0.49441251338005365,-4.899306344231831,40.48576006811889,40.48576006811889,3.1188546590900425e-293,2464282.0,30.547661277566277,6.076814221116884e-205,1.140578399258378,0.6318051699260407,GCST90200674,cancerType_celltype,KICH_Epi_KICH,tissue,Tumor,Adjacent,group1_higher,1.1041555585297994e-292,1.6834751592240474e-204
2794,1081,0.31873323126426384,-0.2729695550325778,0.2686308026313782,-0.3116612136363983,0.5314711079596063,0.4086787917938222,0.5917027862968416,0.5802920162677765,,0.6190464658049558,0.22360863133827585,37.01039896338594,37.01039896338594,4.035643143596117e-240,2461565.0,30.460672679959938,8.656014569314762e-204,1.182767544600488,0.6300060192417081,GCST90200482,cancerType_celltype,KICH_Epi_KICH,tissue,Tumor,Adjacent,group1_higher,1.1728318986613021e-239,2.3931334397517284e-203
2794,1081,0.12108540172739568,-0.45100803238513754,0.09621910005807871,-0.491354376077652,0.5374642755906917,0.3678206823123895,0.5720934341125332,0.5875734761357307,,0.6074670603078164,-1.8971194704480168,37.84276298703033,37.84276298703033,2.9329501456594545e-254,2459846.0,30.405636463807824,4.6292675136378973e-203,1.153351633484894,0.6288677269979215,GCST90200949,cancerType_celltype,KICH_Epi_KICH,tissue,Tumor,Adjacent,group1_higher,8.903365364217898e-254,1.2772655103417923e-202
2794,1081,-0.043698243182017406,-0.41779860338184527,-0.061908831819891846,-0.4315113127231598,0.3838573292456524,0.2107395419988025,0.37410036019982784,0.36960248090326797,,0.46659807311899903,-3.257130923528326,38.62247420164137,38.62247420164137,2.0727456946688805e-271,2453800.5,30.21208123126122,1.6445236037923313e-200,1.0860950908570886,0.6248645008432898,GCST90200672,cancerType_celltype,KICH_Epi_KICH,tissue,Tumor,Adjacent,group1_higher,6.694673890601147e-271,4.528253882765551e-200
2794,1081,-0.19543662940983814,0.3853718372802556,-0.21944809705018994,0.3995254039764404,0.4593290750678506,0.4768278502417229,-0.5808084666900937,-0.6189735010266303,,-0.485840139891228,0.9795466184858194,-34.353465050655274,-34.353465050655274,1.3856222139335576e-201,566778.0,-30.203612889683424,2.1245090563713433e-200,-1.2510009756715939,-0.6246893534910609,GCST90199830,cancerType_celltype,KICH_Epi_KICH,tissue,Tumor,Adjacent,group2_higher,3.4653267478742e-201,5.838116620633349e-200
2794,1081,0.15865696211398722,-0.2832540515172713,0.1155329495668411,-0.2977427840232849,0.4236396384221105,0.2754183756032782,0.4419110136312585,0.41327573359012604,,0.5786859988746833,-0.8361817615393202,38.11764291033242,38.11764291033242,1.6856278338375047e-259,2452136.0,30.158789909687517,8.23038916366357e-200,1.1388208951555832,0.6237622975624388,GCST90200937,cancerType_celltype,KICH_Epi_KICH,tissue,Tumor,Adjacent,group1_higher,5.245458304841367e-259,2.257146967821619e-199
2794,1081,-0.7973939952410435,0.11589397500303791,-0.9012636542320251,0.0677749440073967,0.8281916480785523,0.7170434409757714,-0.9132879702440814,-0.9690385982394218,,-0.4814099136458005,-2.7824765354053222,-34.00987475801623,-34.00987475801623,6.050855763858169e-205,568754.0,-30.140348455060632,1.4359981049259715e-199,-1.1433905101644914,-0.6233808802660916,GCST90200804,cancerType_celltype,KICH_Epi_KICH,tissue,Tumor,Adjacent,group2_higher,1.5272808159516082e-204,3.930251841393773e-199
2794,1081,2.060391480187634,0.6564464960235971,2.1514476537704468,0.6423750519752502,1.3941228476424685,0.8053842265471476,1.403944984164037,1.5090726017951965,,0.472314446074627,1.650167648554592,39.00349373924026,39.00349373924026,3.445222933636366e-274,2450972.0,30.12152280346235,2.5337939699140836e-199,1.1160426647099913,0.6229915167760702,GCST90200659,cancerType_celltype,KICH_Epi_KICH,tissue,Tumor,Adjacent,group1_higher,1.1234064254895614e-273,6.920964290566926e-199
2794,1081,0.011985514307146691,-0.28943992266528373,0.00297547178342935,-0.2996914982795715,0.2927927100434052,0.2042600357067914,0.3014254369724304,0.3026669700630008,,0.4776612299924107,-4.5937848246384405,36.21431242985939,36.21431242985939,7.989409895119752e-236,2450340.0,30.101288429635627,4.6630670460184025e-199,1.1121535967410938,0.6225730172425781,GCST90200266,cancerType_celltype,KICH_Epi_KICH,tissue,Tumor,Adjacent,group1_higher,2.278151817374105e-235,1.2711520767446166e-198
2794,1081,0.1348468956999456,-0.2697098861893451,0.1377985924482345,-0.2847413122653961,0.37392364117921945,0.2861584794198782,0.4045567818892907,0.4225399047136306,,0.395182894431807,-1.00008074493253,36.070365653875015,36.070365653875015,1.5297645784230593e-230,2449962.0,30.089186225036734,6.714659821563299e-199,1.150422439672252,0.6223227121418502,GCST90200753,cancerType_celltype,KICH_Epi_KICH,tissue,Tumor,Adjacent,group1_higher,4.281456099364743e-230,1.826762741874407e-198
2794,1081,-0.6124869578173977,-0.019487569612605112,-0.6634368300437927,-0.0187145695090293,0.5115590663504773,0.4812466900575647,-0.5929993882047926,-0.6447222605347634,,-0.48170188764895566,-4.9739813682052265,-33.79438166208703,-33.79438166208703,7.003962332519568e-200,570481.0,-30.085056107594255,7.604144422447094e-199,-1.1782460349097827,-0.6222372905598557,GCST90200149,cancerType_celltype,KICH_Epi_KICH,tissue,Tumor,Adjacent,group2_higher,1.7388707940299037e-199,2.0646312445807547e-198
2794,1081,-0.3149592362666876,-0.6393004453583353,-0.3498356193304062,-0.6583463549613953,0.3236295500838986,0.22465365947172808,0.3243412090916477,0.3085107356309891,,0.5915231512842849,-1.0213266557039196,35.35200607343206,35.35200607343206,8.340378129787558e-227,2449672.0,30.079901464894725,8.88112902740221e-199,1.0835262363011413,0.6221306791280641,GCST90200533,cancerType_celltype,KICH_Epi_KICH,tissue,Tumor,Adjacent,group1_higher,2.3012014961336924e-226,2.4065564342642573e-198
2794,1081,-0.06984365476030516,0.8853150428176723,-0.1862537264823913,0.8265945315361023,0.910826437538155,0.7626314714410689,-0.9551586975779774,-1.0128482580184937,,-0.3797163552594524,3.6639709498773216,-33.05561352600508,-33.05561352600508,8.773256759255931e-197,570979.0,-30.069111933281423,1.228988268184355e-198,-1.095318193863145,-0.6219075235223888,GCST90200252,cancerType_celltype,KICH_Epi_KICH,tissue,Tumor,Adjacent,group2_higher,2.143001606248357e-196,3.3236329554271346e-198
2794,1081,-0.5540187779048534,-0.023360687014444367,-0.5958954989910126,-0.0450324490666389,0.40285166539637673,0.48266649678478685,-0.530658090890409,-0.5508630499243736,,-0.4844084224629925,-4.567721115600762,-32.08191262051972,-32.08191262051972,7.73794252244704e-177,571147.0,-30.063733175681918,1.444971646714249e-198,-1.2438881241866768,-0.6217962768109542,GCST90200805,cancerType_celltype,KICH_Epi_KICH,tissue,Tumor,Adjacent,group2_higher,1.760737171635278e-176,3.899992781131725e-198
2794,1081,0.4812522881656461,1.3838165554616024,0.45705001056194305,1.331868290901184,0.7922417362986413,0.6789354380050721,-0.9025642672959564,-0.874818280339241,,-0.44356834442134746,1.5237854454168565,-35.37279343257013,-35.37279343257013,9.382960467559273e-219,571830.0,-30.04186596472677,2.789845678878387e-198,-1.183937675017328,-0.6213440059543478,GCST90199977,cancerType_celltype,KICH_Epi_KICH,tissue,Tumor,Adjacent,group2_higher,2.4978467025943925e-218,7.514940040140793e-198
2794,1081,1.0294090773649744,-0.5815026767855699,0.9146362245082854,-0.7020643949508667,1.366545542861178,1.2341899631517683,1.6109117541505444,1.6167006194591522,,0.6106037358567837,0.823957592079831,35.34311057938074,35.34311057938074,2.589608017261194e-216,2446321.0,29.9726144606331,2.2339008778410467e-197,1.2103366137761846,0.6199117045446267,GCST90200472,cancerType_celltype,KICH_Epi_KICH,tissue,Tumor,Adjacent,group1_higher,6.800839552075158e-216,6.005536285004629e-197
2794,1081,-0.3290634682471957,0.5070105688009705,-0.3966605365276336,0.3935224413871765,0.6534422244283963,0.7675368433737764,-0.8360740370481662,-0.7901829779148102,,-0.5538908598207442,0.6236484110649001,-31.650563427215317,-31.650563427215317,1.307435999657437e-173,574218.0,-29.96541076741947,2.772852646407561e-197,-1.216699987481315,-0.6197627134132411,GCST90199769,cancerType_celltype,KICH_Epi_KICH,tissue,Tumor,Adjacent,group2_higher,2.9455128388976635e-173,7.439760151680129e-197
2794,1081,0.34025466699753093,1.4867720382534066,0.30691054463386536,1.4832191467285156,0.9729060925640306,0.9037142200694097,-1.1465173712558756,-1.1763086020946503,,-0.4693602917711928,2.127493335836295,-34.65900199251947,-34.65900199251947,1.3631055367330586e-208,574462.0,-29.95759876233447,3.5050195080108955e-197,-1.2016536340341706,-0.6196011408085385,GCST90200206,cancerType_celltype,KICH_Epi_KICH,tissue,Tumor,Adjacent,group2_higher,3.4988942496556666e-208,9.385739861333694e-197
2794,1081,-0.05573602278120869,0.972473817788733,-0.08557525649666785,0.9516185522079468,0.9080537672137786,0.7575418965669248,-1.0282098405699416,-1.0371938087046146,,-0.45368759017762517,4.124953044639136,-35.77625558977553,-35.77625558977553,6.706467820688123e-224,574718.0,-29.949402560278077,4.481572203594545e-197,-1.1836067763198737,-0.6194316220101619,GCST90200177,cancerType_celltype,KICH_Epi_KICH,tissue,Tumor,Adjacent,group2_higher,1.828183127919582e-223,1.1977221399018362e-196
2794,1081,0.2503082216182309,-0.28002719897187767,0.23060180246829987,-0.3064372837543487,0.49956609499186766,0.3564959120942583,0.5303354205901085,0.5370390862226486,,0.5074720731637441,-0.16186067236140791,36.87077593527122,36.87077593527122,6.251811201086436e-242,2443301.0,29.875924889499075,4.046091932791133e-196,1.1426534449177936,0.6179119124700279,GCST90199678,cancerType_celltype,KICH_Epi_KICH,tissue,Tumor,Adjacent,group1_higher,1.824672091451994e-241,1.0792217816818618e-195
2794,1081,-0.006250129680249839,0.4225069563695052,-0.02772683370858425,0.4112562239170074,0.4047793486236279,0.31370105309653684,-0.42875708604975504,-0.43898305762559164,,-0.37045345290197407,6.0787177675667445,-35.04565070404485,-35.04565070404485,1.7932645338957562e-219,577090.0,-29.8734596255993,4.355688785735023e-196,-1.1236538678599535,-0.6178609243939537,GCST90200656,cancerType_celltype,KICH_Epi_KICH,tissue,Tumor,Adjacent,group2_higher,4.802003064243449e-219,1.159531995108757e-195
2794,1081,-0.14908531527442434,-1.5242602806953498,-0.2316813021898269,-1.6085156202316284,1.234064724636699,1.0346342624967613,1.3751749654209255,1.3768343180418015,,0.615533476278578,-3.353890480140364,35.09602900514065,35.09602900514065,6.879470800824943e-217,2442459.0,29.848967068672966,9.058270586602446e-196,1.1635867333952608,0.6173543545472424,GCST90200428,cancerType_celltype,KICH_Epi_KICH,tissue,Tumor,Adjacent,group1_higher,1.8101773555066404e-216,2.4067100993253672e-195
2794,1081,-0.08520459244593352,-0.3903237100176696,-0.11819265037775034,-0.3988823294639587,0.3011274259955202,0.2148660477225262,0.30511911757173604,0.28068967908620834,,0.5398376757525224,-2.1956547678007254,35.194011712700885,35.194011712700885,3.9377681771866097e-224,2441419.0,29.815669997818866,2.448645617670399e-195,1.0906445151453754,0.6166656844288376,GCST90200613,cancerType_celltype,KICH_Epi_KICH,tissue,Tumor,Adjacent,group1_higher,1.0777465914669374e-223,6.493198398608471e-195
2794,1081,1.2401132941952984,-0.07183491111254246,1.2408807277679443,-0.1221520379185676,1.2775824324556577,0.8498167933217688,1.3119482053078408,1.363032765686512,,0.41470261680945875,4.109624046943621,37.07398479398844,37.07398479398844,5.037772179338347e-247,2440732.0,29.79367472120659,4.720114474469834e-195,1.1174313036465684,0.6162107648410067,GCST90200849,cancerType_celltype,KICH_Epi_KICH,tissue,Tumor,Adjacent,group1_higher,1.489475809205676e-246,1.2492264133402688e-194
2794,1081,-0.3571041503991838,0.43311901852449963,-0.4401005804538727,0.4413008987903595,0.6303383557500356,0.6762170254576693,-0.7902231689236834,-0.8814014792442322,,-0.5042140346912161,0.2784179128235674,-33.23867349106033,-33.23867349106033,2.6761421160692617e-190,579961.0,-29.78154050019341,6.778045035373579e-195,-1.2280828888422268,-0.6159597975574724,GCST90199876,cancerType_celltype,KICH_Epi_KICH,tissue,Tumor,Adjacent,group2_higher,6.399266147723515e-190,1.7904022060492613e-194
2794,1081,0.5391480368201136,0.050830415083855954,0.5417038202285767,0.0423997491598129,0.4471903661293147,0.34832931991152805,0.48831762173625765,0.49930407106876373,,0.5398939130613998,3.4068918325950137,36.017240365405364,36.017240365405364,2.9913245672841895e-229,2439671.0,29.75970530565255,1.2993737529979497e-194,1.1572660219360764,0.6155081888836724,GCST90199868,cancerType_celltype,KICH_Epi_KICH,tissue,Tumor,Adjacent,group1_higher,8.303819521809267e-229,3.42562171244914e-194
2794,1081,0.6050621853893305,-0.7046722113676059,0.6361855566501617,-0.7370971441268921,1.285000286244327,0.8002120430908027,1.3097343967569364,1.3732827007770538,,0.507851651087092,-0.219868562421828,38.07386453731517,38.07386453731517,9.596236603212053e-261,2439297.0,29.747731166710786,1.856251111476708e-194,1.1192527093598388,0.6152605325141691,GCST90201009,cancerType_celltype,KICH_Epi_KICH,tissue,Tumor,Adjacent,group1_higher,2.9999244243527585e-260,4.884305530777516e-194
2794,1081,-0.032870095743036565,-0.7657275573409935,-0.089906845241785,-0.7926014065742493,0.6831913340692461,0.5271613806264811,0.732857461597957,0.7026945613324642,,0.5179485023029115,-4.541941608755925,35.58522819391975,35.58522819391975,3.4673389990960006e-225,2439150.0,29.743024753811216,2.135521214182995e-194,1.1388667360372848,0.6151631916416638,GCST90199882,cancerType_celltype,KICH_Epi_KICH,tissue,Tumor,Adjacent,group1_higher,9.528191644693243e-225,5.608314864993106e-194
2794,1081,0.14540388992509015,-0.3151986403902303,0.1197559610009193,-0.3327645361423492,0.428442497931361,0.33713931696168475,0.4606025303153205,0.4525204971432685,,0.5267182856159514,-1.1161901013341082,35.239122713422326,35.239122713422326,7.448074873758396e-221,2438163.0,29.711424552914103,5.469335229764887e-194,1.1371304395718513,0.6145096172119853,GCST90200638,cancerType_celltype,KICH_Epi_KICH,tissue,Tumor,Adjacent,group1_higher,2.010242782758949e-220,1.4335969073402962e-193
2794,1081,0.586115146362301,-0.5238519269348102,0.5146104097366333,-0.6028497219085693,1.0058654425479998,0.8445943183142429,1.1099670732971112,1.1174601316452026,,0.5018521780032371,0.16202475308933087,34.7202361750277,34.7202361750277,4.331277747466591e-213,2437637.0,29.694583919001357,9.024471698278045e-194,1.1518816759493176,0.6141613090559459,GCST90200038,cancerType_celltype,KICH_Epi_KICH,tissue,Tumor,Adjacent,group1_higher,1.1202147191265586e-212,2.36091265350345e-193
2794,1081,0.14153045201830508,1.6043164100751899,0.1702671125531196,1.605377197265625,1.228522462502766,1.1827530740287526,-1.4627859580568847,-1.4351100847125053,,-0.41675650340839265,3.5027650048828605,-34.15463642083211,-34.15463642083211,1.8607112497769232e-202,583228.0,-29.67694287473154,1.5244525689651372e-193,-1.2030155195387384,-0.6137964463297525,GCST90200541,cancerType_celltype,KICH_Epi_KICH,tissue,Tumor,Adjacent,group2_higher,4.670625107635261e-202,3.980515041186747e-193
2794,1081,0.4206680234460545,-0.3724429638479956,0.4281235635280609,-0.4433430433273315,0.6921453688700818,0.6332689541967621,0.79311098729405,0.8714666068553925,,0.5201360205922348,0.1756622062936055,34.05314184320113,34.05314184320113,2.384388964646398e-203,2434278.0,29.58704078342547,2.1947188753259566e-192,1.172819391412417,0.6119370370100592,GCST90200590,cancerType_celltype,KICH_Epi_KICH,tissue,Tumor,Adjacent,group1_higher,5.996166344673506e-203,5.719697566098048e-192
2794,1081,-0.08627277762311382,-0.46441081396373424,-0.10526777431368825,-0.487527996301651,0.36090238574818795,0.2789621682068445,0.37813803634062043,0.3822602219879627,,0.4605410561908887,-2.4284106397633303,34.72127604099338,34.72127604099338,2.9513036977550285e-216,2433076.0,29.548557053457554,6.856733202559116e-192,1.1120261266025968,0.6111410932770567,GCST90199707,cancerType_celltype,KICH_Epi_KICH,tissue,Tumor,Adjacent,group1_higher,7.73582103853866e-216,1.7835357547878005e-191
2794,1081,-0.30957872351692894,-0.9058238475321371,-0.3788509517908096,-0.9206662774086,0.5853527665928276,0.4022781390366588,0.5962451240152081,0.5418153256177904,,0.506146987830834,-1.5489211316012241,36.13040833809489,36.13040833809489,1.670013314492718e-235,2433000.0,29.546123805972062,7.36846372666717e-192,1.1029888896038624,0.6110907673837886,GCST90200186,cancerType_celltype,KICH_Epi_KICH,tissue,Tumor,Adjacent,group1_higher,4.7421419742782806e-235,1.912993535132829e-191
2794,1081,0.08936926065857052,-0.5087320863497147,0.024379762820899452,-0.5422555208206177,0.6007908045340493,0.39393661768296684,0.5981013470082852,0.5666352836415172,,0.5773865911163486,-2.5090421882452767,36.21564022083303,36.21564022083303,3.554075523454415e-238,2431610.0,29.501620990118987,2.7456636113600694e-191,1.0855357913257018,0.6101703332832282,GCST90200050,cancerType_celltype,KICH_Epi_KICH,tissue,Tumor,Adjacent,group1_higher,1.0219841642338328e-237,7.114713882668772e-191
2794,1081,0.6791833977313491,-0.23765095530201014,0.6587659418582916,-0.3046904802322387,0.8855440409856079,0.6598614962546209,0.9168343530333591,0.9634564220905304,,0.5164415278527184,1.5149530459989877,35.069889448490514,35.069889448490514,3.2019945620634996e-221,2430449.5,29.46446594134381,8.22125942709514e-191,1.1062007421044595,0.6094018701366812,GCST90200832,cancerType_celltype,KICH_Epi_KICH,tissue,Tumor,Adjacent,group1_higher,8.676577709925547e-221,2.1262953698540182e-190
2794,1081,-0.25917737213695874,-0.6988708376616307,-0.293976366519928,-0.711990475654602,0.43661289039631124,0.31702030081600396,0.439693465524672,0.4180141091346741,,0.6591960121527409,-1.4310825782624388,34.63121314364916,34.63121314364916,1.3050134569767774e-217,2427935.0,29.383960667629736,8.808094793631837e-190,1.080820542403798,0.6077368114705954,GCST90199980,cancerType_celltype,KICH_Epi_KICH,tissue,Tumor,Adjacent,group1_higher,3.4605707040065128e-217,2.27375628858337e-189
2794,1081,-0.028068943286005277,-0.6429427734715735,-0.0697894096374511,-0.727800726890564,0.5229713780333064,0.5118508478538074,0.6148738301855682,0.6580113172531129,,0.6373380353104946,-4.517594522861433,33.33405471873143,33.33405471873143,3.4684604119081145e-194,2427036.0,29.355177911189507,2.0532020055275417e-189,1.182690087878465,0.6071415091278589,GCST90200777,cancerType_celltype,KICH_Epi_KICH,tissue,Tumor,Adjacent,group1_higher,8.397000961688739e-194,5.290197227852626e-189
2794,1081,-0.6374611631373509,0.028204556775540388,-0.7134796977043152,-0.0133832823485136,0.6075162475744785,0.54793918588923,-0.6656657199128913,-0.7000964153558016,,-0.491649948041937,-4.49828839165218,-32.881451678439646,-32.881451678439646,1.210912891229261e-192,594639.0,-29.31160357135063,7.382150721418994e-189,-1.125373226249927,-0.6062402783286771,GCST90200639,cancerType_celltype,KICH_Epi_KICH,tissue,Tumor,Adjacent,group2_higher,2.921193399549527e-192,1.898466308168696e-188
2794,1081,0.6683683736194513,-0.28477249987917513,0.6911413073539734,-0.284868448972702,0.950352611474536,0.5714783739781679,0.9531408734986264,0.9760097563266754,,0.5429976902439144,1.2308307270514334,38.114368268672905,38.114368268672905,1.6242062242000687e-262,2425207.0,29.296619889466285,1.1457658866611327e-188,1.1062203223390255,0.605930376775395,GCST90199771,cancerType_celltype,KICH_Epi_KICH,tissue,Tumor,Adjacent,group1_higher,5.100905722545377e-262,2.941014884216806e-188
2794,1081,-0.21757013393602803,-0.867501955982737,-0.2894015610218048,-0.8956798315048218,0.6412423465339182,0.45174806206846646,0.649931822046709,0.606278270483017,,0.6809827133206358,-1.9953815126718957,35.45909895875043,35.45909895875043,2.1094804008619576e-227,2424240.0,29.26566001685483,2.8396138009737736e-188,1.0932308541733784,0.6052900460018396,GCST90200332,cancerType_celltype,KICH_Epi_KICH,tissue,Tumor,Adjacent,group1_higher,5.832092872971295e-227,7.275175960013635e-188
2794,1081,-0.20936607907006416,-0.5633955486825255,-0.23030114173889155,-0.5777605772018433,0.35106438152838815,0.25043846528692554,0.35402946961246134,0.3474594354629517,,0.5194110466286194,-1.4281161155314486,35.0316792541345,35.0316792541345,1.9688786971293076e-222,2423943.0,29.25615114181284,3.751780074795057e-188,1.0855097596802024,0.6050933777084104,GCST90200573,cancerType_celltype,KICH_Epi_KICH,tissue,Tumor,Adjacent,group1_higher,5.345780207544315e-222,9.594139290704808e-188
2794,1081,0.041806254462653895,-0.6800039837009357,0.02381809242069715,-0.746243953704834,0.6205735915049309,0.6480558891592884,0.7218102381635896,0.7700620461255311,,0.5274830612184663,-4.0237201118696255,31.46217892144811,31.46217892144811,4.363675959619089e-175,2419680.0,29.11966516772531,2.024784610948309e-186,1.1487245195980988,0.6022704924057565,GCST90200181,cancerType_celltype,KICH_Epi_KICH,tissue,Tumor,Adjacent,group1_higher,9.896323349352443e-175,5.168130008843718e-186
2794,1081,-0.6120487921513749,0.477288553282963,-0.7010961472988129,0.4306955933570862,1.124353968183912,0.8009108743444179,-1.0893373454343378,-1.131791740655899,,-0.3600665434444881,-0.35878426579310624,-33.684266681264965,-33.684266681264965,2.0074741397135605e-208,602491.0,-29.060210686402172,1.143899994868343e-185,-1.043144321548547,-0.6010408189347201,GCST90199991,cancerType_celltype,KICH_Epi_KICH,tissue,Tumor,Adjacent,group2_higher,5.143209121108239e-208,2.9142723233748626e-185
2794,1081,0.0583981806139009,-0.398993750808983,0.0610242057591676,-0.3980221748352051,0.45479812714295365,0.3300663522492238,0.4573919314228839,0.4590463805943727,,0.41318115939223277,-2.7723497341962586,34.59425479169599,34.59425479169599,3.042778155911436e-217,2416622.0,29.02175897284854,3.498867749168572e-185,1.0794565391330475,0.6002455373845237,GCST90199777,cancerType_celltype,KICH_Epi_KICH,tissue,Tumor,Adjacent,group1_higher,8.053022575742305e-217,8.897307354695455e-185
2794,1081,-0.0757262616873776,0.8938101879708731,-0.08310912176966659,0.8487576246261597,0.8810567119445538,0.7841309465051565,-0.9695364496582507,-0.9318667463958262,,-0.3944165848914043,3.561085436649349,-33.321126407702295,-33.321126407702295,2.6798912095435035e-197,607631.0,-28.895646316988636,1.3548228533662548e-183,-1.1337831333003516,-0.597637199311065,GCST90200982,cancerType_celltype,KICH_Epi_KICH,tissue,Tumor,Adjacent,group2_higher,6.569589421956467e-197,3.4387775589165836e-183
2794,1081,0.17413301273149165,-0.4475940744496281,0.15103855729103083,-0.4972982108592987,0.6175510427385018,0.44485395120075366,0.6217270871811198,0.6483367681503296,,0.5026933386631431,-1.3619961353276975,34.77938663245841,34.77938663245841,1.9414955093824975e-219,2412393.0,28.886361556846627,1.772227464956865e-183,1.0819489261375463,0.5974451662972791,GCST90200741,cancerType_celltype,KICH_Epi_KICH,tissue,Tumor,Adjacent,group1_higher,5.188741920173224e-219,4.489862518097039e-183
2794,1081,-0.9118586216627448,0.43118274459618794,-0.9856361448764802,0.4086090326309204,1.0144098001242934,1.2591308502825518,-1.3430413662589327,-1.3942451775074005,,-0.5120364091066225,-1.0805089522012188,-31.353178415099833,-31.353178415099833,1.1222061389058416e-169,608612.0,-28.864238214577217,3.3595913363447386e-183,-1.234187462564924,-0.5969875979782235,GCST90200727,cancerType_celltype,KICH_Epi_KICH,tissue,Tumor,Adjacent,group2_higher,2.4871007598840034e-169,8.495589965561927e-183
2794,1081,-0.06127458127714686,0.6260796889248558,-0.0809242911636829,0.647303581237793,0.6065258484763173,0.5626085325756041,-0.6873542702020027,-0.7282278724014759,,-0.43358312736468557,3.352964432786135,-33.36214220534699,-33.36214220534699,2.8404270659038344e-196,610688.5,-28.797756130319005,2.289373809790086e-182,-1.155983546928445,-0.5956125753812351,GCST90200300,cancerType_celltype,KICH_Epi_KICH,tissue,Tumor,Adjacent,group2_higher,6.913396590762369e-196,5.7785490791553475e-182
2794,1081,0.1551493634663034,-0.34568664650969344,0.1515673622488975,-0.3897143900394439,0.45626724642260624,0.41971941230798576,0.5008360099759969,0.5412817522883414,,0.5101208969247641,-1.1558019717549688,32.500319588051184,32.500319588051184,2.148759580467029e-188,2409021.0,28.77840220788506,3.999266607046452e-182,1.1220029511681004,0.5952122858749123,GCST90200528,cancerType_celltype,KICH_Epi_KICH,tissue,Tumor,Adjacent,group1_higher,5.120208580728253e-188,1.0075786294647531e-181
2794,1081,0.27779001053543845,0.9270417228373194,0.2579423636198043,0.912322759628296,0.6439296180635015,0.49696296753500746,-0.6492517123018811,-0.6543803960084917,,-0.4245073341081514,1.7386359134007874,-33.443840130178096,-33.443840130178096,2.3749625447987017e-203,612283.0,-28.7467059577451,9.962967282481869e-182,-1.0704210736539894,-0.5945567248968153,GCST90200550,cancerType_celltype,KICH_Epi_KICH,tissue,Tumor,Adjacent,group2_higher,5.983500829132404e-203,2.505447307384278e-181
2794,1081,0.18494081733455278,-0.6703729560537561,0.16340126842260355,-0.6678590178489685,0.8780949243363093,0.56852248642763,0.8553137733883089,0.8312602862715721,,0.5019995824193926,-1.8578946311030171,35.670119811947345,35.670119811947345,1.1405266698055758e-232,2407094.0,28.716706577562125,2.3614228994657747e-181,1.064024854636593,0.5939362596074449,GCST90200512,cancerType_celltype,KICH_Epi_KICH,tissue,Tumor,Adjacent,group1_higher,3.2185048673809522e-232,5.927475896817404e-181
2794,1081,-0.054141192756696224,0.5791514300378117,-0.054588107392191845,0.5602412819862366,0.5764449786064701,0.5132166741253483,-0.6332926227945079,-0.6148293893784285,,-0.4396679127750929,3.4191178854066693,-33.25827274822545,-33.25827274822545,1.1078809835108445e-196,613883.0,-28.695479694892637,4.3463767375699095e-181,-1.1318247532995183,-0.5934972324069616,GCST90200278,cancerType_celltype,KICH_Epi_KICH,tissue,Tumor,Adjacent,group2_higher,2.701326977683866e-196,1.0889910833286374e-180
2794,1081,-0.31987165057638123,0.36520990215666865,-0.3862718939781189,0.3195361495018005,0.5714117890615802,0.6288367150453043,-0.6850815527330498,-0.7058080434799194,,-0.44456415849924386,0.19123218693303135,-31.183040575362508,-31.183040575362508,3.330269832861815e-171,615280.0,-28.65075276413958,1.5695255235743878e-180,-1.165126267766954,-0.5925721630267582,GCST90199990,cancerType_celltype,KICH_Epi_KICH,tissue,Tumor,Adjacent,group2_higher,7.416924480703683e-171,3.925253740608974e-180
2794,1081,1.1753230667280294,0.053536716876611816,1.1641921997070312,-0.0099374176934361,1.1067876607921707,0.8049780414308202,1.1217863498514176,1.1741296174004674,,0.5758993644770624,4.456359172759064,34.82083857202028,34.82083857202028,1.5871753357161418e-219,2404535.5,28.63479258161961,2.4805313876998034e-180,1.0874826068979209,0.5922420648978881,GCST90200728,cancerType_celltype,KICH_Epi_KICH,tissue,Tumor,Adjacent,group1_higher,4.258503902718703e-219,6.192242273690168e-180
2794,1081,0.7496362195875891,0.3070049289065055,0.756868451833725,0.3099884390830993,0.45960131908431784,0.3355190810160112,0.4426312906810836,0.44688001275062567,,0.2505094214125742,1.2879260675471698,33.01560679252371,33.01560679252371,8.688682190366215e-201,2403804.0,28.61137257457175,4.853215649406588e-180,1.0326710867560671,0.5917576781751832,GCST90200226,cancerType_celltype,KICH_Epi_KICH,tissue,Tumor,Adjacent,group1_higher,2.1610718659615236e-200,1.2093113217808371e-179
2794,1081,-0.8086158271112341,0.01260128707503172,-0.8823499977588654,-0.0583474859595298,0.7645530497511925,0.710643311464558,-0.8212171141862659,-0.8240025117993356,,-0.4729894884680118,-6.003698741774907,-31.57625984774976,-31.57625984774976,2.0205969278103673e-179,617793.0,-28.57029551504693,1.5728926487130938e-179,-1.095087716617958,-0.5909080976348817,GCST90199626,cancerType_celltype,KICH_Epi_KICH,tissue,Tumor,Adjacent,group2_higher,4.660023033173487e-179,3.912139927364866e-179
2794,1081,0.07897725508480674,0.6690448071016301,0.0531829260289669,0.6287935972213745,0.5211103705082988,0.5061458757545748,-0.5900675520168233,-0.5756106711924076,,-0.40434881708905374,3.082577591349206,-32.27835320078172,-32.27835320078172,1.2530104986790825e-184,618251.0,-28.55563199730541,2.3923156575344632e-179,-1.1413717848113083,-0.590604817909661,GCST90199811,cancerType_celltype,KICH_Epi_KICH,tissue,Tumor,Adjacent,group2_higher,2.965023107117343e-184,5.939392060509059e-179
2794,1081,-0.9341798214556734,-0.2466563989232399,-0.9773968458175658,-0.2802826762199402,0.5722517392324635,0.6346386654529,-0.6875234225324335,-0.6971141695976256,,-0.4809971524707291,-1.921193263042209,-31.065731098150216,-31.065731098150216,5.6664440286319445e-170,619613.5,-28.51200963284511,8.318640197416178e-179,-1.1646782900670754,-0.58970259383627,GCST90200136,cancerType_celltype,KICH_Epi_KICH,tissue,Tumor,Adjacent,group2_higher,1.257876744466668e-169,2.0615102889233184e-178
2794,1081,-0.3005252958256651,0.24836965972465264,-0.3243870288133621,0.2338117957115173,0.49638435700846234,0.4768480774242719,-0.5488949555503178,-0.5581988245248795,,-0.3839297590141294,-0.27499647458379883,-31.768174242160015,-31.768174242160015,3.049803240415389e-180,620037.0,-28.49845068139635,1.2249366290729307e-178,-1.117878735988959,-0.5894221594178619,GCST90200143,cancerType_celltype,KICH_Epi_KICH,tissue,Tumor,Adjacent,group2_higher,7.0936549772801615e-180,3.030106398233039e-178
2794,1081,-0.3883880601073127,-0.8079842844836682,-0.4171242862939834,-0.8360459208488464,0.4279457570689,0.3143103718107709,0.4195962243763555,0.41892163455486303,,0.6059521892904404,-1.0568264535568466,33.49432970243258,33.49432970243258,1.734377945029279e-205,2399923.0,28.487116870740245,1.6925182504792814e-178,1.0502475779616225,0.5891877467044817,GCST90200175,cancerType_celltype,KICH_Epi_KICH,tissue,Tumor,Adjacent,group1_higher,4.402154821368543e-205,4.179170969933443e-178
2794,1081,1.1032709644535375,-0.4691625078351793,1.016566812992096,-0.4987645447254181,1.6298706562749046,1.0005832095604985,1.5724334722887168,1.515331357717514,,0.5493214264516898,1.2336257613524197,36.295136230689444,36.295136230689444,2.591209779271579e-241,2397591.0,28.41245459263278,1.4195997813652148e-177,1.0613680822702531,0.5876435364005199,GCST90200199,cancerType_celltype,KICH_Epi_KICH,tissue,Tumor,Adjacent,group1_higher,7.546621643476843e-241,3.4989412332744804e-177
2794,1081,-0.11930313657254828,0.5014218857926924,-0.14253345131874084,0.5068996548652649,0.5656402148779527,0.5372273555438963,-0.6207250223652407,-0.6494331061840057,,-0.41950835062343095,2.0713837789855365,-31.77985617791231,-31.77985617791231,1.1034747389658492e-180,623537.0,-28.38639323140659,2.9784934735334217e-177,-1.1126842009300446,-0.5871045195963069,GCST90200640,cancerType_celltype,KICH_Epi_KICH,tissue,Tumor,Adjacent,group2_higher,2.5710018277101752e-180,7.327954159613815e-177
2794,1081,-0.18668085614714228,-0.48294822608722093,-0.20634043216705317,-0.4981893897056579,0.3087757294006887,0.21996802842800184,0.29626736994007863,0.29184895753860474,,0.5271262282249743,-1.3712898051738687,33.35710973083467,33.35710973083467,4.846390965384678e-205,2394764.0,28.321944189455333,1.8561378310800038e-176,1.033046670844547,0.5857715456075097,GCST90200100,cancerType_celltype,KICH_Epi_KICH,tissue,Tumor,Adjacent,group1_higher,1.2255344871649939e-204,4.5584069617334144e-176
2794,1081,-0.9426862843064449,-0.1015044967936301,-1.0159478187561035,-0.0901600271463394,0.876776357000025,0.6353829097138627,-0.8411817875128147,-0.9257877916097641,,-0.35216434011485503,-3.215221412721162,-33.0294656514591,-33.0294656514591,3.743668227837063e-201,625885.0,-28.3112186906706,2.5157853329169572e-176,-1.0300156540434242,-0.5855497143674466,GCST90200011,cancerType_celltype,KICH_Epi_KICH,tissue,Tumor,Adjacent,group2_higher,9.34545749916102e-201,6.167293900657936e-176
2794,1081,-0.3137247660195547,-0.6192850956723877,-0.32442642748355865,-0.6282508969306946,0.3021158996301501,0.24707427730142154,0.305560329652833,0.3038244694471359,,0.40322537438749223,-0.9811020334448145,32.36399939429222,32.36399939429222,8.933610600913103e-191,2392134.0,28.237741019891597,2.014022441307048e-175,1.061608767686578,0.5840300048273126,GCST90200099,cancerType_celltype,KICH_Epi_KICH,tissue,Tumor,Adjacent,group1_higher,2.1437519804655917e-190,4.928388846501807e-175
2794,1081,0.26753921774212663,1.0573734969455189,0.242206797003746,1.003482699394226,0.6969232524078779,0.6817890646617553,-0.7898342792033922,-0.76127590239048,,-0.3965728832733898,1.9826587508028874,-32.1420688547346,-32.1420688547346,3.75501265425642e-183,628186.0,-28.237548921405903,2.0249907418469894e-175,-1.1401659011615788,-0.5840260317304757,GCST90199951,cancerType_celltype,KICH_Epi_KICH,tissue,Tumor,Adjacent,group2_higher,8.809091648453529e-183,4.946348353292915e-175
2794,1081,-1.0571249126949671,0.023496763546913206,-1.1277384161949158,-0.0166744496673345,1.1040440492874162,0.8065029993661976,-1.0806216762418803,-1.1110639665275812,,-0.3819566811369293,-5.491479962447372,-33.54141174433502,-33.54141174433502,3.821942112714524e-206,628244.0,-28.2356919693775,2.1341421199226343e-175,-1.0493973362594036,-0.5839876251277185,GCST90200123,cancerType_celltype,KICH_Epi_KICH,tissue,Tumor,Adjacent,group2_higher,9.718856529160254e-206,5.203641698487569e-175
2794,1081,-0.1296885254173272,0.49414518160339865,-0.2037361934781074,0.4816239178180694,0.6466772137964513,0.509826553020123,-0.6238337070207258,-0.6853601112961768,,-0.4187155666365827,1.9298759298586692,-31.58411916037037,-31.58411916037037,3.150545996231942e-184,628867.0,-28.21574574327932,3.7500377450986436e-175,-1.0199984662335995,-0.5835750852394817,GCST90200402,cancerType_celltype,KICH_Epi_KICH,tissue,Tumor,Adjacent,group2_higher,7.41657028128521e-184,9.127324011731162e-175
2794,1081,-0.7114229309537602,0.16590990872892564,-0.8015678524971008,0.180443450808525,0.8902193126337457,0.7027107076249323,-0.8773328396826858,-0.9820113033056258,,-0.4059041860986179,-2.1003007573800003,-32.24177957920046,-32.24177957920046,1.1856920144195242e-190,629358.0,-28.20002568386647,5.84596216257826e-175,-1.041789482161331,-0.5832499534816579,GCST90200392,cancerType_celltype,KICH_Epi_KICH,tissue,Tumor,Adjacent,group2_higher,2.8402429097606526e-190,1.4203291314784615e-174
2794,1081,0.11984151179815007,1.056007954261536,0.09946605935692784,1.030116081237793,0.9312586295236603,0.7296714255674551,-0.9361664424633859,-0.9306500218808651,,-0.4220945105456768,3.1394103958412574,-33.038232993173835,-33.038232993173835,8.70003558563972e-199,632272.0,-28.106729852646424,8.10971661734998e-174,-1.0641854368240409,-0.5813203527845119,GCST90199954,cancerType_celltype,KICH_Epi_KICH,tissue,Tumor,Adjacent,group2_higher,2.148215308555605e-198,1.9668227312185093e-173
2794,1081,-0.49437854735572984,0.613202816088507,-0.566325306892395,0.548645555973053,1.0753636154397874,0.9466369694908584,-1.1075813634442369,-1.114970862865448,,-0.42269970554847053,0.31074761549182256,-31.416936812680422,-31.416936812680422,1.7302394711835905e-179,633309.0,-28.073528831035173,2.063239379387952e-173,-1.0638881651696173,-0.5806336692145253,GCST90200885,cancerType_celltype,KICH_Epi_KICH,tissue,Tumor,Adjacent,group2_higher,3.997146439361413e-179,4.9950182488557346e-173
2794,1081,-0.3536055661224508,0.46248362405115195,-0.4053492099046707,0.4555102288722992,0.8306507242939247,0.6644733077562353,-0.8160891901736027,-0.8608594387769699,,-0.34540034817643755,0.3872603376187567,-31.87770855836958,-31.87770855836958,1.104090169264812e-186,634039.0,-28.050156848608736,3.9787534158473966e-173,-1.0358515402849091,-0.5801502757660296,GCST90200194,cancerType_celltype,KICH_Epi_KICH,tissue,Tumor,Adjacent,group2_higher,2.6263087272389858e-186,9.615320754964543e-173
2794,1081,-0.15504658338667973,0.8064636148190472,-0.2400402650237083,0.7271150350570679,0.9169873141613182,0.8328984728663377,-0.9615101982057269,-0.9671553000807762,,-0.45562487958873693,2.3789001938660794,-31.316176419573136,-31.316176419573136,1.1834030248068584e-177,635377.0,-28.007318886298364,1.3239256351825025e-172,-1.075112913808437,-0.5792642751713895,GCST90199766,cancerType_celltype,KICH_Epi_KICH,tissue,Tumor,Adjacent,group2_higher,2.7154517219052995e-177,3.1938241429269925e-172
2794,1081,-0.25186041382347096,0.5483955790358854,-0.28995101153850555,0.4318898916244507,0.4748631033311406,0.8395256459231569,-0.8002559928593564,-0.7218409031629562,,-0.6046276085318182,1.1225894590915622,-29.56420388558902,-29.56420388558902,1.1401094167226546e-148,635711.0,-27.99662540392791,1.7867898482467188e-172,-1.3353339672958906,-0.5790431061141326,GCST90200950,cancerType_celltype,KICH_Epi_KICH,tissue,Tumor,Adjacent,group2_higher,2.3797383384272254e-148,4.3028172493997836e-172
2794,1081,0.34160481485511707,-0.6259844612729091,0.31252244114875793,-0.6945285797119141,0.8921756022766874,0.7960261627526174,0.9675892761280261,1.007051020860672,,0.6133073857710619,-0.8737966175644432,32.78428157217376,32.78428157217376,4.534594863035907e-192,2381976.0,27.912518283607024,1.8813954964025977e-171,1.1167444995269495,0.5773035518823539,GCST90200090,cancerType_celltype,KICH_Epi_KICH,tissue,Tumor,Adjacent,group1_higher,1.091988126911297e-191,4.52264913861859e-171
2794,1081,-0.7921986673703103,-0.029606029658096306,-0.8812281787395477,-0.0783870294690132,0.6988429124418488,0.7120594953952382,-0.762592637712214,-0.8028411492705345,,-0.5005051109266149,-4.741852431785558,-30.054250956814062,-30.054250956814062,3.9433310888718654e-163,638850.0,-27.896125879494235,2.974328799308682e-171,-1.085458604815256,-0.5769645142856008,GCST90200253,cancerType_celltype,KICH_Epi_KICH,tissue,Tumor,Adjacent,group2_higher,8.531365514495797e-163,7.1373418194678405e-171
2794,1081,-0.18653411489591423,-0.6198962243571031,-0.21846209466457361,-0.6355704665184021,0.4350681494122789,0.36146874062099804,0.4333621094611889,0.4171083718538285,,0.503019923986302,-1.7325818034449625,31.554531188762976,31.554531188762976,1.8751816409151153e-182,2380768.0,27.873842455153415,5.5410723964140285e-171,1.0420953946297649,0.5765036350525143,GCST90200572,cancerType_celltype,KICH_Epi_KICH,tissue,Tumor,Adjacent,group1_higher,4.376494137957709e-182,1.3273254264169281e-170
2794,1081,-0.21043430379281775,0.08575448785890159,-0.23520621657371515,0.0830564945936203,0.30772962894031686,0.24690157199556623,-0.29618879165171935,-0.31826271116733545,,-0.23904475488483087,-1.295075855898189,-31.171592650324957,-31.171592650324957,9.93561339325503e-180,642018.0,-27.79469787904636,5.0297450721204124e-170,-1.0141917346427651,-0.5748667191556904,GCST90199836,cancerType_celltype,KICH_Epi_KICH,tissue,Tumor,Adjacent,group2_higher,2.2991920297124968e-179,1.2027267602280917e-169
2794,1081,-0.3896548834512858,0.051564393960935415,-0.4357169568538666,0.0388314090669155,0.4620698379992303,0.37135688641991166,-0.4412192774122212,-0.4745483659207821,,-0.40458249217559894,-2.917725511113077,-30.89233410411519,-30.89233410411519,5.487566313594181e-177,642119.0,-27.7914642212038,5.50335910573897e-170,-1.005824159731897,-0.5747998386922684,GCST90199780,cancerType_celltype,KICH_Epi_KICH,tissue,Tumor,Adjacent,group2_higher,1.2507613520784061e-176,1.3136739861860274e-169
2794,1081,-0.2237159165874328,0.7890316079050617,-0.3534160256385803,0.7405284643173218,0.9893631066373759,0.9607092063982092,-1.0127475244924944,-1.093944489955902,,-0.4734584309903658,1.8184105715056393,-29.185198564996856,-29.185198564996856,1.6734485856247257e-156,642330.0,-27.78470875779013,6.641397623169209e-170,-1.0318817274919694,-0.5746601181201689,GCST90200540,cancerType_celltype,KICH_Epi_KICH,tissue,Tumor,Adjacent,group2_higher,3.5528199722842697e-156,1.5825568112551804e-169
2794,1081,1.4860853823518088,0.5512932417383887,1.5534056425094604,0.4366233050823211,0.9838719440057864,0.6646936922736603,0.9347921406134201,1.1167823374271393,,0.46310600612693065,1.4306235407511165,34.016736292909656,34.016736292909656,1.4556028038438593e-213,2376562.0,27.739181416680005,2.354432780546265e-169,1.031503570502978,0.5737184941698115,GCST90200960,cancerType_celltype,KICH_Epi_KICH,tissue,Tumor,Adjacent,group1_higher,3.771837683724677e-213,5.600509388978288e-169
2794,1081,0.03286646182951584,-0.5484528740611988,0.0333767049014568,-0.6112156510353088,0.5809592612517152,0.4403139589760165,0.5813193358907146,0.6445923559367657,,0.5571737901440701,-4.060638337977975,33.55418080199692,33.55418080199692,4.546659030667682e-205,2375951.0,27.71961938755322,4.0529560554022526e-169,1.0658609767645457,0.5733139004752486,GCST90199923,cancerType_celltype,KICH_Epi_KICH,tissue,Tumor,Adjacent,group1_higher,1.1518766280297492e-204,9.624005406817544e-169
2794,1081,0.27079718622888,1.384957189800495,0.22139914333820335,1.4108527898788452,1.196387976240059,0.7919370617251115,-1.114160003571615,-1.1894536465406418,,-0.3571588575903338,2.354552442653512,-33.70887593647223,-33.70887593647223,6.340426115794245e-211,646498.0,-27.651264343059466,2.6959820069438958e-168,-1.0140904818788867,-0.5719001401841001,GCST90199630,cancerType_celltype,KICH_Epi_KICH,tissue,Tumor,Adjacent,group2_higher,1.6336485436346985e-210,6.390649522547008e-168
2794,1081,-0.8455326770551959,0.19240923767105916,-0.9176911413669586,0.1281238198280334,1.0480391945900953,0.8773952465019784,-1.037941914726255,-1.045814961194992,,-0.32018709712381627,-2.1356766540110663,-31.220536892730355,-31.220536892730355,4.9296940647537684e-179,647162.0,-27.630005443975694,4.855629552516169e-168,-1.0344488036119637,-0.5714604508008108,GCST90200435,cancerType_celltype,KICH_Epi_KICH,tissue,Tumor,Adjacent,group2_higher,1.1330814519830332e-178,1.1489970625138088e-167
2794,1081,1.2730137354350728,0.20622664352542497,1.2996582388877869,0.1480034738779068,1.182550219627661,0.6999102387870825,1.0667870919096478,1.15165476500988,,0.48736071352489474,2.625939483833803,34.54434157158709,34.54434157158709,5.217458126138008e-223,2372863.0,27.620752700247966,6.271924426306213e-168,0.9969222295710073,0.571269079969831,GCST90200592,cancerType_celltype,KICH_Epi_KICH,tissue,Tumor,Adjacent,group1_higher,1.4194402047756698e-222,1.481565510061589e-167
2794,1081,0.7630793086633294,-0.2626396260693767,0.7916836738586426,-0.3474054336547851,1.0433847333137982,0.7899085304779616,1.025718934732706,1.1390891075134277,,0.5236207035532303,1.5387448041798983,32.9876053612785,32.9876053612785,2.249067450653084e-199,2372195.0,27.599365735507064,1.1328830445475836e-167,1.0473777297701088,0.570826741855317,GCST90200819,cancerType_celltype,KICH_Epi_KICH,tissue,Tumor,Adjacent,group1_higher,5.563482641089208e-199,2.671487179443523e-167
2794,1081,-0.1431366665098579,-0.5634621660361647,-0.1695053875446319,-0.5809360146522522,0.40012569166720235,0.3746171832168385,0.4203254995263068,0.4114306271076203,,0.5199979296269379,-1.9769179379999828,30.727060293512448,30.727060293512448,2.313404771721019e-171,2371727.0,27.58438205362272,1.713837421074713e-167,1.0690436531759493,0.5705168403020349,GCST90200595,cancerType_celltype,KICH_Epi_KICH,tissue,Tumor,Adjacent,group1_higher,5.160672183069965e-171,4.034473929058435e-167
2794,1081,-0.6719637080114875,0.24143014205511462,-0.7636972069740295,0.154205322265625,0.927075089036073,0.8328607692739892,-0.9133938500666021,-0.9179025292396545,,-0.45446209893665246,-1.4767736833415297,-29.645442769158837,-29.645442769158837,1.8428627225457529e-162,649326.0,-27.560721923467735,3.2935323575606415e-167,-1.01286385211563,-0.5700274872082837,GCST90199704,cancerType_celltype,KICH_Epi_KICH,tissue,Tumor,Adjacent,group2_higher,3.968123050284141e-162,7.739801040267507e-167
2794,1081,-0.7884904381157447,0.310406812021912,-0.941135823726654,0.2100378721952438,1.1051738260248152,1.0086881137538526,-1.0988972501376568,-1.1511736959218979,,-0.4900406159682326,-1.3449302232706892,-29.59882937085555,-29.59882937085555,1.1647592984902015e-161,650191.0,-27.533027725113126,7.069936810323011e-167,-1.0183119274322074,-0.5694546990809565,GCST90200723,cancerType_celltype,KICH_Epi_KICH,tissue,Tumor,Adjacent,group2_higher,2.500105391877393e-161,1.6585755374303383e-166
2794,1081,-0.3375077647151055,0.5001724939260541,-0.43537737429142,0.4176187515258789,0.8347805659720989,0.7199814875036603,-0.8376802586411596,-0.8529961258172989,,-0.444970261809814,0.5675036379265739,-31.026390070167928,-31.026390070167928,2.2866844420993856e-176,650294.0,-27.529730034441997,7.74278100537678e-167,-1.041350259811871,-0.5693864942519222,GCST90200412,cancerType_celltype,KICH_Epi_KICH,tissue,Tumor,Adjacent,group2_higher,5.1945848243024376e-176,1.8133007749705413e-166
2794,1081,2.7909721993279906,1.2891178703882784,2.8739222288131714,1.2596197128295898,1.6859061722465427,0.9965641148226306,1.5018543289397122,1.6143025159835815,,0.4369318741108784,1.1143829692412857,34.133024839199365,34.133024839199365,1.5529419837504222e-218,2369963.5,27.52792110703502,8.138647758019315e-167,0.9846075902375099,0.5693490809233741,GCST90200450,cancerType_celltype,KICH_Epi_KICH,tissue,Tumor,Adjacent,group1_higher,4.126042736553266e-218,1.9027404621235552e-166
2794,1081,-0.286040530383017,-0.7215182431338133,-0.3157058209180832,-0.7303588390350342,0.4428361585673956,0.34135011197066817,0.4354777127507963,0.414653018116951,,0.44802573343204044,-1.3348132451664987,32.64259064071003,32.64259064071003,2.3659316168261166e-195,2369781.0,27.52207811142841,9.560730760164934e-167,1.044243240258594,0.5692282325612503,GCST90200561,cancerType_celltype,KICH_Epi_KICH,tissue,Tumor,Adjacent,group1_higher,5.748243839098034e-195,2.2313828811823297e-166
2794,1081,-0.15180459733127774,-0.5123030522368266,-0.19543830305337906,-0.5216491222381592,0.40100252155798394,0.23829488929180773,0.3604984549055489,0.3262108191847801,,0.6190087601846961,-1.7547753169461648,34.35929068724895,34.35929068724895,7.055474654012576e-221,2369572.0,27.515386680843307,1.1496541663796246e-166,0.9930029301788058,0.5690898363547632,GCST90200222,cancerType_celltype,KICH_Epi_KICH,tissue,Tumor,Adjacent,group1_higher,1.9080579272657027e-220,2.678595946624664e-166
2794,1081,0.8766547129935934,0.08108773766345906,0.9143169522285461,0.0309386756271123,0.8732301530696753,0.5845110241354191,0.7955669753301344,0.8833782766014339,,0.40222356669092646,3.4344369086058895,32.781597010864544,32.781597010864544,6.956057099303457e-201,2368296.0,27.47453373621847,3.5402329675425234e-166,0.9904680378241965,0.5682448910941047,GCST90199958,cancerType_celltype,KICH_Epi_KICH,tissue,Tumor,Adjacent,group1_higher,1.7332917415631833e-200,8.23436439378918e-166
2794,1081,-0.19441168815894666,0.09638601358541957,-0.21409549564123148,0.1102262139320373,0.27101877981308675,0.27057421082060845,-0.29079770174436625,-0.3243217095732688,,-0.43897207862000714,-1.0122116906533924,-29.991323298660575,-29.991323298660575,4.6303499156262644e-163,652731.0,-27.45170603283484,6.632230335691235e-166,-1.0734706317835678,-0.5677727547533138,GCST90200593,cancerType_celltype,KICH_Epi_KICH,tissue,Tumor,Adjacent,group2_higher,1.0001849342311566e-162,1.5399880660216618e-165
2794,1081,0.0589866142332538,-0.28745694791545817,0.03935711830854415,-0.2947762608528137,0.3652435817851961,0.2589758352816291,0.34644356214871197,0.3341333791613579,,0.4700877044245796,-2.2848669549833125,33.06379433440186,33.06379433440186,3.659421911303487e-202,2366769.0,27.425644671608648,1.357157076738815e-165,1.0220272686813152,0.5672337379491006,GCST90199699,cancerType_celltype,KICH_Epi_KICH,tissue,Tumor,Adjacent,group1_higher,9.168735413798995e-202,3.145927033324838e-165
2794,1081,-0.7137180637418779,0.3226072655904808,-0.8014306426048279,0.2447551488876342,1.0789058933218219,0.8462884535862791,-1.0363253293323587,-1.0461857914924622,,-0.4441375929313863,-1.1455729055473236,-31.546658999788022,-31.546658999788022,5.288684938339491e-184,654285.0,-27.401952525039384,2.600608558063076e-165,-1.0166122739361285,-0.5667437226725434,GCST90199718,cancerType_celltype,KICH_Epi_KICH,tissue,Tumor,Adjacent,group2_higher,1.2428409605097803e-183,6.018046629269903e-165
2794,1081,0.06710946219707853,0.42791935980985946,0.06321199238300321,0.4087398946285248,0.33730575789464856,0.3216628782764196,-0.3608098976127809,-0.34552790224552155,,-0.29967080919746275,2.672732723600557,-30.889785376548417,-30.889785376548417,2.2944686967263528e-172,654882.0,-27.38283872571256,4.393006549595359e-165,-1.0834560258893882,-0.5663483995372667,GCST90200261,cancerType_celltype,KICH_Epi_KICH,tissue,Tumor,Adjacent,group2_higher,5.12682103875085e-172,1.0148589706946568e-164
2794,1081,-0.26664886469776933,0.3333440999771219,-0.3061298727989197,0.3016655147075653,0.6219827236790553,0.5151067850002427,-0.5999929646748912,-0.607795387506485,,-0.38345210812897895,0.3220699243277878,-30.6216453029652,-30.6216453029652,1.3117661385964486e-173,655214.0,-27.372209276170675,5.879130761903015e-165,-1.0098915138481843,-0.5661285548456221,GCST90199848,cancerType_celltype,KICH_Epi_KICH,tissue,Tumor,Adjacent,group2_higher,2.950391496546138e-173,1.3558807493187494e-164
2794,1081,-0.08563553226745077,-0.8232094443443677,-0.07926893606781955,-0.8624461889266968,0.8090426725866714,0.4960165512784522,0.7375739120769169,0.7831772528588772,,0.42591473600521346,-3.2649630042142506,34.319986617515475,34.319986617515475,1.2415661302895939e-219,2361641.5,27.261480507373648,1.2153598917564079e-163,1.0031227898869077,0.5638383956105226,GCST90200506,cancerType_celltype,KICH_Epi_KICH,tissue,Tumor,Adjacent,group1_higher,3.33778034632094e-219,2.798201912945919e-163
2794,1081,-0.25049468776500183,0.2558788824939556,-0.28302198648452753,0.2933086454868316,0.4523894582306968,0.5100241955638299,-0.5063735702589574,-0.5763306319713591,,-0.4908962922919518,0.030680957939737172,-28.58169176508932,-28.58169176508932,4.135656977768596e-148,664571.0,-27.072631687726616,2.0694156196945624e-161,-1.0792884463230354,-0.5599325103283963,GCST90199736,cancerType_celltype,KICH_Epi_KICH,tissue,Tumor,Adjacent,group2_higher,8.605954901829918e-148,4.756515159601498e-161
2794,1081,-0.5819220515512823,0.15198939291658892,-0.6480091512203217,0.0411529242992401,0.6478757316258594,0.7619689541113892,-0.7339114444678712,-0.6891620755195618,,-0.4463628135578861,-1.9368482603129333,-27.993901485848685,-27.993901485848685,2.291565614697551e-142,664636.0,-27.070550620798233,2.189516366509015e-161,-1.0767259431699931,-0.5598894684459961,GCST90200938,cancerType_celltype,KICH_Epi_KICH,tissue,Tumor,Adjacent,group2_higher,4.682764516990647e-142,5.0240922686057025e-161
2794,1081,0.47425601079262214,-0.11259195584810065,0.47456061840057373,-0.1315919607877731,0.6150598186541494,0.456370259618663,0.5868479666407228,0.6061525791883469,,0.5124197472250251,2.074552529775651,32.40007275634059,32.40007275634059,4.581300101191542e-194,2354962.0,27.047626868171758,4.074797482533922e-161,1.0202016914387966,0.5594153455567865,GCST90200862,cancerType_celltype,KICH_Epi_KICH,tissue,Tumor,Adjacent,group1_higher,1.1071475244546228e-193,9.33436801461132e-161
2794,1081,0.9258115210626394,-0.15993890818547687,0.8966931402683258,-0.1846045702695846,1.196465707692111,0.799884875132085,1.0857504292481164,1.0812977105379105,,0.5411584065220416,2.533190109533046,32.67380445108627,32.67380445108627,8.51860072253222e-200,2354937.0,27.04682645781469,4.164096928351023e-161,0.9867369122756876,0.5593987909866325,GCST90200904,cancerType_celltype,KICH_Epi_KICH,tissue,Tumor,Adjacent,group1_higher,2.1110641426929844e-199,9.522926364668531e-161
2794,1081,-0.5281669646632035,0.05454807695103994,-0.6327809989452362,0.0376061387360096,0.6055453500989718,0.5199493492519619,-0.5827150416142434,-0.6703871376812458,,-0.404304469955489,-3.2753701099889145,-29.84046583544928,-29.84046583544928,2.398824743991961e-165,665685.0,-27.03696540221559,5.4386157875383015e-161,-0.9996111960110273,-0.5591948386823357,GCST90200814,cancerType_celltype,KICH_Epi_KICH,tissue,Tumor,Adjacent,group2_higher,5.239740586636286e-165,1.2416806228500344e-160
2794,1081,0.15277300895639306,1.2438256020921188,0.1036875359714031,1.1799503564834597,1.1044071631293222,0.906035603334028,-1.0910525931357258,-1.0762628205120566,,-0.4470779465401046,3.025314350543734,-31.549418662422706,-31.549418662422706,9.145064650690975e-183,666431.5,-27.013065148953487,1.0384463548643766e-160,-1.0362797211639478,-0.5587005192175383,GCST90200484,cancerType_celltype,KICH_Epi_KICH,tissue,Tumor,Adjacent,group2_higher,2.1417050032460135e-182,2.3668936148497415e-160
2794,1081,-0.21764729408668432,-0.6267353660275403,-0.23686202615499496,-0.6497868299484253,0.4352439644009987,0.3413384096936745,0.409088071940856,0.41292480379343033,,0.5392254163933714,-1.525859994709494,30.872762827213478,30.872762827213478,1.937479160783642e-177,2353673.0,27.006357710161243,1.2450047175566708e-160,0.9948158667170031,0.5585617919196482,GCST90200662,cancerType_celltype,KICH_Epi_KICH,tissue,Tumor,Adjacent,group1_higher,4.438292598568242e-177,2.8329573122366317e-160
2794,1081,-0.35200138178020857,0.45882254012252005,-0.4032657891511917,0.4648824036121368,0.8093017333574174,0.7056071936207652,-0.8108239219027287,-0.8681481927633286,,-0.3722191462728927,0.3823542205784798,-30.756417823435296,-30.756417823435296,1.5716975475494595e-173,667484.0,-26.97936787292085,2.582270331592154e-160,-1.0371638860785264,-0.5580035718140564,GCST90200526,cancerType_celltype,KICH_Epi_KICH,tissue,Tumor,Adjacent,group2_higher,3.523394337680778e-173,5.866057436600176e-160
2794,1081,0.09778640967673978,-0.5560209484520833,0.04735654219985,-0.5833907127380371,0.7057000826001852,0.5247121457888536,0.6538073581288231,0.6307472549378871,,0.4897456188234698,-2.507421200730653,31.42228713180629,31.42228713180629,3.111211247480151e-184,2350501.0,26.904801644056235,1.930564549958232e-159,0.990259496115981,0.5564613480585132,GCST90199821,cancerType_celltype,KICH_Epi_KICH,tissue,Tumor,Adjacent,group1_higher,7.33664520815821e-184,4.3783019660450415e-159
2794,1081,-0.04328726092669084,-0.3520905557186554,-0.0697882026433944,-0.3542214632034302,0.3378361138893697,0.2384594443307714,0.30880329479196456,0.28443326056003576,,0.6000056887946567,-3.023902879536309,31.943955716221723,31.943955716221723,7.501306197168097e-191,2348305.0,26.83449359829123,1.2801638887982414e-158,0.9856156009994712,0.555007194616189,GCST90200119,cancerType_celltype,KICH_Epi_KICH,tissue,Tumor,Adjacent,group1_higher,1.8032240470441122e-190,2.8984441535415334e-158
2794,1081,0.015618291149808502,1.1092144714002423,-0.13520585000514979,1.1198469400405884,1.1664096299229163,0.9587337400415753,-1.093596180250434,-1.2550527900457382,,-0.38798370272252103,6.150066853051637,-29.90562144172467,-29.90562144172467,5.223970391466377e-167,672266.0,-26.82626537982055,1.5968932607999993e-158,-0.9830929427813515,-0.5548370136350061,GCST90200815,cancerType_celltype,KICH_Epi_KICH,tissue,Tumor,Adjacent,group2_higher,1.1484309102530116e-166,3.609561383864675e-158
2794,1081,0.5026484780942425,-0.3204726251558367,0.4659241139888763,-0.3705616295337677,0.8552939670589214,0.6770242248464688,0.8231211032500791,0.836485743522644,,0.49087021479696225,0.6493470607639593,31.430634233020097,31.430634233020097,1.2886815812576943e-182,2347935.0,26.822647525006598,1.7598726702058089e-158,1.016776752658429,0.5547621869779102,GCST90200569,cancerType_celltype,KICH_Epi_KICH,tissue,Tumor,Adjacent,group1_higher,3.012818173677937e-182,3.9713682938584726e-158
2794,1081,0.6974524344039619,-0.0457974472065786,0.7007212340831757,-0.1161611005663871,0.7113159942134816,0.694491390947345,0.7432498816105405,0.8168823346495627,,0.4599388650093963,3.928726308598685,29.676160089048974,29.676160089048974,9.05900170832335e-161,2347367.0,26.804462201693973,2.8677583841938756e-158,1.0517716719816756,0.5543860671440122,GCST90200825,cancerType_celltype,KICH_Epi_KICH,tissue,Tumor,Adjacent,group1_higher,1.938370381231511e-160,6.460751533316119e-158
2794,1081,2.3224592626884975,0.7634612369024728,2.3613698482513428,0.6273428201675415,1.6827615923627481,1.1706660135862648,1.5589980257860248,1.7340270280838013,,0.40374674255881476,1.6050252083557024,32.640617425976025,32.640617425976025,2.3129581464301006e-198,2346849.0,26.78787769909549,4.475189781074862e-158,1.0012896596386183,0.554043056450422,GCST90199742,cancerType_celltype,KICH_Epi_KICH,tissue,Tumor,Adjacent,group1_higher,5.700835359103485e-198,1.006548460660897e-157
2794,1081,0.6226895313156845,-0.08279471750990174,0.5786055624485016,-0.1608755588531494,0.7858954886233402,0.5769367347506761,0.7054842488255862,0.739481121301651,,0.5562614847515756,2.910887288211547,30.674059174390297,30.674059174390297,3.696270121940238e-177,2346022.0,26.76140012448362,9.101707210311104e-158,0.9616277984512055,0.5534954312697289,GCST90200958,cancerType_celltype,KICH_Epi_KICH,tissue,Tumor,Adjacent,group1_higher,8.438888067344295e-177,2.0437606141110437e-157
2794,1081,0.39066891494973244,-0.5405938848196189,0.31624993681907654,-0.5862218737602234,1.0530890984487398,0.6284463162158658,0.9312627997693513,0.9024718105792999,,0.534173800797229,-0.46859770148713037,33.73007019513684,33.73007019513684,6.416311283678826e-214,2345726.0,26.751923265855915,1.1732750911263407e-157,0.9762926633869772,0.5532994251591059,GCST90200188,cancerType_celltype,KICH_Epi_KICH,tissue,Tumor,Adjacent,group1_higher,1.6657966246960455e-213,2.630220311192767e-157
2794,1081,0.5579393417453425,1.7018243979212935,0.6057659089565277,1.638108491897583,1.2550572378212268,0.7485702896296264,-1.143885056175951,-1.0323425829410553,,-0.357156404112937,1.6089002545233906,-34.77291433186257,-34.77291433186257,2.5475056753411178e-225,675059.0,-26.73684353472872,1.757090317388171e-157,-1.006282808316566,-0.5529875370574053,GCST90199783,cancerType_celltype,KICH_Epi_KICH,tissue,Tumor,Adjacent,group2_higher,7.014646940383724e-225,3.932535472249717e-157
2794,1081,0.06503980526458827,-0.6147151216920586,0.0051047371234744,-0.7009910941123962,0.6515903442309977,0.6115882504584108,0.6797549269566469,0.7060958312358706,,0.504669296651926,-3.240503297512983,30.46143714303798,30.46143714303798,7.381075530275861e-169,2343138.0,26.669064785692058,1.076265355944405e-156,1.0609785270250716,0.5515856960567675,GCST90200130,cancerType_celltype,KICH_Epi_KICH,tissue,Tumor,Adjacent,group1_higher,1.6278974025511323e-168,2.4048355412331543e-156
2794,1081,0.36245895315343346,-0.14614501508320255,0.3626188337802887,-0.1751473248004913,0.5520568643531015,0.41672777933453414,0.508603968236636,0.53776615858078,,0.4395508064621916,1.3104111137708931,30.96822829734426,30.96822829734426,2.342025448377849e-179,2342650.0,26.653440775522057,1.6333561104006698e-156,0.9820736998968566,0.5512625508473623,GCST90199926,cancerType_celltype,KICH_Epi_KICH,tissue,Tumor,Adjacent,group1_higher,5.3921971049645405e-179,3.643640553970725e-156
2794,1081,-0.49413501389625225,-0.11141987237654598,-0.524060845375061,-0.1286330819129943,0.4278508171946589,0.3493425776545025,-0.38271514151970626,-0.39542776346206676,,-0.3978716089742971,-2.1488886901004696,-28.652464591253366,-28.652464591253366,1.972274342948784e-155,678113.0,-26.639065405509083,2.3970153509149714e-156,-0.9392192214502686,-0.550965230767397,GCST90199973,cancerType_celltype,KICH_Epi_KICH,tissue,Tumor,Adjacent,group2_higher,4.180730838941202e-155,5.338450855060631e-156
2794,1081,-0.08786620192303851,-0.4066970707362115,-0.11495613679289815,-0.41239133477211,0.349140477874846,0.2677706653696814,0.31883086881317296,0.2974351979792118,,0.39171070149516185,-2.2105614890208285,30.40521967310533,30.40521967310533,1.8178355459250762e-173,2341118.0,26.604391628840823,6.041174739277047e-156,0.9706155254782224,0.5502480867883273,GCST90200068,cancerType_celltype,KICH_Epi_KICH,tissue,Tumor,Adjacent,group1_higher,4.06848907897517e-173,1.3432497829746517e-155
2794,1081,-0.17832542579685212,0.855669764718809,-0.3129907697439194,0.8235268592834473,1.1716904131253463,0.8510994650744879,-1.033995190515661,-1.1365176290273666,,-0.41930027783675766,2.2625352909975898,-30.340157698987042,-30.340157698987042,3.994800337564661e-174,679822.0,-26.584349353499796,1.0302240276164015e-155,-0.947056316354326,-0.549833560351672,GCST90199650,cancerType_celltype,KICH_Epi_KICH,tissue,Tumor,Adjacent,group2_higher,9.014756390895088e-174,2.286963110164748e-155
2794,1081,-0.24253169891985762,0.6064000120776193,-0.2924223095178604,0.5122064352035522,0.7499526575666715,0.8490765138002161,-0.8489317109974769,-0.8046287447214127,,-0.47455677088284304,1.3220928928628917,-28.811135219024116,-28.811135219024116,5.566276004759839e-150,682931.0,-26.484810321494606,1.4508603232281038e-154,-1.0899625924383354,-0.5477748340073251,GCST90199708,cancerType_celltype,KICH_Epi_KICH,tissue,Tumor,Adjacent,group2_higher,1.1654123186616989e-149,3.215483935869765e-154
2794,1081,0.6190658298023635,-0.19525355187916282,0.5839899182319641,-0.2356111407279968,0.8670310788151324,0.6795906545173339,0.8143193816815263,0.8196010589599609,,0.47451518796802816,1.6647389787183389,30.860192734675763,30.860192734675763,2.482281632085142e-177,2336915.0,26.46982663961026,2.158575444883291e-154,0.9941794418523128,0.5474649324540428,GCST90199655,cancerType_celltype,KICH_Epi_KICH,tissue,Tumor,Adjacent,group1_higher,5.676761517671222e-177,4.7761985898959835e-154
2794,1081,0.1121812366894945,-0.4915644587030519,0.09786069393157955,-0.5069313049316406,0.6478708847925565,0.48272629603636813,0.6037456953925464,0.6047919988632202,,0.44959293816069135,-2.1315392911759115,31.56726991997633,31.56726991997633,1.2852927910061344e-185,2336753.0,26.464639980496447,2.4766834127263355e-154,0.9956899920104718,0.5473576588394451,GCST90200782,cancerType_celltype,KICH_Epi_KICH,tissue,Tumor,Adjacent,group1_higher,3.052010582127807e-185,5.4711823201717906e-154
2794,1081,0.2678629279606272,-0.088841676260146,0.2566417306661606,-0.1109276562929153,0.35689553453878586,0.3311362944072714,0.3567046042207732,0.36756938695907587,,0.45377050135357055,1.5921755551573349,29.418142070350257,29.418142070350257,1.240659544676438e-159,2336393.0,26.453114071354644,3.3612641562402106e-154,1.019437953507087,0.547119273029228,GCST90199838,cancerType_celltype,KICH_Epi_KICH,tissue,Tumor,Adjacent,group1_higher,2.646352049129867e-159,7.413273535526549e-154
2794,1081,-0.5062411136381435,0.4191153457031726,-0.5508889555931091,0.3698673546314239,0.9663132093318174,0.8232773403665591,-0.9253564593413162,-0.9207563102245331,,-0.42141832742503155,-0.27247674016536666,-29.847087429336188,-29.847087429336188,1.3499926684542086e-165,685071.0,-26.416295194929436,8.908461366007964e-154,-0.9964588021265789,-0.5463577628021458,GCST90200567,cancerType_celltype,KICH_Epi_KICH,tissue,Tumor,Adjacent,group2_higher,2.95351526019757e-165,1.9615885043406873e-153
2794,1081,0.4853957933316979,0.12199189257603414,0.5062921643257141,0.1203219220042228,0.3917248514803208,0.31189847849276214,0.36340390075566376,0.3859702423214913,,0.33987062277002367,1.9923674802421598,30.1882098040949,30.1882098040949,1.83358084056261e-170,2333923.0,26.374033528076154,2.72240577450322e-153,0.9790105292431028,0.5454836814980164,GCST90200498,cancerType_celltype,KICH_Epi_KICH,tissue,Tumor,Adjacent,group1_higher,4.076950547613111e-170,5.984901726851433e-153
2794,1081,-0.6010317023189946,-0.09807251899932433,-0.6567130088806152,-0.1301663219928741,0.5930534372738432,0.41934221612524464,-0.5029591833196703,-0.5265466868877411,,-0.37299368137239,-2.6155079408679485,-29.608750914763966,-29.608750914763966,1.5033205708245158e-167,689337.0,-26.279713171599056,3.2728522353995607e-152,-0.9142114705084056,-0.5435328909510733,GCST90200836,cancerType_celltype,KICH_Epi_KICH,tissue,Tumor,Adjacent,group2_higher,3.3102196091014783e-167,7.183409978823834e-152
2794,1081,-0.3079680467822603,0.033109583715420596,-0.32313236594200134,0.021486259996891,0.356167832287057,0.3066440821205991,-0.3410776304976809,-0.34461862593889236,,-0.39027783806676347,-3.21742100671466,-29.643500466149128,-29.643500466149128,1.8879505531352522e-163,690554.0,-26.240749195416903,9.118850358971661e-152,-0.9941707797151608,-0.5427270144759784,GCST90200726,cancerType_celltype,KICH_Epi_KICH,tissue,Tumor,Adjacent,group2_higher,4.0975742100690263e-163,1.998230392166941e-151
2794,1081,-0.404314590433605,0.18850509025903667,-0.44102486968040466,0.1584244966506958,0.5092628559493523,0.6243952800563075,-0.5928196806926417,-0.5994493663311005,,-0.4732682059175645,-1.1008707002191833,-27.83836163141114,-27.83836163141114,2.350967418732389e-140,690770.0,-26.23383364993182,1.0935907350302873e-151,-1.0900941641527355,-0.542583982989848,GCST90200260,cancerType_celltype,KICH_Epi_KICH,tissue,Tumor,Adjacent,group2_higher,4.754256070819356e-140,2.392558863316664e-151
2794,1081,0.11500272251783486,-0.3495927760754449,0.0848138406872749,-0.3687272667884826,0.5211297439926525,0.39487151698754475,0.46459549859327975,0.4535411074757575,,0.4985869749423608,-1.6039989402787886,29.89995357472817,29.89995357472817,7.253235521791814e-169,2329024.0,26.21718511450477,1.693361454540195e-151,0.9496859670282567,0.5422396479306457,GCST90200821,cancerType_celltype,KICH_Epi_KICH,tissue,Tumor,Adjacent,group1_higher,1.602294978314788e-168,3.6988007412472525e-151
2794,1081,-0.06258965317582407,-0.47023907602930726,-0.07800561562180515,-0.5117543339729309,0.40588772327643663,0.40047189861415394,0.40764942285348316,0.4337487183511258,,0.48536326405752284,-2.90937836038749,28.311422642310607,28.311422642310607,1.9672260470368104e-148,2325976.0,26.11959908377083,2.1847836126513354e-150,1.00807307497459,0.5402213147374744,GCST90200504,cancerType_celltype,KICH_Epi_KICH,tissue,Tumor,Adjacent,group1_higher,4.09989159344216e-148,4.764576102470033e-150
2794,1081,-1.216376568446334,-0.34790314212676215,-1.3354841470718384,-0.3911821842193603,1.037277796397266,0.7253556722951593,-0.8684734263195717,-0.944301962852478,,-0.41586329347799894,-1.8058293557730654,-29.41345727122753,-29.41345727122753,7.210893739677591e-166,695083.0,-26.09574685513015,4.076152557436653e-150,-0.904154563531847,-0.5397279885468862,GCST90201001,cancerType_celltype,KICH_Epi_KICH,tissue,Tumor,Adjacent,group2_higher,1.5801363612830475e-165,8.875073379850093e-150
2794,1081,-0.5348981041941833,0.45616276772633785,-0.6244616210460663,0.522548496723175,0.9740556168279694,0.9846119046108359,-0.9910608719205212,-1.1470101177692413,,-0.4328944946525389,-0.22971492706767452,-28.185209280791767,-28.185209280791767,7.590777579341892e-147,698282.0,-25.993326345839506,5.894280591573082e-149,-1.0143807303115444,-0.5376096657499849,GCST90199746,cancerType_celltype,KICH_Epi_KICH,tissue,Tumor,Adjacent,group2_higher,1.5699893536635809e-146,1.2813244730963493e-148
2794,1081,-0.4386359649122377,0.1126182914582735,-0.47144028544425964,0.0378700830042362,0.3963516505185974,0.6200544225767101,-0.5512542563705112,-0.5093103684484959,,-0.5812794252262938,-1.9615734169053536,-27.162145325916892,-27.162145325916892,1.9774162343477815e-131,700831.0,-25.91171650583268,4.916085232890347e-148,-1.1739490895924503,-0.5359217617770868,GCST90200923,cancerType_celltype,KICH_Epi_KICH,tissue,Tumor,Adjacent,group2_higher,3.861344308618949e-131,1.0669783714059781e-147
2794,1081,0.17724065345129472,-0.4682003113256585,0.1076310351490974,-0.5163335800170898,0.712727763817319,0.5693873910867795,0.6454409647769532,0.6239646151661873,,0.4338163828378215,-1.4014112845095643,29.407552527464052,29.407552527464052,5.751587586684904e-163,2319413.0,25.909475356832882,5.210460499264674e-148,0.9550477986154969,0.5358754089806557,GCST90200607,cancerType_celltype,KICH_Epi_KICH,tissue,Tumor,Adjacent,group1_higher,1.2404135887106844e-162,1.1290711701904214e-147
2794,1081,0.6619581288100422,-0.4068348393430907,0.5712597668170929,-0.4468120038509369,1.2468041866418151,0.8010912919423453,1.068792968153133,1.0180717706680298,,0.44168212897701725,0.702295367831822,31.51645168518169,31.51645168518169,8.841454083034353e-189,2316512.0,25.81659573899851,5.776575948325166e-147,0.9373968603434856,0.5339544166599897,GCST90200483,cancerType_celltype,KICH_Epi_KICH,tissue,Tumor,Adjacent,group1_higher,2.1104907031831564e-188,1.2497576218360636e-146
2794,1081,-0.16844828370217743,1.0287015736688905,-0.274080827832222,1.1173721551895142,1.1709597481704404,1.2246715920371432,-1.197149857371068,-1.3914529830217361,,-0.35491460819548915,2.610439720726332,-27.62354086805518,-27.62354086805518,2.3649559289035112e-141,704543.0,-25.792871576014964,1.0664527746068158e-146,-1.0092463024150125,-0.5334637392006262,GCST90201003,cancerType_celltype,KICH_Epi_KICH,tissue,Tumor,Adjacent,group2_higher,4.803926871975389e-141,2.303605597130095e-146
2794,1081,-0.548949413837361,0.3900818974119986,-0.624034970998764,0.3220719695091247,0.9669415340013935,0.9072879388334775,-0.9390313112493596,-0.9461069405078888,,-0.4148421013966386,-0.4928950908694727,-28.362825586176015,-28.362825586176015,6.547295218766967e-150,704828.0,-25.78374689794437,1.3498596512281391e-146,-0.9877435104966654,-0.533275017100871,GCST90199744,cancerType_celltype,KICH_Epi_KICH,tissue,Tumor,Adjacent,group2_higher,1.3687060403649348e-149,2.9111688364303065e-146
2794,1081,0.19364850821281732,-0.19818644332288093,0.14246437698602676,-0.1981457322835922,0.4437382572534416,0.31311232386800447,0.39183495153569825,0.340610109269619,,0.4763869650292145,-0.0334177222104307,30.864924140789523,30.864924140789523,5.3060771091073e-180,2314480.0,25.751538385175884,3.0993232459961585e-146,0.9522036533762068,0.5326088611978754,GCST90200224,cancerType_celltype,KICH_Epi_KICH,tissue,Tumor,Adjacent,group1_higher,1.2320584496956132e-179,6.673582281663134e-146
2794,1081,-0.6282676631631554,0.37513252781664436,-0.7127805650234222,0.2851262986660003,0.8541001494849175,1.1078889000061671,-1.0034001909797998,-0.9979068636894226,,-0.4516305649873573,-0.7439774123930167,-26.85022462012819,-26.85022462012819,2.0170455635420724e-131,706247.5,-25.73829959786995,4.360242738879113e-146,-1.0767876451428142,-0.5323350486075289,GCST90200007,cancerType_celltype,KICH_Epi_KICH,tissue,Tumor,Adjacent,group2_higher,3.9330945681085047e-131,9.373834153142319e-146
2794,1081,0.4347433653346686,-0.33083519813038514,0.4076363146305084,-0.3571069836616516,0.8667715143083594,0.627831826072834,0.7655785634650538,0.76474329829216,,0.4154064963424714,0.3940502348080241,30.41623069529969,30.41623069529969,6.133880780847446e-175,2312855.0,25.699511711966352,1.1841528807109451e-145,0.9483377176214532,0.5315328141378677,GCST90200859,cancerType_celltype,KICH_Epi_KICH,tissue,Tumor,Adjacent,group1_higher,1.3887839708131345e-174,2.5417328762346743e-145
2794,1081,0.07238173172531895,-0.5135469983405521,0.0561859887093305,-0.5490370988845825,0.6719669307335387,0.45470299152092114,0.585928730065871,0.6052230875939131,,0.4918222479694113,-2.826781661966808,31.19145192755875,31.19145192755875,2.838532164295959e-184,2311063.0,25.64213829757159,5.176234434099482e-145,0.9464255599553928,0.5303461825492317,GCST90200745,cancerType_celltype,KICH_Epi_KICH,tissue,Tumor,Adjacent,group1_higher,6.7052328248447e-184,1.109309360641131e-144
2794,1081,-1.0004473260374827,0.18397428246874492,-1.1050183773040771,0.1072485670447349,1.2468908175912816,1.1528167543581833,-1.1844216085062276,-1.212266944348812,,-0.460465565902753,-2.4430627980153243,-28.027385827951985,-28.027385827951985,3.166241892656146e-147,712828.0,-25.527615583682056,9.73768187666668e-144,-0.9697351540055567,-0.5279775546516025,GCST90199674,cancerType_celltype,KICH_Epi_KICH,tissue,Tumor,Adjacent,group2_higher,6.558643920502016e-147,2.083588759481426e-143
2794,1081,2.1531418981120063,1.0231880318234734,2.0905872583389282,1.013943076133728,1.3380170210078455,0.81167885089447,1.129953866288533,1.0766441822052002,,0.47374762657032077,1.0733713660419324,31.95712538763872,31.95712538763872,1.2986499517985765e-194,2304583.0,25.434671933019118,1.0437065229357779e-142,0.9304599750444252,0.526055237965324,GCST90200396,cancerType_celltype,KICH_Epi_KICH,tissue,Tumor,Adjacent,group1_higher,3.149572747867366e-194,2.2297366626355255e-142
2794,1081,-0.12748147907101023,0.6662458052788064,-0.167339839041233,0.6433149576187134,0.858447403268802,0.743673797182855,-0.7937272843498167,-0.8106547966599464,,-0.4158628566167337,2.385757730341241,-28.504805759335554,-28.504805759335554,7.667270691357383e-153,716060.0,-25.42413853272008,1.3648564085541305e-142,-0.9585574977400287,-0.525837379822098,GCST90200887,cancerType_celltype,KICH_Epi_KICH,tissue,Tumor,Adjacent,group2_higher,1.6177229028359308e-152,2.9112664864777464e-142
2794,1081,-0.08543971766495136,-0.6321722761782577,-0.1115563996136188,-0.6650719046592712,0.6140783579406937,0.45332491260416224,0.5467325585133063,0.5535155050456524,,0.5079956409539037,-2.887324379372049,30.324001169094302,30.324001169094302,1.3695179705334944e-173,2303726.0,25.407233865978768,2.0987789991097784e-142,0.9528311458873624,0.5254877473004462,GCST90200901,cancerType_celltype,KICH_Epi_KICH,tissue,Tumor,Adjacent,group1_higher,3.075210862993662e-173,4.469743399666606e-142
2794,1081,0.4148582285518009,-0.4068280310768503,0.3608279228210449,-0.5005195736885071,0.9387999133941286,0.762060378144601,0.8216862596286512,0.861347496509552,,0.4362894656793011,0.028199246569918547,28.139557107020313,28.139557107020313,8.204791978617963e-151,2303111.0,25.387543771194853,3.463242607153196e-142,0.9201008309577817,0.5250805048746587,GCST90199895,cancerType_celltype,KICH_Epi_KICH,tissue,Tumor,Adjacent,group1_higher,1.725791893033377e-150,7.364118055459915e-142
2794,1081,0.3845989910958337,-0.2204389088569277,0.3479998707771301,-0.2182061970233917,0.7200385455150474,0.3485003560210778,0.6050378999527614,0.5662060678005219,,0.5042363959668917,0.8029732934903132,35.05406313983008,35.05406313983008,1.1475603076255716e-232,2302943.0,25.382165013595344,3.970751804827251e-142,0.9475141579368935,0.5249692581632242,GCST90199658,cancerType_celltype,KICH_Epi_KICH,tissue,Tumor,Adjacent,group1_higher,3.231662601846393e-232,8.430116370684647e-142
2794,1081,-0.6455114768555232,-0.23503553078978975,-0.7209182977676392,-0.2556067705154419,0.5103488462674673,0.3971424348222998,-0.41047594606573345,-0.46531152725219727,,-0.38036855390632446,-1.4575599745348988,-26.544616835205,-26.544616835205,5.040836994558047e-137,718568.0,-25.343841365698847,1.0511437857531343e-141,-0.8525567006831594,-0.5241766253442524,GCST90200551,cancerType_celltype,KICH_Epi_KICH,tissue,Tumor,Adjacent,group2_higher,1.0074282732525832e-136,2.2281632659121647e-141
2794,1081,-0.08956926895918778,1.142320295045291,-0.1703706681728363,1.12946355342865,1.324538889426715,1.218069234407241,-1.231889564004479,-1.2998342216014862,,-0.3641214086319322,3.672804738955519,-27.542880648109218,-27.542880648109218,4.867224968076911e-143,721044.0,-25.26456872393466,7.837593876036139e-141,-0.9507305904976848,-0.5225370607162036,GCST90200490,cancerType_celltype,KICH_Epi_KICH,tissue,Tumor,Adjacent,group2_higher,9.961002449682928e-143,1.6587951014033007e-140
2794,1081,0.19940398336883497,-0.4400626014790258,0.20499342679977414,-0.5075834393501282,0.7332475802990144,0.5817262923082255,0.6394665848478608,0.7125768661499023,,0.4730716508454036,-1.1420105836794376,28.442390348735763,28.442390348735763,4.561583103250507e-154,2298411.0,25.237066624065744,1.571267514238609e-140,0.9209862859150063,0.5219682456857135,GCST90200947,cancerType_celltype,KICH_Epi_KICH,tissue,Tumor,Adjacent,group1_higher,9.65440647473671e-154,3.320368406057712e-140
2794,1081,-0.2949381406954515,0.2720925962005567,-0.35031554102897644,0.2476536035537719,0.623497631568239,0.54319182215688,-0.5670307368960081,-0.5979691445827483,,-0.37287072203536376,-0.11631428909463407,-27.93269398590077,-27.93269398590077,1.5107732346611376e-147,723071.0,-25.199671452183445,4.0406497260333317e-140,-0.9416271045351228,-0.5211948161681202,GCST90199711,cancerType_celltype,KICH_Epi_KICH,tissue,Tumor,Adjacent,group2_higher,3.1342220986957845e-147,8.525395629386116e-140
2794,1081,-0.32776726622977287,0.24042514484059316,-0.3484971523284912,0.1911576092243194,0.5978296116754275,0.567660217618039,-0.568192411070366,-0.5396547615528107,,-0.37593270366190795,-0.44708239413181017,-27.52869973196515,-27.52869973196515,2.5637908716802724e-142,723147.0,-25.197238204697953,4.29656472330311e-140,-0.9637370789735074,-0.5211444902748522,GCST90200854,cancerType_celltype,KICH_Epi_KICH,tissue,Tumor,Adjacent,group2_higher,5.231208021108101e-142,9.051341140436073e-140
2794,1081,0.9709085988923064,0.24204037854696514,1.0118992924690247,0.2908494174480438,0.8100976030859819,0.6369871837556543,0.7288682203453413,0.7210498750209808,,0.38445561957222585,2.0040832663066372,29.5054353354182,29.5054353354182,2.9990842602311027e-164,2296704.5,25.182430613092162,6.24263466080864e-140,0.9518108142896594,0.5208382307270039,GCST90200866,cancerType_celltype,KICH_Epi_KICH,tissue,Tumor,Adjacent,group1_higher,6.519540425350866e-164,1.3130726917719408e-139
2794,1081,-0.002420085683584763,0.5660271745979154,-0.0357565246522426,0.5315415263175964,0.5624121529131229,0.6285031007174976,-0.5684472602815002,-0.567298050969839,,-0.44241947346985133,7.869075918125582,-25.983140268241794,-25.983140268241794,1.5801839844246e-126,725356.0,-25.12651394554727,2.5538105707959997e-139,-0.9773894678465315,-0.519681728456048,GCST90200247,cancerType_celltype,KICH_Epi_KICH,tissue,Tumor,Adjacent,group2_higher,3.016513684552843e-126,5.363395697989133e-139
2794,1081,-0.5103663537226638,0.5468001347639323,-0.7315950989723206,0.3889513313770294,1.3637968235362912,0.9933924782536938,-1.0571664884865961,-1.12054643034935,,-0.43426778795991544,0.09948018865294049,-26.60789962369088,-26.60789962369088,1.3020952970186875e-138,726080.0,-25.10333406160653,4.5752772017331e-139,-0.8314945853341805,-0.5192023081043892,GCST90199691,cancerType_celltype,KICH_Epi_KICH,tissue,Tumor,Adjacent,group2_higher,2.6137789246487055e-138,9.594004347634176e-139
2794,1081,0.015370087119165977,-0.37741579379893714,-0.00194841390475625,-0.3896061480045318,0.45632701933681125,0.3315431920952247,0.3927858809181031,0.38765773409977555,,0.39770581504308555,-4.617867511258574,29.58940290374171,29.58940290374171,8.639567498307384e-167,2294209.0,25.102533651249463,4.6682847249269966e-139,0.923705422668234,0.5191857535342352,GCST90199829,cancerType_celltype,KICH_Epi_KICH,tissue,Tumor,Adjacent,group1_higher,1.8962528985817977e-166,9.773997050807214e-139
2794,1081,-0.6189016101456708,-0.21804185048558566,-0.6687462627887726,-0.2609633803367615,0.43909006797365846,0.4208881705614146,-0.40085975966008514,-0.4077828824520111,,-0.3440838961869744,-1.5051007203905429,-26.268064325209792,-26.268064325209792,2.957146745269806e-131,726458.0,-25.09123185700764,6.2020522161338565e-139,-0.9234460539341356,-0.5189520030036612,GCST90200187,cancerType_celltype,KICH_Epi_KICH,tissue,Tumor,Adjacent,group2_higher,5.757987162575351e-131,1.2965333083727677e-138
2794,1081,1.1598727483992743,0.09372350448562879,1.1509332060813904,0.0142654562368988,1.2381333422017602,0.927927596725524,1.0661492439136455,1.1366677498444915,,0.48376108684782815,3.6293976740214666,29.068661643458977,29.068661643458977,3.97085641099306e-161,2291663.0,25.02101986048548,3.6122396454979236e-138,0.919092265818472,0.5174998361097556,GCST90200966,cancerType_celltype,KICH_Epi_KICH,tissue,Tumor,Adjacent,group1_higher,8.509869949974121e-161,7.539789642899953e-138
2794,1081,-0.1296811621152741,-0.8611781332777748,-0.1252142302691936,-0.9254198670387268,0.873711721295169,0.600884572881792,0.7314969711625007,0.8002056367695332,,0.4265687029205116,-2.7313333134543685,29.685019578230552,29.685019578230552,7.24813366776877e-169,2291053.0,25.00148984777298,5.891886092058106e-138,0.9064832892657688,0.5170959045979988,GCST90199752,cancerType_celltype,KICH_Epi_KICH,tissue,Tumor,Adjacent,group1_higher,1.602294978314788e-168,1.22792671918581e-137
2794,1081,-0.30951208058357504,0.07176469760194376,-0.35493452847003937,0.0477056168019771,0.4566554238028098,0.36814075104659166,-0.3812767781855188,-0.40264014527201647,,-0.347545730036335,-2.108634043681384,-26.95974162777962,-26.95974162777962,3.4365127680414187e-140,730212.5,-24.971026229582908,1.2628583945526864e-137,-0.8789379185674768,-0.5164658376579389,GCST90199847,cancerType_celltype,KICH_Epi_KICH,tissue,Tumor,Adjacent,group2_higher,6.92894512254505e-140,2.6279022775195594e-137
2794,1081,-0.14225264541678304,0.4274154649778595,-0.18184491991996765,0.4243141412734985,0.6645189954854624,0.546485178616525,-0.5696681103946425,-0.6061590611934662,,-0.3931793743842816,1.5871768609433903,-27.33499168850522,-27.33499168850522,3.1232992867566914e-143,731688.0,-24.92378601030865,4.111489976803898e-137,-0.8987869694649573,-0.5154887869274519,GCST90200778,cancerType_celltype,KICH_Epi_KICH,tissue,Tumor,Adjacent,group2_higher,6.401589365187024e-143,8.542623229243466e-137
2794,1081,0.5768515271149731,0.006097126214067274,0.5728807747364044,-0.0221310928463935,0.6823868359180234,0.44093631158183694,0.5707544009009058,0.5950118675827979,,0.3618113463201285,6.563692719066175,30.661012614655444,30.661012614655444,6.67599664628121e-180,2287401.0,24.884565902812234,1.0936426758183189e-136,0.9139160142424104,0.5146776129899078,GCST90200739,cancerType_celltype,KICH_Epi_KICH,tissue,Tumor,Adjacent,group1_higher,1.5475141885852535e-179,2.2688507871238487e-136
2794,1081,0.005996067901807767,-0.46639946366828944,-0.0305164903402328,-0.4963483810424804,0.5679640995822715,0.35344001980496076,0.4723955315700972,0.4658318907022476,,0.5186963626134791,-6.2811681047452534,31.080319958800498,31.080319958800498,5.865241444640051e-185,2286589.0,24.85856857441461,2.0899702371119077e-136,0.9134253325398166,0.5141399205513069,GCST90199835,cancerType_celltype,KICH_Epi_KICH,tissue,Tumor,Adjacent,group1_higher,1.390317232877285e-184,4.329224062588951e-136
2794,1081,0.6508011172235422,-0.5986415847475418,0.6715233623981476,-0.7144367098808289,1.5650932534696016,1.0337324339551575,1.249442701971084,1.3859600722789764,,0.34362102149906426,0.12052403513051758,28.93005378386661,28.93005378386661,3.273610053201492e-162,2286512.0,24.856103310514833,2.222268535250337e-136,0.8695905077240778,0.5140889324752327,GCST90199651,cancerType_celltype,KICH_Epi_KICH,tissue,Tumor,Adjacent,group1_higher,7.037745272103523e-162,4.596285301284081e-136
2794,1081,0.01113486594039033,0.7507652060187333,-0.043793395161628654,0.6813037395477295,0.6317864022895283,0.8578881168427757,-0.7396303400783429,-0.7250971347093581,,-0.4537485860178908,6.0750780585250865,-25.77114935236869,-25.77114935236869,3.0579430483594876e-122,734574.5,-24.83137063048138,4.112259511137976e-136,-1.053312802607199,-0.5135773962574752,GCST90200223,cancerType_celltype,KICH_Epi_KICH,tissue,Tumor,Adjacent,group2_higher,5.741014290515125e-122,8.492438960122821e-136
2794,1081,-0.02099929858911284,-0.9593596934197879,-0.05492899939417835,-1.0388813018798828,1.1264195631198854,0.7925762012223819,0.938360394830675,0.9839523024857044,,0.48077048348544815,-5.513591585309811,29.164267339700576,29.164267339700576,2.5459911250684037e-163,2284727.0,24.798954011020054,9.204549817859738e-136,0.8987140494202366,0.5129069361662397,GCST90200257,cancerType_celltype,KICH_Epi_KICH,tissue,Tumor,Adjacent,group1_higher,5.5169887177555394e-163,1.8980032377825754e-135
2794,1081,-0.4339618086378974,0.649044796917286,-0.5745505094528198,0.5263522267341614,1.1312143824371077,1.1564688819337008,-1.0830066055551835,-1.1009027361869812,,-0.41257932049979384,0.5807488724133479,-26.303895551607074,-26.303895551607074,1.5413763320118985e-130,736112.0,-24.782145393521592,1.397218229934413e-135,-0.9514136964041545,-0.5125592901930065,GCST90199728,cancerType_celltype,KICH_Epi_KICH,tissue,Tumor,Adjacent,group2_higher,2.996998488633691e-130,2.87674992054472e-135
2794,1081,0.48082542075010487,-0.011862827216249837,0.46996767818927765,-0.0372561290860176,0.5366098125922455,0.4812233402387583,0.4926882479663547,0.5072238072752953,,0.4483425860856871,5.340874775448807,27.65974418726153,27.65974418726153,1.509274434047402e-144,2280678.0,24.66931954958904,2.2844980145953685e-134,0.9442875309573847,0.5102257579841036,GCST90199901,cancerType_celltype,KICH_Epi_KICH,tissue,Tumor,Adjacent,group1_higher,3.102776853101974e-144,4.696486868617628e-134
2794,1081,-1.0352052935686111,-0.38197182330831014,-1.1608319878578186,-0.5047873854637146,0.8248205392696404,0.6861239556876814,-0.653233470260301,-0.656044602394104,,-0.4349421755113213,-1.438376391557635,-25.069027193552387,-25.069027193552387,4.6005453263028407e-123,740049.0,-24.65609677049025,3.1670166968160716e-134,-0.8283446931267385,-0.5099522764851602,GCST90201016,cancerType_celltype,KICH_Epi_KICH,tissue,Tumor,Adjacent,group2_higher,8.672950594399407e-123,6.500969514699256e-134
2794,1081,1.1388398629106602,0.42150457560743404,1.1761808395385742,0.3907656669616699,0.8714722497614454,0.6116870299248519,0.7173352873032262,0.7854151725769043,,0.3470779832845957,1.4339425445247191,28.856753386544405,28.856753386544405,2.164009635813574e-160,2279945.0,24.645851517919755,4.0786236379493863e-134,0.8883650675410197,0.5097403779871894,GCST90200621,cancerType_celltype,KICH_Epi_KICH,tissue,Tumor,Adjacent,group1_higher,4.6231114946926354e-160,8.359645140639119e-134
2794,1081,-0.6375048314302895,0.5617031095316364,-0.7491950690746307,0.363363116979599,0.9847168125054786,1.4381937245936078,-1.1992079409619258,-1.1125581860542297,,-0.44743453024337865,-0.18262818075542236,-25.22291714855388,-25.22291714855388,3.597078048282203e-117,741806.0,-24.599843930595387,1.2685492886561564e-133,-1.0615980617626148,-0.5087888212947396,GCST90200810,cancerType_celltype,KICH_Epi_KICH,tissue,Tumor,Adjacent,group2_higher,6.643383983480547e-117,2.5961451658233354e-133
2794,1081,-0.13962293709794218,0.3078103365643561,-0.16380326449871055,0.2806298732757568,0.40781667095116636,0.513400175280216,-0.44743327366229824,-0.44443313777446736,,-0.394905020044547,1.1405000684258237,-25.689320477585472,-25.689320477585472,1.570552399925506e-122,742125.0,-24.58963069443918,1.6314668536336313e-133,-1.0173215861510583,-0.508577584979575,GCST90199956,cancerType_celltype,KICH_Epi_KICH,tissue,Tumor,Adjacent,group2_higher,2.952638511859951e-122,3.3338670487295946e-133
2794,1081,0.4357843547369315,1.0171860210332808,0.42976452410221094,1.0988460779190063,0.4960314159125242,0.6706236057608566,-0.5814016662963493,-0.6690815538167953,,-0.3691126047095147,1.2228953406417415,-25.895127043273764,-25.895127043273764,2.8695239110499872e-123,742548.0,-24.57608775119756,2.2772138588226965e-133,-1.0564889682231748,-0.5082974816525698,GCST90199808,cancerType_celltype,KICH_Epi_KICH,tissue,Tumor,Adjacent,group2_higher,5.417120624322898e-123,4.646470792777448e-133
2794,1081,-0.3578352146705232,-0.6446966552829273,-0.39404530823230743,-0.6691934466362,0.3477250640251094,0.2637318713540429,0.2868614406124041,0.2751481384038925,,0.5214343373278827,-0.8493233343712572,27.652126397228102,27.652126397228102,1.419006437132626e-147,2277113.0,24.555181032670898,3.8090790151973295e-133,0.8786406762733845,0.5078650762801484,GCST90200325,cancerType_celltype,KICH_Epi_KICH,tissue,Tumor,Adjacent,group1_higher,2.9483319722740384e-147,7.760500295536562e-133
2794,1081,0.11322535778592163,0.7810241591696223,0.0960940942168235,0.7908965945243835,0.7816033630760534,0.6126141420258563,-0.6677988013837006,-0.6948025003075601,,-0.3298870781839266,2.7861591826848064,-28.074057732421572,-28.074057732421572,6.971888871016495e-151,743238.0,-24.553996425342433,3.921691412624172e-133,-0.9044117934305722,-0.5078405755163204,GCST90200761,cancerType_celltype,KICH_Epi_KICH,tissue,Tumor,Adjacent,group2_higher,1.4687302212048658e-150,7.978008052845891e-133
2794,1081,-0.2885640381067535,0.6540050436996757,-0.33612632751464844,0.5650942325592041,0.7777053346081988,1.0828359285066913,-0.9425690818064292,-0.9012205600738525,,-0.45082509344945265,1.180407451076157,-26.130627759256353,-26.130627759256353,9.205545759978876e-125,743279.0,-24.55268375235684,4.050364248608724e-133,-1.0789791828814985,-0.507813426021268,GCST90201019,cancerType_celltype,KICH_Epi_KICH,tissue,Tumor,Adjacent,group2_higher,1.7450846830112947e-124,8.227491014685085e-133
2794,1081,-0.261436357852338,0.9859339892377458,-0.39948832988739014,0.8659351468086243,1.4453479601654515,1.2258570773348891,-1.2473703470900839,-1.2654234766960144,,-0.34783209452585445,1.915027212595778,-26.978069158364146,-26.978069158364146,1.73373721057483e-139,743899.0,-24.53283357550151,6.598159417930222e-133,-0.8989166691710243,-0.5074028726814497,GCST90200965,cancerType_celltype,KICH_Epi_KICH,tissue,Tumor,Adjacent,group2_higher,3.4853743628517604e-139,1.3382873938450731e-132
2794,1081,2.289490956277853,1.0926459103703143,2.404059410095215,1.0583025217056274,1.6327146602600089,0.9037107818971543,1.1968450459075388,1.3457568883895874,,0.28982422933894597,1.067200227980169,28.94615375876239,28.94615375876239,5.595998074910574e-165,2275522.0,24.50424291754698,1.331583133830233e-132,0.8162151604918039,0.50681154343555,GCST90200855,cancerType_celltype,KICH_Epi_KICH,tissue,Tumor,Adjacent,group1_higher,1.220375260176498e-164,2.696802097192582e-132
2794,1081,-0.21149712761229553,-0.5150477885172567,-0.23650722205638885,-0.5248957276344299,0.3811114509218164,0.26406575463473264,0.3035506609049612,0.2883885055780411,,0.39224877325581964,-1.284064208257216,28.124547993754426,28.124547993754426,1.3608440646943331e-153,2271366.0,24.37118269978771,3.458709351117292e-131,0.8613723606563866,0.504059511693155,GCST90200019,cancerType_celltype,KICH_Epi_KICH,tissue,Tumor,Adjacent,group1_higher,2.875706139811436e-153,6.994392945953811e-131
2794,1081,-0.29520804759240665,0.3494955744461551,-0.37037695944309235,0.3719001114368438,0.8277098759541673,0.6204043619954644,-0.6447036220385618,-0.7422770708799362,,-0.40625559531176375,0.24354137732839634,-26.292192167048025,-26.292192167048025,2.570905824910424e-135,749390.0,-24.357031444674714,4.885427628880806e-131,-0.8313455407830554,-0.503766826892833,GCST90199628,cancerType_celltype,KICH_Epi_KICH,tissue,Tumor,Adjacent,group2_higher,5.100647218854306e-135,9.864944975058575e-131
2794,1081,-0.29441578287198195,0.35951944014347237,-0.3696548491716385,0.2707789540290832,0.7026164640361335,0.7054998617731038,-0.6539352230154543,-0.6404338032007217,,-0.41299525517043756,0.28821388303147355,-25.90733277405424,-25.90733277405424,1.7518256543265022e-127,750474.0,-24.322325651592173,1.1386236427631926e-130,-0.9296489212827197,-0.503049020730957,GCST90200784,cancerType_celltype,KICH_Epi_KICH,tissue,Tumor,Adjacent,group2_higher,3.3535651219761555e-127,2.295775185038804e-130
2794,1081,0.48074873894895004,1.3990364702182385,0.464679017663002,1.3739131689071655,1.0077774676082563,0.936759668281825,-0.9182877312692885,-0.9092341512441635,,-0.356695165018721,1.5410766232299666,-26.786193111098076,-26.786193111098076,3.1823753132966963e-136,751193.0,-24.299305849722845,1.9945006416988208e-130,-0.9289830665891633,-0.502572911293329,GCST90199688,cancerType_celltype,KICH_Epi_KICH,tissue,Tumor,Adjacent,group2_higher,6.341487649157013e-136,4.015516062977094e-130
2794,1081,-0.678784064942236,0.1478763290160731,-0.716422438621521,0.1194398701190948,1.0145580442073268,0.7905550738766924,-0.826660393958309,-0.8358623087406158,,-0.3614212417415451,-2.1985539314572424,-26.869181531811616,-26.869181531811616,6.163043389496118e-140,751673.0,-24.283937970867107,2.898909657332139e-130,-0.8634625610780491,-0.502255063546373,GCST90199791,cancerType_celltype,KICH_Epi_KICH,tissue,Tumor,Adjacent,group2_higher,1.2408017931880661e-139,5.827749060388947e-130
2794,1081,-0.3677759817319963,0.3746304237524458,-0.4914023578166961,0.3333961963653564,0.9809354935247889,0.6803241265465396,-0.7424064054844421,-0.8247985541820525,,-0.3558415124730095,0.026640728843422185,-26.71022457486904,-26.71022457486904,2.852825531493563e-140,752189.0,-24.26741750109719,4.332125364442866e-130,-0.8183666539886706,-0.5019133772183952,GCST90200973,cancerType_celltype,KICH_Epi_KICH,tissue,Tumor,Adjacent,group2_higher,5.760594369519595e-140,8.696151504765282e-130
2794,1081,-0.6678705873845715,0.43161315184095606,-0.8268768489360809,0.309736430644989,1.385288169737461,1.0838757791497113,-1.0994837392255277,-1.13661327958107,,-0.3122736364030778,-0.6298285714043981,-26.107266515027728,-26.107266515027728,5.0766526320972694e-133,753004.0,-24.241324123456714,8.166239348442954e-130,-0.8404300946861778,-0.5013736982313759,GCST90200104,cancerType_celltype,KICH_Epi_KICH,tissue,Tumor,Adjacent,group2_higher,9.98481607149867e-133,1.6368506223423158e-129
2794,1081,-0.1546465116617487,0.9847136549132546,-0.2832702696323395,0.8575930595397949,1.0769376114886622,1.3147184102876293,-1.1393601665750033,-1.1408633291721344,,-0.4304227646802657,2.670722108962396,-25.387723331601194,-25.387723331601194,1.614680578710358e-120,753010.5,-24.241116016763876,8.207610102369495e-130,-0.9922963960199981,-0.5013693940431359,GCST90199806,cancerType_celltype,KICH_Epi_KICH,tissue,Tumor,Adjacent,group2_higher,3.010683486706181e-120,1.6427272495638212e-129
2794,1081,-0.0422065429816326,-0.7882286001829936,-0.0503674186766147,-0.8358981013298035,0.9023760281241312,0.6903148153431452,0.7460220572013609,0.7855306826531888,,0.40960244728014106,-4.2230431740828465,27.56873733279667,27.56873733279667,1.1885197252672064e-146,2267156.0,24.236393595657166,9.204767156484101e-130,0.8791342163699845,0.5012717220792275,GCST90200740,cancerType_celltype,KICH_Epi_KICH,tissue,Tumor,Adjacent,group1_higher,2.45076003863722e-146,1.83960375869323e-129
2794,1081,-0.8654951570945479,-0.09968844940336671,-0.9884889721870422,-0.2362320572137832,0.9080167019542673,0.8373169368497932,-0.7658067076911812,-0.752256914973259,,-0.3879527878228812,-3.11801468315907,-24.929369476656976,-24.929369476656976,1.712779487490597e-120,754218.0,-24.20245619651741,2.096934723006897e-129,-0.8615533601640988,-0.5005698083046994,GCST90200107,cancerType_celltype,KICH_Epi_KICH,tissue,Tumor,Adjacent,group2_higher,3.189232843510497e-120,4.184658898182138e-129
2794,1081,0.13311156372299243,-0.26644494817374664,0.13434299081563944,-0.307596743106842,0.5087566945557541,0.33735177404963157,0.3995565118967391,0.4419397339224814,,0.367601731718466,-1.0011961489996293,28.401151483810413,28.401151483810413,5.4357305884678386e-157,2265861.0,24.194932339160953,2.5164620177460188e-129,0.8549876090675854,0.5004141953452521,GCST90200037,cancerType_celltype,KICH_Epi_KICH,tissue,Tumor,Adjacent,group1_higher,1.1558347569550177e-156,5.014528845303836e-129
2794,1081,-0.1649050657309942,0.4987658621531383,-0.22381708770990366,0.4845868051052093,0.8376419440389572,0.6216867695292181,-0.6636709278841325,-0.708403892815113,,-0.33629372451135175,1.5967211500135812,-26.900825628263007,-26.900825628263007,5.228154075294839e-141,756062.0,-24.143417928579947,8.758617617358394e-129,-0.847134346052626,-0.499348743210143,GCST90200118,cancerType_celltype,KICH_Epi_KICH,tissue,Tumor,Adjacent,group2_higher,1.0588371477900246e-140,1.742773111307955e-128
2794,1081,-0.8983693767596165,-0.2932104411867519,-0.9191386103630066,-0.3091886341571808,0.6942370768235157,0.5912353309350111,-0.6051589355728646,-0.6099499762058258,,-0.3442343149013804,-1.6153689575873418,-27.176093935348366,-27.176093935348366,3.5001234068983396e-141,756984.0,-24.113898794611213,1.7876981790105327e-128,-0.9071275107407992,-0.49873821066286483,GCST90200061,cancerType_celltype,KICH_Epi_KICH,tissue,Tumor,Adjacent,group2_higher,7.09920863631315e-141,3.551942591824134e-128
2794,1081,-0.3642152544037389,0.2595464540430096,-0.45212993025779724,0.2201515734195709,0.7955399601167539,0.6153434204866703,-0.6237617084467485,-0.6722815036773682,,-0.3402405563076943,-0.48879697289033985,-25.972253837440213,-25.972253837440213,5.503271421405342e-132,758046.0,-24.079897362642892,4.0619518000607193e-128,-0.8320602157480055,-0.49803497252272444,GCST90200035,cancerType_celltype,KICH_Epi_KICH,tissue,Tumor,Adjacent,group2_higher,1.0792746686871197e-131,8.058865070571704e-128
2794,1081,0.18999136932370772,0.9086525564333536,0.16371884196996686,0.9086004495620728,0.7696080859617735,0.793919792822564,-0.7186611871096459,-0.7448816075921059,,-0.3376849866925863,2.2577888643080333,-25.487195932611566,-25.487195932611566,1.3737154666966317e-123,758492.0,-24.065618041872767,5.731613857500473e-128,-0.9255563098700069,-0.4977396389911778,GCST90199994,cancerType_celltype,KICH_Epi_KICH,tissue,Tumor,Adjacent,group2_higher,2.5969128725485564e-123,1.1354926871763292e-127
2794,1081,0.9000070263335729,0.3536049463484727,0.9211278855800629,0.3583024442195892,0.7204060757337994,0.39955007795821335,0.5464020799851002,0.5628254413604736,,0.34572558211684923,1.3477953318079092,29.92342065927121,29.92342065927121,6.243176840041164e-175,2261049.0,24.04086935363217,1.0405227893165964e-127,0.8443435473503252,0.49722777168201726,GCST90199727,cancerType_celltype,KICH_Epi_KICH,tissue,Tumor,Adjacent,group1_higher,1.411185743445457e-174,2.0583926877191886e-127
2794,1081,1.6959998874009503,0.5440073569503826,1.698822259902954,0.4567907154560089,1.3062289294030842,1.1490943361048305,1.1519925304505678,1.2420315444469452,,0.4067637230489527,1.6404362056060835,26.91339241174734,26.91339241174734,2.7767182832338965e-138,2257907.0,23.940273779955646,1.1672616872857563e-126,0.9111151531990446,0.49514719330506685,GCST90200898,cancerType_celltype,KICH_Epi_KICH,tissue,Tumor,Adjacent,group1_higher,5.557513979512189e-138,2.3057647532905593e-126
2794,1081,-0.4517675839809232,0.9147257096616372,-0.669660359621048,0.7878037095069885,1.8056329271327622,1.3004424382457216,-1.3664932936425604,-1.4574640691280365,,-0.28705102790809445,1.017756828709356,-26.14691944505555,-26.14691944505555,1.427398907048337e-134,764004.0,-23.889143566346032,3.973131304713511e-126,-0.8133392399017527,-0.4940896873636317,GCST90200744,cancerType_celltype,KICH_Epi_KICH,tissue,Tumor,Adjacent,group2_higher,2.8196300149375116e-134,7.837015873117967e-126
2794,1081,-0.01908408567318046,-0.41815461391808917,-0.0384163204580545,-0.4371087253093719,0.5117553049866242,0.3497244814996932,0.3990705282449087,0.3986924048513174,,0.316136984905403,-4.4535223639408965,27.745569839473742,27.745569839473742,3.2799540900739633e-150,2254682.0,23.83702084389365,1.3812018792736448e-125,0.8451369050308094,0.4930116537552056,GCST90200563,cancerType_celltype,KICH_Epi_KICH,tissue,Tumor,Adjacent,group1_higher,6.877811422724327e-150,2.720488672615575e-125
2794,1081,-0.1171649211279216,0.31567957492870047,-0.1266328543424606,0.3187725841999054,0.49096285832244385,0.44204693018146923,-0.43284449605662206,-0.44540543854236603,,-0.3362615745455009,1.4299124800743737,-26.487875532721844,-26.487875532721844,3.65222333350365e-134,767467.0,-23.778270723684734,5.607551824215761e-125,-0.9058617085700159,-0.4917965483059046,GCST90199680,cancerType_celltype,KICH_Epi_KICH,tissue,Tumor,Adjacent,group2_higher,7.204023738879125e-134,1.1028994424828402e-124
2794,1081,-1.0997286107795365,-1.8681098375173077,-1.18172287940979,-1.947794795036316,0.8291842825892586,0.8237503349064348,0.7683812267377712,0.7660719156265259,,0.4746354266704753,-0.7644312009918115,25.993871739858868,25.993871739858868,2.2603397928897128e-128,2252244.0,23.758964825872212,8.879966811858222e-125,0.9283637424899083,0.49139725207379104,GCST90200712,cancerType_celltype,KICH_Epi_KICH,tissue,Tumor,Adjacent,group1_higher,4.345335878291507e-128,1.744005009302991e-124
2794,1081,2.3535062232712556,1.184567863577167,2.47317636013031,1.1545284986495972,1.4835844472264867,0.9424607661616173,1.1689383596940885,1.318647861480713,,0.411778810636147,0.9904502104163174,29.137591844826876,29.137591844826876,6.331490267002795e-165,2251621.0,23.739018599774035,1.427253675112898e-124,0.8629386352595735,0.4909847121855542,GCST90200596,cancerType_celltype,KICH_Epi_KICH,tissue,Tumor,Adjacent,group1_higher,1.378565692320257e-164,2.7990600851494674e-124
2794,1081,-0.17038665437762487,0.29951316385344057,-0.19779980182647705,0.286327600479126,0.5905382286789737,0.46210287311352166,-0.4698998182310654,-0.484127402305603,,-0.33756923331391914,0.8138034215343031,-26.172099526795602,-26.172099526795602,1.3455381785586619e-133,769589.0,-23.710331892576654,2.8222638218069165e-124,-0.8425590670064611,-0.4903913963912362,GCST90200467,cancerType_celltype,KICH_Epi_KICH,tissue,Tumor,Adjacent,group2_higher,2.6502435511206016e-133,5.526933317705212e-124
2794,1081,-0.3605607779003342,-0.8367474640437547,-0.3998614698648453,-0.8822797536849976,0.5956561907167433,0.46363042838534557,0.47618668614342047,0.4824182838201523,,0.35401567262303224,-1.2145475286739291,26.380207889991688,26.380207889991688,1.53024524914466e-135,2249597.0,23.67421737726567,6.650504440555603e-124,0.8473558979536349,0.4896444541858893,GCST90200575,cancerType_celltype,KICH_Epi_KICH,tissue,Tumor,Adjacent,group1_higher,3.0404143944375684e-135,1.3005218870125232e-123
2794,1081,-0.7842844672503462,-0.20733808338456944,-0.9185883104801178,-0.2549628913402557,0.7359854826636174,0.6334086177178349,-0.5769463838657767,-0.6636254191398621,,-0.3510288625349164,-1.9193867777684972,-24.272005569496987,-24.272005569496987,7.274243370881911e-116,772645.0,-23.612489730528452,2.869554322338624e-123,-0.8138894957590405,-0.4883677657356156,GCST90200313,cancerType_celltype,KICH_Epi_KICH,tissue,Tumor,Adjacent,group2_higher,1.3290608196396841e-115,5.603442036314534e-123
2794,1081,-0.510655122878528,0.5618620749375487,-0.632225900888443,0.3803189694881439,1.0791073467244594,1.2755400355504167,-1.0725171978160768,-1.012544870376587,,-0.4497562442154834,0.13786648733966347,-24.46485703597493,-24.46485703597493,1.3665838646894538e-113,773906.0,-23.572117032117855,7.450984750660903e-123,-0.9430382700482763,-0.4875327532170496,GCST90199621,cancerType_celltype,KICH_Epi_KICH,tissue,Tumor,Adjacent,group2_higher,2.460573061521434e-113,1.4528887289200017e-122
2794,1081,0.024953487199277657,-0.2612481286516521,0.0076458409894257,-0.2728765606880188,0.36686439201298116,0.24038499251904422,0.28620161585092974,0.2805224016774445,,0.36055301994664474,-3.3880550626756323,28.390282327953187,28.390282327953187,4.4239526680604415e-157,2245082.0,23.529663266778876,2.0286703838967424e-122,0.8507502525171996,0.48665469881608336,GCST90200281,cancerType_celltype,KICH_Epi_KICH,tissue,Tumor,Adjacent,group1_higher,9.421636697759972e-157,3.9501110475017995e-122
2794,1081,0.20842546113862062,0.9571790484475466,0.10549782589077944,0.9292651414871216,0.8957346020871636,0.8383658411597359,-0.748753587308926,-0.8237673155963421,,-0.39803976064570823,2.1992518764506244,-24.456051400230876,-24.456051400230876,2.332083628461767e-116,775500.0,-23.521082867751087,2.48333141072758e-122,-0.8507469201005937,-0.48647723382403285,GCST90199756,cancerType_celltype,KICH_Epi_KICH,tissue,Tumor,Adjacent,group2_higher,4.2781022686317475e-116,4.8285031566643246e-122
2794,1081,-0.060298614399448475,0.9999112554747873,-0.19898068904876703,0.9233227372169496,1.125097990618268,1.240220232600011,-1.0602098698742357,-1.1223034262657166,,-0.42093125893027805,4.051580819138784,-24.478294573790524,-24.478294573790524,1.6209905683390875e-114,775683.0,-23.515223863937337,2.850920886694568e-122,-0.9152749693900201,-0.4863560543705059,GCST90199668,cancerType_celltype,KICH_Epi_KICH,tissue,Tumor,Adjacent,group2_higher,2.9419575827512333e-114,5.535334997955407e-122
2794,1081,-0.07828338073106238,0.35605461293579255,-0.12023493275046346,0.3344265520572662,0.4838830179733575,0.5011163109345618,-0.43433799366685494,-0.4546614848077296,,-0.39190385323456656,2.1853062004079815,-24.429433907774474,-24.429433907774474,6.998716971334122e-115,775844.0,-23.51006922123781,3.218964462100589e-122,-0.8886716602854164,-0.4862494429387143,GCST90200258,cancerType_celltype,KICH_Epi_KICH,tissue,Tumor,Adjacent,group2_higher,1.271900164257121e-114,6.241036361085494e-122
2794,1081,-0.0240959242581497,-0.3531039735749198,-0.0245549008250236,-0.3649322092533111,0.3982225650552537,0.31934115682971503,0.3290080493167701,0.3403773084282875,,0.43559575097401304,-3.873176224874399,26.76585812235155,26.76585812235155,1.5613375094410155e-138,2242937.5,23.461004066349435,1.0210964058825969e-121,0.8706554963048377,0.4852346477882763,GCST90200969,cancerType_celltype,KICH_Epi_KICH,tissue,Tumor,Adjacent,group1_higher,3.129563272600153e-138,1.9769238653664483e-121
2794,1081,-0.09741109273574772,0.1994164597653809,-0.13406498730182645,0.1734675616025924,0.36517137745374684,0.34578869536678986,-0.2968275525011286,-0.30753254890441883,,-0.25824451129691117,1.0336189440855186,-23.589136437063985,-23.589136437063985,3.930860555053519e-109,779161.0,-23.403870775061797,3.904296960205838e-121,-0.8248155565500656,-0.4840529825706864,GCST90199647,cancerType_celltype,KICH_Epi_KICH,tissue,Tumor,Adjacent,group2_higher,6.904333681105602e-109,7.548307456397952e-121
2794,1081,1.9791880555687331,0.7973370582647318,2.0058759450912476,0.8252389430999756,1.4101574549854403,1.181831621333693,1.1818509973040014,1.180637001991272,,0.3693584131965934,1.3116459896173178,26.40200178998287,26.40200178998287,1.4181311713239934e-134,2239663.0,23.356166317780442,1.1934591857321515e-120,0.8752018776745109,0.4830663301895102,GCST90200775,cancerType_celltype,KICH_Epi_KICH,tissue,Tumor,Adjacent,group1_higher,2.8053886596728636e-134,2.304086218346916e-120
2794,1081,-0.07784919830652448,0.4361882261609304,-0.13296733051538465,0.4032675325870514,0.6796617619636774,0.5481123107156758,-0.5140374244674548,-0.5362348631024361,,-0.2942664822552612,2.486181516591503,-24.415799445808492,-24.415799445808492,7.249231395249041e-118,780951.0,-23.346561393495605,1.4941444254389301e-120,-0.7961189173874863,-0.4828676753476625,GCST90200207,cancerType_celltype,KICH_Epi_KICH,tissue,Tumor,Adjacent,group2_higher,1.3424867380060384e-117,2.8805075698348825e-120
2794,1081,0.4919867875142311,-0.0932141848577508,0.46752920746803284,-0.0668423771858215,0.6761679769207968,0.6072040452954139,0.5852009723719819,0.5343715846538544,,0.3966475597541592,2.399985608592219,26.048644782574424,26.048644782574424,2.125664714903531e-130,2239309.0,23.344832507124334,1.5557995111833556e-120,0.8898166566556494,0.48283191747612997,GCST90200306,cancerType_celltype,KICH_Epi_KICH,tissue,Tumor,Adjacent,group1_higher,4.12718092081697e-130,2.9951338047216294e-120
2794,1081,-0.2620582390309437,0.16591331161733547,-0.3280453681945801,0.1594447195529937,0.5183390526356593,0.4706848862830081,-0.4279715506482792,-0.48749008774757374,,-0.35343970787532836,-0.6594546355944241,-24.663553754474275,-24.663553754474275,1.8058012834252628e-118,781452.0,-23.330521169939928,2.174054157191726e-120,-0.8466261217925347,-0.48253592176177706,GCST90200348,cancerType_celltype,KICH_Epi_KICH,tissue,Tumor,Adjacent,group2_higher,3.3487172099437187e-118,4.1794581329369855e-120
2794,1081,-0.0725676996674643,0.2428367532162723,-0.12344212085008616,0.2103524804115295,0.373154020652177,0.36843145045152004,-0.3154044528837366,-0.33379460126161564,,-0.35470700300844105,1.7425734060108438,-23.814639114008674,-23.814639114008674,1.7583444236288232e-110,782188.0,-23.306957089027794,3.770037004952979e-120,-0.8482190852523409,-0.4820485552164444,GCST90199867,cancerType_celltype,KICH_Epi_KICH,tissue,Tumor,Adjacent,group2_higher,3.1004184339017933e-110,7.237409067254804e-120
2794,1081,-0.17738379246642288,0.0382133794393009,-0.2008096352219581,0.0387450233101844,0.28865507572961074,0.240816217439893,-0.21559717190572378,-0.2395546585321425,,-0.24219056507391676,-2.2146948221369542,-23.598326291988837,-23.598326291988837,1.317203198664294e-110,784642.0,-23.22838880837783,2.353641924223935e-119,-0.7807260792325714,-0.4804235586101313,GCST90200413,cancerType_celltype,KICH_Epi_KICH,tissue,Tumor,Adjacent,group2_higher,2.328596575589407e-110,4.511974602977811e-119
2794,1081,0.2167737530322111,-0.36860771774742473,0.24722304195165634,-0.3887124061584472,0.7341579877832338,0.3513650109899037,0.5853814707796359,0.6359354481101036,,0.5198083145488441,-0.7658934506751998,33.403191033274204,33.403191033274204,3.841053682379115e-214,2234944.0,23.205080858779958,4.047495142977481e-119,0.8999313362908223,0.4799414895272478,GCST90200651,cancerType_celltype,KICH_Epi_KICH,tissue,Tumor,Adjacent,group1_higher,9.991137727257127e-214,7.74822455039088e-119
2794,1081,0.14541075034777026,0.9392462739745494,0.09907608106732366,0.9294565320014954,0.9555168688371972,0.8267123682366075,-0.7938355236267791,-0.8303804509341717,,-0.3072579719131065,2.69136116923938,-25.634047058746848,-25.634047058746848,2.2148077790083487e-127,785382.5,-23.204680653601425,4.085328318217049e-119,-0.8615429175503104,-0.4799332122421709,GCST90200436,cancerType_celltype,KICH_Epi_KICH,tissue,Tumor,Adjacent,group2_higher,4.2339172549626636e-127,7.809680922482241e-119
2794,1081,-0.14252737084812359,-0.38856513187777947,-0.15196584165096275,-0.3894238770008087,0.30848978973696684,0.24336563080060122,0.24603776102965588,0.23745803534984597,,0.41396613468099913,-1.4469110363711049,26.10199194091172,26.10199194091172,7.505305232928029e-133,2234828.5,23.201382962930296,4.410817585124519e-119,0.8431876531994619,0.47986500741313654,GCST90200994,cancerType_celltype,KICH_Epi_KICH,tissue,Tumor,Adjacent,group1_higher,1.474024644449698e-132,8.420090151995404e-119
2794,1081,-0.8995112817245402,-0.15713304808007342,-0.947017639875412,-0.1594031751155853,0.9662229976161403,0.7430378760422867,-0.7423782336444668,-0.7876144647598267,,-0.31632843896961904,-2.5171471596356145,-25.54046779925238,-25.54046779925238,3.0953462340476734e-128,785994.5,-23.185086608060356,6.441265555238969e-119,-0.8162393146180483,-0.47952795636480183,GCST90199922,cancerType_celltype,KICH_Epi_KICH,tissue,Tumor,Adjacent,group2_higher,5.9421928408549e-128,1.2278943988518483e-118
2794,1081,-0.49550659664847063,0.10427456903289146,-0.5331458151340485,0.1051653251051902,0.7770626489472817,0.5998412235113975,-0.5997811656813621,-0.6383111402392386,,-0.31269827420679164,-2.248505990550768,-25.598872865018873,-25.598872865018873,1.0627215050326689e-128,787128.0,-23.148796002470814,1.495472770659161e-118,-0.8194057674397336,-0.47877737215402105,GCST90200385,cancerType_celltype,KICH_Epi_KICH,tissue,Tumor,Adjacent,group2_higher,2.048782760055909e-128,2.84682875196709e-118
2794,1081,-1.53397931488518,-0.3142159893405757,-1.7284476161003113,-0.4261727929115295,1.519157761298206,1.3905989326005246,-1.219763325544604,-1.3022748231887817,,-0.3680160023473344,-2.2874468766153626,-23.85343160881643,-23.85343160881643,1.1481014899300258e-111,788153.0,-23.115979177830955,3.1994752157582793e-118,-0.8217056405589298,-0.47809863477770853,GCST90200808,cancerType_celltype,KICH_Epi_KICH,tissue,Tumor,Adjacent,group2_higher,2.0455716742151965e-111,6.082126525911486e-118
2794,1081,-0.14249102021049195,-0.8014875701477856,-0.1892756521701812,-0.8479814529418945,0.8337771955285025,0.6359652816077958,0.6589965499372936,0.6587058007717134,,0.4334393466299521,-2.4918008183458236,26.403001070737602,26.403001070737602,4.6847987017955006e-136,2232032.0,23.111849060388476,3.520587706501065e-118,0.8409286357483947,0.478013213195714,GCST90200869,cancerType_celltype,KICH_Epi_KICH,tissue,Tumor,Adjacent,group1_higher,9.321723548244186e-136,6.6832326517562e-118
2794,1081,0.6827050688411831,0.04528225028212053,0.6557720601558685,0.0118504203855991,0.8423608468661383,0.5471322647280153,0.6374228185590626,0.6439216397702694,,0.3773812072169969,3.914215157732175,27.664772871604907,27.664772871604907,3.233532289053448e-150,2231719.0,23.101827922717963,4.439832563745451e-118,0.8262340228557592,0.47780594997738657,GCST90200605,cancerType_celltype,KICH_Epi_KICH,tissue,Tumor,Adjacent,group1_higher,6.790916040030585e-150,8.416539338504936e-118
2794,1081,0.03818573142250543,-0.4965553415323643,0.01016011508181685,-0.5408901572227478,0.5923183736046601,0.674158905302969,0.5347410729548697,0.5510502723045646,,0.3717654344823516,-3.7008140782853207,22.884712049270814,22.884712049270814,1.0971354638220779e-101,2230864.0,23.074453888506177,8.362964848911717e-118,0.867756912882185,0.4772397836781208,GCST90200377,cancerType_celltype,KICH_Epi_KICH,tissue,Tumor,Adjacent,group1_higher,1.8953049901007505e-101,1.5831557068148153e-117
2794,1081,0.222791743310702,0.9361669127349066,0.18853498995304105,0.9132289290428162,0.7826792107348546,0.851144214566135,-0.7133751694242045,-0.7246939390897751,,-0.3761139385930876,2.0710650746243235,-23.92026544099351,-23.92026544099351,3.125692493503872e-110,789921.0,-23.059374157378986,1.1849751960362247e-117,-0.8890977405066443,-0.47692789557642024,GCST90200183,cancerType_celltype,KICH_Epi_KICH,tissue,Tumor,Adjacent,group2_higher,5.504287943986792e-110,2.2401126105372736e-117
2794,1081,0.053091986758533764,-0.21789494674291318,0.034480320289731,-0.2195270508527755,0.3503193203301343,0.249769788552322,0.2709869335014469,0.2540073711425065,,0.29461397470898293,-2.0370461519689598,26.879921732027853,26.879921732027853,1.9518166768596387e-141,2230139.0,23.051241988151155,1.4298403421552972e-117,0.8327306245056948,0.47675970114365596,GCST90199726,cancerType_celltype,KICH_Epi_KICH,tissue,Tumor,Adjacent,group1_higher,3.970636015760728e-141,2.6992692331823686e-117
2794,1081,0.8559075283201225,2.2000396117873002,0.7705203294754028,2.077943801879883,1.5577521562608423,1.4606809255498152,-1.3441320834671777,-1.30742347240448,,-0.3317544114888293,1.3620016275965243,-25.212342975136778,-25.212342975136778,1.222210662370613e-122,791848.0,-22.99767852705605,4.919217103990332e-117,-0.8777705451477116,-0.47565186930895265,GCST90200493,cancerType_celltype,KICH_Epi_KICH,tissue,Tumor,Adjacent,group2_higher,2.3009297414518585e-122,9.273710806001136e-117
2794,1081,0.5497123094796588,-0.027958906948325528,0.5674848854541779,-0.0502860508859157,0.7921390521374655,0.49357250961889426,0.5776712164279842,0.6177709363400936,,0.33259208518556616,4.2972479453732095,27.23342334773987,27.23342334773987,1.1745776992227535e-146,2224557.0,22.872526363624626,8.72660360253463e-116,0.8007466607926444,0.4730633967196789,GCST90200131,cancerType_celltype,KICH_Epi_KICH,tissue,Tumor,Adjacent,group1_higher,2.42568091521305e-146,1.642867501416395e-115
2794,1081,-0.09936037230431288,0.47591793928590453,-0.1558471322059631,0.5497016310691833,0.6679210986112696,0.6644774710504611,-0.5752783115902174,-0.7055487632751465,,-0.35083488891671444,2.25995886374386,-24.13566903888721,-24.13566903888721,5.475613387911706e-113,795772.0,-22.872046117410385,8.823172363376468e-116,-0.8625345645001202,-0.4730534639775864,GCST90199944,cancerType_celltype,KICH_Epi_KICH,tissue,Tumor,Adjacent,group2_higher,9.833018508199809e-113,1.6587564043147762e-115
2794,1081,0.05133412111444612,-0.17783275686102826,0.0609602853655815,-0.189177393913269,0.3118030699735101,0.22349853931084662,0.2291668779754744,0.2501376792788505,,0.198309560122713,-1.792511112318623,25.462185253216507,25.462185253216507,1.8328745418193673e-128,2224048.0,22.856230008754686,1.2675766798036624e-115,0.7905132745543921,0.4727263456713442,GCST90200807,cancerType_celltype,KICH_Epi_KICH,tissue,Tumor,Adjacent,group1_higher,3.528542373587285e-128,2.3797617280611457e-115
2794,1081,0.10439131639078078,0.8865854803588634,0.0057129852939397,0.8327656984329224,1.0019401334183513,0.8617812630724441,-0.7821941639680826,-0.8270527131389827,,-0.35263145425418857,3.0862458340432526,-24.18146686761136,-24.18146686761136,4.096547360937673e-115,796366.0,-22.85302836732641,1.3639962142121107e-115,-0.8106432490931288,-0.47266012739072827,GCST90200018,cancerType_celltype,KICH_Epi_KICH,tissue,Tumor,Adjacent,group2_higher,7.4547317128945905e-115,2.5572583768515915e-115
2794,1081,-0.21788053940130309,-0.5805564715930198,-0.27174474298954004,-0.6327288150787354,0.448280964643085,0.395661264003837,0.36267593219171673,0.3609840720891953,,0.4350424401594778,-1.4138949266123875,24.634714248398335,24.634714248398335,1.3564229053598313e-118,2222362.0,22.802250334273904,4.3569686532922305e-115,0.8351789912323151,0.4716099054601608,GCST90200546,cancerType_celltype,KICH_Epi_KICH,tissue,Tumor,Adjacent,group1_higher,2.522243410648636e-118,8.157346530820482e-115
2794,1081,0.07458149567495809,-0.1853253045912364,0.0735993571579456,-0.1842944175004959,0.3208943920070664,0.2643099493180809,0.2599068002661945,0.25789377465844154,,0.3057831273132718,-1.3131586887658426,25.800427750528065,25.800427750528065,1.5034870173794618e-129,2219180.0,22.700374104026068,4.443615923849567e-114,0.8489000348973379,0.4695028397709642,GCST90200362,cancerType_celltype,KICH_Epi_KICH,tissue,Tumor,Adjacent,group1_higher,2.9108704612048384e-129,8.308159813726969e-114
2794,1081,-0.5002454266435709,0.02263638745939678,-0.5781385898590088,-0.0156894382089376,0.595065242314389,0.6500189971446828,-0.5228818141029676,-0.5624491516500711,,-0.42024440277983277,-4.465859582697713,-22.982950819899717,-22.982950819899717,7.740402872004132e-103,802490.0,-22.65695984625861,1.191683601914188e-113,-0.8559393111592348,-0.4686049198858132,GCST90199750,cancerType_celltype,KICH_Epi_KICH,tissue,Tumor,Adjacent,group2_higher,1.3388539485458924e-102,2.2250202046699154e-113
2794,1081,-0.02268886619811099,-0.5772880286470242,-0.1320161372423172,-0.6447690725326538,0.7315340062057062,0.520235084061185,0.5545991624489133,0.5127529352903366,,0.48007335628665093,-4.669173800658159,26.382649788162833,26.382649788162833,6.733445875707982e-137,2217759.0,22.654878779330225,1.2493295542156473e-113,0.8164827894250817,0.46856187800341287,GCST90199795,cancerType_celltype,KICH_Epi_KICH,tissue,Tumor,Adjacent,group1_higher,1.3437315854450922e-136,2.3294612618275337e-113
2794,1081,0.16503747327855675,-0.5781514284881151,0.15900167077779764,-0.6613057255744934,0.9774322732291933,0.7364537134868863,0.7431889017666718,0.8203073963522911,,0.36657726713864824,-1.8086475254711485,25.586739915811556,25.586739915811556,6.365989496774983e-129,2217408.0,22.643641017916966,1.6122457760321375e-113,0.8107868419807168,0.4683294518384513,GCST90200586,cancerType_celltype,KICH_Epi_KICH,tissue,Tumor,Adjacent,group1_higher,1.229014686133754e-128,3.002036875316671e-113
2794,1081,-0.8261258718160577,-0.09723361568129342,-0.9493620693683624,-0.1463272869586944,1.0266169888327006,0.7935461140783174,-0.7288922561347643,-0.803034782409668,,-0.30771492767526626,-3.086821447303238,-23.527999333289024,-23.527999333289024,7.894399712089072e-111,802912.0,-22.643448919431272,1.6192876615154268e-113,-0.753542473272098,-0.46832547874161423,GCST90200781,cancerType_celltype,KICH_Epi_KICH,tissue,Tumor,Adjacent,group2_higher,1.399228453521119e-110,3.011035583418181e-113
2794,1081,-0.47949788707447055,0.3376862503487292,-0.5753993391990662,0.2011982351541519,0.9502022469338266,0.9452640934820057,-0.8171841374231997,-0.7765975743532181,,-0.41606775388638184,-0.5058397564536292,-24.10034790379732,-24.10034790379732,1.0571891791893145e-112,803261.0,-22.632275190846578,2.0863730242698902e-113,-0.8612565204375765,-0.46809437694226497,GCST90199889,cancerType_celltype,KICH_Epi_KICH,tissue,Tumor,Adjacent,group2_higher,1.891008991122094e-112,3.874286692206894e-113
2794,1081,-0.3362236611952571,-0.8983361508428471,-0.33360467851161957,-0.9598420262336732,0.7170336161142584,0.5755844102535617,0.56211248964759,0.6262373477220536,,0.40732123841580214,-1.4178314515863462,25.381022382048467,25.381022382048467,3.0035434618826186e-126,2216977.0,22.629841943361086,2.204721491179344e-113,0.8259649476045069,0.46804405104899693,GCST90199860,cancerType_celltype,KICH_Epi_KICH,tissue,Tumor,Adjacent,group1_higher,5.717639299645264e-126,4.088483527180198e-113
2794,1081,0.191981788686703,-0.31453993216178067,0.19608750194311136,-0.3950437307357788,0.6407737683762194,0.5952691826123508,0.5065217208484837,0.5911312326788902,,0.3364901136103056,-0.7122707928753884,23.24696235477296,23.24696235477296,1.4025991000935114e-106,2216649.0,22.61934055947633,2.797295073557053e-113,0.8060292595340829,0.4678268550885769,GCST90200127,cancerType_celltype,KICH_Epi_KICH,tissue,Tumor,Adjacent,group1_higher,2.4446835977333197e-106,5.1803168277965527e-113
2794,1081,0.5383830072051837,1.1789454600233567,0.5311158895492554,1.1389907598495483,0.7973339357573687,0.6461948113614424,-0.6405624528181729,-0.607874870300293,,-0.31151882493908634,1.1307907419278675,-25.854845598624348,-25.854845598624348,2.8949436206043538e-130,804348.0,-22.597473348521184,4.5905453418809727e-113,-0.8448200884684101,-0.46737458423197054,GCST90200826,cancerType_celltype,KICH_Epi_KICH,tissue,Tumor,Adjacent,group2_higher,5.612813876079281e-130,8.489705971484079e-113
2794,1081,-0.39169056048151274,0.2927562134871914,-0.5242750942707062,0.2562436759471893,1.0068417653555468,0.683924605900281,-0.6844467739687041,-0.7805187702178955,,-0.3061457226615105,-0.420013324908389,-24.266770191976843,-24.266770191976843,1.7571365570343375e-118,805954.0,-22.546054987183027,1.4685641860886182e-112,-0.7374225892020658,-0.46631111864527997,GCST90199721,cancerType_celltype,KICH_Epi_KICH,tissue,Tumor,Adjacent,group2_higher,3.2629116174901938e-118,2.7122669182097376e-112
2794,1081,-0.8188685535494201,0.44860677787946635,-1.0203896760940552,0.3011275231838226,1.6374850020275409,1.4367958850530569,-1.2674753314288865,-1.3215171992778778,,-0.33130521392536083,-0.8681790140914136,-23.661670828865912,-23.661670828865912,1.42259779614823e-110,806531.0,-22.527581516141854,2.228736089806455e-112,-0.8001330805790465,-0.4659290391661265,GCST90200776,cancerType_celltype,KICH_Epi_KICH,tissue,Tumor,Adjacent,group2_higher,2.511659062370515e-110,4.110645859818943e-112
2794,1081,-0.26550325429760324,-0.9983701197424891,-0.3966897577047348,-1.0584704875946045,0.9681931899804681,0.7099672539895852,0.7328668654448859,0.6617807298898697,,0.4824215239282119,-1.9108412232355043,25.881842967045298,25.881842967045298,6.279861681591385e-132,2211876.5,22.46654222231172,8.822815295121758e-112,0.8110198257268035,0.46466658764618507,GCST90200649,cancerType_celltype,KICH_Epi_KICH,tissue,Tumor,Adjacent,group1_higher,1.229806245978313e-131,1.6250671955744535e-111
2794,1081,-0.7793217834558387,-0.1533849809895365,-0.8667591512203217,-0.1496154814958572,0.8731800101866638,0.6673335424323961,-0.6259368024663021,-0.7171436697244644,,-0.3183990589986578,-2.345054363119605,-23.918420075138823,-23.918420075138823,3.018878210969238e-114,808625.0,-22.460539144633696,1.0099213110994133e-111,-0.7624217864313216,-0.46454242837003035,GCST90199624,cancerType_celltype,KICH_Epi_KICH,tissue,Tumor,Adjacent,group2_higher,5.457202919829007e-114,1.8576555290533068e-111
2794,1081,0.01434057743180078,1.3071737995134947,-0.0921891368925571,1.2281649112701416,1.3312124605557425,1.589053541906022,-1.2928332220816938,-1.3203540481626987,,-0.40017559319552676,6.510104550547773,-23.72212577141329,-23.72212577141329,1.118815151669079e-107,809648.0,-22.4277863528224,2.1094651855760774e-111,-0.9182912287707357,-0.4638650153593302,GCST90200658,cancerType_celltype,KICH_Epi_KICH,tissue,Tumor,Adjacent,group2_higher,1.9550577586217365e-107,3.874934026873577e-111
2794,1081,-0.8013632810394736,-0.3488938393254155,-0.8431530892848969,-0.378925085067749,0.6334190790980522,0.4406328159234429,-0.4524694417140581,-0.4642280042171478,,-0.3210646921261637,-1.1996659483244345,-25.16791523609832,-25.16791523609832,3.3865243766729205e-126,810065.0,-22.41443550806648,2.8472912954221293e-111,-0.7720381603772,-0.4635888851291621,GCST90200391,cancerType_celltype,KICH_Epi_KICH,tissue,Tumor,Adjacent,group2_higher,6.437702545892874e-126,5.223227504253516e-111
2794,1081,-0.34852184927619906,0.19983892180009963,-0.3965970575809479,0.1648454070091247,0.6452929523977468,0.6575319511849219,-0.5483607710762987,-0.5614424645900726,,-0.3830607598906319,-0.8024084252567466,-23.403747513785234,-23.403747513785234,7.561386977728496e-107,811087.0,-22.38171473266947,5.934038976301592e-111,-0.8452847364789426,-0.462912134301268,GCST90200219,cancerType_celltype,KICH_Epi_KICH,tissue,Tumor,Adjacent,group2_higher,1.319612093552361e-106,1.0871095597713803e-110
2794,1081,-0.18671880109985137,0.6206979548812437,-0.1780892685055732,0.5766580700874329,0.9356264938638674,0.9242134399041235,-0.8074167559810951,-0.754747338593006,,-0.3346335196554054,1.733018787392161,-24.306112502641632,-24.306112502641632,1.8508323711997474e-114,811734.0,-22.361000112628503,9.44080458587656e-111,-0.8659015025506545,-0.46248370202568345,GCST90200616,cancerType_celltype,KICH_Epi_KICH,tissue,Tumor,Adjacent,group2_higher,3.350178648001667e-114,1.727223711483188e-110
2794,1081,-0.25957536328026337,0.28825586259035113,-0.26257896423339844,0.2840708792209625,0.6652635992975884,0.6089508473107904,-0.5478312258706145,-0.546649843454361,,-0.3158238800170989,0.15119593562661582,-24.4646159310239,-24.4646159310239,1.0396129800528682e-116,813980.0,-22.289091246149358,4.71633443794245e-110,-0.842750800987298,-0.46099643944305124,GCST90199853,cancerType_celltype,KICH_Epi_KICH,tissue,Tumor,Adjacent,group2_higher,1.9096933851914545e-116,8.61710970364016e-110
2794,1081,-0.2921077824682204,-0.5386207120086624,-0.31286992132663727,-0.5553255677223206,0.32786159888063243,0.25441853162568095,0.24651292954044196,0.2424556463956833,,0.312871472397933,-0.8827666519767178,24.85702824413744,24.85702824413744,3.925554440725217e-122,2206087.0,22.28118319182151,5.627229854612299e-110,0.7974123847050295,0.4608328802899302,GCST90199827,cancerType_celltype,KICH_Epi_KICH,tissue,Tumor,Adjacent,group1_higher,7.34963008613801e-122,1.026762288063797e-109
2794,1081,2.822594228731775,1.578380144715988,2.858811140060425,1.5266820192337036,1.8292292169923812,1.0365143848092349,1.244214084015787,1.3321291208267212,,0.3234181511453979,0.8385766285774682,26.578405347840324,26.578405347840324,1.9167455703210848e-141,2201769.0,22.142936314948425,1.2206601030705021e-108,0.7554435188247612,0.45797357493293744,GCST90200479,cancerType_celltype,KICH_Epi_KICH,tissue,Tumor,Adjacent,group1_higher,3.9051184041070836e-141,2.224277701183281e-108
2794,1081,-0.43996186137244025,0.07196605397098862,-0.47377800941467285,0.0408918224275112,0.6598282068764383,0.5802490320170997,-0.5119279153434289,-0.5146698318421841,,-0.33256126062476105,-2.611973239737097,-23.68197385964391,-23.68197385964391,1.0256654625287937e-110,818689.0,-22.138325951291705,1.3521223348038558e-108,-0.801596905629917,-0.45787822060885064,GCST90200305,cancerType_celltype,KICH_Epi_KICH,tissue,Tumor,Adjacent,group2_higher,1.8155610719827867e-110,2.460537706725842e-108
2794,1081,-0.5585150068485851,-0.19718706249578988,-0.5909914076328278,-0.2409877032041549,0.44853981689312866,0.4209094748776189,-0.36132794435279525,-0.35000370442867285,,-0.3672634995634133,-1.5020264128603684,-23.525586826958772,-23.525586826958772,1.0192904159158921e-108,819247.0,-22.120460792121907,2.0093762449298465e-108,-0.8193208558486181,-0.4575087226030141,GCST90199927,cancerType_celltype,KICH_Epi_KICH,tissue,Tumor,Adjacent,group2_higher,1.7857234407369677e-108,3.651706429119174e-108
2794,1081,0.14814946615157648,-0.13527305796629363,0.1421960443258285,-0.2043051421642303,0.38687014899848954,0.36610893824561364,0.2834225241178701,0.3465011864900588,,0.22457352544846296,0.1311779711233642,21.26970898064889,21.26970898064889,6.098181446925666e-91,2198312.0,22.032255570772822,1.414063028757479e-107,0.7435115403450764,0.4556844089720473,GCST90199638,cancerType_celltype,KICH_Epi_KICH,tissue,Tumor,Adjacent,group1_higher,1.0173587897380274e-90,2.5664020082509238e-107
2794,1081,0.9185180000239335,0.394831090903312,0.9452997744083405,0.4345812499523163,0.6150719475762192,0.5925959951046316,0.5236869091206215,0.5107185244560242,,0.3508646521273353,1.2180703115326375,24.410163948073713,24.410163948073713,1.2832043217459443e-115,2197757.0,22.014486460845877,2.0930160137617577e-107,0.8600711766740691,0.45531689751462934,GCST90199978,cancerType_celltype,KICH_Epi_KICH,tissue,Tumor,Adjacent,group1_higher,2.3413754893436707e-115,3.7935915249431855e-107
2794,1081,-0.20745016619423293,-0.5456429971890868,-0.23803234100341794,-0.5860103964805603,0.4348350349542799,0.3756026102924632,0.33819283099485387,0.34797805547714233,,0.37792341694033543,-1.3951882112183944,24.02337429512912,24.02337429512912,9.585275735915459e-114,2197347.0,22.001359730989932,2.795726392659338e-107,0.8068340948129611,0.4550454025641042,GCST90200128,cancerType_celltype,KICH_Epi_KICH,tissue,Tumor,Adjacent,group1_higher,1.7281389984196786e-113,5.0605246655971814e-107
2794,1081,0.845342552928276,0.21882486495116785,0.798945814371109,0.1496433168649673,0.7262933349803492,0.8556935699786142,0.6265176879771082,0.6493024975061417,,0.37540627223036227,1.949754507884474,21.288160887275023,21.288160887275023,2.020377519575497e-89,2196652.0,21.979108323063393,4.5649748724274284e-107,0.8194248636203765,0.4545851855138241,GCST90200192,cancerType_celltype,KICH_Epi_KICH,tissue,Tumor,Adjacent,group1_higher,3.3500907046002465e-89,8.252069961695737e-107
2794,1081,0.4599263045186873,-0.2161222666919414,0.3990806043148041,-0.3003745675086975,0.9026231932752137,0.7292788197397694,0.6760485712106288,0.6994551718235016,,0.3540287118765535,1.0895514552786258,24.150826057264464,24.150826057264464,1.3552165044675805e-115,2196259.0,21.96652587225026,6.022214134877629e-107,0.7881055091660912,0.45432494767100384,GCST90199646,cancerType_celltype,KICH_Epi_KICH,tissue,Tumor,Adjacent,group1_higher,2.469465368434909e-115,1.087189121303074e-106
2794,1081,0.38199511334097874,-0.24239067384424154,0.39416109025478363,-0.2790728807449341,0.8920772344254764,0.5870481042172073,0.6243857871852203,0.6732339709997177,,0.3722168688244361,0.6562178164087378,25.41373009445937,25.41373009445937,4.823743118428265e-129,2194790.0,21.91949375966884,1.6938936542798095e-106,0.7628145378867758,0.45335220112875674,GCST90200579,cancerType_celltype,KICH_Epi_KICH,tissue,Tumor,Adjacent,group1_higher,9.325903362294644e-129,3.053937897861614e-106
2794,1081,1.3818730383025073,0.401985212337598,1.4357149600982666,0.369434654712677,1.4020022163061285,0.8263503813884586,0.9798878259649093,1.0662803053855896,,0.291917867536343,1.7814081914235396,26.8165744994932,26.8165744994932,2.523739724360378e-143,2193606.0,21.88158632515802,3.892089833304964e-106,0.7727617012385577,0.45256817668626503,GCST90200582,cancerType_celltype,KICH_Epi_KICH,tissue,Tumor,Adjacent,group1_higher,5.180507898046982e-143,7.007818286386613e-106
2794,1081,0.18658164149677872,-0.2367795027331154,0.15912194550037378,-0.2431597560644149,0.5613240024755364,0.43747304461203507,0.4233611442298941,0.4022817015647887,,0.309955125050688,-0.3437355167702568,24.868593459424563,24.868593459424563,3.5296790902112416e-122,2193583.0,21.880849947629514,3.955442824499273e-106,0.7992358987265454,0.4525529464817235,GCST90200747,cancerType_celltype,KICH_Epi_KICH,tissue,Tumor,Adjacent,group1_higher,6.617541402968257e-122,7.112491516876661e-106
2794,1081,0.8050075201009338,-0.0913791989202615,0.8077099323272705,-0.1463238447904586,1.2671667962560063,0.7502029485421613,0.8963867190211953,0.9540337771177291,,0.37697408602642507,3.139050564414914,27.08459214058867,27.08459214058867,7.629607160238559e-146,2192473.0,21.845311727775616,8.61655842523587e-106,0.7817180947036402,0.4518179235668873,GCST90199974,cancerType_celltype,KICH_Epi_KICH,tissue,Tumor,Adjacent,group1_higher,1.5708692687923197e-145,1.5473477119362965e-105
2794,1081,-0.008945184909324538,-0.3209660373144857,-0.014907001517713,-0.3314816355705261,0.38998709543114524,0.353480681616942,0.31202085240516114,0.3165746340528131,,0.4170814444589742,-5.165008754961426,23.929457446422397,23.929457446422397,2.097101938552592e-112,2191972.0,21.82927150421994,1.223978875316227e-105,0.8207623541611085,0.451486169981002,GCST90200440,cancerType_celltype,KICH_Epi_KICH,tissue,Tumor,Adjacent,group1_higher,3.7412957359256317e-112,2.195109482968444e-105
2794,1081,-0.015136601435745849,-0.42175065731216405,-0.0584153793752193,-0.4408518671989441,0.5417755386076933,0.4380548689223998,0.4066140558764182,0.3824364878237248,,0.4142313231300973,-4.800185205289475,24.189190771962725,24.189190771962725,6.545116834815048e-116,2191669.5,21.819586538899397,1.5127323321958525e-105,0.7896070359067865,0.45128585968213897,GCST90201013,cancerType_celltype,KICH_Epi_KICH,tissue,Tumor,Adjacent,group1_higher,1.1974488920607932e-115,2.709401010227263e-105
2794,1081,-1.1052619070873837,-0.5308305396638969,-1.2179179191589355,-0.6061558723449707,0.8200123815123511,0.6747384757642859,-0.5744313674234868,-0.6117620468139648,,-0.3283829793972563,-1.0580635850272209,-22.328877179835892,-22.328877179835892,2.2021729884125438e-100,829596.0,-21.78912292070932,2.943348564772469e-105,-0.7343606125932104,-0.4506557927420791,GCST90199709,cancerType_celltype,KICH_Epi_KICH,tissue,Tumor,Adjacent,group2_higher,3.7898507363715877e-100,5.264808522027396e-105
2794,1081,-0.4595751668196537,-0.9575315163755974,-0.5469324290752411,-0.978112816810608,0.6953290753000995,0.4664513456359926,0.4979563495559437,0.43118038773536693,,0.39176231498992825,-1.0590174965012225,25.737810565656677,25.737810565656677,9.0736599436256e-132,2188547.0,21.719615285301387,1.3394220373073528e-104,0.7783097780105828,0.4492181938699089,GCST90200051,cancerType_celltype,KICH_Epi_KICH,tissue,Tumor,Adjacent,group1_higher,1.7743756819457233e-131,2.392702800589675e-104
2794,1081,-0.41731238989855707,0.3908550121462875,-0.4486140310764313,0.4010208547115326,1.1554476090650128,0.8385985609724989,-0.8081674020448446,-0.8496348857879639,,-0.24730839206793684,-0.09449398211758839,-24.058744328606565,-24.058744328606565,5.357395499022752e-116,832003.0,-21.71205941153065,1.5788025711727508e-104,-0.7507283242863433,-0.44906191872765544,GCST90200511,cancerType_celltype,KICH_Epi_KICH,tissue,Tumor,Adjacent,group2_higher,9.814690947806467e-116,2.8166333828644755e-104
2794,1081,-0.41006532323230005,0.3098268196493763,-0.5075199007987976,0.2473107427358627,0.9501447201034471,0.9177682877193232,-0.7198921428816764,-0.7548306435346603,,-0.3432944085119848,-0.4043905764437239,-21.68294065850329,-21.68294065850329,6.277549899686227e-94,834591.0,-21.62920093136679,9.545485112410004e-104,-0.7648431853640406,-0.4473481896253171,GCST90200995,cancerType_celltype,KICH_Epi_KICH,tissue,Tumor,Adjacent,group2_higher,1.0563333967002873e-93,1.7007184585901744e-103
2794,1081,-1.1428000088873618,-0.4227491028126961,-1.2481629848480225,-0.5320397615432739,1.0041941355403445,0.8285876213770329,-0.7200509060746656,-0.7161232233047485,,-0.303937484257974,-1.4346972044163038,-22.815323901390812,-22.815323901390812,2.739599810442309e-104,835368.0,-21.604324177469064,1.6362116599963116e-103,-0.7512533863244187,-0.44683367358493187,GCST90200769,cancerType_celltype,KICH_Epi_KICH,tissue,Tumor,Adjacent,group2_higher,4.7507309689985585e-104,2.9114314524477455e-103
2794,1081,-0.38586178722409253,-0.06098304179257421,-0.41216960549354553,-0.0598200038075447,0.45415261156221837,0.3496255307328985,-0.32487874543151835,-0.3523496016860008,,-0.34983598635358626,-2.6615842414253676,-23.76389347614353,-23.76389347614353,7.374049216160682e-113,836241.0,-21.576373847800188,2.9955552658749337e-103,-0.7598047468883684,-0.4462555879951555,GCST90200743,cancerType_celltype,KICH_Epi_KICH,tissue,Tumor,Adjacent,group2_higher,1.3207396953517754e-112,5.323261834925078e-103
2794,1081,0.23530602716235624,1.3132501952038909,0.26919339597225184,1.2337807416915894,1.3839649301601067,1.1183451487954739,-1.0779441680415347,-0.9645873457193375,,-0.337012834751458,2.480526586828785,-25.112606317718477,-25.112606317718477,7.947683198602588e-124,836321.0,-21.573812534657563,3.166124714031719e-103,-0.8195421649429093,-0.4462026133706628,GCST90200366,cancerType_celltype,KICH_Epi_KICH,tissue,Tumor,Adjacent,group2_higher,1.5045405832910178e-123,5.619046855762023e-103
2794,1081,-0.049735056592048854,-0.6442075252138698,-0.13661604374647135,-0.6877460479736328,0.7880026334354302,0.6542394737155098,0.594472468621821,0.5511300042271614,,0.39196980399035414,-3.695163722263279,23.909316887584584,23.909316887584584,2.994033911383676e-113,2183846.0,21.569106121757994,3.5052075059407443e-103,0.789372514511875,0.44610527249815757,GCST90200379,cancerType_celltype,KICH_Epi_KICH,tissue,Tumor,Adjacent,group1_higher,5.383731162554023e-113,6.212741002077028e-103
2794,1081,0.01906706891221787,-0.28518135775995046,0.03679447807371615,-0.2863330841064453,0.41719899007776823,0.3279118154067096,0.30424842667216834,0.3231275621801615,,0.34705713398744964,-3.902654085520941,23.92135973634595,23.92135973634595,5.766703256753504e-114,2183136.0,21.546374467617213,5.727862471924566e-103,0.7715404292724438,0.44563512270578487,GCST90200536,cancerType_celltype,KICH_Epi_KICH,tissue,Tumor,Adjacent,group1_higher,1.0410617932390762e-113,1.013906045354959e-102
2794,1081,0.0853650099595098,0.6195098847756105,0.0209387838840484,0.5992482304573059,0.7526190562410753,0.5896366627462056,-0.5341448748161007,-0.5783094465732576,,-0.3124726757514784,2.8593959768359962,-23.32637231390034,-23.32637231390034,5.250454491862174e-109,837231.0,-21.544677597660225,5.941613455729216e-103,-0.7513245314828607,-0.4456000270170585,GCST90200429,cancerType_celltype,KICH_Epi_KICH,tissue,Tumor,Adjacent,group2_higher,9.210256721246e-109,1.0503786174006384e-102
2794,1081,0.5805340655337902,-0.25908264866712394,0.5104758739471436,-0.3415419161319732,1.17720570952812,0.8700974070016911,0.8396167142009141,0.8520177900791168,,0.37541894459585357,1.1639652447571236,24.274714519810043,24.274714519810043,1.1551322221650634e-117,2182176.0,21.515638709905737,1.1117663489042724e-102,0.7631347385534236,0.4449994272118727,GCST90200736,cancerType_celltype,KICH_Epi_KICH,tissue,Tumor,Adjacent,group1_higher,2.136289306392105e-117,1.962872452793424e-102
2794,1081,-0.769800881664317,-0.1190149811572543,-0.7987487316131592,-0.1355352252721786,0.8892947352810627,0.7619931227233353,-0.6507859005070628,-0.6632135063409805,,-0.3224866783745338,-2.6933318897142646,-22.723969907581445,-22.723969907581445,3.4735073783299446e-103,839532.0,-21.47100782839553,2.9074689131932803e-102,-0.7605281727956025,-0.4440763443800876,GCST90199902,cancerType_celltype,KICH_Epi_KICH,tissue,Tumor,Adjacent,group2_higher,6.015744036421493e-103,5.1266237111027696e-102
2794,1081,0.011264291970776476,-0.6917274581778029,-0.061428645625710446,-0.7694236636161804,0.946134542899887,0.7700888897546058,0.7029917501485794,0.7079950179904699,,0.41038441364928246,-5.9402492005468615,23.847490720513434,23.847490720513434,5.895943899585229e-113,2179391.0,21.42647299612817,7.572821105605446e-102,0.7806589693618157,0.44315524809672113,GCST90200109,cancerType_celltype,KICH_Epi_KICH,tissue,Tumor,Adjacent,group1_higher,1.0573909914650878e-112,1.3335600990878842e-101
2794,1081,0.10211414684816186,-0.5468930902569508,0.08032981306314466,-0.6231292486190796,0.90167297911998,0.7104902339290142,0.6490072371051127,0.7034590616822243,,0.400112940845152,-2.421064593829515,23.573666676480205,23.573666676480205,5.177481372401842e-111,2179309.0,21.42384765015698,8.01196514441458e-102,0.7611363549601917,0.443100949106616,GCST90199803,cancerType_celltype,KICH_Epi_KICH,tissue,Tumor,Adjacent,group1_higher,9.20066116112609e-111,1.4090720634628482e-101
2794,1081,0.3663903539494492,-0.17658006518455238,0.3876343369483948,-0.1859095096588134,0.7673915276599017,0.5244590651210056,0.5429704191340016,0.5735438466072081,,0.3304748441629137,1.05305480846269,25.17379018025592,25.17379018025592,1.8746755553432885e-126,2173473.0,21.236999856402623,4.349353395937115e-100,0.7668213657355512,0.4392364502498747,GCST90200165,cancerType_celltype,KICH_Epi_KICH,tissue,Tumor,Adjacent,group1_higher,3.573682212493569e-126,7.639392627142124e-100
2794,1081,-0.08534534663643951,0.1955698136024644,-0.09375100955367086,0.2155541628599167,0.3399009656727386,0.36585623382699334,-0.2809151602389039,-0.30930517241358757,,-0.36501214733919113,1.1962897796909033,-21.85785667202743,-21.85785667202743,2.3299082588825638e-94,847456.0,-21.217309761618708,6.61219110860656e-100,-0.8087758639614709,-0.4388292078240872,GCST90200630,cancerType_celltype,KICH_Epi_KICH,tissue,Tumor,Adjacent,group2_higher,3.94003096384235e-94,1.1598991610078173e-99
2794,1081,0.1455474452655235,0.8561924080841268,0.0962869562208652,0.8325454592704773,0.8491952950518862,0.9002123977416967,-0.7106449628186033,-0.736258503049612,,-0.35483098890016923,2.5564372993154256,-22.38587360086448,-22.38587360086448,1.63544954151554e-98,847604.0,-21.212571332304854,7.313067929181679e-100,-0.8227679637372739,-0.4387312047687757,GCST90201007,cancerType_celltype,KICH_Epi_KICH,tissue,Tumor,Adjacent,group2_higher,2.793380607876793e-98,1.2811968621432684e-99
2794,1081,0.41969154207063686,1.3839048868147303,0.45784045755863184,1.3567225933074951,1.2512867330654256,1.0885784548781219,-0.9642133447440935,-0.8988821357488632,,-0.2852570464428302,1.7213411032427732,-23.689987321726797,-23.689987321726797,6.674463945985021e-111,848841.0,-21.172967027837043,1.6959830913387223e-99,-0.7981103855778242,-0.4379120846375576,GCST90199916,cancerType_celltype,KICH_Epi_KICH,tissue,Tumor,Adjacent,group2_higher,1.1845435362470813e-110,2.9674261277210246e-99
2794,1081,-0.782939575036885,-0.26407158395258673,-0.8183720707893372,-0.3086371719837188,0.6524094705711003,0.6529501186803213,-0.5188679910842984,-0.5097348988056183,,-0.31268688281530777,-1.5679682830284276,-22.19051428444243,-22.19051428444243,1.5858291898282232e-97,851114.0,-21.100193718172264,7.923777716961227e-99,-0.7951265333614045,-0.4364069431191592,GCST90200299,cancerType_celltype,KICH_Epi_KICH,tissue,Tumor,Adjacent,group2_higher,2.701856482169835e-97,1.384629362592071e-98
2794,1081,-0.041494469306516374,-0.2871428912342192,-0.0509552881121635,-0.2941871285438537,0.3528785256401087,0.2520933680625032,0.24564842192770284,0.24323184043169022,,0.31928285311623644,-2.7907481406791597,24.162592436238498,24.162592436238498,4.639741517085788e-117,2166831.0,21.024346832736335,3.92895849592953e-98,0.7491477039874941,0.4348382320513695,GCST90199653,cancerType_celltype,KICH_Epi_KICH,tissue,Tumor,Adjacent,group1_higher,8.557466424611541e-117,6.856812330284186e-98
2794,1081,0.6998774969103911,-0.07707503924806694,0.7049447000026703,-0.175856351852417,1.1327197919013003,0.6851247896554568,0.776952536158458,0.8808010518550873,,0.3973480408790518,3.1827501412857635,25.993300517259247,25.993300517259247,2.79952322919811e-135,2166307.0,21.007570231652153,5.594283032231431e-98,0.7560127015664087,0.43449124826094243,GCST90200858,cancerType_celltype,KICH_Epi_KICH,tissue,Tumor,Adjacent,group1_higher,5.546148490402651e-135,9.750649325999285e-98
2794,1081,0.4449419679914434,-0.10110914104096302,0.5081121921539307,-0.0962105542421341,0.8345437406740105,0.5178643283530558,0.5460511090324065,0.6043227463960648,,0.30339409924451194,2.1376927233701704,24.48488987874452,24.48488987874452,2.9367716531432052e-121,2165309.0,20.97561785019793,1.095714131855e-97,0.7188394110069917,0.4338303898203961,GCST90200141,cancerType_celltype,KICH_Epi_KICH,tissue,Tumor,Adjacent,group1_higher,5.4833147441564226e-121,1.9073542295253705e-97
2794,1081,-0.31019490417720663,0.056558948569452074,-0.3738396912813186,0.0378656573593616,0.5544352828006234,0.45516702871101455,-0.3667538527466587,-0.4117053486406802,,-0.3219572625435177,-2.4553269237697224,-21.115710830316345,-21.115710830316345,7.7355988322839e-91,855693.0,-20.95359055717137,1.7406270400936163e-97,-0.6937796625396739,-0.43337480804975903,GCST90200116,cancerType_celltype,KICH_Epi_KICH,tissue,Tumor,Adjacent,group2_higher,1.2889512479710214e-90,3.02611563220357e-97
2794,1081,-0.13405131845994886,0.5600832528042694,-0.25343555212020874,0.464652955532074,1.066430848739991,0.8385353788790589,-0.6941345712642183,-0.7180885076522827,,-0.32353444485303107,2.062847695167491,-21.345395122984336,-21.345395122984336,6.050847417710344e-93,855739.0,-20.952117802114362,1.79530295881438e-97,-0.6885743503255827,-0.43334434764067575,GCST90200059,cancerType_celltype,KICH_Epi_KICH,tissue,Tumor,Adjacent,group2_higher,1.0156779594013792e-92,3.1171948189350313e-97
2794,1081,0.13578841144812118,0.9646669775563381,0.1495113596320152,0.911537766456604,1.0963770415387577,0.9184000384453986,-0.828878566108217,-0.7620264068245888,,-0.3148712802256061,2.828661490654066,-23.823852622345605,-23.823852622345605,1.9512482380607759e-112,857136.0,-20.907390871361308,4.5879077910446647e-97,-0.7895692464056414,-0.4324192782604722,GCST90200491,cancerType_celltype,KICH_Epi_KICH,tissue,Tumor,Adjacent,group2_higher,3.4856505222501144e-112,7.955875724165238e-97
2794,1081,0.28091805464240066,-0.2640936036831566,0.2654348909854889,-0.3312844932079315,0.8008867228138693,0.5903188503080349,0.5450116583255573,0.5967193841934204,,0.3247448336236782,0.08909966246321695,23.19859960911766,23.19859960911766,1.5636568557771624e-108,2161215.0,20.84454265012419,1.708904082780143e-96,0.7284772687737201,0.4311194134119829,GCST90199856,cancerType_celltype,KICH_Epi_KICH,tissue,Tumor,Adjacent,group1_higher,2.7358976821877697e-108,2.959639472464212e-96
2794,1081,0.1911732862061994,-0.3830185557660564,0.2034151330590248,-0.4236160218715668,0.889282621516331,0.5357802570756279,0.5741918419722558,0.6270311549305916,,0.3416320968705037,-1.0025295660197993,24.514968590026317,24.514968590026317,8.873506049222859e-122,2161101.0,20.840892778895952,1.8442999471759243e-96,0.7120070677508671,0.43104392457208096,GCST90200046,cancerType_celltype,KICH_Epi_KICH,tissue,Tumor,Adjacent,group1_higher,1.6590656714802137e-121,3.190077192894397e-96
2794,1081,0.5208135307080854,-0.08751353905682696,0.5244719088077545,-0.1437045782804489,0.7820981488170033,0.7856865547006541,0.6083270697649124,0.6681764870882034,,0.37125706904829187,2.5731750789199017,21.64366449074028,21.64366449074028,2.636816528685552e-93,2160870.0,20.83349698719663,2.1523505493271692e-96,0.7768187030790925,0.4308909603438582,GCST90200673,cancerType_celltype,KICH_Epi_KICH,tissue,Tumor,Adjacent,group1_higher,4.4315424520325615e-93,3.7181923938313453e-96
2794,1081,0.2272506960869157,-0.3271851940113656,0.1550985127687454,-0.3660196959972381,0.7893304333896017,0.5728738919902235,0.5544358900982813,0.5211182087659835,,0.40118957053280907,-0.5258208114525467,24.16108822154414,24.16108822154414,7.018574497768988e-117,2158813.0,20.767639223016932,8.495954137405633e-96,0.7539192635272266,0.42952885031159016,GCST90199805,cancerType_celltype,KICH_Epi_KICH,tissue,Tumor,Adjacent,group1_higher,1.2910009501294375e-116,1.4658209480106174e-95
2794,1081,-0.5975108589264868,-0.34095651379939196,-0.6307162344455719,-0.3392703533172607,0.39219787779828796,0.29501409147342744,-0.25655434512709485,-0.2914458811283112,,-0.2691655230619107,-0.8093753684083382,-22.034601079373317,-22.034601079373317,8.9888397160004e-99,862782.0,-20.72662619632068,1.9934658382582065e-95,-0.6977469379267347,-0.42868059413690096,GCST90200326,cancerType_celltype,KICH_Epi_KICH,tissue,Tumor,Adjacent,group2_higher,1.5372382099006958e-98,3.435011299046695e-95
2794,1081,-0.6943611693029553,-0.08942609493229152,-0.8885392248630524,-0.1675934791564941,1.1852514341746057,0.66705429594493,-0.6049350743706639,-0.7209457457065582,,-0.2742116342730266,-2.9569044325466622,-20.004884620449424,-20.004884620449424,3.121112236508387e-84,864898.5,-20.658863455491154,8.128125607915302e-95,-0.567280492500382,-0.42727908422766636,GCST90200618,cancerType_celltype,KICH_Epi_KICH,tissue,Tumor,Adjacent,group2_higher,5.052346767649563e-84,1.3988175762106766e-94
2794,1081,-0.2935952052637812,-0.6267962176283817,-0.3120776414871216,-0.6605526804924011,0.4790076927135401,0.3420235644616238,0.3332010123646005,0.34847503900527954,,0.3839971363867247,-1.0941654542158685,24.151561699586587,24.151561699586587,5.710306254397776e-117,2155148.5,20.65031507287765,9.701742369044018e-95,0.7486506565467923,0.427102281418422,GCST90200338,cancerType_celltype,KICH_Epi_KICH,tissue,Tumor,Adjacent,group1_higher,1.0517766790194824e-116,1.6675252016402267e-94
2794,1081,1.415403139705899,0.7196669974146802,1.3830786347389221,0.693000078201294,1.0406449574657988,0.6357160529488346,0.6957361422912188,0.6900785565376282,,0.3717511111133241,0.9758106335933391,25.212989195768344,25.212989195768344,5.598508087020051e-128,2154820.0,20.639797680785755,1.20606076744663e-94,0.7359695195826262,0.426884754366599,GCST90200168,cancerType_celltype,KICH_Epi_KICH,tissue,Tumor,Adjacent,group1_higher,1.0732442366537736e-127,2.0703536851760163e-94
2794,1081,-0.3171115904284201,0.012806228868449999,-0.3376924693584442,-0.0143005410209298,0.48703474725179524,0.38560108097535956,-0.3299178192968701,-0.3233919283375144,,-0.28264929133258077,-4.629964903296892,-22.120518794020484,-22.120518794020484,4.804961373186942e-99,867970.0,-20.560525039021567,6.197944255342844e-94,-0.7156581954262704,-0.4252451897385504,GCST90200279,cancerType_celltype,KICH_Epi_KICH,tissue,Tumor,Adjacent,group2_higher,8.237940064973335e-99,1.0626161031487164e-93
2794,1081,0.19295553689865397,0.680793592728938,0.16232157498598093,0.6962527632713318,0.5785393781752034,0.6774568240758245,-0.48783805583028406,-0.5339311882853508,,-0.35625341826549284,1.818943658627036,-20.90908748000033,-20.90908748000033,1.0655073995124055e-86,872909.0,-20.40239596887887,1.5927204245748145e-92,-0.8027034250275168,-0.4219746688589332,GCST90200034,cancerType_celltype,KICH_Epi_KICH,tissue,Tumor,Adjacent,group2_higher,1.743441279154152e-86,2.72723359132597e-92
2794,1081,0.014869272449708317,-0.2622129496690406,-0.0006146087253,-0.2285545319318771,0.3386662561626771,0.33217376995300907,0.2770822221187489,0.2279399232065771,,0.37211832510215115,-4.140241452883781,23.160900233214363,23.160900233214363,2.539062021038314e-105,2146063.0,20.35942994091137,3.831390620573521e-92,0.822523676004311,0.42108601953306835,GCST90200588,cancerType_celltype,KICH_Epi_KICH,tissue,Tumor,Adjacent,group1_higher,4.408587942261429e-105,6.552302905698504e-92
2794,1081,0.2184835850002113,0.7497112953892817,0.2171736806631088,0.728088915348053,0.730130201263298,0.6863582643470789,-0.5312277103890704,-0.5109152346849442,,-0.2506442945128549,1.7788055675884338,-21.2221825829745,-21.2221825829745,1.2431724615747683e-90,878554.0,-20.221663310252527,6.313927479357801e-91,-0.7396731242934486,-0.4182366469181681,GCST90200439,cancerType_celltype,KICH_Epi_KICH,tissue,Tumor,Adjacent,group2_higher,2.068918272437618e-90,1.0784314729780304e-90
2794,1081,0.24494834523814688,1.3942392609765852,0.14083819091320035,1.23088800907135,1.509002696627261,1.4801015885846616,-1.1492909157384383,-1.0900498181581497,,-0.3245033679276861,2.5089238531822833,-21.56020480019698,-21.56020480019698,7.2583288200339465e-93,881805.0,-20.11757794741918,5.17929465172847e-90,-0.7656837575481372,-0.41608389061534656,GCST90199837,cancerType_celltype,KICH_Epi_KICH,tissue,Tumor,Adjacent,group2_higher,1.2168637369872409e-92,8.835267347066214e-90
2794,1081,-0.5753136414158616,-0.06706477905611553,-0.6584671437740326,-0.0628611743450164,0.8260694253807795,0.615560458575806,-0.5082488623597461,-0.5956059694290162,,-0.3057142113505544,-3.1007024758330477,-20.840433472696734,-20.840433472696734,2.271956870594621e-89,882978.0,-20.080022693465466,1.1037992923574804e-89,-0.6573717842451048,-0.41530715018372266,GCST90200796,cancerType_celltype,KICH_Epi_KICH,tissue,Tumor,Adjacent,group2_higher,3.7626697626008125e-89,1.880598044354057e-89
2794,1081,-0.4184853607550164,-1.0271567600442375,-0.48973071575164795,-1.1322556734085083,0.8997624614620064,0.783351058822838,0.6086713992892211,0.6425249576568604,,0.3688858386850729,-1.2954052720846705,20.786817207048518,20.786817207048518,6.772162648968911e-88,2137004.0,20.06939324392358,1.3670675283146805e-89,0.7005318977081408,0.41508730549207806,GCST90199822,cancerType_celltype,KICH_Epi_KICH,tissue,Tumor,Adjacent,group1_higher,1.1174888245211412e-87,2.326233509479288e-89
2794,1081,0.03466988154529645,-0.23513132313288582,0.010211918503046,-0.2512960433959961,0.3708873011928016,0.3238010612055889,0.26980120467818225,0.2615079618990421,,0.4087619135553478,-2.761676452568824,22.311796781476712,22.311796781476712,1.0299444008741091e-99,2136560.0,20.055177955982025,1.8195040699270705e-89,0.752836162858401,0.4147932963261436,GCST90199754,cancerType_celltype,KICH_Epi_KICH,tissue,Tumor,Adjacent,group1_higher,1.7702575263447802e-99,3.092249435549373e-89
2794,1081,0.5031048586459965,-0.06550632783229106,0.49976758658885956,-0.1909659206867218,0.7549742386442948,0.8500682935008527,0.5686111864782876,0.6907335072755814,,0.3691865914781051,2.9411337851641126,19.250377064604283,19.250377064604283,3.7373969154487293e-75,2135549.0,20.022809361142123,3.48617399692836e-89,0.7265165367641035,0.4141238295091172,GCST90200933,cancerType_celltype,KICH_Epi_KICH,tissue,Tumor,Adjacent,group1_higher,5.84182568320713e-75,5.9173787768534925e-89
2794,1081,-0.46056444589324036,0.07141104996883699,-0.5151395201683044,0.0352168641984462,0.7592094163734274,0.698227084203699,-0.5319754958620774,-0.5503563843667506,,-0.30364109329005895,-2.689166738179091,-20.74976751068334,-20.74976751068334,3.1586177906065442e-87,885157.0,-20.01025892674327,4.484579656604213e-89,-0.7162647620306694,-0.4138642538491031,GCST90199781,cancerType_celltype,KICH_Epi_KICH,tissue,Tumor,Adjacent,group2_higher,5.180741334051408e-87,7.602589641730774e-89
2794,1081,-0.7068595008309673,-0.23096618518027823,-0.7803117334842682,-0.2594594955444336,0.7532486714932248,0.5999320039832698,-0.47589331565068904,-0.5208522379398346,,-0.2842524602482411,-1.6137376324276849,-20.555045523530673,-20.555045523530673,9.727533011528452e-87,885470.0,-20.000237789072756,5.482813654568007e-89,-0.666690447214572,-0.41365699063077543,GCST90199796,cancerType_celltype,KICH_Epi_KICH,tissue,Tumor,Adjacent,group2_higher,1.5935850354222693e-86,9.28332299524993e-89
2794,1081,-0.36173081118342654,-0.9316738954490864,-0.44171507656574244,-0.9759631156921388,0.8453696132045763,0.678041090262138,0.5699430842656599,0.5342480391263964,,0.3447948549962691,-1.364906143408624,21.839123148971794,21.839123148971794,1.0879010992560232e-96,2134611.0,19.992777964544867,6.367200836984819e-89,0.7104516700512585,0.4135027020369406,GCST90200730,cancerType_celltype,KICH_Epi_KICH,tissue,Tumor,Adjacent,group1_higher,1.8488892746707725e-96,1.0767363201997901e-88
2794,1081,-0.3710954325576984,-0.996637385380114,-0.4491523951292038,-1.05072820186615,0.928782411272375,0.6860820063861278,0.6255419528224156,0.6015758067369461,,0.31936785215541447,-1.4252760081619305,22.930642305196425,22.930642305196425,2.836958730074107e-106,2133881.0,19.96940598211843,1.0168769592820842e-88,0.7207076816309972,0.4130193085884448,GCST90200358,cancerType_celltype,KICH_Epi_KICH,tissue,Tumor,Adjacent,group1_higher,4.938409641240113e-106,1.7174762026040655e-88
2794,1081,-0.10807696328029137,0.49454668405158103,-0.1947952285408973,0.4514476656913757,0.9736037160554873,0.7536140288176338,-0.6026236473318725,-0.646242894232273,,-0.28143053004212365,2.1940372390867364,-20.494052326691765,-20.494052326691765,1.8666579765749815e-86,887430.0,-19.93748561707849,1.9256213504087814e-88,-0.6567551570556913,-0.41235911233070466,GCST90199845,cancerType_celltype,KICH_Epi_KICH,tissue,Tumor,Adjacent,group2_higher,3.0470117629601195e-86,3.2482944314445156e-88
2794,1081,0.048962866514574314,-0.32224522321027294,0.02298310026526445,-0.3353840708732605,0.5403308657695647,0.3960961395007647,0.37120808972484726,0.35836717113852495,,0.370004308652756,-2.718374057516888,23.49462720617852,23.49462720617852,4.4379218966894264e-111,2131454.0,19.8917021446541,4.803259476570139e-88,0.7361212834178615,0.41141219091789805,GCST90200948,cancerType_celltype,KICH_Epi_KICH,tissue,Tumor,Adjacent,group1_higher,7.8967200328821e-111,8.092512566829542e-88
2794,1081,-0.004156490657375655,-0.28939302053038035,-0.01493231160566205,-0.3488335609436035,0.3629642701500965,0.4088103469951561,0.2852365298730047,0.33390124933794146,,0.29880999116941825,-6.121178281413039,20.08134468575393,20.08134468575393,5.39457650789295e-81,2130137.0,19.849536527043668,1.1125752016704029e-87,0.7579815822988292,0.410540096162187,GCST90199818,cancerType_celltype,KICH_Epi_KICH,tissue,Tumor,Adjacent,group1_higher,8.59977518158841e-81,1.872148147995999e-87
2794,1081,0.06632325833201849,0.4812689659877738,0.01665842905640595,0.4796847999095917,0.5756631131857035,0.5699886188968962,-0.41494570765575534,-0.4630263708531857,,-0.2834089456871811,2.8592378508631673,-20.267795295884603,-20.267795295884603,3.7486933818799314e-83,891335.0,-19.812461519304197,2.325119276941358e-87,-0.7227931334529459,-0.4097732884726555,GCST90199760,cancerType_celltype,KICH_Epi_KICH,tissue,Tumor,Adjacent,group2_higher,6.0253173107339e-83,3.9076912138977447e-87
2794,1081,-0.9562162703604227,-0.17156167454011667,-1.1383568048477173,-0.3150230348110199,1.143345905561922,1.0846179570392798,-0.784654595820306,-0.8233337700366974,,-0.3633291415055561,-2.4786027507661976,-19.891003924552262,-19.891003924552262,1.1183783802839736e-80,891529.0,-19.80625033493334,2.6303654011448966e-87,-0.6960618746092088,-0.4096448250082607,GCST90199964,cancerType_celltype,KICH_Epi_KICH,tissue,Tumor,Adjacent,group2_higher,1.7807823975783364e-80,4.415256209064648e-87
2794,1081,-0.6217260957051718,0.09648442504776936,-0.7366143465042114,0.0408090874552726,0.9368078196735129,1.0128605919482652,-0.7182105207529411,-0.777423433959484,,-0.3095426058287475,-2.6878985223669796,-20.208276214698717,-20.208276214698717,3.721245253989251e-82,893435.0,-19.74522704931034,8.819564861490383e-87,-0.7492111778981531,-0.4083827045797225,GCST90199887,cancerType_celltype,KICH_Epi_KICH,tissue,Tumor,Adjacent,group2_higher,5.960114313968683e-82,1.4786060155241566e-86
2794,1081,-0.2532552749380361,-0.7867869974851585,-0.2742334455251694,-0.829725980758667,0.7916705943586753,0.6438179695468332,0.5335317225471223,0.5554925352334976,,0.2894390515997385,-1.6353769341882813,21.641841397710216,21.641841397710216,5.1103229111078364e-95,2124627.0,19.673126084345498,3.665909887458991e-86,0.7081985498814346,0.4068914689002534,GCST90200029,cancerType_celltype,KICH_Epi_KICH,tissue,Tumor,Adjacent,group1_higher,8.663395681393011e-95,6.138372452833666e-86
2794,1081,-0.15479570812599966,-0.506602890811478,-0.2032663226127624,-0.565754234790802,0.5295355837265674,0.4108189487717089,0.3518071826854784,0.3624879121780396,,0.3304434904014017,-1.7104833654959786,21.967075008025375,21.967075008025375,5.5636683892898407e-98,2123579.0,19.639572882177134,7.101512489037716e-86,0.7046327174297005,0.40619750131939925,GCST90199857,cancerType_celltype,KICH_Epi_KICH,tissue,Tumor,Adjacent,group1_higher,9.490963722906198e-98,1.1876517205593138e-85
2794,1081,0.23221760847608844,0.8421823877433444,0.15219023078680033,0.7691352367401123,0.8227463251470362,0.8422383119644047,-0.609964779267256,-0.6169450059533119,,-0.33161864152057835,1.858650833350401,-20.349288673339117,-20.349288673339117,1.5756039584997977e-83,897678.0,-19.609381403508465,1.2862676997482403e-85,-0.7364697657120244,-0.40557306293319173,GCST90200789,cancerType_celltype,KICH_Epi_KICH,tissue,Tumor,Adjacent,group2_higher,2.5475067561509184e-83,2.148508424947122e-85
2794,1081,-0.13689669963319606,0.6348491090884653,-0.238260880112648,0.5750725865364075,1.226730213729619,1.0035626778577762,-0.7717458087216613,-0.8133334666490555,,-0.2334249658221897,2.213317801019397,-20.126783172839826,-20.126783172839826,2.4821972304727975e-83,897957.0,-19.600448823923568,1.53314377113545e-85,-0.6602938404233404,-0.4053883139302735,GCST90200780,cancerType_celltype,KICH_Epi_KICH,tissue,Tumor,Adjacent,group2_higher,3.9990955379839516e-83,2.5577416891770113e-85
2794,1081,-0.23732541445796407,-0.03318371679458317,-0.26653389632701874,-0.0377351827919483,0.33407977089898283,0.28467976018291224,-0.2041416976633809,-0.22879871353507045,,-0.18539161644355484,-2.838281814466639,-19.043262962497266,-19.043262962497266,3.6274490775790613e-75,897963.0,-19.60025672543787,1.5389422121954764e-85,-0.6358176983202551,-0.40538434083343655,GCST90200816,cancerType_celltype,KICH_Epi_KICH,tissue,Tumor,Adjacent,group2_higher,5.676478866521539e-75,2.5642765711765703e-85
2794,1081,-0.026819194859536474,0.6092329353486532,-0.0899046882987022,0.5403033494949341,0.9265349634617498,0.8592409072196924,-0.6360521302081896,-0.6302080377936363,,-0.2686459900482913,4.505604680434281,-20.212738231627412,-20.212738231627412,3.559086386383805e-83,901315.0,-19.49293770476196,1.2607316799086484e-84,-0.7002887616551521,-0.40316470406719296,GCST90200714,cancerType_celltype,KICH_Epi_KICH,tissue,Tumor,Adjacent,group2_higher,5.7273137481005026e-83,2.0981407566733674e-84
2794,1081,-0.08791684615885136,0.41403564051888664,-0.10140775144100185,0.4683380722999573,0.6552839968865575,0.722279715774079,-0.501952486677738,-0.5697458237409592,,-0.28824054538444277,2.23553049767743,-19.899283637643965,-19.899283637643965,7.91035111816827e-80,901772.0,-19.478306203434727,1.677899818843636e-84,-0.7440353372870787,-0.4028620865247785,GCST90200179,cancerType_celltype,KICH_Epi_KICH,tissue,Tumor,Adjacent,group2_higher,1.2551581576325207e-79,2.7889968940047264e-84
2794,1081,0.19344762409672642,0.6694856462052486,0.1633092239499092,0.669276773929596,0.6421887127018507,0.6528935704805554,-0.4760380221085222,-0.5059675499796867,,-0.3159367874695995,1.7911048117302764,-20.448836287481598,-20.448836287481598,2.6582157809356054e-84,901834.5,-19.476305177542052,1.7447645996733695e-84,-0.7378242032335243,-0.40282070009939364,GCST90200657,cancerType_celltype,KICH_Epi_KICH,tissue,Tumor,Adjacent,group2_higher,4.308142817378395e-84,2.896606759262853e-84
2794,1081,0.2732582898492926,0.7417355332031216,0.2258719131350517,0.7145659327507019,0.7313953087968568,0.5211382444063053,-0.46847724335382895,-0.4886940196156502,,-0.31913614214874725,1.4406362854467103,-22.265692158468564,-22.265692158468564,4.4131990075513193e-101,903663.0,-19.41776316402597,5.4634578156550375e-84,-0.6896071615838462,-0.40160989883833276,GCST90199692,cancerType_celltype,KICH_Epi_KICH,tissue,Tumor,Adjacent,group2_higher,7.61416486999044e-101,9.05923722960805e-84
2794,1081,0.44536526143559957,0.8784007706686296,0.4360464066267013,0.8665311932563782,0.6677056606976258,0.5277665353579428,-0.4330355092330301,-0.4304847866296769,,-0.21874292843922238,0.9798886910982377,-21.199898875773936,-21.199898875773936,9.092907755008956e-92,904989.0,-19.375309398686994,1.2474848000577652e-83,-0.6853917159510522,-0.4007318444373664,GCST90200268,cancerType_celltype,KICH_Epi_KICH,tissue,Tumor,Adjacent,group2_higher,1.5206911987824792e-91,2.06600459596444e-83
2794,1081,-0.24672415002024747,-0.5342303624828026,-0.2787841409444809,-0.5651867985725403,0.44972198015902476,0.347819692059841,0.28750621246255514,0.2864026576280594,,0.29003792457692074,-1.1145598882431906,21.177938499684085,21.177938499684085,9.432317477785414e-92,2110931.0,19.23462927432842,1.8995484502080275e-82,0.6784372959603655,0.39782221318710564,GCST90199670,cancerType_celltype,KICH_Epi_KICH,tissue,Tumor,Adjacent,group1_higher,1.5755206767428332e-91,3.142092885477599e-82
2794,1081,0.43570215951617125,-0.2532912270442695,0.36486557126045227,-0.3533492088317871,1.1071595732992323,0.6634245294559042,0.6889933865604407,0.7182147800922394,,0.3627799100581641,0.7825427703048697,23.689769076630444,23.689769076630444,1.7079930089688235e-114,2110877.5,19.23291639616429,1.9633453781298135e-82,0.6866915568805403,0.3977867864069762,GCST90200416,cancerType_celltype,KICH_Epi_KICH,tissue,Tumor,Adjacent,group1_higher,3.0957373287559928e-114,3.243684545928407e-82
2794,1081,0.17477786497562692,-0.17969390124885518,0.1500907018780708,-0.1929652839899063,0.5069311573998097,0.4575648613880733,0.35447176622448207,0.34305598586797714,,0.3146431714939874,-0.040018735298031564,20.97307892631176,20.97307892631176,4.771592219805023e-89,2110708.0,19.227489613943355,2.179920907301425e-82,0.718045763649523,0.39767454642133226,GCST90200468,cancerType_celltype,KICH_Epi_KICH,tissue,Tumor,Adjacent,group1_higher,7.89281577135224e-89,3.597133409990124e-82
2794,1081,0.11268669355263049,-0.4012101056110988,0.054042942821979495,-0.4198120236396789,0.8009173042578562,0.4630053513256593,0.5138967991637293,0.47385496646165837,,0.43705361921821895,-1.8320315709809452,24.84308069026455,24.84308069026455,4.4624105228521563e-125,2110431.0,19.218621067187023,2.586299020633417e-82,0.7110270212104861,0.39749112178402646,GCST90200941,cancerType_celltype,KICH_Epi_KICH,tissue,Tumor,Adjacent,group1_higher,8.471121925692882e-125,4.262546027960517e-82
2794,1081,0.1023918325334798,-0.19349941431189077,0.0807464011013507,-0.1978629529476165,0.45262257286638874,0.33957513930333955,0.2958912468453706,0.2786093540489672,,0.3812373598278745,-0.9182219247212274,22.054743379576156,22.054743379576156,5.8891438205489756e-99,2108252.0,19.148857300464826,9.896427257489498e-82,0.6976274061963659,0.3960482254494069,GCST90200209,cancerType_celltype,KICH_Epi_KICH,tissue,Tumor,Adjacent,group1_higher,1.0084049029407353e-98,1.6290857912992978e-81
2794,1081,-0.38723873201407916,-0.12668656897556663,-0.4338497370481491,-0.1498988270759582,0.4557795831709495,0.3431565761206569,-0.26055216303851253,-0.2839509099721909,,-0.2475439926364851,-1.6119520160806973,-19.245680088239503,-19.245680088239503,2.9461123886031387e-77,914754.0,-19.062669113215556,5.159115403857051e-81,-0.6096657129678599,-0.394265629335228,GCST90199859,cancerType_celltype,KICH_Epi_KICH,tissue,Tumor,Adjacent,group2_higher,4.647628687113517e-77,8.482357413096697e-81
2794,1081,-0.43670538997506425,0.32790686997352747,-0.5267044901847839,0.3022684454917907,1.2385938451094085,0.9611241436390503,-0.7646122599485917,-0.8289729356765747,,-0.28722304301139356,-0.41337311343453653,-20.40877953667734,-20.40877953667734,8.662650703236482e-86,915607.0,-19.03535911183234,8.692140354824944e-81,-0.6547079356112213,-0.39370078740157477,GCST90200205,cancerType_celltype,KICH_Epi_KICH,tissue,Tumor,Adjacent,group2_higher,1.4089729007770078e-85,1.4273960606778792e-80
2794,1081,0.2227976590967738,-0.13696772339480404,0.16653084009885785,-0.1838615834712982,0.5732858470199651,0.42150954168862154,0.35976538249157786,0.35039242357015604,,0.29925008404506587,0.701894056395231,21.424218525765095,21.424218525765095,4.723944584634151e-94,2103948.0,19.0110586533917,1.3817860104003029e-80,0.6720730191254022,0.39319819065170036,GCST90200932,cancerType_celltype,KICH_Epi_KICH,tissue,Tumor,Adjacent,group1_higher,7.968733253535083e-94,2.266395104904468e-80
2794,1081,0.01593567131640313,-0.2812055470133026,0.05202150717377655,-0.3497530817985534,0.489093165046142,0.46552616104633154,0.2971412183297057,0.40177458897233,,0.27960289886591233,-4.1412079524322065,17.56749061326427,17.56749061326427,1.7816893123487237e-64,2103361.0,18.992265018207704,1.976782496706816e-80,0.6156617317779219,0.39280948934448534,GCST90199712,cancerType_celltype,KICH_Epi_KICH,tissue,Tumor,Adjacent,group1_higher,2.6952747311113322e-64,3.2384069026579207e-80
2794,1081,-0.8328463031551447,-0.12932120516542236,-0.9719946980476379,-0.1948686689138412,1.1190269304971971,0.9934972897188119,-0.7035250979897224,-0.7771260291337967,,-0.29754568968047634,-2.6870819983765024,-19.068172718047844,-19.068172718047844,3.9285194131673475e-75,919548.0,-18.909182423143864,9.586008264908613e-80,-0.6481216270867655,-0.39109112496250387,GCST90200388,cancerType_celltype,KICH_Epi_KICH,tissue,Tumor,Adjacent,group2_higher,6.133530309446844e-75,1.5685149177755632e-79
2794,1081,-1.084465097564631,-0.15217995620782274,-1.2279167175292969,-0.2613708078861236,1.3098190678920187,1.3840045992392063,-0.9322851413568083,-0.9665459096431732,,-0.3310667359510617,-2.8331252147243013,-19.0860161411187,-19.0860161411187,2.4172428658052238e-74,921968.0,-18.831702700579516,4.153195378011479e-79,-0.7004807764724799,-0.3894886425716002,GCST90199802,cancerType_celltype,KICH_Epi_KICH,tissue,Tumor,Adjacent,group2_higher,3.7567868028420984e-74,6.787536331210607e-79
2794,1081,-0.038615928067295406,-0.6472650588333699,-0.0864455215632915,-0.6687334179878235,0.9856365330513771,0.6700243100928818,0.6086491307660745,0.5822878964245319,,0.25334485131999585,-4.0670535449793785,22.034638986205014,22.034638986205014,1.5518632267557687e-99,2098023.0,18.821361398766175,5.0486200535070997e-79,0.6697900424777021,0.3892747575252109,GCST90199940,cancerType_celltype,KICH_Epi_KICH,tissue,Tumor,Adjacent,group1_higher,2.6639667230076985e-99,8.24104087776069e-79
2794,1081,-0.17408357693971713,-0.35330269678290027,-0.18380435556173325,-0.3521756827831268,0.2921384689344211,0.2106764743560919,0.17921911984318314,0.16837132722139353,,0.20616017663419212,-1.021120452129643,21.179413343156757,21.179413343156757,3.041835581941137e-92,2097923.0,18.818159757337895,5.3630787141293584e-79,0.6591658190014785,0.3892085392445952,GCST90200006,cancerType_celltype,KICH_Epi_KICH,tissue,Tumor,Adjacent,group1_higher,5.0933929953142135e-92,8.743871157127172e-79
2794,1081,0.08545862957343901,0.6595679433118409,0.03478836640715595,0.6592199206352234,1.0571037753931853,0.6701498420982479,-0.5741093137384019,-0.6244315542280674,,-0.21315372503894453,2.9482085003908023,-20.10521052696657,-20.10521052696657,1.5050379109930423e-84,925943.0,-18.70443745380543,4.556509981774794e-78,-0.5949745215287418,-0.38685646591711986,GCST90199989,cancerType_celltype,KICH_Epi_KICH,tissue,Tumor,Adjacent,group2_higher,2.4421031817660914e-84,7.419979815004832e-78
2794,1081,0.250027318545393,-0.32143317330573173,0.22494994103908536,-0.3620067536830902,0.9312234189081487,0.6577972038759892,0.5714604918511248,0.5869566947221756,,0.29896459256661156,-0.3624318116995548,21.43677907120533,21.43677907120533,1.986558341246556e-94,2094235.0,18.700083221462968,4.944235729077255e-78,0.6616232381649622,0.3867664090554823,GCST90200349,cancerType_celltype,KICH_Epi_KICH,tissue,Tumor,Adjacent,group1_higher,3.363576421265908e-94,8.041758113045703e-78
2794,1081,-0.015823498404241996,-0.3111410340616296,-0.0375252161175012,-0.3218156695365906,0.47819797009555826,0.371598284464809,0.29531753565738755,0.2842904534190894,,0.3167219164268044,-4.297341634667011,20.39911509874784,20.39911509874784,1.047360040169803e-85,2092983.0,18.659998670780915,1.0476519474191666e-77,0.654787548034975,0.38593735618217173,GCST90200049,cancerType_celltype,KICH_Epi_KICH,tissue,Tumor,Adjacent,group1_higher,1.7014919365333036e-85,1.70196615534246e-77
2794,1081,1.2589422903974608,0.3798447504844402,1.2437167763710022,0.3273066282272339,1.5043096167387846,0.9138855765729111,0.8790975399130205,0.9164101481437683,,0.253108404036193,1.7287277114179327,22.098365298632405,22.098365298632405,8.724589029129584e-101,2090742.0,18.588249886373188,4.001379350750666e-77,0.6437535324896225,0.38445340451357035,GCST90199687,cancerType_celltype,KICH_Epi_KICH,tissue,Tumor,Adjacent,group1_higher,1.5033647088120887e-100,6.4927143512775685e-77
2794,1081,-0.6321679650778057,0.09341610356453275,-0.7546955049037933,0.0175523664802312,1.257531689528662,1.0155990066983511,-0.7255840686423385,-0.7722478713840245,,-0.24419352416576978,-2.758551591497889,-18.609930587996477,-18.609930587996477,2.431927949554704e-72,930238.0,-18.566926954460847,5.953079534341112e-77,-0.6071818508469926,-0.38401239076466887,GCST90200316,cancerType_celltype,KICH_Epi_KICH,tissue,Tumor,Adjacent,group2_higher,3.7369986417621886e-72,9.648094417725251e-77
2794,1081,0.4515099962087775,1.1300459171377837,0.4333470016717911,1.064690351486206,1.022635721876249,0.8799848382161737,-0.6785359209290062,-0.631343349814415,,-0.26905928963939724,1.323549642511902,-20.546179219911497,-20.546179219911497,3.7110779976022126e-86,931533.0,-18.525465697964638,1.2872321253307838e-76,-0.6889133269767724,-0.38315486403069354,GCST90199629,cancerType_celltype,KICH_Epi_KICH,tissue,Tumor,Adjacent,group2_higher,6.04324887781579e-86,2.0837261126197843e-76
2794,1081,0.19103318309634393,0.6160640751457946,0.14947619289159775,0.5381925106048584,0.5791618480315821,0.6400539579508445,-0.4250308920494507,-0.38871631771326065,,-0.2727459862759666,1.6892519383170992,-19.02651082213715,-19.02651082213715,1.0605331451926955e-73,932100.0,-18.507312391066296,1.8032713484329294e-76,-0.7122226533601435,-0.3827794063796016,GCST90200544,cancerType_celltype,KICH_Epi_KICH,tissue,Tumor,Adjacent,group2_higher,1.6370404041875922e-73,2.9156095467545466e-76
2794,1081,0.8593992378296379,0.1833599542416128,0.8824265003204346,0.0505976676940918,1.1201312566318635,0.7728700153377122,0.6760392835880251,0.8318288326263428,,0.30695984457110914,2.2286437191044937,21.360760499930716,21.360760499930716,5.645907218936663e-94,2088042.0,18.501805567809654,1.997306535778602e-76,0.6531292275997476,0.38266551093694234,GCST90200403,cancerType_celltype,KICH_Epi_KICH,tissue,Tumor,Adjacent,group1_higher,9.512202150074995e-94,3.225508066666155e-76
2794,1081,0.12353698944929668,-0.1252941706544779,0.11935865134000775,-0.1560291647911071,0.4280188091859601,0.2999897251857076,0.2488311601037746,0.27538781613111485,,0.23890251746497002,-0.020376052372401234,20.397390901994402,20.397390901994402,2.649680516794327e-86,2084517.0,18.388947707462822,1.611235803435512e-75,0.6275752216484147,0.38033131654523333,GCST90200768,cancerType_celltype,KICH_Epi_KICH,tissue,Tumor,Adjacent,group1_higher,4.3199934741515164e-86,2.598951952760477e-75
2794,1081,-0.050682692187506595,-0.538489306811351,-0.11745472624897955,-0.6401152610778809,0.8151764564498273,0.5371887398797187,0.4878066146238444,0.5226605348289013,,0.3525345168552082,-3.4093268451669565,21.711742953652923,21.711742953652923,4.1920980468710246e-97,2083684.5,18.3622940425724,2.63325490224413e-75,0.6520452300775396,0.37978004935910636,GCST90199671,cancerType_celltype,KICH_Epi_KICH,tissue,Tumor,Adjacent,group1_higher,7.133370334438461e-97,4.2424662313933203e-75
2794,1081,-0.010803735031705996,-0.3571667705269364,-0.01991838496178385,-0.3929079174995422,0.5355103999495,0.47896293085239394,0.3463630354952304,0.37298953253775835,,0.3381122388642315,-5.046866304941907,19.5198615241869,19.5198615241869,2.462950221496882e-78,2082599.0,18.327540224868432,4.991115472546017e-75,0.6656217349469551,0.37906124992302126,GCST90200996,cancerType_celltype,KICH_Epi_KICH,tissue,Tumor,Adjacent,group1_higher,3.898956041695993e-78,8.0317478029282425e-75
2794,1081,0.29021749760275195,-0.14286609818595897,0.2410689368844032,-0.139061689376831,0.6633206136095924,0.5517769273191911,0.4330835957887109,0.3801306262612342,,0.32415328121895376,1.0224657682709744,20.667061448207345,20.667061448207345,2.654453039062143e-87,2082025.0,18.309162803070112,6.995734023138329e-75,0.6828904214904795,0.3786811569922863,GCST90200809,cancerType_celltype,KICH_Epi_KICH,tissue,Tumor,Adjacent,group1_higher,4.359059629206868e-87,1.1244322492379178e-74
2794,1081,0.6068610245727212,-0.11891843824131305,0.5327472686767578,-0.4113828837871551,1.103728830469209,1.1368125061260537,0.7257794628140343,0.944130152463913,,0.43457332245100555,2.3513839910506373,17.968369292623365,17.968369292623365,7.870532046136589e-67,2081781.0,18.301350797985112,8.07461690156764e-75,0.6520617844463104,0.3785195843875835,GCST90200307,cancerType_celltype,KICH_Epi_KICH,tissue,Tumor,Adjacent,group1_higher,1.1999480065865964e-66,1.2963136439148047e-74
2794,1081,0.35465695269401426,0.8488185540863435,0.3338033109903335,0.8770616054534912,0.7324472419611204,0.7052067222854281,-0.4941616013923293,-0.5432582944631577,,-0.26667372288274155,1.2590295933979025,-19.35192153275948,-19.35192153275948,1.0271086870764983e-76,939130.0,-18.282236998658288,1.1466039530297115e-74,-0.6816454111064979,-0.3781242612523069,GCST90200853,cancerType_celltype,KICH_Epi_KICH,tissue,Tumor,Adjacent,group2_higher,1.6184383126997308e-76,1.8386131623288196e-74
2794,1081,0.06457076061048006,0.6499199719205077,0.1200063824653625,0.6401538848876953,0.9476923132393281,0.5838514321753444,-0.5853492113100276,-0.5201475024223328,,-0.28242661677967185,3.3312890330312523,-23.19627376047475,-23.19627376047475,5.27587784348175e-110,941357.0,-18.210936444050514,4.2277908152714194e-74,-0.6792016399604899,-0.37664958014299177,GCST90200934,cancerType_celltype,KICH_Epi_KICH,tissue,Tumor,Adjacent,group2_higher,9.27873742021371e-110,6.771420541968208e-74
2794,1081,0.026825403091383555,-0.4967586527536696,-0.0594495646655559,-0.5187364816665649,0.8685204760124626,0.5307290862009447,0.5235840558450532,0.45928691700100904,,0.3345766654651427,-4.210822466574504,22.731273884971777,22.731273884971777,4.440264763585044e-106,2078797.0,18.205813817765268,4.6424111305999056e-74,0.663601744563858,0.37654363089400644,GCST90199870,cancerType_celltype,KICH_Epi_KICH,tissue,Tumor,Adjacent,group1_higher,7.719490909140835e-106,7.426768041088817e-74
2794,1081,-0.19319850064060098,-0.624650140690273,-0.23301170021295545,-0.650515079498291,0.6627265562895021,0.547484098074784,0.43145164004967207,0.41750337928533554,,0.3294670490207716,-1.6929593235251643,20.699004705912103,20.699004705912103,1.3600082534021834e-87,2078014.0,18.180744965381844,7.335223066927994e-74,0.681916121960627,0.37602514175678414,GCST90200080,cancerType_celltype,KICH_Epi_KICH,tissue,Tumor,Adjacent,group1_higher,2.238757547569053e-87,1.1720878124528553e-73
2794,1081,0.05077898709575064,-0.2568155250848171,0.0646847710013389,-0.2762065529823303,0.535868641949606,0.3661700021887641,0.3075945121805677,0.3408913239836692,,0.2448713532642696,-2.3384061034469115,20.424341232940655,20.424341232940655,1.1898864432672707e-86,2077383.0,18.160542607969404,1.0600302286342834e-73,0.6221083186314132,0.37560730440609813,GCST90200576,cancerType_celltype,KICH_Epi_KICH,tissue,Tumor,Adjacent,group1_higher,1.9446225685531054e-86,1.6918281049514383e-73
2794,1081,0.04295469979895496,0.5844140015656123,0.033346697688102694,0.5738422274589539,0.8616909758695782,0.7110685096860558,-0.5414593017666574,-0.5404955297708511,,-0.27047891319008427,3.7660717310681635,-19.99265324056073,-19.99265324056073,2.811838158836276e-82,943020.0,-18.157693147098236,1.1164980595528981e-73,-0.6583351424362678,-0.37554837013635,GCST90199988,cancerType_celltype,KICH_Epi_KICH,tissue,Tumor,Adjacent,group2_higher,4.508865188816287e-82,1.779867666866199e-73
2794,1081,0.766253301040633,0.10052278513216115,0.7421787679195404,0.016079556196928,1.0584677727422653,0.9449868388465577,0.6657305159084719,0.7260992117226124,,0.3428121137672103,2.930286366047226,19.004800109092894,19.004800109092894,1.1857221673690784e-74,2077036.0,18.14943291221328,1.297710965516063e-73,0.6475452148387626,0.37537752697236115,GCST90200902,cancerType_celltype,KICH_Epi_KICH,tissue,Tumor,Adjacent,group1_higher,1.847016358998919e-74,2.066331829437376e-73
2794,1081,0.31390353289157297,-0.17135162306605958,0.26162050664424896,-0.2120576798915863,0.8181572346265632,0.5857777550883899,0.4852551559576326,0.47367818653583527,,0.256501310408885,0.8733575852902349,20.560877751921065,20.560877751921065,1.906825158006188e-87,2075908.0,18.11331839690229,2.5027423521476915e-73,0.6380483424849148,0.3746305847670144,GCST90200642,cancerType_celltype,KICH_Epi_KICH,tissue,Tumor,Adjacent,group1_higher,3.1351057784830326e-87,3.9804408704519295e-73
2794,1081,-0.02704475008890582,-0.23073964611528677,-0.046785151585936505,-0.2615931630134582,0.31937365210346774,0.2911711741911451,0.20369489602638097,0.2148080114275217,,0.17166965509585616,-3.092798349358351,19.000048918082125,19.000048918082125,1.6451027104530378e-74,2075039.0,18.085496132890547,4.147397637951986e-73,0.6533584599312869,0.3740551479084624,GCST90199636,cancerType_celltype,KICH_Epi_KICH,tissue,Tumor,Adjacent,group1_higher,2.55967465108161e-74,6.588465012271045e-73
2794,1081,0.10262436678066868,0.5012028425607024,0.09130983799695966,0.5064418315887451,0.6027694995835305,0.5810192458366022,-0.3985784757800337,-0.41513199359178543,,-0.23179495419338228,2.2880100971873945,-18.95141889102764,-18.95141889102764,7.0326290809197225e-74,946090.0,-18.059402755250073,6.655789026934217e-73,-0.6678772007335145,-0.37351546892144327,GCST90200431,cancerType_celltype,KICH_Epi_KICH,tissue,Tumor,Adjacent,group2_higher,1.0867883715752361e-73,1.0560931832027167e-72
2794,1081,-0.1554715539092017,-0.34757543360933535,-0.1903079971671104,-0.3566984534263611,0.33007238130548,0.21346979454982454,0.19210387970013365,0.1663904562592507,,0.19981001313514787,-1.1606703487593526,21.325363700082246,21.325363700082246,4.37371363457659e-94,2073416.0,18.03353349250958,1.0630850821657816e-72,0.6358599384717156,0.37298042521406716,GCST90200591,cancerType_celltype,KICH_Epi_KICH,tissue,Tumor,Adjacent,group1_higher,7.387077675251415e-94,1.6848662406883258e-72
2794,1081,-0.5239904796335988,-0.06547070657935532,-0.524716317653656,-0.1070275455713272,0.7761718869835698,0.5863824597463189,-0.45851977305424346,-0.4176887720823288,,-0.2734751324441856,-3.0005998633199877,-19.847665232094275,-19.847665232094275,1.0545184723690061e-81,949182.0,-17.96040800228769,3.9798724285517185e-72,-0.6296283505408486,-0.37146799968480093,GCST90200636,cancerType_celltype,KICH_Epi_KICH,tissue,Tumor,Adjacent,group2_higher,1.6850043116517646e-81,6.300309082596971e-72
2794,1081,0.2922369052612495,-0.22408362815175317,0.24212853610515594,-0.2310683131217956,0.8938758091852842,0.61018690315473,0.5163205334130027,0.47319684922695154,,0.2856739891245987,0.3830996320601014,20.564106374557394,20.564106374557394,9.61558482308745e-88,2070340.0,17.93505100217572,6.282413003718347e-72,0.6261163169265493,0.37094355090232334,GCST90200208,cancerType_celltype,KICH_Epi_KICH,tissue,Tumor,Adjacent,group1_higher,1.584769300346819e-87,9.933792255299428e-72
2794,1081,-0.7429354236650262,-1.0430830725956326,-0.7822341620922089,-1.0643091201782229,0.5070667792860937,0.3840392174986664,0.3001476489306064,0.282074958086014,,0.3101260312438004,-0.4895447803878328,19.857764004435616,19.857764004435616,9.143531702401088e-82,2069274.0,17.900921504550265,1.1602012158291774e-71,0.6306042714046212,0.37023766403095837,GCST90199773,cancerType_celltype,KICH_Epi_KICH,tissue,Tumor,Adjacent,group1_higher,1.4627504354897514e-81,1.8323919550117832e-71
2794,1081,-0.0831912620525772,-0.4226624085395584,-0.10343025252223009,-0.4125152230262756,0.4957021743617095,0.4921249883786065,0.3394711464869812,0.3090849705040455,,0.3167177148361202,-2.3449879680061776,19.219212343281402,19.219212343281402,1.3174110937679663e-75,2068962.0,17.890932383294036,1.3880676814777366e-71,0.6862061085806838,0.37003106299543687,GCST90199983,cancerType_celltype,KICH_Epi_KICH,tissue,Tumor,Adjacent,group1_higher,2.0686996783476245e-75,2.18974102992379e-71
2794,1081,-0.37820564884171687,-0.16411991321513425,-0.42252926528453827,-0.1780211925506591,0.32390513667074633,0.3582432165854171,-0.21408573562658262,-0.24450807273387917,,-0.2369538849112311,-1.2044156390422645,-17.12567061342635,-17.12567061342635,4.954282685766735e-61,951909.0,-17.873099240538522,1.911323633282874e-71,-0.6412906134049887,-0.3696622271724066,GCST90199669,cancerType_celltype,KICH_Epi_KICH,tissue,Tumor,Adjacent,group2_higher,7.388060504048206e-61,3.0117157366064246e-71
2794,1081,-0.30183329013765925,0.0934499036481681,-0.33970674872398376,0.0682396814227104,0.6144329819713449,0.5970181681512778,-0.3952831937858273,-0.4079464301466942,,-0.2951408144501336,-1.6914761940843843,-18.33389373081529,-18.33389373081529,1.4616088652517276e-69,953240.0,-17.830485393128132,4.099648417512425e-71,-0.6484019084219768,-0.36878086185740955,GCST90200178,cancerType_celltype,KICH_Epi_KICH,tissue,Tumor,Adjacent,group2_higher,2.2358842686174013e-69,6.452448952736069e-71
2794,1081,-0.0947214490598209,-0.30726758835412504,-0.14605437219142908,-0.3144347071647644,0.3754000218313732,0.2272439975119203,0.21254613929430416,0.16838033497333532,,0.22981334806505072,-1.6977220021278614,21.44755183674138,21.44755183674138,1.945359016908795e-95,2066675.0,17.817710843829296,5.1516038484858865e-71,0.6239826248660778,0.3685166509177522,GCST90200262,cancerType_celltype,KICH_Epi_KICH,tissue,Tumor,Adjacent,group1_higher,3.3020228394105705e-95,8.098772832164087e-71
2794,1081,0.07150796232443805,-0.313024734333416,0.02094039786607025,-0.3398720324039459,0.60337242647617,0.503091302951041,0.38453269665785406,0.3608124302700162,,0.337249196943498,-2.1300852947936795,20.142932914011393,20.142932914011393,2.463745809511674e-83,2066560.0,17.814028956186778,5.501987809002862e-71,0.6662459926627008,0.3684404998950441,GCST90200460,cancerType_celltype,KICH_Epi_KICH,tissue,Tumor,Adjacent,group1_higher,3.9740657258750435e-83,8.639642147086292e-71
2794,1081,-0.1883233319134349,-0.6498910132354034,-0.22590231150388715,-0.6935869455337524,0.7299430933684179,0.6610220653086438,0.46156768132196857,0.46768463402986526,,0.28725729308680775,-1.7869806069429257,18.923867331500443,18.923867331500443,5.253180769656732e-74,2066449.0,17.810475134201386,5.862694089990406e-71,0.648819706602354,0.3683669976035604,GCST90199992,cancerType_celltype,KICH_Epi_KICH,tissue,Tumor,Adjacent,group1_higher,8.127225186199917e-74,9.195456898339382e-71
2794,1081,-0.32304331506067263,0.3146378715716649,-0.4108045697212219,0.2412744462490081,1.066603351461235,0.9786374041062104,-0.6376811866323375,-0.65207901597023,,-0.21566811912626946,-0.03803516940600102,-17.73293489912813,-17.73293489912813,9.941506474128298e-66,954233.0,-17.79869309374532,7.2358006248564006e-71,-0.6114968403760597,-0.36812331433089407,GCST90200840,cancerType_celltype,KICH_Epi_KICH,tissue,Tumor,Adjacent,group2_higher,1.5123072906514366e-65,1.133608764560836e-70
2794,1081,0.34784112825584873,0.033467738102750264,0.33402588963508606,0.0137012172490358,0.5570916252201242,0.3564475532494212,0.31437339015309845,0.3203246723860503,,0.22646925112589195,3.3775466104314718,20.79198848829479,20.79198848829479,7.009402560768568e-90,2062211.0,17.674789570470928,6.560328581290065e-70,0.6174420785492843,0.3655606668710605,GCST90200220,cancerType_celltype,KICH_Epi_KICH,tissue,Tumor,Adjacent,group1_higher,1.16509947443019e-89,1.0266048055451618e-69
2794,1081,0.37393090206008145,-0.08726189363695927,0.3295049220323562,-0.1259553879499435,0.8175859426037705,0.5806962103718826,0.46119279569704075,0.4554603099822997,,0.25941678054146844,2.0993353408271975,19.64418445411462,19.64418445411462,1.6862741239058446e-80,2059515.0,17.588473317564528,3.0198740399866503e-69,0.6076328416222614,0.3637754220256568,GCST90199690,cancerType_celltype,KICH_Epi_KICH,tissue,Tumor,Adjacent,group1_higher,2.678778124573037e-80,4.72028476663051e-69
2794,1081,-0.050502427798483074,0.6965894809019841,-0.06532607600092885,0.5487848520278931,1.0988034034508745,1.0846939109846097,-0.7470919087004673,-0.614110928028822,,-0.26876009115894256,3.7858575424897403,-19.159165562861354,-19.159165562861354,3.2531782624057756e-75,962805.0,-17.52424839051325,9.359622412074647e-69,-0.6823460049592616,-0.3624470833165029,GCST90200539,cancerType_celltype,KICH_Epi_KICH,tissue,Tumor,Adjacent,group2_higher,5.096645944435715e-75,1.461301872583934e-68
2794,1081,0.20837315148751034,0.5443195749666959,0.1620337590575218,0.5379152297973633,0.6292835896891573,0.43840729100069176,-0.3359464234791856,-0.37588147073984146,,-0.24936073646459378,1.3852802455560027,-18.793761417603775,-18.793761417603775,2.632678711592228e-74,962885.0,-17.52168707737063,9.790689977778663e-69,-0.5768492976496276,-0.36239410869201016,GCST90200308,cancerType_celltype,KICH_Epi_KICH,tissue,Tumor,Adjacent,group2_higher,4.08229929909011e-74,1.5268547413858487e-68
2794,1081,-0.7108356223125456,-0.2935956520778812,-0.7935229241847992,-0.3313319981098175,0.7914025948937162,0.6528354016016455,-0.4172399702346644,-0.4621909260749817,,-0.27110406568982554,-1.2756824939203644,-16.778092265434452,-16.778092265434452,8.892240634742836e-60,964208.0,-17.479329361274498,2.059642771190625e-68,-0.5523994300474836,-0.3615180408394624,GCST90199657,cancerType_celltype,KICH_Epi_KICH,tissue,Tumor,Adjacent,group2_higher,1.3188383008873216e-59,3.2083349681517964e-68
2794,1081,-0.12473280397836135,-0.6828021478059958,-0.17421882599592203,-0.731774091720581,0.9609634951572308,0.6928116418707047,0.5580693438276344,0.557555265724659,,0.2874462343003853,-2.452617207943266,20.052468489668424,20.052468489668424,1.6653281362270222e-83,2053950.0,17.410301972080806,6.89387166201625e-68,0.6240225506423462,0.36009037470938443,GCST90200357,cancerType_celltype,KICH_Epi_KICH,tissue,Tumor,Adjacent,group1_higher,2.6893865517505114e-83,1.0726423601972771e-67
2794,1081,-0.7805355599936261,-0.35045130113620054,-0.8235210478305817,-0.3716605007648468,0.8410494127279065,0.6061118980081038,-0.43008425885742557,-0.45186054706573486,,-0.19648349980970084,-1.1552481116841091,-17.661193478975846,-17.661193478975846,3.7215502888761263e-66,969989.0,-17.294242470305694,5.199626135768766e-67,-0.5495163937941964,-0.3576899620370597,GCST90200722,cancerType_celltype,KICH_Epi_KICH,tissue,Tumor,Adjacent,group2_higher,5.667567646634816e-66,8.081060915681674e-67
2794,1081,-0.3936595231559191,-0.09861766138131212,-0.44342759251594543,-0.1009883731603622,0.5599593103532918,0.40786283208756813,-0.295041861774607,-0.34243921935558325,,-0.21208933732535631,-1.9970194688187097,-18.086389346458155,-18.086389346458155,4.457928606532109e-69,970573.0,-17.275544884364546,7.19111919593773e-67,-0.565190932446111,-0.3573032472782631,GCST90200406,cancerType_celltype,KICH_Epi_KICH,tissue,Tumor,Adjacent,group2_higher,6.811834855048502e-69,1.1163434469320188e-66
2794,1081,-0.3999799099622089,0.02945704832754919,-0.46691519021987915,-0.0198745131492614,0.6804044948552065,0.7106711992922378,-0.4294369582897581,-0.44704067707061773,,-0.27413789988640036,-3.7631973892524813,-17.069880876249126,-17.069880876249126,7.153985243987046e-61,970650.0,-17.27307962046477,7.505036215471562e-67,-0.6232954442360167,-0.35725225920218895,GCST90200529,cancerType_celltype,KICH_Epi_KICH,tissue,Tumor,Adjacent,group2_higher,1.0656701516452836e-60,1.1637502117961023e-66
2794,1081,-0.31197224903441584,-0.07307074780021962,-0.354031577706337,-0.0994347035884857,0.4172563455012283,0.38100258059177333,-0.23890150123419623,-0.25459687411785126,,-0.2799832767342957,-2.0940367060823033,-17.03837991509382,-17.03837991509382,3.865824478272075e-61,971329.0,-17.251340475166757,1.0936334337375115e-66,-0.5863026376230195,-0.35680263707680726,GCST90199965,cancerType_celltype,KICH_Epi_KICH,tissue,Tumor,Adjacent,group2_higher,5.777542504259691e-61,1.693889057027532e-66
2794,1081,-0.28661904526862775,-0.873123413977488,-0.37432534992694855,-0.9033071994781494,1.0390538288892688,0.6732540086259962,0.5865043687088602,0.5289818495512009,,0.2712369823135816,-1.60704773171471,20.662346702957667,20.662346702957667,8.601639797402567e-89,2048227.0,17.227072033140402,1.6640797993836684e-66,0.6165300640815908,0.3563007025097391,GCST90200039,cancerType_celltype,KICH_Epi_KICH,tissue,Tumor,Adjacent,group1_higher,1.421095156831479e-88,2.5745071130078774e-66
2794,1081,-0.6826431148334858,-0.9954588586693047,-0.7068111598491669,-1.0025427341461182,0.5407549808878587,0.36302462026552784,0.3128157438358189,0.2957315742969513,,0.3413739872865906,-0.5442294918801648,20.781978164807292,20.781978164807292,1.5238218017786992e-89,2047389.0,17.200242277971423,2.644966399245996e-66,0.6286259084646508,0.35574579331817824,GCST90199702,cancerType_celltype,KICH_Epi_KICH,tissue,Tumor,Adjacent,group1_higher,2.529804038762932e-89,4.0874027235513517e-66
2794,1081,-0.06389583095761667,0.4293725979344266,-0.08635895699262615,0.3921527564525604,0.7882945199423081,0.7545841412986402,-0.49326842889204325,-0.47851171344518656,,-0.2482915766103401,2.7484171971851317,-18.02195135749461,-18.02195135749461,1.6697549152508278e-67,974661.0,-17.144661782776502,6.891755797384174e-66,-0.6331739482426301,-0.3545962439666869,GCST90201018,cancerType_celltype,KICH_Epi_KICH,tissue,Tumor,Adjacent,group2_higher,2.548573291698632e-67,1.0638123614761754e-65
2794,1081,-0.36465712122335986,0.2509634988799766,-0.4023236781358719,0.2224012315273285,1.1780423124076427,0.8228957185025313,-0.6156206201033365,-0.6247249096632004,,-0.21206361776783417,-0.5390612276028343,-18.369624695735215,-18.369624695735215,3.0629840002265096e-71,975740.0,-17.110116071765372,1.2478493301306518e-65,-0.5644279164929001,-0.3538817487188418,GCST90200501,cancerType_celltype,KICH_Epi_KICH,tissue,Tumor,Adjacent,group2_higher,4.701404495843167e-71,1.9240029829955637e-65
2794,1081,-0.09978194828118435,-0.3469325262417202,-0.15376909822225565,-0.372685432434082,0.42798871050957754,0.34441413951139155,0.24715057796053586,0.21891633421182632,,0.2463360762898073,-1.7977940612104042,18.667226266125788,18.667226266125788,9.179155076321294e-73,2043616.0,17.07944434688246,2.1117765954070893e-65,0.6081231434784866,0.3532473775905418,GCST90200604,cancerType_celltype,KICH_Epi_KICH,tissue,Tumor,Adjacent,group1_higher,1.4120980100480728e-72,3.2523745757512576e-65
2794,1081,-0.5549361580796474,-0.09674744026593649,-0.6024123728275299,-0.1242408752441406,0.8780516727686847,0.617874503417506,-0.45818871781371084,-0.4781714975833893,,-0.22956040100561856,-2.5200140996628755,-18.267697412183548,-18.267697412183548,1.7359608066538878e-70,978823.0,-17.011409466531532,6.761038169205279e-65,-0.5629502785686952,-0.351840239127455,GCST90200785,cancerType_celltype,KICH_Epi_KICH,tissue,Tumor,Adjacent,group2_higher,2.6615462086268268e-70,1.0401010185809024e-64
2794,1081,-0.056501216297315394,-0.3632437353044797,-0.0133356330916285,-0.3835509717464447,0.6015933863521997,0.40757974874086444,0.30674251900716426,0.3702153386548162,,0.26371402243114794,-2.684562524868263,18.227302254890635,18.227302254890635,2.4519471352428456e-70,2039359.0,16.943150471280628,2.1628688919807064e-64,0.5533255734592676,0.35042846538472494,GCST90200043,cancerType_celltype,KICH_Epi_KICH,tissue,Tumor,Adjacent,group1_higher,3.755060612737077e-70,3.323551634464152e-64
2794,1081,0.43797798816632844,0.024561332410624016,0.397051677107811,-0.0307915955781936,0.6800081355909489,0.6426625668600822,0.4134166557557044,0.4278432726860046,,0.28123383111723566,4.156342189903102,17.667230893740285,17.667230893740285,3.60847694380262e-65,2038259.0,16.907932415569558,3.9337222534603016e-64,0.6172207269386046,0.3497000642979504,GCST90199801,cancerType_celltype,KICH_Epi_KICH,tissue,Tumor,Adjacent,group1_higher,5.477008991540058e-65,6.037909269669359e-64
2794,1081,0.14690979419118788,-0.42319096161602243,0.05556601658463475,-0.4843590557575226,0.9987713507230412,0.7440034040381306,0.5701007558072103,0.5399250723421574,,0.30713834057541595,-1.5263718231953347,19.338289370911582,19.338289370911582,5.447636079093942e-78,2037512.0,16.884016154100316,5.900753333724362e-64,0.6099053075346123,0.34920541374174996,GCST90199679,cancerType_celltype,KICH_Epi_KICH,tissue,Tumor,Adjacent,group1_higher,8.613837558938565e-78,9.046936776002592e-64
2794,1081,1.2325865139383703,1.9546901428452577,1.1766831278800964,1.9298501014709477,1.2038034337674133,1.1580842544957597,-0.7221036289068874,-0.7531669735908513,,-0.23198526481631665,0.6652505860977778,-17.215758607272445,-17.215758607272445,4.102065547462013e-62,984397.0,-16.832949973319266,1.3998997447584412e-63,-0.6061827457881294,-0.3481492321659271,GCST90200508,cancerType_celltype,KICH_Epi_KICH,tissue,Tumor,Adjacent,group2_higher,6.164405006825494e-62,2.1438914068603993e-63
2794,1081,0.5195193293080526,1.1976943269706264,0.4452439844608307,1.0416686534881592,0.8762851135265219,1.1932903749157666,-0.6781749976625738,-0.5964246690273285,,-0.37280537213740594,1.20500884873773,-16.996518665183654,-16.996518665183654,1.514661567943022e-59,985942.0,-16.78348461325236,3.2243997049311907e-63,-0.6954920192095834,-0.34712615973041216,GCST90200159,cancerType_celltype,KICH_Epi_KICH,tissue,Tumor,Adjacent,group2_higher,2.2415675538613884e-59,4.932499211920553e-63
2794,1081,1.1848233643677857,1.7931274298800777,1.1536127924919128,1.7756375074386597,1.1377383374270928,0.7954892277174171,-0.608304065512292,-0.6220247149467468,,-0.19966546927955883,0.5978056093844291,-18.784458807283816,-18.784458807283816,3.1819963209198698e-74,986726.0,-16.75838374445465,4.919454539181743e-63,-0.5773906297613454,-0.34660700841038383,GCST90200665,cancerType_celltype,KICH_Epi_KICH,tissue,Tumor,Adjacent,group2_higher,4.928478392515662e-74,7.517058897875242e-63
2794,1081,-0.6415879450185603,-0.40666405898416824,-0.7008877098560333,-0.4708195924758911,0.4278668241529003,0.41815899483641533,-0.23492388603439207,-0.2300681173801422,,-0.28216853426141403,-0.6578082449518116,-15.582928834304251,-15.582928834304251,9.111547806874507e-52,987490.0,-16.7339232039426,7.420657383236627e-63,-0.5525254116045265,-0.3461011007464787,GCST90200520,cancerType_celltype,KICH_Epi_KICH,tissue,Tumor,Adjacent,group2_higher,1.3031521155057664e-51,1.1326266532308535e-62
2794,1081,-0.8086331579063607,-0.19283066230208357,-0.897253155708313,-0.4095463752746582,0.9349875426351932,1.0605722997142204,-0.6158024956042771,-0.4877067804336548,,-0.2681592364803181,-2.0681451898462098,-16.738856787587945,-16.738856787587945,1.727852054116027e-58,988415.0,-16.70430802073102,1.2196703956663208e-62,-0.6337759088772491,-0.345488581650782,GCST90199662,cancerType_celltype,KICH_Epi_KICH,tissue,Tumor,Adjacent,group2_higher,2.5487687767966933e-58,1.8595198537955205e-62
2794,1081,1.186853829822113,1.762450441855517,1.19636869430542,1.840056538581848,0.7803599782013283,1.0360814915595002,-0.575596612033404,-0.643687844276428,,-0.26794524606493714,0.570440027185017,-16.540522932071497,-16.540522932071497,8.581708301581653e-57,989632.0,-16.665344044548863,2.3420017409643245e-62,-0.6698011632692534,-0.344682705175687,GCST90200645,cancerType_celltype,KICH_Epi_KICH,tissue,Tumor,Adjacent,group2_higher,1.253683645772325e-56,3.5666462267423178e-62
2794,1081,0.6271637318949627,1.1659045238133992,0.6484137177467346,1.1406854391098022,0.9178820779596033,0.7493412146023035,-0.5387407919184365,-0.4922717213630676,,-0.219636094389619,0.8945345501043408,-18.802418090470955,-18.802418090470955,1.1692559408987159e-73,990021.0,-16.65288965939286,2.88414119495657e-62,-0.6162973151928757,-0.3444251160640913,GCST90200578,cancerType_celltype,KICH_Epi_KICH,tissue,Tumor,Adjacent,group2_higher,1.8028233568381785e-73,4.387371036524335e-62
2794,1081,-0.01471597659940756,-0.34614516090805003,-0.00927293812856075,-0.4325156211853027,0.5937448998169371,0.6142728680510227,0.3314291843086425,0.42324268305674195,,0.21571500110223768,-4.555828122298228,15.203293252992331,15.203293252992331,2.3428506357528408e-49,2028061.0,16.581429022713674,9.49693051757108e-62,0.5528059084982968,0.34294712404074534,GCST90199903,cancerType_celltype,KICH_Epi_KICH,tissue,Tumor,Adjacent,group1_higher,3.3333041926212127e-49,1.4430675914659288e-61
2794,1081,-0.07184803267446843,-0.3173648833061778,-0.083145298063755,-0.3404189944267273,0.46400237835077013,0.3041069760093726,0.24551685063170936,0.2572736963629723,,0.2361856956526398,-2.14310640894099,19.25348609542462,19.25348609542462,6.124343170099592e-78,2027316.0,16.557576794072997,1.412035037434867e-61,0.5770079522099661,0.3424537978501574,GCST90200405,cancerType_celltype,KICH_Epi_KICH,tissue,Tumor,Adjacent,group1_higher,9.672630058917432e-78,2.143211309603256e-61
2794,1081,-0.12129981028964165,0.13522453810328006,-0.13155279308557505,0.1025556325912475,0.4282062283169764,0.415008708908539,-0.2565243483929217,-0.23410842567682255,,-0.18963732858503085,0.15677845072616292,-17.103397950392264,-17.103397950392264,2.362151162673233e-61,993409.0,-16.54441804780277,1.7570064387104863e-61,-0.6042018464527358,-0.3421816407168261,GCST90200992,cancerType_celltype,KICH_Epi_KICH,tissue,Tumor,Adjacent,group2_higher,3.53415152000397e-61,2.663848471593318e-61
2794,1081,-0.29902295695403985,-0.6740911645374531,-0.3269940018653869,-0.6818501949310303,0.6887777000511722,0.44650499723317416,0.37506820758341325,0.35485619306564337,,0.3458527194917797,-1.1726847821430175,19.92829786647486,19.92829786647486,4.361571149245035e-83,2026454.0,16.529978644961233,2.2328200599318777e-61,0.5947348640308069,0.34188299627124863,GCST90200094,cancerType_celltype,KICH_Epi_KICH,tissue,Tumor,Adjacent,group1_higher,7.002145437480545e-83,3.381481935207944e-61
2794,1081,-0.15004750831335908,0.2935804951345099,-0.1973575353622436,0.1885877400636673,0.6847788237540001,0.7480766655398391,-0.443628003447869,-0.3859452754259109,,-0.31053565900785857,0.9683320592427538,-16.943750486011876,-16.943750486011876,6.558724309922818e-60,995542.0,-16.47612703613758,5.4478447566380675e-61,-0.6310471561813864,-0.3407692047912899,GCST90200535,cancerType_celltype,KICH_Epi_KICH,tissue,Tumor,Adjacent,group2_higher,9.738062346867975e-60,8.241301224525734e-61
2794,1081,-0.5400559979750474,0.008738308339866496,-0.6654486656188965,-0.0433933474123477,1.2574424054565898,0.7503888820888799,-0.5487943063149139,-0.6220553182065488,,-0.19237665708950574,-5.949448763885215,-16.64691999804341,-16.64691999804341,9.227508469513785e-60,997759.0,-16.405146645672637,1.7574830162271766e-60,-0.4818312471511817,-0.33930114551003643,GCST90199914,cancerType_celltype,KICH_Epi_KICH,tissue,Tumor,Adjacent,group2_higher,1.367075439559488e-59,2.655708814986299e-60
2794,1081,-0.8454353924227707,-0.4447673052322347,-0.8363732397556305,-0.4677213132381439,0.7556230673180336,0.5109272711630828,-0.400668087190536,-0.3686519265174866,,-0.233686398404272,-0.9266422321600682,-18.975572972716005,-18.975572972716005,9.336427695066703e-76,998038.0,-16.396214066087737,2.0358707036865086e-60,-0.5755964744213493,-0.3391163965071181,GCST90200065,cancerType_celltype,KICH_Epi_KICH,tissue,Tumor,Adjacent,group2_higher,1.467768275475884e-75,3.072969843991928e-60
2794,1081,0.7474312575261656,-0.0008124376148128474,0.7180508077144623,-0.0440928824245929,1.4085308161969783,0.9667859598203904,0.7482436951409784,0.7621436901390551,,0.2587234085558842,9.843695408111058,18.855658758242548,18.855658758242548,8.109057382194289e-75,2017657.0,16.248330248515536,2.295910716039353e-59,0.5753402056655973,0.3360577741254718,GCST90200350,cancerType_celltype,KICH_Epi_KICH,tissue,Tumor,Adjacent,group1_higher,1.264604715323892e-74,3.4616441437628743e-59
2794,1081,0.2757651080284714,-0.12070871708657469,0.2321355268359184,-0.1469303965568542,0.7632078520412063,0.4632723205430933,0.39647382511504603,0.37906592339277256,,0.24760515864772584,1.191903341695731,19.65206571196948,19.65206571196948,3.0241590341165406e-81,2016731.0,16.218683048889673,3.7218461533867595e-59,0.5723168652609714,0.3354445928469689,GCST90200718,cancerType_celltype,KICH_Epi_KICH,tissue,Tumor,Adjacent,group1_higher,4.826614477167265e-81,5.605388184603485e-59
2794,1081,-0.4444759285985036,-0.06308920177472153,-0.48696674406528473,-0.1361262202262878,0.5540759766663921,0.6445415348324096,-0.38138672682378205,-0.35084052383899694,,-0.2891823490537536,-2.816620665299819,-17.15621472066292,-17.15621472066292,4.706268752314206e-61,1003684.0,-16.21544939104711,3.9230057183883174e-59,-0.6567465198763385,-0.33537771238354686,GCST90200075,cancerType_celltype,KICH_Epi_KICH,tissue,Tumor,Adjacent,group2_higher,7.025897381603792e-61,5.901828691129444e-59
2794,1081,-0.23469786405763698,-0.7228607309860058,-0.32309964299201965,-0.7219507098197937,0.8209482052870233,0.6662896946779441,0.4881628669283688,0.39885106682777405,,0.3013442860358162,-1.6229088555793783,19.11950875513582,19.11950875513582,5.788419719941798e-76,2013827.0,16.125707381812454,1.6836429370888457e-58,0.6251229332998696,0.3335216139778845,GCST90200655,cancerType_celltype,KICH_Epi_KICH,tissue,Tumor,Adjacent,group1_higher,9.110411175843731e-76,2.530105097301099e-58
2794,1081,0.3165075057148504,0.9544406380833046,0.24808105826377866,0.9070635437965392,1.2755703270486558,0.9325597742931975,-0.6379331323684542,-0.6589824855327605,,-0.1827962981873257,1.5924127122870462,-17.13011564127805,-17.13011564127805,1.7191247448031075e-62,1008120.0,-16.07342457728866,3.919297215977432e-58,-0.5361213069874294,-0.3324402694554275,GCST90200335,cancerType_celltype,KICH_Epi_KICH,tissue,Tumor,Adjacent,group2_higher,2.589134836648216e-62,5.883262230591674e-58
2794,1081,0.6659455555670523,1.5073881837008236,0.7140390872955322,1.396456003189087,1.4615032993134809,1.15037151009597,-0.8414426281337714,-0.6824169158935547,,-0.21902151655952404,1.1785736397750703,-18.868668843493626,-18.868668843493626,2.62888191501201e-74,1009213.0,-16.038430636477568,6.889061786200817e-58,-0.6089445526395616,-0.3317165036482962,GCST90200497,cancerType_celltype,KICH_Epi_KICH,tissue,Tumor,Adjacent,group2_higher,4.081054726835273e-74,1.0329803316382522e-57
2794,1081,-0.17610055704680388,-0.33562247039825793,-0.18465232849121088,-0.3348672688007355,0.2977765493085695,0.21207235880987124,0.15952191335145405,0.1502149403095246,,0.26309222539739463,-0.9304359428584925,18.62718780786265,18.62718780786265,5.192510137300242e-73,2010383.0,16.015442851022527,9.972005204687208e-58,0.5768053490182589,0.33124105639347423,GCST90201020,cancerType_celltype,KICH_Epi_KICH,tissue,Tumor,Adjacent,group1_higher,7.997052335751672e-73,1.4936091312075455e-57
2794,1081,-0.4520907204534606,-0.29277171162448967,-0.47009497880935663,-0.2953040301799774,0.29976048851762943,0.27312842643783897,-0.15931900882897093,-0.17479094862937922,,-0.24312549556356247,-0.6268344055190955,-15.83952120929747,-15.83952120929747,1.6093171951278432e-53,1010530.0,-15.996265018867135,1.357090191294635e-57,-0.5445353676741927,-0.3308444088925854,GCST90200144,cancerType_celltype,KICH_Epi_KICH,tissue,Tumor,Adjacent,group2_higher,2.3236221789822563e-53,2.0304214387865945e-57
2794,1081,-0.2739658621204511,0.14363781130599151,-0.3197326958179474,0.1300907582044601,0.7898315756240736,0.7047742665699966,-0.4176036734264426,-0.4498234540224075,,-0.2361742610784869,-0.9315557823821408,-15.981916042842311,-15.981916042842311,1.8441226721171177e-54,1012592.0,-15.930247172616024,3.909093015647184e-57,-0.5444197392019138,-0.3294789879462864,GCST90200802,cancerType_celltype,KICH_Epi_KICH,tissue,Tumor,Adjacent,group2_higher,2.6768255613372005e-54,5.842208092463939e-57
2794,1081,0.2806381298504712,0.7128023355955342,0.26609624922275543,0.7515909671783447,0.6963340199132104,0.758024915030222,-0.432164205745063,-0.4854947179555893,,-0.2639061326765679,1.3447879083497178,-16.275204563981077,-16.275204563981077,1.0213016062497447e-55,1012948.0,-15.918849329131351,4.6904142855972496e-57,-0.6052102622988113,-0.3292432508672939,GCST90199841,cancerType_celltype,KICH_Epi_KICH,tissue,Tumor,Adjacent,group2_higher,1.4904005238955051e-55,7.002228555606846e-57
2794,1081,-0.03765728257587519,0.20162099575645193,-0.04341113381087775,0.181441843509674,0.375509095907427,0.43122800999455246,-0.23927827833232712,-0.22485297732055173,,-0.22410100982506273,2.420613925080053,-16.041558791957257,-16.041558791957257,3.929607814769193e-54,1013509.0,-15.900888120718706,6.248873955020474e-57,-0.6106468356039805,-0.32887176631303894,GCST90200626,cancerType_celltype,KICH_Epi_KICH,tissue,Tumor,Adjacent,group2_higher,5.697931331415329e-54,9.318616193318278e-57
2794,1081,-0.5055000478492501,-0.9909608699441659,-0.5919532477855682,-1.0361322164535522,0.9328048742341203,0.5732660901706933,0.4854608220949158,0.444178968667984,,0.2872491507358993,-0.9711154640318205,19.56874223533887,19.56874223533887,1.4508027342844226e-80,2006689.0,15.897174216661902,6.630501735537828e-57,0.5724677364495787,0.3287949531075245,GCST90200716,cancerType_celltype,KICH_Epi_KICH,tissue,Tumor,Adjacent,group1_higher,2.307402715087127e-80,9.876911328456895e-57
2794,1081,-0.03714756263847814,0.39249310426891737,-0.10577030479907984,0.3283878862857818,0.7990858342307051,0.7219689477424176,-0.4296406669073955,-0.43415819108486164,,-0.25903275974962653,3.401292687323962,-16.11594093958571,-16.11594093958571,2.8988728735956987e-55,1014655.0,-15.86419730995063,1.1217064523963689e-56,-0.5519889472804084,-0.32811290481718125,GCST90200908,cancerType_celltype,KICH_Epi_KICH,tissue,Tumor,Adjacent,group2_higher,4.221328767853566e-55,1.6690894046028938e-56
2794,1081,-0.0011834994953211714,-0.42244388015459833,-0.00205830391496415,-0.4294270277023315,0.8313059052530203,0.5193489364410139,0.4212603806592772,0.42736872378736734,,0.26200924301875234,-8.478341719314134,18.898899283593668,18.898899283593668,1.7283032663013722e-75,2005556.0,15.860899619279502,1.1821882149166733e-56,0.556231115771653,0.328044699988147,GCST90200360,cancerType_celltype,KICH_Epi_KICH,tissue,Tumor,Adjacent,group1_higher,2.710790968893867e-75,1.7571674339492102e-56
2794,1081,0.2785076653355955,0.7256744954840633,0.2234748676419258,0.7104175686836243,0.9005879641665151,0.6560011899082685,-0.44716683014846775,-0.48694270104169846,,-0.22354156149005336,1.3816023387935594,-17.043394773016225,-17.043394773016225,6.4011850484031126e-62,1015511.5,-15.836775251117421,1.7353692255581927e-56,-0.5326082786791162,-0.3275457452437065,GCST90199798,cancerType_celltype,KICH_Epi_KICH,tissue,Tumor,Adjacent,group2_higher,9.608827335873836e-62,2.5765885124573167e-56
2794,1081,-0.034597698579339926,0.4011782863673067,-0.059195863083004896,0.3390553593635559,0.6788108472051888,0.7547250882932963,-0.4357759849466466,-0.3982512224465608,,-0.2442652481330523,3.535457441432177,-16.56753812014519,-16.56753812014519,1.7826846859096154e-57,1016298.0,-15.811594341284007,2.5889852736161767e-56,-0.6218201379404058,-0.3270249384666627,GCST90200981,cancerType_celltype,KICH_Epi_KICH,tissue,Tumor,Adjacent,group2_higher,2.618318132429748e-57,3.8398116734916744e-56
2794,1081,0.23201983515073069,0.5675781586099327,0.2149832546710968,0.5453553795814514,0.666732275642288,0.4755378666813842,-0.335558323459202,-0.3303721249103546,,-0.1941132062517432,1.2905672517123699,-17.485201988263864,-17.485201988263864,5.5790472510855976e-65,1016873.0,-15.793184903071403,3.467156008448052e-56,-0.5417649200079173,-0.3266441833531215,GCST90200162,cancerType_celltype,KICH_Epi_KICH,tissue,Tumor,Adjacent,group2_higher,8.458555509710423e-65,5.136666999472495e-56
2794,1081,-0.8371174610043857,-0.5651952543005797,-0.915772557258606,-0.5736148357391357,0.6267226966754468,0.4953044172276593,-0.27192220670380596,-0.3421577215194702,,-0.23181970503833724,-0.5666798890403499,-14.18409559765896,-14.18409559765896,5.860181036596561e-44,1017947.0,-15.758799274131688,5.977270170466299e-56,-0.4585443299928974,-0.3259329990193073,GCST90200404,cancerType_celltype,KICH_Epi_KICH,tissue,Tumor,Adjacent,group2_higher,8.158760728172741e-44,8.845840654012556e-56
2794,1081,0.2189475957520966,-0.2457188980836528,0.18633677065372461,-0.3058140873908996,0.8132395937549958,0.7673475547341246,0.46466649383574943,0.4921508580446242,,0.2795979698309957,-0.16642249307656692,16.62273100379041,16.62273100379041,2.4212814876318714e-58,2001957.0,15.745672544275743,7.35636442135776e-56,0.5803203001006028,0.32566150406878225,GCST90200230,cancerType_celltype,KICH_Epi_KICH,tissue,Tumor,Adjacent,group1_higher,3.563938086006739e-58,1.0874972566497426e-55
2794,1081,0.01803724001899329,0.45914098746660337,-0.00841229408979415,0.420200914144516,0.8377108314164896,0.6643223948388147,-0.44110374744761005,-0.42861320823431015,,-0.22639413052794494,4.66980988156526,-17.177461688757496,-17.177461688757496,1.5165855907016787e-62,1018666.0,-15.735779472262362,8.601299979445783e-56,-0.5561198907414531,-0.3254568895816793,GCST90200256,cancerType_celltype,KICH_Epi_KICH,tissue,Tumor,Adjacent,group2_higher,2.2866218585468896e-62,1.2701594660871726e-55
2794,1081,-0.15302628197073348,0.11961304245282535,-0.1925146579742431,0.0962365865707397,0.5877835526313203,0.43863044538459545,-0.2726393244235588,-0.2887512445449828,,-0.2220923717394536,-0.3554021130035354,-15.69813645289004,-15.69813645289004,3.856203022058921e-53,1020546.0,-15.675588613410719,2.222133740666512e-55,-0.4954630450139802,-0.3242119859061011,GCST90199667,cancerType_celltype,KICH_Epi_KICH,tissue,Tumor,Adjacent,group2_higher,5.556030358421047e-53,3.27788775814768e-55
2794,1081,-0.12615104370993024,-0.37090615073893524,-0.16439364850521085,-0.3967818915843963,0.48952101565281037,0.347385456836718,0.244755107029005,0.23238824307918546,,0.20698080100048352,-1.5558945032057685,17.42038051056912,17.42038051056912,1.4930019058262557e-64,1999081.0,15.653593336798442,3.1405798906096956e-55,0.5386588175448209,0.3237570663182703,GCST90200806,cancerType_celltype,KICH_Epi_KICH,tissue,Tumor,Adjacent,group1_higher,2.2610684418235406e-64,4.627686909082178e-55
2794,1081,0.8490222289133034,0.34009399749014474,0.8704096674919128,0.2288898825645446,0.9829209285828634,0.8489152575046001,0.5089282314231587,0.6415197849273683,,0.2216145571984158,1.3198662404614696,15.994493822574286,15.994493822574286,1.2531835603450709e-54,1995643.0,15.543520904494212,1.760840928580124e-54,0.5371497650015484,0.3214804818306971,GCST90200986,cancerType_celltype,KICH_Epi_KICH,tissue,Tumor,Adjacent,group1_higher,1.8209906106080293e-54,2.5918209348322988e-54
2794,1081,-0.12436812927255998,-0.6269895357597696,-0.2182071506977081,-0.8129943013191223,0.9513474525098737,1.0926401329742546,0.5026214064872095,0.5947871506214142,,0.26196704515014096,-2.3338152399236636,13.299207593906868,13.299207593906868,1.625035841164129e-38,1993881.5,15.48712399073508,4.2393595818200804e-54,0.5062811157340681,0.32031404681764886,GCST90200455,cancerType_celltype,KICH_Epi_KICH,tissue,Tumor,Adjacent,group1_higher,2.1929939123828788e-38,6.233276278339557e-54
2794,1081,-0.009382288843214808,0.24868729827023855,-0.03932288289070125,0.2067909240722656,0.4816426774733633,0.44804121395099616,-0.25806958711345335,-0.24611380696296686,,-0.22220317975416828,4.728101138576857,-15.74276838506294,-15.74276838506294,7.202409330416504e-53,1027449.0,-15.454579305616624,7.028632032475784e-54,-0.5461638730066976,-0.31964093799518856,GCST90200053,cancerType_celltype,KICH_Epi_KICH,tissue,Tumor,Adjacent,group2_higher,1.0344450913970173e-52,1.0323303297698809e-53
2794,1081,-0.4828488866550416,-0.1875138944821522,-0.5207796096801758,-0.232342392206192,0.5025547159140761,0.5236810022785304,-0.2953349921728894,-0.28843721747398376,,-0.265235919426462,-1.3645695441098422,-15.921386356993777,-15.921386356993777,1.1635254687589863e-53,1028185.0,-15.431015224704492,1.0128977788487706e-53,-0.5807574868604211,-0.3191535714498559,GCST90200549,cancerType_celltype,KICH_Epi_KICH,tissue,Tumor,Adjacent,group2_higher,1.6817446595106028e-53,1.4860922202054621e-53
2794,1081,0.08651902219291434,-0.333346886104998,0.024912582710385302,-0.4498748183250427,0.7282844385258123,0.7765104892738112,0.41986590829791237,0.47478740103542805,,0.3010403460634205,-1.9459226379531884,15.355693785970415,15.355693785970415,3.438394543897562e-50,1990430.0,15.376619336838033,2.3495432155617584e-53,0.5658206818300181,0.3180285228621924,GCST90200071,cancerType_celltype,KICH_Epi_KICH,tissue,Tumor,Adjacent,group1_higher,4.902229877962737e-50,3.443470325602878e-53
2794,1081,0.02624987402479861,-0.3405055355337553,-0.03696855343878265,-0.3690375983715057,0.6867792573435236,0.5838103676072817,0.3667554095585539,0.33206904493272305,,0.28568937140432743,-3.697245125632211,16.668816716366116,16.668816716366116,5.688425650895237e-59,1990337.0,15.373641810309733,2.460077364395747e-53,0.5559561891784969,0.3179669398612197,GCST90199947,cancerType_celltype,KICH_Epi_KICH,tissue,Tumor,Adjacent,group1_higher,8.409245295195453e-59,3.601595539926319e-53
2794,1081,2.513401286431112,1.6445886953910476,2.4918220043182373,1.5754085779190063,1.753461792027056,1.2550057480190435,0.8688125910400646,0.916413426399231,,0.23155295707833243,0.6119139080113547,17.17994034159257,17.17994034159257,6.830296935439103e-63,1987647.0,15.28751765588903,9.263626826466831e-53,0.5330577484758028,0.31618566811265314,GCST90199920,cancerType_celltype,KICH_Epi_KICH,tissue,Tumor,Adjacent,group1_higher,1.0309739449616278e-62,1.3547557258019625e-52
2794,1081,0.40938648759105245,-0.15279910528491628,0.4067448377609253,-0.1746802628040313,1.1492113253315912,0.8125996926404452,0.5621855928759687,0.5814251005649566,,0.2868349897607997,1.4218214714481772,17.078898593849377,17.078898593849377,3.0168240789252916e-62,1987496.0,15.282683177332329,9.977221918356846e-53,0.5273357832096952,0.3160856785089232,GCST90200330,cancerType_celltype,KICH_Epi_KICH,tissue,Tumor,Adjacent,group1_higher,4.538555429994672e-62,1.4575512834641352e-52
2794,1081,0.09633804828583806,0.4887337683908733,0.060424074530601446,0.4166434407234192,0.7309724978581984,0.6439485752201348,-0.3923957201050352,-0.35621936619281774,,-0.23902109899450935,2.342859163956013,-16.366353268135967,-16.366353268135967,6.407408008080567e-57,1033458.0,-15.262192672191343,1.3661405336483828e-52,-0.5544017751389251,-0.3156618815129818,GCST90200442,cancerType_celltype,KICH_Epi_KICH,tissue,Tumor,Adjacent,group2_higher,9.390642059154637e-57,1.9936290656988713e-52
2794,1081,0.14612129356559084,0.46035185578851257,0.1056416071951389,0.4717799723148346,0.5950288726087366,0.5784048800447973,-0.3142305622229217,-0.36613836511969566,,-0.22718232991185094,1.6555637924507698,-15.045372493218348,-15.045372493218348,1.4517059368394355e-48,1034524.0,-15.228063174565891,2.3037022197248975e-52,-0.532197031928826,-0.3149559946416167,GCST90200114,cancerType_celltype,KICH_Epi_KICH,tissue,Tumor,Adjacent,group2_higher,2.058975225715037e-48,3.3582311502513744e-52
2794,1081,-0.6517133491219864,-0.43859998910802234,-0.7194344699382782,-0.4557826220989227,0.48853823366306437,0.4092083497413743,-0.21311336001396408,-0.2636518478393555,,-0.20933785646570077,-0.5713306943459204,-13.747062743997116,-13.747062743997116,2.1058639105862287e-41,1034677.0,-15.223164663180624,2.48288021993798e-52,-0.4555928729129867,-0.3148546806722745,GCST90200803,cancerType_celltype,KICH_Epi_KICH,tissue,Tumor,Adjacent,group2_higher,2.8760445993276855e-41,3.615561687794302e-52
2794,1081,0.004389959061488885,0.2621281552673417,0.0011851525050587501,0.2635523378849029,0.5038044140487916,0.4216815373640183,-0.2577381962058528,-0.26236718537984416,,-0.21689907015230286,5.899597932101814,-16.12957595718801,-16.12957595718801,1.4513613990916039e-55,1034730.0,-15.221467793223637,2.5481308027397304e-52,-0.5343804658147284,-0.3148195849835481,GCST90200409,cancerType_celltype,KICH_Epi_KICH,tissue,Tumor,Adjacent,group2_higher,2.115727900493964e-55,3.706619300036555e-52
2794,1081,-0.297389662191843,-0.5669604457628798,-0.3540692776441574,-0.5820521712303162,0.5343829030214009,0.31445142973693996,0.26957078357103686,0.22798289358615875,,0.283412935312806,-0.9308912843229996,19.370179764246714,19.370179764246714,3.2605013055588234e-79,1984644.0,15.191372363797814,4.03483618521525e-52,0.5578567439383563,0.3141971331457589,GCST90200910,cancerType_celltype,KICH_Epi_KICH,tissue,Tumor,Adjacent,group1_higher,5.167515441251949e-79,5.862986908793588e-52
2794,1081,-0.23598231279998746,-0.4273653632311722,-0.27276118099689484,-0.4322340786457062,0.37025141532815087,0.2734921691028023,0.19138305043118473,0.15947289764881134,,0.22485256305144444,-0.8567885169026341,17.59902573586828,17.59902573586828,1.2106853168922454e-65,1982740.0,15.130413111003383,1.0207757826212787e-51,0.5531282693795192,0.3129363370828331,GCST90200738,cancerType_celltype,KICH_Epi_KICH,tissue,Tumor,Adjacent,group1_higher,1.8396478115096213e-65,1.4817011626334427e-51
2794,1081,-0.02868319151654272,0.26492859631492705,-0.07123603671789165,0.2547060549259186,0.5571283962127549,0.5366046638073629,-0.29361178783146974,-0.3259420916438102,,-0.23017052565660856,3.2072812614469717,-15.112538159182396,-15.112538159182396,5.5482914517272765e-49,1038528.5,-15.099853443570462,1.6233311875965588e-51,-0.5324049445270258,-0.3123042835943548,GCST90199779,cancerType_celltype,KICH_Epi_KICH,tissue,Tumor,Adjacent,group2_higher,7.877417967400289e-49,2.3538302220150102e-51
2794,1081,-0.2808550826606969,0.042639553954736065,-0.2926798611879349,-0.0165978111326694,0.5543274492133662,0.5486464144107891,-0.323494636615433,-0.2760820500552655,,-0.19972726303818045,-2.719532962760847,-16.413733539445072,-16.413733539445072,7.241363586042113e-57,1039132.0,-15.080531537550797,2.1756353418592094e-51,-0.5852467447522307,-0.3119046562708381,GCST90199724,cancerType_celltype,KICH_Epi_KICH,tissue,Tumor,Adjacent,group2_higher,1.0601480738749086e-56,3.1513187789097796e-51
2794,1081,-0.41157792658069947,-0.7265935163955877,-0.4332890808582306,-0.7586687803268433,0.6112033106842771,0.47348261795147767,0.3150155898148882,0.32537969946861267,,0.2799230499152692,-0.8199813616739118,17.05676004971338,17.05676004971338,8.112470232425032e-62,1978671.5,15.000154329493855,7.32664770703725e-51,0.5467889335571567,0.3102422463359771,GCST90200191,cancerType_celltype,KICH_Epi_KICH,tissue,Tumor,Adjacent,group1_higher,1.2164243043779228e-61,1.0601083678016743e-50
2794,1081,-0.5421737385674358,-0.2522810999138129,-0.6207614839076996,-0.3318703472614288,0.632872205193158,0.5385529494470618,-0.28989263865362286,-0.2888911366462708,,-0.22190217766036188,-1.1037200486635321,-14.287897901270659,-14.287897901270659,1.9958906183429627e-44,1042279.0,-14.97977588180286,9.957615388327867e-51,-0.4767627554296753,-0.30982076697985705,GCST90200502,cancerType_celltype,KICH_Epi_KICH,tissue,Tumor,Adjacent,group2_higher,2.7901527310784186e-44,1.4392608456299981e-50
2794,1081,0.07598432963159218,-0.10427346996507271,0.0571859814226627,-0.1150724291801452,0.3835880426388158,0.27441926621351065,0.18025779959666488,0.1722584106028079,,0.14059471871597592,-0.45659316723373866,16.29801461676983,16.29801461676983,4.648383633459913e-57,1975960.0,14.913341822166073,2.6996386102997807e-50,0.505599340524698,0.3084467376570781,GCST90199955,cancerType_celltype,KICH_Epi_KICH,tissue,Tumor,Adjacent,group1_higher,6.819964362116104e-57,3.8978892222866536e-50
2794,1081,-0.4498050470964626,-1.0686745162774136,-0.5517578125,-1.200600028038025,1.2870048872801705,1.1031627595275149,0.6188694691809511,0.6488422155380249,,0.24449387061512778,-1.2484489100124283,14.928279056335242,14.928279056335242,3.818095364231022e-48,1975796.0,14.908091130223696,2.920510572427477e-50,0.499698076511597,0.3083381396768681,GCST90200327,cancerType_celltype,KICH_Epi_KICH,tissue,Tumor,Adjacent,group1_higher,5.4096299183439534e-48,4.212334296527673e-50
2794,1081,-0.5505231832251677,-0.07880472954035031,-0.626298189163208,-0.107797160744667,1.0944464433178465,0.8432566427031435,-0.47171845368481735,-0.518501028418541,,-0.1940775365829042,-2.804433510164967,-14.310875498297948,-14.310875498297948,9.928836106301756e-45,1044853.5,-14.897349623231818,3.4299660823335557e-50,-0.45772324912245754,-0.30811597734540186,GCST90200378,cancerType_celltype,KICH_Epi_KICH,tissue,Tumor,Adjacent,group2_higher,1.3908534031746447e-44,4.941906733848452e-50
2794,1081,0.14376311886994605,-0.11121764990759998,0.12932226806879038,-0.1542386412620544,0.47803818510162444,0.46587676450935556,0.25498076877754605,0.28356090933084477,,0.24135851419565124,0.3703049186789303,15.168619029991746,15.168619029991746,2.743227209559075e-49,1975277.0,14.891474611210928,3.7450917134978815e-50,0.5371654676163474,0.3079944668004717,GCST90199854,cancerType_celltype,KICH_Epi_KICH,tissue,Tumor,Adjacent,group1_higher,3.898872457381668e-49,5.390242878033382e-50
2794,1081,-0.067414271004603,-0.44234197910492346,-0.0909071862697601,-0.4641956388950348,0.70270419567194,0.6397579678351304,0.37492770810032044,0.37328845262527466,,0.2752430456607839,-2.7140180898532837,15.909703030349286,15.909703030349286,5.886435350612106e-54,1973307.0,14.828402275073833,9.60134308831576e-50,0.5467549471352355,0.3066899666723393,GCST90200047,cancerType_celltype,KICH_Epi_KICH,tissue,Tumor,Adjacent,group1_higher,8.517209535970595e-54,1.3804462689213483e-49
2794,1081,-0.09098801628625489,-0.3269789259649566,-0.13453056663274765,-0.3420033454895019,0.4607563684692777,0.3728834315546613,0.2359909096787017,0.20747277885675425,,0.28813731467829057,-1.8454377617351514,16.498161059310842,16.498161059310842,5.12112183732848e-58,1967742.0,14.65023092959011,1.3429025317774985e-48,0.5387566701282998,0.3030049193560669,GCST90199723,cancerType_celltype,KICH_Epi_KICH,tissue,Tumor,Adjacent,group1_higher,7.529761665888586e-58,1.928741992426481e-48
2794,1081,-0.18693841557542953,-0.6100460683130381,-0.26916977763175964,-0.6307688355445862,0.8495054321383482,0.635598500105704,0.42310765273760853,0.36159905791282654,,0.25902035215009633,-1.706349769644381,16.830271119432986,16.830271119432986,2.0203901555571271e-60,1967024.0,14.627243144135068,1.8830656887967263e-48,0.5317693741357578,0.30252947210124503,GCST90200102,cancerType_celltype,KICH_Epi_KICH,tissue,Tumor,Adjacent,group1_higher,3.0063229061401355e-60,2.7017037198209874e-48
2794,1081,-0.46782866439736315,-0.18500616589655766,-0.5187550783157349,-0.1875987201929092,0.546361688299229,0.5680836462173291,-0.2828224985008055,-0.3311563581228256,,-0.23620941363436598,-1.3384021919411755,-14.047017159856326,-14.047017159856326,1.0257104873291925e-42,1054212.0,-14.597724010166337,2.9044677724271884e-48,-0.5118914691415698,-0.30191893955396687,GCST90200318,cancerType_celltype,KICH_Epi_KICH,tissue,Tumor,Adjacent,group2_higher,1.4135929163090892e-42,4.162765061848852e-48
2794,1081,-0.4566295967407661,0.024442223899588108,-0.5501134693622589,-0.0215434003621339,1.1014552071501473,0.8175783936071628,-0.4810718206403542,-0.528570069000125,,-0.15639335159914494,-4.2235210464845006,-14.828093493867371,-14.828093493867371,7.832841888115244e-48,1057288.0,-14.499241519832477,1.225245333807286e-47,-0.4669735933628884,-0.29988206524222316,GCST90200103,cancerType_celltype,KICH_Epi_KICH,tissue,Tumor,Adjacent,group2_higher,1.1074858395748006e-47,1.754211544095936e-47
2794,1081,-0.46596127207587296,-0.031220503741893384,-0.5317409634590149,-0.0438480339944362,1.0065141035698744,0.8052797182126172,-0.43474076833397957,-0.4878929294645787,,-0.20418371769257276,-3.8996012182386752,-14.013162687002996,-14.013162687002996,5.762819680415757e-43,1057417.0,-14.495111402389997,1.301214832192505e-47,-0.4553815086099377,-0.29979664366022873,GCST90200147,cancerType_celltype,KICH_Epi_KICH,tissue,Tumor,Adjacent,group2_higher,7.950124721059389e-43,1.8610239415303085e-47
2794,1081,-0.06955800847707545,0.25942665663095293,-0.0710847154259681,0.2175135761499405,0.6727772274767693,0.5473302279762637,-0.3289846651080284,-0.2885982915759086,,-0.1712733869011853,1.8990230150841865,-15.69936766276328,-15.69936766276328,6.073094397483886e-53,1057507.0,-14.492229925104546,1.3569756156177315e-47,-0.5138201902559559,-0.29973704720767447,GCST90200272,cancerType_celltype,KICH_Epi_KICH,tissue,Tumor,Adjacent,group2_higher,8.731674750812802e-53,1.938739794640428e-47
2794,1081,-0.38932461616328046,0.11233665305152096,-0.4711593687534332,0.0257795136421918,0.9857285459756586,0.9339306945405411,-0.5016612692148015,-0.496938882395625,,-0.21227533202687304,-1.7931357040385798,-14.763449420924593,-14.763449420924593,5.751957141772318e-47,1058618.0,-14.456659688836368,2.276301097851395e-47,-0.5163449664763254,-0.29900136211003225,GCST90200367,cancerType_celltype,KICH_Epi_KICH,tissue,Tumor,Adjacent,group2_higher,8.107463892694591e-47,3.2487941323261274e-47
2794,1081,-0.013195407491766231,0.27355467682829604,-0.0440464224666357,0.2628952860832214,0.5601981125160448,0.5406746576567464,-0.28675008432006227,-0.3069417085498571,,-0.18600355692250828,4.373617357058222,-14.657132062718773,-14.657132062718773,2.5978985830570925e-46,1060822.0,-14.3860955117571,6.328292121961786e-47,-0.5168316391548653,-0.29754191120525875,GCST90200415,cancerType_celltype,KICH_Epi_KICH,tissue,Tumor,Adjacent,group2_higher,3.654216479573599e-46,9.022449960495726e-47
2794,1081,-0.17126250481410968,-0.03686322875243077,-0.19353480637073517,-0.044521864503622,0.336712997267409,0.2381108681353152,-0.1343992760616789,-0.14901294186711317,,-0.1628527655514733,-2.215924275504683,-13.934554479143399,-13.934554479143399,1.0569460790823414e-42,1062883.0,-14.32010968192027,1.639021434939655e-46,-0.430266542924714,-0.296177152441766,GCST90199797,cancerType_celltype,KICH_Epi_KICH,tissue,Tumor,Adjacent,group2_higher,1.4551691977669003e-42,2.334363861883751e-46
2794,1081,-0.5824817534878702,-0.30963572883567453,-0.6139329075813293,-0.3509532213211059,0.5476084153490663,0.5384546296315073,-0.2728460246521957,-0.26297968626022344,,-0.19631317246940466,-0.9116387213398885,-14.079636443283638,-14.079636443283638,5.409594663055916e-43,1065441.0,-14.238211694184896,5.307989707221936e-46,-0.500569414596236,-0.2944832888236124,GCST90200150,cancerType_celltype,KICH_Epi_KICH,tissue,Tumor,Adjacent,group2_higher,7.47039262993436e-43,7.551972829794883e-46
2794,1081,-0.29305906529766995,0.07529366441368479,-0.4204290956258774,0.0344483517110347,0.924736269891573,0.7022603323400977,-0.36835272971135474,-0.4548774473369121,,-0.20532598388899734,-1.9605768479791281,-13.34157755243713,-13.34157755243713,2.6165565675735727e-39,1066128.0,-14.21621641757262,7.269412120936077e-46,-0.4241507923616134,-0.29402836923578146,GCST90200762,cancerType_celltype,KICH_Epi_KICH,tissue,Tumor,Adjacent,group2_higher,3.54862348418187e-39,1.033181305613751e-45
2794,1081,0.19535151404665016,0.4640185373562158,0.17948017269372935,0.4529843032360077,0.5832000319465432,0.432460072524948,-0.2686670233095656,-0.27350413054227835,,-0.18221598822128143,1.2481057286360262,-15.649265888076911,-15.649265888076911,7.537834883894058e-53,1066440.0,-14.20622729631639,8.384032407716485e-46,-0.4926315762009028,-0.29382176820025996,GCST90199733,cancerType_celltype,KICH_Epi_KICH,tissue,Tumor,Adjacent,group2_higher,1.0814809417629055e-52,1.1903579345539134e-45
2794,1081,0.09193853792116972,-0.3827726419702897,0.11924436315894124,-0.4139208197593689,1.0144619049799155,0.7695632013435113,0.47471117989145944,0.5331651829183102,,0.22467827775435467,-2.0577341679254793,15.683286770908678,15.683286770908678,5.2070942496183705e-53,1953585.0,14.196974552588664,9.567556478173219e-46,0.4983723416373967,0.2936303973692802,GCST90200280,cancerType_celltype,KICH_Epi_KICH,tissue,Tumor,Adjacent,group1_higher,7.494476728859387e-53,1.3569801747918936e-45
2794,1081,0.04563000618639977,-0.6770794168979296,-0.027468085289001402,-0.7098718285560608,1.4734622614554196,1.1065933480808576,0.7227094230843294,0.6824037432670594,,0.2215529102981832,-3.8912408215969956,16.537291532816,16.537291532816,1.740901075996801e-58,1953470.0,14.193292664946142,1.008349101711035e-45,0.5233255472238784,0.2935542463465719,GCST90200829,cancerType_celltype,KICH_Epi_KICH,tissue,Tumor,Adjacent,group1_higher,2.5652412611715025e-58,1.4286692574138677e-45
2794,1081,-0.191806812937694,-0.03265368095174,-0.25985918939113617,-0.0416591987013816,0.4873957010761584,0.33472717515877387,-0.159153131985954,-0.21819999068975457,,-0.163764596750439,-2.554299769309188,-11.586806959053229,-11.586806959053229,2.2910963844649737e-30,1067050.0,-14.186697283603888,1.1077855789018194e-45,-0.3536255927491943,-0.2934178366885033,GCST90199933,cancerType_celltype,KICH_Epi_KICH,tissue,Tumor,Adjacent,group2_higher,2.946004124552603e-30,1.5679249678537695e-45
2794,1081,-0.9268261939726555,-0.6805396856879902,-1.035929799079895,-0.7040295600891113,0.7364119750763177,0.5002259801761872,-0.24628650828466536,-0.3319002389907837,,-0.18209363859967576,-0.44561895993484624,-11.938621159147276,-11.938621159147276,4.229421645896545e-32,1067139.0,-14.18384782273272,1.1537093904729657e-45,-0.36279225003186705,-0.2933589024187552,GCST90200474,cancerType_celltype,KICH_Epi_KICH,tissue,Tumor,Adjacent,group2_higher,5.484968319083721e-32,1.6312301859073154e-45
2794,1081,-0.3713723455281589,-0.23857966602707664,-0.4167439788579941,-0.2454549074172973,0.3683786929406854,0.2608092103909664,-0.13279267950108226,-0.17128907144069677,,-0.1396937682618655,-0.6383931374368503,-12.576172985321737,-12.576172985321737,2.612813693029743e-35,1067714.0,-14.165438384520115,1.4996254433252382e-45,-0.388505872788863,-0.292978147305214,GCST90200779,cancerType_celltype,KICH_Epi_KICH,tissue,Tumor,Adjacent,group2_higher,3.454185318719243e-35,2.1181238126966836e-45
2794,1081,-0.06316977985839592,-0.30672905054965394,-0.0922782011330127,-0.3360530734062195,0.5017693989030602,0.401607886448676,0.24355927069125802,0.24377487227320677,,0.2734520534627139,-2.2796402274775076,15.744158566109578,15.744158566109578,2.91625920701662e-53,1949951.0,14.080626903085006,4.997589968371895e-45,0.5117188434857614,0.2912240250517,GCST90199823,cancerType_celltype,KICH_Epi_KICH,tissue,Tumor,Adjacent,group1_higher,4.2062024329774105e-53,7.051464934669661e-45
2794,1081,-0.15362447985723274,-0.6564173094742253,-0.2368361875414848,-0.6885938048362732,1.0528536084795237,0.723329256806275,0.5027928296169926,0.45175761729478836,,0.23505194064219342,-2.095197963563441,16.941978641458643,16.941978641458643,2.079802697446757e-61,1947902.0,14.015025270219573,1.2618181986890985e-44,0.5171383941511226,0.2898672124818811,GCST90200748,cancerType_celltype,KICH_Epi_KICH,tissue,Tumor,Adjacent,group1_higher,3.1151330512306926e-61,1.7785503669216558e-44
2794,1081,0.6570948055158179,0.20042539895823394,0.6896302998065948,0.1449381560087204,1.008464529368496,0.7351175537952371,0.4566694065575839,0.5446921437978745,,0.2498007643131924,1.713031188749576,15.537107866857513,15.537107866857513,3.455172332640263e-52,1947355.0,13.997512291606887,1.6145928754436637e-44,0.4856815955059073,0.28950499848691225,GCST90200530,cancerType_celltype,KICH_Epi_KICH,tissue,Tumor,Adjacent,group1_higher,4.946848623307435e-52,2.2734401748240844e-44
2794,1081,0.3968934200654812,0.008831111993920662,0.3891719728708267,-0.1154654994606971,0.7294651039463392,0.84616598389316,0.3880623080715605,0.5046374723315238,,0.22791329014295747,5.489853003367639,13.288577696410348,13.288577696410348,1.9063093572866943e-38,1946046.0,13.955602805310715,2.9089760018452756e-44,0.5080663009753627,0.2886382011936508,GCST90200978,cancerType_celltype,KICH_Epi_KICH,tissue,Tumor,Adjacent,group1_higher,2.5674897766618226e-38,4.091779453575966e-44
2794,1081,-0.49530932009333767,-0.7818734377652381,-0.5323276817798615,-0.8002553582191467,0.6020067634807181,0.46093571384218907,0.28656411767190043,0.2679276764392853,,0.22157817090561496,-0.6586042611387094,15.865170714754841,15.865170714754841,3.967132120121699e-54,1944807.0,13.91593446801434,5.070437956398703e-44,0.5061059595488513,0.2878177566968203,GCST90200381,cancerType_celltype,KICH_Epi_KICH,tissue,Tumor,Adjacent,group1_higher,5.746228565064692e-54,7.124749417083951e-44
2794,1081,-0.6091818029948621,-0.271477157116367,-0.6620433330535889,-0.3161643147468567,0.7042330290665032,0.6806967215103887,-0.33770464587849514,-0.3458790183067322,,-0.20262327175286812,-1.1660390908740146,-13.716815705188523,-13.716815705188523,5.163738783305649e-41,1076443.0,-13.88596710424565,7.707050737890021e-44,-0.48399111820275403,-0.2871979535902558,GCST90200603,cancerType_celltype,KICH_Epi_KICH,tissue,Tumor,Adjacent,group2_higher,7.0381759616456e-41,1.0818445062558288e-43
2794,1081,0.9099258570028477,0.5061504002997859,0.9343180060386658,0.3640783429145813,0.9363603055372003,0.8450998005552566,0.4037754567030618,0.5702396631240845,,0.1965806739310226,0.8461815920178016,12.934590134604107,12.934590134604107,6.48493264360468e-37,1943122.0,13.86198680994784,1.0767670650260719e-43,0.44281838855362055,0.28670197866844305,GCST90200913,cancerType_celltype,KICH_Epi_KICH,tissue,Tumor,Adjacent,group1_higher,8.648691969895478e-37,1.5099110181384114e-43
2794,1081,-0.30123840721644335,-0.040341174672917736,-0.36647687852382654,-0.0855682641267776,0.639326870822858,0.5107354142217162,-0.2608972325435256,-0.28090861439704895,,-0.2020639611113346,-2.900549750664215,-13.25194092019088,-13.25194092019088,9.293154277107588e-39,1077515.0,-13.8516455081345,1.243586029834168e-43,-0.4303689999275391,-0.28648809362205385,GCST90199753,cancerType_celltype,KICH_Epi_KICH,tissue,Tumor,Adjacent,group2_higher,1.2566040952080997e-38,1.7420429174347081e-43
2794,1081,-0.05304171374899238,-0.3058257464769998,-0.09167210385203355,-0.344795823097229,0.5494685957291614,0.3441977503109347,0.2527840327280074,0.25312371924519544,,0.2906180931142515,-2.5274880919851235,17.13431721600558,17.13431721600558,6.017843855393108e-63,1942298.0,13.835605284578822,1.5545725813603237e-43,0.5047995216302777,0.2861563400361684,GCST90200133,cancerType_celltype,KICH_Epi_KICH,tissue,Tumor,Adjacent,group1_higher,9.093482455544132e-63,2.1754439716572086e-43
2794,1081,-0.5848159285817387,-0.17524417497262454,-0.648664116859436,-0.2015246301889419,0.9628945012558647,0.7507913358871825,-0.40957175360911413,-0.44713948667049414,,-0.18690493111123807,-1.7386103502632608,-14.021070870670759,-14.021070870670759,4.735862179593597e-43,1078459.0,-13.821422013051546,1.893352705563388e-43,-0.4507028374359866,-0.2858629930530402,GCST90200959,cancerType_celltype,KICH_Epi_KICH,tissue,Tumor,Adjacent,group2_higher,6.546633012967619e-43,2.6468099873670746e-43
2794,1081,-0.2413557846890254,-0.43543464049893355,-0.2580339014530182,-0.4568793475627899,0.4140153547046332,0.3280955220822585,0.19407885580990814,0.19884544610977173,,0.19046075844029414,-0.8512921148465277,15.298906587119129,15.298906587119129,1.5324456196599746e-50,1940948.0,13.792383125297055,2.8330886568923746e-43,0.49515642032643764,0.2852623932478544,GCST90199975,cancerType_celltype,KICH_Epi_KICH,tissue,Tumor,Adjacent,group1_higher,2.1871449001010946e-50,3.956454753426544e-43
2794,1081,-0.06445664647767896,-0.24586867091688458,-0.1071431338787078,-0.25189208984375,0.37998160869685227,0.2898904419438358,0.18141202443920562,0.1447489559650422,,0.22455743024515815,-1.9314703654716812,15.946700825162479,15.946700825162479,1.1891117336564755e-54,1940567.0,13.780184871455313,3.3548653925511697e-43,0.50794110084903,0.2850101015987079,GCST90199804,cancerType_celltype,KICH_Epi_KICH,tissue,Tumor,Adjacent,group1_higher,1.7297324364714794e-54,4.680329099331877e-43
2794,1081,0.06960074143000929,-0.20813572069452443,0.034269705414772,-0.2011534571647644,0.5160151712782356,0.5195049484341825,0.27773646212453373,0.2354231625795364,,0.2600649099629944,-1.580336208451473,14.953609787171912,14.953609787171912,5.997879174529125e-48,1940296.0,13.771508423184677,3.783162469589473e-43,0.5372175449349893,0.28483065005823893,GCST90200668,cancerType_celltype,KICH_Epi_KICH,tissue,Tumor,Adjacent,group1_higher,8.489210088144545e-48,5.272444218865492e-43
2794,1081,-0.5603746818532525,-0.7356840389010485,-0.5961059331893921,-0.753051221370697,0.3772573952671243,0.2850220507359688,0.17530935704779604,0.15694528818130493,,0.24518289298565227,-0.39269390288399064,15.612271307318741,15.612271307318741,1.4118702614781204e-52,1940175.0,13.76763443705646,3.991558717480142e-43,0.49527711482033304,0.28475052593869377,GCST90200106,cancerType_celltype,KICH_Epi_KICH,tissue,Tumor,Adjacent,group1_higher,2.0235322464717962e-52,5.5571956403732724e-43
2794,1081,0.5711854452627738,1.0291711926472327,0.5381948947906494,0.9863772392272948,1.0472086730571672,0.6408566854756991,-0.45798574738445885,-0.4481823444366454,,-0.20430995098688845,0.849450733811458,-16.478744716817673,-16.478744716817673,1.35625066936506e-58,1080232.0,-13.76465691052816,4.1594584929477e-43,-0.48132641470357296,-0.28468894293772107,GCST90199834,cancerType_celltype,KICH_Epi_KICH,tissue,Tumor,Adjacent,group2_higher,2.0027840328760314e-58,5.785042781518077e-43
2794,1081,-0.9618556345468814,-1.2403897847954415,-1.0028666853904724,-1.3369488716125488,0.569327398686805,0.7618868983660033,0.2785341502485601,0.3340821862220764,,0.21492401548117815,-0.3669009325709014,10.899990662271263,10.899990662271263,1.0180564413056929e-26,1937365.0,13.677668312921822,1.3807919958331847e-42,0.44283544736967545,0.2828897922533882,GCST90199660,cancerType_celltype,KICH_Epi_KICH,tissue,Tumor,Adjacent,group1_higher,1.293206830847772e-26,1.9184704284613973e-42
2794,1081,0.08118675443376817,0.45276842712177867,0.01652395538985725,0.4173897802829742,0.7804943735468752,0.7831927529419158,-0.3715816726880105,-0.40086582489311695,,-0.22393436751041987,2.479442497745654,-13.258455042146943,-13.258455042146943,1.744649772914268e-38,1086382.0,-13.567755962689006,6.221079594311722e-42,-0.4756259026469113,-0.2806165186798458,GCST90200421,cancerType_celltype,KICH_Epi_KICH,tissue,Tumor,Adjacent,group2_higher,2.3520847086865947e-38,8.634757115119018e-42
2794,1081,-0.2720408595660574,0.057973336065380854,-0.32200951874256134,0.0261515453457832,0.7634219930161967,0.6234254545678767,-0.33001419563143825,-0.3481610640883445,,-0.1917704672025946,-2.2303423605917456,-13.845487213419608,-13.845487213419608,5.4470235273313856e-42,1086818.0,-13.55379680606171,7.525209976407158e-42,-0.45387807410658715,-0.2803278069763607,GCST90200365,cancerType_celltype,KICH_Epi_KICH,tissue,Tumor,Adjacent,group2_higher,7.469107714036899e-42,1.0434243334529965e-41
2794,1081,-0.6727755849648239,-0.43497134623794914,-0.8318535387516022,-0.4784173667430877,0.8487832804996138,0.572048992459556,-0.23780423872687478,-0.35343617200851446,,-0.1589057149090723,-0.629203812282302,-10.043954588369882,-10.043954588369882,2.3475402637876148e-23,1088498.0,-13.500009230066624,1.5639053215218014e-41,-0.3042802145615882,-0.2792153398620143,GCST90200221,cancerType_celltype,KICH_Epi_KICH,tissue,Tumor,Adjacent,group2_higher,2.9035366420531025e-23,2.1662631638559098e-41
2794,1081,0.313612656108156,0.6559274573691937,0.22033814340829844,0.6115158200263977,0.9000207056346285,0.7016356476796164,-0.3423148012610377,-0.39117767661809927,,-0.18252916788368762,1.0645500854823182,-12.538708648227187,-12.538708648227187,5.065207702552425e-35,1089110.0,-13.480415184525558,2.040001528847079e-41,-0.40302099410079245,-0.27881008398464535,GCST90200917,cancerType_celltype,KICH_Epi_KICH,tissue,Tumor,Adjacent,group2_higher,6.676864698819106e-35,2.8228650597142827e-41
2794,1081,0.5476554430633984,0.03168110554180303,0.4876254200935364,-0.026320282369852,1.1275152495782654,0.9148832260644445,0.5159743375215954,0.5139457024633883,,0.22150989117964817,4.111531019689448,14.716312366522923,14.716312366522923,5.300484575921736e-47,1927995.0,13.377674511092087,8.168016596426423e-41,0.4811087488813686,0.27668513935968253,GCST90200464,cancerType_celltype,KICH_Epi_KICH,tissue,Tumor,Adjacent,group1_higher,7.478841073479633e-47,1.1291081765648291e-40
2794,1081,0.4241785151417449,0.7900030471111363,0.403202623128891,0.725796639919281,0.7369582566758229,0.7119336579481496,-0.3658245319693914,-0.32259401679039,,-0.19955715829239487,0.8971850934643876,-14.204721769344696,-14.204721769344696,9.995472288454507e-44,1092789.0,-13.362626796379176,9.99944211823396e-41,-0.5010839803916144,-0.276373913440788,GCST90200643,cancerType_celltype,KICH_Epi_KICH,tissue,Tumor,Adjacent,group2_higher,1.390186605016683e-43,1.3808753401370707e-40
2794,1081,-0.2916971445958582,-0.1436402974158918,-0.3107718378305435,-0.1724192947149276,0.27909303487426795,0.31298256998720597,-0.14805684717996642,-0.13835254311561593,,-0.17203727878085684,-1.0220056206414587,-13.601143570899731,-13.601143570899731,3.704561318257007e-40,1093758.0,-13.331602890939154,1.5163745712998582e-40,-0.512408158595532,-0.2757322583016203,GCST90200921,cancerType_celltype,KICH_Epi_KICH,tissue,Tumor,Adjacent,group2_higher,5.0342144334838495e-40,2.09192159988027e-40
2794,1081,0.593563587302419,0.8989067576785988,0.5802407562732697,0.8845904469490051,0.6735436095307451,0.6051784970216839,-0.30534317037617986,-0.3043496906757355,,-0.17092827080661996,0.5987680579376322,-13.639439239836035,-13.639439239836035,1.0570026194205941e-40,1093974.0,-13.324687345454072,1.6636380691866326e-40,-0.4660323375732098,-0.27558922681549003,GCST90200328,cancerType_celltype,KICH_Epi_KICH,tissue,Tumor,Adjacent,group2_higher,1.4392553149553146e-40,2.2927590377162594e-40
2794,1081,-0.21247261563932773,-0.47225401507727754,-0.270480215549469,-0.4872669279575348,0.5666203123247597,0.3898421582859143,0.2597813994379498,0.2167867124080658,,0.24212001474782727,-1.1522824146244035,16.252242029692713,16.252242029692713,7.403764619475121e-57,1925555.0,13.299554460242081,2.3290155304631577e-40,0.4963687917450731,0.27506941331265566,GCST90200764,cancerType_celltype,KICH_Epi_KICH,tissue,Tumor,Adjacent,group1_higher,1.0827608558309646e-56,3.2065133010315997e-40
2794,1081,-0.13150698657063561,0.12822528928823704,-0.184513621032238,0.1291367262601852,0.5149654378640487,0.6227532643932436,-0.25973227585887265,-0.3136503472924232,,-0.21333152980207565,-0.03645834066017697,-12.194194381718575,-12.194194381718575,7.772167340431813e-33,1097138.0,-13.223387410663326,6.431524013845343e-40,-0.47469022973425246,-0.27349408041680434,GCST90200632,cancerType_celltype,KICH_Epi_KICH,tissue,Tumor,Adjacent,group2_higher,1.0146996250008201e-32,8.845779244067814e-40
2794,1081,0.35748857714095117,0.7477636634782805,0.3874536007642746,0.7227051854133606,0.7855087233485187,0.719103578332845,-0.3902750863373293,-0.335251584649086,,-0.1860626991100693,1.064683116791776,-14.759432165878367,-14.759432165878367,5.157871152964423e-47,1098447.0,-13.181477924367154,1.121954087467731e-39,-0.5084558544120489,-0.2726272831235428,GCST90199639,cancerType_celltype,KICH_Epi_KICH,tissue,Tumor,Adjacent,group2_higher,7.285158944549749e-47,1.541555868163828e-39
2794,1081,0.13995132342377556,-0.28141089755939513,0.0542848091572523,-0.2585976719856262,0.925922110114104,0.5969076522551217,0.42136222098317067,0.31288248114287853,,0.2329444195700201,-1.0077478861984046,16.702210783868722,16.702210783868722,5.759359232306591e-60,1920976.0,13.15295129924119,1.636941931981781e-39,0.497403992766637,0.2720372782432554,GCST90200648,cancerType_celltype,KICH_Epi_KICH,tissue,Tumor,Adjacent,group1_higher,8.560530680080572e-60,2.2468800133848616e-39
2794,1081,-0.0114335444428856,0.5958038871890541,-0.00547331362031395,0.6013327240943909,1.3516986428499773,1.1439935528742455,-0.6072374316319397,-0.6068060377147049,,-0.1902174025482048,5.703369163159838,-14.06263584305858,-14.06263584305858,3.7342238251010325e-43,1100327.0,-13.12128706551551,2.4872788134351464e-39,-0.46814002975575203,-0.27138237944796473,GCST90199734,cancerType_celltype,KICH_Epi_KICH,tissue,Tumor,Adjacent,group2_higher,5.172507188630801e-43,3.4106247713401456e-39
2794,1081,0.09192662837673156,-0.06594712437064226,0.07685461640357966,-0.0735704228281974,0.36251941472251054,0.27378096004860347,0.1578737527473738,0.15042503923177705,,0.1876208808444412,0.4791668928741688,14.634502527380544,14.634502527380544,1.1845903225433544e-46,1919212.0,13.09647434444635,3.449837977303497e-39,0.46418391371437256,0.2708691877731917,GCST90200010,cancerType_celltype,KICH_Epi_KICH,tissue,Tumor,Adjacent,group1_higher,1.6679717041597025e-46,4.725757952828811e-39
2794,1081,0.11360620149974712,-0.11452631341339978,0.06976969540119166,-0.1750900596380233,0.5330533572943317,0.49398174989561355,0.2281325149131469,0.24485975503921495,,0.2589759558924818,-0.011637415698866154,12.607428933831633,12.607428933831633,3.4618273287037524e-35,1918879.0,13.08581287849018,3.969749731258496e-39,0.43665738620938327,0.27064868089874095,GCST90199894,cancerType_celltype,KICH_Epi_KICH,tissue,Tumor,Adjacent,group1_higher,4.572161481611642e-35,5.432498879222219e-39
2794,1081,1.2591173725653393,1.657264608295357,1.1888940930366516,1.6121200323104858,0.9912291392696196,0.6819654806738082,-0.39814723573001776,-0.42322593927383423,,-0.1576868236789876,0.3963909199200537,-14.238741225663041,-14.238741225663041,1.7361175887322085e-44,1102553.0,-13.050018527322022,6.354530171555187e-39,-0.43487004038546645,-0.2699083605214557,GCST90200598,cancerType_celltype,KICH_Epi_KICH,tissue,Tumor,Adjacent,group2_higher,2.4294951472710476e-44,8.687286483279558e-39
2794,1081,-0.13211404664263446,-0.45696065621122084,-0.1908609941601753,-0.4978042542934418,0.7050053631778889,0.6259778090847503,0.32484660956858635,0.30694326013326645,,0.2041388917479293,-1.7902783282559398,13.974261284513785,13.974261284513785,1.4100091932984759e-42,1915335.0,12.972346706271976,1.7560816618705227e-38,0.4750003653357186,0.268301905033715,GCST90200843,cancerType_celltype,KICH_Epi_KICH,tissue,Tumor,Adjacent,group1_higher,1.9392961962319098e-42,2.39833597708369e-38
2794,1081,0.532290748428852,0.7973088856319536,0.5590209066867828,0.7790595889091492,0.5413259273206958,0.5042651900449256,-0.2650181372031015,-0.22003868222236633,,-0.13404548864873658,0.5829233549840143,-14.37031414938404,-14.37031414938404,9.85966692168406e-45,1106791.0,-12.914332963591562,3.737458449795701e-38,-0.4988563313634487,-0.2671020297889557,GCST90199758,cancerType_celltype,KICH_Epi_KICH,tissue,Tumor,Adjacent,group2_higher,1.3825849808904707e-44,5.099255122193735e-38
2794,1081,-0.5563591982181079,0.05863786383469957,-0.6718881726264954,-0.0810818001627922,1.103147663969523,1.3836522078910467,-0.6149970620528075,-0.5908063724637032,,-0.2707688875266941,-3.2460901580356523,-13.09218120375197,-13.09218120375197,2.540862400093073e-37,1106892.0,-12.911099305749,3.897785544088738e-38,-0.5176545778877739,-0.26703514932553374,GCST90200347,cancerType_celltype,KICH_Epi_KICH,tissue,Tumor,Adjacent,group2_higher,3.3919642030625454e-37,5.31268169659295e-38
2794,1081,0.01970942042591108,0.2033920023476388,-0.0002452015687595,0.2127092480659485,0.4573233707332249,0.35379867873027987,-0.1836825819217277,-0.212954449634708,,-0.18964842303271676,3.367239590020418,-13.30303064875851,-13.30303064875851,4.474313594791108e-39,1107902.0,-12.878762727323382,5.929052506443578e-38,-0.42621439100320624,-0.2663663446913136,GCST90199972,cancerType_celltype,KICH_Epi_KICH,tissue,Tumor,Adjacent,group2_higher,6.062116729324334e-39,8.073225340941656e-38
2794,1081,-0.44859147143106304,-0.10936914027645274,-0.471954807639122,-0.1201073676347732,0.7736077618337653,0.6324331105356075,-0.3392223311546103,-0.3518474400043488,,-0.18591372070764867,-2.036186494342546,-14.034723793334525,-14.034723793334525,4.711421170335527e-43,1109459.5,-12.828897162077938,1.1298398065805309e-37,-0.46029645109155776,-0.26533499497072155,GCST90200671,cancerType_celltype,KICH_Epi_KICH,tissue,Tumor,Adjacent,group2_higher,6.519458939256166e-43,1.5368978606479677e-37
2794,1081,0.07861667355187694,0.24598497627445157,0.08605425804853434,0.2469676882028579,0.39384773646498034,0.2955844781554266,-0.16736830272257464,-0.16091343015432355,,-0.1478356945948413,1.6456504920970931,-14.333753158737801,-14.333753158737801,6.626593069735099e-45,1109820.0,-12.817355244728992,1.311233901338794e-37,-0.45346630387763565,-0.2650962780691014,GCST90199948,cancerType_celltype,KICH_Epi_KICH,tissue,Tumor,Adjacent,group2_higher,9.301798510863995e-45,1.781866208898082e-37
2794,1081,0.15367042091467398,0.4584061046999816,0.11405205726623535,0.4562335908412933,0.8661521455104271,0.5519797109347393,-0.30473568378530763,-0.34218153357505793,,-0.14433602270829873,1.5767805197585436,-12.989692633255741,-12.989692633255741,1.3674470367079873e-37,1110048.0,-12.810055502272517,1.4406122282612302e-37,-0.3851617878654551,-0.2649453003892973,GCST90200322,cancerType_celltype,KICH_Epi_KICH,tissue,Tumor,Adjacent,group2_higher,1.8308745687946825e-37,1.955731540956232e-37
2794,1081,-0.5640676572863413,-0.11062904361117555,-0.691735565662384,-0.2205181717872619,1.1332473139954888,1.005010740741336,-0.4534386136751658,-0.4712173938751221,,-0.19096407939156465,-2.350127546210667,-12.144671327492086,-12.144671327492086,6.756277157198423e-33,1110454.0,-12.797056838073704,1.7031854916155175e-37,-0.4125943943138192,-0.26467645416999686,GCST90199731,cancerType_celltype,KICH_Epi_KICH,tissue,Tumor,Adjacent,group2_higher,8.829152219809637e-33,2.309892363255672e-37
2794,1081,-0.06553829707458293,-0.536593184874468,-0.17461700737476343,-0.5950626730918884,1.0505600520233729,0.8676254460772219,0.47105488779988514,0.420445665717125,,0.23901496170381314,-3.0333993152411307,14.258786989016526,14.258786989016526,2.596756027539238e-44,1909627.0,12.789597013545814,1.87481944225025e-37,0.46968867296694383,0.26452216557616204,GCST90200414,cancerType_celltype,KICH_Epi_KICH,tissue,Tumor,Adjacent,group1_higher,3.6227005788495207e-44,2.540138071358937e-37
2794,1081,0.8303237023947461,0.18925332880691365,0.8454274833202362,0.101813293993473,1.521370705383647,1.2959374128359722,0.6410703735878325,0.7436141893267632,,0.18128803144141759,2.13334932021003,13.135093667209865,13.135093667209865,4.763211168476348e-38,1909337.0,12.780312253403805,2.1126330025876213e-37,0.4384865038385211,0.2643301325623759,GCST90200788,cancerType_celltype,KICH_Epi_KICH,tissue,Tumor,Adjacent,group1_higher,6.393825247839111e-38,2.859502266660306e-37
2794,1081,-0.47729289962998617,-0.20562547546786417,-0.5590015351772308,-0.2441582530736923,0.7072325417309645,0.5707196630853288,-0.271667424162122,-0.3148432821035385,,-0.1943721700426937,-1.2148518662820182,-12.395565388075479,-12.395565388075479,2.971693246456398e-34,1111177.0,-12.773908970547248,2.293882028096985e-37,-0.40429120755194226,-0.2641976960011443,GCST90199967,cancerType_celltype,KICH_Epi_KICH,tissue,Tumor,Adjacent,group2_higher,3.902136700308353e-34,3.1017472264843157e-37
2794,1081,-0.22967727332820606,0.0029728990917919627,-0.25135490298271174,-0.0166613906621933,0.5632537835388045,0.4725245406639639,-0.23265017241999802,-0.23469351232051844,,-0.1932955179765468,-6.271114883873732,-13.003557373909029,-13.003557373909029,2.2790100053843325e-37,1114804.0,-12.657785435943572,1.0133791168518408e-36,-0.4312409427766671,-0.2617959589632072,GCST90200469,cancerType_celltype,KICH_Epi_KICH,tissue,Tumor,Adjacent,group2_higher,3.0453829777831818e-37,1.3689154967978782e-36
2794,1081,-0.12511129410586266,0.10816113304393216,-0.16561966389417646,0.0731319636106491,0.5875152333753045,0.45319715965168855,-0.23327242714979482,-0.23875162750482554,,-0.19108778393111545,-0.2100280541627394,-13.173997800600633,-13.173997800600633,2.211693947830885e-38,1114913.0,-12.654295646786746,1.0594285565281656e-36,-0.421565380520762,-0.26172378103733585,GCST90200628,cancerType_celltype,KICH_Epi_KICH,tissue,Tumor,Adjacent,group2_higher,2.9758527649491573e-38,1.4297040817305838e-36
2794,1081,0.971551522701279,0.6782824257516865,0.9831787645816802,0.6404172778129578,0.7599276202162044,0.5660881311872035,0.29326909694959247,0.3427614867687224,,0.14669320437228087,0.518403750709524,13.074492323270574,13.074492323270574,6.891023049097807e-38,1905237.5,12.649060963051511,1.1324300912770094e-36,0.41235419698872483,0.261615514148529,GCST90200401,cancerType_celltype,KICH_Epi_KICH,tissue,Tumor,Adjacent,group1_higher,9.235461569243177e-38,1.526708421771082e-36
2794,1081,-0.20048356091660885,-0.5403692744175084,-0.23087870329618448,-0.5649085640907288,0.779226257789646,0.7050270636959348,0.3398857135008995,0.3340298607945443,,0.20298411352034076,-1.4304571740027086,13.06153371803484,13.06153371803484,1.4015052016316133e-37,1905016.0,12.641969327287873,1.2393624919200634e-36,0.44765098451656427,0.26146884065696474,GCST90199892,cancerType_celltype,KICH_Epi_KICH,tissue,Tumor,Adjacent,group1_higher,1.874633552329626e-37,1.6692204313113105e-36
2794,1081,-0.12124657320390664,0.03740534726633698,-0.126762181520462,0.0151239689439535,0.3747398343480191,0.31791610036040646,-0.15865192047024362,-0.1418861504644155,,-0.1692990409723311,-1.6966008731790883,-13.232088417521334,-13.232088417521334,1.4237855506784188e-38,1117584.0,-12.568779804237417,3.135888863777665e-36,-0.44094743614406,-0.25995509076208634,GCST90200040,cancerType_celltype,KICH_Epi_KICH,tissue,Tumor,Adjacent,group2_higher,1.923309916327735e-38,4.219364779199365e-36
2794,1081,0.26389612448433625,-0.06562032542474892,0.23945999145507812,-0.1151276230812072,0.8218603343816822,0.7079989798637151,0.3295164499090852,0.35458761453628534,,0.15448271470687563,2.0077389917060415,12.406309954166119,12.406309954166119,3.0568519229842595e-34,1899939.0,12.479421991974153,9.670540384840796e-36,0.4161834059797053,0.2581069385500978,GCST90200346,cancerType_celltype,KICH_Epi_KICH,tissue,Tumor,Adjacent,group1_higher,4.010095448534693e-34,1.2998961089287973e-35
2794,1081,-0.7206431334766313,-0.5928497253613465,-0.7617714703083038,-0.5998009443283081,0.40416351811827916,0.2918090516688615,-0.12779340811528483,-0.16197052597999573,,-0.1740912538786231,-0.28161811510100515,-10.908740017272017,-10.908740017272017,3.81970126236248e-27,1121129.0,-12.45528161560493,1.3091491433941853e-35,-0.3396755035959098,-0.25760765271425423,GCST90200242,cancerType_celltype,KICH_Epi_KICH,tissue,Tumor,Adjacent,group2_higher,4.865656841682299e-27,1.7580002782721916e-35
2794,1081,0.29941070756045657,0.102713758670124,0.29329724609851837,0.0949054211378097,0.4935602529451056,0.3858852173774054,0.19669694889033257,0.19839182496070867,,0.13838062496176307,1.5434871429945662,13.114962568661513,13.114962568661513,4.766050221426659e-38,1896077.0,12.355774600014021,4.534583004660637e-35,0.4220577131457154,0.2555495885527135,GCST90199982,cancerType_celltype,KICH_Epi_KICH,tissue,Tumor,Adjacent,group1_higher,6.393825247839111e-38,6.083303774953198e-35
2794,1081,-0.6254043510836934,-0.3578653382680187,-0.673554003238678,-0.3677320480346679,0.5522807650358472,0.6379451572979502,-0.2675390128156747,-0.30582195520401007,,-0.19020472787313783,-0.8053707163630405,-12.140229254026881,-12.140229254026881,1.2918094448882942e-32,1124416.0,-12.3500436618574,4.869468725248665e-35,-0.46331290386189844,-0.255431057830411,GCST90199864,cancerType_celltype,KICH_Epi_KICH,tissue,Tumor,Adjacent,group2_higher,1.6849150941461676e-32,6.52614146756532e-35
2794,1081,1.0972343604988493,0.43008011361770593,1.0171816945075989,0.3697663247585296,1.6833872682283313,1.0148396645413194,0.6671542468811433,0.6474153697490692,,0.19059281838317357,1.3511923376967252,15.04275237139693,15.04275237139693,1.8182170188812923e-49,1895144.0,12.325903285488177,6.571614040575059e-35,0.436995022213631,0.2549317719945674,GCST90200834,cancerType_celltype,KICH_Epi_KICH,tissue,Tumor,Adjacent,group1_higher,2.5895818147703252e-49,8.798732747842638e-35
2794,1081,-0.12401612880780563,-0.25366455849980984,-0.1094335094094276,-0.2592265605926513,0.3490804451075848,0.25598421221602546,0.1296484296920042,0.14979305118322372,,0.13644195799180184,-1.0323882561265378,12.698933966266354,12.698933966266354,6.466640001505106e-36,1895089.0,12.324142382702625,6.716744984105652e-35,0.3979313829188479,0.25489535194022883,GCST90199652,cancerType_celltype,KICH_Epi_KICH,tissue,Tumor,Adjacent,group1_higher,8.582308005892366e-36,8.984223173048091e-35
2794,1081,-0.021972275932527086,-0.15555193021694916,-0.025189855135977247,-0.1645657271146774,0.33142618910604454,0.26339441288903515,0.13357965428442206,0.13937587197870016,,0.14335872140442552,-2.8235836936264826,13.130659434964004,13.130659434964004,4.111461537335144e-38,1894357.0,12.300706367447622,8.98032951124373e-35,0.42549268464660794,0.25441063412612075,GCST90200831,cancerType_celltype,KICH_Epi_KICH,tissue,Tumor,Adjacent,group1_higher,5.526550370204933e-38,1.2000185415514906e-34
2794,1081,-0.6186688025409083,-0.3237977777021893,-0.6976328194141388,-0.3716437220573425,0.7956258322122922,0.650747645831754,-0.29487102483871896,-0.3259890973567963,,-0.1473121027888168,-0.9340720776246381,-11.858519805123523,-11.858519805123523,1.4734585681617213e-31,1127113.0,-12.263695392536718,1.4190701301679492e-34,-0.38900403229736485,-0.2536451508022014,GCST90200951,cancerType_celltype,KICH_Epi_KICH,tissue,Tumor,Adjacent,group2_higher,1.9072402928816962e-31,1.8944099778833643e-34
2794,1081,-0.12557087454338695,-0.3934229535998813,-0.17627122998237604,-0.4157842993736267,0.6520246728876148,0.48910628720379823,0.26785207905649433,0.23951306939125067,,0.2153088496690703,-1.647571431622637,13.860309304718173,13.860309304718173,3.3620891585201916e-42,1892615.0,12.244933773767004,1.7885828059120562e-34,0.43839886635678316,0.2532571116777924,GCST90200611,cancerType_celltype,KICH_Epi_KICH,tissue,Tumor,Adjacent,group1_higher,4.614831342460243e-42,2.3853604348905408e-34
2794,1081,0.3157071715772745,0.772238193603779,0.27789172530174255,0.7172470688819885,1.195428344419002,0.8334893071245404,-0.4565310220265045,-0.43935534358024597,,-0.1484310034900953,1.2904561746367362,-13.438312368367168,-13.438312368367168,6.082877206539492e-40,1128587.0,-12.216503197883887,2.538171476447769e-34,-0.4126016157831247,-0.2526690933459237,GCST90199765,cancerType_celltype,KICH_Epi_KICH,tissue,Tumor,Adjacent,group2_higher,8.25792991286188e-40,3.381747529226108e-34
2794,1081,-0.48589243174322816,-0.227140408991444,-0.5882153809070587,-0.2886137962341308,0.6920213455525066,0.6168979442143538,-0.25875202275178416,-0.2996015846729279,,-0.19683586794803506,-1.09704918999148,-11.309593755801032,-11.309593755801032,7.321950082065445e-29,1129699.0,-12.180900945201426,3.929944057648258e-34,-0.3850946698536991,-0.25193274606547533,GCST90199820,cancerType_celltype,KICH_Epi_KICH,tissue,Tumor,Adjacent,group2_higher,9.379528159638347e-29,5.230970459545484e-34
2794,1081,0.6610836016947061,0.9476915381497844,0.6844841241836548,0.944311499595642,0.6843573482060957,0.5263177513793763,-0.2866079364550782,-0.2598273754119872,,-0.16451014000183126,0.5195841673769117,-13.920897058202748,-13.920897058202748,1.6648462793766123e-42,1130168.0,-12.165885246902798,4.723898118373283e-34,-0.4449068203318849,-0.25162218232938693,GCST90200023,cancerType_celltype,KICH_Epi_KICH,tissue,Tumor,Adjacent,group2_higher,2.287485361683793e-42,6.281632327163693e-34
2794,1081,-0.3774653406546952,-0.6093469911530527,-0.4301684945821762,-0.6409037113189697,0.5824388194242299,0.40390725584321185,0.23188165049835746,0.21073521673679352,,0.1839244985377392,-0.690918366410255,14.051308788744295,14.051308788744295,2.143647992169272e-43,1890141.0,12.165725164831384,4.733168420714725e-34,0.43049652110714776,0.2516188714153562,GCST90200250,cancerType_celltype,KICH_Epi_KICH,tissue,Tumor,Adjacent,group1_higher,2.975348486076087e-43,6.287825104711668e-34
2794,1081,-0.20592593026899786,-0.033822838920896575,-0.24451438337564463,-0.0690324902534484,0.4240500488800373,0.3909362867966064,-0.17210309134810128,-0.17548189312219623,,-0.2009984268624678,-2.6060201955531386,-11.998616479788557,-11.998616479788557,3.881710686242495e-32,1130442.5,-12.15709674118217,5.26051383997685e-34,-0.41462446094928734,-0.2514404131490964,GCST90200105,cancerType_celltype,KICH_Epi_KICH,tissue,Tumor,Adjacent,group2_higher,5.038830157474782e-32,6.9815777642535985e-34
2794,1081,-0.30443825790684925,-0.21370749146338378,-0.3226264864206314,-0.2192734181880951,0.25979605579700316,0.2211057182061676,-0.09073076644346548,-0.10335306823253632,,-0.1524262542885353,-0.51051017558426,-10.892644452427021,-10.892644452427021,5.6641468243133055e-27,1132292.0,-12.097882382966153,1.0839183890184633e-33,-0.3634888906759256,-0.25021570604910615,GCST90199880,cancerType_celltype,KICH_Epi_KICH,tissue,Tumor,Adjacent,group2_higher,7.208433353444477e-27,1.437140821237515e-33
2794,1081,0.6719914163112113,0.23638552208267372,0.6794840395450592,0.2194538414478302,1.0513812590389389,0.9052602473398923,0.43560589422853757,0.460030198097229,,0.17649110955412844,1.5072971712073082,12.824562621380066,12.824562621380066,2.1405818548823812e-36,1886972.0,12.064265147969225,1.631435200047973e-33,0.4301189158028688,0.2495204141026397,GCST90200999,cancerType_celltype,KICH_Epi_KICH,tissue,Tumor,Adjacent,group1_higher,2.8464517738582298e-36,2.1609778208604344e-33
2794,1081,-0.0627911319069626,-0.4782114964325621,-0.1718404591083526,-0.498925119638443,0.9839501987783194,0.7528246434070237,0.4154203645255995,0.3270846605300904,,0.21914536770599044,-2.9289961300193452,14.077666042737711,14.077666042737711,2.109296123546425e-43,1886966.0,12.064073049483527,1.6352461488396463e-33,0.44894636509438074,0.2495164410058026,GCST90200842,cancerType_celltype,KICH_Epi_KICH,tissue,Tumor,Adjacent,group1_higher,2.930653023846868e-43,2.1639228163771243e-33
2794,1081,-0.055673178352317894,-0.3346143381342302,-0.12615314126014704,-0.3643545806407928,0.6693916400709116,0.5180024831765861,0.2789411597819123,0.23820143938064575,,0.18502066133498313,-2.5874233105260123,13.799590517201485,13.799590517201485,8.17707840780442e-42,1886070.0,12.035386342286149,2.3159244322402667e-33,0.4421743298586816,0.24892312521148474,GCST90199812,cancerType_celltype,KICH_Epi_KICH,tissue,Tumor,Adjacent,group1_higher,1.1190118343210264e-41,3.061692532631895e-33
2794,1081,0.18236336381510954,0.654478785584256,0.1643137782812118,0.6579666137695312,1.204246244890217,0.9679331569178466,-0.47211542176914645,-0.49365283548831945,,-0.1949226668217161,1.843524796319791,-12.682587102103058,-12.682587102103058,9.817079109987594e-36,1135685.0,-11.989250689304649,4.0462623447237035e-33,-0.41295131761109555,-0.2479689197878101,GCST90200463,cancerType_celltype,KICH_Epi_KICH,tissue,Tumor,Adjacent,group2_higher,1.3016224539798725e-35,5.344046100637992e-33
2794,1081,-0.013411387460132622,0.2062036668510828,-0.069999624043703,0.1696371436119079,0.5935160645576857,0.4868930480775374,-0.21961505431121542,-0.2396367676556109,,-0.15775382869559265,3.942439013474013,-11.817184443397586,-11.817184443397586,2.3603200446423445e-31,1136388.0,-11.966743150063849,5.3081437807407654e-33,-0.38814432892239326,-0.24750340527508063,GCST90199828,cancerType_celltype,KICH_Epi_KICH,tissue,Tumor,Adjacent,group2_higher,3.0493992614668397e-31,7.003872190851562e-33
2794,1081,-0.032770376012486564,0.18639396134969433,-0.14987103641033173,0.1233229860663414,0.6681698687056226,0.5605594371158547,-0.21916433736218088,-0.2731940224766731,,-0.16392951328981326,2.507854705924439,-10.326105091683477,-10.326105091683477,1.800821771028934e-24,1136604.0,-11.959827604578766,5.769266748488802e-33,-0.3424527175530667,-0.24736037378895037,GCST90200072,cancerType_celltype,KICH_Epi_KICH,tissue,Tumor,Adjacent,group2_higher,2.255992714993049e-24,7.604942532098875e-33
2794,1081,0.5423727481141063,0.09163828450104326,0.44638593494892115,-0.0053278501145541,1.1821493753062742,0.7587998703333694,0.450734463613063,0.45171378506347526,,0.20892956624242393,2.565249251513274,14.025284154504613,14.025284154504613,2.408904823831524e-43,1883613.0,11.956722012393335,5.98908503346419e-33,0.416999519216737,0.247296142056753,GCST90200444,cancerType_celltype,KICH_Epi_KICH,tissue,Tumor,Adjacent,group1_higher,3.3401193030339443e-43,7.887075266291489e-33
2794,1081,-0.41826006738848914,-0.7091421035778985,-0.4785458445549011,-0.7237893342971802,0.702496742871718,0.4933743506422925,0.2908820361894094,0.24524348974227905,,0.2512334135374408,-0.761673074478979,14.511345709893336,14.511345709893336,4.7600770267367306e-46,1882442.0,11.91923079126819,9.399018577504796e-33,0.44684237792399073,0.24652072599074137,GCST90199800,cancerType_celltype,KICH_Epi_KICH,tissue,Tumor,Adjacent,group1_higher,6.688644316950684e-46,1.2365697221176676e-32
2794,1081,-0.49786604466598827,-0.7248083338741071,-0.5370504856109619,-0.7866399884223938,0.499303916725306,0.6240277228375891,0.22694228920811887,0.24958950281143188,,0.23122185777923013,-0.5418410119001024,10.704583080817676,10.704583080817676,6.767481672742938e-26,1882108.0,11.908537308897737,1.0685539274004712e-32,0.4226080279212593,0.2462995569334845,GCST90200577,cancerType_celltype,KICH_Epi_KICH,tissue,Tumor,Adjacent,group1_higher,8.532911674328052e-26,1.4044734841338883e-32
2794,1081,-0.3053583595931415,-0.5295405783989897,-0.36214570701122284,-0.5460383892059326,0.5223660558742952,0.4246079971610361,0.2241822188058482,0.18389268219470978,,0.23846199053196457,-0.7942358997794448,13.785871717975985,13.785871717975985,1.1537376318742457e-41,1881421.0,11.886542032285462,1.39071648735864e-32,0.4510319650469024,0.24584463734565354,GCST90200927,cancerType_celltype,KICH_Epi_KICH,tissue,Tumor,Adjacent,group1_higher,1.5772762209073188e-41,1.8261527671192932e-32
2794,1081,-0.4340417244094718,-0.8938556398038049,-0.49005044996738434,-0.909557580947876,1.130023941553744,0.8716696440173651,0.4598139153943331,0.41950713098049164,,0.18973739539559023,-1.0422064055355817,13.501128177674195,13.501128177674195,3.669396607001418e-40,1880899.0,11.869829464029845,1.698459258708989e-32,0.4320319178954554,0.24549897792083875,GCST90200749,cancerType_celltype,KICH_Epi_KICH,tissue,Tumor,Adjacent,group1_higher,4.99140476581131e-40,2.2281039168627065e-32
2794,1081,-0.39028430171687983,-0.229651137324311,-0.4514293223619461,-0.222943440079689,0.4843120363859451,0.35825398778534856,-0.16063316439256883,-0.2284858822822571,,-0.16209552171584685,-0.7650789209104186,-11.283147294604031,-11.283147294604031,7.210684077494274e-29,1140053.0,-11.849402991717426,2.167707183583269e-32,-0.3548308192211933,-0.2450765052905095,GCST90200669,cancerType_celltype,KICH_Epi_KICH,tissue,Tumor,Adjacent,group2_higher,9.245684287511473e-29,2.840947010792304e-32
2794,1081,0.3967120557135786,0.044214007427772054,0.3638555556535721,0.0152392843738198,0.8901860201261185,0.598098584748731,0.35249804828580655,0.34861627127975225,,0.22269035565277745,3.165487840525372,14.219452843299788,14.219452843299788,2.082345967545254e-44,1879442.0,11.823181548419821,2.9630497079859984e-32,0.43025627370518754,0.2445341775722656,GCST90200096,cancerType_celltype,KICH_Epi_KICH,tissue,Tumor,Adjacent,group1_higher,2.9080302804960874e-44,3.879574209399535e-32
2794,1081,-0.3283534649178527,0.014751767673961315,-0.3562447130680084,-0.0730194896459579,0.6672656736590681,0.8361239488662868,-0.343105232591814,-0.28322522342205053,,-0.20064744359204809,-4.476196533016182,-12.084796436422932,-12.084796436422932,2.8608043781958287e-32,1141409.0,-11.805988733949963,3.635620608405824e-32,-0.47762661869565937,-0.24417858540535853,GCST90199891,cancerType_celltype,KICH_Epi_KICH,tissue,Tumor,Adjacent,group2_higher,3.720683556756598e-32,4.755615056868655e-32
2794,1081,0.1503557519738692,-0.1474460781918105,0.12929518520832062,-0.1584285348653793,0.7715905208915328,0.4979100302661428,0.2978018301656797,0.28772372007369995,,0.19652642538623907,0.028192421275667404,14.158258350404154,14.158258350404154,4.1770213240184287e-44,1877153.0,11.749895976126517,7.071922919932971e-32,0.42180220033561344,0.24301844112896864,GCST90199641,cancerType_celltype,KICH_Epi_KICH,tissue,Tumor,Adjacent,group1_higher,5.821349759342657e-44,9.24164040255862e-32
2794,1081,0.6495309209794055,1.0202144342331576,0.6089619100093842,0.9676329493522644,0.9058334203999466,0.7995810367516328,-0.37068351325375215,-0.35867103934288025,,-0.1779800429509141,0.6514014985055887,-12.45967420797459,-12.45967420797459,1.737218033993636e-34,1144476.0,-11.707794391344649,1.1628673722425166e-31,-0.422431779440189,-0.24214767073887022,GCST90201000,cancerType_celltype,KICH_Epi_KICH,tissue,Tumor,Adjacent,group2_higher,2.2855484366151793e-34,1.5181879582055077e-31
2794,1081,0.36203854261422114,0.5915988444899459,0.34456637501716614,0.5894988179206848,0.6494466255242254,0.468679606522738,-0.2295603018757248,-0.24493244290351868,,-0.16185338522245118,0.708474393526708,-12.198222293161878,-12.198222293161878,2.351543909775641e-33,1144551.0,-11.70539316027344,1.196261472711845e-31,-0.3797530447727022,-0.24209800702840834,GCST90199664,cancerType_celltype,KICH_Epi_KICH,tissue,Tumor,Adjacent,group2_higher,3.078918683020364e-33,1.5602912797188947e-31
2794,1081,-0.13875655477555326,-0.3392917321108378,-0.16462688148021695,-0.3694444596767425,0.5004476305510702,0.4517293295736901,0.20053517733528453,0.20481757819652555,,0.1671364430529529,-1.2899642044511852,12.01850994417216,12.01850994417216,2.9597786797553025e-32,1875356.0,11.692362479660344,1.3947895012283918e-31,0.4114788930675764,0.24182849862630174,GCST90200004,cancerType_celltype,KICH_Epi_KICH,tissue,Tumor,Adjacent,group1_higher,3.8457372168793874e-32,1.817493394048086e-31
2794,1081,0.011417787907937686,-0.21274262207874392,-0.00956930778920645,-0.2299317270517349,0.5728602275242943,0.42635634376621356,0.2241604099866816,0.22036241926252845,,0.19554323812265112,-4.219634458048143,13.263843436184695,13.263843436184695,6.542378142927045e-39,1874711.0,11.671711892447945,1.7784226713349387e-31,0.41817208862486616,0.2414013907163295,GCST90200098,cancerType_celltype,KICH_Epi_KICH,tissue,Tumor,Adjacent,group1_higher,8.855274487397778e-39,2.3151767918142515e-31
2794,1081,-0.7317960159833934,-0.44963034580060635,-0.8045045435428619,-0.4897326827049255,0.8942202693879113,0.6158586894851086,-0.28216567018278704,-0.31477186083793646,,-0.13208434029358415,-0.7027009171229535,-11.179306570509988,-11.179306570509988,2.008403706327127e-28,1147122.0,-11.623078959152389,3.1464948895917812e-31,-0.34157029896493313,-0.24039553503377464,GCST90200985,cancerType_celltype,KICH_Epi_KICH,tissue,Tumor,Adjacent,group2_higher,2.5655616229839497e-28,4.092244784841219e-31
2794,1081,-0.022561431588552464,-0.2323293789062338,-0.0744959525763988,-0.2396363466978073,0.5038290450853095,0.3936997354319509,0.20976794731768134,0.16514039412140852,,0.23791943847226424,-3.364183346741218,13.705978855569342,13.705978855569342,2.81352302032301e-41,1871822.0,11.579216471584967,5.253372619839407e-31,0.44097648425476726,0.23948834458933743,GCST90199984,cancerType_celltype,KICH_Epi_KICH,tissue,Tumor,Adjacent,group1_higher,3.83867054724751e-41,6.825878818723653e-31
2794,1081,-0.9199759552182607,-1.2675496732840223,-1.0233389139175415,-1.285301685333252,0.8444230842929158,0.6384246358471715,0.34757371806576165,0.26196277141571045,,0.2283714847789927,-0.4623737952393383,13.822973062725284,13.822973062725284,5.596352662424463e-42,1871801.0,11.57854412688503,5.294732683853517e-31,0.4386436882723598,0.23947443875040797,GCST90200600,cancerType_celltype,KICH_Epi_KICH,tissue,Tumor,Adjacent,group1_higher,7.666159476265872e-42,6.87306728389747e-31
2794,1081,1.113790594429968,0.8892673593450416,1.1513264775276184,0.8782610297203064,0.6820055278304579,0.47633334348010103,0.22452323508492633,0.273065447807312,,0.12339713211188812,0.3247885502529306,11.57324998635914,11.57324998635914,2.732351032391347e-30,1871407.0,11.565929659657609,6.1334920633926575e-31,0.3555815896989089,0.23921353872478157,GCST90200523,cancerType_celltype,KICH_Epi_KICH,tissue,Tumor,Adjacent,group1_higher,3.5100796014603264e-30,7.954281334352227e-31
2794,1081,-0.20264615691535492,-0.3207765163903478,-0.214831106364727,-0.3291239738464355,0.3159372643278362,0.2357203457704752,0.1181303594749929,0.1142928674817085,,0.19017099410230368,-0.6626030905243224,12.655751247445009,12.655751247445009,1.1311014158153225e-35,1870819.0,11.54710400805933,7.6364160358225695e-31,0.3994072581397616,0.2388241752347604,GCST90200916,cancerType_celltype,KICH_Epi_KICH,tissue,Tumor,Adjacent,group1_higher,1.4982422057884203e-35,9.893949673789126e-31
2794,1081,-0.6122830993348883,-0.886162468696368,-0.6868023872375488,-0.949193239212036,0.6985252992492166,0.5692536755229974,0.2738793693614797,0.2623908519744872,,0.23227663895356784,-0.5333716366055479,12.57431004762381,12.57431004762381,3.691810446385881e-35,1867894.0,11.453455996282171,2.259954295810388e-30,0.4118431450859774,0.2368872905267465,GCST90200797,cancerType_celltype,KICH_Epi_KICH,tissue,Tumor,Adjacent,group1_higher,4.871188420545939e-35,2.925277972639657e-30
2794,1081,-0.22334460650972654,-0.39122934705655005,-0.2771179974079132,-0.4142948985099792,0.4324400832634614,0.33657211523449443,0.1678847405468235,0.13717690110206598,,0.14097288765684327,-0.8087404066859173,12.81140033270612,12.81140033270612,1.9216184141660345e-36,1866947.0,11.42313645195637,3.205152561876007e-30,0.4115040556900523,0.23626020340931442,GCST90200067,cancerType_celltype,KICH_Epi_KICH,tissue,Tumor,Adjacent,group1_higher,2.5577791977620168e-36,4.1448035501299784e-30
2794,1081,0.25915227784183453,0.06731055871738753,0.2593090832233429,0.0496377013623714,0.5404333125624279,0.38222277939607974,0.191841719124447,0.2096713818609715,,0.16025696517239338,1.9448794711303554,12.391557846264464,12.391557846264464,2.341772618110108e-34,1865726.0,11.384044410117085,5.022490623203203e-30,0.3826419161068221,0.23545167820299473,GCST90200394,cancerType_celltype,KICH_Epi_KICH,tissue,Tumor,Adjacent,group1_higher,3.0779518596760627e-34,6.48877224590139e-30
2794,1081,0.38659391918432706,0.2111203625918733,0.36733162403106684,0.1854146867990493,0.4879752500494217,0.3378027878584219,0.17547355659245376,0.18191693723201754,,0.1295539723475256,0.8727501100237935,12.703947669444055,12.703947669444055,5.356290270019519e-36,1863370.5,11.308629746273974,1.1895404062316459e-29,0.38894426797515164,0.23389190660308823,GCST90200196,cancerType_celltype,KICH_Epi_KICH,tissue,Tumor,Adjacent,group1_higher,7.115617580932363e-36,1.5353632326645203e-29
2794,1081,0.11459534854779643,-0.07881565517542105,0.10856115072965619,-0.0874059274792671,0.505036874405215,0.40270394383953195,0.19341100372321748,0.19596707820892328,,0.14229456377348462,0.5399886446358585,12.450738974356923,12.450738974356923,1.511101510666187e-34,1862869.0,11.292573514511155,1.4281947753262966e-29,0.4040291351903133,0.23355982192579972,GCST90200871,cancerType_celltype,KICH_Epi_KICH,tissue,Tumor,Adjacent,group1_higher,1.989981989408708e-34,1.8416551360167853e-29
2794,1081,-0.16165395726612347,-0.4144998362617848,-0.25588926672935486,-0.4335720539093017,0.6173434100770705,0.3869388667491415,0.25284587899566136,0.17768278717994684,,0.24662345806292638,-1.3584572629546023,15.249759358487385,15.249759358487385,1.1001479438656924e-50,1862846.0,11.291837136982652,1.440212673650691e-29,0.4493743009482957,0.2335445917212582,GCST90200717,cancerType_celltype,KICH_Epi_KICH,tissue,Tumor,Adjacent,group1_higher,1.5718046619380908e-50,1.8553968565084045e-29
2794,1081,0.4343653418325261,0.21365555654635057,0.45137228071689606,0.1808363199234008,0.5912166600798647,0.5816781804438461,0.22070978528617555,0.2705359607934953,,0.14953178118385507,1.0236187258210518,10.544723370787535,10.544723370787535,2.463302258348658e-25,1860003.0,11.200814471176681,4.0407498911153896e-29,0.37499175788720457,0.2316620060033494,GCST90200614,cancerType_celltype,KICH_Epi_KICH,tissue,Tumor,Adjacent,group1_higher,3.0944525144048117e-25,5.200700756931328e-29
2794,1081,0.5041788821771965,0.8390920857675321,0.38852179050445557,0.8067971467971802,1.0756239038406372,0.845495787948904,-0.3349132035903356,-0.4182753562927246,,-0.12492286105855273,0.7348923137746888,-10.212915235960264,-10.212915235960264,5.1490060777548784e-24,1162702.0,-11.124263224626532,9.560952259767022e-29,-0.32941111523042366,-0.23007872691382414,GCST90200101,cancerType_celltype,KICH_Epi_KICH,tissue,Tumor,Adjacent,group2_higher,6.415077956105941e-24,1.2293941443455142e-28
2794,1081,-0.6104857118190873,-1.037186244373056,-0.7135227918624878,-1.0412228107452393,1.0356616552990259,0.8995190188292659,0.42670053255396867,0.32770001888275146,,0.18909362402214314,-0.7646445705408174,12.680129075916268,12.680129075916268,1.233795394703601e-35,1857289.0,11.11392192281319,1.0735850310510889e-28,0.4268866685567296,0.22986484186743494,GCST90200476,cancerType_celltype,KICH_Epi_KICH,tissue,Tumor,Adjacent,group1_higher,1.632682643670882e-35,1.3791671982305695e-28
2794,1081,0.04027290448885614,-0.13706731186039978,0.01150771696120495,-0.1200960874557495,0.40606035595622164,0.37468677149620877,0.17734021634925592,0.13160380441695446,,0.1741831296887916,-1.7669778291013996,12.903541985097318,12.903541985097318,1.004577133445406e-36,1854963.0,11.039451743191425,2.4657672368296375e-28,0.44607075078483455,0.22832460466031024,GCST90200787,cancerType_celltype,KICH_Epi_KICH,tissue,Tumor,Adjacent,group1_higher,1.3384541865944169e-36,3.164633468737096e-28
2794,1081,-0.09010269083834958,-0.23767386220196496,-0.10742189362645145,-0.2640160620212555,0.39284146127133374,0.32535074360992033,0.14757117136361536,0.15659416839480406,,0.20029657051893826,-1.399331215790802,11.92435668909228,11.92435668909228,7.179412220165169e-32,1854116.5,11.012349848501042,3.332572506516084e-28,0.39326729986415554,0.22776406691489703,GCST90200487,cancerType_celltype,KICH_Epi_KICH,tissue,Tumor,Adjacent,group1_higher,9.301843019092325e-32,4.273091558213944e-28
2794,1081,-0.10796034927075969,0.12631761357496224,-0.14214387536048884,0.1023561209440231,0.6889497147746192,0.4990103591757967,-0.23427796284572194,-0.24449999630451194,,-0.16456414155273258,0.22655232949651763,-11.71045480524407,-11.71045480524407,6.248141695151225e-31,1168854.0,-10.927298243958813,8.53669367108597e-28,-0.3651107445209062,-0.22600497829033672,GCST90201005,cancerType_celltype,KICH_Epi_KICH,tissue,Tumor,Adjacent,group2_higher,8.056969849092828e-31,1.0935632963994527e-27
2794,1081,0.2697809683725654,0.621693321454968,0.17423695325851435,0.5447314977645874,0.8936077691201004,0.9186123422424669,-0.35191235308240265,-0.37049454450607305,,-0.15576215180600345,1.2044114764073555,-10.776307289205686,-10.776307289205686,2.4891147658844598e-26,1172592.0,-10.807620887369747,3.1683441859525586e-27,-0.3907314496887306,-0.223529738960916,GCST90200343,cancerType_celltype,KICH_Epi_KICH,tissue,Tumor,Adjacent,group2_higher,3.155965977581878e-26,4.0548855638059504e-27
2794,1081,-0.10202612845598975,-0.23442650261121925,-0.10126560181379315,-0.2456795424222946,0.3723686027997817,0.2788535036053411,0.13240037415522948,0.14441394060850143,,0.14674462841503388,-1.2001890261322332,12.00864516918971,12.00864516918971,2.2540010836282993e-32,1847684.0,10.806404263627002,3.2106322955746112e-27,0.3795648258607013,0.22350457601428197,GCST90200340,cancerType_celltype,KICH_Epi_KICH,tissue,Tumor,Adjacent,group1_higher,2.9342917640738987e-32,4.1051518000639734e-27
2794,1081,-0.7379811167628418,-1.0828855792000187,-0.8224219083786011,-1.1111648082733154,0.9489821440612518,0.7048160479607543,0.3449044624371769,0.28874289989471436,,0.19753402826162397,-0.5532243824196902,12.334827071069094,12.334827071069094,5.048119098901354e-34,1847440.0,10.798592258542,3.495820856528329e-27,0.38854844789691434,0.22334300340957935,GCST90200058,cancerType_celltype,KICH_Epi_KICH,tissue,Tumor,Adjacent,group1_higher,6.615948395963986e-34,4.4656080857058225e-27
2794,1081,-0.26781363085887455,0.008348499598557402,-0.35347411036491394,-0.0564112663269043,0.8180549655609081,0.6752750828594959,-0.27616213045743193,-0.29706284403800964,,-0.17345866105904265,-5.003401231093311,-10.738647135932322,-10.738647135932322,2.6852916759084837e-26,1174302.0,-10.752872818946177,5.745406376343361e-27,-0.35365969055355057,-0.2223974063623848,GCST90200295,cancerType_celltype,KICH_Epi_KICH,tissue,Tumor,Adjacent,group2_higher,3.401535831099687e-26,7.332386602018728e-27
2794,1081,0.1717851087508793,0.021409685509014446,0.16378081589937205,0.0449195094406604,0.3830742247369157,0.34705023057148515,0.15037542324186484,0.11886130645871165,,0.10524900360966051,3.004210487077091,11.744470839185654,11.744470839185654,6.471726794079273e-31,1844163.0,10.6936744689373,1.0898533945086413e-26,0.40274265951900606,0.22117303035379776,GCST90200928,cancerType_celltype,KICH_Epi_KICH,tissue,Tumor,Adjacent,group1_higher,8.337394726209875e-31,1.3895885656831415e-26
2794,1081,0.04334459314860027,0.2189654438075199,0.0178564544767141,0.1940193325281143,0.5296564965796967,0.44651147176130523,-0.17562085065891964,-0.17616287805140018,,-0.12771159083747713,2.336752566110727,-10.40580313822166,-10.40580313822166,8.165154658335384e-25,1176220.0,-10.691465336351788,1.1161302796501802e-26,-0.34581804746697514,-0.22112733974017273,GCST90200492,cancerType_celltype,KICH_Epi_KICH,tissue,Tumor,Adjacent,group2_higher,1.0238367800654211e-24,1.4217622160403698e-26
2794,1081,-0.35080601817403634,-0.09415819447541009,-0.451320931315422,-0.1041251048445701,0.868514556369323,0.7364062086914915,-0.25664782369862627,-0.3471958264708519,,-0.12133909222841416,-1.8975037269378094,-9.239127823821281,-9.239127823821281,5.485530962401885e-20,1176424.0,-10.684933987838098,1.1975486438326287e-26,-0.3078113053564123,-0.22099225444771642,GCST90200534,cancerType_celltype,KICH_Epi_KICH,tissue,Tumor,Adjacent,group2_higher,6.657861711267827e-20,1.5240511685750446e-26
2794,1081,0.07946945390626417,0.28962632750654654,-0.0066301301121711505,0.2331608831882476,0.7775467551913692,0.5610751214786965,-0.21015687360028237,-0.23979101330041874,,-0.1220232155795218,1.8657072432265478,-9.32786306358642,-9.32786306358642,2.1776559119258827e-20,1176593.0,-10.679523213824307,1.269437283825706e-26,-0.2903831503801869,-0.22088034555347558,GCST90200532,cancerType_celltype,KICH_Epi_KICH,tissue,Tumor,Adjacent,group2_higher,2.6454055329367008e-20,1.61403266590899e-26
2794,1081,-0.08272981840789585,-0.3072791993683704,-0.10406377911567685,-0.3588448464870453,0.6461111526120883,0.48535747870216406,0.22454938096047455,0.2547810673713684,,0.19374077988873853,-1.893058045946774,11.71606452438133,11.71606452438133,6.242476567832881e-31,1843302.0,10.666108336239818,1.4666542479002368e-26,0.3707942375733381,0.22060289095769514,GCST90200652,cancerType_celltype,KICH_Epi_KICH,tissue,Tumor,Adjacent,group1_higher,8.056969849092828e-31,1.8630472878732736e-26
2794,1081,-0.4003851672011219,-0.03562119782335409,-0.4954608678817749,-0.1296082437038421,1.0197804633939789,0.9224505805617357,-0.3647639693777678,-0.3658526241779328,,-0.17604035618364908,-3.4905436959794685,-10.71277346371939,-10.71277346371939,3.976243725064605e-26,1179410.0,-10.58933297478969,3.3402015787027324e-26,-0.36711395095413335,-0.21901497658852687,GCST90200547,cancerType_celltype,KICH_Epi_KICH,tissue,Tumor,Adjacent,group2_higher,5.027476991895229e-26,4.239008148763337e-26
2794,1081,0.6742513048653067,0.12354642478560694,0.6274622678756714,0.0926664173603057,1.511354436490954,1.2073421556940598,0.5507048800796998,0.5347958505153657,,0.18882547836372632,2.4482236086410722,11.832899178199433,11.832899178199433,1.8789123263889454e-31,1839514.0,10.544830158936612,5.367888025028565e-26,0.38428093873769786,0.21809454248796656,GCST90200564,cancerType_celltype,KICH_Epi_KICH,tissue,Tumor,Adjacent,group1_higher,2.4297509495902583e-31,6.805982677315289e-26
2794,1081,0.441744793333806,0.10461107879552614,0.4096316397190094,0.0753846764564514,0.9274413239885767,0.70344897498342,0.3371337145382799,0.334246963262558,,0.15829481962227138,2.0781669576145188,12.184183062425964,12.184183062425964,3.0562248611816476e-33,1836414.0,10.445579274659966,1.5354118809371744e-25,0.3871571757449552,0.21604177578887485,GCST90199645,cancerType_celltype,KICH_Epi_KICH,tissue,Tumor,Adjacent,group1_higher,3.997729832812462e-33,1.9449501800347294e-25
2794,1081,0.40455388600219533,0.6976447743925294,0.37600524723529816,0.6195374131202698,0.7680312832072638,0.7340976042630566,-0.29309088839033404,-0.24353216588497162,,-0.15308450186688,0.7861592557589089,-11.002292947755246,-11.002292947755246,2.1460275910555733e-27,1185543.0,-10.392976305993344,2.669369799407255e-25,-0.3862958138634094,-0.2149538094383564,GCST90199931,cancerType_celltype,KICH_Epi_KICH,tissue,Tumor,Adjacent,group2_higher,2.7362353663318487e-27,3.3782275177271015e-25
2794,1081,-0.3663150831110026,-0.04267052646218493,-0.4434881806373596,-0.0999734252691268,0.9820581816076632,0.8377171625295932,-0.32364455664881764,-0.34351475536823284,,-0.15862702670427364,-3.1017434187618513,-10.26348282728566,-10.26348282728566,3.420159904819704e-24,1187901.0,-10.317481601114526,5.875355982545037e-25,-0.34283298225784303,-0.21339238238143454,GCST90200889,cancerType_celltype,KICH_Epi_KICH,tissue,Tumor,Adjacent,group2_higher,4.268935851894924e-24,7.428673658820858e-25
2794,1081,-0.5005716934408935,-0.3092736161466228,-0.5533292889595032,-0.3496545255184173,0.6102341253077705,0.5353021429606122,-0.19129807729427067,-0.20367476344108587,,-0.13357030654275198,-0.6946911647986904,-9.584600981789887,-9.584600981789887,2.3863342024916447e-21,1188962.0,-10.283512185560488,8.363745839411889e-25,-0.3240713146513917,-0.2126898064241003,GCST90200163,cancerType_celltype,KICH_Epi_KICH,tissue,Tumor,Adjacent,group2_higher,2.9118831853143348e-21,1.0565139554326602e-24
2794,1081,-0.009998250032718557,-0.25880156717575825,-0.01348011940717695,-0.3452592492103576,0.7227637276597919,0.7050259095137296,0.2488033171430397,0.33177912980318064,,0.1493473075942754,-4.693888224476521,9.783101042508324,9.783101042508324,4.112793677326648e-22,1831039.0,10.273491047889975,9.28003975203348e-25,0.3465895610615469,0.21248254320577264,GCST90200001,cancerType_celltype,KICH_Epi_KICH,tissue,Tumor,Adjacent,group1_higher,5.050214218194794e-22,1.1711753872242252e-24
2794,1081,-0.16730699743609637,0.010661013173931266,-0.186663381755352,-0.0116878030821681,0.5092324502751995,0.44849228029522664,-0.17796801061002762,-0.1749755786731839,,-0.1557957629515306,-3.9719546339278913,-10.656848774048498,-10.656848774048498,6.79531715699534e-26,1190894.0,-10.221656473166139,1.5863324898247009e-24,-0.36095489535392145,-0.21141046924260187,GCST90199842,cancerType_celltype,KICH_Epi_KICH,tissue,Tumor,Adjacent,group2_higher,8.560089912185442e-26,2.0001583567354923e-24
2794,1081,-0.3297786890767604,-0.1763910221632649,-0.3731572926044464,-0.1783877611160278,0.5981789890946448,0.3639940071491907,-0.15338766691349548,-0.1947695314884186,,-0.1388284587221882,-0.9027172344964065,-9.688876613955202,-9.688876613955202,6.735909370486018e-22,1192378.0,-10.17414411437048,2.5870642902807017e-24,-0.2824167628214776,-0.2104277899582626,GCST90200374,cancerType_celltype,KICH_Epi_KICH,tissue,Tumor,Adjacent,group2_higher,8.256334956809751e-22,3.2589358850763368e-24
2794,1081,-0.8191767693724737,-0.5156536369273365,-0.8673222661018372,-0.6124038696289062,0.9358177534441128,0.7611877481182825,-0.3035231324451373,-0.2549183964729309,,-0.16619287750081557,-0.6677714297736812,-10.41423321962672,-10.41423321962672,7.186635579358373e-25,1199642.0,-9.941576881020298,2.744918944827003e-23,-0.3408184746078919,-0.20561769405432684,GCST90200410,cancerType_celltype,KICH_Epi_KICH,tissue,Tumor,Adjacent,group2_higher,9.019690879065804e-25,3.454593279592987e-23
2794,1081,-0.29804129927127093,-0.04119581287743129,-0.3541243374347687,-0.1475452333688736,0.6249385182277744,0.7338376549273424,-0.25684548639383964,-0.20657910406589508,,-0.2045766111127131,-2.8549124627149336,-10.16903056483086,-10.16903056483086,1.25237615932848e-23,1200297.0,-9.920606129665071,3.3874739379482467e-23,-0.3908639289965773,-0.20518396431629293,GCST90200984,cancerType_celltype,KICH_Epi_KICH,tissue,Tumor,Adjacent,group2_higher,1.5574714463181734e-23,4.2593422300954435e-23
2794,1081,-0.23745550040500496,-0.1170333839044353,-0.30706988275051117,-0.1336038559675216,0.506751069028596,0.3603882749425831,-0.12042211650056966,-0.17346602678298956,,-0.13638395963679886,-1.020730804660897,-8.269498088260482,-8.269498088260482,2.0709013928108816e-16,1201620.0,-9.878248413568942,5.173743904879362e-23,-0.25592466921000595,-0.20430789646374514,GCST90200838,cancerType_celltype,KICH_Epi_KICH,tissue,Tumor,Adjacent,group2_higher,2.478172606146823e-16,6.499366767143383e-23
2794,1081,0.22995015829171606,0.3995378594789533,0.21096959710121155,0.3831079304218292,0.5013737486166031,0.4557684354005393,-0.16958770118723726,-0.17213833332061768,,-0.13763590149684862,0.7970083629217436,-10.09647874010948,-10.09647874010948,1.894628983405284e-23,1202253.0,-9.857982023327935,6.33190348642243e-23,-0.346745331956208,-0.20388873474744684,GCST90200176,cancerType_celltype,KICH_Epi_KICH,tissue,Tumor,Adjacent,group2_higher,2.3476175494376382e-23,7.946947009202368e-23
2794,1081,-0.77014967312434,-0.47069121896752153,-0.7987832427024841,-0.5414221286773682,0.9029437051716805,0.7763734231597184,-0.2994584541568185,-0.25736111402511597,,-0.1369566497656484,-0.7103567198917446,-10.274983516970572,-10.274983516970572,3.0802495482663715e-24,1206366.0,-9.726298511382824,2.329510824421517e-22,-0.34440161901808836,-0.20116517686571667,GCST90200286,cancerType_celltype,KICH_Epi_KICH,tissue,Tumor,Adjacent,group2_higher,3.851724893841343e-24,2.920996553529464e-22
2794,1081,-0.06878053533376155,-0.28525617141180754,-0.1317440718412399,-0.3037868738174438,0.6353025849525515,0.46333354711408364,0.21647563607804599,0.1720428019762039,,0.16803440766933686,-2.0521699315438804,11.687771726308794,11.687771726308794,8.15029151101146e-31,1813853.0,9.723256952025958,2.4001787500847807e-22,0.365427951017009,0.20110226949913157,GCST90200756,cancerType_celltype,KICH_Epi_KICH,tissue,Tumor,Adjacent,group1_higher,1.048994082106574e-30,3.0068415775418713e-22
2794,1081,-0.27276641174696353,0.04870151235381913,-0.3329437375068664,-0.0111769335344433,1.0083080066255452,0.871400043294669,-0.3214679241007827,-0.3217668039724231,,-0.1136817436052014,-2.4856031902260693,-9.844495826264032,-9.844495826264032,2.034934729778448e-22,1206751.0,-9.713972191883949,2.629290913678319e-22,-0.33070400851986453,-0.20091023648534556,GCST90199659,cancerType_celltype,KICH_Epi_KICH,tissue,Tumor,Adjacent,group2_higher,2.507790268253187e-22,3.2908388570647837e-22
2794,1081,-0.33699839050511954,-0.07025015454999517,-0.3166169673204422,-0.1266563832759857,0.627878131306217,0.715672360403293,-0.26674823595512437,-0.1899605840444565,,-0.17418575044167123,-2.262152141396167,-10.75713546454642,-10.75713546454642,3.507723524190065e-26,1208375.0,-9.6619775350887,4.374072641368817e-22,-0.40815476855700705,-0.19983485160814407,GCST90199730,cancerType_celltype,KICH_Epi_KICH,tissue,Tumor,Adjacent,group2_higher,4.4392081369276306e-26,5.469597257051099e-22
2794,1081,-0.2949395683319697,-0.4849040425610539,-0.3356522470712662,-0.5092979073524475,0.5573169366199301,0.4294602275575536,0.1899644742290842,0.17364566028118134,,0.16672789528938467,-0.7172779813818934,11.316559899305988,11.316559899305988,5.339873358163768e-29,1811604.0,9.651252036303966,4.856676822892555e-22,0.36197153130120907,0.19961302036808104,GCST90200055,cancerType_celltype,KICH_Epi_KICH,tissue,Tumor,Adjacent,group1_higher,6.853340289244083e-29,6.06750734152388e-22
2794,1081,-0.28334018079427187,-0.5720657054371494,-0.2703157216310501,-0.6512863636016846,0.9641804679254378,0.7257659622520137,0.28872552464287754,0.38097064197063446,,0.13070737282256858,-1.013643083069789,10.082755703271904,10.082755703271904,1.7738740602162245e-23,1811163.0,9.637132797605256,5.573130684943887e-22,0.3193718507978887,0.199320997750565,GCST90200135,cancerType_celltype,KICH_Epi_KICH,tissue,Tumor,Adjacent,group1_higher,2.204002136804662e-23,6.956206157123186e-22
2794,1081,0.6005101023224503,0.31809469985549066,0.586321622133255,0.2529434859752655,0.9415330193709447,0.7439917650872993,0.2824154024669596,0.3333781361579895,,0.1307110529563455,0.9167300498168082,9.806744576730015,9.806744576730015,2.676350687159767e-22,1811081.0,9.634507451634066,5.717440036730644e-22,0.3170132295989732,0.1992666987604601,GCST90199790,cancerType_celltype,KICH_Epi_KICH,tissue,Tumor,Adjacent,group1_higher,3.2922978218400383e-22,7.125502995396126e-22
2794,1081,-0.47242399252688627,-0.2883767952307263,-0.48766283690929413,-0.3167283833026886,0.5560822745850141,0.48523197867917983,-0.18404719729615998,-0.17093445360660553,,-0.15460115110762612,-0.7121252061801495,-10.15482918587772,-10.15482918587772,1.0235901177233659e-23,1209234.0,-9.634475435219784,5.719222506943039e-22,-0.3425627374078036,-0.19926603657765385,GCST90199759,cancerType_celltype,KICH_Epi_KICH,tissue,Tumor,Adjacent,group2_higher,1.2741126305542902e-23,7.125502995396126e-22
2794,1081,-0.07757374396248491,-0.1921221886548902,-0.0806851834058761,-0.2072122246026992,0.35474845630160357,0.2946856494129379,0.11454844469240529,0.1265270411968231,,0.1503630060784105,-1.3083727229726336,10.230216299722375,10.230216299722375,4.611240954896974e-24,1810600.0,9.619107556364044,6.641511921498142e-22,0.33783007417225214,0.19894818883069765,GCST90199953,cancerType_celltype,KICH_Epi_KICH,tissue,Tumor,Adjacent,group1_higher,5.750339818412238e-24,8.267014382650199e-22
2794,1081,-0.5016323647773662,-0.7820598248772336,-0.5915803611278534,-0.8318629860877991,0.8071285844260261,0.6665513407829445,0.2804274600998674,0.24028262495994568,,0.16857816707164305,-0.6406475094176338,11.048996913995328,11.048996913995328,1.0464021482369649e-27,1810531.0,9.616898423778533,6.785663078713455e-22,0.3639498523812212,0.19890249821707284,GCST90200494,cancerType_celltype,KICH_Epi_KICH,tissue,Tumor,Adjacent,group1_higher,1.335436449482194e-27,8.438739759385438e-22
2794,1081,0.44625258740748835,0.09855651121817992,0.3107333779335022,0.0334954820573329,0.9599536022556553,0.8918829922169467,0.3476960761893084,0.2772378958761693,,0.1867363988821144,2.178826036372859,10.650956254940123,10.650956254940123,7.765280177171722e-26,1810069.0,9.602106840379884,7.833889602504573e-22,0.36931313376885144,0.19859656976062756,GCST90200312,cancerType_celltype,KICH_Epi_KICH,tissue,Tumor,Adjacent,group1_higher,9.772924174963119e-26,9.733447154251352e-22
2794,1081,-0.21324954080650835,-0.3148512428740949,-0.2365471944212913,-0.3197675347328186,0.2851397711354568,0.2566942037948246,0.10160170206758654,0.08322034031152731,,0.11457704291377217,-0.5621255442925276,10.706528190235765,10.706528190235765,4.2110302087616914e-26,1809586.0,9.586642912281297,9.101180555353786e-22,0.3661309966329222,0.19827673546525304,GCST90200321,cancerType_celltype,KICH_Epi_KICH,tissue,Tumor,Adjacent,group1_higher,5.319401459260598e-26,1.1297731417984709e-21
2794,1081,0.5720097397524665,0.24099343623783978,0.6068973243236542,0.2197966575622558,1.1442007864730557,0.7097163575619325,0.33101630351462674,0.38710066676139837,,0.1261559563346889,1.2470423946933773,10.828119237956479,10.828119237956479,7.549155083888777e-27,1808903.0,9.564775701326152,1.1246243556871857e-21,0.31784743567016943,0.19782446460864667,GCST90200560,cancerType_celltype,KICH_Epi_KICH,tissue,Tumor,Adjacent,group1_higher,9.598412667295151e-27,1.3947797969077654e-21
2794,1081,0.24612573109912453,0.02742491261173659,0.2459714114665985,-0.01898879930377,0.7590223764148002,0.6245610481679941,0.21870081848738793,0.2649602107703685,,0.10968556584150745,3.165789820183466,9.184206414850985,9.184206414850985,8.786991187467336e-20,1807315.0,9.513933635445083,1.8361432638519395e-21,0.30205524272447665,0.1967729183124669,GCST90200317,cancerType_celltype,KICH_Epi_KICH,tissue,Tumor,Adjacent,group1_higher,1.0655399455976849e-19,2.2751484260274487e-21
2794,1081,-0.17249050420214293,-0.4478687718997935,-0.21008964627981186,-0.4663523435592651,0.8858654075579562,0.5871095249756122,0.2753782676976506,0.2562626972794532,,0.1412113073710425,-1.376553991615713,11.244692297606138,11.244692297606138,9.423446072331537e-29,1807231.0,9.511244256645329,1.8842446434020602e-21,0.33844323287975975,0.1967172949567495,GCST90200214,cancerType_celltype,KICH_Epi_KICH,tissue,Tumor,Adjacent,group1_higher,1.2060241311350127e-28,2.3326298355649482e-21
2794,1081,0.3195397829684931,0.019736858223747784,0.27221517264842987,-0.0215803869068622,0.9243604486431903,0.5874179067153629,0.29980292474474535,0.2937955595552921,,0.16436981532728967,4.016962718986589,11.991949014545623,11.991949014545623,2.0664978230040443e-32,1806801.0,9.497477198503729,2.150696970606504e-21,0.35520100107129343,0.19643255635010126,GCST90200629,cancerType_celltype,KICH_Epi_KICH,tissue,Tumor,Adjacent,group1_higher,2.6927691517729564e-32,2.6600725689080445e-21
2794,1081,-0.17880969766604382,-0.017401234525020067,-0.1992290914058685,-0.039640337228775,0.5227878882011425,0.41372567862347814,-0.16140846314102375,-0.1595887541770935,,-0.1476121137963584,-3.3610885792844822,-10.084829467345168,-10.084829467345168,1.8278080694807845e-23,1213857.0,-9.486463551990449,2.390419496785275e-21,-0.3262104909581233,-0.19620476546478283,GCST90200351,cancerType_celltype,KICH_Epi_KICH,tissue,Tumor,Adjacent,group2_higher,2.266881163514385e-23,2.953891001013898e-21
2794,1081,-0.3409170288754325,-0.13737067576058254,-0.36862635612487793,-0.17512808740139,0.5343670533328251,0.6117220217096194,-0.20354635311484998,-0.19349826872348794,,-0.13524992744881245,-1.3113403259850722,-9.612746268009582,-9.612746268009582,2.3506072362180877e-21,1217785.0,-9.360703076687653,7.921984592220985e-21,-0.36542088042425674,-0.1936037114021919,GCST90200783,cancerType_celltype,KICH_Epi_KICH,tissue,Tumor,Adjacent,group2_higher,2.870858120936607e-21,9.780493658693118e-21
2794,1081,-0.19615961028430762,-0.07815036959736694,-0.22967989742755884,-0.1007798835635185,0.46031520968934997,0.34655996140867346,-0.11800924068694067,-0.12890001386404035,,-0.1051798641444469,-1.3276923108929894,-8.631031353933443,-8.631031353933443,1.042868055355877e-17,1218024.0,-9.353051153674066,8.51679266295812e-21,-0.27341052868925425,-0.1934454497115201,GCST90200273,cancerType_celltype,KICH_Epi_KICH,tissue,Tumor,Adjacent,group2_higher,1.2545711910415359e-17,1.0505328868427074e-20
2794,1081,-0.18145002288369566,-0.37732250963972674,-0.18741083145141596,-0.4173699021339416,0.7005707582008834,0.5287978543846023,0.19587248675603108,0.22995907068252563,,0.1372349797106153,-1.0562218023046648,9.398537956398371,9.398537956398371,1.1769205093963246e-20,1801312.0,9.321739100505498,1.1446601782779818e-20,0.29804042317992613,0.1927978349270969,GCST90199858,cancerType_celltype,KICH_Epi_KICH,tissue,Tumor,Adjacent,group1_higher,1.4322702270599914e-20,1.4106436012593935e-20
2794,1081,-0.13350917505859872,-0.30284428849896444,-0.10871519148349755,-0.319828063249588,0.5924746325051001,0.4118100718301651,0.16933511344036573,0.21111287176609045,,0.11096679968040349,-1.1816312703328662,10.074547192530826,10.074547192530826,1.7852902521418895e-23,1798546.0,9.233181698599303,2.6274919759798344e-20,0.3089401731155564,0.1909662372852623,GCST90200383,cancerType_celltype,KICH_Epi_KICH,tissue,Tumor,Adjacent,group1_higher,2.2161663148173e-23,3.235114329955297e-20
2794,1081,-0.09596292922510874,-0.31796626170393283,-0.1562361791729927,-0.3376789093017578,0.6691900558887152,0.5543788982590336,0.2220033324788241,0.1814427301287651,,0.16380421835599587,-1.7283140966881103,10.528882822722919,10.528882822722919,2.3089697654640473e-25,1795912.0,9.148850463378437,5.755110501463466e-20,0.3472865082635138,0.18922204777384066,GCST90199737,cancerType_celltype,KICH_Epi_KICH,tissue,Tumor,Adjacent,group1_higher,2.9032525741028566e-25,7.079616979688361e-20
2794,1081,0.5323800193461076,0.1421568224695732,0.5607368350028992,0.0618638657033443,1.3449794911451083,0.9790558395074277,0.3902231968765344,0.4988729692995549,,0.1435047563723925,1.9049656487621924,9.962671916928059,9.962671916928059,5.542558640434015e-23,1795575.0,9.138060931765137,6.359151959970193e-20,0.31125093866374964,0.18899889216816534,GCST90200352,cancerType_celltype,KICH_Epi_KICH,tissue,Tumor,Adjacent,group1_higher,6.842850930173516e-23,7.815621389936315e-20
2794,1081,-0.5027965405213596,-0.14792805626422165,-0.6239725649356842,-0.3123613595962524,1.049676927934132,1.1115953690720137,-0.3548684842571379,-0.3116112053394318,,-0.1728303747147044,-1.7650721378942218,-9.050501789359215,-9.050501789359215,3.479308136987323e-19,1224945.0,-9.131465550422883,6.758816694229747e-20,-0.3324904326277313,-0.18886248251009663,GCST90199807,cancerType_celltype,KICH_Epi_KICH,tissue,Tumor,Adjacent,group2_higher,4.2004402043522775e-19,8.299339778590221e-20
2794,1081,0.13872537615001265,0.39421379424081937,0.101575244218111,0.3586533665657043,0.8265360294693149,0.759000267077767,-0.2554884180908067,-0.2570781223475933,,-0.12468580218885984,1.5067398049663594,-9.163086879203329,-9.163086879203329,1.1534516455706679e-19,1225821.0,-9.10341917151116,8.754473616230207e-20,-0.31609251075077655,-0.18828241037190174,GCST90200499,cancerType_celltype,KICH_Epi_KICH,tissue,Tumor,Adjacent,group2_higher,1.396229656228082e-19,1.0740186803709967e-19
2794,1081,0.0479947261985123,-0.0918576286199557,0.06544807180762285,-0.1465657949447631,0.5143653403579447,0.47259290881638677,0.139852354818468,0.21201386675238595,,0.1093340992516763,-0.9365092992603472,8.056920829369458,8.056920829369458,1.2912282110747974e-15,1791129.0,8.995715953863856,2.347316685267492e-19,0.2780001094239252,0.18605482741198442,GCST90200724,cancerType_celltype,KICH_Epi_KICH,tissue,Tumor,Adjacent,group1_higher,1.534388885523059e-15,2.877151656492438e-19
2794,1081,-0.18087626135082743,-0.5763634342108367,-0.2620034664869308,-0.8636457324028015,1.296507487058473,1.6071558574718834,0.39548717286000923,0.6016422659158707,,0.1498679242161055,-1.6719702600745745,7.231394084072124,7.231394084072124,7.281634151299417e-13,1788772.0,8.920253265399321,4.65290336749926e-19,0.2844964430167105,0.1844940625378686,GCST90200086,cancerType_celltype,KICH_Epi_KICH,tissue,Tumor,Adjacent,group1_higher,8.446695615507325e-13,5.698029910064233e-19
2794,1081,0.2303970350194055,0.4758473217701535,0.17319869250059125,0.5133300423622131,0.9145976475958829,0.8491294953939847,-0.24545028675074798,-0.34013134986162186,,-0.10288142059263464,1.0463733703686406,-7.89567284643922,-7.89567284643922,4.608616414189802e-15,1231590.0,-8.918716477513748,4.717914933525212e-19,-0.27368888164536603,-0.18446227776317292,GCST90200020,cancerType_celltype,KICH_Epi_KICH,tissue,Tumor,Adjacent,group2_higher,5.462212323948435e-15,5.772457858523218e-19
2794,1081,-0.14060133803496483,-0.23866290904490656,-0.1571988388895988,-0.245776742696762,0.32969494998816284,0.25754380570333796,0.09806157100994173,0.08857790380716321,,0.14690536395859116,-0.7633598326061753,9.793282252779838,9.793282252779838,3.0109385055289172e-22,1785050.0,8.80108817143878,1.3551517147996538e-18,0.3150455737412449,0.1820294181333464,GCST90200088,cancerType_celltype,KICH_Epi_KICH,tissue,Tumor,Adjacent,group1_higher,3.7005493084183176e-22,1.6565666253559893e-18
2794,1081,0.9370772711304833,1.242649131870435,0.9563735723495483,1.2379430532455444,1.0377335337667353,0.8262699988699207,-0.3055718607399516,-0.2815694808959961,,-0.11842575987824461,0.4071787010887594,-9.581950484634202,-9.581950484634202,2.2465900137259247e-21,1235886.0,-8.781173961754885,1.618001322837486e-18,-0.3107460540447672,-0.18161754042791578,GCST90199772,cancerType_celltype,KICH_Epi_KICH,tissue,Tumor,Adjacent,group2_higher,2.7462799898730362e-21,1.9761073503830588e-18
2794,1081,0.2631898229604407,0.05487971209348451,0.2447690293192863,-0.0347413718700408,0.7479608032769491,0.794608692898274,0.20831011086695617,0.2795104011893271,,0.1369038145652767,2.2617380793606396,7.438116939996177,7.438116939996177,1.5503052186380786e-13,1784171.0,8.77294574328421,1.7407666974175343e-18,0.27363995301427085,0.18144735944673296,GCST90200944,cancerType_celltype,KICH_Epi_KICH,tissue,Tumor,Adjacent,group1_higher,1.8044970222064058e-13,2.1241405627395696e-18
2794,1081,0.4358884396379766,0.6611522098525688,0.2987601608037948,0.6211923360824585,1.234052649515312,0.7529943539526218,-0.22526377021459226,-0.3224321752786637,,-0.1076206857092611,0.6010223762687609,-6.887896583623422,-6.887896583623422,6.801010353851876e-12,1236763.0,-8.753095566428879,2.076082238324239e-18,-0.20097351077316913,-0.18103680610691475,GCST90199706,cancerType_celltype,KICH_Epi_KICH,tissue,Tumor,Adjacent,group2_higher,7.855743315508565e-12,2.5310376483326815e-18
2794,1081,0.5878760169465399,0.7680915940518919,0.5776155591011047,0.7509574294090271,0.5892872779559993,0.5433968351800453,-0.18021557710535197,-0.17334187030792236,,-0.12711578399581372,0.385765862404757,-9.039727736276827,-9.039727736276827,3.4527557258003883e-19,1236899.0,-8.74874133408642,2.1577616176099848e-18,-0.31240904390632435,-0.1809467492452771,GCST90199865,cancerType_celltype,KICH_Epi_KICH,tissue,Tumor,Adjacent,group2_higher,4.1720798353421363e-19,2.6282654913336993e-18
2794,1081,-0.13259476155908825,-0.2640724211432775,-0.155775599181652,-0.2642191648483276,0.43079791927227545,0.3054097523401265,0.13147765958418925,0.10844356566667557,,0.1577733873113648,-0.993904442032068,10.639450817273895,10.639450817273895,6.186287303837219e-26,1782956.0,8.73404579993062,2.457563430662605e-18,0.3288530760911554,0.18064280733725036,GCST90200525,cancerType_celltype,KICH_Epi_KICH,tissue,Tumor,Adjacent,group1_higher,7.807323699194564e-26,2.9907669249938666e-18
2794,1081,0.002580697526077584,-0.13097799140828595,-0.02466000989079475,-0.1440868228673935,0.45291195080581775,0.3370700835238442,0.13355868893436354,0.11942681297659874,,0.14912311908600104,-5.664871633495968,9.996037857162284,9.996037857162284,4.090421712843298e-23,1782881.0,8.73164456885941,2.5103146688383294e-18,0.315141993248918,0.18059314362678847,GCST90200259,cancerType_celltype,KICH_Epi_KICH,tissue,Tumor,Adjacent,group1_higher,5.054619034093759e-23,3.0522380853047664e-18
2794,1081,-0.11857491267549038,0.1807553601846664,-0.17839533835649485,0.1355617046356201,0.7850777533215932,0.9929811301799921,-0.2993302728601568,-0.3139570429921149,,-0.1580565527053283,0.6082354386228963,-8.893818409662703,-8.893818409662703,1.532757622695029e-18,1237567.0,-8.727354369345516,2.6073611922790188e-18,-0.3529039899664099,-0.1805044111307632,GCST90200627,cancerType_celltype,KICH_Epi_KICH,tissue,Tumor,Adjacent,group2_higher,1.847169442735035e-18,3.1674093628131036e-18
2794,1081,-0.15414313079426858,-0.28266793985284083,-0.186138741672039,-0.288845956325531,0.41188295146005033,0.3227421501339713,0.12852480905857225,0.102707214653492,,0.1462517296119065,-0.8748334077711415,10.254912620055599,10.254912620055599,3.384237941628646e-24,1781506.0,8.687621999220575,3.701570132955816e-18,0.3303261358470324,0.17968264226832042,GCST90200518,cancerType_celltype,KICH_Epi_KICH,tissue,Tumor,Adjacent,group1_higher,4.227970957323414e-24,4.492644782919659e-18
2794,1081,-0.2970556465152133,-0.4968641723576575,-0.32841919362545013,-0.4938163459300995,0.637319847047772,0.5542440424012763,0.19980852584244418,0.16539715230464935,,0.14891364612832345,-0.7421163514954094,9.640742989502941,9.640742989502941,1.4023762125015563e-21,1781379.5,8.683571922813803,3.835842266461972e-18,0.32474262198220155,0.17959887614334136,GCST90200883,cancerType_celltype,KICH_Epi_KICH,tissue,Tumor,Adjacent,group1_higher,1.717375361760666e-21,4.651470648743477e-18
2794,1081,-0.2921221307726316,-0.459875767615367,-0.3805285841226578,-0.5084519386291504,0.5539340657616969,0.44854152889587334,0.16775363684273542,0.12792335450649261,,0.17520234561486045,-0.6546707188845726,9.751530603630597,9.751530603630597,4.6266214412628645e-22,1780814.0,8.665466640536884,4.497305518464961e-18,0.3185176531478972,0.17922441176645876,GCST90200971,cancerType_celltype,KICH_Epi_KICH,tissue,Tumor,Adjacent,group1_higher,5.6760441264097965e-22,5.4487354859268814e-18
2794,1081,-0.6433198824140717,-0.3537664580711135,-0.7012763023376465,-0.4025886058807373,1.1182929943639244,0.8541888427436303,-0.28955342434295817,-0.2986876964569092,,-0.12110329547065833,-0.8627371745528234,-8.6421888938948,-8.6421888938948,9.559291176515152e-18,1242804.0,-8.55968440774655,1.131926173735593e-17,-0.27541402817850563,-0.17703655977491084,GCST90199701,cancerType_celltype,KICH_Epi_KICH,tissue,Tumor,Adjacent,group2_higher,1.1509994587977167e-17,1.3701735122572055e-17
2794,1081,0.49759083424788836,0.1826376471604728,0.4410251379013061,0.1382309645414352,1.0406288054097634,0.9246055316688099,0.3149531870874156,0.3027941733598709,,0.12718000618148956,1.4459707318583501,9.174782155789481,9.174782155789481,1.01305630575175e-19,1777125.0,8.547358088247675,1.2595545659019864e-17,0.31195319507759217,0.17678161939453974,GCST90199936,cancerType_celltype,KICH_Epi_KICH,tissue,Tumor,Adjacent,group1_higher,1.2273739953241203e-19,1.5233122212284005e-17
2794,1081,-0.05875287985433032,-0.18968124870345987,-0.0739003606140613,-0.1821069866418838,0.4389339892105214,0.3426909143477126,0.13092836884912956,0.1082066260278225,,0.11633106440505879,-1.6908286420075758,9.824723034038874,9.824723034038874,2.229498588518644e-22,1776977.0,8.542619658933823,1.3123089921228707e-17,0.31598488086197335,0.17668361633922824,GCST90199915,cancerType_celltype,KICH_Epi_KICH,tissue,Tumor,Adjacent,group1_higher,2.7450827246169033e-22,1.5857066988151353e-17
2794,1081,-0.48003019408175623,-0.644151019326676,-0.49840250611305237,-0.6547757983207703,0.5619777903642759,0.4432435164974949,0.16412082524491972,0.1563732922077179,,0.1392589010714241,-0.4242730431430918,9.559076253680225,9.559076253680225,2.758715851925544e-21,1776800.0,8.53695275360577,1.3782695611347663e-17,0.3087637248996519,0.17656640998253814,GCST90199751,cancerType_celltype,KICH_Epi_KICH,tissue,Tumor,Adjacent,group1_higher,3.3632644956838246e-21,1.6639339343017594e-17
2794,1081,0.36561992326915516,-0.007184277744376033,0.26467397809028625,0.0479132607579231,1.0476641886632136,0.8783387892225201,0.3728042010135312,0.21676071733236316,,0.17732154134210956,5.669160898542773,11.207337100123121,11.207337100123121,1.983029130208041e-28,1776334.0,8.522033104549989,1.5679823745976693e-17,0.37156889760870954,0.17625783279486829,GCST90200876,cancerType_celltype,KICH_Epi_KICH,tissue,Tumor,Adjacent,group1_higher,2.535524113014597e-28,1.8912920146695782e-17
2794,1081,-0.37213004917927095,-0.6593572106160686,-0.4271146804094314,-0.699302613735199,1.0384054901837403,0.6570775133164916,0.2872271614367976,0.2721879333257676,,0.12152780551149853,-0.8252516851172139,10.24943189497296,10.24943189497296,2.91633555510827e-24,1770196.0,8.325516353682229,8.397329037242961e-17,0.3031014305153256,0.1721933547306671,GCST90199904,cancerType_celltype,KICH_Epi_KICH,tissue,Tumor,Adjacent,group1_higher,3.650105933528533e-24,1.0119858070523569e-16
2794,1081,-0.04879407211230895,-0.3228178251073158,-0.11110850051045415,-0.5630502104759216,1.0111620524675144,1.2209047091527094,0.27402375299500686,0.45194170996546745,,0.13288730409110305,-2.7259173511898407,6.560060610908411,6.560060610908411,7.137394296256261e-11,1770113.0,8.322858991296757,8.587817650537397e-17,0.25519618617556084,0.17213839355775584,GCST90200084,cancerType_celltype,KICH_Epi_KICH,tissue,Tumor,Adjacent,group1_higher,8.181891022537665e-11,1.0340278672864374e-16
2794,1081,-0.6322937229972453,-0.5044380479866168,-0.6917888522148132,-0.551871657371521,0.49302604676910794,0.4869105224610309,-0.12785567501062844,-0.13991719484329224,,-0.13872013373891323,-0.32591722194246975,-7.305251685029137,-7.305251685029137,3.988091736547145e-13,1250744.0,-8.305474078341202,9.943508215453361e-17,-0.26022449397265446,-0.1717788282940118,GCST90200423,cancerType_celltype,KICH_Epi_KICH,tissue,Tumor,Adjacent,group2_higher,4.634074200267484e-13,1.1962049159455368e-16
2794,1081,-0.03889015519127527,-0.37558341486582825,-0.20067875087261194,-0.4650331139564514,1.0901178349596734,0.8644633308636758,0.336693259674553,0.26435436308383947,,0.17240510274912021,-3.27162320544609,10.07582347717959,10.07582347717959,2.0001791054864707e-23,1768390.0,8.267694709487511,1.3659241099053556e-16,0.3262008321306943,0.17099745258274468,GCST90200835,cancerType_celltype,KICH_Epi_KICH,tissue,Tumor,Adjacent,group1_higher,2.4761526982543684e-23,1.641758872840388e-16
2794,1081,-0.5517284498518248,-0.3856348817845829,-0.5938825905323029,-0.4471480250358581,0.5181072892977656,0.5536962235305064,-0.1660935680672419,-0.14673456549644476,,-0.16131625254619228,-0.5167216952805003,-8.523977603509886,-8.523977603509886,3.1454963324967277e-17,1252292.5,-8.255896660824304,1.5078624313692367e-16,-0.3144088761812795,-0.17075343821867528,GCST90199907,cancerType_celltype,KICH_Epi_KICH,tissue,Tumor,Adjacent,group2_higher,3.7740418144304927e-17,1.8107634307984754e-16
2794,1081,-0.2605088500490341,-0.3651522215752584,-0.3028881400823593,-0.3946348130702972,0.3537416659084931,0.33637092445737543,0.10464337152622427,0.09174667298793787,,0.1252239188600492,-0.4871640360641511,8.559696036937417,8.559696036937417,2.178432874521216e-17,1767447.0,8.237503230818842,1.7586509669775317e-16,0.2998508697728118,0.17037301419653716,GCST90200931,cancerType_celltype,KICH_Epi_KICH,tissue,Tumor,Adjacent,group1_higher,2.61603877354398e-17,2.110071538723922e-16
2794,1081,-0.13970193997176952,-0.04913100336257276,-0.1678426936268806,-0.0343320742249488,0.31265836874174685,0.38065264482335126,-0.09057093660919677,-0.1335106194019318,,-0.07616614515957365,-1.5076274103509029,-6.966442346705968,-6.966442346705968,4.656318903262269e-12,1255683.0,-8.147345008198506,3.720504506444896e-16,-0.27197039371960896,-0.1685083074143947,GCST90200310,cancerType_celltype,KICH_Epi_KICH,tissue,Tumor,Adjacent,group2_higher,5.383004805043658e-12,4.460024311595773e-16
2794,1081,-0.6093239617561607,-0.4570031509907859,-0.6483835875988007,-0.4842635095119476,0.6357032860648322,0.4642261476564184,-0.15232081076537474,-0.16412007808685308,,-0.10118148878862017,-0.41500457395389134,-8.212635962593918,-8.212635962593918,3.32977220205841e-16,1258814.0,-8.047101615079093,8.478887563440877e-16,-0.25691068691531577,-0.1664350130483122,GCST90200204,cancerType_celltype,KICH_Epi_KICH,tissue,Tumor,Adjacent,group2_higher,3.9776332264729297e-16,1.015529327677497e-15
2794,1081,-0.07722399963377394,-0.2633679652975133,-0.11951168999075884,-0.2974933981895447,0.6788820572806151,0.5312211167177708,0.18614396566373934,0.17798170819878584,,0.12827398250190916,-1.7699454881172592,9.018656567465127,9.018656567465127,3.7050988506041753e-19,1760823.0,8.025426502609646,1.0118701028345287e-15,0.2903351219532238,0.1659867152885428,GCST90199755,cancerType_celltype,KICH_Epi_KICH,tissue,Tumor,Adjacent,group1_higher,4.469070560507514e-19,1.2108682617765256e-15
2794,1081,-0.7851213590683963,-0.711507960588169,-0.8359872102737427,-0.7269050478935242,0.4184466361367091,0.30938548578581626,-0.0736133984802273,-0.1090821623802185,,-0.08564265941789173,-0.1420355855598962,-5.986289194275141,-5.986289194275141,2.438149108217045e-09,1261225.0,-7.969910040243289,1.5881048481653762e-15,-0.18821928302842725,-0.16483849030266384,GCST90199929,cancerType_celltype,KICH_Epi_KICH,tissue,Tumor,Adjacent,group2_higher,2.760130593438399e-09,1.898760445657375e-15
2794,1081,0.05312565138174133,0.17808802761476178,0.018200721591711,0.1712009161710739,0.5873052039275083,0.39106479738696925,-0.12496237623302045,-0.15300019457936292,,-0.09921350122592454,1.7450909456544477,-7.677459762330866,-7.677459762330866,2.1967050658161715e-14,1261957.0,-7.946474024988287,1.919198817174152e-15,-0.23149569553267135,-0.16435377248855587,GCST90200597,cancerType_celltype,KICH_Epi_KICH,tissue,Tumor,Adjacent,group2_higher,2.5811284523340017e-14,2.292609980550718e-15
2794,1081,-0.24990873791335597,-0.06550151726255102,-0.30598619580268854,-0.1205941587686538,0.685032803846268,0.640370415579943,-0.18440722065080495,-0.18539203703403473,,-0.11235137795310425,-1.931784862557279,-7.882497173597676,-7.882497173597676,5.121387988262119e-15,1262906.0,-7.916090447833921,2.4512689048014787e-15,-0.27405797873060467,-0.16372536100551138,GCST90200720,cancerType_celltype,KICH_Epi_KICH,tissue,Tumor,Adjacent,group2_higher,6.059419989584434e-15,2.925638806693884e-15
2794,1081,-0.2773499816131369,0.04145484100286328,-0.3161405920982361,-0.0568295530974864,1.3751041059948284,0.9350970450474083,-0.3188048226160002,-0.2593110390007497,,-0.10184479536659365,-2.7420655389921613,-8.271129523841838,-8.271129523841838,2.0063303601734304e-16,1264001.0,-7.881032474194266,3.247285078122194e-15,-0.2514521965254844,-0.1630002708327677,GCST90200255,cancerType_celltype,KICH_Epi_KICH,tissue,Tumor,Adjacent,group2_higher,2.4030125491356643e-16,3.872309327629528e-15
2794,1081,-0.5002988297377475,-0.39989503184175135,-0.5585969388484955,-0.4132079184055328,0.5639452097697065,0.4187671504443417,-0.10040379789599618,-0.1453890204429627,,-0.09179841241045698,-0.32316799595957735,-6.043015968949002,-6.043015968949002,1.72700770545347e-09,1264831.0,-7.854458850339551,4.0155314132499805e-15,-0.19034087289950977,-0.16245065910365608,GCST90199785,cancerType_celltype,KICH_Epi_KICH,tissue,Tumor,Adjacent,group2_higher,1.9583290370491507e-09,4.7842389128144435e-15
2794,1081,0.7669573912388722,0.40289770929503815,0.6988448798656464,0.3830403685569763,1.291158071240493,0.7709662347669514,0.36405968194383403,0.31580451130867004,,0.12974808589881673,0.9287311275068142,10.751821351465196,10.751821351465196,1.6257148309186098e-26,1755060.0,7.840915907097931,4.4732894082156746e-15,0.31126868784758993,0.16217055577665107,GCST90199696,cancerType_celltype,KICH_Epi_KICH,tissue,Tumor,Adjacent,group1_higher,2.063174408325945e-26,5.324972457116126e-15
2794,1081,-0.29556805578272277,-0.40596559599516213,-0.3228185176849365,-0.4105972945690155,0.37497363843644976,0.2833098286323837,0.11039754021243936,0.08777877688407898,,0.14416444081441349,-0.45786578721973653,9.891117740856274,9.891117740856274,1.1445675018813064e-22,1753171.0,7.780436900517742,7.228365518706164e-15,0.3137877120071654,0.1609196924558176,GCST90200602,cancerType_celltype,KICH_Epi_KICH,tissue,Tumor,Adjacent,group1_higher,1.4118058869359463e-22,8.597087436297122e-15
2794,1081,-0.46777385690086337,-0.24516288978579667,-0.5042027831077576,-0.2940336465835571,0.8381492032101772,0.7265545039912771,-0.2226109671150667,-0.2101691365242005,,-0.1111332455289728,-0.9320678183198747,-8.184688693265374,-8.184688693265374,4.518930525019809e-16,1268884.0,-7.724696323251406,1.121344048347458e-14,-0.2753107653680934,-0.15976683219029542,GCST90199917,cancerType_celltype,KICH_Epi_KICH,tissue,Tumor,Adjacent,group2_higher,5.39343459334676e-16,1.3325125875305887e-14
2794,1081,-0.4505242252885537,-0.6043240640038464,-0.4846821278333664,-0.6070878505706787,0.5478505027362203,0.4050773149724674,0.15379983871529274,0.12240572273731232,,0.14142541102522346,-0.4237168921361069,9.55268266116455,9.55268266116455,2.77960604134146e-21,1750938.0,7.708944247424274,1.2687872778313916e-14,0.300357409843263,0.15944103824966538,GCST90199656,cancerType_celltype,KICH_Epi_KICH,tissue,Tumor,Adjacent,group1_higher,3.385704230874361e-21,1.5064085885750756e-14
2794,1081,0.28415288343963496,0.20515479324986446,0.28342972695827484,0.1883107721805572,0.3399247696848728,0.2567020392495018,0.0789980901897705,0.09511895477771765,,0.06299374014543702,0.4699525383183901,7.809950012529272,7.809950012529272,8.250571374388014e-15,1750683.0,7.7007800617821625,1.3525503254067225e-14,0.24771357377284456,0.15927218163409496,GCST90200954,cancerType_celltype,KICH_Epi_KICH,tissue,Tumor,Adjacent,group1_higher,9.744825635434024e-15,1.604461352070812e-14
2794,1081,-0.2331331254395065,-0.10537154079994504,-0.27954618632793427,-0.1419650018215179,0.5631516246337376,0.4644864851799238,-0.12776158463956147,-0.13758118450641638,,-0.1220876695338904,-1.145661235354844,-7.22048508789347,-7.22048508789347,6.95293623435806e-13,1269824.0,-7.6946008938255845,1.4195427892310807e-14,-0.2377124436864457,-0.15914438035250644,GCST90200134,cancerType_celltype,KICH_Epi_KICH,tissue,Tumor,Adjacent,group2_higher,8.072276054028991e-13,1.6824668014973593e-14
2794,1081,0.14793503523666166,-0.02830599964455039,0.1314350813627243,-0.0568068511784076,0.6465751590061115,0.5843504626628258,0.17624103488121204,0.18824193254113192,,0.11909227442337872,2.3857427701412774,8.16853194747861,8.16853194747861,5.253089075289859e-16,1750165.0,7.684195559183678,1.5398058277502134e-14,0.2798178558855716,0.15892917094050496,GCST90200235,cancerType_celltype,KICH_Epi_KICH,tissue,Tumor,Adjacent,group1_higher,6.258706651765802e-16,1.8234190644861347e-14
2794,1081,0.24817895220823283,-0.07241779636952657,0.19014887511730189,-0.0725066512823104,1.1718489156843448,1.0446310952055267,0.3205967485777594,0.2626555263996123,,0.12343399600681541,1.7769504764084987,8.275074616696132,8.275074616696132,2.203708993888189e-16,1747523.0,7.599608192648549,2.97065407100777e-14,0.2817677763250593,0.15717968396663395,GCST90200202,cancerType_celltype,KICH_Epi_KICH,tissue,Tumor,Adjacent,group1_higher,2.634785402341756e-16,3.514758245471867e-14
2794,1081,0.42617490049456797,0.18492067495169306,0.3901948928833008,0.115569457411766,1.0008714875280365,0.6159094551351302,0.2412542255428749,0.2746254354715348,,0.10532419600497893,1.2045346783932758,9.057594094332455,9.057594094332455,2.285540095941221e-19,1745199.0,7.525202045855346,5.264531084655296e-14,0.26510085562991337,0.15564077112512154,GCST90200888,cancerType_celltype,KICH_Epi_KICH,tissue,Tumor,Adjacent,group1_higher,2.764144765543819e-19,6.223378897125037e-14
2794,1081,0.19739293033905056,-0.009102438744250168,0.155879370868206,-0.0365012437105178,0.8240285246792981,0.708634859015904,0.20649536908330074,0.1923806145787238,,0.1147923688597859,4.4385222051773,7.762956670844973,7.762956670844973,1.2461957903750873e-14,1742249.0,7.4307536237211185,1.079937462508064e-13,0.26022063056032285,0.1536873318469536,GCST90199784,cancerType_celltype,KICH_Epi_KICH,tissue,Tumor,Adjacent,group1_higher,1.4668090347851847e-14,1.2755240566711363e-13
2794,1081,-0.08803115036977435,-0.4961457926388847,-0.19952747225761408,-0.5272973775863647,1.527340035730742,1.0221731305374675,0.4081146422691103,0.32776990532875067,,0.1310552699820147,-2.4946646130430823,9.61543433489059,9.61543433489059,1.434258841229951e-21,1739223.0,7.333871954101398,2.2362346354080775e-13,0.29050258056880063,0.15168356667551786,GCST90200445,cancerType_celltype,KICH_Epi_KICH,tissue,Tumor,Adjacent,group1_higher,1.7548427294402365e-21,2.6389504831698784e-13
2794,1081,0.397570181680666,0.5626180872493328,0.38385176658630366,0.5166378021240234,0.685166072989465,0.574409046638496,-0.16504790556866683,-0.13278603553771978,,-0.10568694409329936,0.5009453123402676,-7.586951071311936,-7.586951071311936,4.7075564105848615e-14,1281676.0,-7.315142351745966,2.571393379314967e-13,-0.2515347143559552,-0.15129618973391512,GCST90200993,cancerType_celltype,KICH_Epi_KICH,tissue,Tumor,Adjacent,group2_higher,5.5123706079271185e-14,3.031841847756315e-13
2794,1081,-0.32447371743756315,-0.22437216416377972,-0.3716188967227936,-0.2445715516805648,0.5744626521767449,0.38752264791381474,-0.10010155327378342,-0.12704734504222878,,-0.08484737121704566,-0.5322059353060151,-6.243749738035131,-6.243749738035131,4.899045696729418e-10,1282257.0,-7.296540815047666,2.952954240267619e-13,-0.18922142842593165,-0.15091146152353696,GCST90200617,cancerType_celltype,KICH_Epi_KICH,tissue,Tumor,Adjacent,group2_higher,5.578445517662653e-10,3.478717916581473e-13
2794,1081,-0.4186821393452821,-0.3218136559158593,-0.4533282369375229,-0.3442302346229553,0.5058351320030464,0.393891098622801,-0.09686848342942278,-0.10909800231456757,,-0.08823148581004914,-0.3796287909122202,-6.317621639077165,-6.317621639077165,3.133368979471933e-10,1283150.0,-7.267950157093135,3.650266441078458e-13,-0.20296517712192153,-0.1503201322776374,GCST90199884,cancerType_celltype,KICH_Epi_KICH,tissue,Tumor,Adjacent,group2_higher,3.5738760828621293e-10,4.2964707765025373e-13
2794,1081,-0.46616665565822785,-0.27840278242955074,-0.4896300733089447,-0.3141659796237945,0.7338514836846503,0.6484216344490141,-0.1877638732286771,-0.1754640936851502,,-0.09751074246801658,-0.7436700967533867,-7.785109670819317,-7.785109670819317,1.062465607459546e-14,1284646.0,-7.220053601326082,5.197320443993343e-13,-0.2640612513799494,-0.1493295067996241,GCST90200052,cancerType_celltype,KICH_Epi_KICH,tissue,Tumor,Adjacent,group2_higher,1.2527168018748799e-14,6.112120591167322e-13
2794,1081,-0.3628489646928801,-0.6110330043722114,-0.4654332399368286,-0.7192163467407227,0.9645928702782981,0.855738446413777,0.24818403967933134,0.25378310680389404,,0.15142630671366572,-0.7518795393784127,7.807653803421843,7.807653803421843,8.944638632240321e-15,1735264.0,7.207118969955835,5.715478768555946e-13,0.26529196826438184,0.14906198494593603,GCST90201012,cancerType_celltype,KICH_Epi_KICH,tissue,Tumor,Adjacent,group1_higher,1.0555448013630786e-14,6.715687553053237e-13
2794,1081,0.25261125603321677,0.14150319145449092,0.25016057491302485,0.1351381689310073,0.4639811786431327,0.4174672858670746,0.11110806457872585,0.11502240598201754,,0.09992080150935778,0.8360798489721403,7.197978271587331,7.197978271587331,8.386256599501361e-13,1733992.0,7.166394090988128,7.700791500967268e-13,0.24609050666274007,0.14821968841650235,GCST90200863,cancerType_celltype,KICH_Epi_KICH,tissue,Tumor,Adjacent,group1_higher,9.719785497551322e-13,9.040636361600676e-13
2794,1081,-0.17443578641082685,-0.32068749502039307,-0.21270876377820963,-0.3536239564418793,0.5568267198975477,0.4791558701517853,0.1462517086095662,0.14091519266366964,,0.13644272787949882,-0.8784682792640661,8.133143155344978,8.133143155344978,6.815520070809935e-16,1733961.0,7.165401582145361,7.75679234417787e-13,0.27270495121735305,0.14819916074951145,GCST90200765,cancerType_celltype,KICH_Epi_KICH,tissue,Tumor,Adjacent,group1_higher,8.11314747293794e-16,9.098543859823095e-13
2794,1081,-0.25824374025077584,-0.44979887876175445,-0.28156325221061707,-0.4756644070148468,0.8423766341266563,0.6046562227169782,0.1915551385109786,0.19410115480422974,,0.11527247071486636,-0.8005443066738026,7.8716308596459035,7.8716308596459035,5.012409428089316e-15,1733036.0,7.1357863989337815,9.62465581002067e-13,0.24452559496347728,0.14758664165381474,GCST90199851,cancerType_celltype,KICH_Epi_KICH,tissue,Tumor,Adjacent,group1_higher,5.935633406156158e-15,1.1279798683626977e-12
2794,1081,0.9791190327041327,1.1617849104969686,0.9812824130058289,1.1522254943847656,0.8335711943182472,0.5671015957780597,-0.18266587779283594,-0.17094308137893677,,-0.08717953053525723,0.24678659958769228,-7.81597085726731,-7.81597085726731,7.59757572602866e-15,1290428.0,-7.034934693942995,1.9937724118124615e-12,-0.23765718904671196,-0.1455007658144153,GCST90200817,cancerType_celltype,KICH_Epi_KICH,tissue,Tumor,Adjacent,group2_higher,8.981349275435441e-15,2.3346321282649357e-12
2794,1081,0.02267001723183893,0.09064308544723718,-0.00510242674499745,0.0837804675102233,0.3639879817420072,0.2975816524030516,-0.06797306821539825,-0.08888289425522075,,-0.07589230731718777,1.999363761577805,-5.976873211501401,-5.976873211501401,2.6161329781775203e-09,1291795.0,-6.9911682556184225,2.72637696658658e-12,-0.19602823926708235,-0.1445955619183965,GCST90201002,cancerType_celltype,KICH_Epi_KICH,tissue,Tumor,Adjacent,group2_higher,2.9591612027020416e-09,3.1897440390193208e-12
2794,1081,0.16034227942447743,0.024270273357340947,0.12873917073011396,0.0006880689761601,0.5470272076126216,0.4291885482128639,0.1360720060671365,0.12805110175395384,,0.11399185853943916,2.723842181899726,8.168392812447038,8.168392812447038,4.917227009937655e-16,1726273.0,6.9192593891392775,4.540621956440551e-12,0.2632586213220668,0.1431082993357644,GCST90199913,cancerType_celltype,KICH_Epi_KICH,tissue,Tumor,Adjacent,group1_higher,5.863674903363975e-16,5.307776780984967e-12
2794,1081,-0.15836213824508627,-0.3049436729715219,-0.1878864914178848,-0.324487566947937,0.6456451471933174,0.5024285084622766,0.14658153472643565,0.1366010755300522,,0.09816919532228134,-0.9453109516084358,7.492737381004554,7.492737381004554,9.297069401533375e-14,1726242.0,6.918266880296511,4.572540317622264e-12,0.24065109252992842,0.1430877716687735,GCST90200865,cancerType_celltype,KICH_Epi_KICH,tissue,Tumor,Adjacent,group1_higher,1.0849234241686636e-13,5.340507671738772e-12
2794,1081,-0.10865752356924478,-0.23292323749412927,-0.1537181437015533,-0.2536775171756744,0.49537699426569304,0.4159924528796722,0.12426571392488449,0.0999593734741211,,0.12526014180655273,-1.1000594212799906,7.892257536233751,7.892257536233751,4.534211534218605e-15,1724049.0,6.8480548837743545,7.486922248236054e-12,0.26184500177983216,0.1416356047748677,GCST90200456,cancerType_celltype,KICH_Epi_KICH,tissue,Tumor,Adjacent,group1_higher,5.3787034996866484e-15,8.736879301665876e-12
2794,1081,-0.04683215447048646,-0.14032008216567626,-0.0785926207900047,-0.1827473789453506,0.3931732890390653,0.38579987001089516,0.0934879276951898,0.10415475815534589,,0.11194576831218132,-1.5831296592332704,6.72912374180471,6.72912374180471,2.2223330049345568e-11,1723714.0,6.83732938498962,8.069210191410289e-12,0.23901938029832817,0.14141377353480467,GCST90200903,cancerType_celltype,KICH_Epi_KICH,tissue,Tumor,Adjacent,group1_higher,2.5626394972299498e-11,9.408326339514306e-12
2794,1081,-0.027123988909021794,-0.15892222800426045,-0.0639281943440437,-0.1645520478487014,0.5466630705578176,0.41208019218022807,0.13179823909523866,0.10062385350465769,,0.1196367943527181,-2.55063554968062,8.110944073355158,8.110944073355158,7.672588525716665e-16,1721069.0,6.752645969211643,1.45188907931541e-11,0.2570676502348922,0.13966230001251523,GCST90200373,cancerType_celltype,KICH_Epi_KICH,tissue,Tumor,Adjacent,group1_higher,9.125425969067902e-16,1.6913887308606014e-11
2794,1081,-0.6362516370925448,-0.8722646541510205,-0.7231186330318451,-0.906201958656311,0.9301942156462076,0.688978066660114,0.23601301705847566,0.18308332562446594,,0.1442794651007366,-0.45516785326149656,8.624836939586293,8.624836939586293,1.0897644804229717e-17,1720824.0,6.744801947712359,1.5325279675560577e-11,0.2713780738502174,0.13950006522500646,GCST90200983,cancerType_celltype,KICH_Epi_KICH,tissue,Tumor,Adjacent,group1_higher,1.3098315580392507e-17,1.7838049699222087e-11
2794,1081,0.17942685548785223,-0.029163001117358547,0.18912202864885325,-0.0650387704372406,1.0740904972544107,0.6045047030339951,0.2085898566052108,0.25416079908609385,,0.08534772362735035,2.6211433134945135,7.61178360846492,7.61178360846492,3.484926682107214e-14,1720577.0,6.73689389338451,1.618260709227433e-11,0.2158494761695921,0.1393365060718852,GCST90200473,cancerType_celltype,KICH_Epi_KICH,tissue,Tumor,Adjacent,group1_higher,4.0877410221274806e-14,1.881987497164668e-11
2794,1081,-0.24645855647384687,-0.4589628797079627,-0.36137646436691284,-0.5099724531173706,0.8821344933495558,0.7702199243636172,0.2125043232341158,0.14859598875045776,,0.12607140087789248,-0.8970296959059468,7.388165962356106,7.388165962356106,2.092261686192849e-13,1720281.0,6.7274170347568045,1.7272023777128557e-11,0.24929960034264378,0.1391404999612622,GCST90200837,cancerType_celltype,KICH_Epi_KICH,tissue,Tumor,Adjacent,group1_higher,2.4332360736184755e-13,2.0069708787916644e-11
2794,1081,-0.7637664122350957,-0.9249772849593098,-0.8105440437793732,-0.9417576789855956,0.6969438568387691,0.6001801525980807,0.16121087272421408,0.13121363520622242,,0.10802015065692024,-0.2762861313130423,7.159112339451919,7.159112339451919,1.0928471989168994e-12,1718854.0,6.681729611575264,2.3616422631248875e-11,0.24012414169758103,0.13819556509687403,GCST90200076,cancerType_celltype,KICH_Epi_KICH,tissue,Tumor,Adjacent,group1_higher,1.2655486254237332e-12,2.7418385048034258e-11
2794,1081,0.259951735672419,0.003713915855146705,0.1527543812990188,-0.0386608466506004,0.9836644021983091,0.6592816445606419,0.25623781981727234,0.1914152279496192,,0.12294627579707369,6.128775994296016,9.366506696604604,9.366506696604604,1.4557480447375972e-20,1718506.0,6.670587899404854,2.548085148984405e-11,0.2831430626809148,0.1379651254803309,GCST90200846,cancerType_celltype,KICH_Epi_KICH,tissue,Tumor,Adjacent,group1_higher,1.7700130106845183e-20,2.95577877282191e-11
2794,1081,0.19454545437201823,0.023693028150365846,0.1296794563531875,0.005887147039175,0.6875172567114397,0.5202724480682863,0.1708524262216524,0.1237923093140125,,0.13277298035133644,3.037519294512755,8.340938691296582,8.340938691296582,1.1844810846455492e-16,1718466.5,6.669323251040684,2.570136960706321e-11,0.2647832793492289,0.13793896925948768,GCST90200302,cancerType_celltype,KICH_Epi_KICH,tissue,Tumor,Adjacent,group1_higher,1.4199188376181913e-16,2.9788237053084314e-11
2794,1081,-0.11573932704100093,-0.24235839918298344,-0.1166405342519283,-0.2795152366161346,0.6091882352657422,0.6163003996733459,0.1266190721419825,0.1628747023642063,,0.07919311188814009,-1.066256408423247,5.754285465295979,5.754285465295979,1.0086761169233093e-08,1717287.0,6.631559890394134,3.3219374807533066e-11,0.2071715560077593,0.1371579246396235,GCST90200477,cancerType_celltype,KICH_Epi_KICH,tissue,Tumor,Adjacent,group1_higher,1.1334093547951118e-08,3.846899563523158e-11
2794,1081,-0.27459564222966193,-0.18015246465290655,-0.336445614695549,-0.1861472725868225,0.5304909102180879,0.44970961434192047,-0.09444317757675538,-0.1502983421087265,,-0.07879447909540746,-0.608087586830421,-5.566973015287583,-5.566973015287583,2.8938641796344467e-08,1303546.0,-6.614943371381366,3.717342287293074e-11,-0.18545367981267294,-0.13681425176322726,GCST90200524,cancerType_celltype,KICH_Epi_KICH,tissue,Tumor,Adjacent,group2_higher,3.243698089508019e-08,4.3011354308832426e-11
2794,1081,-0.054137259616922555,-0.0011160722220517666,-0.08389648795127866,-0.0119253173470497,0.35390173811920067,0.2500597050835079,-0.053021187394870786,-0.07197117060422896,,-0.07232188109738982,-5.598854141481287,-5.232686791221497,-5.232686791221497,1.795891141898508e-07,1304982.0,-6.56896780047128,5.0670684294559726e-11,-0.16151962706604756,-0.13586335725358356,GCST90200481,cancerType_celltype,KICH_Epi_KICH,tissue,Tumor,Adjacent,group2_higher,1.9982037766593197e-07,5.857857734816362e-11
2794,1081,0.35104011468453555,0.2620271867398566,0.3731783479452133,0.2719339430332184,0.44837358720436316,0.3557117841349148,0.08901292794467897,0.10124440491199493,,0.08068681543669283,0.4219179991067825,6.4746757562836335,6.4746757562836335,1.14346149870447e-10,1715193.0,6.564517518885973,5.2207215109360884e-11,0.20965292917576653,0.13577131384352747,GCST90200452,cancerType_celltype,KICH_Epi_KICH,tissue,Tumor,Adjacent,group1_higher,1.309695817423691e-10,6.030375779157533e-11
2794,1081,-0.04328272440918041,0.036244540608847284,-0.08691857755184171,0.0223876871168613,0.4808069184976316,0.3749874310603148,-0.0795272650180277,-0.10930626466870301,,-0.08368367965024542,-0.2560211360343239,-5.451434281317703,-5.451434281317703,5.486015394252333e-08,1305414.0,-6.555136709501116,5.559688916096391e-11,-0.1752525166296273,-0.13557729428132304,GCST90200609,cancerType_celltype,KICH_Epi_KICH,tissue,Tumor,Adjacent,group2_higher,6.134076277576644e-08,6.416474168195919e-11
2794,1081,-0.6471240632074339,-0.42022515239961233,-0.7980646789073944,-0.4888701438903808,1.3983238947110603,1.0955650814611593,-0.22689891080782154,-0.3091945350170136,,-0.0628135204577641,-0.6228786043569006,-5.333042162330116,-5.333042162330116,1.0528222863924977e-07,1306416.0,-6.523056262389761,6.88963624875544e-11,-0.1717767146199762,-0.13491378710955215,GCST90200790,cancerType_celltype,KICH_Epi_KICH,tissue,Tumor,Adjacent,group2_higher,1.1743017809762474e-07,7.944648229317821e-11
2794,1081,-0.17353213524308034,-0.06136678557120059,-0.21189343184232706,-0.068540520966053,0.5916832692318728,0.4907033803851713,-0.11216534967187974,-0.14335291087627405,,-0.08030246219617738,-1.4996577336383443,-6.0122827235861545,-6.0122827235861545,2.115115107473107e-09,1306583.0,-6.517709521204535,7.139668327188579e-11,-0.19840295338518876,-0.1348032025809237,GCST90200562,cancerType_celltype,KICH_Epi_KICH,tissue,Tumor,Adjacent,group2_higher,2.396427174967452e-09,8.226008393878303e-11
2794,1081,0.0916187961225678,-0.08894337076287989,0.08254235982894889,-0.1360442638397216,0.8397626971905949,0.7779344115993241,0.18056216688544768,0.2185866236686705,,0.08845410920623191,0.04275605143705079,6.335577876095318,6.335577876095318,2.882420353863275e-10,1712644.0,6.482907678879143,8.99811073377576e-11,0.21939807844499284,0.1340834098706294,GCST90199908,cancerType_celltype,KICH_Epi_KICH,tissue,Tumor,Adjacent,group1_higher,3.2904011242174573e-10,1.0358467001804359e-10
2794,1081,-0.16259491256865358,-0.07747927905365336,-0.20358237624168396,-0.1368896216154098,0.439353629862113,0.36955895992101107,-0.08511563351500022,-0.06669275462627416,,-0.09221430440873879,-1.0693899354690084,-6.088576298943841,-6.088576298943841,1.3296668425835388e-09,1308016.0,-6.471829999537298,9.683328303377406e-11,-0.2021480126311877,-0.13385429461969844,GCST90200989,cancerType_celltype,KICH_Epi_KICH,tissue,Tumor,Adjacent,group2_higher,1.5102799220344695e-09,1.1137870445150553e-10
2794,1081,-0.5377939595870683,-0.7119633879786733,-0.585761159658432,-0.7900766730308533,0.8393336364004778,0.7319083044760945,0.17416942839160499,0.20431551337242126,,0.10448196707569243,-0.40474884647314413,6.369581457360253,6.369581457360253,2.293981534563282e-10,1711555.0,6.448041803725186,1.1331648187216978e-10,0.2148091656069512,0.13336229279472267,GCST90200987,cancerType_celltype,KICH_Epi_KICH,tissue,Tumor,Adjacent,group1_higher,2.6208690960685275e-10,1.3022796356810068e-10
2794,1081,0.7578020061406947,1.01078630485839,0.7212388813495636,0.8826824426651001,0.9090548204920315,0.934768871957813,-0.25298429871769534,-0.1614435613155365,,-0.10191076280718062,0.41558468173426777,-7.613626635392636,-7.613626635392636,4.157334791488976e-14,1309085.0,-6.437604452668996,1.2138659377454788e-10,-0.2760939608892982,-0.13314642119991493,GCST90199866,cancerType_celltype,KICH_Epi_KICH,tissue,Tumor,Adjacent,group2_higher,4.8722676877037616e-14,1.3938494297785067e-10
2794,1081,0.6934271861603792,0.5187417142465581,0.6331791281700134,0.4624723196029663,0.8002376423557713,0.7051562993281785,0.1746854719138211,0.17070680856704712,,0.1021873351415365,0.4187273109547808,6.654093756869326,6.654093756869326,3.5821531784874845e-11,1707893.0,6.330797694621611,2.439222670279203e-10,0.22543033521428502,0.13093737935856997,GCST90200303,cancerType_celltype,KICH_Epi_KICH,tissue,Tumor,Adjacent,group1_higher,4.123711809356792e-11,2.7985357740661227e-10
2794,1081,-0.024768088409165157,-0.07950032161518364,-0.029011051170527852,-0.0854331403970718,0.26427160041327524,0.19576271521782596,0.054732233206018485,0.056422089226543945,,0.08655234500076105,-1.6824380704543942,7.03968550048257,7.03968550048257,2.4481122851839713e-12,1706280.0,6.2791552183834725,3.4045265664885974e-10,0.22151174312110342,0.12986927849223617,GCST90199627,cancerType_celltype,KICH_Epi_KICH,tissue,Tumor,Adjacent,group1_higher,2.832578136422541e-12,3.902749966462539e-10
2794,1081,-0.7595495901333199,-1.0147785912071863,-0.8466846346855164,-1.0176383256912231,1.1031751365460254,0.8034845142936448,0.25522900107386637,0.1709536910057068,,0.1346748997633602,-0.4179484457203208,7.941901479838611,7.941901479838611,2.9030357555031875e-15,1704004.0,6.2062858594758445,5.425698196168775e-10,0.2481748461393477,0.12836215042541932,GCST90200045,cancerType_celltype,KICH_Epi_KICH,tissue,Tumor,Adjacent,group1_higher,3.4467227654624086e-15,6.214476169225244e-10
2794,1081,-0.29561457121701834,-0.4057077632531489,-0.32458414137363434,-0.451840192079544,0.5671978899217888,0.5184584505276836,0.11009319203613055,0.12725605070590967,,0.08954442908284047,-0.45672220107327627,5.7720190924116235,5.7720190924116235,8.97647993507897e-09,1702035.0,6.143245539753032,8.086030369785256e-10,0.19871054243785283,0.12705831248009303,GCST90200314,cancerType_celltype,KICH_Epi_KICH,tissue,Tumor,Adjacent,group1_higher,1.011988598140003e-08,9.253786225035519e-10
2794,1081,0.028725677829268458,0.14673594852931415,-0.0063322070054709495,0.1205927729606628,0.598280496580958,0.5621999815340263,-0.11801027070004569,-0.12692497996613375,,-0.07907295261358539,2.352769125553555,-5.754916759406544,-5.754916759406544,9.954103399321786e-09,1319149.0,-6.115391259327006,9.633001462312936e-10,-0.20054705735850886,-0.12648221343873522,GCST90200760,cancerType_celltype,KICH_Epi_KICH,tissue,Tumor,Adjacent,group2_higher,1.1194259845936958e-08,1.1014916940547426e-09
2794,1081,-0.18019786739297877,0.043312707490948524,-0.22217364609241486,-0.054394781589508,1.0475151538507341,0.9674713144564372,-0.22351057488392728,-0.16777886450290685,,-0.09054424677687573,-2.0566943712947685,-6.300208797565556,-6.300208797565556,3.606112258537141e-10,1320004.0,-6.0880172251152205,1.1432900298267719e-09,-0.21788418981860586,-0.12591604713946958,GCST90200988,cancerType_celltype,KICH_Epi_KICH,tissue,Tumor,Adjacent,group2_higher,4.109641311359635e-10,1.3062064632471837e-09
2794,1081,0.475774283629574,0.19438020263478528,0.42931063473224634,0.1288909763097763,1.4611570438331627,0.7811398306914893,0.28139408099478874,0.30041965842247004,,0.10598474440394935,1.2913916143125692,7.7200427293050815,7.7200427293050815,1.5068849741706323e-14,1698818.0,6.040248735005299,1.5389210010113253e-09,0.21520103645793937,0.12492807039268095,GCST90200580,cancerType_celltype,KICH_Epi_KICH,tissue,Tumor,Adjacent,group1_higher,1.7721175321782326e-14,1.7567414777038832e-09
2794,1081,-0.2879239955641108,-0.21502206919316993,-0.3120480477809906,-0.2364474982023239,0.35836458902132967,0.37502353107292097,-0.07290192637094087,-0.07560054957866669,,-0.11153121917327707,-0.4212015880498133,-5.494115108953776,-5.494115108953776,4.459754197209283e-08,1321664.0,-6.034869977405791,1.5910650362720488e-09,-0.20078371160544342,-0.12481682368124636,GCST90200236,cancerType_celltype,KICH_Epi_KICH,tissue,Tumor,Adjacent,group2_higher,4.990677315924674e-08,1.8147461459738934e-09
2794,1081,-0.21712545871081876,-0.40712464372733514,-0.29589539766311646,-0.4473141431808471,0.871467142001322,0.6403190224079761,0.1899991850165164,0.15141874551773066,,0.10593462504645673,-0.9069385543817091,7.446068158264912,7.446068158264912,1.2925048639783937e-13,1696145.0,5.954668859627404,2.6062444668241556e-09,0.2335174183996569,0.12315805575181926,GCST90199740,cancerType_celltype,KICH_Epi_KICH,tissue,Tumor,Adjacent,group1_higher,1.5057129312842312e-13,2.9701598731449196e-09
2794,1081,0.21579799484744042,0.3633157993977197,0.1674752533435821,0.306367814540863,0.7750109001471592,0.6562742654850338,-0.14751780455027927,-0.13889256119728088,,-0.08441319982694234,0.751539931011001,-5.956248779479006,-5.956248779479006,2.9774812836332377e-09,1325100.0,-5.924861577930127,3.125910072620538e-09,-0.19832753067336012,-0.12254156355928558,GCST90200164,cancerType_celltype,KICH_Epi_KICH,tissue,Tumor,Adjacent,group2_higher,3.365097006295276e-09,3.559411385949702e-09
2794,1081,0.42932691595258105,0.1507947130247095,0.326513409614563,0.0903612896800041,1.275626812966535,0.8736871411107121,0.2785322029278715,0.23615211993455887,,0.12790547622141343,1.5094845686262786,7.759394595775157,7.759394595775157,1.1802005800499413e-14,1695046.0,5.919482820330618,3.2298700507552227e-09,0.23656097219323152,0.12243031684785088,GCST90200770,cancerType_celltype,KICH_Epi_KICH,tissue,Tumor,Adjacent,group1_higher,1.3903313661262488e-14,3.67471859697777e-09
2794,1081,-0.34711811199893905,-0.27255675495554216,-0.38396298885345453,-0.295692503452301,0.5183284418550204,0.3844781432430345,-0.07456135704339689,-0.08827048540115351,,-0.07215434971979626,-0.3488688313759455,-4.885677690588965,-4.885677690588965,1.0925945717699288e-06,1327059.0,-5.862141422350143,4.5697965287056705e-09,-0.15381899047175382,-0.12124434744202095,GCST90199632,cancerType_celltype,KICH_Epi_KICH,tissue,Tumor,Adjacent,group2_higher,1.2087714296448159e-06,5.1948562707471465e-09
2794,1081,-0.3028384425635214,-0.4213205877689138,-0.3494833558797836,-0.4286340177059173,0.5217212641899598,0.391322898932675,0.11848214520539241,0.07915066182613373,,0.11057499605074536,-0.47636872116476126,7.662693932067181,7.662693932067181,2.5518947478546844e-14,1692460.5,5.836704381202467,5.324855391355885e-09,0.24235969330693202,0.120718243202528,GCST90200907,cancerType_celltype,KICH_Epi_KICH,tissue,Tumor,Adjacent,group1_higher,2.9958936617794444e-14,6.048148248681726e-09
2794,1081,1.001216640826876,1.315392701679435,1.031174123287201,1.3200600147247314,1.481646773404764,1.2564262433697646,-0.314176060852559,-0.2888858914375305,,-0.09876524346974876,0.3937390517966842,-6.629260838300031,-6.629260838300031,4.1908434413521684e-11,1328620.0,-5.812163799654709,6.167635130692228e-09,-0.2208722651783296,-0.1202106800816074,GCST90200012,cancerType_celltype,KICH_Epi_KICH,tissue,Tumor,Adjacent,group2_higher,4.820354101740933e-11,6.999572592117824e-09
2794,1081,0.26053399867436927,0.1220048956889517,0.22185654938220975,0.1102365925908088,0.6646776522270863,0.4399991405465034,0.13852910298541757,0.11161995679140095,,0.08587217586885451,1.0945263235265539,7.5437440052402716,7.5437440052402716,6.04950416270618e-14,1691598.0,5.809090223883561,6.281923966693357e-09,0.22694881620701582,0.12014711053221627,GCST90199852,cancerType_celltype,KICH_Epi_KICH,tissue,Tumor,Adjacent,group1_higher,7.07766023499444e-14,7.123346394844464e-09
2794,1081,-0.29766667312765466,-0.6311976510607512,-0.41966740787029266,-0.7090324759483337,1.5944959236161425,1.0687728494953737,0.33353097793309655,0.2893650680780411,,0.08837840908027056,-1.0843915695492494,7.520967905900575,7.520967905900575,7.2026195504391e-14,1691366.0,5.801662415769954,6.566692389036574e-09,0.22736143084053367,0.11999348412118738,GCST90200341,cancerType_celltype,KICH_Epi_KICH,tissue,Tumor,Adjacent,group1_higher,8.412314007925017e-14,7.440067935375604e-09
2794,1081,-0.06591192954157274,0.014784128390749912,-0.08351815119385715,-0.0224682800471782,0.37932497287387146,0.3631839696506088,-0.08069605793232265,-0.06104987114667895,,-0.09290750445070062,-2.1564147218411494,-6.126047113543942,-6.126047113543942,1.077740461481634e-09,1329383.0,-5.7877352755569405,7.134852144438911e-09,-0.21525040219436495,-0.11970543460050842,GCST90200997,cancerType_celltype,KICH_Epi_KICH,tissue,Tumor,Adjacent,group2_higher,1.226177169448637e-09,8.077079296403851e-09
2794,1081,-0.08212298678270198,0.02225793793447601,-0.11474847048521039,-0.0003749781171791,0.6174799433325747,0.5429354351170118,-0.104380924717178,-0.1143734923680313,,-0.08806268098186182,-1.8834189086681576,-5.160324919361587,-5.160324919361587,2.6845142679894433e-07,1331469.0,-5.720949035363042,1.0594065427917885e-08,-0.17465852214955369,-0.11832412126686165,GCST90200000,cancerType_celltype,KICH_Epi_KICH,tissue,Tumor,Adjacent,group2_higher,2.982064341703025e-07,1.1983162803528694e-08
2794,1081,0.08229353413382912,-0.01376782133003609,0.0607532858848571,-0.0459832102060318,0.5134460745314788,0.4074942647083096,0.09606135546386521,0.1067364960908889,,0.10186419844186231,2.579391548526239,6.100346543076523,6.100346543076523,1.2259888606661078e-09,1687764.0,5.686339291523347,1.2980357024783358e-08,0.19756443347893496,0.11760830165340419,GCST90200371,cancerType_celltype,KICH_Epi_KICH,tissue,Tumor,Adjacent,group1_higher,1.3936804145854086e-09,1.4670171330663114e-08
2794,1081,-0.08083475889217571,-0.20964685913994774,-0.11699794232845305,-0.2551652789115906,0.6490147123937622,0.5003486353315302,0.128812100247772,0.1381673365831375,,0.08786587155343024,-1.3749025611429642,6.587593783215341,6.587593783215341,5.4188151919278716e-11,1687279.0,5.6708113305961945,1.4213612682396582e-08,0.2107509290436762,0.11728714299241738,GCST90200062,cancerType_celltype,KICH_Epi_KICH,tissue,Tumor,Adjacent,group1_higher,6.21704133551994e-11,1.605066618567236e-08
2794,1081,-0.17295121121118162,-0.13651569848833864,-0.1965403333306312,-0.1406089961528778,0.3145352876739753,0.22144083483111998,-0.03643551272284298,-0.05593133717775339,,-0.04036495365326707,-0.34129602890718136,-4.05413434362057,-4.05413434362057,5.17063022710019e-05,1334500.0,-5.623907283671908,1.8670318455569242e-08,-0.1249590657628011,-0.11631704518139507,GCST90199725,cancerType_celltype,KICH_Epi_KICH,tissue,Tumor,Adjacent,group2_higher,5.6561548952949906e-05,2.106593050905702e-08
2794,1081,-0.6050759411917088,-0.5154452077039592,-0.6378135085105896,-0.5265792012214661,0.5608380356256417,0.46747257813431065,-0.08963073348774964,-0.11123430728912354,,-0.07638532832393446,-0.23129673134691003,-5.052263952159644,-5.052263952159644,4.703873562768728e-07,1334758.0,-5.615647048786949,1.958461659719189e-08,-0.1670846319841228,-0.11614620201740611,GCST90200081,cancerType_celltype,KICH_Epi_KICH,tissue,Tumor,Adjacent,group2_higher,5.216745049677605e-07,2.2079265857710956e-08
2794,1081,-0.32981545473497265,-0.3972821498713366,-0.3493493348360061,-0.4012018144130707,0.2950327443702622,0.33767250480755,0.06746669513636394,0.05185247957706457,,0.07316253700922501,-0.2685042276569512,5.771805994674037,5.771805994674037,9.254996991737213e-09,1684913.0,5.595060494403115,2.205652070909453e-08,0.21939101636947247,0.11572041847304626,GCST90200319,cancerType_celltype,KICH_Epi_KICH,tissue,Tumor,Adjacent,group1_higher,1.0425256941932085e-08,2.4845485724376734e-08
2794,1081,-0.38531115524793597,-0.3021281511877588,-0.3994169533252716,-0.3146030008792877,0.4536847713825681,0.4358381867162015,-0.08318300406017715,-0.08481395244598389,,-0.08128139760420562,-0.35086230824905806,-5.267385091968545,-5.267385091968545,1.5298042788079682e-07,1337969.0,-5.5128423425249125,3.531166248996377e-08,-0.18535381973882542,-0.114019933026831,GCST90199863,cancerType_celltype,KICH_Epi_KICH,tissue,Tumor,Adjacent,group2_higher,1.704924964853034e-07,3.9743844734781684e-08
2794,1081,-0.09788077295774997,-0.3177263803342741,-0.1346258446574211,-0.3122055232524872,1.1447975718149417,0.8315768928559518,0.21984560737652412,0.17757967859506607,,0.09184014825954956,-1.6986772817854345,6.602336661582014,6.602336661582014,4.859703626785187e-11,1681343.0,5.480761895413558,4.23536436111815e-08,0.20609060439131988,0.11335642585506012,GCST90200054,cancerType_celltype,KICH_Epi_KICH,tissue,Tumor,Adjacent,group1_higher,5.5849713687253036e-11,4.7630376437327046e-08
2794,1081,-0.3345208244144531,-0.21996554483273598,-0.33028674125671387,-0.2653601467609405,0.5411064218960124,0.48471915975490093,-0.1145552795817171,-0.06492659449577337,,-0.0888492960016039,-0.6048162183115611,-6.382507667911941,-6.382507667911941,2.1223189571566003e-10,1339432.5,-5.46598632022205,4.603813919696332e-08,-0.21778952331358428,-0.11305082849001791,GCST90199666,cancerType_celltype,KICH_Epi_KICH,tissue,Tumor,Adjacent,group2_higher,2.426779143124535e-10,5.173123143071805e-08
2794,1081,-0.19474252716493343,-0.08138870713895464,-0.29714488983154297,-0.1094367876648902,1.0203153355067838,0.7583728971289457,-0.11335382002597878,-0.18770810216665276,,-0.05929348249936275,-1.2586571148825594,-3.7687700484090327,-3.7687700484090327,0.0001676671849366269,1341001.0,-5.415768574419495,6.103145323386919e-08,-0.11875392915139545,-0.11201219475855817,GCST90200430,cancerType_celltype,KICH_Epi_KICH,tissue,Tumor,Adjacent,group2_higher,0.00018166166380653614,6.852213406735067e-08
2794,1081,0.006814085933181164,-0.17016389329474468,-0.0298276031389832,-0.2626606822013855,1.1327012857896936,0.9517238319266244,0.17697797922792585,0.2328330790624023,,0.07652225347594555,-4.642057766741372,4.91395036275216,4.91395036275216,9.549514319572733e-07,1678984.0,5.405235174120458,6.472919553855062e-08,0.1630721980352104,0.111794336615332,GCST90200633,cancerType_celltype,KICH_Epi_KICH,tissue,Tumor,Adjacent,group1_higher,1.0573507731582157e-06,7.261390413090082e-08
2794,1081,-0.3482279179841885,-0.37846443964361387,-0.36792594194412226,-0.4468652904033661,0.34527819375556423,0.41555854345019544,0.030236521659425364,0.07893934845924383,,0.034068943761470204,-0.1201255498065199,2.1252356476780534,2.1252356476780534,0.03371188900563941,1676414.0,5.3229529894136896,1.0210512550006578e-07,0.08256050476450727,0.11009252680350445,GCST90200154,cancerType_celltype,KICH_Epi_KICH,tissue,Tumor,Adjacent,group1_higher,0.035337765778880224,1.1444842603337965e-07
2794,1081,-0.21471685192968734,-0.31163433289215026,-0.24194646626710886,-0.3520262837409973,0.5678458975670445,0.561747714337483,0.09691748096246292,0.11007981747388845,,0.07021077711212653,-0.5374166701660716,4.802116060942423,4.802116060942423,1.6875514507741343e-06,1675451.0,5.292121182459363,1.209163159033693e-07,0.1711863257031444,0.10945484476117384,GCST90200725,cancerType_celltype,KICH_Epi_KICH,tissue,Tumor,Adjacent,group1_higher,1.8609487276740655e-06,1.3542229956967326e-07
2794,1081,-0.3520868827561607,-0.4400524392107068,-0.3996402472257614,-0.454838752746582,0.42849056171583294,0.33933444787602374,0.08796555645454612,0.05519850552082056,,0.08554686983272637,-0.32174315525824876,6.702762717355955,6.702762717355955,2.5268761030908902e-11,1674802.0,5.271342529589833,1.3544126814334836e-07,0.21687528623063906,0.10902508811997702,GCST90200193,cancerType_celltype,KICH_Epi_KICH,tissue,Tumor,Adjacent,group1_higher,2.911354292910298e-11,1.515652286366041e-07
2794,1081,-0.2180125611187173,-0.2892308422617048,-0.2488074377179145,-0.3304259181022644,0.39975930794672965,0.356938042974743,0.0712182811429875,0.0816184803843499,,0.08166405578752908,-0.40780851306882,5.382751434663316,5.382751434663316,8.121405870991781e-08,1671792.0,5.1749731225986375,2.2796333630001583e-07,0.18341350349880226,0.10703191787343957,GCST90200145,cancerType_celltype,KICH_Epi_KICH,tissue,Tumor,Adjacent,group1_higher,9.065910075480588e-08,2.548925573231514e-07
2794,1081,-0.11848335785271243,-0.2219406758005863,-0.1463777422904968,-0.2073280364274978,0.48419527990432126,0.41817207481314456,0.10345731794787387,0.06095029413700101,,0.09189480136545047,-0.905483990585643,6.600557699359227,6.600557699359227,5.089404042826581e-11,1669587.0,5.104376929105087,3.319142718142648e-07,0.221666783131395,0.10557180478586004,GCST90200957,cancerType_celltype,KICH_Epi_KICH,tissue,Tumor,Adjacent,group1_higher,5.844025029800025e-11,3.708189774449532e-07
2794,1081,-0.027807893234334,0.048405839371997654,-0.05651587247848505,0.023449745029211,0.509488772207093,0.4096219697023086,-0.07621373260633166,-0.07996561750769605,,-0.059907851534347856,0.7996645713475241,-4.838373865201676,-4.838373865201676,1.3912402599550067e-06,1351268.0,-5.0870560489780985,3.63695070541808e-07,-0.15755815322948954,-0.10521356388772818,GCST90200283,cancerType_celltype,KICH_Epi_KICH,tissue,Tumor,Adjacent,group2_higher,1.5379241478659156e-06,4.059921221527308e-07
2794,1081,0.16138808938309193,0.23018803051640568,0.15848539024591446,0.222715213894844,0.35475719376045267,0.3690097160337958,-0.06879994113331375,-0.06422982364892954,,-0.06702138064855466,0.512276035229864,-5.261125951257044,-5.261125951257044,1.5936996744526184e-07,1356630.0,-4.915384035593783,8.861582973345484e-07,-0.1917562649664251,-0.10166293968110596,GCST90200471,cancerType_celltype,KICH_Epi_KICH,tissue,Tumor,Adjacent,group2_higher,1.774683542711535e-07,9.884073316423808e-07
2794,1081,0.40720617817585647,0.20923181048800754,0.3645578771829605,0.1042761504650116,1.2479160151087723,0.8544231475137761,0.19797436768784893,0.2602817267179489,,0.08233088969635478,0.9606538901110325,5.638699255184186,5.638699255184186,1.881438310440885e-08,1663661.0,4.914647658065278,8.894953756765584e-07,0.17188466513973255,0.10164770947656443,GCST90200427,cancerType_celltype,KICH_Epi_KICH,tissue,Tumor,Adjacent,group1_higher,2.1106176272682518e-08,9.913182314367532e-07
2794,1081,-0.42839464551129036,-0.31010574368767746,-0.543978214263916,-0.3625068068504333,0.9057370400645787,0.8357429675137106,-0.1182889018236129,-0.18147140741348272,,-0.06771494713068006,-0.4661789160497888,-3.858682944357243,-3.858682944357243,0.00011741347718254007,1358962.0,-4.8407217574863175,1.2937882479906176e-06,-0.13339229687097395,-0.10011872937714428,GCST90200240,cancerType_celltype,KICH_Epi_KICH,tissue,Tumor,Adjacent,group2_higher,0.0001278231384982445,1.4407135473947808e-06
2794,1081,-1.1605725522066956,-1.105400376007216,-1.304443895816803,-1.1575078964233398,1.1581750410898368,0.6433946671905274,-0.05517217619947967,-0.14693599939346313,,-0.02416595315861995,-0.0702676439070736,-1.8780523205923565,-1.8780523205923565,0.06045922898497398,1360081.0,-4.804895389903876,1.5484482583723074e-06,-0.053021816846547234,-0.0993777468170528,GCST90200884,cancerType_celltype,KICH_Epi_KICH,tissue,Tumor,Adjacent,group2_higher,0.06290528939428973,1.7228856948256774e-06
2794,1081,-0.008176366196821019,0.11939625106266497,0.008829959435388399,0.0871993452310562,0.7984212557156186,0.532956339029125,-0.127572617259486,-0.0783693857956678,,-0.08041172054233264,3.8679895627114584,-5.757752002100116,-5.757752002100116,9.411251214032816e-09,1360108.0,-4.804030946718242,1.5551521865735804e-06,-0.17377818468613634,-0.09935986788128648,GCST90199685,cancerType_celltype,KICH_Epi_KICH,tissue,Tumor,Adjacent,group2_higher,1.0592514785075746e-08,1.728933466802439e-06
2794,1081,-0.13661616412193497,-0.03546905891614846,-0.1638517156243324,-0.0652907416224479,0.740794020257331,0.5157529381838383,-0.10114710520578651,-0.0985609740018845,,-0.04993208018547422,-1.94546511865787,-4.808457711355538,-4.808457711355538,1.6013450533575232e-06,1363932.0,-4.681600178500855,2.8466646928929756e-06,-0.14755029712750442,-0.09682768083053617,GCST90200003,cancerType_celltype,KICH_Epi_KICH,tissue,Tumor,Adjacent,group2_higher,1.7687466026955461e-06,3.162187429839548e-06
2794,1081,-0.5399178400667911,-0.6614120737022732,-0.5765700936317444,-0.7152556777000427,0.72837860791757,0.587854058202473,0.12149423363548206,0.13868558406829834,,0.0900615240138508,-0.29280900314517494,5.382165372872326,5.382165372872326,8.069295855937233e-08,1656263.0,4.677790225201203,2.9000561150740575e-06,0.17555250955139454,0.09674888107660329,GCST90199938,cancerType_celltype,KICH_Epi_KICH,tissue,Tumor,Adjacent,group1_higher,9.015123157083974e-08,3.2188733589950654e-06
2794,1081,0.7939490864139868,0.9853901067781727,0.7282808423042297,0.8715724349021912,1.0797622384140249,1.0401040750537243,-0.19144102036418598,-0.14329159259796143,,-0.08745187196682512,0.3116481395701681,-5.083831409068763,-5.083831409068763,4.0381168169481173e-07,1365064.0,-4.645357597532738,3.395142100135608e-06,-0.1791091112684709,-0.09607808989396471,GCST90200344,cancerType_celltype,KICH_Epi_KICH,tissue,Tumor,Adjacent,group2_higher,4.482046597312935e-07,3.765320327489694e-06
2794,1081,-0.19245889418491038,-0.24563063727767154,-0.20523624867200851,-0.2516864538192749,0.2983114967906546,0.22000402178241388,0.05317174309276115,0.04645020514726639,,0.09414797236823422,-0.3519385506724552,6.074279994346452,6.074279994346452,1.4244979160748446e-09,1654684.0,4.627236307048679,3.7060624068094914e-06,0.1907873811181848,0.09570329442567882,GCST90200670,cancerType_celltype,KICH_Epi_KICH,tissue,Tumor,Adjacent,group1_higher,1.6166450121648734e-09,4.106799236163689e-06
2794,1081,-0.05378405847161279,-0.1553437989228141,-0.09947377070784565,-0.1826531141996383,0.5632726732118872,0.44274046380114523,0.10155974045120131,0.08317934349179266,,0.08403336515515801,-1.5301965877796118,5.9141643707933165,5.9141643707933165,3.795293559039151e-09,1650454.0,4.491806874632481,7.062675932580411e-06,0.19075383256912895,0.09290226115562827,GCST90200619,cancerType_celltype,KICH_Epi_KICH,tissue,Tumor,Adjacent,group1_higher,4.285820315634104e-09,7.820005926975712e-06
2794,1081,-0.057093668001116926,0.04329266913789224,-0.14405150711536407,0.0088277468457818,1.0587019082381663,0.7406701734855942,-0.10038633713900916,-0.15287925396114588,,-0.04420808124037886,-0.3991999462949742,-3.330247558317753,-3.330247558317753,0.0008789819390548818,1370639.0,-4.466866087906188,7.937971650411958e-06,-0.10238847652124786,-0.09238642074963066,GCST90200296,cancerType_celltype,KICH_Epi_KICH,tissue,Tumor,Adjacent,group2_higher,0.0009470769825547857,8.782025454148944e-06
2794,1081,0.37371724482234103,0.5874768001577767,0.37859825789928436,0.5045599341392517,1.1339217118015787,1.0640793821467147,-0.21375955533543567,-0.12596167623996735,,-0.08267947064661661,0.6525833381652619,-5.505288975728652,-5.505288975728652,4.14047853373735e-08,1372206.0,-4.416696366725057,1.0022827436921516e-05,-0.1917322197204327,-0.09134878029238025,GCST90200977,cancerType_celltype,KICH_Epi_KICH,tissue,Tumor,Adjacent,group2_higher,4.6371998697485686e-08,1.1079573233190614e-05
2794,1081,-0.5488324599118394,-0.45653494278409035,-0.624233067035675,-0.4979899823665619,0.9873004246900612,0.6833492734773787,-0.09229751712774903,-0.12624308466911316,,-0.03957346117266723,-0.2656399916881624,-3.302975504877934,-3.302975504877934,0.0009685966652318901,1374945.0,-4.329003408004498,1.4979650287612463e-05,-0.10111729526621785,-0.08953506158631186,GCST90200447,cancerType_celltype,KICH_Epi_KICH,tissue,Tumor,Adjacent,group2_higher,0.001041165027374658,1.6545594280401773e-05
2794,1081,0.14442303657883546,0.028325398261426233,0.1358418390154838,0.0009448775090277,0.8436468934675645,0.597105566235242,0.11609763831740923,0.1348969615064561,,0.06781492592009918,2.3500917928776768,4.801859242458755,4.801859242458755,1.6559754675525037e-06,1644787.0,4.310369854891914,1.629935252073372e-05,0.14832113207123418,0.08914967119312767,GCST90200246,cancerType_celltype,KICH_Epi_KICH,tissue,Tumor,Adjacent,group1_higher,1.8276069330154354e-06,1.7988678126121504e-05
2794,1081,-0.11895887595982521,-0.2799621015480417,-0.2291213721036911,-0.3089272975921631,0.7814128999412141,0.5082540122318429,0.16100322558821648,0.07980592548847198,,0.12004697011247215,-1.2347616478250067,7.527232236378865,7.527232236378865,6.81823460903355e-14,1644237.0,4.29276082703638,1.7647779132137092e-05,0.22492748836395735,0.0887854706497404,GCST90200478,cancerType_celltype,KICH_Epi_KICH,tissue,Tumor,Adjacent,group1_higher,7.970200490662718e-14,1.9461102716102634e-05
2794,1081,-0.7219352857318393,-0.6367552592657626,-0.7955123782157898,-0.6701056361198425,0.8989804165855336,0.6671331028822663,-0.0851800264660767,-0.12540674209594727,,-0.044694868008233295,-0.18113028196482778,-3.2172788060001882,-3.2172788060001882,0.001309849347027203,1377398.0,-4.250467143768816,2.133403765254377e-05,-0.10131048572956332,-0.0879107271628049,GCST90199625,cancerType_celltype,KICH_Epi_KICH,tissue,Tumor,Adjacent,group2_higher,0.0014024545640204853,2.350710858562422e-05
2794,1081,-0.3084904350788726,-0.4363789474405171,-0.37405356764793396,-0.4874826669692993,0.7575047407436954,0.45928548470042535,0.1278885123616445,0.11342909932136536,,0.09119500549624432,-0.5003543732594765,6.390348999960414,6.390348999960414,1.8963435828549078e-10,1641002.0,4.189187726831557,2.7997448480370208e-05,0.1860256566878297,0.08664330927181751,GCST90200759,cancerType_celltype,KICH_Epi_KICH,tissue,Tumor,Adjacent,group1_higher,2.17020680388853e-10,3.082433140447867e-05
2794,1081,-0.9283991491925552,-1.0754674716322112,-0.9896085262298584,-1.1062722206115725,0.9642774325766055,0.7139710996812458,0.14706832243965606,0.11666369438171409,,0.06129035231798418,-0.2121465717874741,5.18555798165366,5.18555798165366,2.317132503650064e-07,1640890.0,4.185601888431885,2.844315012441691e-05,0.16313846108316113,0.08656914479752764,GCST90200298,cancerType_celltype,KICH_Epi_KICH,tissue,Tumor,Adjacent,group1_higher,2.576061665966588e-07,3.1289760790621675e-05
2794,1081,-0.47203481741765474,-0.5385050998582714,-0.5037588775157928,-0.5628911852836609,0.44392792020450295,0.3796559386472997,0.0664702824406167,0.05913230776786804,,0.06488270229674284,-0.1900663533811842,4.655308663479218,4.655308663479218,3.4208277453913725e-06,1640848.0,4.184257199032007,2.8612020743890424e-05,0.15567564882988655,0.08654133311966894,GCST90200510,cancerType_celltype,KICH_Epi_KICH,tissue,Tumor,Adjacent,group1_higher,3.7631866157937377e-06,3.145014860800214e-05
2794,1081,-0.6319619380138688,-0.7733763939266806,-0.7337180972099304,-0.8052724599838257,0.6684178969854275,0.4618856083072943,0.14141445591281177,0.07155436277389526,,0.13049814182393854,-0.29133264174441437,7.4817167111654435,7.4817167111654435,9.741626078587267e-14,1640046.0,4.15858003477721,3.202544717266687e-05,0.22889739018833155,0.08601026250912991,GCST90200943,cancerType_celltype,KICH_Epi_KICH,tissue,Tumor,Adjacent,group1_higher,1.1358286009507653e-13,3.517379894951244e-05
2794,1081,-0.15511208129403192,-0.08665497354613544,-0.16618376970291135,-0.1212401017546653,0.44349204512991536,0.38903668069183334,-0.06845710774789648,-0.044943667948246044,,-0.06751635428827096,-0.8399492509112184,-4.719447446743263,-4.719447446743263,2.5119860750219037e-06,1381396.0,-4.122465519466224,3.7486479006417315e-05,-0.15957273119719012,-0.08526332030378303,GCST90200583,cancerType_celltype,KICH_Epi_KICH,tissue,Tumor,Adjacent,group2_higher,2.76785531144289e-06,4.1138543386269565e-05
2794,1081,-0.20626420742622772,-0.13569231860494288,-0.2559420764446258,-0.1660638004541397,0.7947608927428091,0.5677697572368267,-0.07057188882128484,-0.08987827599048609,,-0.046934183529979134,-0.6041508039030479,-3.082125179535708,-3.082125179535708,0.0020757927615169054,1382424.0,-4.089552645583517,4.3223579377472975e-05,-0.09555953476221844,-0.08458259637905197,GCST90199986,cancerType_celltype,KICH_Epi_KICH,tissue,Tumor,Adjacent,group2_higher,0.002219063163880425,4.7396410853978814e-05
2794,1081,-0.1265680525109892,-0.09862027049255682,-0.1690459325909614,-0.1086748614907264,0.3986410019468665,0.304269283342114,-0.027947782018432385,-0.060371071100235,,-0.030596133507785544,-0.3599539498458957,-2.341044529352225,-2.341044529352225,0.01930637960678431,1384647.0,-4.018380156632876,5.8603581113414504e-05,-0.074582614065452,-0.0831105640009615,GCST90200475,cancerType_celltype,KICH_Epi_KICH,tissue,Tumor,Adjacent,group2_higher,0.020367333904061154,6.420955068937619e-05
2794,1081,-0.7835004063311296,-0.7028517370711763,-0.8631512820720673,-0.7569213509559631,1.0200507412481572,0.6720648184763411,-0.08064866925995329,-0.10622993111610413,,-0.04018181556817704,-0.15671341925451127,-2.8689268682087774,-2.8689268682087774,0.004147892328482688,1386575.0,-3.9566525098956586,7.601246116137312e-05,-0.08615280893240788,-0.08183387555068777,GCST90199676,cancerType_celltype,KICH_Epi_KICH,tissue,Tumor,Adjacent,group2_higher,0.004420310589305633,8.321685507064382e-05
2794,1081,-0.4791550520324966,-0.6311125588038149,-0.5478424429893494,-0.6713821887969971,1.0306958726519662,0.8444586423118086,0.1519575067713183,0.1235397458076477,,0.07344237821245633,-0.3974040276081559,4.712237092387151,4.712237092387151,2.591451384509609e-06,1632854.0,3.9283179832553903,8.554775054029404e-05,0.15469253813240338,0.08124784376723748,GCST90200451,cancerType_celltype,KICH_Epi_KICH,tissue,Tumor,Adjacent,group1_higher,2.8531084306030673e-06,9.35807255107711e-05
2794,1081,-0.21324398788286975,-0.29600336985151254,-0.256345197558403,-0.3384306728839874,0.6179887518107879,0.6033118647778757,0.0827593819686428,0.08208547532558441,,0.0723449849414166,-0.47310664143011943,3.803668689580095,3.803668689580095,0.0001468317132986982,1631626.0,3.8890018265161252,0.00010066399929432842,0.13480234358627308,0.08043468328127479,GCST90199950,cancerType_celltype,KICH_Epi_KICH,tissue,Tumor,Adjacent,group1_higher,0.0001592137034416274,0.00011002809225194036
2794,1081,-0.12476104011217642,-0.05398125363513612,-0.2074714601039886,-0.0977989882230758,0.7717015463578033,0.6614906252512583,-0.07077978647704031,-0.1096724718809128,,-0.050656678084155776,-1.2086219366250954,-2.847350839989857,-2.847350839989857,0.0044480614536592565,1389007.0,-3.8787885903599153,0.0001049848437570727,-0.09531151895556926,-0.08022344696611017,GCST90200390,cancerType_celltype,KICH_Epi_KICH,tissue,Tumor,Adjacent,group2_higher,0.004729101217892018,0.00011465892791737987
2794,1081,-0.46885971453475583,-0.5513674595746901,-0.5239768028259277,-0.5659112334251404,0.42703274176099626,0.29723590085973395,0.0825077450399343,0.041934430599212646,,0.09853593356346267,-0.23385734007183573,6.805205891868094,6.805205891868094,1.2291942933155241e-11,1630666.0,3.8582660688046473,0.00011420177329294139,0.20880172321268292,0.07979898778736261,GCST90200031,cancerType_celltype,KICH_Epi_KICH,tissue,Tumor,Adjacent,group1_higher,1.4186213562989493e-11,0.00012462531384970304
2794,1081,-0.3952171162743247,-0.5448912248915926,-0.4856563657522201,-0.587677538394928,0.9499634395330223,0.6317287220918423,0.14967410861726788,0.10202117264270788,,0.07786214374966446,-0.46332182547081363,5.68907143361619,5.68907143361619,1.4034523796438867e-08,1629249.0,3.8128988097659353,0.00013735525469944443,0.17145466954103392,0.07886067475103586,GCST90199713,cancerType_celltype,KICH_Epi_KICH,tissue,Tumor,Adjacent,group1_higher,1.5757047722031446e-08,0.00014977216972427421
2794,1081,-0.5714334381824098,-0.5214091879871366,-0.5928497910499573,-0.5387897491455078,0.5394298625876636,0.40654376942198595,-0.05002425019527312,-0.05406004190444946,,-0.03631189605543345,-0.13216921225097017,-3.12018601188951,-3.12018601188951,0.0018272841866439787,1391246.0,-3.8071038387807503,0.00014061281732182115,-0.0988824711459707,-0.07874081966312108,GCST90200773,cancerType_celltype,KICH_Epi_KICH,tissue,Tumor,Adjacent,group2_higher,0.001954935907688966,0.0001532016546839666
2794,1081,-0.6348064500085319,-0.7311018611661785,-0.6863362491130829,-0.7520946860313416,0.6303146430881016,0.5041566859656882,0.09629541115764662,0.06575843691825867,,0.0799823343627574,-0.20375533823785089,4.957330445911599,4.957330445911599,7.638184606413979e-07,1628267.0,3.7814586909402363,0.00015592212440374668,0.16107815300692135,0.07821041123538808,GCST90200953,cancerType_celltype,KICH_Epi_KICH,tissue,Tumor,Adjacent,group1_higher,8.464102128896141e-07,0.00016974589102420663
2794,1081,-0.6452736866289253,-0.6276457472338197,-0.7176947891712189,-0.6641747355461121,0.5412962879779422,0.37489896044502014,-0.01762793939510554,-0.05352005362510681,,-0.018067520953353438,-0.0399606228798509,-1.150199087125208,-1.150199087125208,0.25015953713580413,1392447.0,-3.7686521252271206,0.00016414196849331847,-0.035221395669508514,-0.0779455381129247,GCST90200558,cancerType_celltype,KICH_Epi_KICH,tissue,Tumor,Adjacent,group2_higher,0.25578953422063094,0.00017855187793806311
2794,1081,-0.158295956420916,-0.2239611508046573,-0.157578632235527,-0.2454655766487121,0.616909120666605,0.5207801073885485,0.0656651943837413,0.08788694441318509,,0.04897450490818214,-0.5006214230374624,3.3375094747337597,3.3375094747337597,0.0008587415688958807,1624205.0,3.6514080161235465,0.0002608227709119621,0.11098174523328058,0.07552062467677212,GCST90200516,cancerType_celltype,KICH_Epi_KICH,tissue,Tumor,Adjacent,group1_higher,0.0009260006000040232,0.0002834939687025553
2794,1081,-0.03923481638605047,0.0233193076948584,-0.05173595994710915,0.00397674087435,0.5206816911258548,0.4308054224129262,-0.06255412408090887,-0.055712700821459155,,-0.05493712945965765,-0.7505843949069804,-3.815982966047829,-3.815982966047829,0.0001391359457393127,1397345.0,-3.6118357280700186,0.00030405591921198633,-0.12579877904071168,-0.07470216672836005,GCST90200184,cancerType_celltype,KICH_Epi_KICH,tissue,Tumor,Adjacent,group2_higher,0.0001509890876136013,0.0003302216875585158
2794,1081,-0.36111402048360886,-0.31192651823639894,-0.3817639797925949,-0.3336080610752105,0.42624069377794255,0.3729767968877739,-0.04918750224720991,-0.048155918717384394,,-0.04230693225218238,-0.2112475972124759,-3.534068078069764,-3.534068078069764,0.000417554518165557,1398470.0,-3.575817262001881,0.00034915684354027294,-0.11936376655736473,-0.0739572110714316,GCST90199949,cancerType_celltype,KICH_Epi_KICH,tissue,Tumor,Adjacent,group2_higher,0.0004516879430632176,0.00037890189310938854
2794,1081,-0.9577534494276635,-1.070432317246869,-1.0186076760292053,-1.099002480506897,0.8420816812131832,0.7111120259090583,0.11267886781920555,0.08039480447769165,,0.05959928350949239,-0.1604671975999304,4.194682505031068,4.194682505031068,2.835828679203183e-05,1619094.0,3.4877721227242104,0.0004870921639603119,0.13950610609767577,0.07213620835449563,GCST90200615,cancerType_celltype,KICH_Epi_KICH,tissue,Tumor,Adjacent,group1_higher,3.1121050642141206e-05,0.0005281675572616589
2794,1081,-0.04694856319987914,0.05837088942291494,-0.19608982652425766,-0.0346222408115863,1.3346824427480364,1.0598993796515892,-0.10531945262279407,-0.16146758571267136,,-0.04141876081492678,0.31416203147830857,-2.5719952411620945,-2.5719952411620945,0.010169761515594216,1401551.0,-3.477174689596607,0.0005067578058247638,-0.08331718416860032,-0.07191702584565707,GCST90200914,cancerType_celltype,KICH_Epi_KICH,tissue,Tumor,Adjacent,group2_higher,0.01076194483366065,0.0005490547610009167
2794,1081,0.038721189672580404,0.06688262227536924,0.017591246403753702,0.057518221437931,0.33366829385045454,0.2715802427551791,-0.02816143260278884,-0.039926975034177296,,-0.034799658702188416,0.7884924460250184,-2.708869894558974,-2.708869894558974,0.006799349270096859,1401647.0,-3.4741011138254594,0.0005125984210870585,-0.08867573391986333,-0.07185345629626594,GCST90199741,cancerType_celltype,KICH_Epi_KICH,tissue,Tumor,Adjacent,group2_higher,0.007217689295281946,0.0005549417378408743
2794,1081,-0.6407332892838663,-0.8967798567996477,-0.8112936913967133,-0.9596524238586426,1.59494542622228,1.0386813467800828,0.25604656751578136,0.14835873246192932,,0.08182897073677502,-0.4850292826055669,5.861033149598347,5.861033149598347,5.102257789000731e-09,1615550.0,3.3743059505060056,0.0007400637358490802,0.1752210144911346,0.06978943248946967,GCST90200386,cancerType_celltype,KICH_Epi_KICH,tissue,Tumor,Adjacent,group1_higher,5.756934905966884e-09,0.0008005610094938861
2794,1081,-0.5993357629628846,-0.5288699936433148,-0.7173796594142914,-0.5980488657951355,1.0204009417582565,0.8619779929438252,-0.07046576931956983,-0.11933079361915588,,-0.03746600410871258,-0.1804510189092397,-2.1643447005270335,-2.1643447005270335,0.03054021603442182,1404983.0,-3.367294355778075,0.0007591402403132546,-0.07199158095294707,-0.06964441445492087,GCST90199748,cancerType_celltype,KICH_Epi_KICH,tissue,Tumor,Adjacent,group2_higher,0.03209430567071468,0.0008205457157390689
2794,1081,0.1373165215576378,0.07733148619495754,0.08869429677724835,0.0215063467621803,0.582970454195776,0.5855960768784165,0.05998503536268025,0.06718795001506805,,0.03820171199872838,0.8283692227347983,2.863371056496445,2.863371056496445,0.004236255987126436,1613832.0,3.3193017507681737,0.0009024803047778616,0.10276622276530892,0.06865180242848923,GCST90200610,cancerType_celltype,KICH_Epi_KICH,tissue,Tumor,Adjacent,group1_higher,0.004510950711291666,0.0009747073339241087
2794,1081,0.31733373286837313,0.2514047569774693,0.29802380502223963,0.2230978012084961,0.5296451338340785,0.43071955885121704,0.06592897589090385,0.07492600381374354,,0.06112679437852203,0.3359877488922651,3.9973804275573954,3.9973804275573954,6.59830645415392e-05,1613626.0,3.312706369425919,0.0009240321894923896,0.1308074474364987,0.06851539277042051,GCST90200289,cancerType_celltype,KICH_Epi_KICH,tissue,Tumor,Adjacent,group1_higher,7.206323475169705e-05,0.0009971938830388972
2794,1081,-1.0607000220003329,-0.9287934964843643,-1.1352553963661194,-0.999171018600464,1.1965097581710042,1.0708652207826992,-0.1319065255159686,-0.1360843777656554,,-0.04474718938806228,-0.19158673480711674,-3.3256098053496963,-3.3256098053496963,0.0008968908715308671,1406860.0,-3.3071995461692794,0.0009423912482154706,-0.1134348859050028,-0.06840149732776124,GCST90200568,cancerType_celltype,KICH_Epi_KICH,tissue,Tumor,Adjacent,group2_higher,0.0009656099983385243,0.0010162019551563975
2794,1081,-0.12266554089725097,-0.16049940260659995,-0.139051117002964,-0.1621465384960174,0.3024881139508737,0.23575961070867874,0.03783386170934898,0.02309542149305341,,0.039599614884426156,-0.3878351299011966,4.1239358307324805,4.1239358307324805,3.846011287529399e-05,1613305.0,3.3024291004411435,0.0009585678704336376,0.13253955420823776,0.06830283208964372,GCST90200906,cancerType_celltype,KICH_Epi_KICH,tissue,Tumor,Adjacent,group1_higher,4.213917511979559e-05,0.0010328284643486548
2794,1081,0.07983097738313286,0.01308130147242505,0.056666240096092155,-0.0007658817921765,0.5916789401100667,0.4225833716654738,0.06674967591070781,0.057432121888268656,,0.05084641889872725,2.609350380268067,3.916339498748095,3.916339498748095,9.210464990036524e-05,1613289.0,3.301916837812619,0.00096032016462916,0.12141151093884718,0.0682922371647452,GCST90200735,cancerType_celltype,KICH_Epi_KICH,tissue,Tumor,Adjacent,group1_higher,0.00010035062974756021,0.0010338991977800515
2794,1081,-0.46871917035523003,-0.41155821299890216,-0.5769495069980621,-0.4465769231319427,1.327088794460756,0.8284324048137468,-0.05716095735632787,-0.13037258386611944,,-0.021155174252644234,-0.18762686636395606,-1.6070063523008498,-1.6070063523008498,0.10815463699030516,1407690.0,-3.2806259223145644,0.0010358289598852294,-0.04728351604889329,-0.06785188559864963,GCST90201015,cancerType_celltype,KICH_Epi_KICH,tissue,Tumor,Adjacent,group2_higher,0.11184732186478447,0.0011143132378244418
2794,1081,0.014882200640069091,-0.049999807446408466,-0.02371834963560095,-0.0766341015696525,0.5312543761093559,0.4490844189387067,0.06488200808647755,0.052915751934051555,,0.056062022040441,-1.7482665805452777,3.826010675789163,3.826010675789163,0.0001336994177154854,1611805.0,3.25440447901696,0.0011363677022231677,0.1273008146413817,0.06730955788040571,GCST90200813,cancerType_celltype,KICH_Epi_KICH,tissue,Tumor,Adjacent,group1_higher,0.0001453208184579,0.0012215056609859445
2794,1081,0.01218222491596072,0.10109568405443377,-0.0627411380410194,0.017160253599286,1.0578705662956152,0.8643498448236174,-0.08891345913847305,-0.0799013916403054,,-0.04345074344471816,3.052767705767101,-2.6910709370051635,-2.6910709370051635,0.00717202104735759,1408614.0,-3.251042755517267,0.001149890390404887,-0.08823839139894141,-0.06724002868575918,GCST90199824,cancerType_celltype,KICH_Epi_KICH,tissue,Tumor,Adjacent,group2_higher,0.007607365515601864,0.0012350674563608045
2794,1081,-0.3938376460461971,-0.527432913312533,-0.4720158576965332,-0.6000613570213318,1.1712420976447993,1.132617516897226,0.13359526726633586,0.12804549932479858,,0.05809950168511735,-0.4213856526529993,3.2616404210413763,3.2616404210413763,0.0011260998919162422,1611486.0,3.24419124286075,0.0011779125596323894,0.1151087207726925,0.0670983215652412,GCST90200457,cancerType_celltype,KICH_Epi_KICH,tissue,Tumor,Adjacent,group1_higher,0.0012095146987248528,0.00126416914864484
2794,1081,-0.27907459915122873,-0.1929095017031924,-0.3430091440677643,-0.2602961361408233,0.7269607542995075,0.7264356918447287,-0.08616509744803633,-0.08271300792694097,,-0.047246924976626636,-0.5327243052635955,-3.3108295327940276,-3.3108295327940276,0.0009470374533153195,1408844.0,-3.2436789802322252,0.0011800328236485176,-0.11855172405603408,-0.06708772664034268,GCST90199971,cancerType_celltype,KICH_Epi_KICH,tissue,Tumor,Adjacent,group2_higher,0.001018794040148998,0.0012654482601360578
2794,1081,-0.7226813398424048,-0.6927853186764934,-0.7653060853481293,-0.6945152282714844,0.5807120399410405,0.4087624163500399,-0.02989602116591139,-0.0707908570766449,,-0.025110414953777808,-0.060951200020021176,-1.8019349419587618,-1.8019349419587618,0.07166425848846117,1409458.0,-3.224020901862593,0.001264112394058644,-0.05553635834102584,-0.06668114639736133,GCST90199966,cancerType_celltype,KICH_Epi_KICH,tissue,Tumor,Adjacent,group2_higher,0.07444998804860714,0.0013545481077845375
2794,1081,0.24938946400956802,0.18826188336197153,0.231726624071598,0.1649352312088012,0.5936064400872427,0.4582565043496609,0.06112758064759649,0.06679139286279681,,0.04447515007344917,0.4056577056380089,3.415109340623402,3.415109340623402,0.0006476323378623875,1609093.0,3.1675759634820353,0.0015372400887336195,0.10931890095181084,0.06551371811010376,GCST90200936,cancerType_celltype,KICH_Epi_KICH,tissue,Tumor,Adjacent,group1_higher,0.0006994634520653202,0.0016459216346770805
2794,1081,0.46615814212251133,0.5897610394580175,0.42339374125003815,0.5113753080368042,0.9881594531815222,0.9925987876325529,-0.12360289733550617,-0.08798156678676605,,-0.056919089839207286,0.33931040428456427,-3.4808589207712566,-3.4808589207712566,0.0005107733773326791,1411524.0,-3.15787498995435,0.0015893241971015805,-0.12492720309727727,-0.06531307671983777,GCST90200559,cancerType_celltype,KICH_Epi_KICH,tissue,Tumor,Adjacent,group2_higher,0.0005520889082509449,0.0017003523395992576
2794,1081,-0.688592179315218,-0.5920567785855598,-0.7226071059703827,-0.6217803955078125,0.8253562639289639,0.8334011713653301,-0.09653540072965816,-0.10082671046257019,,-0.0481056035124599,-0.21791391620738612,-3.242572466556444,-3.242572466556444,0.0012045885023808137,1412831.0,-3.116029536486745,0.0018331386253154836,-0.11664394444609319,-0.0644476037921885,GCST90200763,cancerType_celltype,KICH_Epi_KICH,tissue,Tumor,Adjacent,group2_higher,0.0012927985265709049,0.001959661134356866
2794,1081,-0.07817723656568373,0.08215547153567052,-0.11335801333189005,-0.0093167759478092,1.2783280986609504,1.1279060015587623,-0.16033270810135425,-0.10404123738408085,,-0.05594564033165486,0.07160717926041907,-3.8199193641099347,-3.8199193641099347,0.0001371773672587486,1413046.0,-3.109146007415945,0.0018763913856288893,-0.12948633354797542,-0.06430523448886438,GCST90200173,cancerType_celltype,KICH_Epi_KICH,tissue,Tumor,Adjacent,group2_higher,0.00014898227217025845,0.0020043271619217683
2794,1081,0.6302160425327898,0.5691090983953707,0.6178477704524994,0.5093992948532104,0.7389457902884774,0.6773723829644399,0.06110694413741913,0.10844847559928894,,0.035396972032869053,0.14714098956154334,2.454339456761747,2.454339456761747,0.014193912226307292,1606966.0,3.099477050302543,0.0019387307254984938,0.08460006181177386,0.06410525528140454,GCST90200731,cancerType_celltype,KICH_Epi_KICH,tissue,Tumor,Adjacent,group1_higher,0.014997133615858015,0.0020692952066205536
2794,1081,-0.532914169632058,-0.6023087997531881,-0.5565001666545868,-0.6009288430213928,0.5595548157076076,0.3883438391231,0.06939463012113012,0.04442867636680603,,0.054886045929963094,-0.1765998316309795,4.375161620853797,4.375161620853797,1.2576233415564845e-05,1605406.0,3.0495314440213916,0.002292108540134892,0.1340858882742674,0.06307225010379724,GCST90200002,cancerType_celltype,KICH_Epi_KICH,tissue,Tumor,Adjacent,group1_higher,1.38237146333991e-05,0.0024445570737119384
2794,1081,-0.17233013210234804,-0.1306001343762211,-0.19075572490692133,-0.1547358483076095,0.5009481194540171,0.4051718300182292,-0.041729997726126955,-0.03601987659931183,,-0.03684457765527989,-0.4000159241034608,-2.684278946952076,-2.684278946952076,0.007318409397087693,1415514.0,-3.0301294969660213,0.002444618608028049,-0.08763465843279318,-0.06267096732326505,GCST90200389,cancerType_celltype,KICH_Epi_KICH,tissue,Tumor,Adjacent,group2_higher,0.007756603427861995,0.002605172136624105
2794,1081,-0.46726832329722134,-0.5613110322095144,-0.5084063112735748,-0.5735260248184204,0.7778366698933348,0.5699726351849215,0.09404270891229305,0.06511971354484558,,0.058835772562810654,-0.264548659123108,4.135704386955479,4.135704386955479,3.648229786478144e-05,1604562.0,3.022509590366717,0.002507013987890045,0.12955631164976453,0.06251336781539929,GCST90200408,cancerType_celltype,KICH_Epi_KICH,tissue,Tumor,Adjacent,group1_higher,4.0004321793802974e-05,0.0026695781761672905
2794,1081,-0.44388846136224086,-0.5223974705933078,-0.4865255802869797,-0.5760079026222229,0.6870624456599218,0.4948847747307145,0.0785090092310669,0.08948232233524323,,0.04511580081661731,-0.2349502159576697,3.9476560306403012,3.9476560306403012,8.092894667680777e-05,1604494.0,3.0203324741954876,0.0025251069407156565,0.12280307762315165,0.06246833938458063,GCST90199935,cancerType_celltype,KICH_Epi_KICH,tissue,Tumor,Adjacent,group1_higher,8.831557591712489e-05,0.00268674532411822
2794,1081,-0.2714984689869767,-0.2523552828985265,-0.3054149001836777,-0.2640582323074341,0.3989916115571592,0.33508157122066534,-0.019143186088450226,-0.04135666787624359,,-0.02422377666837649,-0.10548737056181286,-1.5094273781697127,-1.5094273781697127,0.1313257753270686,1418510.0,-2.934208319774785,0.003344169356598126,-0.050080804452084356,-0.06068706763601406,GCST90200057,cancerType_celltype,KICH_Epi_KICH,tissue,Tumor,Adjacent,group2_higher,0.1355011595539701,0.0035554624282708625
2794,1081,-0.05393626197411578,-0.025190504915001806,-0.07174498215317725,-0.0439809560775756,0.30929843787035444,0.26177257239446516,-0.028745757059113974,-0.027764026075601647,,-0.02718102522872034,-1.0983449778846015,-2.909258656393934,-2.909258656393934,0.0036576053267703607,1421060.0,-2.8525664633536723,0.004336992685563943,-0.09684842376689333,-0.05899850148030972,GCST90200008,cancerType_celltype,KICH_Epi_KICH,tissue,Tumor,Adjacent,group2_higher,0.003900873286688577,0.004607420912255381
2794,1081,0.09984550595279924,-0.004748250813129513,0.032083179801702444,0.0051665212959051,0.8134473110985253,0.714901458157195,0.10459375676592876,0.026916658505797345,,0.06561708631173234,4.393940088990248,3.9263958862252895,3.9263958862252895,8.885940870017808e-05,1597732.0,2.803837480815267,0.005050085957400562,0.1328665985572902,0.05799065924933622,GCST90199717,cancerType_celltype,KICH_Epi_KICH,tissue,Tumor,Adjacent,group1_higher,9.689229924667419e-05,0.00536079996879826
2794,1081,0.21100452506536657,0.284436719584047,0.13965564966201777,0.1807540953159332,1.0591132984415423,0.8594270525909405,-0.07343219451868041,-0.04109844565391543,,-0.03540720279014038,0.43083201932982534,-2.229578116727059,-2.229578116727059,0.025867603757820157,1423344.0,-2.7794409731317815,0.005445523272474118,-0.07289150592364618,-0.05748607595104349,GCST90199684,cancerType_celltype,KICH_Epi_KICH,tissue,Tumor,Adjacent,group2_higher,0.02724694275263437,0.005776068653993947
2794,1081,-0.3149368381845415,-0.29722229825091206,-0.330000638961792,-0.3024201393127441,0.25432808232386056,0.22818790560903962,-0.017714539933629425,-0.027580499649047907,,-0.03565456635261078,-0.08351989246710118,-2.097626495605097,-2.097626495605097,0.03605337589900423,1424483.0,-2.7429742772636847,0.0060888422913932165,-0.07162692965038134,-0.05673184973482892,GCST90199962,cancerType_celltype,KICH_Epi_KICH,tissue,Tumor,Adjacent,group2_higher,0.037742512557866946,0.006453415274625936
2794,1081,-0.6196734438587685,-0.6944313589039808,-0.6694604456424713,-0.7206249237060547,0.6488495253493451,0.5971894655997323,0.07475791504521223,0.051164478063583374,,0.058131832473045285,-0.16432370451549452,3.4101054988181585,3.4101054988181585,0.0006615352986033943,1592773.0,2.6450680823869153,0.008167834617364419,0.11775371202513724,0.05470689471359602,GCST90199898,cancerType_celltype,KICH_Epi_KICH,tissue,Tumor,Adjacent,group1_higher,0.0007139133903376298,0.008650162069516475
2794,1081,-0.23571409723438969,-0.2909465608011805,-0.27208898961544037,-0.2970937490463257,0.47647503213119136,0.3684413694164851,0.05523246356679079,0.025004759430885315,,0.05978211737971502,-0.3037149868870863,3.840471139235366,3.840471139235366,0.00012582357840902706,1591271.0,2.5969794281341656,0.009405193965852298,0.12302014316527553,0.05371229613874573,GCST90200911,cancerType_celltype,KICH_Epi_KICH,tissue,Tumor,Adjacent,group1_higher,0.00013686954299401747,0.009952856657963263
2794,1081,-0.014123449798694912,0.004533421644733882,-0.05142697319388385,-0.0117149269208312,0.4149320766246695,0.3521273679818468,-0.018656871443428792,-0.03971204627305265,,-0.015108262615041614,-1.6392042150382509,-1.4050235273749763,-1.4050235273749763,0.16014956905166045,1429140.0,-2.593873835948735,0.009490572310703809,-0.046827680538074686,-0.05364806440654846,GCST90200122,cancerType_celltype,KICH_Epi_KICH,tissue,Tumor,Adjacent,group2_higher,0.165097517672663,0.010035415096578194
2794,1081,-0.7022650731626982,-0.651005823689478,-0.7658437192440033,-0.7346171736717224,0.4676887193851994,0.4978007188496789,-0.051259249473220136,-0.031226545572280884,,-0.061652045685757065,-0.1093450740747659,-2.923026746754916,-2.923026746754916,0.003508347333875741,1429724.0,-2.575176250007586,0.010019365602898454,-0.10762486433394988,-0.053261349647751866,GCST90200091,cancerType_celltype,KICH_Epi_KICH,tissue,Tumor,Adjacent,group2_higher,0.003744618180166511,0.01058635295872139
2794,1081,-0.27317232323484464,-0.19235801580811637,-0.3072948306798935,-0.2553223967552185,1.0313921661077772,0.7784328936663079,-0.08081430742672827,-0.05197243392467499,,-0.030353066080593752,-0.5060151541006612,-2.634070000499444,-2.634070000499444,0.00848713660377988,1432734.0,-2.4788068430163905,0.013182858781080315,-0.08352672378063986,-0.05126817940121453,GCST90199788,cancerType_celltype,KICH_Epi_KICH,tissue,Tumor,Adjacent,group2_higher,0.00898831949568918,0.013918076311860938
2794,1081,-0.028937423940975388,0.011416865805691996,-0.0491654891520738,-0.0208779834210872,0.4572366471749714,0.4741442665429726,-0.04035428974666738,-0.0282875057309866,,-0.041030271634599796,-1.3416933396910329,-2.399687229888928,-2.399687229888928,0.016504742821842035,1434148.0,-2.4335356332205267,0.01495282481798229,-0.08734437354077543,-0.05033185291330633,GCST90199937,cancerType_celltype,KICH_Epi_KICH,tissue,Tumor,Adjacent,group2_higher,0.01742522421856754,0.015774535779341996
2794,1081,0.448153115789714,0.40361704509584423,0.4621846377849579,0.3953818380832672,0.8465247042169135,0.5747382332279765,0.04453607069386978,0.06680279970169067,,0.017837785371666647,0.15100426983747162,1.8785533855803334,1.8785533855803334,0.06040673163952304,1585179.0,2.401935432323414,0.016309300408682965,0.05707461802854113,0.049678278483627825,GCST90199732,cancerType_celltype,KICH_Epi_KICH,tissue,Tumor,Adjacent,group1_higher,0.06289868237178754,0.017192247839934168
2794,1081,1.1676685208867514,1.0902709858975286,1.1572731733322144,0.9899120926856996,1.2355238082424966,1.1914950211056394,0.07739753498922286,0.16736108064651478,,0.02641665728413683,0.09894393050497095,1.794785825704179,1.794785825704179,0.07283657248806777,1584342.5,2.3751537017758606,0.0175424047744406,0.06326400494114184,0.04912436256627628,GCST90200623,cancerType_celltype,KICH_Epi_KICH,tissue,Tumor,Adjacent,group1_higher,0.07561024242287613,0.018477818939383724
2794,1081,0.2244019826060542,0.14536532777085664,0.17466133087873453,0.1086326390504837,0.8652601426413089,0.6021879669061128,0.07903665483519756,0.06602869182825083,,0.033740974271473025,0.6263987250436418,3.2175106816403014,3.2175106816403014,0.0013078160716950358,1584219.0,2.371199674611936,0.01773121752638957,0.09871678877390191,0.049042582989715644,GCST90200462,cancerType_celltype,KICH_Epi_KICH,tissue,Tumor,Adjacent,group1_higher,0.0014013783850002624,0.018662277597273347
2794,1081,-0.23102434081223627,-0.276903693067398,-0.267523854970932,-0.2917654514312744,0.38670415810812203,0.2836118025830571,0.04587935225516171,0.024241596460342407,,0.043478539742801164,-0.2613383978510275,4.0563025947520135,4.0563025947520135,5.1289673382677326e-05,1583999.0,2.3641560634697223,0.018071979118281355,0.1271144540581707,0.048896902772360695,GCST90200024,cancerType_celltype,KICH_Epi_KICH,tissue,Tumor,Adjacent,group1_higher,5.61508633097102e-05,0.01900625581652584
2794,1081,-0.10915688464927568,-0.13572525512798544,-0.1188315749168396,-0.1609813421964645,0.45658986499552107,0.3786421223810068,0.02656837047870976,0.04214976727962491,,0.025132101943662485,-0.31428348297364556,1.8455506363475584,1.8455506363475584,0.06508322691779453,1582488.0,2.315779261488428,0.02057119863280965,0.06090080763557261,0.04789634455225511,GCST90200420,cancerType_celltype,KICH_Epi_KICH,tissue,Tumor,Adjacent,group1_higher,0.06766471265366433,0.02161799825483389
2794,1081,5.8101165685376035e-05,-0.09530768536659523,-0.09599298983812325,-0.2243118286132812,1.4682947398647992,1.3202007225655539,0.0953657865322806,0.12831883877515793,,0.031464454798792715,-10.655205390097647,1.9531899007720208,1.9531899007720208,0.050925516304102456,1580287.0,2.2453111336520086,0.02474919276701464,0.06675739380440614,0.046438880195900145,GCST90200823,cancerType_celltype,KICH_Epi_KICH,tissue,Tumor,Adjacent,group1_higher,0.05314814603559851,0.025988559122835864
2794,1081,0.28397804955735956,0.2700426874705569,0.2782862186431885,0.1101064011454582,1.0947100349938235,1.0872864959131063,0.013935362086802683,0.16817981749773028,,0.0051846726526934275,0.07259167508906379,0.35713797045187873,0.35713797045187873,0.7210266607200849,1580178.0,2.2418213444951847,0.024973956207786693,0.012753787149622262,0.046366702270028926,GCST90200301,cancerType_celltype,KICH_Epi_KICH,tissue,Tumor,Adjacent,group1_higher,0.7247487747503508,0.026204389769987114
2794,1081,-0.48435070707972244,-0.3200571779487999,-0.46761761605739594,-0.517343282699585,1.0039605974047277,1.071801517089461,-0.16429352913092254,0.049725666642189026,,-0.07497988543163325,-0.597720854390511,-4.354638687387372,-4.354638687387372,1.405587869137279e-05,1440891.0,-2.217648951711679,0.026579869786571803,-0.16054785314069336,-0.045866754251379205,GCST90200398,cancerType_celltype,KICH_Epi_KICH,tissue,Tumor,Adjacent,group2_higher,1.5437681431378817e-05,0.027867971168536437
2794,1081,0.12335036246982123,0.1556690889935136,0.06837138533592221,0.1372050195932388,0.7086333590804841,0.6402068456007053,-0.03231872652369236,-0.06883363425731659,,-0.024236606018597673,0.3357181155463269,-1.3670810117889185,-1.3670810117889185,0.1717422333149409,1442099.0,-2.1789731232580696,0.02933485418280962,-0.04682280244664667,-0.04506683742153961,GCST90200161,cancerType_celltype,KICH_Epi_KICH,tissue,Tumor,Adjacent,group2_higher,0.17666767094963354,0.03073282571189048
2794,1081,0.15711121607095013,0.08560690638271293,0.10086164996027941,0.0332443602383136,0.7942101282371137,0.6572771961787661,0.0715043096882372,0.06761728972196582,,0.04855099716814236,0.8759794109269483,2.859255379906376,2.859255379906376,0.004283742706199545,1577880.0,2.1682476244733353,0.030141068424450308,0.09426875038710085,0.044845006181476466,GCST90200217,cancerType_celltype,KICH_Epi_KICH,tissue,Tumor,Adjacent,group1_higher,0.004557955744379376,0.03155320757490458
2794,1081,-0.3180231124044404,-0.2954276726828323,-0.34466978907585144,-0.2824041843414306,0.6701944637332602,0.4718185116293411,-0.0225954397216081,-0.06226560473442083,,-0.015675883837526126,-0.10632630101365435,-1.179968895790174,-1.179968895790174,0.23811386196466325,1442723.0,-2.158994880745609,0.030851806062671176,-0.03636926333767084,-0.04465363535049671,GCST90199738,cancerType_celltype,KICH_Epi_KICH,tissue,Tumor,Adjacent,group2_higher,0.24402195026904966,0.032272457147675224
2794,1081,-0.35156063190210124,-0.3343109447216343,-0.37563812732696533,-0.3375527262687683,0.4696373052649406,0.3436541215681511,-0.017249687180466933,-0.03808540105819702,,-0.017284588194668174,-0.07258272651250273,-1.2574298759022506,-1.2574298759022506,0.20870813968781488,1443114.0,-2.1464764627610387,0.03183626056170486,-0.03936811952141684,-0.044394721873288634,GCST90200713,cancerType_celltype,KICH_Epi_KICH,tissue,Tumor,Adjacent,group2_higher,0.21420873071874375,0.033276704866260526
2794,1081,0.2610239043710202,0.1836570420502866,0.22952519357204434,0.1722037345170974,1.0934116312827007,0.7431200784929264,0.07736686232073359,0.057321459054946955,,0.030879870449591895,0.50716539037832,2.5251117733279123,2.5251117733279123,0.011619621266457558,1576295.0,2.117501607835114,0.03421865618239001,0.07674934744450015,0.043795446433715135,GCST90199957,cancerType_celltype,KICH_Epi_KICH,tissue,Tumor,Adjacent,group1_higher,0.012286690291839916,0.035739485346051786
2794,1081,0.9335261435061523,0.8685756113988009,0.9478757083415985,0.8368134498596191,1.1654205259986954,0.7844403046794943,0.06495053210735136,0.11106225848197937,,0.023457552094243682,0.1040388661443876,1.9993268658067587,1.9993268658067587,0.045666286332303976,1576240.0,2.1157407050495607,0.03436822884661269,0.06053888780863659,0.04375902637937634,GCST90200519,cancerType_celltype,KICH_Epi_KICH,tissue,Tumor,Adjacent,group1_higher,0.04769589905818415,0.03586822045783545
2794,1081,-0.40599693084396477,-0.4931608153575821,-0.5353043973445892,-0.5792157053947449,0.8429676113789553,0.7165657928854224,0.08716388451361734,0.04391130805015564,,0.06171009404153814,-0.28058872397545587,3.22758178137178,3.22758178137178,0.0012660245421937243,1576056.0,2.1098496848215276,0.03487268462688985,0.10764874294767401,0.043637184743043234,GCST90200822,cancerType_celltype,KICH_Epi_KICH,tissue,Tumor,Adjacent,group1_higher,0.0013576643989064094,0.03636684708986294
2794,1081,1.2774458890322895,1.2764115349335121,1.3289742469787598,1.2437262535095217,0.8870990222046475,0.6409464210758268,0.0010343540987773903,0.08524799346923806,,0.0004448343385549979,0.001168629405691985,0.04021087826919022,0.04021087826919022,0.9679279774508945,1575861.0,2.1036064840363835,0.03541418545942816,0.0012524440322023308,0.04350805909584232,GCST90200872,cancerType_celltype,KICH_Epi_KICH,tissue,Tumor,Adjacent,group1_higher,0.9679279774508945,0.036903314052905645
2794,1081,0.047767157975033954,0.030006315881740922,0.0488660149276256,-0.0140727674588561,0.5491863153205176,0.5372720749508597,0.017760842093293032,0.0629387823864817,,0.012924324371203869,0.6707349676261878,0.9171912335893463,0.9171912335893463,0.359152853939529,1575241.0,2.0837563071810545,0.0371837964431035,0.032535561703719046,0.04309750575602411,GCST90199970,cancerType_celltype,KICH_Epi_KICH,tissue,Tumor,Adjacent,group1_higher,0.3655902463925153,0.03871773456986255
2794,1081,0.9750877943229883,0.9033220717744819,0.9291492998600006,0.8804869055747986,1.1065677583402285,0.8713696905461572,0.07176572254850644,0.048662394285202026,,0.027820930286942578,0.11029154357664649,2.124912306286919,2.124912306286919,0.03369273776791642,1570370.0,1.927804353209588,0.053881457975300785,0.06858925823652219,0.03987201330722567,GCST90199817,cancerType_celltype,KICH_Epi_KICH,tissue,Tumor,Adjacent,group1_higher,0.035337765778880224,0.05606139482468318
2794,1081,0.08370376238871552,0.15161885436909459,0.0285237487405538,0.0551250874996185,0.9701092842522531,0.8587910381021935,-0.06791509198037907,-0.026601338759064702,,-0.030022471457655506,0.8570770719426063,-2.127450853713674,-2.127450853713674,0.03349347188893813,1450018.0,-1.9254351385526616,0.05417694419299549,-0.07221985353015521,-0.03982301177956993,GCST90200215,cancerType_celltype,KICH_Epi_KICH,tissue,Tumor,Adjacent,group2_higher,0.03517072587413148,0.056325839004616976
2794,1081,0.17931411438934597,0.10252751792244963,0.11717711016535755,0.0815910845994949,0.7353163915900272,0.5387703921393157,0.07678659646689634,0.03558602556586264,,0.049985899921629086,0.8064718516804027,3.572275405421268,3.572275405421268,0.0003601673264932699,1569703.0,1.9064494048829677,0.0565939992185501,0.1119023581253639,0.03943033737551782,GCST90199888,cancerType_celltype,KICH_Epi_KICH,tissue,Tumor,Adjacent,group1_higher,0.00038991903575085537,0.05879391839549069
2794,1081,-0.12809496647132906,-0.11566487143925847,-0.18678622692823404,-0.1268855780363083,0.6961133859888969,0.6045573691161551,-0.012430095032070598,-0.059900648891925756,,-0.00778718801417839,-0.14726180504843928,-0.5495863415215921,-0.5495863415215921,0.5826578212746618,1450821.0,-1.899725957883582,0.05747119389839883,-0.018501615592797113,-0.03929127898622464,GCST90199677,cancerType_celltype,KICH_Epi_KICH,tissue,Tumor,Adjacent,group2_higher,0.5895787753506786,0.05965973898211546
2794,1081,-0.43913404547026313,-0.49220533718081033,-0.5168204605579376,-0.5804457068443298,0.7468806456108672,0.6384058709714049,0.0530712917105472,0.06362524628639221,,0.03733883419236953,-0.16459855836973922,2.210006866007709,2.210006866007709,0.027203711474573292,1569252.0,1.8920100020414297,0.058491781055130754,0.0738865206167919,0.03913169292994034,GCST90200922,cancerType_celltype,KICH_Epi_KICH,tissue,Tumor,Adjacent,group1_higher,0.02863216891107598,0.060672981414112044
2794,1081,-0.34356022194716557,-0.34165085327135664,-0.4017374962568283,-0.3571039140224457,0.6334600430361139,0.43407428899943346,-0.0019093686758089312,-0.04463358223438263,,-0.0014328520509299164,-0.008040254773816417,-0.10708536828647115,-0.10708536828647115,0.9147288028944052,1452705.0,-1.839407033374807,0.06585769322449254,-0.0032653462770599008,-0.0380437265794219,GCST90200631,cancerType_celltype,KICH_Epi_KICH,tissue,Tumor,Adjacent,group2_higher,0.9154004099449884,0.0682616242319265
2794,1081,-0.42723375131773644,-0.46528028417109435,-0.45311975479125977,-0.553642749786377,0.7834237848382811,0.6080943858918728,0.038046532853357906,0.10052299499511719,,0.020314703277664912,-0.12307415543931421,1.6052686578242428,1.6052686578242428,0.10856039560008801,1567407.0,1.8329397176896836,0.06681391728306206,0.05150272832487268,0.03790996565257787,GCST90200359,cancerType_celltype,KICH_Epi_KICH,tissue,Tumor,Adjacent,group1_higher,0.11218181895596661,0.0692001286146
2794,1081,0.6763384201396063,0.7362645783504411,0.7038300037384033,0.7265763878822327,0.7438801741498086,0.47584319511875184,-0.0599261582108348,-0.022746384143829346,,-0.027610262946562717,0.12247881163193933,-2.9685605703991675,-2.9685605703991675,0.0030153673149811676,1454082.0,-1.7953204309074062,0.0726052107687483,-0.08814654648854861,-0.03713190085534157,GCST90199910,cancerType_celltype,KICH_Epi_KICH,tissue,Tumor,Adjacent,group2_higher,0.003220960541002611,0.07514115586773268
2794,1081,0.17716867549312357,0.09704712518737682,0.11098350211977955,0.0113509958609938,1.3076974123891716,0.9975881142358585,0.08012155030574675,0.09963250625878575,,0.0329814167185391,0.8683594443685905,2.0465664131229118,2.0465664131229118,0.04080274499140525,1564314.0,1.7339129483130165,0.08293637089779092,0.0651863945771682,0.035861834233129386,GCST90200245,cancerType_celltype,KICH_Epi_KICH,tissue,Tumor,Adjacent,group1_higher,0.042681612757701735,0.08576803758246512
2794,1081,0.43270665550745796,0.340868628347464,0.3846092224121094,0.2916207313537597,1.2219583443541302,0.7474461310610153,0.09183802715999395,0.09298849105834966,,0.0362732627620175,0.3441725849293966,2.832513232487421,2.832513232487421,0.00464760765793582,1564150.0,1.728662256370639,0.08387242700740608,0.08272045728246281,0.035753236252919374,GCST90200016,cancerType_celltype,KICH_Epi_KICH,tissue,Tumor,Adjacent,group1_higher,0.004937403926552239,0.08667029417065542
2794,1081,-0.5598373006330949,-0.602426745636251,-0.5688917636871338,-0.615822970867157,0.6726703544393439,0.5093070792563527,0.04258944500315609,0.04693120718002319,,0.022445725904949223,-0.10577802638563222,2.1244164871541455,2.1244164871541455,0.033730325222540845,1560692.0,1.6179494957807539,0.10567693243463185,0.0674545036136806,0.0334634081092231,GCST90200660,cancerType_celltype,KICH_Epi_KICH,tissue,Tumor,Adjacent,group1_higher,0.035337765778880224,0.10911943856697214
2794,1081,-0.3608433951804944,-0.4196113192073671,-0.4349885880947113,-0.4681010842323303,0.9877531473263831,0.9944084894256078,0.0587679240268727,0.03311249613761902,,0.029960675557514405,-0.21768018770375439,1.6530095820223571,1.6530095820223571,0.09848972559193832,1560400.0,1.6086007028101794,0.10770718314026578,0.059384722629688226,0.033270050729824696,GCST90200459,cancerType_celltype,KICH_Epi_KICH,tissue,Tumor,Adjacent,group1_higher,0.10192976156553678,0.11113163559438474
2794,1081,0.04295254530053141,0.04863020419194833,0.0178832290694117,0.0526028908789157,0.45843096680065004,0.4055076536691037,-0.0056776588914169215,-0.034719661809504,,-0.005739198589960725,0.17910510215158792,-0.3765632883832314,-0.3765632883832314,0.7065344253064244,1461208.0,-1.56717146272825,0.1170783597356537,-0.012778672697760927,-0.03241318617865563,GCST90199897,cancerType_celltype,KICH_Epi_KICH,tissue,Tumor,Adjacent,group2_higher,0.7117564092333011,0.12070938299523146
2794,1081,0.02590911310245151,0.024338246557533538,-0.01005941629409785,0.0194484982639551,0.43759971603906983,0.26562693603707266,0.0015708665449179725,-0.029507914558052947,,0.0015515331996202148,0.0902308042954847,0.13579945142860483,0.13579945142860483,0.8919884142456669,1462221.0,-1.5347388350597846,0.12485192627113839,0.003954821784818601,-0.03174239499601694,GCST90199919,cancerType_celltype,KICH_Epi_KICH,tissue,Tumor,Adjacent,group1_higher,0.8932991981020162,0.12862673885681153
2794,1081,0.6187161283047804,0.8315013769571863,0.6409708559513092,0.4736662209033966,1.426803497695146,1.4878466037511837,-0.2127852486524059,0.1673046350479126,,-0.05673883961354551,0.4264404141817989,-4.038291712321664,-4.038291712321664,5.5990518654813377e-05,1464345.0,-1.4667359711231402,0.1424522500230663,-0.14734952580526556,-0.030335918715736154,GCST90200976,cancerType_celltype,KICH_Epi_KICH,tissue,Tumor,Adjacent,group2_higher,6.119893899479601e-05,0.1466483510433832
2794,1081,-0.025916772731589214,-0.057257771060266166,-0.053696151822805405,-0.0802997425198555,0.4653025084451053,0.3479502948800315,0.031340998328676956,0.026603590697050095,,0.03322415546437091,-1.1435549620575844,2.2767884896442614,2.2767884896442614,0.022879514206219274,1555268.0,1.444292464710905,0.1486612256106418,0.07192134700722146,0.02987172856861897,GCST90200793,cancerType_celltype,KICH_Epi_KICH,tissue,Tumor,Adjacent,group1_higher,0.024118157666726116,0.1529247173640036
2794,1081,-0.2810948897139423,-0.2662129585364007,-0.33323489129543304,-0.3793854415416717,0.5283269922996865,0.74398494085338,-0.014881931177541607,0.04615055024623865,,-0.012373769771763535,-0.07847613944194483,-0.6015951032270892,-0.6015951032270892,0.5475333917033989,1553018.0,1.3722555325746293,0.16998888502175846,-0.02495470891920862,0.028381817254762298,GCST90200557,cancerType_celltype,KICH_Epi_KICH,tissue,Tumor,Adjacent,group2_higher,0.5552738191158726,0.1747321646188965
2794,1081,-0.29195852296991115,-0.26347841835618674,-0.3376160115003586,-0.3078078329563141,0.645598533684367,0.6143530375926539,-0.02848010461372441,-0.029808178544044495,,-0.022245974046387788,-0.1480780984856253,-1.2758083867256467,-1.2758083867256467,0.20216745043254303,1468100.0,-1.3465143354912668,0.17814185947755323,-0.044706952360760825,-0.027849422278610758,GCST90200345,cancerType_celltype,KICH_Epi_KICH,tissue,Tumor,Adjacent,group2_higher,0.20765202331541532,0.1829746454166579
2794,1081,-0.12907803284053956,-0.1456274492675279,-0.1475620344281196,-0.1599349677562713,0.35278920548408316,0.347342164458953,0.016549416426988345,0.012372933328151703,,0.019226514926508384,-0.17403754777896183,1.3243687403622473,1.3243687403622473,0.18553257615328234,1549544.5,1.261046517563361,0.2072978551846807,0.04711191733270399,0.026081725277570467,GCST90200527,cancerType_celltype,KICH_Epi_KICH,tissue,Tumor,Adjacent,group1_higher,0.190709578655297,0.21276127757283117
2794,1081,0.1183997884730974,0.17093054802736585,0.13242059946060175,0.1274228692054748,0.9588029081499545,0.6111263348111713,-0.05253075955426845,0.004997730255126953,,-0.026361327498647513,0.529740004569594,-2.02263183295696,-2.02263183295696,0.04319828498016853,1472771.0,-1.1969656643763582,0.23132617790651333,-0.05997752395953287,-0.02475636639104406,GCST90200368,cancerType_celltype,KICH_Epi_KICH,tissue,Tumor,Adjacent,group2_higher,0.04515280861040622,0.23724422910953924
2794,1081,0.17492257135379982,0.18185244143992632,0.13384725153446195,0.1468938440084457,0.7810861258001454,0.5905262642505763,-0.0069298700861264995,-0.013046592473983765,,-0.004742369387759093,0.056051519136991614,-0.2979520050540759,-0.2979520050540759,0.7657637873889944,1473279.0,-1.1807013259207013,0.23772775627523113,-0.009454811944707119,-0.024419977525515613,GCST90199695,cancerType_celltype,KICH_Epi_KICH,tissue,Tumor,Adjacent,group2_higher,0.7685832416871866,0.24362568395050632
2794,1081,0.247954752628643,0.2391304980550361,0.21715685725212097,0.180320918560028,0.8150125007428085,0.8656629552371663,0.008824254573606888,0.03683593869209298,,0.00450707694077989,0.05227852431578875,0.28920926570608796,0.28920926570608796,0.7724534195072775,1547021.0,1.1802530961207423,0.23790593201623178,0.0106387123812092,0.02441070696622938,GCST90200167,cancerType_celltype,KICH_Epi_KICH,tissue,Tumor,Adjacent,group1_higher,0.7747270130893447,0.24362568395050632
2794,1081,0.5720794678912111,0.5893068794918374,0.507251650094986,0.5479252934455872,0.9639717283486855,0.8324916455717949,-0.01722741160062624,-0.040673643350601196,,-0.008718079281112174,0.042803467869834064,-0.5520877849802232,-0.5520877849802232,0.5809428873799536,1474905.0,-1.128642636296886,0.2590553728122307,-0.018540434860998954,-0.023343268282701723,GCST90200751,cancerType_celltype,KICH_Epi_KICH,tissue,Tumor,Adjacent,group2_higher,0.5882802046797003,0.2650844392965994
2794,1081,-1.2747389102394457,-1.3202601261906477,-1.4123511910438538,-1.3518977165222168,1.069871237010913,0.715875309716804,0.045521215951201954,-0.06045347452163696,,0.023655915355119402,-0.05062038057362922,1.5312611263518907,1.5312611263518907,0.1258134852620452,1475765.0,-1.1011085200136872,0.27085639574874154,0.04625920081868538,-0.022773791069405358,GCST90200284,cancerType_celltype,KICH_Epi_KICH,tissue,Tumor,Adjacent,group1_higher,0.1299119548577027,0.2769521886013014
2794,1081,-0.7707492739219087,-0.788449454784097,-0.86888787150383,-0.9269781112670898,0.911282838652009,0.885132528109673,0.017700180862188275,0.05809023976325989,,0.00948578588881543,-0.032756603695771436,0.5536781623543398,0.5536781623543398,0.5798605137107005,1543459.0,1.066210628445447,0.2863356735081872,0.019578399630174874,0.022052011810692607,GCST90200380,cancerType_celltype,KICH_Epi_KICH,tissue,Tumor,Adjacent,group1_higher,0.5876207287640779,0.2925603620627131
2794,1081,-0.10895342765970371,-0.11860155010579548,-0.2785850912332535,-0.1640229076147079,1.3335481496043577,1.109429798236275,0.00964812244609177,-0.11456218361854559,,0.003890076959656207,-0.1224102045125777,0.22899807478433692,0.22899807478433692,0.8188904073740096,1478380.0,-1.0173855966641934,0.30897764357032964,0.007567041269082388,-0.021042183031300676,GCST90200042,cancerType_celltype,KICH_Epi_KICH,tissue,Tumor,Adjacent,group1_higher,0.8206967832726287,0.3154580735478347
2794,1081,0.378506778789413,0.42835776504516004,0.38661862909793854,0.3514743745326996,0.7913230773709109,0.7851863469565207,-0.04985098625574702,0.03514425456523895,,-0.022134449396604812,0.17849665947627333,-1.768653213802609,-1.768653213802609,0.07710589954416164,1479002.0,-0.9974713869802985,0.3185435223289522,-0.06313315193247553,-0.02063030532587007,GCST90199792,cancerType_celltype,KICH_Epi_KICH,tissue,Tumor,Adjacent,group2_higher,0.07998123369763495,0.3249811533939834
2794,1081,-0.1598082596834305,-0.19854172554621377,-0.18816959112882609,-0.2101907730102539,0.90604604454935,0.7101943488509274,0.038733465862783284,0.02202118188142782,,0.020273634347039313,-0.31309849912458665,1.4046428038472756,1.4046428038472756,0.16025239609752984,1540357.0,0.9668957113402348,0.3336041742474073,0.04525202667425966,0.019997920745988607,GCST90200267,cancerType_celltype,KICH_Epi_KICH,tissue,Tumor,Adjacent,group1_higher,0.165097517672663,0.3400916151826598
2794,1081,-0.31521492803559675,-0.32676515534647654,-0.38792295753955836,-0.3290063440799713,0.8727244825358231,0.6357740670801442,0.01155022731087979,-0.05891661345958704,,0.007346376694749186,-0.05191812793291048,0.45425399783756865,0.45425399783756865,0.6496828316840657,1481688.0,-0.9114752982167267,0.36205342617245617,0.014196124930708131,-0.018851682308528184,GCST90200466,cancerType_celltype,KICH_Epi_KICH,tissue,Tumor,Adjacent,group1_higher,0.6559390367299123,0.36881825102620164
2794,1081,-0.0781500262350927,-0.08685810656462206,-0.06807716935873029,-0.1256228685379028,0.7837896658310758,0.5717154266084675,0.008708080329529355,0.057545699179172516,,0.004744348573595779,-0.1524122952586655,0.3810546590072787,0.3810546590072787,0.7031929525066645,1538564.0,0.9094902805311937,0.36309983230588017,0.01191474577065911,0.018810626974546274,GCST90200399,cancerType_celltype,KICH_Epi_KICH,tissue,Tumor,Adjacent,group1_higher,0.7089141969427394,0.36960796970344634
2794,1081,-0.3093799513633389,-0.3469301496661097,-0.3778128921985626,-0.3975259959697723,0.6734786415377505,0.5947712042300061,0.03755019830277079,0.01971310377120966,,0.02924909659869687,-0.165265008149561,1.6970651238629186,1.6970651238629186,0.08982533029607348,1536857.0,0.8548382613504725,0.3926495567737963,0.05754942194686051,0.017680280924433633,GCST90200554,cancerType_celltype,KICH_Epi_KICH,tissue,Tumor,Adjacent,group1_higher,0.09310412562247009,0.3993890640915555
2794,1081,0.3427538575992095,0.2775816226611883,0.30728964507579803,0.2916598618030548,1.1686657351558027,0.862600227533059,0.06517223493802121,0.015629783272743225,,0.02559355112552909,0.3042598577803825,1.8995318153880025,1.8995318153880025,0.057603345462419644,1536760.0,0.851732669165042,0.3943713710937444,0.059682730248155604,0.01761604919223636,GCST90200890,cancerType_celltype,KICH_Epi_KICH,tissue,Tumor,Adjacent,group1_higher,0.060071430654382536,0.4008412966448722
2794,1081,0.5894463033794415,0.6166094660560657,0.5680772066116333,0.5596498847007751,0.9482455902279558,0.6832460011332688,-0.02716316267662422,0.008427321910858154,,-0.015928456744955074,0.06499653532416806,-0.9894423852931595,-0.9894423852931595,0.3225351449059828,1485990.0,-0.7737406839721673,0.4390936244996183,-0.030783689272939826,-0.01600297187643407,GCST90200185,cancerType_celltype,KICH_Epi_KICH,tissue,Tumor,Adjacent,group2_higher,0.3285615863279929,0.4459646871780773
2794,1081,-0.04342173487065304,-0.07114399594648568,-0.0871176309883594,-0.1015463694930076,0.5081792203225084,0.43952364082907314,0.027722261075832644,0.014428738504648209,,0.024462232143136736,-0.7123116936434608,1.6835891479393568,1.6835891479393568,0.09239962806107717,1533743.0,0.7551391472738668,0.4501751006059024,0.056575750177047614,0.015618243666055909,GCST90199739,cancerType_celltype,KICH_Epi_KICH,tissue,Tumor,Adjacent,group1_higher,0.09569961477754421,0.45687912295297467
2794,1081,-0.3928298782241836,-0.40919343705175343,-0.431475892663002,-0.4745660722255707,0.7086510382403249,0.5717363368719771,0.016363558827569846,0.043090179562568665,,0.011290792000805424,-0.058878195707844576,0.745242021297484,0.745242021297484,0.45619793075321213,1530535.0,0.6524304902546789,0.5141338244025024,0.02430434140058213,0.013493961223899342,GCST90200900,cancerType_celltype,KICH_Epi_KICH,tissue,Tumor,Adjacent,group1_higher,0.462991645284161,0.5214020853129545
2794,1081,-0.3255563737276038,-0.3504507464964535,-0.3732224702835083,-0.3772213757038116,0.40681371442857706,0.3504096960807505,0.024894372768849704,0.003998905420303289,,0.03428269404632123,-0.1063039987678804,1.8936717387168467,1.8936717387168467,0.05839607533214858,1529248.0,0.6112253650727292,0.5410609896456581,0.06352187975311059,0.012641731952373059,GCST90200441,cancerType_celltype,KICH_Epi_KICH,tissue,Tumor,Adjacent,group1_higher,0.060851567796420876,0.548301954562849
2794,1081,0.19329262876641234,0.1706957219818305,0.17005791515111915,0.1393517106771469,0.6778191646536722,0.48744364756996933,0.022596906784581844,0.030706204473972237,,0.016222792937493152,0.1793587315790392,1.1527903493422522,1.1527903493422522,0.24909799745552985,1528792.0,0.5966258801597774,0.5507678786925498,0.03583748110869822,0.012339776592764862,GCST90200899,cancerType_celltype,KICH_Epi_KICH,tissue,Tumor,Adjacent,group1_higher,0.25508682985115494,0.5577240851842091
2794,1081,-0.08550042844030671,-0.09661174051527789,-0.1214128471910953,-0.0563046485185623,0.7209256633172373,0.8408029407876046,0.01111131207497118,-0.065108198672533,,0.007017535455267608,-0.1762649299213988,0.3833777746870702,0.3833777746870702,0.7014868469666966,1491697.0,-0.5910230076602893,0.5545157311182459,0.014692315983502175,-0.012223894601687157,GCST90200216,cancerType_celltype,KICH_Epi_KICH,tissue,Tumor,Adjacent,group1_higher,0.7077176701817968,0.5611024064693164
2794,1081,-0.2584571832969229,-0.3186782461202942,-0.46300819516181946,-0.4046976864337921,1.4697780061773784,1.0987763174716525,0.06022106282337131,-0.058310508728027344,,0.023247748207875493,-0.3021741855576245,1.3852092015078374,1.3852092015078374,0.16610691067314415,1495314.0,-0.47521963719944055,0.6346418407341099,0.04375212389311863,-0.009828779391811593,GCST90200553,cancerType_celltype,KICH_Epi_KICH,tissue,Tumor,Adjacent,group1_higher,0.17099978795128057,0.6417038790212105
2794,1081,-0.036106486420402366,-0.08399407460561469,-0.08486694097518915,-0.1407563239336013,1.5626511433539143,0.8678902538695972,0.04788758818521232,0.05588938295841214,,0.014536750687809004,-1.218006739765725,1.2082791537068087,1.2082791537068087,0.22702362870430445,1524914.0,0.47246622557112067,0.6366054675129256,0.034109891089807644,0.009771831670482012,GCST90201004,cancerType_celltype,KICH_Epi_KICH,tissue,Tumor,Adjacent,group1_higher,0.23283160716626558,0.6432121958636898
2794,1081,-0.7987338040676868,-0.8287382638110716,-0.9180080890655518,-0.8871990442276001,0.9266049557981728,0.7809729331816114,0.030004459743384837,-0.03080904483795166,,0.016072171945376558,-0.05320169641251321,1.0163605458513485,1.0163605458513485,0.30956408724770457,1496688.0,-0.4312290839748882,0.6663134472034378,0.033773647845096635,-0.008918940216149696,GCST90200397,cancerType_celltype,KICH_Epi_KICH,tissue,Tumor,Adjacent,group1_higher,0.31582024769357886,0.6727297989172486
2794,1081,-0.16871310597140193,-0.1499490899203029,-0.2174544110894203,-0.247961938381195,0.6127128754640275,0.6237884838159642,-0.018764016051099036,0.030507527291774722,,-0.016303029673296398,-0.170098213216899,-0.8439587405130834,-0.8439587405130834,0.3987969107857111,1521602.0,0.36642786146652273,0.7140577762166667,-0.030469900416113006,0.007578682216484722,GCST90200449,cancerType_celltype,KICH_Epi_KICH,tissue,Tumor,Adjacent,group2_higher,0.40533944026914565,0.7204002583148162
2794,1081,-0.5102493398097363,-0.525879195165475,-0.5996300578117371,-0.6037320494651794,1.0647006790509432,0.8978261101909175,0.015629855355738687,0.004101991653442383,,0.005685853770097261,-0.04352892738995703,0.4606164242947428,0.4606164242947428,0.6451171752090714,1499421.0,-0.3437282237400252,0.7310627235937938,0.015309678091773977,-0.00710919460691839,GCST90200009,cancerType_celltype,KICH_Epi_KICH,tissue,Tumor,Adjacent,group1_higher,0.6518122385544584,0.7370107191259918
2794,1081,-0.6426533708708887,-0.6227103563875932,-0.6613064408302307,-0.6952935457229614,0.5709240949659089,0.5475782587122353,-0.019943014483295496,0.03398710489273071,,-0.015286897500560875,-0.04547945327561238,-1.004667567647899,-1.004667567647899,0.3151761012192817,1499454.5,-0.34265567386155177,0.7318695575679762,-0.03532793976889938,-0.00708701148291202,GCST90200376,cancerType_celltype,KICH_Epi_KICH,tissue,Tumor,Adjacent,group2_higher,0.3213051802257898,0.7372787930267196
2794,1081,0.018045338163880327,-0.00525477242571083,-0.04701338894665235,-0.0163311064243316,0.7199326881635989,0.5333575400404019,0.023300110589591156,-0.03068228252232075,,0.0160616385956156,1.779731411659474,1.1000161749884996,1.1000161749884996,0.27142562249969093,1500323.0,-0.3148494180569493,0.7528881433253177,0.034614808371549254,-0.006511905715763322,GCST90200509,cancerType_celltype,KICH_Epi_KICH,tissue,Tumor,Adjacent,group1_higher,0.27732617951055377,0.7578925696842009
2794,1081,0.2758234731739093,0.2280617098462493,0.19706214964389795,0.2116173058748245,0.7854867493940422,0.530809403944486,0.04776176332766002,-0.014555156230926541,,0.02486206552949166,0.274319895765001,2.1766793327450737,2.1766793327450737,0.0295853485105988,1519964.0,0.313984974871314,0.753544608830822,0.06601129131732998,0.0064940267799971085,GCST90199768,cancerType_celltype,KICH_Epi_KICH,tissue,Tumor,Adjacent,group1_higher,0.03111483797835352,0.7579935806910778
2794,1081,-0.19369720011824873,-0.20687154251092552,-0.29689620435237885,-0.3242406547069549,1.0441989685532238,0.9818370504134232,0.013174342392676786,0.027344450354576055,,0.005822640322313045,-0.0949316257000391,0.3679441255925755,0.3679441255925755,0.7129523682465961,1519042.0,0.2844658409025823,0.7760656744413599,0.012825615550916524,0.005883494232718833,GCST90200251,cancerType_celltype,KICH_Epi_KICH,tissue,Tumor,Adjacent,group1_higher,0.7176913426293283,0.7800719131737268
2794,1081,0.7649793795892412,0.777893192547905,0.7767246067523956,0.7823691368103027,0.8281462671438147,0.6202325532406185,-0.012913812958663784,-0.0056445300579071045,,-0.006636549988998707,0.024151190687244913,-0.5266219898162957,-0.5266219898162957,0.5985009617295083,1503043.0,-0.2277647712077626,0.8198415610596611,-0.016645978235716355,-0.004710768483011996,GCST90200384,cancerType_celltype,KICH_Epi_KICH,tissue,Tumor,Adjacent,group2_higher,0.6051608389000889,0.8234665053237422
2794,1081,0.5562448009001199,0.5711702873720471,0.5663639008998871,0.5531541705131531,0.5997302794300345,0.418034947795521,-0.014925486471927263,0.013209730386734009,,-0.009570835976227696,0.03820091719394177,-0.875865146621176,-0.875865146621176,0.3811785148928305,1503356.0,-0.21774363353724957,0.8276413380965069,-0.02688906254681981,-0.004503505264684349,GCST90199642,cancerType_celltype,KICH_Epi_KICH,tissue,Tumor,Adjacent,group2_higher,0.3877211311932298,0.8306886184282318
2794,1081,0.3560768475352718,0.38005890461114805,0.36545246839523315,0.3322347700595855,0.6002730164066343,0.6641022897916325,-0.02398205707587625,0.03321769833564764,,-0.010528930229508479,0.09403414749284005,-1.0349504524361048,-1.0349504524361048,0.3008309866642583,1516299.0,0.19664481652489146,0.8441180249145187,-0.038759853221723664,0.004067126795425979,GCST90200925,cancerType_celltype,KICH_Epi_KICH,tissue,Tumor,Adjacent,group2_higher,0.30714055042950117,0.8466025518458344
2794,1081,0.05727221940748235,0.04609648570631373,-0.0542320385575294,-0.0410446189343929,0.8956930877956112,0.8975374917306005,0.011175733701168623,-0.0131874196231365,,0.005935233510998741,0.3131726377101302,0.34782636168337483,0.34782636168337483,0.7280079383334497,1505459.0,-0.1504131143005438,0.8804513243065231,0.012470025198563469,-0.0031109348233329115,GCST90200309,cancerType_celltype,KICH_Epi_KICH,tissue,Tumor,Adjacent,group1_higher,0.7312268385766336,0.8823934963454345
2794,1081,0.046508602376792024,0.027167940669584067,0.01738569233566515,-0.0073955650441348,0.8857067414937969,0.5973355531386162,0.019340661707207957,0.02478125737979995,,0.011377071842658817,0.7755702906596874,0.7825383055541313,0.7825383055541313,0.43396239180491336,1513051.0,0.09265550293439204,0.926189966389461,0.0237131182130438,0.001916357041022998,GCST90199934,cancerType_celltype,KICH_Epi_KICH,tissue,Tumor,Adjacent,group1_higher,0.44075315948591426,0.9275510096905476
2794,1081,-0.08366689938302886,-0.09499480769823385,-0.10572689399123189,-0.1100429892539978,0.31533259786151996,0.25695756116803087,0.011327908315204985,0.004316095262765912,,0.015473131643214278,-0.18318963227278834,1.152146056246253,1.152146056246253,0.24937622960437608,1512277.0,0.06787479827951318,0.9458980438560173,0.03773478569848684,0.0014038275490562135,GCST90200522,cancerType_celltype,KICH_Epi_KICH,tissue,Tumor,Adjacent,group1_higher,0.25518003074381723,0.9465925358118586
2794,1081,-0.3018105366309211,-0.29463089813065724,-0.29788073897361755,-0.3018881678581238,0.7013384080705446,0.4834709847809946,-0.007179638500263874,0.004007428884506226,,-0.004417785624610881,-0.03473432211763277,-0.362498597272096,-0.362498597272096,0.7170065466881224,1509102.0,-0.03377731706834264,0.9730674894001817,-0.01107981173516417,-0.0006986028604972772,GCST90200063,cancerType_celltype,KICH_Epi_KICH,tissue,Tumor,Adjacent,group2_higher,0.7212397956722588,0.9730674894001818
