n_group1,n_group2,mean_group1,mean_group2,median_group1,median_group2,sd_group1,sd_group2,mean_diff,median_diff,log2FC,pseudo_log2FC_shifted,signed_log2FC_absmean,t_welch,z_welch_approx,p_ttest,u_stat,z_wilcoxon,p_wilcoxon,cohen_d,cliffs_delta,trait,celltype_key,celltype,group_col,group1,group2,direction,q_ttest,q_wilcoxon
29319,3332,-0.015441924926338592,-0.3809108388689704,-0.0587714426219463,-0.4883533865213394,0.5175581749539198,0.5192552460013551,0.3654689139426318,0.42958194389939314,,0.3869725084801621,-4.624439194612319,38.5117309341842,38.5117309341842,2.0099244418901558e-277,72536176.5,45.95015298757312,0.0,0.7059042430625841,0.48501386638764776,GCST90199999,cancerType_celltype,LUAD_Epi_LUAD,tissue,Tumor,Adjacent,group1_higher,1.7122043839351764e-275,0.0
29319,3332,-0.12439568836106046,-0.49869490444175696,-0.1854138821363449,-0.579357385635376,0.5266464611380091,0.5143723470945862,0.3742992160806965,0.39394350349903107,,0.4328073453495215,-2.0032122757374844,39.7056750720176,39.7056750720176,1.100567162997635e-292,72403589.0,45.69298835659828,0.0,0.7123981550572217,0.48229943773273143,GCST90199879,cancerType_celltype,LUAD_Epi_LUAD,tissue,Tumor,Adjacent,group1_higher,1.2500608693048138e-290,0.0
29319,3332,0.059506816253656385,-0.38116512176955303,-0.0023494912311434,-0.5038455128669739,0.6099076371195346,0.5715509837956599,0.4406719380232094,0.5014960216358305,,0.40230773851379686,-2.679268815911666,41.878078453308724,41.878078453308724,0.0,72250177.5,45.3954338225374,0.0,0.7270548193416636,0.4791586848593934,GCST90200929,cancerType_celltype,LUAD_Epi_LUAD,tissue,Tumor,Adjacent,group1_higher,0.0,0.0
29319,3332,-0.11222059256658168,-0.48327624117898854,-0.146230861544609,-0.543187826871872,0.5219012575914644,0.4527286211828683,0.37105564861240686,0.396956965327263,,0.35858209194829677,-2.10650076425141,44.09716847677309,44.09716847677309,0.0,71321048.0,43.593308848498836,0.0,0.7201195634779943,0.4601368635042271,GCST90200527,cancerType_celltype,LUAD_Epi_LUAD,tissue,Tumor,Adjacent,group1_higher,0.0,0.0
29319,3332,-0.1001357881593214,-0.47067819144451706,-0.1405903249979019,-0.5549540519714355,0.5623015168644289,0.539703690274564,0.37054240328519567,0.41436372697353363,,0.38686064574610857,-2.2327719859078825,37.391685221188396,37.391685221188396,2.2574126009999703e-264,70614467.5,42.22283641681019,0.0,0.6616382566309479,0.44567122868793474,GCST90200171,cancerType_celltype,LUAD_Epi_LUAD,tissue,Tumor,Adjacent,group1_higher,1.4651682738871237e-262,0.0
29319,3332,0.033813303584045606,-0.3791899628311671,0.017132680863142,-0.4485398083925247,0.6478709671319762,0.5677911223972972,0.41300326641521273,0.46567248925566673,,0.3413880332472017,-3.487219034802518,39.18801586449525,39.18801586449525,3.307215113728184e-288,70245274.0,41.50675450723493,0.0,0.645156417090873,0.43811282826852227,GCST90200906,cancerType_celltype,LUAD_Epi_LUAD,tissue,Tumor,Adjacent,group1_higher,3.467487846162704e-286,0.0
29319,3332,-0.07896641114172712,-0.3971659419942984,-0.1189914122223854,-0.5030953288078308,0.5389695999129216,0.5405030754964076,0.31819953085257124,0.3841039165854454,,0.29033550412424,-2.3304162467052465,32.21111753821907,32.21111753821907,3.119126831326513e-203,69175756.5,39.43233517503066,0.0,0.5902133864460203,0.4162168806947726,GCST90200533,cancerType_celltype,LUAD_Epi_LUAD,tissue,Tumor,Adjacent,group1_higher,8.33601935509419e-202,0.0
29319,3332,-0.038324253597175145,-0.35216226834963105,-0.0701690390706062,-0.3840314596891403,0.5167366363281661,0.4224376749207217,0.3138380147524559,0.3138624206185341,,0.28762927691342993,-3.1998771964360913,39.64548551359185,39.64548551359185,1.7414360249522552e-295,69024562.0,39.139080699322726,0.0,0.6178905807411522,0.41312151587330925,GCST90200593,cancerType_celltype,LUAD_Epi_LUAD,tissue,Tumor,Adjacent,group1_higher,2.157797547281749e-293,0.0
29319,3332,-0.04786439482842005,-0.3712848946959624,-0.0769471675157547,-0.44140884280204773,0.503808292512418,0.4677639993975151,0.32342049986754234,0.36446167528629303,,0.34216790043630835,-2.9554755927620353,37.514707207650225,37.514707207650225,2.1965072342517604e-266,68718357.0,38.545170294287175,0.0,0.6465179088545223,0.4068526622764117,GCST90200522,cancerType_celltype,LUAD_Epi_LUAD,tissue,Tumor,Adjacent,group1_higher,1.5757049264658681e-264,0.0
29319,3332,-0.010363470923132565,-0.2975471847638553,-0.0539334341883659,-0.39316846430301666,0.5432484605910782,0.5406528046095844,0.2871837138407227,0.3392350301146508,,0.26138616558721384,-4.843404938510737,29.040694313213827,29.040694313213827,6.642974566945191e-169,68657348.5,38.426839166625605,0.0,0.528898832498751,0.4056036514677497,GCST90200570,cancerType_celltype,LUAD_Epi_LUAD,tissue,Tumor,Adjacent,group1_higher,8.706129168025284e-168,0.0
29319,3332,0.11620353651415928,-0.29328843463032106,0.0825784727931022,-0.36504998803138733,0.6777731511994112,0.6229061617992449,0.4094919711444803,0.44762846082448954,,0.35920215857126314,-1.3356587095433388,35.62572416030313,35.62572416030313,1.1267261741255621e-243,68618567.0,38.35161917879756,0.0,0.6090182204835887,0.4048096881236891,GCST90200340,cancerType_celltype,LUAD_Epi_LUAD,tissue,Tumor,Adjacent,group1_higher,5.906645289742851e-242,0.0
29319,3332,-0.1383625769277152,-0.5157569142288588,-0.1776257008314132,-0.6047883331775665,0.678795318710433,0.6089603286765342,0.37739433730114363,0.4271626323461533,,0.3055804190912946,-1.8982298388607428,33.48703571797822,33.48703571797822,7.854861249638175e-219,68448597.0,38.021948038405036,0.0,0.5615962448305681,0.4013299374799546,GCST90200334,cancerType_celltype,LUAD_Epi_LUAD,tissue,Tumor,Adjacent,group1_higher,2.6112624105504466e-217,0.0
29319,3332,0.010178614387843631,-0.2917883285345193,0.0103780729696154,-0.31344492733478546,0.5035554262005816,0.47264238290304594,0.3019669429223629,0.32382300030440087,,0.2910982489538692,-4.841172304167049,34.708235007437416,34.708235007437416,1.5364157417138642e-232,68404439.5,37.93630084547756,0.0,0.6033438061418099,0.4004259127164629,GCST90199627,cancerType_celltype,LUAD_Epi_LUAD,tissue,Tumor,Adjacent,group1_higher,6.755273083729022e-231,0.0
29319,3332,-0.22238604524994005,-0.5779719309522371,-0.3025009930133819,-0.6982420682907104,0.6435906895888776,0.6225217814949109,0.35558588570229704,0.39574107527732855,,0.36193505011914845,-1.3779291775192515,31.134993527606536,31.134993527606536,1.3560650259971706e-191,68367727.0,37.86509385752875,0.0,0.5543272634108594,0.3996743074596052,GCST90199948,cancerType_celltype,LUAD_Epi_LUAD,tissue,Tumor,Adjacent,group1_higher,2.5671064311585325e-190,0.0
29319,3332,-0.09934014174703139,-0.4191141999516668,-0.1288644671440124,-0.4750353097915649,0.5139493084660489,0.45380852546853867,0.31977405820463545,0.3461708426475525,,0.32049679404162745,-2.076883611139285,37.99928589271868,37.99928589271868,3.3788825234342592e-273,68305782.0,37.744946309187185,0.0,0.6293035163944104,0.39840612393530006,GCST90200637,cancerType_celltype,LUAD_Epi_LUAD,tissue,Tumor,Adjacent,group1_higher,2.5585649330227193e-271,0.0
29319,3332,-0.24113589707679742,0.5939148946650973,-0.3047762811183929,0.5506982505321503,1.1816747840837147,1.0609956383492543,-0.8350507917418947,-0.8554745316505432,,-0.2585106614387521,1.300406224339221,-42.531902364101974,-42.531902364101974,0.0,28757986.0,-38.9613371957305,0.0,-0.713759556058069,-0.4112453945048806,GCST90200491,cancerType_celltype,LUAD_Epi_LUAD,tissue,Tumor,Adjacent,group2_higher,0.0,0.0
29319,3332,0.0894733275219137,0.863295686864415,0.0190196149051189,0.867771714925766,1.0421733504966735,1.0110726349605499,-0.7738223593425013,-0.848752100020647,,-0.26253131308920646,3.27031075109205,-41.73091500173684,-41.73091500173684,0.0,28713761.0,-39.047115310597,0.0,-0.7447453003848523,-0.41215080117793557,GCST90199709,cancerType_celltype,LUAD_Epi_LUAD,tissue,Tumor,Adjacent,group2_higher,0.0,0.0
29319,3332,0.10072869417554502,1.4860331383084247,-0.0024371952749788,1.400508165359497,1.573161236779027,1.5998763337214421,-1.3853044441328797,-1.402945360634476,,-0.28126073771180243,3.882906314731652,-47.44306744339078,-47.44306744339078,0.0,26164749.0,-43.99113892014119,0.0,-0.8790518321487472,-0.46433604650291505,GCST90200211,cancerType_celltype,LUAD_Epi_LUAD,tissue,Tumor,Adjacent,group2_higher,0.0,0.0
29319,3332,-0.19417039028204905,0.9007432415917263,-0.2901245653629303,0.8872699439525604,1.2520703238333113,1.2340358649732452,-1.0949136318737753,-1.1773945093154907,,-0.2882779232945685,2.213786877637544,-48.459559786268834,-48.459559786268834,0.0,25811514.5,-44.6762670041618,0.0,-0.8757611601098079,-0.47156772255612567,GCST90199900,cancerType_celltype,LUAD_Epi_LUAD,tissue,Tumor,Adjacent,group2_higher,0.0,0.0
29319,3332,-0.041103161331132544,1.6272635536294138,-0.1862223595380783,1.5676976442337036,1.8347015990775426,1.7569114829487082,-1.6683667149605463,-1.753920003771782,,-0.3319943356513029,5.3070205491240605,-51.70397355811787,-51.70397355811787,0.0,24671162.5,-46.88807581918147,0.0,-0.9132143761664123,-0.4949138460254664,GCST90200386,cancerType_celltype,LUAD_Epi_LUAD,tissue,Tumor,Adjacent,group2_higher,0.0,0.0
29319,3332,0.048102118511159905,-0.5966032627693058,0.0135539695620536,-0.6522400975227356,0.908805143089352,0.8587818349235594,0.6447053812804656,0.6657940670847892,,0.3262297216672789,-3.632571954203981,40.81470374521741,40.81470374521741,2.641537441491847e-307,68268985.0,37.67357542636655,1.3455718158038e-310,0.7133050959129409,0.3976527887323966,GCST90200359,cancerType_celltype,LUAD_Epi_LUAD,tissue,Tumor,Adjacent,group1_higher,4.0004617030593195e-305,8.73340183305042e-309
29319,3332,0.27369082307821535,1.1689335241906669,0.2172209173440933,1.1613565683364868,1.2668798160099688,1.1954372456743887,-0.8952427011124515,-0.9441356509923935,,-0.24795706093167735,2.0945698841605234,-40.708213228941084,-40.708213228941084,5.5848479958788736e-306,29506525.5,-37.50948174715811,6.45296670753011e-308,-0.7106361195595101,-0.39592074423138746,GCST90200251,cancerType_celltype,LUAD_Epi_LUAD,tissue,Tumor,Adjacent,group2_higher,7.612147818382905e-304,3.9979061919834275e-306
29319,3332,-0.19036390965108874,-0.5313778639897732,-0.2471406608819961,-0.6365194320678711,0.6286066328325077,0.579045395690094,0.3410139543386844,0.389378771185875,,0.30574112660474584,-1.480973276387699,31.924072027749258,31.924072027749258,9.102312954368503e-201,68080700.5,37.30838176964339,1.2002175439936583e-304,0.5467327708457677,0.39379809019688916,GCST90199919,cancerType_celltype,LUAD_Epi_LUAD,tissue,Tumor,Adjacent,group1_higher,2.139043544276598e-199,7.112593532449375e-303
29319,3332,-0.052156584369534784,-0.3731778378986542,-0.0922903046011924,-0.4696455895900726,0.6056557456403877,0.5862614632476933,0.3210212535291194,0.37735528498888016,,0.245994293246363,-2.8389182175017535,29.84942500358259,29.84942500358259,1.200472888701233e-177,68049511.0,37.24788710568344,1.1464455808453521e-303,0.5317513319986488,0.3931595558514003,GCST90200786,cancerType_celltype,LUAD_Epi_LUAD,tissue,Tumor,Adjacent,group1_higher,1.759402739032022e-176,6.510855527884228e-302
29319,3332,-0.1743033067257778,-0.7064842243264688,-0.205284982919693,-0.7508461177349091,0.7876043191098714,0.7029653663531413,0.5321809176006911,0.5455611348152161,,0.32418045278090507,-2.0190511717204553,40.88078552108059,40.88078552108059,2.34666557989072e-309,68033235.0,37.216318431911425,3.7168669743049644e-303,0.6828170312545119,0.39282634162843477,GCST90200773,cancerType_celltype,LUAD_Epi_LUAD,tissue,Tumor,Adjacent,group1_higher,3.9981314817388104e-307,2.0264358743910666e-301
29319,3332,0.0033272333733362905,-0.3136529054429674,-0.0394641198217868,-0.40007859468460083,0.6078972108161912,0.5691865438287174,0.3169801388163037,0.36061447486281406,,0.2525498052598551,-6.558273118399759,30.245567374793044,30.245567374793044,3.811916427292166e-182,67910203.5,36.97768846833431,2.615408716268505e-299,0.5247481937959013,0.3903075504221949,GCST90200591,cancerType_celltype,LUAD_Epi_LUAD,tissue,Tumor,Adjacent,group1_higher,6.041444291161886e-181,1.3710777231822972e-297
29319,3332,0.31469153853029996,1.5595183449723857,0.1219218745827674,1.471629798412323,1.6063280303194756,1.873989620019632,-1.2448268064420858,-1.3497079238295555,,-0.2937756820242874,2.309086571302191,-36.83660994828081,-36.83660994828081,3.036089589921944e-255,29785931.5,-36.96755026129288,3.8058153467341636e-299,-0.7610623106474274,-0.39020053944016986,GCST90199802,cancerType_celltype,LUAD_Epi_LUAD,tissue,Tumor,Adjacent,group2_higher,1.7992130917667868e-253,1.921231969480987e-297
29319,3332,0.31798304599239813,1.1217832856941974,0.2595681548118591,1.0372308492660522,1.079912885342929,1.149270757018651,-0.8038002397017993,-0.7776626944541931,,-0.2791922421860765,1.8187689895155783,-38.4870089576186,-38.4870089576186,2.952734940790408e-276,29951481.0,-36.646453053218444,5.2118817771033386e-294,-0.7393361886385929,-0.3868112885182724,GCST90200930,cancerType_celltype,LUAD_Epi_LUAD,tissue,Tumor,Adjacent,group2_higher,2.367398661351368e-274,2.5370695936399466e-292
29319,3332,0.020499003456783526,-0.3127637437272609,0.0027749328874051,-0.375513032078743,0.6550082492939784,0.5758515510706975,0.3332627471840444,0.3782879649661481,,0.2683231163643508,-3.9313818365098614,31.191761769993807,31.191761769993807,4.98858816303943e-193,67683932.5,36.538816793287204,2.684252116344181e-292,0.5147902178046593,0.3856751643663707,GCST90200909,cancerType_celltype,LUAD_Epi_LUAD,tissue,Tumor,Adjacent,group1_higher,9.854269081482236e-192,1.2615984946817651e-290
29319,3332,-0.1418661363423589,-0.46669236543995396,-0.1703395992517471,-0.5000115931034088,0.6050498170478631,0.5522798676209026,0.32482622909759507,0.3296719938516617,,0.2781785076379738,-1.7179345315320265,31.847727114213388,31.847727114213388,5.37217788594342e-200,67681777.5,36.534636989159736,3.1274961576069157e-292,0.5414865499819173,0.3856310456240206,GCST90199918,cancerType_celltype,LUAD_Epi_LUAD,tissue,Tumor,Adjacent,group1_higher,1.2203797430901467e-198,1.420925754272742e-290
29319,3332,-0.09395407776686515,-0.41039527274207654,-0.1401133090257644,-0.4748962074518204,0.5616348770126097,0.5101941832747521,0.3164411949752114,0.33478289842605596,,0.31765268179560346,-2.126974589534872,33.56545646654522,33.56545646654522,1.3448228111267033e-219,67674065.0,36.51967794538567,5.403532942083862e-292,0.5685207480883727,0.38547314966096957,GCST90200980,cancerType_celltype,LUAD_Epi_LUAD,tissue,Tumor,Adjacent,group1_higher,4.582483728914242e-218,2.3758114193742918e-290
29319,3332,-0.11892329379357817,-0.41274331277766096,-0.185870960354805,-0.5113286972045898,0.5500244115576237,0.5018993873674052,0.2938200189840828,0.32545773684978485,,0.3737729087248708,-1.795204878125407,31.698248687491756,31.698248687491756,2.5055886347393018e-198,67663439.5,36.49906889259847,1.1473502146102836e-291,0.5388137441944927,0.3852556166229921,GCST90200920,cancerType_celltype,LUAD_Epi_LUAD,tissue,Tumor,Adjacent,group1_higher,5.50825372443495e-197,4.8869948203556765e-290
29319,3332,-0.047026843576778464,-0.3501819592151596,-0.082479327917099,-0.4229772537946701,0.5909772986969518,0.5828681317522996,0.30315511563838116,0.3404979258775711,,0.22324092950029092,-2.896521795078449,28.408834937540536,28.408834937540536,2.24453777896336e-162,67632903.5,36.439841746966735,9.964795129045522e-291,0.5136872183811135,0.3846304612093481,GCST90200180,cancerType_celltype,LUAD_Epi_LUAD,tissue,Tumor,Adjacent,group1_higher,2.592631349768695e-161,4.11576235178456e-289
29319,3332,-0.12003223790926965,-0.4090578270499763,-0.1955006867647171,-0.498802587389946,0.5649999816916759,0.5651332090464488,0.28902558914070664,0.3033019006252289,,0.28876336601774993,-1.7688743812258116,27.975299404647615,27.975299404647615,7.662413227095013e-158,67556015.0,36.29071002090878,2.267355321876258e-288,0.5115374242771041,0.38305634338049144,GCST90200266,cancerType_celltype,LUAD_Epi_LUAD,tissue,Tumor,Adjacent,group1_higher,8.422475184298792e-157,9.089427363874528e-287
29319,3332,-0.03996140530834304,-0.3754153829296269,-0.0745386630296707,-0.4468657821416855,0.6269963806384341,0.5870371035025556,0.33545397762128387,0.37232711911201477,,0.24403625424266856,-3.2317762841967954,31.034800217685973,31.034800217685973,9.386009554138534e-191,67532466.0,36.2450347506546,1.189854832624952e-287,0.538417458615913,0.38257423096118637,GCST90200641,cancerType_celltype,LUAD_Epi_LUAD,tissue,Tumor,Adjacent,group1_higher,1.7288014894987596e-189,4.633634676765171e-286
29319,3332,0.15917124934906196,1.211242450014698,0.0520046167075634,1.1367356777191162,1.4670579217500836,1.4939371224213618,-1.052071200665636,-1.0847310610115528,,-0.2670122320572512,2.9278281256866356,-38.59075826108994,-38.59075826108994,3.608543717050822e-278,30228060.5,-36.11000380232597,1.5800753052182535e-285,-0.7157809885583147,-0.38114894991046655,GCST90200480,cancerType_celltype,LUAD_Epi_LUAD,tissue,Tumor,Adjacent,group2_higher,3.2789633908935137e-276,5.98234066947911e-284
29319,3332,-0.03540336267751913,-0.32727787751146165,-0.0822656527161598,-0.4034116566181183,0.6085985311572942,0.5716532669039647,0.2918745148339425,0.32114600390195847,,0.2549229891366367,-3.208521442797304,27.739932865776684,27.739932865776684,9.027085490265251e-156,67457942.5,36.10049014142331,2.228277063934412e-285,0.48249098654260847,0.38104853114887627,GCST90200248,cancerType_celltype,LUAD_Epi_LUAD,tissue,Tumor,Adjacent,group1_higher,9.464551940947335e-155,8.208490913898929e-284
29319,3332,-0.028315842793507705,-0.323024715419279,-0.0877386927604675,-0.4133967012166977,0.5846681116695284,0.6385586006602998,0.29470887262577133,0.32565800845623016,,0.31964451179761827,-3.5119166943124505,25.455616202726453,25.455616202726453,1.371196535487947e-132,67359425.0,35.909407146932395,2.178650386073555e-282,0.49917521249562047,0.3790316085505112,GCST90199981,cancerType_celltype,LUAD_Epi_LUAD,tissue,Tumor,Adjacent,group1_higher,1.015728737972865e-131,7.814474937416461e-281
29319,3332,-0.061678490246792644,-0.34439040861064346,-0.0979308485984802,-0.41255688667297363,0.5306004219547035,0.5040774893127109,0.2827119183638508,0.3146260380744934,,0.22959788322627675,-2.481186405679893,30.510227680988184,30.510227680988184,6.616868906984032e-185,67337038.5,35.865986643405904,1.0362312766897468e-281,0.5354843998417239,0.37857329568479403,GCST90200664,cancerType_celltype,LUAD_Epi_LUAD,tissue,Tumor,Adjacent,group1_higher,1.0866014843637632e-183,3.621495461866987e-280
29319,3332,-0.10224544749029879,-0.4429854008854689,-0.1598449200391769,-0.5530043840408325,0.625173650348062,0.6106370555333795,0.3407399533951701,0.3931594640016556,,0.2731215252819527,-2.115211692365099,30.447647540419467,30.447647540419467,5.053583549205251e-184,67241591.5,35.68085914245253,7.832105150113639e-279,0.5463149454999464,0.37661923461700253,GCST90199941,cancerType_celltype,LUAD_Epi_LUAD,tissue,Tumor,Adjacent,group1_higher,8.200040925674712e-183,2.6687898299012224e-277
29319,3332,-0.05772992037156344,-0.34441393850312535,-0.0936200693249702,-0.383583053946495,0.5232758155747459,0.48657059584959483,0.2866840181315619,0.2899629846215248,,0.28800298167387683,-2.576731588199937,31.97381641144882,31.97381641144882,3.0752528201217727e-201,67181826.5,35.56493988784549,4.882659012445089e-277,0.5516870030521772,0.3753956816534043,GCST90200142,cancerType_celltype,LUAD_Epi_LUAD,tissue,Tumor,Adjacent,group1_higher,7.484945703260672e-200,1.6231863985274774e-275
29319,3332,-0.12750748105635407,-0.5003157617936376,-0.1663561016321182,-0.5860714614391327,0.6493733008431318,0.6169281367173299,0.3728082807372835,0.41971535980701447,,0.3293101570123805,-1.9722485776230965,32.87386550859718,32.87386550859718,3.3716530805107013e-211,67162302.0,35.527070474533765,1.878126743740274e-276,0.5769795858492207,0.3749959617531653,GCST90200662,cancerType_celltype,LUAD_Epi_LUAD,tissue,Tumor,Adjacent,group1_higher,1.0212362552746859e-209,6.094968456471413e-275
29319,3332,-0.020187206776195354,-0.28189816052272776,-0.0882351845502853,-0.39399562776088715,0.5748569896508088,0.5753169651762637,0.2617109537465324,0.30576044321060186,,0.2184230397597786,-3.803594508030053,24.88450301989994,24.88450301989994,1.8057741652176494e-127,67104290.0,35.41455131117287,1.019607429222526e-274,0.4552255388626844,0.373808297492741,GCST90200613,cancerType_celltype,LUAD_Epi_LUAD,tissue,Tumor,Adjacent,group1_higher,1.2124483680747074e-126,3.2319184326286115e-273
29319,3332,-0.17024870741029866,-0.6131450456753414,-0.2453199923038482,-0.6967696249485016,0.7277548035580199,0.607963877462711,0.4428963382650428,0.4514496326446534,,0.36247118739627643,-1.8485784325290502,38.99565088603293,38.99565088603293,9.572181732558779e-287,67097614.5,35.40160361629913,1.6132257396257987e-274,0.618180693214063,0.3736716317551272,GCST90199949,cancerType_celltype,LUAD_Epi_LUAD,tissue,Tumor,Adjacent,group1_higher,9.319202643912583e-285,4.9973333707044625e-273
29319,3332,0.008796245881364004,-0.33152287822118015,-0.0322923772037029,-0.4082732051610946,0.5967201321622275,0.542503856217001,0.34031912410254417,0.37598082795739174,,0.29370927813762093,-5.235917039236151,33.95165835340214,33.95165835340214,4.546836157016367e-224,66931272.0,35.07896831788916,1.4108760400274279e-269,0.5754305987811177,0.3702661459549541,GCST90200106,cancerType_celltype,LUAD_Epi_LUAD,tissue,Tumor,Adjacent,group1_higher,1.6749561302738672e-222,4.2733867612386316e-268
29319,3332,0.054161857193734536,-0.24935143276778501,0.0483432225883007,-0.28734026849269867,0.6212524363832582,0.6223267787914181,0.30351328996151955,0.3356834910809994,,0.22467529658109783,-2.202810527558543,26.68176225127283,26.68176225127283,8.056586190167007e-145,66920915.5,35.058881013273776,2.855431119417998e-269,0.4884644153898006,0.3700541200824954,GCST90199959,cancerType_celltype,LUAD_Epi_LUAD,tissue,Tumor,Adjacent,group1_higher,7.272269521322934e-144,8.460766556014634e-268
29319,3332,-0.0834640785344301,0.5881123623983191,-0.0830679014325141,0.5532128810882568,0.9969183442197899,1.008120474284803,-0.6715764409327492,-0.6362807825207709,,-0.23520444994247117,2.8168496591158894,-36.47977369325236,-36.47977369325236,1.2247017919920953e-252,30771597.5,-35.05576798050135,3.184980249248334e-269,-0.672877115005522,-0.37002126134399327,GCST90200771,cancerType_celltype,LUAD_Epi_LUAD,tissue,Tumor,Adjacent,group2_higher,6.955285593688441e-251,9.236442722820169e-268
29319,3332,0.1355681322825586,-0.1594852860936128,0.1235975474119186,-0.1888630166649818,0.5081669944670771,0.5028091849352931,0.2950534183761714,0.31246056407690037,,0.30788713593067174,-0.2344036460397875,32.0628427140245,32.0628427140245,1.0913508274400681e-201,66909961.0,35.037633837257836,6.016493137907757e-269,0.581245222399156,0.3698298515149434,GCST90199921,cancerType_celltype,LUAD_Epi_LUAD,tissue,Tumor,Adjacent,group1_higher,2.70456577781966e-200,1.7084333639517235e-267
29319,3332,-0.044943917750164084,-0.3365926152543906,-0.1113997772336006,-0.43873767554759974,0.5782576753501398,0.5514291160638193,0.2916486975042265,0.3273378983139991,,0.30475106284197895,-2.9047779168493237,28.784031674536884,28.784031674536884,1.7921379486562118e-166,66902467.0,35.02309859264937,1.0015097853174253e-268,0.5067059617946217,0.36967642884433016,GCST90199945,cancerType_celltype,LUAD_Epi_LUAD,tissue,Tumor,Adjacent,group1_higher,2.2828822654377724e-165,2.7858323211992873e-267
29319,3332,-0.017344771870446238,-0.41528054585691965,-0.0735119506716728,-0.5208084881305695,0.711207529455969,0.6774878459552786,0.3979357739864734,0.44729653745889664,,0.3291408529121552,-4.581433817454703,31.96253773634276,31.96253773634276,6.776599312173845e-201,66885414.5,34.99002383168247,3.1908442603337284e-268,0.5621825268126458,0.3693273175432048,GCST90199877,cancerType_celltype,LUAD_Epi_LUAD,tissue,Tumor,Adjacent,group1_higher,1.620439449560167e-199,8.698241453669745e-267
29319,3332,-0.007900253129777662,-0.31694391232186997,-0.0486640445888042,-0.3949019461870193,0.5909272051186831,0.5370263296908997,0.3090436591920923,0.3462379015982151,,0.2832624060101842,-5.3260068182249265,31.14448136542164,31.14448136542164,3.2651395294955246e-192,66865015.5,34.95045825191623,1.2743647694977382e-267,0.527688677637187,0.3689096942368475,GCST90199797,cancerType_celltype,LUAD_Epi_LUAD,tissue,Tumor,Adjacent,group1_higher,6.268148139017464e-191,3.405802315343955e-266
29319,3332,-0.08499198822187945,-0.40633138191280865,-0.1205774247646331,-0.46652740240097046,0.6264343137074249,0.5484141264439605,0.32133939369092923,0.3459499776363374,,0.272107415596027,-2.2572446107162567,31.56337798058857,31.56337798058857,3.316855340683912e-197,66826398.5,34.87555732570256,1.745465257068922e-266,0.5191895328150202,0.3681190986575742,GCST90200753,cancerType_celltype,LUAD_Epi_LUAD,tissue,Tumor,Adjacent,group1_higher,7.063865358362768e-196,4.5751329718941164e-265
29319,3332,0.22862469103346636,1.12244006596888,0.0926077514886856,1.09605073928833,1.4376138476219884,1.2935518317720751,-0.8938153749354136,-1.0034429877996445,,-0.25753246525960877,2.2955802621971717,-37.35026528825477,-37.35026528825477,7.188712413529564e-265,30931953.5,-34.7447440033949,1.664016110191343e-264,-0.6278627775128708,-0.3667383355675228,GCST90199807,cancerType_celltype,LUAD_Epi_LUAD,tissue,Tumor,Adjacent,group2_higher,4.899107509820397e-263,4.279347090926039e-263
29319,3332,0.011650625860847572,-0.3495645604887915,-0.0471877679228782,-0.47853419184684753,0.6597833294726783,0.6570446052295665,0.36121518634963906,0.4313464239239693,,0.30071334403686995,-4.906959869400645,30.0583361347046,30.0583361347046,1.0787138384836632e-179,66753985.5,34.7351062090982,2.3264121600682206e-264,0.5477069874136852,0.3666366065509392,GCST90200787,cancerType_celltype,LUAD_Epi_LUAD,tissue,Tumor,Adjacent,group1_higher,1.6336521798369254e-178,5.872036618838861e-263
29319,3332,0.05323414499897094,-0.3194046347395931,-0.0012411320349201,-0.37663163244724274,0.6334654162562398,0.5804007211010698,0.372638779738564,0.37539050041232264,,0.26419733556645436,-2.584938854258476,34.781035135036795,34.781035135036795,1.0848277297563844e-233,66626439.5,34.487719992280496,1.225696004312866e-260,0.5931312558565843,0.3640253911858409,GCST90200153,cancerType_celltype,LUAD_Epi_LUAD,tissue,Tumor,Adjacent,group1_higher,4.928733985526507e-232,3.0374975525062475e-259
29319,3332,-0.4696594351677307,0.270573365158229,-0.4952150285243988,0.20511049777269358,1.0693197554932243,1.1052971181107347,-0.7402328003259597,-0.7003255262970924,,-0.26636049442848686,-0.7955929026061874,-36.752923197412464,-36.752923197412464,1.2329427143487735e-255,31066442.5,-34.483891252908045,1.3988589172992326e-260,-0.6898428257067527,-0.3639849780083936,GCST90200983,cancerType_celltype,LUAD_Epi_LUAD,tissue,Tumor,Adjacent,group2_higher,7.638640543897175e-254,3.4047226862122394e-259
29319,3332,-0.11442786658992748,-0.4317797865705772,-0.1546296626329422,-0.5128663182258606,0.5489322790718634,0.5405380878125363,0.3173519199806497,0.3582366555929184,,0.3106199045212614,-1.9158480056710825,32.062779733855585,32.062779733855585,9.951980551159609e-202,66612806.5,34.46127763976551,3.0521962111766824e-260,0.5790229602711485,0.3637462863995491,GCST90199843,cancerType_celltype,LUAD_Epi_LUAD,tissue,Tumor,Adjacent,group1_higher,2.5119536094871382e-200,7.298497255848804e-259
29319,3332,0.1309294807090343,-0.2653800896477274,0.0551717244088649,-0.3835567384958267,0.7189899205967731,0.6911718291842234,0.39630957035676173,0.43872846290469164,,0.31301157358584436,-1.019264574935018,31.233114709092593,31.233114709092593,1.008318281051283e-192,66594385.0,34.42554758791671,1.0460035983331564e-259,0.5533494239650244,0.36336914792520925,GCST90199739,cancerType_celltype,LUAD_Epi_LUAD,tissue,Tumor,Adjacent,group1_higher,1.96333973867557e-191,2.4581084560829176e-258
29319,3332,-0.22709839016837444,0.8899702919768266,-0.3169746696949005,0.7807163000106812,1.6961038959749848,1.682748620316436,-1.1170686821452012,-1.0976909697055817,,-0.2320077062253064,1.9704349674896857,-36.28161495151196,-36.28161495151196,1.6474682897840647e-250,31248663.5,-34.13045826547811,2.607268119070413e-255,-0.6591362851562736,-0.36025441589712726,GCST90199734,cancerType_celltype,LUAD_Epi_LUAD,tissue,Tumor,Adjacent,group2_higher,8.98199711590272e-249,6.023231264903344e-254
29319,3332,-0.06985709609020788,-0.4679536095956305,-0.1313267797231674,-0.5181648135185242,0.7133288098039341,0.600599503896628,0.39809651350542263,0.38683803379535675,,0.30314771581783906,-2.7438693696258016,35.519639639144565,35.519639639144565,1.19854463147985e-243,66433609.0,34.11370898541187,4.6196240051677065e-255,0.5665591345646335,0.3600776236003458,GCST90200863,cancerType_celltype,LUAD_Epi_LUAD,tissue,Tumor,Adjacent,group1_higher,6.050430861877909e-242,1.0494245865072641e-253
29319,3332,-0.21595279154866381,-0.5572534125406187,-0.3108997046947479,-0.6926046013832092,0.7212935036726622,0.7169293000088247,0.34130062099195485,0.3817048966884613,,0.29352790420469044,-1.3676134888234097,26.023705665991372,26.023705665991372,2.1364965248500687e-138,66407416.5,34.06290642410851,2.6142814659868926e-254,0.4734700389805356,0.3595413915079999,GCST90200242,cancerType_celltype,LUAD_Epi_LUAD,tissue,Tumor,Adjacent,group1_higher,1.7029501540179203e-137,5.841419078918254e-253
29319,3332,-0.0809116722321834,-0.3871818813920016,-0.1361733525991439,-0.45829668641090393,0.5543971888507592,0.5177291007174682,0.3062702091598182,0.32212333381176006,,0.3234652347905493,-2.2585775929829994,32.11848311920219,32.11848311920219,8.018171185971951e-203,66387100.0,34.02350086004553,1.0010518771214529e-253,0.5560784566240582,0.3591254572022198,GCST90200027,cancerType_celltype,LUAD_Epi_LUAD,tissue,Tumor,Adjacent,group1_higher,2.0620315710339187e-201,2.200699529865388e-252
29319,3332,-0.1370162826147849,-0.44266592070794963,-0.1960621476173401,-0.5221258699893951,0.6347938886538073,0.6074500328771646,0.3056496380931647,0.32606372237205505,,0.28742381142000717,-1.691863690427895,27.39439919526248,27.39439919526248,3.660803066575203e-152,66238634.5,33.73553950984287,1.7422683694685434e-249,0.48357821065494894,0.3560859624725772,GCST90200228,cancerType_celltype,LUAD_Epi_LUAD,tissue,Tumor,Adjacent,group1_higher,3.668878367457354e-151,3.769383789818452e-248
29319,3332,0.08167022390089279,-0.2928283921425535,0.0659570321440696,-0.34411157667636866,0.7711255728248883,0.6603956267193438,0.3744986160434463,0.4100686088204383,,0.26444934034997813,-1.8421606156290862,30.45906197264853,30.45906197264853,3.4833267201974646e-185,66173060.5,33.60835321014234,1.2666789378241566e-247,0.49239383918437557,0.35474348339560935,GCST90200604,cancerType_celltype,LUAD_Epi_LUAD,tissue,Tumor,Adjacent,group1_higher,5.789968682474566e-184,2.6976303003973834e-246
29319,3332,0.09665278473211057,-0.2882307687539941,0.0830258503556251,-0.35814766585826874,0.6823487511405862,0.6183914351246536,0.3848835534861047,0.44117351621389383,,0.3006743173748814,-1.5763312262068108,33.672601998746345,33.672601998746345,7.277740740791709e-221,66063302.0,33.39546734873873,1.595311790389178e-244,0.569269537424472,0.3524964267913244,GCST90200599,cancerType_celltype,LUAD_Epi_LUAD,tissue,Tumor,Adjacent,group1_higher,2.5434770845382306e-219,3.345246108154538e-243
29319,3332,0.1497585204424252,-0.17111898497156708,0.1310598850250244,-0.21116544306278223,0.6496812570099433,0.5589061964776196,0.3208775054139923,0.3422253280878066,,0.2273596921332695,-0.1923605406463821,30.855508845426165,30.855508845426165,1.6717747197989603e-189,66050805.0,33.37122836396797,3.5857670661644664e-244,0.5005818282833806,0.35224057903116224,GCST90199636,cancerType_celltype,LUAD_Epi_LUAD,tissue,Tumor,Adjacent,group1_higher,3.038171924114644e-188,7.405152289669952e-243
29319,3332,0.07997230903938782,0.6993459183552846,0.0067665074020624,0.6551830172538757,0.9123436316211186,1.0428658310694954,-0.6193736093158968,-0.6484165098518133,,-0.23551853954360236,3.1284178087914207,-32.88259778020267,-32.88259778020267,1.0199002919949969e-209,31691533.5,-33.271474574558326,9.987223512090137e-243,-0.6685070204779393,-0.3511876560713306,GCST90200322,cancerType_celltype,LUAD_Epi_LUAD,tissue,Tumor,Adjacent,group2_higher,2.896091870810793e-208,2.0317292010416203e-241
29319,3332,-0.07392821392846177,-0.37045373876001675,-0.1041234582662582,-0.43371714651584625,0.5391593445763173,0.5260339938921538,0.296525524831555,0.32959368824958807,,0.26217315750787,-2.325080809698309,30.754618839747394,30.754618839747394,2.2959084963547908e-187,65961991.5,33.1989670953485,1.1141771712634315e-241,0.551331867216641,0.35042232384614547,GCST90200088,cancerType_celltype,LUAD_Epi_LUAD,tissue,Tumor,Adjacent,group1_higher,3.961168709533645e-186,2.233269830047143e-240
29319,3332,-0.09791696975514058,-0.3696246733913659,-0.1567546427249908,-0.4646839052438736,0.5603799732150954,0.5579001004081852,0.2717077036362253,0.3079292625188828,,0.26256601922284795,-1.9164194162655124,26.627291588110413,26.627291588110413,2.618828263399849e-144,65918421.0,33.11445843839449,1.8406235675718887e-240,0.48508191270471507,0.34953031657766975,GCST90200573,cancerType_celltype,LUAD_Epi_LUAD,tissue,Tumor,Adjacent,group1_higher,2.3329823026235255e-143,3.6358984385514267e-239
29319,3332,-0.012088367020686157,-0.306948437941859,-0.031935129314661,-0.3185809254646301,0.6223011663790917,0.6091200262839267,0.29486007092117283,0.2866457961499691,,0.2313116650529258,-4.666190413564839,26.41950304284523,26.41950304284523,2.4761766018689886e-142,65853561.0,32.98865700187123,1.181360603772076e-238,0.4748384927050918,0.34820245503296987,GCST90199846,cancerType_celltype,LUAD_Epi_LUAD,tissue,Tumor,Adjacent,group1_higher,2.0962911231971624e-141,2.3002778613447708e-237
29319,3332,-0.3427075314650553,0.33295582569605925,-0.3959191441535949,0.2565342038869858,1.096014049474823,1.082150694658118,-0.6756633571611146,-0.6524533480405807,,-0.23898381288811316,-0.04164699102839689,-34.10757134191359,-34.10757134191359,5.729513959072995e-225,31837656.5,-32.988056700535985,1.2050100975483928e-238,-0.6172653120235205,-0.34819611872171363,GCST90200343,cancerType_celltype,LUAD_Epi_LUAD,tissue,Tumor,Adjacent,group2_higher,2.231236436061855e-223,2.3132799478288163e-237
29319,3332,-0.09365489907016822,-0.36637865251028995,-0.1679868847131729,-0.4504156559705734,0.5796349758344423,0.5473975306300028,0.27272375344012173,0.2824287712574005,,0.2932663644966996,-1.967897610292307,27.084980797324103,27.084980797324103,4.1092444855859135e-149,65831644.0,32.94614713316509,4.8037353344434804e-238,0.4731267207730733,0.3477537541159921,GCST90200588,cancerType_celltype,LUAD_Epi_LUAD,tissue,Tumor,Adjacent,group1_higher,3.9442959393335214e-148,9.093737862286756e-237
29319,3332,0.0379240045762642,-0.35732567429018924,-0.0228766109794378,-0.41749024391174316,0.7144286222477964,0.6052085726770212,0.39524967886645346,0.39461363293230534,,0.3093697920150127,-3.236022354868871,35.0264361863629,35.0264361863629,1.2048464532200665e-237,65713671.0,32.7173285566779,8.8560993653046e-235,0.5613847229898304,0.3453385242360527,GCST90199929,cancerType_celltype,LUAD_Epi_LUAD,tissue,Tumor,Adjacent,group1_higher,5.662778330134312e-236,1.6535429362890642e-233
29319,3332,0.16979971083812978,-0.18313040803563582,0.1718010306358337,-0.2123734652996063,0.6949340396672651,0.6187316283917977,0.3529301188737656,0.38417449593544,,0.2360664008299515,-0.10903674395642252,30.792627876821573,30.792627876821573,1.6426065953113567e-188,65677085.0,32.64636692614074,9.023621028775526e-234,0.5133181743127059,0.3445895087800801,GCST90200261,cancerType_celltype,LUAD_Epi_LUAD,tissue,Tumor,Adjacent,group1_higher,2.945885249222867e-187,1.6620534408406813e-232
29319,3332,0.05419192852699076,-0.2686410500585958,0.0164360087364912,-0.344168484210968,0.5659485085674936,0.5428509398576429,0.32283297858558657,0.3606044929474592,,0.30968014554079254,-2.3095086288939064,32.386109163451415,32.386109163451415,1.3783159320331917e-205,65649685.0,32.593222316817005,5.11640969444579e-233,0.5727692186069693,0.34402855586110426,GCST90199868,cancerType_celltype,LUAD_Epi_LUAD,tissue,Tumor,Adjacent,group1_higher,3.757289230722481e-204,9.29822188470615e-232
29319,3332,-0.23729571852161224,0.49440906123667794,-0.3303789496421814,0.44087365269660944,1.1446082289798793,1.2079211829571042,-0.7317047797582902,-0.7712526023387909,,-0.2596754257527925,1.0590159521260716,-33.30811818516616,-33.30811818516616,3.664972941236636e-215,32044363.0,-32.58713202217188,6.240892880915074e-233,-0.6355867622048043,-0.343964271475499,GCST90199976,cancerType_celltype,LUAD_Epi_LUAD,tissue,Tumor,Adjacent,group2_higher,1.1617111904431474e-213,1.119254867985164e-231
29319,3332,-0.07810650324686687,0.9120901676005629,-0.2003149986267089,0.8205920457839966,1.667003784060831,1.554638331047712,-0.9901966708474298,-1.0209070444107056,,-0.21220646753955097,3.5456449855759717,-34.57617734747374,-34.57617734747374,4.570022847477913e-231,32110735.0,-32.4583979342144,4.123458571796066e-231,-0.597984908607844,-0.34260545515658425,GCST90201004,cancerType_celltype,LUAD_Epi_LUAD,tissue,Tumor,Adjacent,group2_higher,1.9465441065976236e-229,7.299057186179271e-230
29319,3332,-0.27560746068953806,-0.5190070251669605,-0.3409832417964935,-0.6056316494941711,0.5831187471782443,0.5595538988827481,0.24339956447742245,0.26464840769767767,,0.21310810814087416,-0.9131366695488863,23.68968393557719,23.68968393557719,1.5067785875638662e-116,65562906.0,32.42490713241904,1.2234007563992953e-230,0.419106435987809,0.34225195245395823,GCST90199809,cancerType_celltype,LUAD_Epi_LUAD,tissue,Tumor,Adjacent,group1_higher,8.929300934128477e-116,2.1378143986823582e-229
29319,3332,0.3013027018237301,1.248903375218144,0.1574549376964569,1.100313901901245,1.40763436729955,1.5829595710475948,-0.9476006733944139,-0.942858964204788,,-0.25047644981216294,2.0513727152990704,-33.09950210344826,-33.09950210344826,2.801499749040739e-212,32130180.0,-32.42068271785309,1.403167042715681e-230,-0.6642793665252477,-0.3422073628387199,GCST90199791,cancerType_celltype,LUAD_Epi_LUAD,tissue,Tumor,Adjacent,group2_higher,8.678282177142107e-211,2.420907188887941e-229
29319,3332,-0.041029138516984545,-0.37920086205271425,-0.0792286396026611,-0.4494543373584747,0.6573886999503739,0.5757244886511177,0.3381717235357297,0.3702256977558136,,0.27163751492219734,-3.2082101186760363,31.642537364049982,31.642537364049982,4.350957884401568e-198,65557289.5,32.414013457299816,1.7421795256316567e-230,0.5206426992503385,0.3421369673419352,GCST90200067,cancerType_celltype,LUAD_Epi_LUAD,tissue,Tumor,Adjacent,group1_higher,9.413262851491011e-197,2.9682383667949352e-229
29319,3332,-0.20051920703869275,-0.4389477226931336,-0.2555559575557709,-0.4982365667819977,0.5036610132932999,0.45735322674544715,0.23842851565444084,0.2426806092262268,,0.23391387523984716,-1.1303047873859926,28.211173165848116,28.211173165848116,8.242981401709697e-161,65539195.0,32.37891764951119,5.436841536119107e-230,0.47768502866289003,0.34176652345170133,GCST90200921,cancerType_celltype,LUAD_Epi_LUAD,tissue,Tumor,Adjacent,group1_higher,9.362653042108598e-160,9.1486605107782e-229
29319,3332,-0.039925785743177095,-0.35582339898208143,-0.0755699500441551,-0.44668281078338623,0.6156033547812381,0.6178082591332628,0.3158976132389043,0.3711128607392311,,0.2692841989870458,-3.155736600646802,27.97882109825531,27.97882109825531,7.336935250605073e-158,65494886.5,32.29297757935715,8.777743676196071e-229,0.5129634721652714,0.3408594073053348,GCST90200452,cancerType_celltype,LUAD_Epi_LUAD,tissue,Tumor,Adjacent,group1_higher,8.130278655751801e-157,1.4590322720311275e-227
29319,3332,-0.07465117566919488,-0.36409457112586424,-0.1164450570940971,-0.40565203130245203,0.5898724057127938,0.5580475265620365,0.28944339545666936,0.28920697420835495,,0.2526859364365524,-2.2860609797758302,28.20247153924594,28.20247153924594,1.7699356828444365e-160,65407929.5,32.124317148957005,2.0178139740045726e-226,0.49333755123821665,0.33907915975148883,GCST90200807,cancerType_celltype,LUAD_Epi_LUAD,tissue,Tumor,Adjacent,group1_higher,1.9937374675346833e-159,3.313590899479798e-225
29319,3332,-0.015603654849729542,-0.3098520490995707,-0.06253182888031,-0.4023781269788742,0.6066026948516228,0.5767561955528545,0.29424839424984117,0.3398462980985642,,0.2626700166584892,-4.31153581258489,27.7562314879562,27.7562314879562,7.164189765966624e-156,65265893.5,31.848826355894747,1.3665319609342597e-222,0.48746868479256317,0.33617129446683003,GCST90200878,cancerType_celltype,LUAD_Epi_LUAD,tissue,Tumor,Adjacent,group1_higher,7.688811536230322e-155,2.217360788992138e-221
29319,3332,-0.24780294642037995,0.20077063859001418,-0.3128941655158996,0.13231652230024335,0.7288445553574352,0.7472705771497433,-0.4485735850103941,-0.4452106878161429,,-0.2642865395443936,-0.3036436777635706,-32.91672927280565,-32.91672927280565,5.590667486922798e-211,32467135.0,-31.76713009614948,1.8419912056879277e-221,-0.6138572652223242,-0.3353089726630446,GCST90199724,cancerType_celltype,LUAD_Epi_LUAD,tissue,Tumor,Adjacent,group2_higher,1.656539083625168e-209,2.9536870745325243e-220
29319,3332,-0.5261117886821635,0.16837333233503368,-0.5790280103683472,0.07058462500572199,1.2299476006289813,1.1054176142689829,-0.6944851210171972,-0.6496126353740692,,-0.20989225105998632,-1.6436998944522279,-33.95505501255571,-33.95505501255571,3.0465209505042115e-224,32472610.0,-31.75651087220614,2.5817480739972197e-221,-0.5702663249652097,-0.33519688444292073,GCST90200039,cancerType_celltype,LUAD_Epi_LUAD,tissue,Tumor,Adjacent,group2_higher,1.1534466820936778e-222,4.091770494021174e-220
29319,3332,-0.03909782990113903,-0.33102626423809517,-0.0930949673056602,-0.3963203728199005,0.6057711802064745,0.5451346333685776,0.29192843433695614,0.3032254055142403,,0.2651948595363635,-3.081752707725368,28.947357405819982,28.947357405819982,1.4680310751970681e-168,65203952.5,31.728686565890314,6.249849041707038e-221,0.48665640085055495,0.33490319283346204,GCST90200099,cancerType_celltype,LUAD_Epi_LUAD,tissue,Tumor,Adjacent,group1_higher,1.9056441480891466e-167,9.791430165341026e-220
29319,3332,0.3492940386865793,1.2661293797520201,0.2128956615924835,1.0649225115776062,1.3622349513099046,1.5955548502492933,-0.9168353410654408,-0.8520268499851227,,-0.2785640144603349,1.8579079176571436,-31.874993108146317,-31.874993108146317,2.3119654891008568e-198,32491402.5,-31.72006123458876,8.219109601268456e-221,-0.6606216333988529,-0.3348121505841669,GCST90199822,cancerType_celltype,LUAD_Epi_LUAD,tissue,Tumor,Adjacent,group2_higher,5.165916330564701e-197,1.2730279984691939e-219
29319,3332,-0.25761158979527227,0.2459563116546419,-0.3153406679630279,0.1866525486111641,0.7815120633763162,0.887734255715337,-0.5035679014499141,-0.501993216574192,,-0.2066170823040841,-0.06679515800994276,-31.390468169670385,-31.390468169670385,2.998789839079068e-193,32531969.5,-31.641378119025404,9.965141418693461e-220,-0.6350151669213394,-0.3339816331730687,GCST90199698,cancerType_celltype,LUAD_Epi_LUAD,tissue,Tumor,Adjacent,group2_higher,6.1005232099474175e-192,1.5261222195145157e-218
29319,3332,-0.12160603339132749,-0.5019069274253989,-0.2039503008127212,-0.5895451605319977,0.7116883224590855,0.5934368416245064,0.3803008940340714,0.3855948597192765,,0.30596784852318093,-2.0451960606300283,34.295044036144695,34.295044036144695,3.544142638907765e-229,65058690.0,31.44693770414254,4.6225596621283706e-217,0.5428691911979178,0.33192927227168356,GCST90200289,cancerType_celltype,LUAD_Epi_LUAD,tissue,Tumor,Adjacent,group1_higher,1.4207842402444953e-227,7.000609799423298e-216
29319,3332,0.4670346026746959,1.3897631700635407,0.3783553838729858,1.2765524983406067,1.5906142050250567,1.4489374736562934,-0.9227285673888448,-0.8981971144676208,,-0.2266354569156235,1.5732356543252994,-34.47503184543598,-34.47503184543598,3.6613209765363545e-230,32638901.5,-31.433974492594544,6.9513045152053086e-217,-0.5852117922404176,-0.33179244275219555,GCST90199731,cancerType_celltype,LUAD_Epi_LUAD,tissue,Tumor,Adjacent,group2_higher,1.5122365124300155e-228,1.0411679180466852e-215
29319,3332,-0.013284140278290233,-0.3033200123030956,-0.0511752516031265,-0.3664740175008774,0.6388007885847018,0.598459666938262,0.29003587202480535,0.31529876589775085,,0.2055445881093596,-4.512960076394014,26.322627323732927,26.322627323732927,1.4218032248593265e-141,65045985.5,31.422296255633295,1.0037472901527955e-216,0.4568915456517574,0.3316691764191608,GCST90199930,cancerType_celltype,LUAD_Epi_LUAD,tissue,Tumor,Adjacent,group1_higher,1.1816571923678427e-140,1.4870734309546307e-215
29319,3332,0.015657993144409098,0.7100093166356026,-0.1043904647231102,0.6648014783859253,1.2986061649054363,1.1018593885545696,-0.6943513234911936,-0.7691919431090355,,-0.2165711685504387,5.502776630445448,-33.80480969711391,-33.80480969711391,3.4523906997984476e-223,32667577.0,-31.37835594351926,3.994334203641198e-216,-0.542496173828887,-0.3312053768606593,GCST90200159,cancerType_celltype,LUAD_Epi_LUAD,tissue,Tumor,Adjacent,group2_higher,1.238318032585601e-221,5.854061848992423e-215
29319,3332,0.29629603221732875,1.0529475650591837,0.2598195075988769,1.0086646676063538,1.3691908281648588,1.147779710474093,-0.756651532841855,-0.7488451600074768,,-0.19992304913212267,1.8293188835175846,-35.3052205245482,-35.3052205245482,3.905273127597299e-241,32731366.5,-31.25463083196976,1.931478990502803e-214,-0.5612025977551707,-0.3298994313779947,GCST90199650,cancerType_celltype,LUAD_Epi_LUAD,tissue,Tumor,Adjacent,group2_higher,1.9010311688982567e-239,2.8006445362290644e-213
29319,3332,-0.030076799530365392,-0.30202320010245687,-0.0691895112395286,-0.3217572122812271,0.5157713842480963,0.4979550162141859,0.27194640057209146,0.2525677010416985,,0.2967375291835381,-3.327893222613308,29.76212466784359,29.76212466784359,9.88238600673513e-177,64956695.0,31.249109805311363,2.2956240695307546e-214,0.5290971623525119,0.3298411557398975,GCST90200503,cancerType_celltype,LUAD_Epi_LUAD,tissue,Tumor,Adjacent,group1_higher,1.4178623291768402e-175,3.293616428179388e-213
29319,3332,0.10534037895659028,-0.22961272803795912,0.0859995931386947,-0.2719569504261017,0.6393619496690395,0.5630337131006112,0.3349531069945494,0.3579565435647964,,0.2718593096768343,-1.124136649641351,32.070515479051885,32.070515479051885,7.613289670590119e-203,64898229.0,31.135710070686493,7.918949820647511e-213,0.5299916007010312,0.3286441968581151,GCST90199652,cancerType_celltype,LUAD_Epi_LUAD,tissue,Tumor,Adjacent,group1_higher,1.9955603501950638e-201,1.124325896410683e-211
29319,3332,0.053565321777852726,-0.2550280221073014,0.0670075044035911,-0.2598082423210144,0.6693777710242332,0.585892946738447,0.30859334388515414,0.3268157467246055,,0.2372577314638832,-2.251263294542192,28.371696293724277,28.371696293724277,1.041279232405743e-162,64896951.5,31.13323225176638,8.554723610911195e-213,0.4666160380710616,0.328618042940086,GCST90200413,cancerType_celltype,LUAD_Epi_LUAD,tissue,Tumor,Adjacent,group1_higher,1.223503098076748e-161,1.2020709568733978e-211
29319,3332,-0.20785731216654435,0.42539418555890784,-0.2444488555192947,0.364584282040596,1.1344210971261999,1.0275211327754512,-0.6332514977254522,-0.6090331375598907,,-0.23521025318300576,1.033203263700234,-33.340107312081045,-33.340107312081045,4.9808489017503406e-217,32815995.0,-31.090486723569988,3.238668985141734e-212,-0.5634007851072369,-0.32816685458589456,GCST90200888,cancerType_celltype,LUAD_Epi_LUAD,tissue,Tumor,Adjacent,group2_higher,1.6164040602585035e-215,4.504393700763452e-211
29319,3332,0.04683551432703153,-0.24535943013656783,0.0235208049416542,-0.30709305405616755,0.594118817994182,0.5579192616490861,0.29219494446359934,0.33061385899782175,,0.22584696641022967,-2.389196984365411,28.453219936061863,28.453219936061863,4.059168320869542e-163,64834617.0,31.012329235347025,3.676602767877475e-211,0.494803505122206,0.32734188528578323,GCST90201011,cancerType_celltype,LUAD_Epi_LUAD,tissue,Tumor,Adjacent,group1_higher,4.810996888126248e-162,5.061827851128281e-210
29319,3332,-0.10527464305783317,-0.4817271898093936,-0.1407668590545654,-0.521510124206543,0.6819065232199184,0.6222425245795495,0.3764525467515604,0.38074326515197754,,0.2546513768550846,-2.1940476621569105,32.75828222771788,32.75828222771788,2.762606129018541e-210,64806835.5,30.958444674619752,1.955749337811717e-210,0.5568325703160315,0.3267731220186836,GCST90199622,cancerType_celltype,LUAD_Epi_LUAD,tissue,Tumor,Adjacent,group1_higher,8.011557774153769e-209,2.66568634743737e-209
29319,3332,-0.013863894185819093,-0.28256490887064895,-0.0482760183513164,-0.36857520043849945,0.6165731166486597,0.586127845994482,0.2687010146848299,0.32029918208718305,,0.19350439616618753,-4.349078906135809,24.940586728098115,24.940586728098115,3.522999178176213e-128,64776577.0,30.89975576362624,1.2035518460603885e-209,0.4379546505671626,0.3261536477887994,GCST90200319,cancerType_celltype,LUAD_Epi_LUAD,tissue,Tumor,Adjacent,group1_higher,2.3771524157693954e-127,1.6241991744359499e-208
29319,3332,0.4047307382784464,1.239981537254331,0.3107348680496216,1.1582691669464111,1.4624324607857488,1.4031707482084164,-0.8352507989758846,-0.8475342988967896,,-0.20547817918906258,1.6152819112927888,-32.41770423439069,-32.41770423439069,6.111235304671782e-206,32964746.0,-30.80197162205485,2.465957191868543e-208,-0.5734656042443665,-0.325121514890618,GCST90200388,cancerType_celltype,LUAD_Epi_LUAD,tissue,Tumor,Adjacent,group2_higher,1.699921167401559e-204,3.2951957377615926e-207
29319,3332,-0.178583363593098,-0.4304345976678483,-0.2580828964710235,-0.5517268180847168,0.5771175664830234,0.5885164224535679,0.2518512340747503,0.2936439216136933,,0.25627607527958696,-1.2691916287011604,23.453955306632835,23.453955306632835,3.026045261711265e-114,64656742.5,30.66732665099832,1.5527807216734743e-206,0.4355096508199397,0.32370030791401794,GCST90200325,cancerType_celltype,LUAD_Epi_LUAD,tissue,Tumor,Adjacent,group1_higher,1.7257320885826168e-113,2.0547962365446074e-205
29319,3332,-0.12679921715528122,-0.39765028480462755,-0.1605571061372757,-0.46772681176662445,0.5597979981792133,0.5328442793796451,0.2708510676493463,0.30716970562934875,,0.2453088998166728,-1.648946616049884,27.6581150092062,27.6581150092062,7.261576396706518e-155,64650312.5,30.65485512406578,2.2769659639818498e-206,0.48617353684373465,0.32356866823266706,GCST90200896,cancerType_celltype,LUAD_Epi_LUAD,tissue,Tumor,Adjacent,group1_higher,7.498127749023474e-154,2.9841390470262127e-205
29319,3332,-0.10092309037179642,-0.3578217274351998,-0.1437913030385971,-0.3942744582891464,0.5295845518398095,0.5169519046174875,0.2568986370634034,0.2504831552505493,,0.2376287279988997,-1.8259744405090699,27.114212400608785,27.114212400608785,3.031810141101828e-149,64620683.0,30.597386211585572,1.3260187428383812e-205,0.48626536797868636,0.322962071352638,GCST90200757,cancerType_celltype,LUAD_Epi_LUAD,tissue,Tumor,Adjacent,group1_higher,2.9307498030651007e-148,1.7212986157035365e-204
29319,3332,-0.1809797514957979,-0.45042182609987536,-0.2308137565851211,-0.5164978504180908,0.5529487360922716,0.5722941904925746,0.26944207460407743,0.2856840938329697,,0.2994301392911968,-1.3154436755248704,25.840608871206285,25.840608871206285,1.8175671295430637e-136,64620147.5,30.596347564202624,1.3688818731664019e-205,0.48552203423837137,0.32295110820343687,GCST90199741,cancerType_celltype,LUAD_Epi_LUAD,tissue,Tumor,Adjacent,group1_higher,1.3839910600934057e-135,1.7601754652130243e-204
29319,3332,-0.2989634621312104,-0.5782169024536097,-0.3714461922645569,-0.6889333128929138,0.5966614115247184,0.5741857025147555,0.2792534403223993,0.31748712062835693,,0.28219146868086564,-0.9516392757757945,26.494966903293474,26.494966903293474,3.7612810128714444e-143,64611659.0,30.579883403025814,2.266278392957674e-205,0.46980152377462076,0.32277732539859283,GCST90200224,cancerType_celltype,LUAD_Epi_LUAD,tissue,Tumor,Adjacent,group1_higher,3.286298731117807e-142,2.8868574295339344e-204
29319,3332,-0.05240468121665675,-0.3182839096951924,-0.1024053692817688,-0.38916219770908356,0.6333325172794421,0.5796675430291853,0.2658792284785356,0.28675682842731476,,0.19431143772382767,-2.602523632900878,24.844667126922683,24.844667126922683,2.051879365977915e-127,64473511.5,30.311934683443678,7.981351829517063e-202,0.4233290982060691,0.3199490683411399,GCST90199836,cancerType_celltype,LUAD_Epi_LUAD,tissue,Tumor,Adjacent,group1_higher,1.37093704697446e-126,1.007276161447385e-200
29319,3332,-0.10700525596771687,-0.39090713917477127,-0.1438637673854828,-0.4602413475513458,0.5571133312298127,0.5240702938454151,0.2839018832070544,0.31637758016586304,,0.25829525408034987,-1.8691344793810312,29.43703501015426,29.43703501015426,1.9172873443421316e-173,64411348.5,30.191364305728666,3.0751916530013136e-200,0.5126133116665016,0.31867642176076405,GCST90200089,cancerType_celltype,LUAD_Epi_LUAD,tissue,Tumor,Adjacent,group1_higher,2.6396592427659855e-172,3.8454002046245785e-199
29319,3332,0.04776310555750398,-0.22273586702233364,0.0100615927949547,-0.2869150638580322,0.5854159501392725,0.5584705178879195,0.2704989725798376,0.29697665665298695,,0.21481733967241753,-2.2213416165763156,26.361203664959294,26.361203664959294,7.155265792096324e-142,64390023.0,30.150001701125262,1.0726026540089922e-199,0.4641974659073898,0.3182398304661065,GCST90200937,cancerType_celltype,LUAD_Epi_LUAD,tissue,Tumor,Adjacent,group1_higher,6.020140292979808e-141,1.329052197649324e-198
29319,3332,-0.716213398937628,0.12080408018587592,-0.8434763550758362,0.07598759233951564,1.5278487298239243,1.4803243965094823,-0.837017479123504,-0.9194639474153519,,-0.218794034665378,-2.5677103979870997,-30.825887254616,-30.825887254616,3.398104567850005e-188,33376404.0,-30.003526235741354,8.827485456801915e-198,-0.5495601466190615,-0.3166937500468314,GCST90200749,cancerType_celltype,LUAD_Epi_LUAD,tissue,Tumor,Adjacent,group2_higher,6.015086397376049e-187,1.0839515925784694e-196
29319,3332,-0.5457764675851606,0.2664822593208982,-0.600151538848877,0.21253705769777295,1.4937795446728999,1.382120593208261,-0.8122587269060588,-0.8126885965466499,,-0.20956165099421367,-1.0342679295558763,-31.873794303352366,-31.873794303352366,3.654063203309405e-200,33382511.5,-29.99168022473972,1.2598983725778576e-197,-0.5477971557320189,-0.31656871282228227,GCST90200646,cancerType_celltype,LUAD_Epi_LUAD,tissue,Tumor,Adjacent,group2_higher,8.44150533239105e-199,1.5332513230568036e-196
29319,3332,-0.14965406879730622,0.4596919859213682,-0.2809151411056518,0.3672724515199661,1.0334044308003436,1.1295544847405812,-0.6093460547186744,-0.648187592625618,,-0.24506156914387536,1.6190295098680814,-29.756237376025577,-29.756237376025577,6.649989939933701e-176,33485163.5,-29.792578019035343,4.874879626700724e-195,-0.5838773470312411,-0.3144671457040813,GCST90200715,cancerType_celltype,LUAD_Epi_LUAD,tissue,Tumor,Adjacent,group2_higher,9.441600300135036e-175,5.880053921409811e-194
29319,3332,-0.19688862129612364,-0.47573746481424894,-0.2506382465362549,-0.562229573726654,0.6678531855386246,0.6361497094262548,0.27884884351812533,0.31159132719039917,,0.22289480750144383,-1.2727816120214317,23.852631934554896,23.852631934554896,4.678290437472975e-118,64155113.0,29.694373957466926,9.076917500067342e-194,0.4195184437073933,0.3134305804589308,GCST90200779,cancerType_celltype,LUAD_Epi_LUAD,tissue,Tumor,Adjacent,group1_higher,2.8340043850114063e-117,1.0852489958413847e-192
29319,3332,0.06990112829956777,-0.17589330772108017,0.0455581061542034,-0.21707741916179651,0.5628381245196764,0.5316533032423734,0.24579443602064793,0.26263552531599993,,0.21901386265160805,-1.3313005082717098,25.13407262265255,25.13407262265255,4.881328996569349e-130,64133245.0,29.651959128390594,3.2000229368820487e-193,0.4391255741283684,0.312982882705932,GCST90200291,cancerType_celltype,LUAD_Epi_LUAD,tissue,Tumor,Adjacent,group1_higher,3.465235115793762e-129,3.792722837365419e-192
29319,3332,0.1837023577554705,-0.1518985748899104,0.1696357727050781,-0.1988663151860237,0.6243985494458241,0.5875477107615873,0.33560093264538093,0.36850208789110184,,0.2336345073259111,0.27426016418856913,31.039216117011872,31.039216117011872,9.220659605729549e-191,64092394.0,29.572725170891182,3.351960866770936e-192,0.5406473403699089,0.31214655103830125,GCST90200901,cancerType_celltype,LUAD_Epi_LUAD,tissue,Tumor,Adjacent,group1_higher,1.7216108277547088e-189,3.9385540184558497e-191
29319,3332,-0.0148567985970451,0.5750115436510422,-0.0626331567764282,0.5238894820213318,1.0454584851641044,1.0505103267359621,-0.5898683422480874,-0.58652263879776,,-0.22631380739874798,5.274301147989555,-30.728850375382486,-30.728850375382486,7.179758313729344e-187,33619799.0,-29.531441119451195,1.1369894176565269e-191,-0.5639411400016532,-0.31171078888938164,GCST90199958,cancerType_celltype,LUAD_Epi_LUAD,tissue,Tumor,Adjacent,group2_higher,1.2232513227016369e-185,1.324544082278501e-190
29319,3332,0.04409819236937042,0.47505697701751737,-0.0137772262096405,0.47123217582702637,0.8041645036259735,0.7967200392872694,-0.43095878464814696,-0.48500940203666687,,-0.21733316773133754,3.429279453866776,-29.559233991453496,-29.559233991453496,2.108892861230626e-174,33650773.0,-29.471364435903993,6.704386655792462e-191,-0.536413262899975,-0.3110766664181277,GCST90199852,cancerType_celltype,LUAD_Epi_LUAD,tissue,Tumor,Adjacent,group2_higher,2.9330826223034117e-173,7.744134755800955e-190
29319,3332,0.9929722890394959,1.9246350007267536,0.8542274236679077,1.9478489756584167,1.623835727481825,1.6912812036791596,-0.9316627116872578,-1.093621551990509,,-0.20920556346561933,0.9547588051180657,-30.252467713973147,-30.252467713973147,1.7513670424697672e-181,33652434.5,-29.468141816619635,7.373119831131956e-191,-0.5712762039797029,-0.3110426509701394,GCST90200885,cancerType_celltype,LUAD_Epi_LUAD,tissue,Tumor,Adjacent,group2_higher,2.743808366535969e-180,8.44501036120408e-190
29319,3332,0.17965432206943532,-0.09533136084833693,0.1818206310272216,-0.09236894547939295,0.5608093724096186,0.5208878796933953,0.27498568291777226,0.2741895765066146,,0.22029131936724397,0.9141937446194343,28.644823232028926,28.644823232028926,3.514616333145674e-165,64007415.0,29.407901238200612,4.352110423213096e-190,0.4938080886560979,0.3104067985528398,GCST90200166,cancerType_celltype,LUAD_Epi_LUAD,tissue,Tumor,Adjacent,group1_higher,4.394882625759223e-164,4.9432720890328755e-189
29319,3332,0.060067489419375064,-0.19548110039371508,0.0604252442717552,-0.23134338855743405,0.6613549531137972,0.5915431303603224,0.25554858981309014,0.29176863282918925,,0.20764918581215008,-1.7023562220245627,23.334383285947666,23.334383285947666,1.5169733928653642e-113,63962848.5,29.321460755301846,5.525146781018673e-189,0.3904046767608186,0.3094944004410318,GCST90200454,cancerType_celltype,LUAD_Epi_LUAD,tissue,Tumor,Adjacent,group1_higher,8.47391284621103e-113,6.223781043411944e-188
29319,3332,0.07144701448078329,-0.1859868478541299,0.0549679733812809,-0.23146983236074445,0.6160459846343747,0.5549593518301972,0.25743386233491317,0.2864378057420254,,0.18775774994021285,-1.3802425361248538,25.07820683858912,25.07820683858912,1.084219339335055e-129,63958472.0,29.312972164692162,7.08840625073155e-189,0.4219577779050256,0.3094048015195028,GCST90200310,cancerType_celltype,LUAD_Epi_LUAD,tissue,Tumor,Adjacent,group1_higher,7.617479172750929e-129,7.919260426022216e-188
29319,3332,-0.03628090370457511,-0.33617405104545217,0.0047037033364176,-0.3302338868379593,0.7677987640661483,0.6334701161327775,0.2998931473408771,0.3349375901743769,,0.20136296442563928,-3.2118905992235796,25.29681974538608,25.29681974538608,3.6450270558151124e-132,63955434.0,29.307079707643787,8.426396031282998e-189,0.3971099267242895,0.309342605352793,GCST90199955,cancerType_celltype,LUAD_Epi_LUAD,tissue,Tumor,Adjacent,group1_higher,2.6710601489655904e-131,9.337542919218478e-188
29319,3332,0.02396038912802118,-0.2223741125867049,-0.0241437368094921,-0.2803782522678375,0.5411163019366134,0.49119133512952406,0.24633450171472607,0.2562345154583454,,0.24572156950370083,-3.214211882026337,27.137551870866762,27.137551870866762,7.621913333160695e-150,63923670.0,29.245470752513892,5.1272233502962795e-188,0.45937729463533444,0.3086923094214664,GCST90200916,cancerType_celltype,LUAD_Epi_LUAD,tissue,Tumor,Adjacent,group1_higher,7.473861779207213e-149,5.635810827785345e-187
29319,3332,0.027775807322656578,-0.24436237001634722,-0.0248473417013883,-0.32861097157001495,0.5921043455752808,0.5271094427781843,0.2721381773390038,0.30376362986862665,,0.23578279363351762,-3.137075351865741,27.870321462134804,27.870321462134804,2.0573536835591426e-157,63916251.0,29.231080976726567,7.812988069700107e-188,0.4645552457525398,0.30854042220592315,GCST90200292,cancerType_celltype,LUAD_Epi_LUAD,tissue,Tumor,Adjacent,group1_higher,2.243338456552889e-156,8.519282191200997e-187
29319,3332,0.17458664535610924,-0.23175311081931543,0.1563402265310287,-0.3066879957914352,0.787842747044347,0.7031033511674863,0.40633975617542467,0.4630282223224639,,0.2274410860774713,-0.40864345869896684,31.207446916191884,31.207446916191884,4.555758034937818e-193,63884005.0,29.168537141972802,4.862765439847645e-187,0.5212028066732716,0.3078802584166789,GCST90200094,cancerType_celltype,LUAD_Epi_LUAD,tissue,Tumor,Adjacent,group1_higher,9.131615002382715e-192,5.260277217866937e-186
29319,3332,-0.09828352476258394,-0.38892679701089045,-0.1532705724239349,-0.46654246747493744,0.614550136904124,0.584204239092747,0.2906432722483065,0.3132718950510025,,0.2446775739646069,-1.9844661668875743,27.06607254727675,27.06607254727675,6.855009635966381e-149,63878848.0,29.158534705831105,6.512060170307367e-187,0.4752776713776904,0.3077746805260526,GCST90200456,cancerType_celltype,LUAD_Epi_LUAD,tissue,Tumor,Adjacent,group1_higher,6.533830862812713e-148,6.988927568605465e-186
29319,3332,-0.11657042899424803,-0.37032686264699377,-0.1443338543176651,-0.4216432571411133,0.5348330353520221,0.4963346438938623,0.25375643365274575,0.2773094028234482,,0.2620016784516808,-1.6675888633960516,27.738270663984576,27.738270663984576,8.054423834409129e-156,63825042.5,29.054174403751972,1.3628943077209115e-185,0.47785425093868295,0.3066731348223317,GCST90201020,cancerType_celltype,LUAD_Epi_LUAD,tissue,Tumor,Adjacent,group1_higher,8.576702879921597e-155,1.4512694854871893e-184
29319,3332,-0.07313173645286024,-0.307367092377227,-0.1092414110898971,-0.37018510699272156,0.6123504382164578,0.5584050967584487,0.23423535592436673,0.26094369590282446,,0.1840811707766529,-2.0713781574830037,22.711161041823168,22.711161041823168,6.2721397917416976e-108,63820904.5,29.04614840399352,1.7212363085486197e-185,0.3858480520080962,0.30658841864792574,GCST90200956,cancerType_celltype,LUAD_Epi_LUAD,tissue,Tumor,Adjacent,group1_higher,3.2754507801317755e-107,1.8186396035285027e-184
29319,3332,-0.2696090342098651,0.48768214810271227,-0.3997564613819122,0.36184437572956085,1.3122239660023323,1.3913503544999197,-0.7572911823125774,-0.7616008371114731,,-0.2100463359590725,0.8550699298767088,-29.9411114054352,-29.9411114054352,4.8203457238041574e-178,33874427.0,-29.037568652922587,2.2089326953493516e-185,-0.5734821268983035,-0.30649785750788594,GCST90200904,cancerType_celltype,LUAD_Epi_LUAD,tissue,Tumor,Adjacent,group2_higher,7.219924419280294e-177,2.315980972123974e-184
29319,3332,-0.07616343103637663,-0.47110692506935575,-0.1734664589166641,-0.6151275634765625,0.8563677554824471,0.8517250444219506,0.3949434940329791,0.4416611045598984,,0.2588897031211135,-2.6288682832916335,25.349667683607926,25.349667683607926,6.703392945796736e-132,63814833.0,29.034372218026036,2.4240286012072786e-185,0.4614390596591198,0.30646411844181043,GCST90199841,cancerType_celltype,LUAD_Epi_LUAD,tissue,Tumor,Adjacent,group1_higher,4.885948976000508e-131,2.522099987362993e-184
29319,3332,0.04697927502571046,-0.19441686331205976,0.0180247854441404,-0.27210313081741333,0.5726274068475136,0.5788665914707951,0.24139613833777024,0.2901279162615537,,0.204400026501463,-2.0490337172072777,22.835277532668325,22.835277532668325,9.3114640012027e-109,63788678.5,28.983643360925395,1.0577924401204252e-184,0.4210884455457922,0.30592866431336674,GCST90200100,cancerType_celltype,LUAD_Epi_LUAD,tissue,Tumor,Adjacent,group1_higher,4.900202870130996e-108,1.0922508302152573e-183
29319,3332,0.03657111687071645,-0.2681738629642999,0.0425436422228813,-0.2794404625892639,0.7444384964428841,0.6803176182143947,0.30474497983501636,0.32198410481214523,,0.21077449018159752,-2.874357973943594,24.259013477146663,24.259013477146663,6.175405545820953e-122,63682054.0,28.776836156661215,4.182040167051678e-182,0.4128486666494025,0.30374576925828145,GCST90200798,cancerType_celltype,LUAD_Epi_LUAD,tissue,Tumor,Adjacent,group1_higher,3.989136378651165e-121,4.2858050734522084e-181
29319,3332,-0.09781436562084696,-0.42743406235941794,-0.1668088287115097,-0.4870391935110092,0.6818452172401639,0.6063373299463131,0.329619696738571,0.3202303647994995,,0.2485899395768157,-2.1275722384765,29.342197925813878,29.342197925813878,7.949380546736483e-173,63679770.0,28.77240614616138,4.7513303902751044e-182,0.48866655982967716,0.3036990095332106,GCST90200273,cancerType_celltype,LUAD_Epi_LUAD,tissue,Tumor,Adjacent,group1_higher,1.0727728401189927e-171,4.832883076078335e-181
29319,3332,-0.030227166137351824,0.5139246864857532,-0.0698622018098831,0.44876261055469513,1.0331666038304277,0.9588760986355382,-0.5441518526231051,-0.5186248123645782,,-0.19965083572350206,4.0875943989383225,-30.789220765704275,-30.789220765704275,3.945587874145366e-188,34039144.5,-28.718085178970682,2.268671126158994e-181,-0.5304484453112654,-0.30312563990090047,GCST90200982,cancerType_celltype,LUAD_Epi_LUAD,tissue,Tumor,Adjacent,group2_higher,6.894661887769402e-187,2.29051758885534e-180
29319,3332,-0.15856166596900487,-0.5982642174702745,-0.2223298698663711,-0.6697553098201752,0.9066159249356882,0.7541987796392972,0.4397025515012696,0.44742543995380407,,0.23116019348686695,-1.9157320642401803,31.189455174463905,31.189455174463905,1.6051395367179946e-193,63626066.0,28.66824271188686,9.497847325420509e-181,0.4927969435727444,0.302599541812018,GCST90200415,cancerType_celltype,LUAD_Epi_LUAD,tissue,Tumor,Adjacent,group1_higher,3.3148563462827673e-192,9.518798459226584e-180
29319,3332,0.14613294261792723,-0.14864119457743816,0.0963878706097602,-0.23793988674879069,0.6472205750745381,0.5873163950175565,0.2947741371953654,0.3343277573585509,,0.2562166789338611,-0.024552394473058136,27.157911339451914,27.157911339451914,4.732919012669125e-150,63599256.5,28.61624342708158,4.219291672607332e-180,0.45960417602298187,0.302050678042628,GCST90199975,cancerType_celltype,LUAD_Epi_LUAD,tissue,Tumor,Adjacent,group1_higher,4.674614937875375e-149,4.197733248002769e-179
29319,3332,-0.29171007817403427,0.19960822182474658,-0.3527517020702362,0.1363409981131553,0.9552191576282382,0.9033327977290511,-0.49131829999878085,-0.4890927001833915,,-0.2046045524582973,-0.5473618019765741,-29.57269469481112,-29.57269469481112,7.503674519408543e-175,34143948.5,-28.51480898789168,7.676413875393234e-179,-0.5171470600304756,-0.30098001545855224,GCST90200512,cancerType_celltype,LUAD_Epi_LUAD,tissue,Tumor,Adjacent,group2_higher,1.0543823061808087e-173,7.581849356638389e-178
29319,3332,-0.13771034391872736,0.5791545835169238,-0.2354712635278701,0.47916074097156525,1.4581450177173205,1.282164412047422,-0.7168649274356512,-0.7146320044994353,,-0.1979845907914276,2.0723035579725444,-30.134739774672074,-30.134739774672074,1.9770317007153896e-181,34148730.5,-28.50553389585569,1.0003264411442057e-178,-0.4974168618339578,-0.30088211484327687,GCST90201003,cancerType_celltype,LUAD_Epi_LUAD,tissue,Tumor,Adjacent,group2_higher,3.0621525091762227e-180,9.808956397694621e-178
29319,3332,0.14667431634608696,0.6734100710648677,0.0911147519946098,0.6698777675628662,0.8713779137905572,1.0190609173188065,-0.5267357547187808,-0.5787630155682564,,-0.23830911261178736,2.198861336081848,-28.668971558154833,-28.668971558154833,3.274438021540042e-164,34152226.0,-28.498754078998353,1.2138571118148204e-178,-0.5934572275801523,-0.3008105524006389,GCST90200556,cancerType_celltype,LUAD_Epi_LUAD,tissue,Tumor,Adjacent,group2_higher,3.984874127999176e-163,1.1817766024311429e-177
29319,3332,0.36139563129743024,1.2861679286545973,0.2007633596658706,1.210897982120514,1.6512124273778797,1.7730600773400214,-0.924772297357167,-1.0101346224546432,,-0.2208660336867018,1.8314251787777067,-28.724424182287468,-28.724424182287468,3.4414514544651414e-165,34186273.0,-28.432717052952906,7.971794549208187e-178,-0.555735004521349,-0.30011351721697577,GCST90199742,cancerType_celltype,LUAD_Epi_LUAD,tissue,Tumor,Adjacent,group2_higher,4.343239196699989e-164,7.70606806423458e-177
29319,3332,-0.15410197961229186,0.5584785528206214,-0.2070128768682479,0.49424566328525543,1.3788035362293054,1.2776348669359348,-0.7125805324329133,-0.7012585401535033,,-0.18676877092229885,1.8576097044762907,-30.254361976287687,-30.254361976287687,2.5573364550385175e-182,34194901.0,-28.415982319768776,1.2834935901619807e-177,-0.5205784820692112,-0.2999368784657013,GCST90200335,cancerType_celltype,LUAD_Epi_LUAD,tissue,Tumor,Adjacent,group2_higher,4.1007642214323517e-181,1.2319730728104083e-176
29319,3332,-0.06403297419333621,0.584714909002457,-0.1291202753782272,0.523893803358078,1.2903932636125017,1.178410671163758,-0.6487478831957932,-0.6530140787363052,,-0.1796799208249226,3.190826387799452,-29.811966740560603,-29.811966740560603,1.1741662445877025e-177,34200195.5,-28.40571319078832,1.7189281669998676e-177,-0.5070650980904481,-0.299828485574113,GCST90200284,cancerType_celltype,LUAD_Epi_LUAD,tissue,Tumor,Adjacent,group2_higher,1.7395528167098246e-176,1.6383909731614124e-176
29319,3332,0.08285332429207275,-0.25269056112959487,0.0673171803355217,-0.29440596699714655,0.7089050662105096,0.5873664760199409,0.33554388542166763,0.36172314733266825,,0.22782489973723175,-1.6087285839873473,30.54416915226266,30.54416915226266,2.0688094094009697e-186,63437067.5,28.301664191986433,3.29679003162118e-176,0.4810830772102851,0.29873022574424213,GCST90200176,cancerType_celltype,LUAD_Epi_LUAD,tissue,Tumor,Adjacent,group1_higher,3.48121879631299e-185,3.120503342430325e-175
29319,3332,-0.12834322570913623,-0.3739758045652017,-0.1785652041435241,-0.4606579691171646,0.5904795741584467,0.5569484385771252,0.24563257885606546,0.28209276497364055,,0.2264601077957444,-1.5429304019884726,23.97278487273283,23.97278487273283,3.4542923366922913e-119,63419784.5,28.26814235684256,8.518951879558249e-176,0.4183498714499002,0.29837639547786776,GCST90200481,cancerType_celltype,LUAD_Epi_LUAD,tissue,Tumor,Adjacent,group1_higher,2.1597249793172447e-118,8.007814766784755e-175
29319,3332,0.11292571163817809,0.8131998008420905,0.0132625121623277,0.7448753416538239,1.352326589219708,1.304942848994904,-0.7002740892039124,-0.7316128294914962,,-0.2080763676770756,2.8482248549806517,-29.243075952229788,-29.243075952229788,3.1875871744258634e-171,34291257.5,-28.229090766911025,2.570860211989351e-175,-0.5196574670362215,-0.2979641974460919,GCST90200976,cancerType_celltype,LUAD_Epi_LUAD,tissue,Tumor,Adjacent,group2_higher,4.259491488963188e-170,2.40005648557636e-174
29319,3332,-0.060234838372425575,-0.3662972802982806,-0.0729720592498779,-0.40758226811885834,0.7311548646894505,0.664325657527424,0.3060624419258551,0.3346102088689804,,0.23780104871299987,-2.6043249235219292,24.93302522413421,24.93302522413421,2.805860956166915e-128,63397530.5,28.22497884823342,2.887679195600282e-175,0.4223770399333236,0.29792079524944115,GCST90200218,cancerType_celltype,LUAD_Epi_LUAD,tissue,Tumor,Adjacent,group1_higher,1.9121942416277524e-127,2.6774875806824384e-174
29319,3332,0.0475319088240079,-0.22271478439312264,0.0175703559070825,-0.2953028231859207,0.6614390067621352,0.6264893668386716,0.2702466932171306,0.3128731790930032,,0.1768435597148108,-2.228205212326855,23.458427102595465,23.458427102595465,1.716430338105364e-114,63395925.5,28.22186581546099,3.153218234779512e-175,0.4107352707022378,0.29788793651093926,GCST90200795,cancerType_celltype,LUAD_Epi_LUAD,tissue,Tumor,Adjacent,group1_higher,9.87128502463127e-114,2.903943550003024e-174
29319,3332,-0.08635936490612466,-0.3546800236692624,-0.1205094158649444,-0.39456258714199066,0.6630554270705871,0.6018507157819853,0.2683206587631377,0.27405317127704626,,0.23615292444262248,-2.03808090007527,24.124531538561246,24.124531538561246,1.030008131255076e-120,63318968.5,28.072601227879726,2.1168479532618757e-173,0.40835792318983877,0.296312416299785,GCST90199952,cancerType_celltype,LUAD_Epi_LUAD,tissue,Tumor,Adjacent,group1_higher,6.499542050466059e-120,1.9364186310710984e-172
29319,3332,-0.005083528061920922,-0.27848514383246314,-0.0230773296207189,-0.3216246366500854,0.6006228647908887,0.5848258546964266,0.27340161577054223,0.2985473070293665,,0.24895135339396607,-5.775347865809657,25.500190314785787,25.500190314785787,2.025973192484034e-133,63315245.0,28.065379185806115,2.5932197137137965e-173,0.456407016244563,0.2962361860737337,GCST90200766,cancerType_celltype,LUAD_Epi_LUAD,tissue,Tumor,Adjacent,group1_higher,1.5172535501954606e-132,2.3563723131946028e-172
29319,3332,-0.001303301612345326,-0.35499139129439666,-0.0490996353328228,-0.40199537575244904,0.7311084620412754,0.655346839739912,0.35368808968205134,0.35289574041962624,,0.23804739091122182,-8.088366769627589,29.159151437694923,29.159151437694923,7.964813757927843e-171,63299152.5,28.03416642574983,6.230901259449728e-173,0.48869340803400124,0.2959067285975068,GCST90200735,cancerType_celltype,LUAD_Epi_LUAD,tissue,Tumor,Adjacent,group1_higher,1.0539845778694806e-169,5.624316832205284e-172
29319,3332,-0.010233319946332343,-0.2598426395738379,-0.0594810731709003,-0.3323453664779663,0.6064891199528539,0.5890652478910448,0.24960931962750557,0.272864293307066,,0.23901496418796617,-4.666156599340954,23.107341407185345,23.107341407185345,2.8509574456131003e-111,63281394.0,27.99972231827992,1.637516547048655e-172,0.41275855535859657,0.2955431635459873,GCST90200994,cancerType_celltype,LUAD_Epi_LUAD,tissue,Tumor,Adjacent,group1_higher,1.548149401741297e-110,1.4683783247548136e-171
29319,3332,-0.07207327283571756,-0.34106910564371773,-0.0846223533153534,-0.39531862735748285,0.5573905292204696,0.5497071630768701,0.26899583280800016,0.31069627404212946,,0.22565583880953066,-2.2425120287099993,26.728223312347218,26.728223312347218,2.383719918950547e-145,63263705.5,27.965413981709744,4.282080869465348e-172,0.48327394416323594,0.2951810315858667,GCST90200440,cancerType_celltype,LUAD_Epi_LUAD,tissue,Tumor,Adjacent,group1_higher,2.1660068330197304e-144,3.8146903431903726e-171
29319,3332,-0.05333345457077274,-0.33448062362355846,-0.1376684010028839,-0.45807988941669464,0.6231000554987436,0.6351470038987299,0.2811471690527857,0.32041148841381073,,0.23974512862545796,-2.6487872174261073,24.258979706375044,24.258979706375044,1.3948434870836961e-121,63205321.0,27.85217232320385,1.0138490404211319e-170,0.4503111515498411,0.2939857412319271,GCST90200198,cancerType_celltype,LUAD_Epi_LUAD,tissue,Tumor,Adjacent,group1_higher,8.883979779883542e-121,8.973222351259758e-170
29319,3332,0.0725903157764899,-0.15657953644471445,0.0544754490256309,-0.199556328356266,0.5829258596306848,0.517816615006049,0.22916985222120434,0.2540317773818969,,0.1758909522003311,-1.109036019725335,23.88453033116137,23.88453033116137,1.4142637959895701e-118,63161572.0,27.767317450455526,1.0768117945566283e-169,0.397436539584849,0.29309007958038436,GCST90199939,cancerType_celltype,LUAD_Epi_LUAD,tissue,Tumor,Adjacent,group1_higher,8.683070062764793e-118,9.468996619230221e-169
29319,3332,0.004824849123154582,0.49681651859119164,-0.049317080527544,0.47888046503067017,0.9604571169826875,0.9497399162536466,-0.4919916694680371,-0.5281975455582142,,-0.20191932612485497,6.685789424603203,-28.30280850390021,-28.30280850390021,2.8865211628110196e-161,34530090.5,-27.765854034114838,1.1215271411616413e-169,-0.5128283021069938,-0.29307463290237823,GCST90199757,cancerType_celltype,LUAD_Epi_LUAD,tissue,Tumor,Adjacent,group2_higher,3.3061582730348067e-160,9.798983932072546e-169
29319,3332,-0.08780652829832165,0.778029495269177,-0.2239462733268737,0.6113100051879883,1.385608915847145,1.6747193483111809,-0.8658360235674987,-0.835256278514862,,-0.22890960382306969,3.14741016182159,-28.746036722789007,-28.746036722789007,7.314390159282284e-165,34544552.0,-27.737804736022316,2.4451798895693796e-169,-0.6106862040362679,-0.2927785664557443,GCST90200103,cancerType_celltype,LUAD_Epi_LUAD,tissue,Tumor,Adjacent,group2_higher,8.981543952343922e-164,2.1227899296070474e-168
29319,3332,-0.03010034235921065,-0.3876491013133446,-0.140318363904953,-0.543383777141571,0.8375951540646345,0.8314335819397888,0.35754875895413396,0.40306541323661804,,0.19567044511087606,-3.6868553119428036,23.504831119351813,23.504831119351813,8.904770177665703e-115,63118630.0,27.684027822222685,1.0872773468888333e-168,0.42719494956972065,0.29221093942539667,GCST90200996,cancerType_celltype,LUAD_Epi_LUAD,tissue,Tumor,Adjacent,group1_higher,5.209099464445645e-114,9.379487492465062e-168
29319,3332,-0.23461115863050183,-0.5120005334438978,-0.3157894909381866,-0.613797664642334,0.6368790995699043,0.604103431447495,0.277389374813396,0.2980081737041474,,0.21447463258288607,-1.1258703490163853,24.97477090902657,24.97477090902657,1.6425193375133942e-128,63097989.5,27.643993832852374,3.295707268963182e-168,0.43779001180620275,0.29178837195371354,GCST90200434,cancerType_celltype,LUAD_Epi_LUAD,tissue,Tumor,Adjacent,group1_higher,1.1306837661771497e-127,2.825188055092338e-167
29319,3332,0.04965688875257768,-0.23535292431143298,0.0304112527519464,-0.29622334241867065,0.6515977057970898,0.6531286377859813,0.28500981306401063,0.32663459517061705,,0.21219811573408223,-2.244737078324847,23.875017774676902,23.875017774676902,4.152603836246099e-118,63092167.0,27.63270060337108,4.50484969081391e-168,0.4372965650067456,0.291669169458431,GCST90200517,cancerType_celltype,LUAD_Epi_LUAD,tissue,Tumor,Adjacent,group1_higher,2.5267852807158185e-117,3.8375688303621e-167
29319,3332,0.06146696345326848,-0.34212614335929276,0.0031004580669105,-0.41904155910015106,0.8195668581768101,0.7692310561666595,0.4035931068125612,0.42214201716706157,,0.2479217768628336,-2.4766259759858684,28.503043769267677,28.503043769267677,1.2230965219774776e-163,63051597.0,27.55401166905488,3.961827621456362e-167,0.495465327360892,0.29083859062913,GCST90200333,cancerType_celltype,LUAD_Epi_LUAD,tissue,Tumor,Adjacent,group1_higher,1.4623513679432473e-162,3.3540192845000136e-166
29319,3332,-0.13035507469009078,-0.407423454507949,-0.1684715449810028,-0.4689476191997528,0.6098144713272032,0.5600419081972736,0.2770683798178582,0.30047607421875,,0.21455539334948173,-1.644074761515717,26.808341035343343,26.808341035343343,1.7534116596830462e-146,63031079.5,27.51421624855124,1.1868390074682785e-166,0.4580217477062997,0.2904185413037619,GCST90200441,cancerType_celltype,LUAD_Epi_LUAD,tissue,Tumor,Adjacent,group1_higher,1.6257823756108787e-145,9.985565229501629e-166
29319,3332,0.05923724681118405,-0.26043396502898875,0.0321321040391922,-0.29511138796806335,0.6433325771856396,0.6267229421956847,0.3196712118401728,0.32724349200725555,,0.23681814900408713,-2.136322303362683,27.824020426626525,27.824020426626525,1.9610680512386986e-156,63021936.5,27.496482629461937,1.934223375105793e-166,0.4981958775679011,0.2902313590943386,GCST90200276,cancerType_celltype,LUAD_Epi_LUAD,tissue,Tumor,Adjacent,group1_higher,2.121377582411386e-155,1.6173904664228194e-165
29319,3332,-0.028951618417090298,0.6971103860891106,-0.1943607479333877,0.6031755805015564,1.5533394220322136,1.368163055798044,-0.7260620045062008,-0.7975363284349442,,-0.2110042428481893,4.58962345801193,-28.609014701894008,-28.609014701894008,3.7927789206890448e-165,34726119.0,-27.385640236712735,4.0664981965656575e-165,-0.47285971435696,-0.28906139351269,GCST90199806,cancerType_celltype,LUAD_Epi_LUAD,tissue,Tumor,Adjacent,group2_higher,4.699597880817425e-164,3.3796567328774337e-164
29319,3332,-0.02296422073445095,-0.2559709662632578,-0.0312304645776748,-0.28921331465244293,0.5898308068090303,0.5268575980645835,0.23300674552880687,0.2579828500747681,,0.18086230417581142,-3.478463261212628,23.88424533698365,23.88424533698365,1.4858708840258673e-118,62941746.5,27.34094736589733,1.3837126810183473e-164,0.39917739762850746,0.2885896505332921,GCST90200370,cancerType_celltype,LUAD_Epi_LUAD,tissue,Tumor,Adjacent,group1_higher,9.081802757521333e-118,1.1430305358957621e-163
29319,3332,0.00605554227214734,-0.2688684099397645,-0.0135529162362217,-0.310171365737915,0.6458194561971615,0.5920015738596222,0.27492395221191185,0.2966184495016933,,0.240636640551777,-5.472267431961731,25.15919554897992,25.15919554897992,2.1521457803796986e-130,62927536.0,27.313384903459557,2.9416778787273422e-164,0.4292092953425001,0.28829872274295987,GCST90200041,cancerType_celltype,LUAD_Epi_LUAD,tissue,Tumor,Adjacent,group1_higher,1.5438814203460677e-129,2.415365631750221e-163
29319,3332,-0.15225773917239313,-0.3620990626296116,-0.2064067125320434,-0.4486959129571914,0.5216049727166382,0.5138343656349124,0.20984132345721848,0.242289200425148,,0.21800601918050613,-1.249863389683213,22.30347061313543,22.30347061313543,3.60552062939388e-104,62920790.5,27.30030143768608,4.206900327379187e-164,0.40290759655669567,0.28816062391394714,GCST90200125,cancerType_celltype,LUAD_Epi_LUAD,tissue,Tumor,Adjacent,group1_higher,1.8067369918617126e-103,3.4335360156993006e-163
29319,3332,-0.2754141544331165,-0.7523670389762198,-0.3075165152549743,-0.7929438650608063,0.9669601866576981,0.9366737291878517,0.4769528845431033,0.48542734980583196,,0.202900282086169,-1.449830619199228,27.75969182080208,27.75969182080208,8.295506612037957e-156,62835901.5,27.13565206758088,3.7397231262400813e-162,0.49480864011113435,0.28642271397456964,GCST90200368,cancerType_celltype,LUAD_Epi_LUAD,tissue,Tumor,Adjacent,group1_higher,8.764942257525376e-155,3.0340729887293043e-161
29319,3332,0.7812886793277579,1.6557887203808754,0.6406263709068298,1.6360210180282593,1.7001500163342012,1.7275316970212136,-0.8745000410531175,-0.9953946471214294,,-0.19116260928432474,1.0835900054141845,-27.733881869160015,-27.733881869160015,2.650191552582599e-155,34909156.0,-27.03062454850878,6.454442658215309e-161,-0.5135165217084611,-0.28531412565026015,GCST90200873,cancerType_celltype,LUAD_Epi_LUAD,tissue,Tumor,Adjacent,group2_higher,2.7574130428779254e-154,5.2055652918032343e-160
29319,3332,1.0410624458491813,1.9176416032481205,0.9197456240653992,1.8278075456619263,1.5474379612409948,1.750006957758279,-0.8765791573989392,-0.9080619215965271,,-0.22115174760674586,0.881275872122521,-27.708816912637417,-27.708816912637417,1.4411640829866713e-154,34930338.0,-26.989540274249826,1.9608736404999112e-160,-0.5585785771737303,-0.2848804721929701,GCST90200042,cancerType_celltype,LUAD_Epi_LUAD,tissue,Tumor,Adjacent,group2_higher,1.465900481425995e-153,1.57215927764787e-159
29319,3332,0.5941754931847615,1.4245640893941864,0.4495949447154999,1.3707059025764465,1.7596179818443385,1.5813993768920163,-0.830388596209425,-0.9211109578609467,,-0.17708483518113746,1.2615581054302607,-28.379558766602948,-28.379558766602948,1.2726945540849677e-162,34965155.0,-26.922009768307326,1.213659847378752e-159,-0.4766128758371722,-0.28416767300391965,GCST90200445,cancerType_celltype,LUAD_Epi_LUAD,tissue,Tumor,Adjacent,group2_higher,1.48263476685283e-161,9.673791648989702e-159
29319,3332,-0.01864076621906582,-0.2720395616388869,-0.0259713344275951,-0.3260598629713058,0.6593226068018782,0.6339341809255112,0.2533987954198211,0.3000885285437107,,0.2085926897132565,-3.8672113153152337,21.77390015690413,21.77390015690413,1.1266255291962883e-99,62716457.5,26.903980362615037,1.9729577809500928e-159,0.3858214755939947,0.28397736870252044,GCST90199968,cancerType_celltype,LUAD_Epi_LUAD,tissue,Tumor,Adjacent,group1_higher,5.350489882559377e-99,1.5634543345552188e-158
29319,3332,-0.0587146258377966,-0.2981828284007889,-0.0899344831705093,-0.3562819510698318,0.5389836029514228,0.4844241280157628,0.2394682025629923,0.2663474678993225,,0.21389955969702973,-2.344385616866986,26.717218945743205,26.717218945743205,1.1084713383645098e-145,62703515.0,26.8788772930467,3.8787857176701355e-159,0.4487173002660404,0.2837124003392415,GCST90200624,cancerType_celltype,LUAD_Epi_LUAD,tissue,Tumor,Adjacent,group1_higher,1.013990895430085e-144,3.0559450480834653e-158
29319,3332,-0.27460902813238364,-0.5612887563607512,-0.3289468884468078,-0.6464902758598328,0.6304345026112882,0.6247671362554506,0.2866797282283675,0.31754338741302496,,0.2143555622808,-1.031361419713571,25.07576324986287,25.07576324986287,2.6135325620943647e-129,62659942.5,26.79436475692413,3.75883226566838e-158,0.45514932320372137,0.282820352125297,GCST90200387,cancerType_celltype,LUAD_Epi_LUAD,tissue,Tumor,Adjacent,group1_higher,1.8174718786401118e-128,2.944418608106898e-157
29319,3332,0.13516697590314308,-0.14100543666932994,0.0951482206583023,-0.18955216556787485,0.6722765864665625,0.5960927665070456,0.27617241257247305,0.28470038622617716,,0.20361896301025395,-0.06100763261978129,24.997764592998468,24.997764592998468,5.4540922143720196e-129,62646391.5,26.768081450320263,7.606370383187911e-158,0.41535685744520373,0.2825429261032153,GCST90200471,cancerType_celltype,LUAD_Epi_LUAD,tissue,Tumor,Adjacent,group1_higher,3.773567354410692e-128,5.924275904162927e-157
29319,3332,-0.15960922376011244,-0.4916038978698969,-0.2261600047349929,-0.535395622253418,0.696245367496409,0.561514156837688,0.33199467410978445,0.3092356175184251,,0.24376560123136237,-1.6229462236899508,31.48868318168657,31.48868318168657,3.481271384410112e-197,62642487.0,26.760508343491633,9.318084971317818e-158,0.4855734158930331,0.2824629903122613,GCST90199863,cancerType_celltype,LUAD_Epi_LUAD,tissue,Tumor,Adjacent,group1_higher,7.299958303001511e-196,7.216221486310332e-157
29319,3332,-0.13032340039088175,-0.42503797489068335,-0.1744425594806671,-0.486876517534256,0.652612205284304,0.591053636748556,0.2947145744998016,0.31243395805358887,,0.2266912213120739,-1.70548791617666,26.97433848410987,26.97433848410987,3.247367903640275e-148,62639959.0,26.75560507442702,1.0626403668311744e-157,0.4557910102227003,0.28241123524002876,GCST90200969,cancerType_celltype,LUAD_Epi_LUAD,tissue,Tumor,Adjacent,group1_higher,3.052525829421858e-147,8.182931186389213e-157
29319,3332,-0.14513225218520764,-0.41959766953147687,-0.1859479695558548,-0.4877068549394607,0.6056274782248199,0.5603774671916341,0.2744654173462692,0.3017588853836059,,0.22648515766568966,-1.5316320032542001,26.564039664075505,26.564039664075505,5.136455027064516e-144,62618288.0,26.71357234345422,3.2741304130291605e-157,0.45655443519283445,0.281967570615681,GCST90201014,cancerType_celltype,LUAD_Epi_LUAD,tissue,Tumor,Adjacent,group1_higher,4.546096234992814e-143,2.5071009848082843e-156
29319,3332,-0.16513566023756102,-0.4362274948877547,-0.2235044240951538,-0.5068597197532654,0.6133815421078259,0.569117147297383,0.2710918346501937,0.2833552956581116,,0.21730773098499506,-1.4014235781363413,25.842928028488938,25.842928028488938,6.325385032199527e-137,62615178.5,26.70754120612969,3.8473034831553024e-157,0.4451331722995262,0.2819039106484711,GCST90200911,cancerType_celltype,LUAD_Epi_LUAD,tissue,Tumor,Adjacent,group1_higher,4.8985794311863376e-136,2.929538909240602e-156
29319,3332,0.06565694191670145,-0.32577757523124873,0.0098122041672468,-0.35857973992824554,0.8336414751573236,0.6995878625449699,0.3914345171479502,0.36839194409549236,,0.20559106439380323,-2.3108502947213823,29.969779832965116,29.969779832965116,5.060192899104691e-180,62570996.5,26.62184649338731,3.7924620570582837e-156,0.4767963007905399,0.28099938430298965,GCST90200782,cancerType_celltype,LUAD_Epi_LUAD,tissue,Tumor,Adjacent,group1_higher,7.74948642862887e-179,2.871736546539134e-155
29319,3332,-0.18074501136244206,-0.40472305484661225,-0.2359599769115448,-0.4641835391521454,0.6001098022637601,0.6047267858557184,0.2239780434841702,0.22822356224060059,,0.20176900074049595,-1.1629747877378167,20.27507226529079,20.27507226529079,3.425771340687421e-87,62555093.5,26.591001284552444,8.626614731348844e-156,0.37293469794839945,0.2806738064099066,GCST90200315,cancerType_celltype,LUAD_Epi_LUAD,tissue,Tumor,Adjacent,group1_higher,1.3340932392448442e-86,6.496174518689765e-155
29319,3332,0.2218503255049453,-0.11205304179705255,0.1584764122962951,-0.1957091614603996,0.7945797105869419,0.6788589533541731,0.3339033673019979,0.3541855737566947,,0.23875799866828934,0.9853984850209413,26.410238843374408,26.410238843374408,6.908122981091723e-143,62541563.5,26.564758709218495,1.7345077727611056e-155,0.4261381510585623,0.28039681031524455,GCST90199862,cancerType_celltype,LUAD_Epi_LUAD,tissue,Tumor,Adjacent,group1_higher,5.959349128625328e-142,1.2989747770732896e-154
29319,3332,-0.012002453295360073,0.5768756998910808,-0.0134560484439134,0.5329368412494659,1.211067019319739,1.0675898186214865,-0.5888781531864409,-0.5463928896933793,,-0.18185084827772857,5.586741571747823,-29.73956696925075,-29.73956696925075,3.834027986936741e-177,35165937.0,-26.532576157021268,4.080976537630207e-155,-0.49187264053307134,-0.2800571164718829,GCST90199845,cancerType_celltype,LUAD_Epi_LUAD,tissue,Tumor,Adjacent,group2_higher,5.559340581058274e-176,3.03954700589616e-154
29319,3332,-0.15526203183442977,0.427684582663461,-0.1923978924751281,0.330846831202507,1.2387963622811047,1.0898856753407267,-0.5829466144978908,-0.5232447236776351,,-0.16913471209293524,1.461836210023037,-28.83049893993984,-28.83049893993984,1.756771833892818e-167,35189107.0,-26.48763598920992,1.345559895721036e-154,-0.4760948906424823,-0.27958276321886577,GCST90200897,cancerType_celltype,LUAD_Epi_LUAD,tissue,Tumor,Adjacent,group2_higher,2.2589434052791613e-166,9.967381184063979e-154
29319,3332,-0.09417311863248355,0.6548596624197284,-0.1823994815349578,0.5625157058238983,1.5622402905806236,1.4468425000130696,-0.7490327810522119,-0.7449151873588561,,-0.1892469739918486,2.7977854394515824,-28.081051191837055,-28.081051191837055,2.3835269028673106e-159,35244545.5,-26.380108345998465,2.3178805817278278e-153,-0.48297889749187073,-0.2784477855400832,GCST90199987,cancerType_celltype,LUAD_Epi_LUAD,tissue,Tumor,Adjacent,group2_higher,2.6629075152525774e-158,1.707714179943259e-152
29319,3332,0.12467901919472921,-0.16912558548748735,0.1113852337002754,-0.2279584854841232,0.6481396502126924,0.6018351405560538,0.2938046046822166,0.3393437191843986,,0.22302072126866795,-0.43987317671621184,26.48789193005356,26.48789193005356,3.029520282897926e-143,62365796.5,26.223843798743868,1.4211599537492212e-151,0.4565245108880608,0.27679837923095163,GCST90199723,cancerType_celltype,LUAD_Epi_LUAD,tissue,Tumor,Adjacent,group1_higher,2.664023319735402e-142,1.0414199015914992e-150
29319,3332,0.16025944748785237,-0.12000688436659357,0.1627773940563202,-0.14609092473983765,0.7250013847182072,0.6487774702348408,0.28026633185444594,0.30886831879615784,,0.20655391337660647,0.4172892179917373,23.335113968279714,23.335113968279714,1.4991826825617005e-113,62330947.0,26.15625025631221,8.367246128329533e-151,0.3905630272883408,0.2760849146780373,GCST90200074,cancerType_celltype,LUAD_Epi_LUAD,tissue,Tumor,Adjacent,group1_higher,8.408995869677357e-113,6.098693301023077e-150
29319,3332,-0.06657121333555471,-0.4077476964787876,-0.1041453853249549,-0.4722375422716141,0.7482397768056256,0.7003260014660632,0.3411764831432329,0.3680921569466592,,0.21443617543139978,-2.61468822518323,26.45721969001701,26.45721969001701,6.630981595758396e-143,62308603.0,26.1129121851177,2.6013107829165424e-150,0.4588833400733587,0.27562747190352654,GCST90199864,cancerType_celltype,LUAD_Epi_LUAD,tissue,Tumor,Adjacent,group1_higher,5.756705678355856e-142,1.8859503176144934e-149
29319,3332,0.16072843951145066,-0.09250572229697358,0.1822067201137542,-0.06898479163646695,0.6507480328140988,0.6196392038628792,0.25323416180842423,0.25119151175022114,,0.19750289274062868,0.797004087395643,22.23787261928945,22.23787261928945,1.1102901943606003e-103,62304974.0,26.105873433758727,3.1269615562411537e-150,0.3910091051190722,0.2755531763508636,GCST90199725,cancerType_celltype,LUAD_Epi_LUAD,tissue,Tumor,Adjacent,group1_higher,5.523085893844883e-103,2.255052169924176e-149
29319,3332,0.023944928087868526,-0.29352931815285566,-0.0217900853604078,-0.3827809691429138,0.713005899944867,0.6531816459712014,0.3174742462407242,0.360990883782506,,0.17597315710014336,-3.6156572668464797,26.329903736735563,26.329903736735563,9.504280737437754e-142,62292344.5,26.081377454070623,5.930963710606073e-150,0.44895895275723474,0.27529461595341087,GCST90200874,cancerType_celltype,LUAD_Epi_LUAD,tissue,Tumor,Adjacent,group1_higher,7.94744456756298e-141,4.254686072397935e-149
29319,3332,-0.1529395505494059,-0.38364901718562777,-0.2057167738676071,-0.46091777086257935,0.5918291479378385,0.5582169787982743,0.23070946663622188,0.25520099699497223,,0.21052439126300082,-1.3268198469658183,22.465159006530055,22.465159006530055,1.1104376589329255e-105,62278699.5,26.05491182654426,1.183556257918382e-149,0.39203778762188435,0.2750152654943079,GCST90200144,cancerType_celltype,LUAD_Epi_LUAD,tissue,Tumor,Adjacent,group1_higher,5.647487048976035e-105,8.446006175616515e-149
29319,3332,-0.090524986732228,0.4645515892189957,-0.1474766135215759,0.3172803223133087,0.9031395297875127,1.1528688387329313,-0.5550765759512237,-0.46475693583488464,,-0.24606279714286497,2.3594380224667124,-26.871109761326547,-26.871109761326547,8.512209516035025e-146,35416690.5,-26.046218609792835,1.4848586974247575e-149,-0.5957742978839823,-0.2749235066993133,GCST90200418,cancerType_celltype,LUAD_Epi_LUAD,tissue,Tumor,Adjacent,group2_higher,7.839284844834958e-145,1.054095002390596e-148
29319,3332,0.19408192633674154,-0.22354733060832518,0.1450587660074234,-0.30744469165802,0.9285889210653571,0.8327540053955783,0.4176292569450667,0.4525034576654434,,0.23732233733887637,-0.20391356395651966,27.097241902598977,27.097241902598977,1.6741343481224354e-149,62267705.5,26.03358803694918,2.0641161596550326e-149,0.454305730819877,0.27479018825375223,GCST90200505,cancerType_celltype,LUAD_Epi_LUAD,tissue,Tumor,Adjacent,group1_higher,1.6298893689220566e-148,1.4577151946164815e-148
29319,3332,0.15305111539541852,-0.19844544984548132,0.1357783824205398,-0.2262391075491905,0.7260542680707396,0.7300019163027337,0.35149656524089984,0.36201748996973027,,0.24488496436796936,-0.37472676805924177,26.352090001154927,26.352090001154927,1.4768599382733958e-141,62267383.5,26.032963490810413,2.0980010829486248e-149,0.4838498047423962,0.2747835960333176,GCST90200792,cancerType_celltype,LUAD_Epi_LUAD,tissue,Tumor,Adjacent,group1_higher,1.2199758156767506e-140,1.4740079773499875e-148
29319,3332,-0.10773311322069398,-0.35790688872908166,-0.1781975328922271,-0.434709370136261,0.6410140426242157,0.5844054805157856,0.2501737755083877,0.2565118372440339,,0.22495403194623562,-1.7321132017965841,23.176690710799374,23.176690710799374,4.536594502360491e-112,62252651.5,26.004389535169636,4.417334656667092e-149,0.393683298206324,0.274481991712064,GCST90200923,cancerType_celltype,LUAD_Epi_LUAD,tissue,Tumor,Adjacent,group1_higher,2.483284460529056e-111,3.087603660019101e-148
29319,3332,0.213934839977665,-0.059491529743335915,0.194489374756813,-0.0866082720458507,0.6698463275816988,0.6153534709985508,0.27342636972100093,0.2810976468026637,,0.20488845767383587,1.8463977617412255,24.078769024273026,24.078769024273026,2.9945688491592456e-120,62225020.0,25.950795912084647,1.781118728476621e-148,0.4114821460919297,0.27391629935510475,GCST90200485,cancerType_celltype,LUAD_Epi_LUAD,tissue,Tumor,Adjacent,group1_higher,1.8809204338267519e-119,1.2386045035273644e-147
29319,3332,-0.1947534569405065,-0.4072437568907541,-0.2334897369146347,-0.4584590047597885,0.5108819757254903,0.5048849058254966,0.2124902999502476,0.2249692678451538,,0.1941440580413083,-1.064239780135468,22.99305306482075,22.99305306482075,3.288156470234471e-110,62214693.0,25.930765825205587,2.9969874781394807e-148,0.41642444681019425,0.27370487742830685,GCST90200670,cancerType_celltype,LUAD_Epi_LUAD,tissue,Tumor,Adjacent,group1_higher,1.7644713657203085e-109,2.0735502196467576e-147
29319,3332,0.2577447258676781,1.0336071568209608,0.0798426568508148,0.90653395652771,1.6212761558959305,1.6350074447211909,-0.7758624309532827,-0.8266912996768951,,-0.18959000709098034,2.003668951303325,-25.97854231082871,-25.97854231082871,6.696376144918284e-138,35485483.0,-25.912789758081047,4.779187891566526e-148,-0.47813572603843707,-0.2735151361271,GCST90199787,cancerType_celltype,LUAD_Epi_LUAD,tissue,Tumor,Adjacent,group2_higher,5.245494646852655e-137,3.289915705154129e-147
29319,3332,0.16794565034040163,-0.23939486178942562,0.1124095097184181,-0.33980533480644226,0.9479452771008271,0.8179228341662198,0.40734051212982725,0.4522148445248604,,0.2349781690927481,-0.5113951923689174,26.77620238309004,26.77620238309004,1.7463995299426304e-146,62199188.0,25.900692570914913,6.541293243870152e-148,0.43542174610020923,0.273387447683463,GCST90200652,cancerType_celltype,LUAD_Epi_LUAD,tissue,Tumor,Adjacent,group1_higher,1.6257823756108787e-145,4.48029280974624e-147
29319,3332,-0.1689354372613869,-0.4796026816251533,-0.2382133156061172,-0.542021244764328,0.6748807782411975,0.5678891607475925,0.31066724436376636,0.3038079291582108,,0.23788382651389298,-1.5053622023451778,29.3130678368689,29.3130678368689,6.317652923519028e-173,62148605.0,25.802582579184165,8.29487205186413e-147,0.467341463790461,0.27235187536592464,GCST90199719,cancerType_celltype,LUAD_Epi_LUAD,tissue,Tumor,Adjacent,group1_higher,8.610960934756435e-172,5.652955303345405e-146
29319,3332,0.07416637474883232,0.6163754191921242,0.028110871091485,0.526941329240799,0.9803788745815396,1.1061203521451306,-0.5422090444432919,-0.4988304581493139,,-0.1857304679024555,3.0549550605468796,-27.11113687708185,-27.11113687708185,1.3624521111154373e-148,35554731.5,-25.77847645593672,1.5460355816647293e-146,-0.5455167620220162,-0.27209742998805986,GCST90200647,cancerType_celltype,LUAD_Epi_LUAD,tissue,Tumor,Adjacent,group2_higher,1.2895987690627368e-147,1.0483813421935455e-145
29319,3332,-0.1313042966088599,-0.36255295830303613,-0.1800003945827484,-0.422886312007904,0.5685758080402927,0.5386547820721407,0.23124866169417624,0.24288591742515558,,0.22595139174202206,-1.4652706120012378,23.34704695535573,23.34704695535573,1.7342401500204072e-113,62124862.0,25.756531029579296,2.7237835485828855e-146,0.4088586348570895,0.27186579123617105,GCST90200281,cancerType_celltype,LUAD_Epi_LUAD,tissue,Tumor,Adjacent,group1_higher,9.648038059093123e-113,1.8378796914447884e-145
29319,3332,0.09006803213386153,-0.14702286777773063,0.0798937454819679,-0.1549234464764595,0.6213762145359765,0.6288083061968656,0.23709089991159216,0.2348171919584274,,0.17890284178532476,-0.7069473167450465,20.648894191699775,20.648894191699775,3.3087543415386e-90,62116699.0,25.740698203086243,4.097218444947291e-146,0.381090200388976,0.2716986723063317,GCST90200008,cancerType_celltype,LUAD_Epi_LUAD,tissue,Tumor,Adjacent,group1_higher,1.3791535680480462e-89,2.7509895273217527e-145
29319,3332,-0.07297216948613419,0.3847920296240624,-0.1605512946844101,0.3160455822944641,0.9649027152917271,0.9817641122058945,-0.4577641991101966,-0.4765968769788742,,-0.20013539880423348,2.3986446438389732,-25.548737542973672,-25.548737542973672,1.011671134320983e-133,35596892.5,-25.696701643028035,1.2724740239528002e-145,-0.4735639670900314,-0.2712342790385365,GCST90199801,cancerType_celltype,LUAD_Epi_LUAD,tissue,Tumor,Adjacent,group2_higher,7.618274895466849e-133,8.501873012978757e-145
29319,3332,-0.06232522795550678,-0.44834820059015484,-0.1149767860770225,-0.4827802777290344,0.8142704810687599,0.757994256005132,0.3860229726346481,0.3678034916520119,,0.21120356837381013,-2.8467115182203395,27.64012690947801,27.64012690947801,8.402378986190581e-155,62073991.0,25.657862437575364,3.454771391988674e-145,0.4773327499979958,0.2708243227711631,GCST90200051,cancerType_celltype,LUAD_Epi_LUAD,tissue,Tumor,Adjacent,group1_higher,8.61085906629907e-154,2.2970016620880794e-144
29319,3332,-0.32414120445622036,0.19515842464458663,-0.392337292432785,0.14623089879751205,1.128417776148994,1.0687304196292389,-0.519299629100807,-0.5385681912302971,,-0.1799711174441061,-0.731973741729494,-26.424036594279837,-26.424036594279837,1.5968248596728719e-142,35633084.0,-25.62650517849008,7.729498971343083e-145,-0.46263861404114565,-0.27049334007623305,GCST90200206,cancerType_celltype,LUAD_Epi_LUAD,tissue,Tumor,Adjacent,group2_higher,1.3602951773338275e-141,5.114226746573117e-144
29319,3332,-0.09418333372672222,-0.3162586196971,-0.1966705024242401,-0.4393163472414017,0.6618871018403617,0.6769557733092658,0.2220752859703778,0.24264584481716156,,0.17764778743090157,-1.747550350702059,17.984422846915127,17.984422846915127,1.1692577786802323e-69,62055731.0,25.62244562858809,8.578214769354824e-145,0.33473295887774435,0.27045049064340776,GCST90200236,cancerType_celltype,LUAD_Epi_LUAD,tissue,Tumor,Adjacent,group1_higher,3.6385807131076635e-69,5.648360739435085e-144
29319,3332,0.6325855565817267,1.4263183098350205,0.5144541263580322,1.215459167957306,1.3976163911590913,1.6772337671878785,-0.7937327532532938,-0.7010050415992737,,-0.18635690299966212,1.1729621919578113,-26.299054304231007,-26.299054304231007,2.115597002321888e-140,35667033.0,-25.56065823170426,4.179882337506762e-144,-0.5555810649402307,-0.26979831122052833,GCST90199904,cancerType_celltype,LUAD_Epi_LUAD,tissue,Tumor,Adjacent,group2_higher,1.7370835627498393e-139,2.7390286663565947e-143
29319,3332,-0.10606533974448736,0.3733812730105612,-0.1383330225944519,0.30522485077381134,0.9943876527126875,0.9561360232416285,-0.4794466127550485,-0.44355787336826324,,-0.16067042570671322,1.815686546450813,-27.314821555097353,-27.314821555097353,2.46159726220691e-151,35702825.0,-25.49123663108692,2.4656647096998624e-143,-0.48401928143797035,-0.2690655511155654,GCST90200944,cancerType_celltype,LUAD_Epi_LUAD,tissue,Tumor,Adjacent,group2_higher,2.449019757947459e-150,1.6079909087659868e-142
29319,3332,0.4376116549245467,0.9774746700722174,0.3652221262454986,0.910307914018631,1.1532031551193413,1.1240624471858465,-0.5398630151476708,-0.5450857877731323,,-0.17075650807570897,1.1594063346365406,-26.200599449043445,-26.200599449043445,3.3402621908236114e-140,35718478.5,-25.460875348530386,5.350206981384713e-143,-0.4693383950808426,-0.26874508116968265,GCST90199744,cancerType_celltype,LUAD_Epi_LUAD,tissue,Tumor,Adjacent,group2_higher,2.709986527436061e-139,3.4725391026796976e-142
29319,3332,-0.0560965971398567,0.30362117303181274,-0.103738747537136,0.25050197541713715,0.775304333857899,0.7485360047864037,-0.35971777017166945,-0.3542407229542731,,-0.1839221955925475,2.436266270768576,-26.1891108273624,-26.1891108273624,3.9415559020672023e-140,35794746.5,-25.312947134519344,2.300702197333952e-141,-0.465584284279185,-0.26718366667244,GCST90200836,cancerType_celltype,LUAD_Epi_LUAD,tissue,Tumor,Adjacent,group2_higher,3.160200408539763e-139,1.4861881966664343e-140
29319,3332,-0.48605430029472835,0.08788276724475244,-0.5106602311134338,-0.0057431431487202,1.202125841119325,1.176060701208561,-0.5739370675394808,-0.5049170879647137,,-0.1682857757112131,-2.4674518447969698,-26.633147413430727,-26.633147413430727,1.919816792509868e-144,35798274.0,-25.306105250964983,2.7364150685501133e-141,-0.4784832472223805,-0.26711144910230544,GCST90200975,cancerType_celltype,LUAD_Epi_LUAD,tissue,Tumor,Adjacent,group2_higher,1.7215199264414144e-143,1.7593083671857566e-140
29319,3332,1.1289541450158476,1.8501988121570496,0.992726743221283,1.7555212378501892,1.5779652756708928,1.5110646798933982,-0.7212446671412021,-0.7627944946289062,,-0.19123513287537286,0.7126929159365059,-25.98854556265568,-25.98854556265568,3.303152638250884e-138,35818760.0,-25.26637092736622,7.485342141326045e-141,-0.45902012295512934,-0.26669204466806673,GCST90200428,cancerType_celltype,LUAD_Epi_LUAD,tissue,Tumor,Adjacent,group2_higher,2.617556422055788e-137,4.789916121421314e-140
29319,3332,0.042002446790185076,-0.1926796371208817,0.0236892122775316,-0.2212892398238182,0.6009436315438467,0.6181935772071482,0.2346820839110668,0.2449784521013498,,0.19375087238908312,-2.197631974501972,20.82366345342444,20.82366345342444,1.3169901554839303e-91,61867715.0,25.257772750244612,9.304459373340793e-141,0.3893676722813288,0.2666012890370515,GCST90200028,cancerType_celltype,LUAD_Epi_LUAD,tissue,Tumor,Adjacent,group1_higher,5.592079694469149e-91,5.926158002739954e-140
29319,3332,0.029325824258039767,-0.4034464177601432,-0.0417352505028247,-0.5163975358009338,0.979279250106569,0.8865882062918602,0.43277224201818293,0.47466228529810917,,0.19442818492032887,-3.7820878977933097,26.405506589834168,26.405506589834168,1.498571338634361e-142,61686804.5,24.90688158801609,6.266798919193407e-137,0.44605200799062295,0.262897556444045,GCST90200151,cancerType_celltype,LUAD_Epi_LUAD,tissue,Tumor,Adjacent,group1_higher,1.2846243613576314e-141,3.9728590357491225e-136
29319,3332,0.11316553819626875,-0.11207234591389878,0.1147742196917533,-0.16100617498159406,0.6124966809647686,0.5835325320382255,0.22523788411016754,0.27578039467334736,,0.18546156051534873,0.014004229088239655,21.00450231537511,21.00450231537511,3.104607682913651e-93,61680012.0,24.89370696178137,8.704543626827417e-137,0.36948188811747906,0.2627584953965214,GCST90200952,cancerType_celltype,LUAD_Epi_LUAD,tissue,Tumor,Adjacent,group1_higher,1.3433588164480339e-92,5.492728223780449e-136
29319,3332,0.2777765555096391,0.8275488623303875,0.1872715801000595,0.7971356809139252,1.1952127180763918,1.1819325173797783,-0.5497723068207484,-0.6098641008138657,,-0.1902443373159146,1.5749162072507539,-25.413753626706992,-25.413753626706992,1.559534841194645e-132,36030559.5,-24.85556794625446,2.2512430539341865e-136,-0.4604980470856613,-0.26235592978621924,GCST90199887,cancerType_celltype,LUAD_Epi_LUAD,tissue,Tumor,Adjacent,group2_higher,1.1489978316477302e-131,1.4140296232775558e-135
29319,3332,-0.33796370341482534,0.19213610412872445,-0.4137991368770599,0.12418892607092855,1.1725391033947552,1.0992676576117122,-0.5300998075435498,-0.5379880629479884,,-0.17773797026943156,-0.8147364324733765,-26.193994824833375,-26.193994824833375,2.627799738719573e-140,36034501.5,-24.847922105015257,2.723183748760751e-136,-0.4549140347570907,-0.26227522626773003,GCST90199649,cancerType_celltype,LUAD_Epi_LUAD,tissue,Tumor,Adjacent,group2_higher,2.144725175972921e-139,1.7026144264040842e-135
29319,3332,-0.23286806672571886,0.2186844239974899,-0.3189439177513122,0.19770908355712885,1.0468957551858415,1.0035854259277912,-0.4515524907232088,-0.516653001308441,,-0.16954656881017824,-0.0906619473051897,-24.501212012894594,-24.501212012894594,5.033894483461393e-124,36037838.0,-24.84145068205874,3.1990113124382194e-136,-0.43311917310523307,-0.26220691898984094,GCST90199851,cancerType_celltype,LUAD_Epi_LUAD,tissue,Tumor,Adjacent,group2_higher,3.314588493216366e-123,1.990982839659038e-135
29319,3332,-0.04509003259861175,-0.27735674402799226,-0.0705927461385726,-0.2837111502885818,0.5433015159527489,0.5291900705182605,0.23226671142938052,0.2131184041500092,,0.2069360651020469,-2.6208355534806933,23.94196675201299,23.94196675201299,8.341701005921964e-119,61621632.5,24.78047500119688,1.4558234538421505e-135,0.4286323469064042,0.2615633074062531,GCST90200140,cancerType_celltype,LUAD_Epi_LUAD,tissue,Tumor,Adjacent,group1_higher,5.1446780412088855e-118,9.019488034485687e-135
29319,3332,0.21763562434279557,-0.1379462006871141,0.2063430249691009,-0.1651220098137855,0.8349044174645318,0.7778412820051476,0.35558182502990965,0.3714650347828864,,0.21265126614789417,0.6578051758366232,24.81319706809477,24.81319706809477,4.737664281548947e-127,61582734.0,24.705028082007857,9.443959830881403e-135,0.4287928610010548,0.260766948752283,GCST90200290,cancerType_celltype,LUAD_Epi_LUAD,tissue,Tumor,Adjacent,group1_higher,3.1499689832932755e-126,5.824487443208756e-134
29319,3332,0.19791002647879136,-0.12571661995772274,0.1799596399068832,-0.1805736571550369,0.7465263954199969,0.7227199015625019,0.32362664643651406,0.3605332970619201,,0.2155232053597927,0.6546651284948198,24.410361321081297,24.410361321081297,3.806992731840871e-123,61578029.0,24.695902337961574,1.183609469828043e-134,0.43490463549322744,0.2606706245375465,GCST90200617,cancerType_celltype,LUAD_Epi_LUAD,tissue,Tumor,Adjacent,group1_higher,2.482742149999573e-122,7.26693561880911e-134
29319,3332,-0.3505613322302611,0.13673572728076128,-0.4227832853794098,0.03369591385126105,1.0133026428414378,1.0952502357016818,-0.48729705951102237,-0.4564791992306708,,-0.18227029377481718,-1.3582701867433773,-24.517428247129534,-24.517428247129534,8.41751426404797e-124,36130765.0,-24.66121093349572,2.7901728592920584e-134,-0.47682392659113615,-0.2603044492124078,GCST90200118,cancerType_celltype,LUAD_Epi_LUAD,tissue,Tumor,Adjacent,group2_higher,5.5158999720660495e-123,1.7053836803655047e-133
29319,3332,0.08740728042494582,-0.2583611672264055,-0.0160791650414466,-0.3291427940130234,0.8045480474391239,0.6470983703680893,0.34576844765135134,0.3130636289715768,,0.23971295477686386,-1.5635529654369047,28.446131854757546,28.446131854757546,4.5203362235746465e-164,61543262.0,24.62846881123317,6.26107627536507e-134,0.4377241201827507,0.2599588489852096,GCST90200279,cancerType_celltype,LUAD_Epi_LUAD,tissue,Tumor,Adjacent,group1_higher,5.4524055510904804e-163,3.809753108626157e-133
29319,3332,0.17294244947634732,-0.09252336758829673,0.1276533901691436,-0.1875600069761276,0.7226253041868987,0.6799243108026474,0.26546581706464406,0.3152133971452712,,0.20091299225576764,0.9023950955157006,21.216557108979863,21.216557108979863,5.06760100266159e-95,61542756.0,24.627487381586533,6.41450893831269e-134,0.36953138735872115,0.2599484897816693,GCST90199915,cancerType_celltype,LUAD_Epi_LUAD,tissue,Tumor,Adjacent,group1_higher,2.2646361202058186e-94,3.885766970186754e-133
29319,3332,-0.1250950452749773,-0.3542142952121351,-0.1485318094491958,-0.41134102642536163,0.5326512218397411,0.5158079105027604,0.2291192499371578,0.2628092169761658,,0.19547558296692816,-1.5015903282325693,24.215114558940034,24.215114558940034,2.458800508051887e-121,61524993.0,24.593034545987354,1.4997012891345315e-133,0.4315210740324671,0.2595848326028456,GCST90199712,cancerType_celltype,LUAD_Epi_LUAD,tissue,Tumor,Adjacent,group1_higher,1.5587651592905685e-120,9.044658659691887e-133
29319,3332,0.042412825793294466,-0.19630900133235338,0.0327567420899868,-0.23314335197210312,0.697544195948373,0.6240663959142213,0.23872182712564785,0.2659000940620899,,0.188637415298381,-2.2105271478609367,20.66255034574742,20.66255034574742,1.527496080525398e-90,61495777.0,24.536367651607712,6.047049551116336e-133,0.34577022631873344,0.25898670119843703,GCST90199874,cancerType_celltype,LUAD_Epi_LUAD,tissue,Tumor,Adjacent,group1_higher,6.425855425173202e-90,3.63089362915047e-132
29319,3332,-0.034341376255392554,-0.26081745647342447,-0.1031166240572929,-0.3510303646326065,0.6182091757404734,0.572852470999535,0.22647608021803192,0.24791374057531362,,0.2046659482901924,-2.9249841911442642,21.445723269177055,21.445723269177055,5.634455892076976e-97,61474558.0,24.495211612730326,1.6613513717409125e-132,0.3690126687202751,0.25855229024997906,GCST90200931,cancerType_celltype,LUAD_Epi_LUAD,tissue,Tumor,Adjacent,group1_higher,2.577101805671449e-96,9.93167508632835e-132
29319,3332,0.01807573633903051,-0.2907183613513929,-0.0214522685855627,-0.33980125188827515,0.7364357273253261,0.6546879289886893,0.30879409769042343,0.31834898330271244,,0.18987278383084283,-4.007421020123087,25.457293754267315,25.457293754267315,2.231701352731182e-133,61447934.0,24.44357212080934,5.890386672323629e-132,0.4238674219530741,0.2580072241727962,GCST90200048,cancerType_celltype,LUAD_Epi_LUAD,tissue,Tumor,Adjacent,group1_higher,1.662190679657159e-132,3.5059375695969895e-131
29319,3332,0.394221789999486,1.1080408436709284,0.2670470774173736,1.0331767797470093,1.3661822349928017,1.579872707049788,-0.7138190536714424,-0.7661297023296356,,-0.19737712868488347,1.4909292777709005,-25.038435700215548,-25.038435700215548,1.7929172194709848e-128,36255728.5,-24.418833693085997,1.0791085517102092e-131,-0.5137273271060289,-0.25774610468355974,GCST90199914,cancerType_celltype,LUAD_Epi_LUAD,tissue,Tumor,Adjacent,group2_higher,1.228013150823594e-127,6.394891112960935e-131
29319,3332,0.016163105473688943,-0.227452573051112,-0.022834163159132,-0.27277931571006775,0.5861667533676094,0.507884004249811,0.24361567852480093,0.24994515255093575,,0.2125850174107147,-3.8147065223743186,25.803808737232586,25.803808737232586,7.490214863763423e-137,61399310.0,24.34926177468681,5.902782531530565e-131,0.42099582490824095,0.25701175794169084,GCST90200238,cancerType_celltype,LUAD_Epi_LUAD,tissue,Tumor,Adjacent,group1_higher,5.76788862107884e-136,3.4828972253143548e-130
29319,3332,-0.07505244877161214,0.5552375936852897,-0.1648659855127334,0.4092160761356354,1.304957484777267,1.3656852157222947,-0.6302900424569018,-0.5740820616483688,,-0.17093656005422614,2.8871175790863424,-25.35736906319216,-25.35736906319216,8.545446844544965e-132,36303206.0,-24.326747080342653,1.0219611294193164e-130,-0.48066702854937926,-0.25677411044229415,GCST90200988,cancerType_celltype,LUAD_Epi_LUAD,tissue,Tumor,Adjacent,group2_higher,6.195448962295099e-131,6.004021635338484e-130
29319,3332,0.056947372073152834,0.7164007920879378,-0.048416830599308,0.6380500197410583,1.470224643594326,1.4865333759662853,-0.659453420014785,-0.6864668503403664,,-0.13595746376178997,3.6530424395101386,-24.292509892733012,-24.292509892733012,6.462632288702367e-122,36313480.5,-24.306818821638394,1.6605209155578799e-130,-0.4480296542655623,-0.2565637633340454,GCST90200205,cancerType_celltype,LUAD_Epi_LUAD,tissue,Tumor,Adjacent,group2_higher,4.154984815802512e-121,9.713691021053177e-130
29319,3332,0.022685366860537046,-0.19610819765027143,0.0045103835873305,-0.2306119352579116,0.5938624772665992,0.599068123692332,0.21879356451080847,0.2351223188452421,,0.19077681300175114,-3.1117597102254217,19.994978585265937,19.994978585265937,5.906049703739087e-85,61366081.5,24.284812298376092,2.8368676329932725e-130,0.36809414292005666,0.2563314796910272,GCST90200991,cancerType_celltype,LUAD_Epi_LUAD,tissue,Tumor,Adjacent,group1_higher,2.2360960406101043e-84,1.6524147793888162e-129
29319,3332,-0.003780912465149191,0.6366836975982375,-0.0606449320912361,0.4867974668741226,1.3146099573518562,1.3602233963206842,-0.6404646100633867,-0.5474423989653587,,-0.15766265019376685,7.395319308402757,-25.842227167180607,-25.842227167180607,1.749190695835258e-136,36336261.0,-24.262634121904842,4.8644710692579884e-130,-0.48544469631311815,-0.256097384211026,GCST90199659,cancerType_celltype,LUAD_Epi_LUAD,tissue,Tumor,Adjacent,group2_higher,1.3394083811367731e-135,2.821393220169633e-129
29319,3332,-0.09624183469059933,-0.330336686912651,-0.1353599727153778,-0.38949504494667053,0.5686978176036048,0.5302975654873938,0.23409485222205167,0.2541350722312927,,0.19439877034168976,-1.7791905296464656,23.96352999875843,23.96352999875843,3.8590257998098293e-119,61302197.5,24.16090389611195,5.7352365787649777e-129,0.41440078499763666,0.2550235995349741,GCST90199965,cancerType_celltype,LUAD_Epi_LUAD,tissue,Tumor,Adjacent,group1_higher,2.401758979516346e-118,3.312342142735875e-128
29319,3332,-0.11968589719396643,-0.34803082744135616,-0.1854974776506424,-0.42990364134311676,0.651823652198879,0.6018022242662562,0.22834493024738972,0.24440616369247437,,0.19719925518634518,-1.5399540253949717,20.573729685057774,20.573729685057774,9.330168230448735e-90,61300384.0,24.157386460016745,6.244820168065332e-129,0.35298474721703926,0.25498647223137705,GCST90200331,cancerType_celltype,LUAD_Epi_LUAD,tissue,Tumor,Adjacent,group1_higher,3.865355409757333e-89,3.591430332942214e-128
29319,3332,-0.281604923584526,0.1368806778738483,-0.3212213516235351,0.0853042975068092,0.9655845197156435,0.8845072062244623,-0.4184856014583743,-0.4065256491303443,,-0.15990516399666246,-1.0407483320298483,-25.630102167840995,-25.630102167840995,6.441544763281465e-135,36400851.0,-24.13735637313769,1.0137616867084551e-128,-0.43700265535070587,-0.25477505030457903,GCST90200767,cancerType_celltype,LUAD_Epi_LUAD,tissue,Tumor,Adjacent,group2_higher,4.87768084019591e-134,5.805702432704303e-128
29319,3332,-0.41857294097758335,-0.7454703924772692,-0.4950475990772247,-0.7893345654010773,0.7815287065495621,0.6790357776602277,0.32689745149968585,0.2942869663238526,,0.18795066616997985,-0.8326704930454683,25.90716898081868,25.90716898081868,7.558963777609054e-138,61287844.5,24.13306504291401,1.124588518881116e-128,0.4236092548375664,0.25472975438000844,GCST90199993,cancerType_celltype,LUAD_Epi_LUAD,tissue,Tumor,Adjacent,group1_higher,5.887352930789223e-137,6.413448331527034e-128
29319,3332,0.579119346927627,1.2091259190743162,0.4767044484615326,1.1143752932548523,1.3694125893362497,1.395621013597114,-0.6300065721466892,-0.6376708447933197,,-0.189031073280481,1.0620305979195315,-24.739016940790695,-24.739016940790695,4.809733749299648e-126,36408760.5,-24.122015231260093,1.4688479504206785e-128,-0.45915184393325914,-0.2546131212128768,GCST90200357,cancerType_celltype,LUAD_Epi_LUAD,tissue,Tumor,Adjacent,group2_higher,3.1823626700463205e-125,8.34183231843077e-128
29319,3332,0.4091262347105594,0.8550565162169311,0.3785356879234314,0.8139212131500244,0.9428694127350878,0.9716059878203619,-0.4459302815063717,-0.435385525226593,,-0.16485958757851482,1.063471889953908,-25.179719422185162,-25.179719422185162,3.6894726821415494e-130,36422718.5,-24.0949425138535,2.824353584846705e-128,-0.4714641959633283,-0.25432736278794743,GCST90199881,cancerType_celltype,LUAD_Epi_LUAD,tissue,Tumor,Adjacent,group2_higher,2.6328540658423727e-129,1.5973418822182817e-127
29319,3332,-0.019804267998602947,-0.3067155841694557,-0.072609432041645,-0.34239147603511805,0.684941035877261,0.5953196643789687,0.28691131617085275,0.26978204399347305,,0.19521105399269323,-3.952950046673589,25.93689965187486,25.93689965187486,3.884385379088408e-138,61262184.5,24.08329531024076,3.740922476540365e-128,0.4242106155069328,0.25420442401866095,GCST90200425,cancerType_celltype,LUAD_Epi_LUAD,tissue,Tumor,Adjacent,group1_higher,3.0603568044494224e-137,2.1069741055886433e-127
29319,3332,-0.0907592679220246,-0.33992919939365324,-0.1660733968019485,-0.3888923227787018,0.6195147576222882,0.52993406467852,0.24916993147162864,0.2228189259767533,,0.22662385290361425,-1.9051057636497006,25.25084675809354,25.25084675809354,1.468553434277986e-131,61246116.5,24.052130069999382,7.930362254624064e-128,0.40782193220240326,0.2538754681244235,GCST90201002,cancerType_celltype,LUAD_Epi_LUAD,tissue,Tumor,Adjacent,group1_higher,1.0590678999581453e-130,4.448182614424938e-127
29319,3332,0.015309017367307389,-0.29017107513050366,-0.0531241670250892,-0.3790007531642914,0.7661136894255066,0.6983211027292948,0.30548009249781105,0.3258765861392022,,0.23225385290393116,-4.244360863023778,23.683259234101417,23.683259234101417,1.1951814506106969e-116,61233217.0,24.027110402555167,1.4486239417635145e-127,0.4022256454912455,0.2536113800887181,GCST90199830,cancerType_celltype,LUAD_Epi_LUAD,tissue,Tumor,Adjacent,group1_higher,7.11367824097109e-116,8.09210833042488e-127
29319,3332,-0.2896252285990124,0.24281686034200106,-0.3045521676540375,0.17144367098808286,1.225629544480794,1.099712549243665,-0.5324420889410135,-0.47599583864212036,,-0.1514851524615793,-0.2543177168548512,-26.162073398011067,-26.162073398011067,3.4043789413747784e-140,36461303.5,-24.020103654336847,1.7146896764288092e-127,-0.4388084309212559,-0.2535374223361707,GCST90200058,cancerType_celltype,LUAD_Epi_LUAD,tissue,Tumor,Adjacent,group2_higher,2.745661832599895e-139,9.539273587642721e-127
29319,3332,0.015419967841819331,-0.19829481561454881,-0.0659350454807281,-0.2930913120508194,0.6303406019318628,0.6181174140670577,0.21371478345636816,0.2271562665700913,,0.1964034348597462,-3.6846890157271233,18.873790978193508,18.873790978193508,2.6660226186916038e-76,61228214.5,24.017407632185023,1.8296031279287738e-127,0.3397127379551018,0.25350896523553645,GCST90199735,cancerType_celltype,LUAD_Epi_LUAD,tissue,Tumor,Adjacent,group1_higher,9.06181752936822e-76,1.0137191314499668e-126
29319,3332,0.10093167245296254,-0.15075942964706077,0.0820128768682479,-0.1637880429625511,0.6634228718148677,0.5716757290648338,0.2516911021000233,0.245800919830799,,0.21354136869604248,-0.5788645533597715,23.6671671041718,23.6671671041718,1.0912426887132836e-116,61224163.5,24.009550376259092,2.210249029972629e-127,0.3844656822390684,0.2534260301890121,GCST90200498,cancerType_celltype,LUAD_Epi_LUAD,tissue,Tumor,Adjacent,group1_higher,6.523525371562305e-116,1.2196637359727503e-126
29319,3332,-0.11077367421998591,-0.3657182881436428,-0.2031857669353485,-0.4677215665578842,0.7178784352280064,0.7446055531598448,0.2549446139236569,0.2645357996225357,,0.20004849094101956,-1.7231086328777123,18.79603771809415,18.79603771809415,1.201148613318741e-75,61211764.0,23.985500500955823,3.940239051559046e-127,0.3537700386977895,0.25317217852044127,GCST90200713,cancerType_celltype,LUAD_Epi_LUAD,tissue,Tumor,Adjacent,group1_higher,4.0324274875700586e-75,2.1655426722882982e-126
29319,3332,-0.1883091588865069,-0.39198587785503974,-0.2434983998537063,-0.4471738338470459,0.5364715509406128,0.5273200351478871,0.20367671896853284,0.2036754339933396,,0.21768805743762798,-1.0576945274904306,21.089753568669895,21.089753568669895,7.004404042982883e-94,61206708.0,23.975693962826593,4.9869053781487585e-127,0.3803166972018562,0.2530686683759762,GCST90200010,cancerType_celltype,LUAD_Epi_LUAD,tissue,Tumor,Adjacent,group1_higher,3.069775791185103e-93,2.7297799318942803e-126
29319,3332,-0.04628641795129096,-0.2704017155032366,-0.0576764233410358,-0.32374389469623566,0.6720567602583621,0.6153024662889431,0.22411529755194565,0.26606747135519987,,0.17947547024344696,-2.5464176476701974,19.729986334363787,19.729986334363787,5.196714784181842e-83,61169226.0,23.902994464772863,2.8509007970461934e-126,0.3362631415160663,0.2523013093500983,GCST90200024,cancerType_celltype,LUAD_Epi_LUAD,tissue,Tumor,Adjacent,group1_higher,1.930006062899142e-82,1.5543111145495847e-125
29319,3332,-0.04013532509197704,-0.3012770698615259,-0.0752532184123992,-0.3599913865327835,0.633767563739893,0.605803086965927,0.2611417447695489,0.2847381681203843,,0.18430052598157395,-2.9081152287020253,23.466084512256387,23.466084512256387,1.5567919788304387e-114,61161828.0,23.888645420255457,4.019331448045546e-126,0.41387263532994123,0.25214985206197493,GCST90200932,cancerType_celltype,LUAD_Epi_LUAD,tissue,Tumor,Adjacent,group1_higher,8.991133335363931e-114,2.182609069197641e-125
29319,3332,-0.08048729673593853,-0.32406597856372077,-0.143947347998619,-0.40124303102493286,0.6402442825528643,0.601862979753188,0.24357868182778225,0.2572956830263139,,0.19584013604755146,-2.0094410909549496,21.989911935278805,21.989911935278805,1.4245464506672829e-101,61131191.5,23.829223346403392,1.6632269780064155e-125,0.382723890144513,0.2515226391385368,GCST90199897,cancerType_celltype,LUAD_Epi_LUAD,tissue,Tumor,Adjacent,group1_higher,6.934488615212523e-101,8.995945916756922e-125
29319,3332,0.03474138270600078,-0.19878476784581114,0.0011299331672489,-0.23660040646791453,0.6665015105030834,0.5875824556662435,0.23352615055181192,0.23773033963516343,,0.18967655275008327,-2.516445864586087,21.428132951614643,21.428132951614643,6.133337971204074e-97,61131045.0,23.828939197306095,1.6745468187623377e-125,0.35442735439223505,0.25151963988296644,GCST90200768,cancerType_celltype,LUAD_Epi_LUAD,tissue,Tumor,Adjacent,group1_higher,2.786579884917051e-96,9.021372782502239e-125
29319,3332,-0.04911765168534912,-0.3076566436005834,-0.1142963916063308,-0.4364818334579468,0.7045371953378551,0.7340518196632732,0.25853899191523433,0.32218544185161596,,0.19464088948324917,-2.646982971861986,19.34333606272243,19.34333606272243,8.19054703202198e-80,61120835.0,23.809136041788015,2.6860270121293263e-125,0.36537201184122864,0.25131061326607784,GCST90200117,cancerType_celltype,LUAD_Epi_LUAD,tissue,Tumor,Adjacent,group1_higher,2.961197773115639e-79,1.4413601643827841e-124
29319,3332,-0.18811990781021376,-0.5465930934004485,-0.2177055180072784,-0.5572246313095093,0.793562537254475,0.7797439496732829,0.3584731855902347,0.3395191133022309,,0.19564466438082578,-1.5388096706072403,25.101088179610997,25.101088179610997,1.4028209726869201e-129,61082995.0,23.73574217256137,1.542347799548757e-124,0.4525241003292823,0.2505359250013317,GCST90200569,cancerType_celltype,LUAD_Epi_LUAD,tissue,Tumor,Adjacent,group1_higher,9.805358901396267e-129,8.24400019915669e-124
29319,3332,0.12069778726087897,0.44730343023778496,0.0747060328722,0.45775045454502106,0.7536623285804751,0.7943954762577188,-0.326605642976906,-0.38304442167282104,,-0.15660147205554403,1.8898458668279186,-22.604315306774673,-22.604315306774673,1.2365777782163083e-106,36650539.5,-23.653064483169466,1.0976770374798375e-123,-0.4309245487262505,-0.24966324399400608,GCST90199923,cancerType_celltype,LUAD_Epi_LUAD,tissue,Tumor,Adjacent,group2_higher,6.360209478146521e-106,5.844272664394604e-123
29319,3332,-0.0776811942940559,-0.36907644576323473,-0.1012953147292137,-0.4230067878961563,0.68452670703727,0.6540299753848227,0.29139525146917883,0.3217114731669426,,0.2070752236852064,-2.248267719172115,24.252646398993114,24.252646398993114,1.0002901896217878e-121,60960340.5,23.497843432258524,4.2912506240604465e-122,0.4275931614386676,0.24802485201591118,GCST90200372,cancerType_celltype,LUAD_Epi_LUAD,tissue,Tumor,Adjacent,group1_higher,6.400917973964774e-121,2.27586560334412e-121
29319,3332,0.019015019208087614,-0.29701409015795727,-0.044434554874897,-0.3820686340332031,0.8055429237996955,0.7288559231516581,0.3160291093660449,0.3376340791583061,,0.18287591128837322,-3.965249059724319,23.45365257133502,23.45365257133502,1.3781162131863827e-114,60842847.0,23.269954886434505,8.935578250537637e-120,0.39599836778660913,0.24561943881205406,GCST90200332,cancerType_celltype,LUAD_Epi_LUAD,tissue,Tumor,Adjacent,group1_higher,7.99307403648102e-114,4.7206175021251165e-119
29319,3332,0.13337557787677431,-0.21191300921650055,0.0912706777453422,-0.2691692113876343,0.8517367392387412,0.7407116451406524,0.34528858709327487,0.3604398891329765,,0.19811183354634204,-0.6679736260041393,25.08914805294919,25.08914805294919,6.110398928479293e-130,60775936.0,23.140175362549087,1.8257393204555955e-118,0.4105294989740119,0.24424958768936822,GCST90200841,cancerType_celltype,LUAD_Epi_LUAD,tissue,Tumor,Adjacent,group1_higher,4.315271367625532e-129,9.60804128872964e-118
29319,3332,0.1896808888872402,0.6278037214553298,0.1278370320796966,0.5628370344638824,1.020806412921542,1.0145367691452436,-0.4381228325680896,-0.43500000238418585,,-0.15059883046778302,1.72673394423616,-23.606541640813,-23.606541640813,1.0813017761803142e-115,36971178.0,-23.031159088401285,2.272357732685472e-117,-0.42946123494075433,-0.24309889718703404,GCST90200168,cancerType_celltype,LUAD_Epi_LUAD,tissue,Tumor,Adjacent,group2_higher,6.380148575470858e-115,1.1912398421731915e-116
29319,3332,0.16007797853585348,-0.09560238449361272,0.1339227706193924,-0.12163295969367025,0.6582363529591866,0.6240514781942514,0.2556803630294662,0.25555573031306267,,0.1813849643638163,0.7436502689006559,22.283106980126114,22.283106980126114,4.3941918128345904e-104,60693329.0,22.979952123775156,7.397041210794601e-117,0.3904527941634958,0.2425583965295932,GCST90200121,cancerType_celltype,LUAD_Epi_LUAD,tissue,Tumor,Adjacent,group1_higher,2.1938767182760242e-103,3.862899298970514e-116
29319,3332,0.1290402349277356,-0.07171017298088347,0.1155639365315437,-0.08102467656135555,0.5248527969055814,0.5216929568600649,0.20075040790861906,0.19658861309289927,,0.1594907300313739,0.847562329211155,21.035421031317252,21.035421031317252,2.0703983157998474e-93,60665506.0,22.925987070300184,2.558690089578795e-116,0.3827234193034298,0.24198878364402132,GCST90200426,cancerType_celltype,LUAD_Epi_LUAD,tissue,Tumor,Adjacent,group1_higher,9.015823975831283e-93,1.3311048061434726e-115
29319,3332,-0.7042572084039531,-0.2359890123257179,-0.7485384345054626,-0.27090688049793243,1.1653735161820997,1.01154327344366,-0.4682681960782352,-0.4776315540075302,,-0.1610895159772454,-1.577378671373449,-24.90893584283761,-24.90893584283761,3.119186655609199e-128,37038352.0,-22.900869453849733,4.554511053102216e-116,-0.4069697866532002,-0.2417236617352354,GCST90200448,cancerType_celltype,LUAD_Epi_LUAD,tissue,Tumor,Adjacent,group2_higher,2.115149956017581e-127,2.360379682653354e-115
29319,3332,0.5536483209520887,1.1501637560061277,0.4463489949703216,1.0927868485450745,1.40675180560953,1.3871380864532226,-0.596515435054039,-0.6464378535747528,,-0.15527484568625355,1.0547961616854482,-23.48824900766805,-23.48824900766805,1.2042035203586318e-114,37045879.0,-22.88627020295996,6.366070658808548e-116,-0.4246376938945421,-0.24156956346439118,GCST90199728,cancerType_celltype,LUAD_Epi_LUAD,tissue,Tumor,Adjacent,group2_higher,7.014228197644509e-114,3.2867251166500194e-115
29319,3332,1.0179486171566645,0.47209536115664624,0.968230366706848,0.4140022397041321,1.3576312812459979,1.0599921241646342,0.5458532560000182,0.554228127002716,,0.17889744228075913,1.108512889767189,27.2900810975631,27.2900810975631,2.794705797586755e-152,60639172.5,22.87491102761308,8.259645209247208e-116,0.4103176509009763,0.24144966489614372,GCST90199621,cancerType_celltype,LUAD_Epi_LUAD,tissue,Tumor,Adjacent,group1_higher,2.8216177793412942e-151,4.2482628000769605e-115
29319,3332,-0.23217026519128967,-0.5434330133547238,-0.2753881216049194,-0.6021664142608643,0.73319051838952,0.7304519744366051,0.31126274816343413,0.3267782926559449,,0.18463407976446003,-1.2269154389104784,23.299569906272854,23.299569906272854,6.382812070502623e-113,60627880.0,22.85300827210986,1.3641541510311943e-115,0.4246934461159128,0.24121847654440876,GCST90200062,cancerType_celltype,LUAD_Epi_LUAD,tissue,Tumor,Adjacent,group1_higher,3.536493029306941e-112,6.990007924268864e-115
29319,3332,-0.0006307693341306805,-0.20965088264641207,-0.0511131547391414,-0.29324083030223846,0.6135159384227347,0.5939096686808617,0.2090201133122814,0.24212767556309706,,0.15909127992480754,-8.374382159260767,19.185112727695845,19.185112727695845,1.0849154180962385e-78,60621751.5,22.84112152983831,1.7907419432296499e-115,0.3417905702992962,0.24109300939244016,GCST90200019,cancerType_celltype,LUAD_Epi_LUAD,tissue,Tumor,Adjacent,group1_higher,3.850884674128055e-78,9.14150287873413e-115
29319,3332,0.05812407695292664,-0.2148869315578402,0.0355542227625846,-0.2670539617538452,0.7160956447005783,0.6373630633765489,0.2730110085107668,0.3026081845164298,,0.1957767458122737,-1.8863518347979145,23.12254835306777,23.12254835306777,1.1751450540577969e-111,60579193.0,22.758575732177576,1.1801991637184845e-114,0.38535627180425125,0.24022172053104462,GCST90200746,cancerType_celltype,LUAD_Epi_LUAD,tissue,Tumor,Adjacent,group1_higher,6.4068908347231085e-111,6.002281567717517e-114
29319,3332,-0.023166010175441756,0.31697800651313535,-0.0752371475100517,0.2788073420524597,0.8099857258691363,0.8129196677211453,-0.3401440166885771,-0.35404448956251144,,-0.15928557388812203,3.7742435200424143,-22.895691211843346,-22.895691211843346,2.6183688781583565e-109,37132066.5,-22.71910228266473,2.9008183306656567e-114,-0.4197829001112513,-0.23980506967956527,GCST90200765,cancerType_celltype,LUAD_Epi_LUAD,tissue,Tumor,Adjacent,group2_higher,1.388652443941572e-108,1.4698198456123753e-113
29319,3332,0.19044958223349698,-0.10784308258262128,0.1354788243770599,-0.15203972905874252,0.7864237206617525,0.6728490839258812,0.29829266481611827,0.28751855343580246,,0.21614947885832558,0.8204696805991429,23.808896910507876,23.808896910507876,5.184065953134729e-118,60552515.0,22.706831502705363,3.83525861265129e-114,0.3845967360407741,0.23967554892621123,GCST90199927,cancerType_celltype,LUAD_Epi_LUAD,tissue,Tumor,Adjacent,group1_higher,3.1264964133286e-117,1.9360953663124847e-113
29319,3332,0.3636769399830592,-0.07948207482969848,0.3070626258850097,-0.15091718733310694,1.0786573813873264,1.0048128823871405,0.4431590148127577,0.45797981321811665,,0.15080889853179155,2.1939418273646836,23.938805014254953,23.938805014254953,6.459883472520495e-119,60552390.0,22.706589054670125,3.856471710078035e-114,0.4136428634955005,0.23967298983442764,GCST90200530,cancerType_celltype,LUAD_Epi_LUAD,tissue,Tumor,Adjacent,group1_higher,4.00219144229338e-118,1.9396202733713513e-113
29319,3332,-0.0008338442315159594,-0.23517269754557157,-0.0212136823683977,-0.2917860150337219,0.6633378245230959,0.6184176204060374,0.23433885331405563,0.2705723326653242,,0.19140486026383788,-8.138003959948591,20.569819915352372,20.569819915352372,1.046548421048948e-89,60544252.5,22.690805687576262,5.521818407429911e-114,0.3556542345882577,0.23950639295931198,GCST90200037,cancerType_celltype,LUAD_Epi_LUAD,tissue,Tumor,Adjacent,group1_higher,4.3225621148173214e-89,2.766999444605503e-113
29319,3332,-0.04765272000196187,-0.24071991508073207,-0.08822563290596,-0.26967786252498627,0.5336487693770255,0.5779170425154811,0.19306719507877018,0.18145222961902627,,0.1816049728399904,-2.336700751042669,18.41244360699194,18.41244360699194,9.721808143893706e-73,60515132.5,22.63432499328768,1.9909305453257036e-113,0.35863964094592354,0.23891022693739328,GCST90199880,cancerType_celltype,LUAD_Epi_LUAD,tissue,Tumor,Adjacent,group1_higher,3.170053708164383e-72,9.940067154867891e-113
29319,3332,0.3687048719772127,-0.1319331717733753,0.3150752782821655,-0.24288380146026606,1.216415180935138,1.1648962048306435,0.500638043750588,0.5579590797424316,,0.18103171394450038,1.482652112846052,23.400288647720764,23.400288647720764,6.1780766274794795e-114,60512463.0,22.62914727304718,2.238958562558383e-113,0.4133202678541465,0.2388555749732615,GCST90199960,cancerType_celltype,LUAD_Epi_LUAD,tissue,Tumor,Adjacent,group1_higher,3.508632684689388e-113,1.113759314148568e-112
29319,3332,0.11279430520041804,-0.22364743660782135,0.0552521832287311,-0.3009670227766037,0.8180518858707873,0.7678236084987938,0.3364417418082394,0.3562192060053348,,0.1784882978116085,-0.9875256526550993,23.804203614385358,23.804203614385358,1.1660640175478217e-117,60511885.5,22.62802716312439,2.2965468894262792e-113,0.41379209842366826,0.23884375196922103,GCST90200984,cancerType_celltype,LUAD_Epi_LUAD,tissue,Tumor,Adjacent,group1_higher,7.001520951179212e-117,1.138252149195643e-112
29319,3332,0.016029017475569163,-0.17593035226781764,-0.0068463585339486,-0.22099972516298289,0.5850952245688867,0.5336658774562467,0.19195936974338682,0.21415336662903428,,0.17977735568625586,-3.4561647012446324,19.475444853226843,19.475444853226843,5.055693777017952e-81,60507581.0,22.619678222583,2.7750241221535754e-113,0.33093186096326843,0.23875562708455944,GCST90199867,cancerType_celltype,LUAD_Epi_LUAD,tissue,Tumor,Adjacent,group1_higher,1.8573883067588865e-80,1.370419521193958e-112
29319,3332,0.4807783938897319,1.0538206699176826,0.426588624715805,1.0196945667266846,1.338038425200037,1.3269536319740822,-0.5730422760279508,-0.5931059420108795,,-0.14346468268280288,1.132183782656206,-23.601428654885847,-23.601428654885847,1.186183244381789e-115,37198467.0,-22.590312916555217,5.396529444638974e-113,-0.4286313523803804,-0.23844566988772387,GCST90199957,cancerType_celltype,LUAD_Epi_LUAD,tissue,Tumor,Adjacent,group2_higher,6.968826560743011e-115,2.655404199654484e-112
29319,3332,0.22266924822873252,-0.1377555560375644,0.1751011312007904,-0.2086994722485542,0.9120140603733212,0.8725903414020376,0.3604248042662969,0.38380060344934464,,0.15421294969460192,0.6927878269247632,22.487703667406088,22.487703667406088,7.660357872443396e-106,60471793.5,22.550265350094932,1.3348561382844905e-112,0.3969128958822064,0.23802295910690074,GCST90200621,cancerType_celltype,LUAD_Epi_LUAD,tissue,Tumor,Adjacent,group1_higher,3.910512277206123e-105,6.54463639022216e-112
29319,3332,0.022876451905299848,0.3763865659577631,-0.064610868692398,0.32953935861587524,0.9644903749049671,0.8761026694223251,-0.35351011405246324,-0.39415022730827326,,-0.14926046122608372,4.040220690575852,-21.83629434131978,-21.83629434131978,2.452528131507261e-100,37234437.5,-22.52054510014356,2.611422399116614e-112,-0.3698395935657908,-0.2377092553996939,GCST90200026,cancerType_celltype,LUAD_Epi_LUAD,tissue,Tumor,Adjacent,group2_higher,1.1770407898747876e-99,1.2757594014322384e-111
29319,3332,-0.02633183116201858,-0.2157877581540983,-0.0733644887804985,-0.2914094775915146,0.5495848047307224,0.5221531650740234,0.18945592699207975,0.21804498881101608,,0.19816756547816827,-3.034685161857881,19.73843249853476,19.73843249853476,5.0995990075341634e-83,60456249.0,22.520115482225123,2.636860994393338e-112,0.3464500767642249,0.23770472068905324,GCST90200070,cancerType_celltype,LUAD_Epi_LUAD,tissue,Tumor,Adjacent,group1_higher,1.899112963734717e-82,1.2835862626278999e-111
29319,3332,-0.09869345621398838,0.20842918323760737,-0.1434465646743774,0.1555931121110916,0.705731226005876,0.7416552963609546,-0.30712263945159574,-0.29903967678546906,,-0.16784211309798874,1.078523258458069,-22.761111206630414,-22.761111206630414,5.159586746236279e-108,37244809.0,-22.50042870176396,4.1107895263611364e-112,-0.4328843273035625,-0.237496922436221,GCST90200112,cancerType_celltype,LUAD_Epi_LUAD,tissue,Tumor,Adjacent,group2_higher,2.704814128892326e-107,1.99395235744848e-111
29319,3332,-0.40154650107526413,0.04716324245092925,-0.4820012748241424,-0.06541996076703066,1.0413528536643162,1.06647296274911,-0.44870974352619336,-0.41658131405711174,,-0.17031871645914395,-3.08980526097473,-23.06898876192507,-23.06898876192507,8.56583973896408e-111,37280852.5,-22.430519295699725,1.9831322580142758e-111,-0.42982190294934014,-0.2367590134385894,GCST90201018,cancerType_celltype,LUAD_Epi_LUAD,tissue,Tumor,Adjacent,group2_higher,4.614719195339147e-110,9.585139247068999e-111
29319,3332,0.8419757964937303,1.4878264968327803,0.7451137900352478,1.3975272178649902,1.576496146131009,1.5032014435743686,-0.64585070033905,-0.6524134278297424,,-0.1745567107219656,0.8213548851352155,-23.38252119480204,-23.38252119480204,8.678064294102382e-114,37307980.0,-22.377903223092805,6.461350323479308e-111,-0.41158612121517174,-0.2362036393397019,GCST90199778,cancerType_celltype,LUAD_Epi_LUAD,tissue,Tumor,Adjacent,group2_higher,4.887686625149399e-113,3.111950703499045e-110
29319,3332,0.2553166606277145,0.01040469106741804,0.2369629442691803,-0.05856458283960815,0.6743327430697612,0.6255875270601453,0.24491196956029648,0.29552752710878843,,0.18887527453961275,4.616848647859576,21.239398743609897,21.239398743609897,3.053814335972551e-95,60371275.0,22.355301247455962,1.0722820471013212e-110,0.36580116070422625,0.23596507056726312,GCST90200364,cancerType_celltype,LUAD_Epi_LUAD,tissue,Tumor,Adjacent,group1_higher,1.3691937302403247e-94,5.1461986978841583e-110
29319,3332,-0.41164508178491743,-0.7479239906064571,-0.4362275600433349,-0.7832371890544891,0.8165014307078567,0.7941654618290264,0.33627890882153966,0.34700962901115423,,0.19836512973135836,-0.8614890954954557,23.094422975515396,23.094422975515396,3.748873144766526e-111,60334411.5,22.28380138228058,5.3059280983618014e-110,0.41299186716698677,0.23521037392753064,GCST90200165,cancerType_celltype,LUAD_Epi_LUAD,tissue,Tumor,Adjacent,group1_higher,2.0276643239352282e-110,2.537536841427065e-109
29319,3332,-0.319168403654798,0.1388595802043793,-0.3728768527507782,0.0930935069918632,1.1322423477829588,1.0719036731668363,-0.4580279838591773,-0.4659703597426414,,-0.1598434727508144,-1.2006852533690078,-23.236200419785103,-23.236200419785103,1.7079694663400414e-112,37380362.0,-22.237512233601176,1.4899424964120396e-109,-0.40668974310110534,-0.23472178188782933,GCST90200455,cancerType_celltype,LUAD_Epi_LUAD,tissue,Tumor,Adjacent,group2_higher,9.386945091215631e-112,7.100670009124511e-109
29319,3332,-0.23351639011338382,-0.46765343917210817,-0.2976258099079132,-0.5137923955917358,0.6331320134369184,0.573910077308865,0.23413704905872434,0.21616658568382263,,0.18103315555303073,-1.0019128904022916,22.07233719018288,22.07233719018288,2.2719318147411984e-102,60305651.5,22.228018938333477,1.8408455615786163e-109,0.3732183266406781,0.23462157808994877,GCST90199658,cancerType_celltype,LUAD_Epi_LUAD,tissue,Tumor,Adjacent,group1_higher,1.1179216835712106e-101,8.742412893490083e-109
29319,3332,-0.4158974769570061,0.018394159502288652,-0.4669815003871918,-0.009287430904805601,1.0737199502307084,1.032807476335592,-0.43429163645929475,-0.45769406948238617,,-0.16190234046626997,-4.498833310847042,-22.906454626076734,-22.906454626076734,1.638117967980378e-109,37393017.5,-22.212965824721742,2.5738100697270233e-109,-0.4060251560791629,-0.2344626891992856,GCST90200673,cancerType_celltype,LUAD_Epi_LUAD,tissue,Tumor,Adjacent,group2_higher,8.755901138655903e-109,1.2180913628603932e-108
29319,3332,-0.01413069253159638,-0.30435281888194554,-0.0507916510105133,-0.3460257351398468,0.714629558100137,0.6780081638445178,0.29022212635034916,0.2952340841293335,,0.17688158856977454,-4.4287432976051315,23.2825081083325,23.2825081083325,6.656398687641556e-113,60251421.0,22.122834312934543,1.9057544477063945e-108,0.4082003055647778,0.23351133147416347,GCST90199666,cancerType_celltype,LUAD_Epi_LUAD,tissue,Tumor,Adjacent,group1_higher,3.673146320346332e-112,8.988039142642961e-108
29319,3332,0.14934597576072264,-0.08803070707769575,0.1108822450041771,-0.13829214870929715,0.6780186531267915,0.6269785027764069,0.2373766828384184,0.24917439371347425,,0.17560493938930713,0.7625728743550597,20.532488845021916,20.532488845021916,2.035095631925651e-89,60249856.0,22.119798863533386,2.038395060271326e-108,0.3527201894095198,0.23347929164503212,GCST90199653,cancerType_celltype,LUAD_Epi_LUAD,tissue,Tumor,Adjacent,group1_higher,8.354925741911634e-89,9.580456783275232e-108
29319,3332,-0.033545412522283186,-0.26558738693216094,-0.071632370352745,-0.34140571951866144,0.650959157922648,0.6160462884859849,0.23204197440987775,0.26977334916591644,,0.18735320187711701,-2.9849616681203477,20.481625491840823,20.481625491840823,5.802638668868034e-89,60248754.5,22.117662411446886,2.137238485583005e-108,0.35837515583996316,0.23345674092823465,GCST90200405,cancerType_celltype,LUAD_Epi_LUAD,tissue,Tumor,Adjacent,group1_higher,2.3399397945760743e-88,1.0010501910136206e-107
29319,3332,0.20798708883097292,-0.05593854681902318,0.1930090337991714,-0.10538659989833826,0.7132562495615674,0.6498928927278557,0.2639256356499961,0.29839563369750965,,0.18906717078662266,1.8945604384069528,21.98535895675191,21.98535895675191,1.3134384430816052e-101,60235442.5,22.091842665486393,3.786404805088858e-108,0.37327624128012954,0.2331842078896431,GCST90200187,cancerType_celltype,LUAD_Epi_LUAD,tissue,Tumor,Adjacent,group1_higher,6.416546945950636e-101,1.7674211470329155e-107
29319,3332,-0.36316168072520055,-0.6550977459359195,-0.3911019265651703,-0.7108634114265442,0.7320643071924838,0.7316619694448524,0.29193606521071896,0.3197614848613739,,0.16411423808812306,-0.8510964306447133,21.82386777951559,21.82386777951559,5.116614598814352e-100,60234722.5,22.090446164803435,3.905282893539461e-108,0.3988070838431241,0.23316946752096923,GCST90200162,cancerType_celltype,LUAD_Epi_LUAD,tissue,Tumor,Adjacent,group1_higher,2.4384425518125744e-99,1.8166896190765478e-107
29319,3332,0.02034836997030304,-0.18013602454517996,0.0082369381561875,-0.20304465293884275,0.5870203099944289,0.5732834611140316,0.200484394515483,0.21128159109503025,,0.16816635634993662,-3.1460387031811248,19.0817390188305,19.0817390188305,6.900906442547697e-78,60219479.0,22.060880111802472,7.510892401189956e-108,0.3423376038343697,0.23285739139613693,GCST90200831,cancerType_celltype,LUAD_Epi_LUAD,tissue,Tumor,Adjacent,group1_higher,2.4179782728001313e-77,3.482090592796568e-107
29319,3332,-0.01816309836337091,0.3818273093747608,-0.0710608959197998,0.3413495868444443,0.9427687996735005,0.9886938165847328,-0.3999904077381317,-0.4124104827642441,,-0.16049105268332103,4.393762410893122,-22.232422335755828,-22.232422335755828,2.0346044628926007e-103,37514915.0,-21.976535349720287,4.8295183199764204e-107,-0.4221284061476182,-0.23196711407370685,GCST90199988,cancerType_celltype,LUAD_Epi_LUAD,tissue,Tumor,Adjacent,group2_higher,1.0047702474357301e-102,2.231401176314529e-106
29319,3332,0.05003055637491825,-0.17376669409259302,0.0124448649585247,-0.18465586751699445,0.6326315737307618,0.5490905358843347,0.22379725046751126,0.19710073247551915,,0.1809673939976098,-1.7962496520709186,21.930691653588564,21.930691653588564,2.932624961130985e-101,60146416.0,21.919168265414882,1.7054839345698446e-106,0.3582932296893368,0.23136159201222695,GCST90200926,cancerType_celltype,LUAD_Epi_LUAD,tissue,Tumor,Adjacent,group1_higher,1.4174353978799763e-100,7.853292577090196e-106
29319,3332,-0.0040035619721523336,0.3023461042769724,-0.068642683327198,0.2677709609270095,0.8031708252287322,0.769100828528662,-0.30634966624912474,-0.3364136442542075,,-0.15680802429057628,6.238417505360268,-21.687795805902564,-21.687795805902564,5.95507149561745e-99,37567757.5,-21.874042867304613,4.59052425975143e-106,-0.3830513583707164,-0.23088528361308713,GCST90200607,cancerType_celltype,LUAD_Epi_LUAD,tissue,Tumor,Adjacent,group2_higher,2.808568321289476e-98,2.1066951400812118e-105
29319,3332,-0.12559267682068204,0.22201888384154067,-0.1984092593193054,0.16767458617687225,0.8057990378932467,0.8909625475098001,-0.3476115606622227,-0.3660838454961777,,-0.1864243171602336,0.8219250567715406,-21.54196754165021,-21.54196754165021,1.9222859599968152e-97,37568946.0,-21.87173767138559,4.828425759458032e-106,-0.42657188846134053,-0.23086095176840815,GCST90200856,cancerType_celltype,LUAD_Epi_LUAD,tissue,Tumor,Adjacent,group2_higher,8.881612757544608e-97,2.2084376879668784e-105
29319,3332,-0.16983693604009614,-0.36703406758715573,-0.2410012036561966,-0.4668586552143097,0.6135062227162723,0.6292728315070103,0.1971971315470596,0.2258574515581131,,0.18704391456644107,-1.1117591648181062,17.18461237691063,17.18461237691063,5.846427454532122e-64,60113520.0,21.85536370087789,6.912002673377787e-106,0.32057624971136606,0.23068812094570768,GCST90200145,cancerType_celltype,LUAD_Epi_LUAD,tissue,Tumor,Adjacent,group1_higher,1.691864250642735e-63,3.150856068165192e-105
29319,3332,0.10374872813076375,0.5485011860431657,0.0025572848971933,0.42003414034843445,1.0514865088386511,1.1065408534254644,-0.4447524579124019,-0.41747685545124114,,-0.17535998360972133,2.402389814490193,-22.094828673819087,-22.094828673819087,3.1555617396712782e-102,37579927.0,-21.850439096386175,7.699079132449196e-106,-0.42067522157233866,-0.23063614067339822,GCST90200902,cancerType_celltype,LUAD_Epi_LUAD,tissue,Tumor,Adjacent,group2_higher,1.547133327759695e-101,3.4979482858427515e-105
29319,3332,-0.06492877203516066,0.4320743320746688,-0.1654867827892303,0.34406159818172455,1.3062476789545907,1.2446984894443682,-0.49700310410982945,-0.5095483809709549,,-0.16134984494109364,2.7343308180684867,-21.7289914247709,-21.7289914247709,2.5953015797463013e-99,37676437.5,-21.663248847549013,4.559291402803417e-104,-0.3822801935340014,-0.22866030685271144,GCST90200363,cancerType_celltype,LUAD_Epi_LUAD,tissue,Tumor,Adjacent,group2_higher,1.2282625184702113e-98,2.064556206651514e-103
29319,3332,-0.5617796208720105,-0.04688913674858466,-0.5849102735519409,-0.0699330456554889,1.4268007155056415,1.2348557488640006,-0.5148904841234259,-0.5149772278964521,,-0.14536602665750784,-3.582650466661515,-22.427311046069544,-22.427311046069544,1.406189643525801e-105,37731700.0,-21.55606257117117,4.64494555181341e-103,-0.3655811444094884,-0.22752893237516025,GCST90200202,cancerType_celltype,LUAD_Epi_LUAD,tissue,Tumor,Adjacent,group2_higher,7.125042691916977e-105,2.0963777440800258e-102
29319,3332,-0.07548681757968217,-0.279634235858074,-0.1156985312700271,-0.3431459218263626,0.6149731301484366,0.5899039378073562,0.20414741827839183,0.2274473905563355,,0.17322974290348866,-1.8892304186663031,18.846314521880384,18.846314521880384,4.0373930431785754e-76,59955988.5,21.549818079575633,5.315649964659781e-103,0.333322334946546,0.22746302040718058,GCST90200622,cancerType_celltype,LUAD_Epi_LUAD,tissue,Tumor,Adjacent,group1_higher,1.3655004262661037e-75,2.3911653141357366e-102
29319,3332,-0.14329694366688714,0.1269360431005032,-0.2232127785682678,0.10475114732980725,0.7605357691247256,0.7232930487469703,-0.2702329867673903,-0.32796392589807505,,-0.15023591998602426,-0.174904765329975,-20.327063897930863,-20.327063897930863,1.0514080077557596e-87,37736534.0,-21.546686620752524,5.687537960543332e-103,-0.3570637242592645,-0.22742996717770292,GCST90200098,cancerType_celltype,LUAD_Epi_LUAD,tissue,Tumor,Adjacent,group2_higher,4.141818250205492e-87,2.5500375790199214e-102
29319,3332,0.05968645017086696,-0.3914899944991098,-0.0054439767263829,-0.46176436543464655,1.1814439317603207,1.0790238757393606,0.45117644466997675,0.45632038870826364,,0.1503016936179774,-2.7134795927228392,22.642892440733817,22.642892440733817,2.5304108394236825e-107,59944293.0,21.52713367160681,8.673666153816088e-103,0.38515842354586366,0.22722358154353528,GCST90200012,cancerType_celltype,LUAD_Epi_LUAD,tissue,Tumor,Adjacent,group1_higher,1.316393119898656e-106,3.8761334320168285e-102
29319,3332,0.3147764519776482,0.6764627079732343,0.2666354775428772,0.641097217798233,0.9259838639060632,0.9326237520493991,-0.36168625599558607,-0.37446174025535583,,-0.15448880785791977,1.1036803342772896,-21.228485087972867,-21.228485087972867,5.471596805762541e-95,37823202.0,-21.378586730209843,2.114403191212208e-101,-0.39031025366658517,-0.2256556362440607,GCST90199767,cancerType_celltype,LUAD_Epi_LUAD,tissue,Tumor,Adjacent,group2_higher,2.437185113155014e-94,9.418076959549801e-101
29319,3332,0.05206305685645205,-0.20853414107687615,0.0154254287481307,-0.2572180926799774,0.7027858635919545,0.6155032591206743,0.2605971979333282,0.2726435214281081,,0.18847109366484177,-2.001930881643461,22.808147731416813,22.808147731416813,6.680843860212774e-109,59862243.5,21.36799175107003,2.653065333554337e-101,0.3752928227744921,0.22554380393311524,GCST90200606,cancerType_celltype,LUAD_Epi_LUAD,tissue,Tumor,Adjacent,group1_higher,3.529453558709306e-108,1.177891872845134e-100
29319,3332,-0.123544586641489,0.4632293233109155,-0.2524076700210571,0.42777554690837855,1.5527301926244552,1.482366692452148,-0.5867739099524045,-0.6801832169294356,,-0.15363878382639445,1.90668622112811,-21.545221052513888,-21.545221052513888,9.452264500107147e-98,37834582.5,-21.35651329128982,3.392124568340432e-101,-0.3796174052414267,-0.22542264629171016,GCST90200158,cancerType_celltype,LUAD_Epi_LUAD,tissue,Tumor,Adjacent,group2_higher,4.412135792344534e-97,1.5011252554051976e-100
29319,3332,-0.23041868623397757,-0.45583534838965345,-0.2959776520729065,-0.5081395506858826,0.6136830592982224,0.5157255720264499,0.22541666215567588,0.21216189861297607,,0.1866017483087261,-0.9842519889393276,23.416335039543327,23.416335039543327,1.7243300075012384e-114,59814953.0,21.2762678405874,1.8835583901864997e-100,0.37294911629615146,0.22457563809315806,GCST90200057,cancerType_celltype,LUAD_Epi_LUAD,tissue,Tumor,Adjacent,group1_higher,9.875049580773899e-114,8.308382154770871e-100
29319,3332,-0.2831515918792988,0.11648470643684018,-0.3590906858444214,0.07751270011067385,1.165708280237353,0.9832334199832786,-0.39963629831613895,-0.43660338595509524,,-0.12863456994461417,-1.2814267982500018,-21.78611931125068,-21.78611931125068,4.314978763630401e-100,37886835.0,-21.25516516360046,2.9532736498593676e-100,-0.3479878471199135,-0.2243528947443093,GCST90199684,cancerType_celltype,LUAD_Epi_LUAD,tissue,Tumor,Adjacent,group2_higher,2.0636196683607845e-99,1.2984877370188121e-99
29319,3332,-0.06810157754939053,-0.2483224920309422,-0.1180092692375183,-0.3278891295194626,0.5932616640713978,0.5939959437523595,0.18022091448155167,0.20987986028194427,,0.1387529217767139,-1.866439443004276,16.597982356995306,16.597982356995306,6.103989567372046e-60,59802545.0,21.25220147881773,3.14571847628023e-100,0.30374143163807804,0.22432161240634585,GCST90199911,cancerType_celltype,LUAD_Epi_LUAD,tissue,Tumor,Adjacent,group1_higher,1.6944476131014458e-59,1.3786541103440366e-99
29319,3332,0.48504298267642476,0.9607104946548263,0.4301690757274627,0.9036718904972076,1.2142461953754389,1.1648279926656748,-0.4756675119784015,-0.47350281476974493,,-0.14862152230931436,0.9859876756764262,-22.23867024656562,-22.23867024656562,1.1382254750486478e-103,37902407.5,-21.224960987370757,5.61739845679458e-100,-0.3933422279954065,-0.22403408308990225,GCST90200459,cancerType_celltype,LUAD_Epi_LUAD,tissue,Tumor,Adjacent,group2_higher,5.641459354513843e-103,2.454010928400966e-99
29319,3332,-0.36111130806633673,0.03218719402252509,-0.4234614670276642,-0.0327213145792484,1.0398740856995323,0.9564989539772569,-0.3932985020888618,-0.39074015244841576,,-0.12989550408850542,-3.4878440544444693,-22.285482457300553,-22.285482457300553,3.526875070273257e-104,37912470.5,-21.205442950742114,8.506781574543342e-100,-0.3812227114855199,-0.22382806596495142,GCST90200547,cancerType_celltype,LUAD_Epi_LUAD,tissue,Tumor,Adjacent,group2_higher,1.7738489744584685e-103,3.704390826230855e-99
29319,3332,-0.08490961163150533,0.4955863746367251,-0.1203574538230896,0.33665822446346283,1.299778344894781,1.430949551112278,-0.5804959862682304,-0.45701567828655243,,-0.15488282388558344,2.5451226647456533,-22.390570960153806,-22.390570960153806,1.0999052571429651e-104,37930407.5,-21.17065262747789,1.7807815256730997e-99,-0.4418581034276156,-0.2234608465303649,GCST90199701,cancerType_celltype,LUAD_Epi_LUAD,tissue,Tumor,Adjacent,group2_higher,5.552484686984672e-104,7.729952928319857e-99
29319,3332,0.0022189644880170204,-0.194428674301256,-0.0355883911252021,-0.2532244771718979,0.5918809968708622,0.5501439517093184,0.19664763878927302,0.2176360860466958,,0.17078881074610333,-6.45256801445716,19.396756514821842,19.396756514821842,2.2090889219034256e-80,59755886.5,21.161703385601257,2.1530695187069034e-99,0.33457213220602494,0.22336638533444697,GCST90199979,cancerType_celltype,LUAD_Epi_LUAD,tissue,Tumor,Adjacent,group1_higher,8.050770589717564e-80,9.316297631738125e-99
29319,3332,-0.28879055063224474,0.19302316192681632,-0.3507536649703979,0.11929618939757344,1.20177119814694,1.1671996962771705,-0.481813712559061,-0.4700498543679713,,-0.1322571593222859,-0.5812470838471842,-22.51047957218065,-22.51047957218065,5.27414263233922e-106,37941043.5,-21.150023209055725,2.758117481837062e-99,-0.40208448268367186,-0.22324309852867785,GCST90199885,cancerType_celltype,LUAD_Epi_LUAD,tissue,Tumor,Adjacent,group2_higher,2.7025024089768257e-105,1.1896563695392138e-98
29319,3332,-0.06874491048476514,-0.2520672017052558,-0.0941989421844482,-0.30063092708587646,0.6319703752722409,0.5903487228895477,0.18332229122049068,0.20643198490142828,,0.1473452650994104,-1.874468335300747,16.860658050068906,16.860658050068906,8.607085001671818e-62,59737792.5,21.12660854760477,4.52943699101307e-99,0.291984055306742,0.22299595168058017,GCST90200095,cancerType_celltype,LUAD_Epi_LUAD,tissue,Tumor,Adjacent,group1_higher,2.4288730553372026e-61,1.9475150216879543e-98
29319,3332,-0.23731141416159174,0.1504506715495807,-0.3385982513427734,0.09750762954354285,1.1038992749910863,1.0302742586670144,-0.38776208571117243,-0.43610588088631624,,-0.1287990274394021,-0.6574874366020695,-20.433161278277794,-20.433161278277794,1.3540224235954344e-88,37953542.0,-21.125781314908547,4.6094701203568995e-99,-0.3535993757552464,-0.2229872200594143,GCST90200135,cancerType_celltype,LUAD_Epi_LUAD,tissue,Tumor,Adjacent,group2_higher,5.412118954136589e-88,1.9756942685680673e-98
29319,3332,-0.29243806265811656,-0.545784273206387,-0.3891581892967224,-0.6331629455089569,0.7533291015109425,0.642596815198952,0.25334621054827045,0.2440047562122345,,0.20078872821970117,-0.9001974345452806,21.164795465040417,21.164795465040417,8.410552787932876e-95,59705820.0,21.064595189152104,1.6805954849617644e-98,0.3410746074756843,0.2223413871841584,GCST90200507,cancerType_celltype,LUAD_Epi_LUAD,tissue,Tumor,Adjacent,group1_higher,3.7219426785560097e-94,7.180726163018448e-98
29319,3332,0.04427797842616971,0.3751682064231915,-0.0360333994030952,0.32380212843418116,0.888607165452837,0.8877836116681471,-0.3308902279970218,-0.35983552783727635,,-0.1432772594974463,3.082847574743936,-20.385178536460533,-20.385178536460533,4.3195473356263387e-88,38002661.0,-21.030510874566485,3.4492324841455536e-98,-0.37240472314100714,-0.22198161982484588,GCST90199950,cancerType_celltype,LUAD_Epi_LUAD,tissue,Tumor,Adjacent,group2_higher,1.7164848450316908e-87,1.4691574612157467e-97
29319,3332,-0.18289050655999892,0.16354433842885754,-0.21678027510643,0.09939269348978991,0.8504110009025071,0.8764972469415224,-0.34643484498885646,-0.3161729685962199,,-0.1540332193298354,-0.161297439680864,-21.684686276537345,-21.684686276537345,8.962212399500558e-99,38037986.5,-20.961994090016645,1.458503537980605e-97,-0.4060851000859669,-0.2212584102504196,GCST90200090,cancerType_celltype,LUAD_Epi_LUAD,tissue,Tumor,Adjacent,group2_higher,4.212239827765262e-98,6.192960505506432e-97
29319,3332,-0.02606617699742445,0.22735603706291868,-0.1021296232938766,0.2064283639192581,0.696798741205461,0.7461779382792401,-0.25342221406034315,-0.3085579872131347,,-0.16540494331886849,3.1246534018900842,-18.699742395364158,-18.699742395364158,6.884793223999104e-75,38101626.0,-20.83855991610943,1.9357857063847927e-96,-0.3610024860715603,-0.2199555356778954,GCST90200437,cancerType_celltype,LUAD_Epi_LUAD,tissue,Tumor,Adjacent,group2_higher,2.288773942514824e-74,8.194024589448672e-96
29319,3332,-0.12016072662487635,-0.3071096740555799,-0.1437696665525436,-0.3389686942100525,0.5384187204129569,0.5054845198727158,0.1869489474307035,0.19519902765750888,,0.17552938440236696,-1.3537812075923739,20.09243831499414,20.09243831499414,7.62571674358375e-86,59527911.5,20.719526658937813,2.309492020110253e-95,0.34933837604058077,0.21869911373942807,GCST90200630,cancerType_celltype,LUAD_Epi_LUAD,tissue,Tumor,Adjacent,group1_higher,2.927845611691451e-85,9.745627317059675e-95
29319,3332,0.6918000294419293,1.1889935781631609,0.6195136308670044,1.1627034544944763,1.3455549928767947,1.2599834471385205,-0.49719354872123156,-0.5431898236274719,,-0.1437009468720111,0.7813130707401388,-21.43134459195782,-21.43134459195782,7.843179186843179e-97,38169057.0,-20.707771808397432,2.9478565507466277e-95,-0.37185151854748943,-0.21857503873338957,GCST90199704,cancerType_celltype,LUAD_Epi_LUAD,tissue,Tumor,Adjacent,group2_higher,3.551579146733307e-96,1.2401013823048313e-94
29319,3332,0.1229945650676838,0.602745635239993,0.0578300580382347,0.5494565367698669,1.2379771534091588,1.2171993262673904,-0.4797510701723092,-0.49162647873163223,,-0.1424974636291887,2.292945395885637,-21.521444621776087,-21.521444621776087,1.726447521417349e-97,38189315.0,-20.668479710014942,6.658196378338218e-95,-0.3881879054079855,-0.21816030208256432,GCST90200025,cancerType_celltype,LUAD_Epi_LUAD,tissue,Tumor,Adjacent,group2_higher,8.003904665618525e-97,2.792345127284613e-94
29319,3332,0.004106861923666758,-0.21590893951276124,-0.0332602001726627,-0.2802479714155197,0.6322101099464019,0.6332231888200349,0.22001580143642802,0.246987771242857,,0.17460882881840922,-5.715898160195093,19.00845207531926,19.00845207531926,2.6912318479430352e-77,59488926.5,20.643911965708405,1.1072987695678401e-94,0.3479536438723381,0.21790098419394366,GCST90200263,cancerType_celltype,LUAD_Epi_LUAD,tissue,Tumor,Adjacent,group1_higher,9.263002547339285e-77,4.629595775831184e-94
29319,3332,-0.050674499374251086,0.32595030714747547,-0.1063044816255569,0.2809886932373047,1.0088643142759657,0.9765565531193903,-0.3766248065217266,-0.3872931748628616,,-0.14461790539370953,2.685296155124423,-21.02349713563042,-21.02349713563042,2.3187694004425976e-93,38205365.0,-20.637349382290637,1.2683233511304703e-94,-0.3745216141440591,-0.2178317146975438,GCST90199866,cancerType_celltype,LUAD_Epi_LUAD,tissue,Tumor,Adjacent,group2_higher,1.0065231505742867e-92,5.286619962051471e-94
29319,3332,0.051739675358088426,-0.1413025051275383,0.0270551424473524,-0.17416866868734354,0.5817613536270368,0.5857585761393159,0.19304218048562674,0.20122381113469595,,0.14728111691411191,-1.4494264627313398,18.039064067562553,18.039064067562553,4.519112051175306e-70,59466653.5,20.60071160499791,2.7044535405779813e-94,0.3315904964559082,0.21744499498356595,GCST90200667,cancerType_celltype,LUAD_Epi_LUAD,tissue,Tumor,Adjacent,group1_higher,1.419251088882936e-69,1.1238323706731063e-93
29319,3332,0.19383818414946927,0.5101875221824368,0.140469953417778,0.4776388257741928,0.8736763528684781,0.8093382114694607,-0.3163493380329675,-0.3371688723564148,,-0.12845976658009448,1.3961702049446705,-21.202305223820208,-21.202305223820208,6.189695925374054e-95,38241727.5,-20.56682124884048,5.44190832885739e-94,-0.3647389098737594,-0.21708727489768032,GCST90199882,cancerType_celltype,LUAD_Epi_LUAD,tissue,Tumor,Adjacent,group2_higher,2.748063695858253e-94,2.254504879098062e-93
29319,3332,-0.0642178944441601,-0.2495571158834457,-0.1064299270510673,-0.27768413722515106,0.5651500312899138,0.47661346797516085,0.1853392214392856,0.17125421017408377,,0.1510055785076539,-1.9583060887350807,20.843169598906787,20.843169598906787,3.7555292400092865e-92,59444585.5,20.557908859065204,6.539240349155948e-94,0.332887440193219,0.21699320268371336,GCST90199953,cancerType_celltype,LUAD_Epi_LUAD,tissue,Tumor,Adjacent,group1_higher,1.6096812434379426e-91,2.7009044229998655e-93
29319,3332,-0.07033735902598434,0.2852395615548664,-0.0936105251312255,0.23793463408946985,0.876550045836738,0.9091250440005998,-0.3555769205808508,-0.3315451592206954,,-0.13770668354142934,2.0197955665582983,-21.47108351025637,-21.47108351025637,5.814348487856063e-97,38246904.0,-20.556780990805287,6.692995874100313e-94,-0.4040974059025253,-0.21698129778873587,GCST90201010,cancerType_celltype,LUAD_Epi_LUAD,tissue,Tumor,Adjacent,group2_higher,2.6504872872735162e-96,2.756058421872727e-93
29319,3332,-0.590698194109035,-0.8606225967623217,-0.6796989440917969,-0.9705452919006348,0.7811315631570479,0.7739950649317903,0.26992440265328665,0.2908463478088379,,0.18251706083409822,-0.5429587532575153,19.057795029082254,19.057795029082254,1.0974949489201735e-77,59442546.0,20.553953076922294,7.094553126175202e-94,0.3458766916986481,0.2169514485421713,GCST90200571,cancerType_celltype,LUAD_Epi_LUAD,tissue,Tumor,Adjacent,group1_higher,3.816034733107644e-77,2.9126132261978314e-93
29319,3332,0.04857428111818159,-0.1823289198381462,0.0108214942738413,-0.22596032172441483,0.6453322282086816,0.5769016516722583,0.2309032009563278,0.23678181599825612,,0.15679945433344303,-1.9082570728794344,21.617645102592785,21.617645102592785,1.643147236086672e-98,59438357.5,20.545829128157607,8.386867224711574e-94,0.3615281910545874,0.21686569849468484,GCST90200170,cancerType_celltype,LUAD_Epi_LUAD,tissue,Tumor,Adjacent,group1_higher,7.696253205450631e-98,3.4328228310155777e-93
29319,3332,-0.1478127925052451,-0.38031652032965857,-0.1843204051256179,-0.43728421628475184,0.6679601343389966,0.6142725548129684,0.23250372782441348,0.2529638111591339,,0.1503321068957781,-1.3634235084096527,20.51360650994553,20.51360650994553,2.830798357316366e-89,59420245.0,20.51069840785191,1.7279883523997647e-93,0.3508526619018152,0.21649488609523426,GCST90200424,cancerType_celltype,LUAD_Epi_LUAD,tissue,Tumor,Adjacent,group1_higher,1.1586721204270892e-88,7.051641090781075e-93
29319,3332,0.5101206818825507,0.20517343508664798,0.5038362145423889,0.14475379884243006,0.8993181594286787,0.7972124646647494,0.3049472467959027,0.35908241569995886,,0.16472487553802112,1.313990440332103,20.63821277393443,20.63821277393443,2.3171177848671274e-90,59410979.5,20.492727189688072,2.49995095958644e-93,0.34285386633711945,0.21630519597586306,GCST90200725,cancerType_celltype,LUAD_Epi_LUAD,tissue,Tumor,Adjacent,group1_higher,9.68782681218986e-90,1.017144226243677e-92
29319,3332,-0.11762588095742253,-0.472349924002729,-0.1932449638843536,-0.5343956351280212,0.9717899056955094,0.8334294512479726,0.35472404304530647,0.3411506712436676,,0.1515141815202924,-2.005641287263703,22.865200080013,22.865200080013,1.8000958958954524e-109,59392889.0,20.457639140236576,5.136700403128002e-93,0.37004811007225713,0.2159348339765661,GCST90200720,cancerType_celltype,LUAD_Epi_LUAD,tissue,Tumor,Adjacent,group1_higher,9.584104320724616e-109,2.0837269790069844e-92
29319,3332,0.06428889167616315,-0.21015181951212575,0.0308816712349653,-0.26558607816696167,0.7545301359951082,0.7359644550493202,0.2744407111882889,0.296467749401927,,0.14051013784786626,-1.708774987502865,20.344234462217337,20.344234462217337,8.435271741182102e-88,59382277.0,20.43705627183718,7.832469460041512e-93,0.3646292085536318,0.21571757732050156,GCST90199903,cancerType_celltype,LUAD_Epi_LUAD,tissue,Tumor,Adjacent,group1_higher,3.332543589342378e-87,3.167850407725988e-92
29319,3332,-0.08670377502171091,0.2573379848548882,-0.1768988817930221,0.20318038016557688,1.0013719146451387,0.8926334306750678,-0.3440417598765991,-0.380079261958599,,-0.14624179563670375,1.5694866775863063,-20.809582643148737,-20.809582643148737,9.315161407912016e-92,38318310.5,-20.41828206578064,1.1504126550028757e-92,-0.3472276714945837,-0.2155194114891429,GCST90200233,cancerType_celltype,LUAD_Epi_LUAD,tissue,Tumor,Adjacent,group2_higher,3.967676562182524e-91,4.6390900851151465e-92
29319,3332,0.08942145236651024,-0.13141334774492516,0.0576918274164199,-0.18538402020931238,0.6411413695823384,0.5829438254415757,0.22083480011143541,0.24307584762573228,,0.18389732327810945,-0.5554137801630419,20.503273268822266,20.503273268822266,3.2711147175444984e-89,59371180.0,20.415532705061064,1.2169992180397693e-92,0.3475261582069754,0.21549039138831638,GCST90200572,cancerType_celltype,LUAD_Epi_LUAD,tissue,Tumor,Adjacent,group1_higher,1.3348890299440573e-88,4.89312664952273e-92
29319,3332,0.948497526523122,1.491269276527149,0.8668293952941895,1.4394615292549133,1.451836330811114,1.3833719667504785,-0.5427717500040269,-0.5726321339607239,,-0.13218911298489514,0.6528243165643979,-21.35113506895475,-21.35113506895475,4.024743117386952e-96,38329878.5,-20.39584495480776,1.8204623278928672e-92,-0.37562061805580943,-0.21528258289911684,GCST90200327,cancerType_celltype,LUAD_Epi_LUAD,tissue,Tumor,Adjacent,group2_higher,1.8164651884100715e-95,7.29791221446464e-92
29319,3332,-0.08458381431201244,0.26787786918387557,-0.1341646760702133,0.20243168622255325,0.9564332083996605,0.8911624960218351,-0.352461683495888,-0.33659636229276657,,-0.13042261137806288,1.663110201366236,-21.46815529279707,-21.46815529279707,3.747536489307013e-97,38349259.5,-20.35825387184049,3.923255560760499e-92,-0.37102032667068285,-0.21488580083624564,GCST90200216,cancerType_celltype,LUAD_Epi_LUAD,tissue,Tumor,Adjacent,group2_higher,1.719829035328437e-96,1.568151709476997e-91
29319,3332,0.3923887094689905,0.847981231687413,0.3446485102176666,0.8022439479827881,1.1837118927213595,1.1749057268841023,-0.4555925222184225,-0.45759543776512146,,-0.1473871677662799,1.1117468284276177,-21.194307185434575,-21.194307185434575,9.890688643737874e-95,38355128.0,-20.346871421482227,4.9487767661337755e-92,-0.38517601097073856,-0.21476565659518698,GCST90200397,cancerType_celltype,LUAD_Epi_LUAD,tissue,Tumor,Adjacent,group2_higher,4.3627859616228873e-94,1.9722756527018528e-91
29319,3332,-0.011153393019997066,-0.22022553339099998,-0.046443086117506,-0.2754932045936584,0.6008549098430835,0.5439553122526025,0.2090721403710029,0.2290501184761524,,0.16025112033003464,-4.303304383729623,20.79157292706623,20.79157292706623,1.4079321226983656e-91,59325080.5,20.326118839458164,7.554857812668709e-92,0.3512052998433171,0.21454660857487373,GCST90199754,cancerType_celltype,LUAD_Epi_LUAD,tissue,Tumor,Adjacent,group1_higher,5.959662991421963e-91,3.002119882993426e-91
29319,3332,0.08137058758867478,0.5737801915567325,-0.0641876608133316,0.47269608080387115,1.4343329843330557,1.3025101234599787,-0.4924096039680578,-0.5368837416172028,,-0.13487108520003896,2.8179036340203107,-20.457956535554672,-20.457956535554672,7.59442127664675e-89,38370323.0,-20.317399438318937,9.023311095620776e-92,-0.34641507420359857,-0.21445457339796659,GCST90200045,cancerType_celltype,LUAD_Epi_LUAD,tissue,Tumor,Adjacent,group2_higher,3.0444694706086827e-88,3.575224716084627e-91
29319,3332,-0.2583436792431208,-0.5260227943465067,-0.3393261134624481,-0.601014107465744,0.7577930063539755,0.6573258914817749,0.2676791151033859,0.2616879940032959,,0.1794241973493347,-1.0258308894350268,21.909920559767084,21.909920559767084,4.4091020260279585e-101,59317940.0,20.312269237893343,1.0016981901556378e-91,0.357782696948481,0.21440042301582452,GCST90200014,cancerType_celltype,LUAD_Epi_LUAD,tissue,Tumor,Adjacent,group1_higher,2.1235357107689426e-100,3.957433719368505e-91
29319,3332,0.005783460085181562,-0.18911347976025775,-0.0295464899390935,-0.22671848535537714,0.5951658491341438,0.5557021419909575,0.19489693984543932,0.19717199541628364,,0.16623310561085422,-5.030933712710864,19.041750132947758,19.041750132947758,1.214306071984352e-77,59316988.5,20.310423723449126,1.0400533993901466e-91,0.3296297006223526,0.21438094320916745,GCST90200154,cancerType_celltype,LUAD_Epi_LUAD,tissue,Tumor,Adjacent,group1_higher,4.211448285279063e-77,4.0970889692739013e-91
29319,3332,0.8494898824903191,0.39454135820672775,0.914232075214386,0.3829018324613571,1.330234326249176,1.0742898772643885,0.45494852428359134,0.5313302427530289,,0.16878188749186696,1.1064182663735527,22.55865784459287,22.55865784459287,6.144010167418462e-107,59314238.0,20.30508889688179,1.1593643144285309e-91,0.34824045513019336,0.21432463295355997,GCST90200832,cancerType_celltype,LUAD_Epi_LUAD,tissue,Tumor,Adjacent,group1_higher,3.1720779765876376e-106,4.5539295693547194e-91
29319,3332,0.12192617257878485,-0.1418074625615896,0.0931044220924377,-0.1969226077198982,0.7356106713627004,0.6994944216328373,0.26373363514037446,0.2900270298123359,,0.14930861745546783,-0.21792394991874856,20.51281799807167,20.51281799807167,3.303656719274222e-89,59305203.0,20.287564752894934,1.656002986828757e-91,0.36028813157988515,0.21413966179943777,GCST90200442,cancerType_celltype,LUAD_Epi_LUAD,tissue,Tumor,Adjacent,group1_higher,1.3441445099614223e-88,6.486011698412631e-91
29319,3332,-0.09838925285465396,-0.29659054706537386,-0.1467200964689254,-0.35075476765632624,0.5873343578530547,0.5402671656863063,0.1982012942107199,0.20403467118740085,,0.17979214787545206,-1.5918901757159978,19.883116591081443,19.883116591081443,3.2634608999799294e-84,59300837.5,20.27909749771235,1.967111918401008e-91,0.34013913638865156,0.21405028807798576,GCST90199972,cancerType_celltype,LUAD_Epi_LUAD,tissue,Tumor,Adjacent,group1_higher,1.2287561344399568e-83,7.682445687050356e-91
29319,3332,-0.09511409111509783,0.28186065910751545,-0.1636950075626373,0.2082947567105293,0.9841208199281914,0.9875414999832348,-0.3769747502226133,-0.3719897642731666,,-0.1433676628261004,1.5672410805803236,-20.887623918432507,-20.887623918432507,3.5637294162045076e-92,38393922.0,-20.27162718885066,2.289643935997808e-91,-0.3829213822899006,-0.2139714373419479,GCST90200986,cancerType_celltype,LUAD_Epi_LUAD,tissue,Tumor,Adjacent,group2_higher,1.5322912284816227e-91,8.916527670757179e-91
29319,3332,0.19900930645003195,-0.009777479258325863,0.2033586800098419,-0.0201865276321768,0.71352206050176,0.5842756558553522,0.20878678570835782,0.22354520764201868,,0.13898651379866028,4.347089221740788,19.07392672693737,19.07392672693737,4.374230472914745e-78,59267556.5,20.214546193226834,7.291417623388823e-91,0.2976598134700918,0.21336893500877285,GCST90200555,cancerType_celltype,LUAD_Epi_LUAD,tissue,Tumor,Adjacent,group1_higher,1.5405881484710071e-77,2.8313966440680815e-90
29319,3332,-0.24129681075424125,-0.5817954498914765,-0.3253879845142364,-0.6486968398094177,0.9432724930903059,0.7798394750986062,0.3404986391372352,0.32330885529518133,,0.18473154964030483,-1.269699666837635,23.337949315928935,23.337949315928935,7.791029554346558e-114,59237861.0,20.156949268184025,2.338686273301828e-90,0.3669491256996402,0.21276098692828205,GCST90200674,cancerType_celltype,LUAD_Epi_LUAD,tissue,Tumor,Adjacent,group1_higher,4.406295967873178e-113,9.055765313949977e-90
29319,3332,0.639103094956069,1.0997129315418679,0.5720513463020325,1.0012171864509583,1.2918964082977793,1.131106193942952,-0.4606098365857989,-0.4291658401489258,,-0.13247362264906648,0.7830054481017512,-21.936304559748148,-21.936304559748148,2.761807214338928e-101,38454764.0,-20.15361900197202,2.5014641879426827e-90,-0.3608607124726079,-0.21272583524354183,GCST90200977,cancerType_celltype,LUAD_Epi_LUAD,tissue,Tumor,Adjacent,group2_higher,1.3396239263857504e-100,9.65862801180135e-90
29319,3332,0.20263900988590433,0.6476077943173507,0.1016890704631805,0.5557639598846436,1.259180557756315,1.1810352072573564,-0.4449687844314464,-0.45407488942146307,,-0.15588082585638027,1.676203524558441,-20.46618925364181,-20.46618925364181,7.461940193995023e-89,38538063.0,-19.992053570875026,6.458370029746131e-89,-0.3555678699782412,-0.2110204769516525,GCST90200101,cancerType_celltype,LUAD_Epi_LUAD,tissue,Tumor,Adjacent,group2_higher,3.0001842136918044e-88,2.4866549012836095e-88
29319,3332,-0.11011543259802194,0.2909431398881482,-0.1450854241847992,0.2313908785581588,1.0454417438949455,1.0521729446070405,-0.4010585724861701,-0.37647630274295796,,-0.13463165072946987,1.40171241070275,-20.86326669709498,-20.86326669709498,5.7176724901614115e-92,38550476.0,-19.967977511183946,1.0460602282168602e-88,-0.3833733762674811,-0.21076634890116897,GCST90199764,cancerType_celltype,LUAD_Epi_LUAD,tissue,Tumor,Adjacent,group2_higher,2.443005518523512e-91,4.0162819466467055e-88
29319,3332,0.16783221616887956,-0.19714532509497643,0.0868537500500679,-0.25615161657333374,0.9859813598913547,0.922086448914575,0.36497754126385595,0.34300536662340164,,0.17511722310672523,-0.23223854778202924,21.49408182110783,21.49408182110783,2.3070859656339732e-97,59125288.0,19.938604446819035,1.8824704871937548e-88,0.3725578167795803,0.21045630981339625,GCST90200500,cancerType_celltype,LUAD_Epi_LUAD,tissue,Tumor,Adjacent,group1_higher,1.0623507334996979e-96,7.207323803497438e-88
29319,3332,0.06340123243334021,-0.1535228583936919,0.0411980897188186,-0.15699594467878336,0.5920765472066848,0.5718588159333343,0.21692409082703212,0.19819403439760197,,0.19710785784294113,-1.2758573306238292,20.67326351908716,20.67326351908716,1.7394357588713236e-90,59113552.5,19.915842455478934,2.966268729652263e-88,0.3676395511009973,0.21021605204038019,GCST90199699,cancerType_celltype,LUAD_Epi_LUAD,tissue,Tumor,Adjacent,group1_higher,7.294925967204966e-90,1.1324997979036511e-87
29319,3332,0.0598236275728397,-0.17742555413068595,0.0295442230999469,-0.18798084557056424,0.6806255448697592,0.602176061035263,0.23724918170352566,0.21752506867051113,,0.18763275454089046,-1.5684105277075084,21.25179798487352,21.25179798487352,1.900005181266113e-95,59097361.5,19.884438646370885,5.550096010460765e-88,0.35250343276045637,0.20988457799982774,GCST90200108,cancerType_celltype,LUAD_Epi_LUAD,tissue,Tumor,Adjacent,group1_higher,8.546887993616211e-95,2.1130672799603415e-87
29319,3332,0.24427116289025677,0.013401880878292832,0.2706827521324157,0.0269265845417976,0.7567292900061384,0.67396119227832,0.23086928201196394,0.2437561675906181,,0.15592647780721502,4.187874425518164,18.49305282423172,18.49305282423172,1.464845475166493e-73,59060513.5,19.81296884475187,2.301119318764552e-87,0.30835848529020393,0.20913019868747673,GCST90200231,cancerType_celltype,LUAD_Epi_LUAD,tissue,Tumor,Adjacent,group1_higher,4.811046705185373e-73,8.736561647565693e-87
29319,3332,0.0479778553772637,0.5008810921467508,0.0042834426276385,0.4394061863422394,1.2529359258695227,1.1946496086716678,-0.4529032367694871,-0.43512274371460086,,-0.13732539387332596,3.3840003873285402,-20.631930521382564,-20.631930521382564,3.5855157383797605e-90,38634417.0,-19.805166866977977,2.6867638537558933e-87,-0.36316103175059006,-0.2090478471138788,GCST90199624,cancerType_celltype,LUAD_Epi_LUAD,tissue,Tumor,Adjacent,group2_higher,1.4899566925035407e-89,1.0172386479636896e-86
29319,3332,0.18467142355202548,-0.0954004106482776,0.1459532529115677,-0.14041329175233835,0.794203419057922,0.773943650650039,0.28007183420030307,0.28636654466390604,,0.14170598246844565,0.9528859462641871,19.740890880082773,19.740890880082773,5.327529740796863e-83,59043717.0,19.78039061736114,4.3928302174674315e-87,0.3535545563858454,0.20878632840632405,GCST90200181,cancerType_celltype,LUAD_Epi_LUAD,tissue,Tumor,Adjacent,group1_higher,1.9732127817136208e-82,1.6585671984509998e-86
29319,3332,-0.35260839489696266,-0.6342035049604006,-0.3911854028701782,-0.7136816382408142,0.8143774444902789,0.7750632761074419,0.2815951100634379,0.322496235370636,,0.1741152485809462,-0.8468772111858877,19.768506912920678,19.768506912920678,2.9747596000995027e-83,59009653.0,19.714320618382903,1.6248656707573814e-86,0.3474536252387074,0.2080889451861785,GCST90200195,cancerType_celltype,LUAD_Epi_LUAD,tissue,Tumor,Adjacent,group1_higher,1.1108485849138692e-82,6.11793345094561e-86
29319,3332,0.01029175529637114,0.47990494044488524,-0.0796584710478782,0.39858257770538325,1.3181656306844016,1.3228508950668503,-0.4696131851485141,-0.47824104875326146,,-0.13994521377128671,5.543050533248184,-19.42517609162763,-19.42517609162763,1.7063066599220534e-80,38755338.0,-19.570630396027784,2.752609756297088e-85,-0.35613330118170566,-0.20657226361331393,GCST90199788,cancerType_celltype,LUAD_Epi_LUAD,tissue,Tumor,Adjacent,group2_higher,6.235109859178978e-80,1.0335556743341408e-84
29319,3332,-0.1561117086102993,-0.3411427040252364,-0.2175934612751007,-0.4002497792243957,0.5835292896278992,0.5643780342203903,0.1850309954149371,0.182656317949295,,0.17523861763089663,-1.1277916038531361,17.87018931799494,17.87018931799494,6.912559411852663e-69,58935435.5,19.57036952194187,2.7667356542726246e-85,0.31813898567087934,0.20656951003055468,GCST90199886,cancerType_celltype,LUAD_Epi_LUAD,tissue,Tumor,Adjacent,group1_higher,2.1220311888187344e-68,1.0360056859268097e-84
29319,3332,-0.2045470116561103,-0.42300410163681756,-0.2700991928577423,-0.4962243288755417,0.6934529039118911,0.6694746438937442,0.21845708998070726,0.22612513601779938,,0.1683377345036491,-1.0482355496878786,17.782836379840084,17.782836379840084,2.939602972702599e-68,58929699.0,19.55924309670882,3.441544205317621e-85,0.316125870070952,0.2064520681904196,GCST90200566,cancerType_celltype,LUAD_Epi_LUAD,tissue,Tumor,Adjacent,group1_higher,8.883988584908299e-68,1.2851574662597034e-84
29319,3332,0.6263703046289478,0.2006235531533231,0.554977297782898,0.14680922776460645,1.1939288417524774,1.06855935563995,0.42574675147562474,0.4081680700182915,,0.14832096518770002,1.6425199423296926,21.52262865555131,21.52262865555131,1.0565491069781153e-97,58928867.0,19.557629362586287,3.552190531969451e-85,0.36026880253228577,0.20643503487550752,GCST90200301,cancerType_celltype,LUAD_Epi_LUAD,tissue,Tumor,Adjacent,group1_higher,4.91493663075485e-97,1.3228512828072028e-84
29319,3332,0.7628482511083212,1.3000827811439801,0.714360237121582,1.2586768269538877,1.4517179208160322,1.4486548906208776,-0.5372345300356589,-0.5443165898323057,,-0.1474262897933675,0.769134702560341,-20.280750580244515,-20.280750580244515,2.9767943949613145e-87,38798164.5,-19.4875647897795,1.3998877254127638e-84,-0.3701477301418896,-0.2056954880591344,GCST90200320,cancerType_celltype,LUAD_Epi_LUAD,tissue,Tumor,Adjacent,group2_higher,1.1625704184333156e-86,5.199038064680101e-84
29319,3332,0.16691765444993434,0.672455784537489,0.0711347684264183,0.5911749601364136,1.3639474409186154,1.399373306262262,-0.5055381300875547,-0.5200401917099953,,-0.1572115097162248,2.0102963597593524,-19.811153445040727,-19.811153445040727,1.770870111223113e-83,38830719.0,-19.424422593274777,4.797594355633465e-84,-0.3696524792503532,-0.20502900843136806,GCST90200113,cancerType_celltype,LUAD_Epi_LUAD,tissue,Tumor,Adjacent,group2_higher,6.631032861530503e-83,1.776935083350112e-83
29319,3332,0.698932067584677,1.2095329593451294,0.5842849016189575,1.1104401350021362,1.4084208420980684,1.3956056939253672,-0.5106008917604524,-0.5261552333831787,,-0.1465333217088596,0.7912250660369349,-19.99351809182674,-19.99351809182674,5.701948782427767e-85,38851473.5,-19.384167491296328,1.0499211128459428e-83,-0.3628698001157517,-0.20460410706797816,GCST90199748,cancerType_celltype,LUAD_Epi_LUAD,tissue,Tumor,Adjacent,group2_higher,2.164834593439846e-84,3.8781638937913824e-83
29319,3332,-0.09458947627625948,-0.3175463130105762,-0.1473871618509292,-0.37053246796131134,0.6649528548046232,0.5927075783639617,0.2229568367343167,0.22314530611038214,,0.16532940355447565,-1.7472047224243832,20.309636621570853,20.309636621570853,1.1131315880231793e-87,58828083.0,19.362150300320476,1.6102477531899305e-83,0.3388682198648181,0.20437171082492145,GCST90200948,cancerType_celltype,LUAD_Epi_LUAD,tissue,Tumor,Adjacent,group1_higher,4.372329551802862e-87,5.931804561075338e-83
29319,3332,-0.09650953927095508,-0.2509580644147733,-0.1355149298906326,-0.31420253217220306,0.623649808621691,0.5993029774913163,0.15444852514381824,0.17868760228157046,,0.13020358599928936,-1.3786936527012101,14.037405067515175,14.037405067515175,8.883194855308217e-44,58806822.0,19.320912798903255,3.582659019710305e-83,0.24862548584080424,0.20393644002162414,GCST90200830,cancerType_celltype,LUAD_Epi_LUAD,tissue,Tumor,Adjacent,group1_higher,2.059148739419235e-43,1.3162167773221417e-82
29319,3332,-0.16583187439025354,-0.3370445624973241,-0.2137108296155929,-0.38709950447082514,0.5778887289517476,0.5328767967399086,0.17121268810707058,0.17338867485523224,,0.14708951873265708,-1.0232135987319873,17.418905243831333,17.418905243831333,1.052912795875969e-65,58766725.5,19.243142257744527,1.6114038051734263e-82,0.2985617203473357,0.2031155550319994,GCST90199818,cancerType_celltype,LUAD_Epi_LUAD,tissue,Tumor,Adjacent,group1_higher,3.12662340038986e-65,5.904148888310161e-82
29319,3332,-0.02756623781686048,0.3473934436334414,-0.0378433912992477,0.3346088975667953,1.0891666814751115,1.0029152471241953,-0.37495968145030184,-0.372452288866043,,-0.1208718921337915,3.6555480546977175,-20.26561239652697,-20.26561239652697,2.887100992733119e-87,38930308.0,-19.23126133422582,2.0264302498672452e-82,-0.34696569186717746,-0.20299014929823356,GCST90200915,cancerType_celltype,LUAD_Epi_LUAD,tissue,Tumor,Adjacent,group2_higher,1.130781222153805e-86,7.404891234769584e-82
29319,3332,0.21676494339197036,-0.04486468944166506,0.1627284586429596,-0.10628639534115786,0.7893571317386388,0.6860837259770839,0.26162963283363544,0.26901485398411745,,0.1736418621061767,2.272453623224935,20.522548049040175,20.522548049040175,1.8639917253311648e-89,58747137.0,19.20514871103876,3.3516908592326183e-82,0.33566025364034396,0.20271452487676744,GCST90199736,cancerType_celltype,LUAD_Epi_LUAD,tissue,Tumor,Adjacent,group1_higher,7.675591304007184e-89,1.2214851981641869e-81
29319,3332,-0.2962747966007518,-0.029197825760327853,-0.3444089591503143,-0.0821098946034908,0.8302403713285532,0.7154014529347907,-0.2670769708404239,-0.2622990645468235,,-0.1275144117869048,-3.342958517326105,-20.06841261669961,-20.06841261669961,8.380756807188924e-86,38947079.0,-19.198732566234273,3.792402525409462e-82,-0.3259971402194084,-0.202646801071805,GCST90200013,cancerType_celltype,LUAD_Epi_LUAD,tissue,Tumor,Adjacent,group2_higher,3.2086998674714896e-85,1.3784119045688258e-81
29319,3332,-0.24568479638228172,-0.41853708729430494,-0.3028608858585357,-0.4791002571582794,0.5445430868829069,0.48720798709549235,0.17285229091202323,0.1762393712997437,,0.15342506982342805,-0.7685444602837936,19.164001798648375,19.164001798648375,1.2191552661930123e-78,58738206.5,19.18782725360936,4.678013609657754e-82,0.3207067941749705,0.2025316931233765,GCST90200040,cancerType_celltype,LUAD_Epi_LUAD,tissue,Tumor,Adjacent,group1_higher,4.304944631660818e-78,1.6957799335009359e-81
29319,3332,0.3134875084178808,0.024629388349096858,0.2859639227390289,-0.0219561271369457,0.8426472157439813,0.7552455580446521,0.288858120068784,0.3079200498759746,,0.14734918774723268,3.669901278763768,20.664087427599302,20.664087427599302,1.496076010951765e-90,58736656.0,19.184819928180293,4.956644482606579e-82,0.3462905008437095,0.202499950148892,GCST90199716,cancerType_celltype,LUAD_Epi_LUAD,tissue,Tumor,Adjacent,group1_higher,6.3131628573599245e-90,1.7920176206346863e-81
29319,3332,0.2953402605648342,0.7301943940461287,0.190978318452835,0.6885484755039215,1.2744052438645408,1.2290900503146298,-0.43485413348129454,-0.49757015705108654,,-0.14970522778735773,1.3058996466729202,-19.278842177677028,-19.278842177677028,2.0375480139733238e-79,38955159.0,-19.18306072523662,5.1272458777947914e-82,-0.34244364205584144,-0.20248138137890992,GCST90199936,cancerType_celltype,LUAD_Epi_LUAD,tissue,Tumor,Adjacent,group2_higher,7.270099327344609e-79,1.8487926273635719e-81
29319,3332,-0.12005366623212617,-0.4710569191476138,-0.1407360434532165,-0.5083426535129547,1.0004564084662741,0.9984665842247584,0.3510032529154876,0.3676066100597382,,0.11974497360817761,-1.9722129792940744,19.225075013042165,19.225075013042165,5.871946247545495e-79,58727037.0,19.16616306697281,7.095431978163306e-82,0.3509142684822206,0.20230302291795677,GCST90200107,cancerType_celltype,LUAD_Epi_LUAD,tissue,Tumor,Adjacent,group1_higher,2.0896769544137098e-78,2.5517345082418433e-81
29319,3332,0.009778255044500687,-0.15227762995065383,0.0596362426877021,-0.1427292451262474,0.695352463193594,0.6363931766283653,0.16205588499515453,0.2023654878139495,,0.11196641280333407,-3.9608451159248537,13.793162775417773,13.793162775417773,2.2246992074385023e-42,58708180.5,19.129589295961388,1.4320054781356282e-81,0.23501069464811125,0.20191697880420967,GCST90200816,cancerType_celltype,LUAD_Epi_LUAD,tissue,Tumor,Adjacent,group1_higher,5.0622120529861076e-42,5.136377543944371e-81
29319,3332,0.0965263300577317,0.4845465780058164,0.0428075157105922,0.4254089295864105,1.0878603564591154,1.1244648146439913,-0.3880202479480847,-0.3826014138758183,,-0.1551851510733173,2.327628951968563,-18.93700266128881,-18.93700266128881,1.0245700190879123e-76,38987497.0,-19.120338448728923,1.7099755978751307e-81,-0.3554434518038151,-0.2018193340981128,GCST90200462,cancerType_celltype,LUAD_Epi_LUAD,tissue,Tumor,Adjacent,group2_higher,3.499972270718858e-76,6.1173142779627385e-81
29319,3332,-0.09532961333288802,0.16260694498387707,-0.1405579000711441,0.108983751386404,0.7669198063672186,0.7364361577456423,-0.2579365583167651,-0.24954165145754809,,-0.14010092536867463,0.7703862653766779,-19.07621269628526,-19.07621269628526,7.226086424167658e-78,38993910.0,-19.107899894729172,2.1703280453175063e-81,-0.3376727632190927,-0.20168804245324445,GCST90200799,cancerType_celltype,LUAD_Epi_LUAD,tissue,Tumor,Adjacent,group2_higher,2.525424563112953e-77,7.743866821381574e-81
29319,3332,0.18484583425525064,-0.005240205299441974,0.1536149978637695,-0.0568503253161907,0.6111991137497905,0.6313034348250913,0.1900860395546926,0.2104653231799602,,0.15016764632615645,5.1402879046234435,16.522823651793598,16.522823651793598,2.0723965864323393e-59,58694847.5,19.10372881873097,2.3508742097911705e-81,0.30994962097062445,0.2016440158381987,GCST90200105,cancerType_celltype,LUAD_Epi_LUAD,tissue,Tumor,Adjacent,group1_higher,5.717968719245503e-59,8.366165921528369e-81
29319,3332,0.46122419203381493,0.13781336956325824,0.4190809428691864,0.0889037027955055,0.9437100432474842,0.8322531632490741,0.3234108224705567,0.3301772400736809,,0.12071146926275626,1.7427449927487215,20.95249537087056,20.95249537087056,5.836804817552734e-93,58684003.0,19.082694996986035,3.5165701832195545e-81,0.34665439690570965,0.20142199927141635,GCST90199771,cancerType_celltype,LUAD_Epi_LUAD,tissue,Tumor,Adjacent,group1_higher,2.5175838501026508e-92,1.248199260345899e-80
29319,3332,-0.8048539500975009,-0.39880614765720734,-0.7861611843109131,-0.4106471687555313,1.1790997534439869,1.040592978405971,-0.4060478024402936,-0.3755140155553818,,-0.13469729802782204,-1.0130375392463167,-21.041314715294536,-21.041314715294536,1.0726016457996211e-93,39014078.0,-19.068782358932054,4.588739425121712e-81,-0.34832278981591047,-0.20127514834850346,GCST90199844,cancerType_celltype,LUAD_Epi_LUAD,tissue,Tumor,Adjacent,group2_higher,4.6857565487977045e-93,1.6245329445301022e-80
29319,3332,-0.21391097800279346,-0.478851186683468,-0.2632339298725128,-0.5297401249408722,0.7914710293691566,0.7148846078770166,0.2649402086806745,0.2665061950683594,,0.15360661545594942,-1.162563121405019,20.04219113516547,20.04219113516547,1.6503719913191213e-85,58672564.5,19.06050906217766,5.375031419574037e-81,0.3379338888194627,0.20118782190047813,GCST90199858,cancerType_celltype,LUAD_Epi_LUAD,tissue,Tumor,Adjacent,group1_higher,6.301000067697374e-85,1.8979709390879307e-80
29319,3332,0.5544377745834449,0.2746983083761035,0.5668249130249023,0.27665273845195765,0.8985184554426464,0.7765906212667307,0.2797394662073414,0.2901721745729447,,0.15605566112964192,1.0131748775665337,19.37147311347918,19.37147311347918,2.6786077621896947e-80,58662912.0,19.041787224896733,7.686105892123586e-81,0.31543147114221015,0.20099020883294472,GCST90199982,cancerType_celltype,LUAD_Epi_LUAD,tissue,Tumor,Adjacent,group1_higher,9.735846346305477e-80,2.7070186901716916e-80
29319,3332,0.07466488033952258,-0.20035547493188213,0.0316203385591506,-0.2942246049642563,0.831530205134998,0.7882155631630126,0.2750203552714047,0.32584494352340687,,0.1577798075043626,-1.4240480959626902,18.976258378573228,18.976258378573228,4.02037898508502e-77,58647376.0,19.01165384349332,1.365804569496561e-80,0.3324654080401418,0.20067214443333858,GCST90200235,cancerType_celltype,LUAD_Epi_LUAD,tissue,Tumor,Adjacent,group1_higher,1.3802963618818344e-76,4.7979165675871465e-80
29319,3332,-0.30278951719791375,0.025838908732007216,-0.3061853945255279,0.0114336456172168,0.9540936891124528,0.8842362090709559,-0.328628425929921,-0.3176190401427447,,-0.1256323929966756,-3.5506471441920837,-20.16072531563384,-20.16072531563384,2.061118492793561e-86,39059513.5,-18.980656377292327,2.4650181835454213e-80,-0.34694630798202375,-0.2003449594306156,GCST90200065,cancerType_celltype,LUAD_Epi_LUAD,tissue,Tumor,Adjacent,group2_higher,8.00371654039209e-86,8.637068853913649e-80
29319,3332,-0.026893107881005754,-0.47938091271895533,-0.1580780893564224,-0.5204841494560242,1.2885765972761243,0.9871626416895634,0.4524878048379496,0.36240606009960175,,0.16485561226041645,-4.1558134381071525,24.217743314921563,24.217743314921563,3.0913465840948946e-122,58627147.5,18.972418962847147,2.8833375297612593e-80,0.35879574451395513,0.20025801172817426,GCST90200257,cancerType_celltype,LUAD_Epi_LUAD,tissue,Tumor,Adjacent,group1_higher,2.0064311400577816e-121,1.007689500785794e-79
29319,3332,0.1987656456350237,0.5699845963185455,0.1629606485366821,0.528278112411499,1.0522647826043603,1.0085125104564374,-0.3712189506835218,-0.3653174638748169,,-0.13033079803197647,1.5198497790778913,-20.043432679581493,-20.043432679581493,2.027551364254202e-85,39064799.5,-18.970403734778266,2.9960233177548832e-80,-0.3542555442319836,-0.2002367405572687,GCST90200951,cancerType_celltype,LUAD_Epi_LUAD,tissue,Tumor,Adjacent,group2_higher,7.719420417537647e-85,1.0443938061636588e-79
29319,3332,-0.12108146218484295,-0.4036172149795923,-0.1909380108118057,-0.4880056083202362,0.83095212946761,0.8245836187473596,0.28253575279474935,0.2970675975084305,,0.16706553807522986,-1.7370013661729724,18.727258167319988,18.727258167319988,3.5147955770674503e-75,58623683.0,18.965699273102544,3.2764711555083625e-80,0.3402796336835799,0.20018708394029883,GCST90200631,cancerType_celltype,LUAD_Epi_LUAD,tissue,Tumor,Adjacent,group1_higher,1.171312071281891e-74,1.1392423941219127e-79
29319,3332,0.13664616872530677,-0.10582788563027914,0.0938735827803611,-0.15602228790521622,0.7292516069823773,0.6512705375680206,0.24247405435558592,0.24989587068557734,,0.14855016032535984,0.3687221082559602,20.106196579946758,20.106196579946758,4.8517772756790054e-86,58584918.5,18.890512258207295,1.3651713559660544e-79,0.3359847566458252,0.19939346863272056,GCST90200852,cancerType_celltype,LUAD_Epi_LUAD,tissue,Tumor,Adjacent,group1_higher,1.8680713069916624e-85,4.7346782650934656e-79
29319,3332,0.018991575034066857,-0.20211407335793272,-0.0288594085723161,-0.2658160477876663,0.6719555536786511,0.6722700387100934,0.2211056483919996,0.2369566392153502,,0.1718435835612688,-3.4116694931527825,17.991013899760695,17.991013899760695,9.957763223632802e-70,58581852.0,18.884564523006883,1.527956449501167e-79,0.329032311581258,0.19933068899308415,GCST90200122,cancerType_celltype,LUAD_Epi_LUAD,tissue,Tumor,Adjacent,group1_higher,3.105819513458011e-69,5.285798580380941e-79
29319,3332,-0.2638592404632515,0.08956042062839167,-0.3747255504131317,0.0282743517309427,1.1833763959231263,1.0246424021577214,-0.35341966109164313,-0.40299990214407444,,-0.10769740633354175,-1.5588246582746916,-18.553370966337184,-18.553370966337184,4.7511098632419915e-74,39118689.0,-18.865880507619455,2.1762005911024584e-79,-0.30254127022628857,-0.19913347514386903,GCST90201000,cancerType_celltype,LUAD_Epi_LUAD,tissue,Tumor,Adjacent,group2_higher,1.5641938994200083e-73,7.509269381449749e-79
29319,3332,-0.22768486990875728,-0.40657609479905055,-0.2912185788154602,-0.48242494463920593,0.5904569056675589,0.5528087768764569,0.17889122489029327,0.19120636582374573,,0.1387432752979392,-0.8364841796398361,17.574949453963082,17.574949453963082,8.46942833136335e-67,58566486.5,18.854761840723533,2.6855039037472214e-79,0.3048971063424019,0.199016115194671,GCST90199643,cancerType_celltype,LUAD_Epi_LUAD,tissue,Tumor,Adjacent,group1_higher,2.531541845536896e-66,9.243287426281472e-79
29319,3332,0.5296945958333574,0.05445973974127234,0.4270789921283722,-0.04980103671550745,1.3981264054668452,1.208265829971537,0.4752348560920851,0.47688002884387964,,0.1448479295906265,3.2818750295810575,21.151460395968396,21.151460395968396,1.1640830309504767e-94,58549974.5,18.822735425060994,4.917973368179658e-79,0.3443847957621809,0.19867806940641808,GCST90200623,cancerType_celltype,LUAD_Epi_LUAD,tissue,Tumor,Adjacent,group1_higher,5.118210229630644e-94,1.688462896934225e-78
29319,3332,0.05742221713408938,-0.13228765763868905,0.0238604228943586,-0.17854783684015274,0.5997846688754478,0.5620734216525517,0.18970987477277843,0.20240825973451135,,0.14611983459657982,-1.2039833061198266,18.332597031333773,18.332597031333773,2.641179776102275e-72,58549298.5,18.82142426608644,5.0412019668605935e-79,0.31828032648850224,0.1986642298380521,GCST90199707,cancerType_celltype,LUAD_Epi_LUAD,tissue,Tumor,Adjacent,group1_higher,8.550897944958196e-72,1.726421678600751e-78
29319,3332,-0.02987598587075721,-0.28815474027553534,-0.0939979255199432,-0.33297765254974365,0.7827397249945615,0.678933867149187,0.2582787544047781,0.23897972702980047,,0.1707130517967823,-3.269742244765771,20.4675393208003,20.4675393208003,5.1804018848594476e-89,58536019.5,18.795668526407248,8.194262941887662e-79,0.3342168372903167,0.19839237239969143,GCST90200282,cancerType_celltype,LUAD_Epi_LUAD,tissue,Tumor,Adjacent,group1_higher,2.101454693173639e-88,2.7991930801485925e-78
29319,3332,-0.40663519563972217,0.07430149151427215,-0.4728547036647796,-0.06705996021628374,1.241414959928187,1.3303489426448962,-0.4809366871539943,-0.40579474344849586,,-0.15376592159026348,-2.452256145362918,-19.90599722071331,-19.90599722071331,3.6350786339874875e-84,39157062.0,-18.791452839970564,8.871865463771379e-79,-0.38450999740291886,-0.19834787491175743,GCST90199706,cancerType_celltype,LUAD_Epi_LUAD,tissue,Tumor,Adjacent,group2_higher,1.3649069361225745e-83,3.0230881567800974e-78
29319,3332,-0.056285376663269514,0.45953809527618367,-0.1742769032716751,0.3629826754331589,1.3637884558524136,1.4913773551949912,-0.5158234719394532,-0.537259578704834,,-0.15558064588841294,3.0293299186316602,-19.078860568414836,-19.078860568414836,9.930978419367459e-78,39159226.5,-18.787254609792416,9.602171799399768e-79,-0.3745050513111709,-0.19830356167843177,GCST90199878,cancerType_celltype,LUAD_Epi_LUAD,tissue,Tumor,Adjacent,group2_higher,3.4618730397948454e-77,3.26378058917254e-78
29319,3332,-0.09278391008029263,-0.3569260748752123,-0.1359479129314422,-0.39586158096790314,0.7839948534906943,0.7574901029948223,0.26414216479491964,0.25991366803646093,,0.14659247485290275,-1.9436672426336088,19.004980665674246,19.004980665674246,2.574174896983139e-77,58528774.0,18.781615268492825,1.0678364358234595e-78,0.3380665285424723,0.1982440372035441,GCST90200287,cancerType_celltype,LUAD_Epi_LUAD,tissue,Tumor,Adjacent,group1_higher,8.882532619210173e-77,3.6205499055407344e-78
29319,3332,-0.04689935212744738,-0.21129086876504954,-0.0825537741184234,-0.2469567134976387,0.6072282505356245,0.5559704705184949,0.16439151663760215,0.1644029393792153,,0.1383736497608152,-2.171566588857462,16.016722525550218,16.016722525550218,4.0329976001873504e-56,58520831.0,18.76620915054179,1.4271560548947156e-78,0.2729855564943396,0.19808142227524383,GCST90200954,cancerType_celltype,LUAD_Epi_LUAD,tissue,Tumor,Adjacent,group1_higher,1.0820818364282203e-55,4.826833009482623e-78
29319,3332,-0.010265325859749295,-0.20967797275809427,-0.0502554178237915,-0.2698758840560913,0.6351687940654418,0.5450954725648913,0.19941264689834498,0.2196204662322998,,0.13080370516633655,-4.352190327300014,19.654940336964618,19.654940336964618,1.5799835767324702e-82,58504018.5,18.733599889802544,2.634869350965145e-78,0.31825948002869264,0.19773722443034303,GCST90200069,cancerType_celltype,LUAD_Epi_LUAD,tissue,Tumor,Adjacent,group1_higher,5.836091097795005e-82,8.889423082587853e-78
29319,3332,-0.15445206865352346,-0.4122456442641678,-0.2175762355327606,-0.4702601283788681,0.7874708673918797,0.6822681856116266,0.25779357561064437,0.2526838928461075,,0.17006863378142026,-1.4163392154762726,20.3262421697678,20.3262421697678,7.219134739632394e-88,58501585.0,18.72887991145257,2.8791502797140754e-78,0.331614197980426,0.1976874040314991,GCST90200783,cancerType_celltype,LUAD_Epi_LUAD,tissue,Tumor,Adjacent,group1_higher,2.8603722820113234e-87,9.689584768519223e-78
29319,3332,-0.3879993984158584,0.05067749683530892,-0.3680523037910461,0.028397268615663003,1.2802395707496808,1.1814264730171573,-0.4386768952511673,-0.3964495724067091,,-0.1298822093622269,-2.9366124950970005,-20.13209641362539,-20.13209641362539,3.435705426556138e-86,39197085.0,-18.713824858256555,3.819600326641523e-78,-0.3452761438303906,-0.19752849466810152,GCST90200748,cancerType_celltype,LUAD_Epi_LUAD,tissue,Tumor,Adjacent,group2_higher,1.3265910754662935e-85,1.2822943953725112e-77
29319,3332,-0.15552874267881137,0.19050599472647692,-0.1731080561876297,0.12449990212917325,0.9837725708757695,0.9344962383014234,-0.3460347374052883,-0.297607958316803,,-0.13212414025147073,0.2926534691772724,-20.143527870751786,-20.143527870751786,3.114888397327632e-86,39219748.0,-18.669868059676123,8.706917826176254e-78,-0.3535083233752081,-0.19706452109135886,GCST90200887,cancerType_celltype,LUAD_Epi_LUAD,tissue,Tumor,Adjacent,group2_higher,1.2061343424879439e-85,2.9158547904369126e-77
29319,3332,0.10993582996203585,0.69298200584327,-0.0293648764491081,0.5871996283531189,1.7840665494808376,1.6812649610393442,-0.5830461758812341,-0.616564504802227,,-0.12179682432952556,2.6561451884535727,-18.84823360943599,-18.84823360943599,3.704280875971852e-76,39266935.5,-18.57834392637453,4.811333097791865e-77,-0.32868945132155847,-0.19609846394303143,GCST90200274,cancerType_celltype,LUAD_Epi_LUAD,tissue,Tumor,Adjacent,group2_higher,1.2559539387934415e-75,1.607315444188802e-76
29319,3332,-0.08365787051309868,-0.4085244416158926,-0.1521920710802078,-0.43454013764858246,0.9334183359310069,0.863006950891737,0.3248665711027939,0.28234806656837463,,0.1397255657985391,-2.2878355021994015,20.414481328590302,20.414481328590302,1.8448180745798746e-88,58406273.0,18.54401425437725,9.11582862419154e-77,0.35064614463232885,0.19573610678283382,GCST90200439,cancerType_celltype,LUAD_Epi_LUAD,tissue,Tumor,Adjacent,group1_higher,7.352301273837336e-88,3.03786660507899e-76
29319,3332,0.16997951303688183,-0.0653396792171197,0.1861599236726761,-0.0931744612753391,0.8230422493004033,0.7023093875109706,0.23531919225400152,0.2793343849480152,,0.1586483487998705,1.3793160051146813,17.98819989063472,17.98819989063472,6.916793324758638e-70,58398582.0,18.52909691166525,1.2029098443619548e-76,0.2899634709856221,0.19557865098356952,GCST90200537,cancerType_celltype,LUAD_Epi_LUAD,tissue,Tumor,Adjacent,group1_higher,2.1672619084243732e-69,3.998941750891084e-76
29319,3332,0.30591607303968704,0.6182294248602743,0.2541667819023132,0.5970757305622101,0.8866205594808274,0.9354832712459233,-0.3123133518205873,-0.3429089486598969,,-0.14386175096444057,1.0150040299821361,-18.35691066472338,-18.35691066472338,2.3553116338465613e-72,39304907.0,-18.504695001814813,1.892504976012326e-76,-0.3502337115360781,-0.1953210835137288,GCST90200883,cancerType_celltype,LUAD_Epi_LUAD,tissue,Tumor,Adjacent,group2_higher,7.643547040316341e-72,6.276117475194161e-76
29319,3332,-0.2601669001630804,-0.5118721129347141,-0.2954808175563812,-0.5604320168495178,0.7712753327467615,0.7515223822425912,0.2517052127716337,0.2649511992931366,,0.13593493148814276,-0.9763432566017414,18.27057107730247,18.27057107730247,8.403858475193045e-72,58367815.0,18.469421722064396,3.639686226362939e-76,0.32719444076877047,0.19494876636830938,GCST90200150,cancerType_celltype,LUAD_Epi_LUAD,tissue,Tumor,Adjacent,group1_higher,2.701523373039651e-71,1.2041000792555064e-75
29319,3332,0.459019687572052,0.9875669823812029,0.3268135488033294,0.9792995452880859,1.5920199022953068,1.5990937337451396,-0.5285472948091509,-0.6524859964847565,,-0.13346094185750726,1.1053208882657657,-18.087746809517178,-18.087746809517178,1.9845689724054978e-70,39324464.0,-18.46676255201393,3.82343956234982e-76,-0.33184718409800634,-0.1949206982496262,GCST90200548,cancerType_celltype,LUAD_Epi_LUAD,tissue,Tumor,Adjacent,group2_higher,6.261498864325679e-70,1.2618276328045532e-75
29319,3332,0.3479600091665891,0.10674678617877335,0.3519045412540436,0.09546394646167755,0.7594822143000034,0.6797742472499875,0.24121322298781572,0.25644059479236603,,0.16887541228442485,1.7047195032898963,19.168245624612446,19.168245624612446,1.1323268268840155e-78,58360447.0,18.455130865075446,4.742236184707118e-76,0.32087436111340106,0.1947979232622139,GCST90200821,cancerType_celltype,LUAD_Epi_LUAD,tissue,Tumor,Adjacent,group1_higher,4.0087310780335405e-78,1.5612724443854594e-75
29319,3332,-0.12814979962914066,0.12840759915420671,-0.215182363986969,0.0836657360196113,0.8475721964840782,0.7774239340684808,-0.2565573987833474,-0.2988481000065803,,-0.132285424670212,0.0028993381127092608,-17.879927602684322,-17.879927602684322,5.157801174069406e-69,39360439.0,-18.396986007473004,1.3888019205979807e-75,-0.30517714762005727,-0.19418419163429212,GCST90200063,cancerType_celltype,LUAD_Epi_LUAD,tissue,Tumor,Adjacent,group2_higher,1.5869261851595037e-68,4.561294018735055e-75
29319,3332,-0.2071520856626619,0.10067662495301231,-0.2419201433658599,0.09544467926025385,0.8794965821665823,0.8963059112674262,-0.30782871061567424,-0.3373648226261138,,-0.1430443852284866,-1.04095422228663,-18.82160382591519,-18.82160382591519,7.35613372993521e-76,39362400.5,-18.39318151290408,1.4897838716196267e-75,-0.3493185956006038,-0.19414403436602312,GCST90200047,cancerType_celltype,LUAD_Epi_LUAD,tissue,Tumor,Adjacent,group2_higher,2.481784721262795e-75,4.881190906292191e-75
29319,3332,-0.27579382183269635,0.1164137784265496,-0.3443092107772827,-0.0022666869335807,1.1034439261641362,1.1106332316400427,-0.39220760025924595,-0.34204252384370204,,-0.14500616410860556,-1.2443211551977085,-19.32904141640454,-19.32904141640454,9.534954008093045e-80,39363104.5,-18.39181604556963,1.527785375088945e-75,-0.3552027367916938,-0.1941296215610976,GCST90200436,cancerType_celltype,LUAD_Epi_LUAD,tissue,Tumor,Adjacent,group2_higher,3.4381328870451903e-79,4.993696561741563e-75
29319,3332,0.8549274272049403,1.3792930784325899,0.7051021456718445,1.295707881450653,1.7177634112428546,1.5038915498507628,-0.5243656512276496,-0.5906057357788086,,-0.1261684360692235,0.6900545349631223,-18.782285946722176,-18.782285946722176,9.285701460287962e-76,39369748.5,-18.378929447600765,1.9375822692093462e-75,-0.3089632153782808,-0.19399360071461302,GCST90200511,cancerType_celltype,LUAD_Epi_LUAD,tissue,Tumor,Adjacent,group2_higher,3.1250397754006155e-75,6.318001514192198e-75
29319,3332,0.5974351592360693,0.995792172317636,0.5284550189971924,1.011030673980713,1.202497206763313,1.1773010275584268,-0.3983570130815667,-0.4825756549835205,,-0.12847704708233693,0.7370615655710211,-18.467462603390068,-18.467462603390068,2.968766120208741e-73,39370370.0,-18.37772399596957,1.9811160234617654e-75,-0.3319777850826618,-0.19398087691026478,GCST90199946,cancerType_celltype,LUAD_Epi_LUAD,tissue,Tumor,Adjacent,group2_higher,9.726990917895466e-73,6.44453732691739e-75
29319,3332,-0.034293951211745034,-0.20461482508207363,-0.0284121111035347,-0.2101563364267349,0.7125074417746696,0.6563430666801122,0.1703208738703286,0.1817442253232002,,0.11582324759852691,-2.576849619702637,14.066843155461715,14.066843155461715,5.728844834621641e-44,58282261.0,18.30348252841174,7.762603507174408e-75,0.2409127010202159,0.19319724206064293,GCST90200226,cancerType_celltype,LUAD_Epi_LUAD,tissue,Tumor,Adjacent,group1_higher,1.332494114264385e-43,2.5191496619711232e-74
29319,3332,-0.44613941030609683,-0.1443420837231457,-0.4983088672161102,-0.22654880583286285,0.8841904445293519,0.8528870695062238,-0.3017973265829511,-0.2717600613832473,,-0.14854673273067676,-1.6279958480971803,-19.28201778541047,-19.28201778541047,1.9268183858544545e-79,39412161.0,-18.296666829245186,8.79704463146979e-75,-0.34254369355909464,-0.19312530087242097,GCST90200981,cancerType_celltype,LUAD_Epi_LUAD,tissue,Tumor,Adjacent,group2_higher,6.893053700576434e-79,2.8480693189295306e-74
29319,3332,-0.17216501095996786,-0.34866456386079897,-0.2498005479574203,-0.4408807307481766,0.6428237722714704,0.6259809525927071,0.1764995529008311,0.19108018279075628,,0.15159971922091384,-1.0180435288390324,15.379993831942425,15.379993831942425,5.808299122144917e-52,58275347.0,18.290072242686765,9.928519744006713e-75,0.27529634817154963,0.1930556935759058,GCST90200209,cancerType_celltype,LUAD_Epi_LUAD,tissue,Tumor,Adjacent,group1_higher,1.4797591969128078e-51,3.206770713526339e-74
29319,3332,0.06551031670334567,0.5148423055941646,-0.0482128746807575,0.3896115571260452,1.285530839332911,1.3199013004789053,-0.4493319888908189,-0.43782443180680275,,-0.1444867887496839,2.9743173591284773,-18.670105187685408,-18.670105187685408,1.0330801288178222e-74,39429274.5,-18.263473753637093,1.6167331783036284e-74,-0.34856811101484986,-0.19277494073450518,GCST90199824,cancerType_celltype,LUAD_Epi_LUAD,tissue,Tumor,Adjacent,group2_higher,3.426005390702413e-74,5.209473574533913e-74
29319,3332,0.6951380893332392,1.1164814778696026,0.6324764490127563,1.0807093977928162,1.3331168421613415,1.2060514705512955,-0.42134338853636344,-0.4482329487800598,,-0.12980444242829614,0.6835870311022453,-18.896817909895326,-18.896817909895326,1.3967115316945334e-76,39442372.5,-18.238069078712925,2.573961598749569e-74,-0.3190271731523372,-0.19250678886104733,GCST90200451,cancerType_celltype,LUAD_Epi_LUAD,tissue,Tumor,Adjacent,group2_higher,4.759294544249122e-76,8.274315233716186e-74
29319,3332,-0.13132571353848072,0.15773768680445355,-0.1671683490276336,0.11420360580086705,0.8933627453738711,0.8014726631778981,-0.28906340034293426,-0.28137195482850064,,-0.13527547931529152,0.26437612844840075,-19.488393755402406,-19.488393755402406,3.775815871574649e-81,39458780.5,-18.206244379815704,4.604789372812174e-74,-0.32683761001040157,-0.19217087223715845,GCST90200474,cancerType_celltype,LUAD_Epi_LUAD,tissue,Tumor,Adjacent,group2_higher,1.3909289278260124e-80,1.4767830388571747e-73
29319,3332,-0.0788886201375408,0.2387849130908558,-0.1679566353559494,0.18692231923341746,1.0030417217020884,1.0014198416678268,-0.31767353322839664,-0.35487895458936686,,-0.12672677984610975,1.597810332968052,-17.348896097731124,-17.348896097731124,3.904868289741804e-65,39468491.0,-18.18741004664643,6.493819593886615e-74,-0.3167624072638991,-0.19197207175103748,GCST90200429,cancerType_celltype,LUAD_Epi_LUAD,tissue,Tumor,Adjacent,group2_higher,1.1495325008462374e-64,2.0777173958843796e-73
29319,3332,0.12041585093632094,-0.06844573586496598,0.0899478197097778,-0.09751748293638225,0.6169176597859994,0.6107364754370898,0.18886158680128692,0.18746530264616007,,0.14149923397496988,0.8149836465966044,16.897336511758414,16.897336511758414,5.37926377806743e-62,58211677.0,18.166578911458952,9.493786046049491e-74,0.30644928127007254,0.19175219458498627,GCST90199644,cancerType_celltype,LUAD_Epi_LUAD,tissue,Tumor,Adjacent,group1_higher,1.5211486575738395e-61,3.030452079804557e-73
29319,3332,-0.19325764515413812,-0.41454493422406047,-0.2551307380199432,-0.4727774560451507,0.7071116930353682,0.6634038891503028,0.22128728906992234,0.21764671802520752,,0.1495599398397506,-1.1009990174789712,18.12015513819972,18.12015513819972,9.70940064504283e-71,58193511.0,18.13134442339417,1.802999240921329e-73,0.3148755627623172,0.19138028689425224,GCST90200185,cancerType_celltype,LUAD_Epi_LUAD,tissue,Tumor,Adjacent,group1_higher,3.092035766166677e-70,5.741794311625634e-73
29319,3332,0.14029755103168484,0.6521225992818356,0.0292840506881475,0.4774858802556991,1.4156727683712238,1.4549648407332578,-0.5118250482501507,-0.4482018295675516,,-0.1471144393775331,2.2166453202017418,-19.294422882606675,-19.294422882606675,1.8751871791670214e-79,39500694.0,-18.124949614016785,2.0253209922621976e-73,-0.3605083822907488,-0.1913127882893667,GCST90200580,cancerType_celltype,LUAD_Epi_LUAD,tissue,Tumor,Adjacent,group2_higher,6.726000329485922e-79,6.43476110128992e-73
29319,3332,-0.28273755523632726,0.061897055231611105,-0.30682373046875,0.012529158964753151,1.0048818433872304,1.012584859856369,-0.34463461046793836,-0.31935288943350315,,-0.1309462198669906,-2.1915026402347437,-18.63126817334335,-18.63126817334335,1.9219948066673467e-74,39553036.0,-18.023427893534198,1.2758962019672617e-72,-0.3426913984144368,-0.19024120443224868,GCST90200096,cancerType_celltype,LUAD_Epi_LUAD,tissue,Tumor,Adjacent,group2_higher,6.3430482360474424e-74,4.0442942401892504e-72
29319,3332,0.03650432572935231,-0.18926700438221472,-0.0021553137339651,-0.23839345574378965,0.7319557382093637,0.6733388170316935,0.22577133011156703,0.23623814200982454,,0.16142154047504956,-2.3742516871615535,18.17292047868652,18.17292047868652,3.7789873279855604e-71,58123786.5,17.996107879131664,2.0900409723912179e-72,0.31089751189272596,0.18995283573369992,GCST90200348,cancerType_celltype,LUAD_Epi_LUAD,tissue,Tumor,Adjacent,group1_higher,1.2119434654221928e-70,6.60957272707478e-72
29319,3332,-0.4576949589829435,-0.08987657193284278,-0.554184079170227,-0.12990421801805496,1.1948870030247483,1.1210694672240562,-0.3678183870501007,-0.4242798611521721,,-0.10336143859268923,-2.3483564990227475,-17.823219758456307,-17.823219758456307,1.403892650160255e-68,39577311.5,-17.976343515299224,2.985484752610927e-72,-0.309724584377802,-0.18974421857149693,GCST90199668,cancerType_celltype,LUAD_Epi_LUAD,tissue,Tumor,Adjacent,group2_higher,4.280773338184402e-68,9.419480828260865e-72
29319,3332,-0.08854977738525441,0.30717667117524916,-0.1607686281204223,0.1955902576446533,1.1787812530611446,1.158486890605602,-0.39572644856050354,-0.3563588857650756,,-0.1305846087542464,1.7944964724606547,-18.650952118007243,-18.650952118007243,1.2801896828062983e-74,39584484.0,-17.96243184703738,3.8363283148427553e-72,-0.3362942537850097,-0.18959737788495112,GCST90200484,cancerType_celltype,LUAD_Epi_LUAD,tissue,Tumor,Adjacent,group2_higher,4.235190625400449e-74,1.2076017305151677e-71
29319,3332,-0.43910907643386576,-0.7884231119745146,-0.4901620745658874,-0.8125938177108765,1.0633046284002494,1.040433518455996,0.3493140355406489,0.32243174314498907,,0.13169521679832277,-0.8443892573242077,18.323051842266036,18.323051842266036,3.4833850057566506e-72,58075282.5,17.90203028312296,1.1370225944098096e-71,0.3292328723567473,0.18895982623070706,GCST90199625,cancerType_celltype,LUAD_Epi_LUAD,tissue,Tumor,Adjacent,group1_higher,1.1250838300583685e-71,3.5708797147017756e-71
29319,3332,0.16075162352842934,-0.11887741499120268,0.0997507572174072,-0.19746696203947064,0.8917924957199129,0.8073303432303542,0.279629038519632,0.29721771925687784,,0.16127968298322393,0.4353554973084637,18.736335235595597,18.736335235595597,2.2978464965637884e-75,58053781.5,17.860327281478085,2.4023075120908854e-71,0.3164852610424164,0.1885196419711852,GCST90200865,cancerType_celltype,LUAD_Epi_LUAD,tissue,Tumor,Adjacent,group1_higher,7.676384252001087e-75,7.527230204551441e-71
29319,3332,0.39468455558188764,0.836449405734248,0.2877024710178375,0.764089971780777,1.399694036200325,1.3510086453969552,-0.44176485015236033,-0.47638750076293945,,-0.1116400743787307,1.0835762819950132,-17.81935722079709,-17.81935722079709,1.6024315619334316e-68,39648475.0,-17.83831590925508,3.5627878190462457e-71,-0.3167216356605832,-0.18828730714633135,GCST90199629,cancerType_celltype,LUAD_Epi_LUAD,tissue,Tumor,Adjacent,group2_higher,4.875254952935865e-68,1.1137797700367049e-70
29319,3332,-0.02523589536567055,-0.3921744014476585,-0.076564647257328,-0.4295273572206497,1.135564008451581,0.9906397792426616,0.36693850608198797,0.3529627099633217,,0.13843195065668704,-3.9578927012184053,19.943786607037435,19.943786607037435,8.725543870321635e-85,58040986.5,17.835510300591327,3.746203951150542e-71,0.3271457202652061,0.188257693336211,GCST90200827,cancerType_celltype,LUAD_Epi_LUAD,tissue,Tumor,Adjacent,group1_higher,3.2944366468832097e-84,1.168438440599128e-70
29319,3332,-0.08487577674478398,-0.3182221785449097,-0.1476045995950698,-0.39405398070812225,0.7775625494304912,0.7546038074139418,0.23334640180012572,0.24644938111305245,,0.12890104962321705,-1.9065971465855498,16.86150440749343,16.86150440749343,9.145545234165229e-62,58040438.0,17.834446438612712,3.818189215471125e-71,0.30099451602569155,0.18824646404146428,GCST90199693,cancerType_celltype,LUAD_Epi_LUAD,tissue,Tumor,Adjacent,group1_higher,2.5754913541667783e-61,1.1881716668235486e-70
29319,3332,-0.034079500409258896,-0.21799132364503968,-0.1081159487366676,-0.2743739038705826,0.6630094747959931,0.5800736020056594,0.18391182323578079,0.16625795513391498,,0.16420815340793912,-2.6772589088640166,17.07732475504307,17.07732475504307,2.3566235025877384e-63,58031314.5,17.816750641416906,5.239368671598381e-71,0.28076890327732723,0.18805968105035942,GCST90200482,cancerType_celltype,LUAD_Epi_LUAD,tissue,Tumor,Adjacent,group1_higher,6.776535514825079e-63,1.626710592115853e-70
29319,3332,-0.3972554917162185,-0.07281174707291624,-0.4609971642494201,-0.13656306266784665,1.029720027008806,0.9783193841082249,-0.3244437446433023,-0.3244341015815735,,-0.12427546954526904,-2.4478078501619454,-18.041013683652782,-18.041013683652782,3.800068847485646e-70,39668299.0,-17.799865590450928,7.0839910092272445e-71,-0.31665590120510406,-0.18788145566217895,GCST90200393,cancerType_celltype,LUAD_Epi_LUAD,tissue,Tumor,Adjacent,group2_higher,1.196187953608068e-69,2.1944272149038034e-70
29319,3332,-0.1287535621821755,0.15393850303409215,-0.1836854517459869,0.1125632859766483,0.8626398850075429,0.8915045907321937,-0.28269206521626766,-0.2962487377226352,,-0.13073502244327173,0.25773994248491683,-17.401440141124635,-17.401440141124635,1.7822056327310238e-65,39690196.0,-17.757394513430423,1.5108975614232845e-70,-0.32657420519306624,-0.18743316419988643,GCST90199925,cancerType_celltype,LUAD_Epi_LUAD,tissue,Tumor,Adjacent,group2_higher,5.269297781805609e-65,4.669735546983984e-70
29319,3332,-0.0005760772171069598,-0.3373367440760877,-0.0817884281277656,-0.4221385717391968,1.0772975001625786,0.9566092017603007,0.33676066685898076,0.3403501436114312,,0.11932839203600344,-9.191213657620871,18.99771580785237,18.99771580785237,2.2375506110745715e-77,57988154.0,17.733037214018474,2.3309908340191694e-70,0.31602599511382934,0.18717606760293393,GCST90201012,cancerType_celltype,LUAD_Epi_LUAD,tissue,Tumor,Adjacent,group1_higher,7.7405621393265e-77,7.188100694045538e-70
29319,3332,0.008563238970851534,-0.1617092193512287,0.0052215768955647,-0.178845465183258,0.6890751293511918,0.6300440867393118,0.17027245832208024,0.1840670420788227,,0.13157722981028042,-4.2389419909479065,14.636872026176691,14.636872026176691,2.230430199079687e-47,57987859.5,17.732466006447456,2.3547969890309652e-70,0.2491964081164446,0.18717003838269175,GCST90200030,cancerType_celltype,LUAD_Epi_LUAD,tissue,Tumor,Adjacent,group1_higher,5.409388543319597e-47,7.245120307108816e-70
29319,3332,0.06555632488732459,-0.10348152168682813,0.0238756034523248,-0.1548734083771705,0.5445204050348914,0.5116607744914596,0.16903784657415272,0.17874901182949532,,0.13037339250935137,-0.6585582249343918,17.949927680355593,17.949927680355593,1.7020103740971165e-69,57935859.5,17.631607623789275,1.4090547146284849e-69,0.31230474012718507,0.18610545620069363,GCST90200361,cancerType_celltype,LUAD_Epi_LUAD,tissue,Tumor,Adjacent,group1_higher,5.272363954305386e-69,4.325544090177083e-69
29319,3332,0.2516158175398459,0.5820341740587889,0.2515957355499267,0.5687452256679535,1.0274671205659742,0.9259067158717657,-0.33041835651894297,-0.3171494901180268,,-0.12320976033067235,1.2098779898292695,-19.293343165917285,-19.293343165917285,1.2562370537082162e-79,39764205.0,-17.613847820312166,1.928797243341728e-69,-0.32471317928413074,-0.1859179976093579,GCST90200822,cancerType_celltype,LUAD_Epi_LUAD,tissue,Tumor,Adjacent,group2_higher,4.517812939853031e-79,5.907754253201742e-69
29319,3332,-0.2041316200177126,-0.3892770357898892,-0.2552672922611236,-0.4683010131120682,0.6176390858096152,0.5618326835415993,0.1851454157721766,0.21303372085094457,,0.1319721246206,-0.9312942050800574,17.836614961531644,17.836614961531644,1.0397042263891229e-68,57912500.0,17.58629990475651,3.1370949929254364e-69,0.30243695585740726,0.18562722336453263,GCST90199842,cancerType_celltype,LUAD_Epi_LUAD,tissue,Tumor,Adjacent,group1_higher,3.1773920640546516e-68,9.587131110666749e-69
29319,3332,-0.19445052920012407,-0.47718745719358163,-0.2098139822483062,-0.5130993723869324,0.8854532307176473,0.8955346541604928,0.28273692799345757,0.3032853901386262,,0.12312684724841597,-1.295148565400583,17.28922989912423,17.28922989912423,1.053229572729727e-64,57866140.5,17.496381747240317,1.5266722542793594e-68,0.3189408493347576,0.18467811764017994,GCST90200586,cancerType_celltype,LUAD_Epi_LUAD,tissue,Tumor,Adjacent,group1_higher,3.0674186060483285e-64,4.6551549945923195e-68
29319,3332,-0.12378652536268558,0.07775853052256473,-0.1724907457828521,0.02690738998353475,0.6602308095238019,0.628728034034851,-0.20154505588525032,-0.19939813576638685,,-0.12447628075104143,-0.6707745211416859,-17.443102169258946,-17.443102169258946,7.627614532364182e-66,39831541.5,-17.483243003314808,1.9225086319599478e-68,-0.30672556374744137,-0.18453943533824047,GCST90200050,cancerType_celltype,LUAD_Epi_LUAD,tissue,Tumor,Adjacent,group2_higher,2.269964761487419e-65,5.849060860181716e-68
29319,3332,0.163307282972941,-0.0280810785473642,0.1344746500253677,-0.0693971030414104,0.653697838363812,0.5786472779266819,0.1913883615203052,0.20387175306677813,,0.1487562628113804,2.53987633757453,17.842024736755867,17.842024736755867,8.850413698212725e-69,57816236.0,17.39958776344483,8.310019506629548e-68,0.2960651157003134,0.1836564360728432,GCST90200949,cancerType_celltype,LUAD_Epi_LUAD,tissue,Tumor,Adjacent,group1_higher,2.7108121057671782e-68,2.5226183936605956e-67
29319,3332,-0.12078140745006001,-0.28848584099033125,-0.2179813832044601,-0.4098817706108093,0.6620019212314201,0.6581071645497286,0.16770443354027126,0.19190038740634924,,0.13923612097368318,-1.2560951790677517,13.930408471211843,13.930408471211843,3.8532951859634484e-43,57816055.0,17.399236698689812,8.361102713972722e-68,0.2534809724119405,0.1836527305079405,GCST90200805,cancerType_celltype,LUAD_Epi_LUAD,tissue,Tumor,Adjacent,group1_higher,8.826960232719632e-43,2.532485110921071e-67
29319,3332,0.21001998404838543,-0.1438042531882151,0.1436152756214141,-0.21525961905717844,1.1416224479909134,1.0091455288475442,0.3538242372366005,0.35887489467859257,,0.11507618461113689,0.546417102393973,18.910347411681464,18.910347411681464,1.0219832060923624e-76,57813531.0,17.394341187962326,9.106933601781875e-68,0.31344639765101673,0.1836010573266449,GCST90200476,cancerType_celltype,LUAD_Epi_LUAD,tissue,Tumor,Adjacent,group1_higher,3.4999073113163066e-76,2.7522728379664512e-67
29319,3332,-0.11504911963580773,0.24823977333792047,-0.149123728275299,0.2185290455818176,1.0226088275960532,1.126499533676152,-0.3632888929737282,-0.3676527738571166,,-0.13592709370916578,1.109477612614984,-17.80058204898883,-17.80058204898883,2.903562272066832e-68,39890776.5,-17.368351728377164,1.4328539898767325e-67,-0.3514497303266277,-0.18332673292380497,GCST90200985,cancerType_celltype,LUAD_Epi_LUAD,tissue,Tumor,Adjacent,group2_higher,8.794567504060205e-68,4.320752186287581e-67
29319,3332,-0.127846103676614,-0.30812674184845695,-0.1867477595806121,-0.3863584101200104,0.6265660466826568,0.5913207584131334,0.18028063817184295,0.19961065053939828,,0.13873913896757262,-1.2691091019577074,16.573008052123992,16.573008052123992,8.118109295229879e-60,57797946.0,17.3641127669291,1.542686746640917e-67,0.2893464591819622,0.18328198976305954,GCST90199859,cancerType_celltype,LUAD_Epi_LUAD,tissue,Tumor,Adjacent,group1_higher,2.2489802783329926e-59,4.641682197950485e-67
29319,3332,0.09255121995069268,0.49203376414673466,-0.0102870240807533,0.3853572010993957,1.1575085913441223,1.2585606671419145,-0.399482544196042,-0.395644225180149,,-0.15685988785064395,2.4104207511139357,-17.500290042683144,-17.500290042683144,3.92736702713494e-66,39898265.5,-17.353826181690106,1.845368076875575e-67,-0.34195864861689057,-0.18317341261686293,GCST90200913,cancerType_celltype,LUAD_Epi_LUAD,tissue,Tumor,Adjacent,group2_higher,1.1713350673927622e-65,5.540168918020724e-67
29319,3332,0.2906916760785903,0.5795367816399613,0.2391790002584457,0.5614911615848541,0.9263486120737253,0.9309132339453092,-0.28884510556137094,-0.3223121613264084,,-0.1199142277115018,0.995407993870332,-16.98054120789449,-16.98054120789449,1.47396054650548e-62,39917219.0,-17.31706427100334,3.497573872005717e-67,-0.3116533481917456,-0.1827853826478919,GCST90200313,cancerType_celltype,LUAD_Epi_LUAD,tissue,Tumor,Adjacent,group2_higher,4.185433801847853e-62,1.0477347664931412e-66
29319,3332,-0.33322049983809027,0.08967506525184361,-0.4215156733989715,0.01689958386123175,1.5251066323205529,1.308396773581335,-0.42289556508993387,-0.43841525726020325,,-0.1131718509073885,-1.8936866050572128,-17.36464843427168,-17.36464843427168,2.1476752590790777e-65,39918758.0,-17.31407925079351,3.683738508675557e-67,-0.281100652270448,-0.18275387510985153,GCST90199839,cancerType_celltype,LUAD_Epi_LUAD,tissue,Tumor,Adjacent,group2_higher,6.336106879057972e-65,1.1010823656414e-66
29319,3332,-0.011181330697010718,-0.24710210661660126,-0.0786607414484024,-0.3046590238809585,0.7649423713443478,0.679262704212982,0.23592077591959054,0.2259982824325561,,0.14690624260431517,-4.46582032766025,18.743223188168447,18.743223188168447,1.9187762921449302e-75,57730984.5,17.234235294037447,1.4698667178577927e-66,0.31179829375350865,0.18191110476729322,GCST90199730,cancerType_celltype,LUAD_Epi_LUAD,tissue,Tumor,Adjacent,group1_higher,6.42577908155661e-75,4.383869445164489e-66
29319,3332,-0.2798123255514133,-0.5431766062991875,-0.3259369432926178,-0.5910767018795013,0.8740233617191011,0.7871752012576001,0.26336428074777424,0.26513975858688354,,0.13134105047103933,-0.9569593328958707,18.086944391718866,18.086944391718866,1.524596226920646e-70,57695124.0,17.1646808318968,4.881672189105001e-66,0.3042696955171116,0.1811769422800329,GCST90199967,cancerType_celltype,LUAD_Epi_LUAD,tissue,Tumor,Adjacent,group1_higher,4.843880320029931e-70,1.4527771165393268e-65
29319,3332,0.028898200647278972,-0.17484374231896058,-0.0365492552518844,-0.2650883197784424,0.7959415627441134,0.7530058436124898,0.20374194296623954,0.22853906452655798,,0.14631909286304545,-2.59697292062172,14.712188031778705,14.712188031778705,8.069138361756864e-48,57689577.0,17.153921957885167,5.875113538344682e-66,0.2573578948908329,0.18106338002304168,GCST90200244,cancerType_celltype,LUAD_Epi_LUAD,tissue,Tumor,Adjacent,group1_higher,1.9674840048434e-47,1.744614325220872e-65
29319,3332,0.4441677666668195,0.8262791332439179,0.3970340192317962,0.7822663486003876,1.2776781552129217,1.1384900390040318,-0.3821113665770984,-0.38523232936859136,,-0.10685608755257918,0.8955230324534418,-18.12027579227489,-18.12027579227489,8.433316870592194e-71,40008994.0,-17.139058923533057,7.5869925568456e-66,-0.30226031525701197,-0.18090649746033682,GCST90200414,cancerType_celltype,LUAD_Epi_LUAD,tissue,Tumor,Adjacent,group2_higher,2.6919463453435977e-70,2.2480588815175116e-65
29319,3332,-0.21149647998957158,-0.4322019337756667,-0.2598115503787994,-0.5067928731441498,0.734959402706475,0.7046914496788727,0.2207054537860951,0.2469813227653504,,0.12145871583240593,-1.0310683915712704,17.05520956378672,17.05520956378672,4.087225288221939e-63,57675227.5,17.126089893232212,9.48185572036221e-66,0.3015395674518044,0.18076960652264584,GCST90199775,cancerType_celltype,LUAD_Epi_LUAD,tissue,Tumor,Adjacent,group1_higher,1.172818540599264e-62,2.803420682614684e-65
29319,3332,0.7663411276670086,0.4333694459434634,0.7180651426315308,0.3645550608634949,1.100721323095946,0.9168459162560725,0.3329716817235452,0.3535100817680359,,0.12689659901220382,0.8223878452900774,19.432290028261264,19.432290028261264,7.810060708823784e-81,57674239.0,17.124172614169566,9.79943673525402e-66,0.30734182765275914,0.18074936922482077,GCST90200737,cancerType_celltype,LUAD_Epi_LUAD,tissue,Tumor,Adjacent,group1_higher,2.8615894478835534e-80,2.8910459459201797e-65
29319,3332,0.414584976832323,0.13491844190393268,0.4167176783084869,0.11852635070681565,0.9649363034884411,0.8166802554790553,0.27966653492839033,0.2981913276016712,,0.14673443424788557,1.6195730630654344,18.363869450158493,18.363869450158493,1.149557462810985e-72,57648559.5,17.07436505960282,2.3032145772448207e-65,0.2941164757233223,0.1802236396451551,GCST90200721,cancerType_celltype,LUAD_Epi_LUAD,tissue,Tumor,Adjacent,group1_higher,3.739491221506856e-72,6.780305548131081e-65
29319,3332,0.14712480135620018,0.4799823704917519,0.059094738215208,0.406510666012764,1.0826999253216394,1.07617126937159,-0.33285756913555176,-0.347415927797556,,-0.1067797278238545,1.705934149802052,-16.907771097086297,-16.907771097086297,4.592619111254576e-62,40044533.0,-17.070128037739035,2.4766027805017027e-65,-0.3076216298543543,-0.18017891695714405,GCST90200895,cancerType_celltype,LUAD_Epi_LUAD,tissue,Tumor,Adjacent,group2_higher,1.3014012159334693e-61,7.275020667723752e-65
29319,3332,-0.23087652260388558,0.08417275923687081,-0.2769964933395386,0.0530879534780979,0.9920860113437437,0.9886980508913331,-0.3150492818407564,-0.3300844468176365,,-0.1304382631628397,-1.4556852691263238,-17.423747559644944,-17.423747559644944,1.1524934776709465e-65,40052026.0,-17.055594732714848,3.1762889777577148e-65,-0.31767297908557723,-0.18002551475926498,GCST90200857,cancerType_celltype,LUAD_Epi_LUAD,tissue,Tumor,Adjacent,group2_higher,3.414888282751087e-65,9.310283605771538e-65
29319,3332,-0.1774144156344291,0.08019465039586456,-0.2170550376176834,0.018382957205176298,0.860786546229212,0.7542846525605166,-0.25760906603029365,-0.2354379948228597,,-0.12280543262914306,-1.1455354750538438,-18.399519772411562,-18.399519772411562,6.944593796613719e-73,40060721.5,-17.03872907759169,4.238492750227927e-65,-0.302879976784119,-0.17984749409842726,GCST90200056,cancerType_celltype,LUAD_Epi_LUAD,tissue,Tumor,Adjacent,group2_higher,2.269899603065827e-72,1.2397136520516447e-64
29319,3332,-0.7038840480487433,-0.26396553876754153,-0.8072479367256165,-0.4397863447666168,1.3250657633168108,1.3372706309005973,-0.43991850928120174,-0.36746159195899963,,-0.13715376916973923,-1.414984779987406,-18.010873449289914,-18.010873449289914,7.286711455120088e-70,40069174.5,-17.02233377165689,5.609068448411723e-65,-0.33168451159848716,-0.17967443807564976,GCST90200172,cancerType_celltype,LUAD_Epi_LUAD,tissue,Tumor,Adjacent,group2_higher,2.277932961772633e-69,1.6370792923308735e-64
29319,3332,-0.12841930707500956,0.10827127443251981,-0.1782931685447693,0.07927404716610906,0.7692365589334865,0.7448077766631575,-0.23669058150752936,-0.25756721571087837,,-0.12490475321407393,-0.24620949804299436,-17.323799568069827,-17.323799568069827,5.506566581435394e-65,40072425.0,-17.01602915294861,6.246691881582362e-65,-0.30868126465795,-0.1796078914529078,GCST90200247,cancerType_celltype,LUAD_Epi_LUAD,tissue,Tumor,Adjacent,group2_higher,1.610611641737434e-64,1.819282272349735e-64
29319,3332,-0.20402712597236902,-0.3912459019405445,-0.2911367416381836,-0.47766318917274475,0.7240713325463868,0.6551967381753931,0.18721877596817546,0.18652644753456116,,0.15070480782022627,-0.9393112818838296,15.45636332422935,15.45636332422935,1.7100956887578312e-52,57611065.5,17.001642286537706,7.985248928210902e-65,0.2609875937518985,0.179456034946466,GCST90200129,cancerType_celltype,LUAD_Epi_LUAD,tissue,Tumor,Adjacent,group1_higher,4.389567653063887e-52,2.3206597631453007e-64
29319,3332,-0.19231167087328135,0.029719703003468153,-0.2203147858381271,0.023690831847488852,0.7551597000393366,0.7091633830390889,-0.2220313738767495,-0.24400561768561596,,-0.11711334535286526,-2.693913674006141,-17.00979974117667,-17.00979974117667,8.099973486525315e-63,40100324.5,-16.961915721276075,1.5713922212123997e-64,-0.295806735433294,-0.17903671240316443,GCST90200044,cancerType_celltype,LUAD_Epi_LUAD,tissue,Tumor,Adjacent,group2_higher,2.314520725814257e-62,4.557037441515959e-64
29319,3332,-0.008643445794759846,-0.2288044830412062,-0.0535037815570831,-0.26909954845905304,0.7297010221923583,0.6663152782372141,0.22016103724644637,0.21559576690196994,,0.13922758366866186,-4.726204340698258,17.892344971434436,17.892344971434436,4.1442104043751215e-69,57589384.0,16.95958918992995,1.6348612617730558e-64,0.3043047988547262,0.17901215535840853,GCST90200825,cancerType_celltype,LUAD_Epi_LUAD,tissue,Tumor,Adjacent,group1_higher,1.2808523313295443e-68,4.731031634387845e-64
29319,3332,-0.024666328719777104,-0.27191916447703596,-0.0756936594843864,-0.3212448358535766,0.8014069250913793,0.7314021263185277,0.24725283575725884,0.24555117636919022,,0.11896927831308132,-3.4625097431037846,18.304751216669114,18.304751216669114,3.944423685072287e-72,57565541.5,16.913344651689034,3.587619001294832e-64,0.3111870555693493,0.17852403419159546,GCST90200081,cancerType_celltype,LUAD_Epi_LUAD,tissue,Tumor,Adjacent,group1_higher,1.2709809651899592e-71,1.036000995501029e-63
29319,3332,0.14439023567413348,0.42998235461677237,0.0851274132728576,0.417832925915718,0.935272460681084,0.9600460216539323,-0.2855921189426389,-0.3327055126428604,,-0.13735905810701302,1.5742976362163397,-16.314164035414326,-16.314164035414326,5.1634679856097494e-58,40128389.5,-16.907481288404885,3.962935298588914e-64,-0.3045244171241389,-0.17846214511589964,GCST90199769,cancerType_celltype,LUAD_Epi_LUAD,tissue,Tumor,Adjacent,group2_higher,1.4132142297964034e-57,1.1419621166969746e-63
29319,3332,0.23389065009936144,0.023019677464905658,0.2028285861015319,-0.019232347607612547,0.7652008851120211,0.6843766336028652,0.21087097263445578,0.22206093370914445,,0.14486596401407578,3.344838162974731,16.642818973861882,16.642818973861882,2.4539998683324105e-60,57550974.0,16.885089757662627,5.792910088385287e-64,0.27843263975462546,0.1782257976351289,GCST90199678,cancerType_celltype,LUAD_Epi_LUAD,tissue,Tumor,Adjacent,group1_higher,6.826126164361378e-60,1.6657671836432798e-63
29319,3332,0.09541294774668742,-0.2548477996807888,-0.0770367905497551,-0.3720227032899856,1.1386938127062107,0.9720826973011287,0.3502607474274762,0.2949859127402305,,0.15634541119055467,-1.4173694762972224,19.34517736281017,19.34517736281017,4.0941222914874555e-80,57537397.5,16.858756991659572,9.047324904691596e-64,0.3119450247110455,0.17794784955832332,GCST90200620,cancerType_celltype,LUAD_Epi_LUAD,tissue,Tumor,Adjacent,group1_higher,1.4841193306642026e-79,2.596106072651504e-63
29319,3332,-0.035786276006767655,-0.2266840596431588,-0.0975609049201011,-0.2881623655557632,0.6569888303575072,0.6195273370133505,0.19089778363639115,0.19060146063566208,,0.1405474788740509,-2.663170668570233,16.74849273112203,16.74849273112203,5.1642263221264466e-61,57527453.5,16.839469765560477,1.2535674518246753e-63,0.2922209368890737,0.17774426868875048,GCST90200394,cancerType_celltype,LUAD_Epi_LUAD,tissue,Tumor,Adjacent,group1_higher,1.4423853436594973e-60,3.58952192612822e-63
29319,3332,0.1539492253953708,-0.02413506191033357,0.1817427277565002,-0.01409330358728765,0.6845634052345132,0.6598350184527012,0.17808428730570436,0.19583603134378785,,0.1306315805007483,2.6732017722973267,14.705627796942213,14.705627796942213,9.039655739837157e-48,57526570.0,16.83775614284743,1.290396503071767e-63,0.2610894282287504,0.1777261810280235,GCST90200068,cancerType_celltype,LUAD_Epi_LUAD,tissue,Tumor,Adjacent,group1_higher,2.2001876381067933e-47,3.6872336135992e-63
29319,3332,-0.4542316106292069,-0.6489307982178457,-0.5162565112113953,-0.741681694984436,0.6897177800648426,0.6567535639394803,0.1946991875886388,0.22542518377304077,,0.1371208674987247,-0.514635576180625,16.131401115398656,16.131401115398656,7.52216737172322e-57,57511486.5,16.80850042333157,2.1145651164368374e-63,0.28364144769567384,0.17741738054067424,GCST90200383,cancerType_celltype,LUAD_Epi_LUAD,tissue,Tumor,Adjacent,group1_higher,2.0262280884701085e-56,6.029607225320941e-63
29319,3332,-0.25361674560975395,-0.5566115515883219,-0.3002651929855346,-0.5764710009098053,0.9709600228667352,0.928359486984471,0.3029948059785679,0.2762058079242707,,0.13389604643908515,-1.134017747500371,17.767542040346907,17.767542040346907,3.7031723249408494e-68,57493514.0,16.773641244825335,3.804686732465777e-63,0.3134321850379339,0.1770494343240212,GCST90200892,cancerType_celltype,LUAD_Epi_LUAD,tissue,Tumor,Adjacent,group1_higher,1.1166866988704376e-67,1.0826279783613475e-62
29319,3332,0.16667390902184936,0.43032406091108405,0.1401661783456802,0.3983774930238724,0.9003205448581831,0.7856059964287782,-0.2636501518892347,-0.25821131467819214,,-0.10837843925829248,1.3683899215685678,-18.070358652334296,-18.070358652334296,1.847036675798498e-70,40203131.5,-16.762512880008003,4.5882282637965e-63,-0.29647098851973563,-0.17693197201115174,GCST90200212,cancerType_celltype,LUAD_Epi_LUAD,tissue,Tumor,Adjacent,group2_higher,5.841092782165551e-70,1.3028656507405478e-62
29319,3332,-0.0930942836679029,-0.2779442086508951,-0.1622309386730194,-0.32958877086639404,0.674869125278343,0.6708586855453964,0.1848499249829922,0.16735783219337463,,0.1526828397887331,-1.5780205265711567,15.062653583076512,15.062653583076512,5.897970298685464e-50,57486520.5,16.76007676214995,4.780144435723473e-63,0.2740705691033988,0.17690625825690964,GCST90199804,cancerType_celltype,LUAD_Epi_LUAD,tissue,Tumor,Adjacent,group1_higher,1.4696404967291201e-49,1.3545398889586474e-62
29319,3332,-0.362131273053328,-0.09656880198684265,-0.3881869912147522,-0.15092638880014414,0.8560543742566401,0.7495459861023657,-0.26556247106648534,-0.23726060241460806,,-0.1239868193448444,-1.9068727303746902,-19.085555292786335,-19.085555292786335,4.533736162785509e-78,40223853.5,-16.722320814518717,9.014099922609137e-63,-0.31397692597827054,-0.17650773601162562,GCST90200156,cancerType_celltype,LUAD_Epi_LUAD,tissue,Tumor,Adjacent,group2_higher,1.5926501004836722e-77,2.5490079241734968e-62
29319,3332,0.11950129580126588,0.45881705554395324,0.040239255875349,0.3749154508113861,0.9920511784180586,1.0831509232825025,-0.33931575974268735,-0.3346761949360371,,-0.14080357327948,1.940883831231483,-17.27803486407942,-17.27803486407942,1.4549644121894043e-64,40230439.5,-16.709546712438204,1.1168304980647623e-62,-0.33873138928686797,-0.17637290258372862,GCST90200109,cancerType_celltype,LUAD_Epi_LUAD,tissue,Tumor,Adjacent,group2_higher,4.2283933770024694e-64,3.1516355462986974e-62
29319,3332,-0.27682668931852283,-0.041541037384326754,-0.3370498716831207,-0.07693310081958765,0.8544075779460181,0.7568323072151727,-0.2352856519341961,-0.2601167708635331,,-0.11630997956777313,-2.736344375380071,-16.771657900597543,-16.771657900597543,3.1606716159727464e-61,40249018.5,-16.673511176065002,2.042402090228671e-62,-0.2784548353852563,-0.1759925396537414,GCST90199812,cancerType_celltype,LUAD_Epi_LUAD,tissue,Tumor,Adjacent,group2_higher,8.882464768187328e-61,5.751640597069583e-62
29319,3332,0.3096757098317519,0.027395296491099484,0.2607135474681854,-0.040191780775785405,0.9527269327406326,0.8393211061237884,0.2822804133406524,0.3009053282439708,,0.13809254751709868,3.498710100992851,18.131382447059437,18.131382447059437,6.769562818158211e-71,57424971.5,16.64069728918402,3.5348360743842867e-62,0.2997299390639134,0.17564618193537518,GCST90199860,cancerType_celltype,LUAD_Epi_LUAD,tissue,Tumor,Adjacent,group1_higher,2.1659422819600098e-70,9.933982617290273e-62
29319,3332,-0.05095726599109492,-0.20998040677277524,-0.0969758108258247,-0.25062716007232666,0.555368988891288,0.514897470802725,0.1590231407816803,0.15365134924650198,,0.12796190800757296,-2.0428734957182537,16.754358217448047,16.754358217448047,4.555661033594254e-61,57411790.5,16.615131628764452,5.4156727172580145e-62,0.28841143266018654,0.17537633082497295,GCST90200543,cancerType_celltype,LUAD_Epi_LUAD,tissue,Tumor,Adjacent,group1_higher,1.275023816999788e-60,1.5188398999223608e-61
29319,3332,0.22241817727364604,0.5744067693425894,0.1230916231870651,0.5718016624450684,1.1514254478174433,1.1989479016268634,-0.35198859206894334,-0.44871003925800323,,-0.11945294346436343,1.3687940784567505,-16.122627840718312,-16.122627840718312,9.868010976360982e-57,40309378.0,-16.55643883860238,1.4386302406413851e-61,-0.304392720030141,-0.1747568156496201,GCST90199772,cancerType_celltype,LUAD_Epi_LUAD,tissue,Tumor,Adjacent,group2_higher,2.6528794794437906e-56,4.026392234074349e-61
29319,3332,-0.3954982366346217,-0.7607098319444756,-0.5209235548973083,-0.8015990555286407,1.168929810287934,0.847317247929165,0.3652115953098539,0.2806755006313324,,0.16062626625200727,-0.9436732379669309,22.559634961996743,22.559634961996743,2.652080640911763e-107,57353263.0,16.501612609706246,3.572296458442416e-61,0.3202823142881312,0.17417811287003282,GCST90199752,cancerType_celltype,LUAD_Epi_LUAD,tissue,Tumor,Adjacent,group1_higher,1.3744433131417236e-106,9.977541132903715e-61
29319,3332,0.3929163189486211,0.661837216767958,0.3499735295772552,0.6751095354557037,0.8191313808670533,0.9394121366438901,-0.2689208978193369,-0.32513600587844854,,-0.15198865709778472,0.7522528400406505,-15.8534773577622,-15.8534773577622,6.489417267206575e-55,40338964.5,-16.499053328246294,3.7269553276553684e-61,-0.3231446689555976,-0.17415109909716475,GCST90200155,cancerType_celltype,LUAD_Epi_LUAD,tissue,Tumor,Adjacent,group2_higher,1.7141619641865432e-54,1.0388221087104841e-60
29319,3332,0.19564284506939594,-0.15765142645983143,0.1270704269409179,-0.23656401783227915,1.1811024751764696,1.0551821745612318,0.3532942715292274,0.36363444477319706,,0.1272907335244367,0.31148234895097604,18.082341229602378,18.082341229602378,1.611590451915211e-70,57339798.5,16.475497077142762,5.503523019077933e-61,0.302251008808019,0.17390245773946544,GCST90200240,cancerType_celltype,LUAD_Epi_LUAD,tissue,Tumor,Adjacent,group1_higher,5.1083669440940295e-70,1.530877933674127e-60
29319,3332,0.0026195680674372087,-0.1503971690377197,-0.0395648628473281,-0.18343497067689896,0.6078437595238997,0.6248829612138519,0.15301673710515692,0.14387010782957085,,0.12851529516012258,-5.842763610919008,13.431186572042177,13.431186572042177,2.8141487029761013e-40,57328407.5,16.453403272587774,7.928651304560577e-61,0.2510100633612263,0.17366925282340495,GCST90200672,cancerType_celltype,LUAD_Epi_LUAD,tissue,Tumor,Adjacent,group1_higher,6.30869191144149e-40,2.2009677654004206e-60
29319,3332,-0.16892915634425126,-0.404298735681025,-0.2104189842939376,-0.47783154249191284,0.8190755942578383,0.7513281034885905,0.23536957933677372,0.26741255819797527,,0.12985670007750885,-1.2589983684859851,16.973160778109335,16.973160778109335,1.3850312722707093e-62,57322205.5,16.441373970871506,9.670302634924915e-61,0.2897132649489249,0.17354228092546742,GCST90200850,cancerType_celltype,LUAD_Epi_LUAD,tissue,Tumor,Adjacent,group1_higher,3.941122388528135e-62,2.678988311260703e-60
29319,3332,-0.4458602346757316,-0.22121664614595615,-0.5052903890609741,-0.25790180265903473,0.8576141949288344,0.7350329712715636,-0.22464358852977545,-0.2473885864019394,,-0.11564655072579459,-1.0111282988145542,-16.41733734912439,-16.41733734912439,7.620521706565557e-59,40395357.0,-16.38967532162992,2.2665556369052834e-60,-0.2655606483025291,-0.17299659042988935,GCST90200124,cancerType_celltype,LUAD_Epi_LUAD,tissue,Tumor,Adjacent,group2_higher,2.0983375931411826e-58,6.266359702032255e-60
29319,3332,0.054044991385587035,-0.10299685163573952,0.0513760298490524,-0.11233380064368245,0.6302266308040583,0.5931327929553774,0.15704184302132657,0.16370983049273485,,0.128614358077294,-0.9303547237685708,14.3880712660324,14.3880712660324,7.308905920708174e-46,57295278.5,16.389146784913105,2.286347935238577e-60,0.25064824675300107,0.17299101160980102,GCST90200077,cancerType_celltype,LUAD_Epi_LUAD,tissue,Tumor,Adjacent,group1_higher,1.750797674855051e-45,6.308283877996317e-60
29319,3332,0.027999558210879794,0.4518136755807679,-0.0320620276033878,0.33296066522598267,1.3207651484668483,1.292526761225388,-0.4238141173698881,-0.36502269282937044,,-0.11722667761055691,4.01220363855802,-17.895262154602303,-17.895262154602303,4.680179706553826e-69,40405164.0,-16.37065381857744,3.098720932624261e-60,-0.32158001730196784,-0.17279581432491142,GCST90200009,cancerType_celltype,LUAD_Epi_LUAD,tissue,Tumor,Adjacent,group2_higher,1.4432318868852633e-68,8.532437638720944e-60
29319,3332,-0.01670837840906444,0.2660901946847753,-0.0599187836050987,0.22688793390989298,0.9988629606715361,0.8985937430640902,-0.2827985730938397,-0.28680671751499165,,-0.12074887435621803,3.9931907993556406,-17.011130420917333,-17.011130420917333,7.244467902183662e-63,40410053.0,-16.361171191023292,3.62102245847825e-60,-0.2859154025190289,-0.17269572312706927,GCST90199648,cancerType_celltype,LUAD_Epi_LUAD,tissue,Tumor,Adjacent,group2_higher,2.074413813167297e-62,9.950511312310192e-60
29319,3332,0.28953154462173397,0.6498629170318079,0.1880910098552703,0.5582707524299622,1.248054075890171,1.168673704650683,-0.3603313724100739,-0.3701797425746919,,-0.11392664077659474,1.1664121241253043,-16.74546353411927,-16.74546353411927,5.344206763440538e-61,40421619.5,-16.33873698942683,5.232643633484332e-60,-0.290545744038121,-0.1724589252461447,GCST90200354,cancerType_celltype,LUAD_Epi_LUAD,tissue,Tumor,Adjacent,group2_higher,1.4896020078874138e-60,1.4350288274525441e-59
29319,3332,0.2654839654407465,0.5848589686756563,0.1846212148666381,0.5261391997337341,1.14415599244632,1.047847874555365,-0.31937500323490986,-0.34151798486709606,,-0.10885202957275311,1.1394610830246967,-16.51057415156686,-16.51057415156686,2.0329035023578024e-59,40426193.5,-16.329865330921475,6.051874700658401e-60,-0.2814608973783057,-0.1723652829595974,GCST90200531,cancerType_celltype,LUAD_Epi_LUAD,tissue,Tumor,Adjacent,group2_higher,5.620380271224512e-59,1.6563665094372291e-59
29319,3332,0.0185091333091563,-0.19343425989976895,-0.0209346674382686,-0.23286836594343185,0.7404712919652915,0.7289457943139532,0.21194339320892525,0.21193369850516325,,0.12100005442218854,-3.3854636065366437,15.878093093751065,15.878093093751065,3.6669070640216884e-55,57241814.0,16.2854478810741,1.252111198836542e-59,0.28667976468852513,0.17189644710846586,GCST90200848,cancerType_celltype,LUAD_Epi_LUAD,tissue,Tumor,Adjacent,group1_higher,9.704843355847691e-55,3.420095318665745e-59
29319,3332,0.10808463576194836,-0.08499892454880924,0.0619435384869575,-0.11676710471510884,0.671193646982684,0.5865233285661954,0.1930835603107576,0.17871064320206634,,0.14349824413770934,0.346641340479916,17.729040765846282,17.729040765846282,5.604858875546844e-68,57231700.5,16.265831895439224,1.7251087437503112e-59,0.29120483647922646,0.17168939611043443,GCST90200561,cancerType_celltype,LUAD_Epi_LUAD,tissue,Tumor,Adjacent,group1_higher,1.686406765423918e-67,4.702646435463348e-59
29319,3332,0.06307870354961509,-0.12805662796371467,0.0141615364700555,-0.18400986492633814,0.6622010423529446,0.6193646934856338,0.19113533151332976,0.19817140139639364,,0.12084682221348211,-1.0215454068590974,16.7581122216908,16.7581122216908,4.368061594588868e-61,57226621.0,16.25597977707937,2.0260656864864745e-59,0.2904975725787456,0.17158540485671403,GCST90200283,cancerType_celltype,LUAD_Epi_LUAD,tissue,Tumor,Adjacent,group1_higher,1.2250345583178246e-60,5.512030999363403e-59
29319,3332,-0.3158480116185166,0.01672408145739256,-0.3781053721904754,-0.0440712478011846,1.1909478680609724,1.0463269172018883,-0.3325720930759092,-0.3340341243892908,,-0.11828164945953863,-4.239149915161749,-17.129512287705072,-17.129512287705072,1.0275960519737317e-63,40473390.5,-16.2383227715692,2.702157539853439e-59,-0.28255738543477477,-0.17139903132029444,GCST90200018,cancerType_celltype,LUAD_Epi_LUAD,tissue,Tumor,Adjacent,group2_higher,2.967401311102111e-63,7.336734515578162e-59
29319,3332,0.13701985109920906,-0.11994629466632115,0.0595007613301277,-0.16906793415546414,0.8501344641601415,0.6667443765688494,0.25696614576553023,0.22856869548559183,,0.13646748854274465,0.1919948325513644,20.438711347686638,20.438711347686638,5.46809469492953e-89,57202848.5,16.209871009738187,4.294758179226925e-59,0.30838093209955864,0.17109871678129962,GCST90199762,cancerType_celltype,LUAD_Epi_LUAD,tissue,Tumor,Adjacent,group1_higher,2.2115765783943472e-88,1.1637684688441945e-58
29319,3332,-0.34572680814861484,-0.6796915256125765,-0.4608162343502044,-0.757658988237381,1.1075664879163136,1.0254677486155706,0.33396471746396167,0.29684275388717657,,0.14068855214155576,-0.975245608498995,17.66437144865733,17.66437144865733,1.8908449218619016e-67,57190492.5,16.185905506351176,6.341112649061644e-59,0.30375029423013356,0.1708457556766696,GCST90200712,cancerType_celltype,LUAD_Epi_LUAD,tissue,Tumor,Adjacent,group1_higher,5.664223359335762e-67,1.71486836124425e-58
29319,3332,-0.12681501594956976,-0.3262971989702996,-0.1771080046892166,-0.3916413933038711,0.7096670099494424,0.6205121361296829,0.19948218302072981,0.21453338861465449,,0.1316361801382717,-1.3634540653999982,17.314601321368922,17.314601321368922,5.082483353590906e-65,57186928.5,16.17899282797053,7.0946592251065275e-59,0.28453126393669415,0.17077279085173402,GCST90199932,cancerType_celltype,LUAD_Epi_LUAD,tissue,Tumor,Adjacent,group1_higher,1.4897687765471839e-64,1.914855549271326e-58
29319,3332,0.0023761714857247524,-0.16751635303262227,-0.0363367535173893,-0.21010413020849225,0.6175853871044048,0.5813612982791024,0.16989252451834702,0.17376737669110295,,0.11049373812895243,-6.138920760115374,15.881004308461279,15.881004308461279,3.278829764968701e-55,57157678.0,16.12225901793316,1.779851687012448e-58,0.27670353506151824,0.1701739531379931,GCST90200638,cancerType_celltype,LUAD_Epi_LUAD,tissue,Tumor,Adjacent,group1_higher,8.694640018778871e-55,4.79434357588531e-58
29319,3332,0.06938278226738949,-0.15739986189531927,0.0176635179668664,-0.225180871784687,0.8092209530074491,0.7984074748851758,0.22678264416270877,0.2428443897515534,,0.11462666134781241,-1.1817730483131708,15.515314114138123,15.515314114138123,8.1189577463570205e-53,57150887.5,16.109088270866998,2.2025077010290674e-58,0.2806284042168157,0.1700349330359383,GCST90200337,cancerType_celltype,LUAD_Epi_LUAD,tissue,Tumor,Adjacent,group1_higher,2.099836699864254e-52,5.921140032549544e-58
29319,3332,-0.122692111923077,0.11202384569088365,-0.1630599051713943,0.09123431518673895,0.7689339494877083,0.7948736060678214,-0.23471595761396064,-0.25429422035813326,,-0.12196745518400245,-0.131235518122742,-16.205064132751552,-16.205064132751552,2.778314551352241e-57,40547803.0,-16.093993456193203,2.8111023904604938e-58,-0.3041857944133393,-0.16987560398148827,GCST90201005,cancerType_celltype,LUAD_Epi_LUAD,tissue,Tumor,Adjacent,group2_higher,7.528514380701997e-57,7.542386925585931e-58
29319,3332,0.06299007783569123,-0.09292515755718306,0.0089208176359534,-0.18083573877811432,0.6387161873170152,0.6432505775506486,0.15591523539287427,0.18975655641406772,,0.1121889696925277,-0.5609372571960929,13.267794508224263,13.267794508224263,2.2684095110589314e-39,57134920.5,16.07811892863809,3.632476362085308e-58,0.24392998386676681,0.16970804488786206,GCST90200939,cancerType_celltype,LUAD_Epi_LUAD,tissue,Tumor,Adjacent,group1_higher,5.019224291515136e-39,9.727043775092877e-58
29319,3332,0.08226038614937342,-0.12400179909728636,0.0586609430611133,-0.19118537753820414,0.749594972611559,0.6837838030673997,0.2062621852466598,0.24984632059931744,,0.12334144070105775,-0.5920853993699409,16.33255884148154,16.33255884148154,3.190102012946562e-58,57123098.0,16.05518819346547,5.25800218003014e-58,0.2775520979581143,0.1694660059869646,GCST90200152,cancerType_celltype,LUAD_Epi_LUAD,tissue,Tumor,Adjacent,group1_higher,8.74871034938866e-58,1.4052268571335453e-57
29319,3332,-0.4547266094478961,-0.21946405428211221,-0.5444984436035156,-0.25376252830028534,0.8764510622134606,0.8400654831133393,-0.2352625551657839,-0.2907359153032303,,-0.10927678247848248,-1.0510113663061085,-15.249869881137098,-15.249869881137098,3.784296112162005e-51,40574152.5,-16.042886380157594,6.410543547257204e-58,-0.2695466442956083,-0.1693361576698622,GCST90200826,cancerType_celltype,LUAD_Epi_LUAD,tissue,Tumor,Adjacent,group2_higher,9.55184370532743e-51,1.709896449102068e-57
29319,3332,0.005088022675606715,-0.12705985831362757,-0.0350267626345157,-0.1833202093839645,0.600495560014308,0.5823286557438371,0.13214788098923427,0.1482934467494488,,0.09921784753190481,-4.641987239990181,12.372891268552618,12.372891268552618,1.4666108860674377e-34,57110851.5,16.031435074557326,7.708310880758829e-58,0.2207367455234643,0.1692152866467369,GCST90200729,cancerType_celltype,LUAD_Epi_LUAD,tissue,Tumor,Adjacent,group1_higher,3.047241825777313e-34,2.0520366661082588e-57
29319,3332,-0.060114963901352826,-0.27180224492215915,-0.1112696006894111,-0.3259960860013961,0.7368488850505461,0.6701593474866995,0.21168728102080633,0.21472648531198502,,0.13550091190486985,-2.176742622652998,17.096782748837718,17.096782748837718,1.8792087058295712e-63,57103384.5,16.016952198724468,9.730569077496577e-58,0.28985395880798015,0.16906241673994882,GCST90200946,cancerType_celltype,LUAD_Epi_LUAD,tissue,Tumor,Adjacent,group1_higher,5.415140520181196e-63,2.585334435210104e-57
29319,3332,0.23671788009216588,0.5865198134529974,0.2017495036125183,0.5233835279941559,1.2418429305691798,1.0562008834261927,-0.34980193336083154,-0.3216340243816376,,-0.10051863009822536,1.309007528743498,-17.772207491350986,-17.772207491350986,2.5435347220512474e-68,40603299.0,-15.98635428688554,1.59074419540233e-57,-0.2857408090740224,-0.16873944912048522,GCST90200884,cancerType_celltype,LUAD_Epi_LUAD,tissue,Tumor,Adjacent,group2_higher,7.721242374511916e-68,4.2182574675746613e-57
29319,3332,0.10967483529336755,-0.08723281161275948,0.0479939095675945,-0.15167988836765284,0.7199707714239638,0.6708396417780694,0.19690764690612703,0.19967379793524734,,0.14627636030955052,0.33028636039973874,15.932494126338486,15.932494126338486,1.484780811409857e-55,57085059.0,15.981408346966726,1.722134178132022e-57,0.2753518584916436,0.16868724364809884,GCST90200258,cancerType_celltype,LUAD_Epi_LUAD,tissue,Tumor,Adjacent,group1_higher,3.9603840429581906e-55,4.55780365979407e-57
29319,3332,-0.1787471681410357,-0.39990793059616786,-0.2466709911823272,-0.48495870828628534,0.7875256761966434,0.7581106504679941,0.22116076245513216,0.23828771710395816,,0.12666264993853923,-1.1617430423171813,15.893091334792059,15.893091334792059,2.8298488780448324e-55,57062355.5,15.937372995222878,3.487132006066912e-57,0.2818860184301625,0.1682224409256181,GCST90199907,cancerType_celltype,LUAD_Epi_LUAD,tissue,Tumor,Adjacent,group1_higher,7.53336722807638e-55,9.211164581917057e-57
29319,3332,-0.14976460411517878,-0.32021185918166084,-0.2035181671380996,-0.3897785097360611,0.6726625602990679,0.6070568433321818,0.17044725506648206,0.1862603425979615,,0.1343970525745397,-1.0963249194999316,15.182692471491725,15.182692471491725,9.235533094061338e-51,57061388.0,15.935496447430152,3.59341119807719e-57,0.2558249587521953,0.1682026335552127,GCST90199933,cancerType_celltype,LUAD_Epi_LUAD,tissue,Tumor,Adjacent,group1_higher,2.3225150566800006e-50,9.473538613112593e-57
29319,3332,0.016469146712485325,0.3335740556482064,-0.0877500027418136,0.2545953392982483,1.1471187167372352,1.0576598066756722,-0.3171049089357211,-0.3423453420400619,,-0.11357141494138691,4.340086098323544,-16.254117136077504,-16.254117136077504,1.0882739123869851e-57,40648065.5,-15.899525887130396,6.384709694719397e-57,-0.27857424467627234,-0.16782295646182344,GCST90199715,cancerType_celltype,LUAD_Epi_LUAD,tissue,Tumor,Adjacent,group2_higher,2.9548154234730296e-57,1.6799921455410303e-56
29319,3332,-0.06468866789250766,-0.21557819050754623,-0.0902003571391105,-0.2571550458669662,0.5457744814819945,0.5190378444894668,0.15088952261503857,0.16695468872785568,,0.12163024570569167,-1.736610712619828,15.816473373600973,15.816473373600973,8.779297921299359e-55,57022865.0,15.860777842138976,1.1841992198586242e-56,0.27782651856216883,0.1674139624129607,GCST90200146,cancerType_celltype,LUAD_Epi_LUAD,tissue,Tumor,Adjacent,group1_higher,2.3145421792516492e-54,3.1099490109196627e-56
29319,3332,0.3598395269524176,0.7722255718347043,0.2848670482635498,0.6555231809616089,1.4162198760540694,1.2920413005893034,-0.4123860448822867,-0.3706561326980591,,-0.11250929118783341,1.1016665184500778,-17.281738387882278,-17.281738387882278,9.565870445552294e-65,40715074.0,-15.769557253777496,5.04026313878677e-56,-0.29371100054376437,-0.16645110924754636,GCST90200501,cancerType_celltype,LUAD_Epi_LUAD,tissue,Tumor,Adjacent,group2_higher,2.7919232156933143e-64,1.32113051118584e-55
29319,3332,0.13019321681972806,-0.0751837594277308,0.0628513991832733,-0.15056914836168284,0.7664265676778608,0.6801445874723102,0.20537697624745888,0.21342054754495615,,0.12667073915270394,0.7921532154911157,16.29413400399466,16.29413400399466,5.4848468327460584e-58,56971294.0,15.760751541137724,5.794075036977711e-56,0.27091954826122083,0.16635816303396433,GCST90200092,cancerType_celltype,LUAD_Epi_LUAD,tissue,Tumor,Adjacent,group1_higher,1.4981655777620996e-57,1.5158012044914819e-55
29319,3332,0.07701360426626175,-0.09233907393248424,0.0477052815258502,-0.15201480686664576,0.681846996664949,0.6055253158902422,0.169352678198746,0.19972008839249594,,0.12606780861943664,-0.26182483772338727,15.093160756397987,15.093160756397987,3.29003344851158e-50,56965114.0,15.748764910275655,7.003689805834423e-56,0.25109520233885424,0.16623164153618064,GCST90200626,cancerType_celltype,LUAD_Epi_LUAD,tissue,Tumor,Adjacent,group1_higher,8.213032216705647e-50,1.8287412270789883e-55
29319,3332,-0.1016644760371191,-0.2422081076643541,-0.1855911761522293,-0.34327103197574615,0.6505043522778646,0.6568637452243014,0.140543631627235,0.15767985582351685,,0.11415021305107695,-1.2524232686762706,11.714995530299422,11.714995530299422,3.3306698214364783e-31,56937938.5,15.696055737623205,1.6094509886226118e-55,0.21583710988394716,0.1656752847460483,GCST90200031,cancerType_celltype,LUAD_Epi_LUAD,tissue,Tumor,Adjacent,group1_higher,6.617642808480933e-31,4.19442007168761e-55
29319,3332,-0.3975741863175897,-0.6419167495596707,-0.4975689053535461,-0.7326110601425171,0.9288919631061846,0.8365088548476345,0.24434256324208103,0.235042154788971,,0.11878577019762912,-0.6911607358307179,15.79075988357275,15.79075988357275,1.184623436704168e-54,56933674.0,15.687784380453094,1.8334684481017033e-55,0.2656210069110663,0.16558797877075726,GCST90200611,cancerType_celltype,LUAD_Epi_LUAD,tissue,Tumor,Adjacent,group1_higher,3.1170690043007353e-54,4.7691173564172165e-55
29319,3332,-0.06531942775329236,-0.28494403834127796,-0.1211152225732803,-0.3354329913854599,0.8336330143879194,0.6912706100729692,0.2196246105879856,0.2143177688121796,,0.14480443786070457,-2.125077528115013,16.989125727364378,16.989125727364378,8.564455031548909e-63,56922975.0,15.667032768221173,2.541753224421365e-55,0.26775613717834773,0.1653689409868111,GCST90199997,cancerType_celltype,LUAD_Epi_LUAD,tissue,Tumor,Adjacent,group1_higher,2.4421238928872727e-62,6.598875514069183e-55
29319,3332,-0.0718864037667063,-0.23695867696827008,-0.1026200354099273,-0.2659503668546676,0.6082168608312736,0.5829345738238266,0.16507227320156379,0.1633303314447403,,0.13562371512633364,-1.7208306725680373,15.419778411307728,15.419778411307728,3.176056323641032e-52,56898773.0,15.620090949430915,5.313060136236539e-55,0.272537800635582,0.16487345987202828,GCST90200518,cancerType_celltype,LUAD_Epi_LUAD,tissue,Tumor,Adjacent,group1_higher,8.121885120305303e-52,1.3767492330209894e-54
29319,3332,0.22382772950310834,0.6175027217540264,0.1268305778503418,0.5229212045669556,1.372809506421155,1.3753487686097825,-0.39367499225091807,-0.39609062671661377,,-0.11457038419605245,1.4640526068788358,-15.659777222597357,-15.659777222597357,9.796313620423104e-54,40799699.0,-15.605419933922715,6.686931198824048e-55,-0.2867117769371827,-0.16471860411001604,GCST90200464,cancerType_celltype,LUAD_Epi_LUAD,tissue,Tumor,Adjacent,group2_higher,2.562835981696102e-53,1.7294662664131265e-54
29319,3332,-0.04683747763490908,-0.42719643309632294,-0.1400278061628341,-0.4644736349582672,1.3423655023678869,1.1360396260422505,0.38035895546141385,0.3244458287954331,,0.12097494136596211,-3.1891368877254083,17.954433687401842,17.954433687401842,1.191554839929939e-69,56885133.5,15.593635989618104,8.042406310253987e-55,0.2875429159480402,0.16459422201296348,GCST90200366,cancerType_celltype,LUAD_Epi_LUAD,tissue,Tumor,Adjacent,group1_higher,3.699519924429401e-69,2.0760984471356406e-54
29319,3332,-0.30633949770136004,-0.027756268893304466,-0.3561513721942901,-0.09373190626502034,1.008967665714621,0.9288410634653496,-0.2785832288080556,-0.2624194659292698,,-0.09702875971574165,-3.4641985717557233,-16.257001878926918,-16.257001878926918,1.0382430837580068e-57,40806679.0,-15.591881635635136,8.266367310031505e-55,-0.27828084707844486,-0.16457570442481706,GCST90199892,cancerType_celltype,LUAD_Epi_LUAD,tissue,Tumor,Adjacent,group2_higher,2.8246014434374516e-57,2.1298787605997998e-54
29319,3332,0.10838836148419452,0.39776385742203,0.0533519983291626,0.3787419945001602,1.0682859868201149,1.0587609772145647,-0.2893754959378355,-0.3253899961709976,,-0.10980737993912061,1.8756926577120168,-14.93628248479231,-14.93628248479231,3.575740307630891e-49,40833506.5,-15.539847438312782,1.8642952090668508e-54,-0.27112394805731,-0.16402647214621036,GCST90199873,cancerType_celltype,LUAD_Epi_LUAD,tissue,Tumor,Adjacent,group2_higher,8.829228332066855e-49,4.7944044716190903e-54
29319,3332,0.18056831059441636,-0.0971824251933269,0.1202076971530914,-0.17039973288774485,0.9903015531680668,0.9479515472098266,0.27775073578774323,0.2906074300408362,,0.11467208554558113,0.8937705287292921,15.952658905503187,15.952658905503187,1.1429137607983545e-55,56838456.0,15.503101044300271,3.305505622409312e-54,0.2816761366276925,0.1636386059591135,GCST90200552,cancerType_celltype,LUAD_Epi_LUAD,tissue,Tumor,Adjacent,group1_higher,3.060494019583806e-55,8.484753603284165e-54
29319,3332,0.027333374483437103,-0.13060764188702567,0.0125493099913001,-0.18776367604732508,0.7380051129054052,0.6805498074829623,0.15794101637046276,0.20031298603862518,,0.10877642467310165,-2.256462091229359,12.581975957662499,12.581975957662499,1.1303688204249706e-35,56838190.0,15.502585114881288,3.3321602897447137e-54,0.21566336556971744,0.16363316021179775,GCST90200928,cancerType_celltype,LUAD_Epi_LUAD,tissue,Tumor,Adjacent,group1_higher,2.3702964649834384e-35,8.537094877673016e-54
29319,3332,-0.4502303407787944,-0.6895447798503039,-0.5183006525039673,-0.770811915397644,0.8669233727094728,0.9214887308862089,0.2393144390715095,0.25251126289367676,,0.11680357991598392,-0.6149798504875734,14.289577678797821,14.289577678797821,3.180457837097366e-45,56837912.0,15.502045910450924,3.3602461977124465e-54,0.27423978479903205,0.163627468791671,GCST90200650,cancerType_celltype,LUAD_Epi_LUAD,tissue,Tumor,Adjacent,group1_higher,7.565382254735969e-45,8.59289975137348e-54
29319,3332,0.04604633128101958,-0.21006848759649643,-0.0094063207507133,-0.2546040564775467,0.8887351254880376,0.7987515642494786,0.256114818877516,0.2451977357268334,,0.13445626140410738,-2.189677176052153,17.329690665172404,17.329690665172404,4.243539828810419e-65,56837160.0,15.500587343070944,3.4374065724360614e-54,0.29104744172322555,0.16361207329550065,GCST90200419,cancerType_celltype,LUAD_Epi_LUAD,tissue,Tumor,Adjacent,group1_higher,1.2465398247130604e-64,8.773754977959461e-54
29319,3332,-0.07359840899440401,-0.2445204808389447,-0.1491404920816421,-0.32002267241477966,0.6542266590264159,0.6074241437655657,0.1709220718445407,0.17088218033313757,,0.117522578770583,-1.732195122748119,15.267473719651083,15.267473719651083,2.808087505070727e-51,56826023.5,15.478987162715697,4.8099300978871546e-54,0.2631164679219966,0.1633840786903118,GCST90200338,cancerType_celltype,LUAD_Epi_LUAD,tissue,Tumor,Adjacent,group1_higher,7.114169645746098e-51,1.2254083595177928e-53
29319,3332,0.19053538426956873,0.591705019050704,0.0862295255064964,0.4173515439033508,1.1868830192365256,1.3636531791418383,-0.4011696347811353,-0.3311220183968544,,-0.13618998462843185,1.6348140539430525,-16.294583814864623,-16.294583814864623,8.183011982883989e-58,40868225.5,-15.472507011629908,5.31951975676558e-54,-0.3326157667662627,-0.16331567928511836,GCST90199861,cancerType_celltype,LUAD_Epi_LUAD,tissue,Tumor,Adjacent,group2_higher,2.2306890665341755e-57,1.3527062366551281e-53
29319,3332,0.2815519023572344,0.6559181666914937,0.1850584000349044,0.5957647264003754,1.3865576101014736,1.334305337405644,-0.37436626433425935,-0.410706326365471,,-0.11703720318444451,1.2201120100026603,-15.284735500196303,-15.284735500196303,2.2925467962702404e-51,40868779.5,-15.471432481937743,5.409069054541746e-54,-0.27102122548596574,-0.16330433739033323,GCST90200483,cancerType_celltype,LUAD_Epi_LUAD,tissue,Tumor,Adjacent,group2_higher,5.818885071352584e-51,1.3729164099330355e-53
29319,3332,-0.18019575293146958,-0.35304473962645005,-0.2436414957046508,-0.4322673976421356,0.6797142644102468,0.6675489093373287,0.17284898669498047,0.18862590193748482,,0.13559737718174353,-0.9702820925347319,14.136733537515271,14.136733537515271,2.3687823096065767e-44,56806195.5,15.440529085574418,8.738183377881885e-54,0.25475798718221015,0.16297814531522214,GCST90200950,cancerType_celltype,LUAD_Epi_LUAD,tissue,Tumor,Adjacent,group1_higher,5.566638427575454e-44,2.2137814022403363e-53
29319,3332,0.2867715952090462,0.5421798309547333,0.1882001012563705,0.5048815310001373,1.0454858690824966,0.9102460917000623,-0.2554082357456871,-0.31668142974376684,,-0.10788150147903497,0.9188669442948691,-15.104062777680124,-15.104062777680124,2.7342590883813147e-50,40894547.5,-15.42145327416205,1.1743348621577465e-53,-0.2473687867879563,-0.16277679597368466,GCST90200565,cancerType_celltype,LUAD_Epi_LUAD,tissue,Tumor,Adjacent,group2_higher,6.85072635563186e-50,2.9696074529146725e-53
29319,3332,-0.17590750857559573,0.05204212514063558,-0.2354568988084793,0.0255375606939196,0.8915670666248215,0.7965363978809519,-0.2279496337162313,-0.2609944595023989,,-0.10201768703012659,-1.7570457644334319,-15.455399918706405,-15.455399918706405,1.7016534651489896e-52,40904673.5,-15.401813043723651,1.5914631063436622e-53,-0.2583465389323122,-0.16256948906647484,GCST90200866,cancerType_celltype,LUAD_Epi_LUAD,tissue,Tumor,Adjacent,group2_higher,4.376139005656741e-52,4.0169707665674282e-53
29319,3332,0.018844639658398502,-0.18797736191994976,-0.0450648255646228,-0.27416232228279114,0.7651670818477283,0.7391596796914874,0.20682200157834826,0.22909749671816834,,0.11572399971293931,-3.3182639347941603,15.249522875537268,15.249522875537268,3.842356232152074e-51,56741882.5,15.315788601653349,5.998086273392103e-53,0.2712226473777063,0.16166148235616773,GCST90200182,cancerType_celltype,LUAD_Epi_LUAD,tissue,Tumor,Adjacent,group1_higher,9.680464961965391e-51,1.511162955754794e-52
29319,3332,0.12757185463198611,-0.08342863456666656,0.0880796089768409,-0.1191049627959728,0.7455160701964569,0.6619262858616058,0.21100048919865266,0.20718457177281369,,0.1108187423959138,0.6126895490745752,17.202144173682353,17.202144173682353,3.261340649563749e-64,56739613.0,15.311386715125604,6.418177401849025e-53,0.28613261013840807,0.16161501948574375,GCST90200083,cancerType_celltype,LUAD_Epi_LUAD,tissue,Tumor,Adjacent,group1_higher,9.457887883734873e-64,1.6140176750406312e-52
29319,3332,0.43500542587622504,0.7154558977189178,0.4126077592372894,0.7922866940498352,0.9284601010879464,1.1111845951435655,-0.2804504718426928,-0.37967893481254583,,-0.13188441369363588,0.7178281427719293,-14.023056131231883,-14.023056131231883,1.287999550418033e-43,40969627.0,-15.27583025607003,1.108093616358986e-52,-0.2956105711983749,-0.16123971332112097,GCST90200120,cancerType_celltype,LUAD_Epi_LUAD,tissue,Tumor,Adjacent,group2_higher,2.975497266474202e-43,2.7814578252252264e-52
29319,3332,-0.2498481226437466,0.023274047188219574,-0.3006463944911957,0.022468442097306203,1.0261719643273493,0.956399908762585,-0.2731221698319662,-0.3231148365885019,,-0.09287435708110715,-3.424201154151497,-15.501392056964546,-15.501392056964546,9.204608188969798e-53,40971012.0,-15.273143931839616,1.1547082237337955e-52,-0.26795800111575013,-0.16121135858415814,GCST90201007,cancerType_celltype,LUAD_Epi_LUAD,tissue,Tumor,Adjacent,group2_higher,2.376113818478378e-52,2.8931384355683146e-52
29319,3332,-0.35128891041717164,-0.06167798693617702,-0.3899110555648803,-0.12171303853392595,1.1112872851238877,0.9472195705956383,-0.2896109234809946,-0.26819801703095436,,-0.10508874735193194,-2.5098111661392335,-16.41186613736571,-16.41186613736571,8.205120190008168e-59,40994342.0,-15.227893430543165,2.309159088387094e-52,-0.2643220877396054,-0.16073372969365785,GCST90199996,cancerType_celltype,LUAD_Epi_LUAD,tissue,Tumor,Adjacent,group2_higher,2.254753794149422e-58,5.7750162155442365e-52
29319,3332,-0.07015004726893673,0.11291945150571286,-0.1200065463781356,0.09487888216972346,0.754776016792878,0.7335757745556293,-0.1830694987746496,-0.21488542854785905,,-0.11179070106006986,0.6867702556593276,-13.609882750633858,-13.609882750633858,2.631269716360222e-41,41014497.5,-15.18880013954957,4.195348750622459e-52,-0.24323633478221177,-0.16032109149809515,GCST90200563,cancerType_celltype,LUAD_Epi_LUAD,tissue,Tumor,Adjacent,group2_higher,5.927967972560301e-41,1.0473004298715039e-51
29319,3332,0.6207851092495258,0.3251227914042436,0.613478422164917,0.3410728722810745,1.071441667476105,0.8933162923127523,0.2956623178452822,0.27240554988384247,,0.12886441355162012,0.9331071448579754,17.71179225769236,17.71179225769236,6.575166543099878e-68,56664046.5,15.164819119488305,6.046614341993748e-52,0.280342307687548,0.16006796661159095,GCST90200947,cancerType_celltype,LUAD_Epi_LUAD,tissue,Tumor,Adjacent,group1_higher,1.9739982374989283e-67,1.5066792226942372e-51
29319,3332,0.11305212852505077,0.41692003714558384,0.0644658431410789,0.3606112450361252,1.1289614183543697,1.0322290378736938,-0.3038679086205331,-0.2961454018950463,,-0.10037460073753396,1.8827732535711752,-15.94346413941836,-15.94346413941836,1.2199105746398774e-55,41034915.5,-15.149197707681978,7.66982818378477e-52,-0.2714377988903086,-0.15990307920978686,GCST90200208,cancerType_celltype,LUAD_Epi_LUAD,tissue,Tumor,Adjacent,group2_higher,3.260270810263045e-55,1.9076598201639856e-51
29319,3332,0.5020874822486181,0.7950484608728552,0.4373059570789337,0.7290260493755341,1.0907065612071816,1.0279071250820375,-0.2929609786242371,-0.29172009229660034,,-0.10457417729629581,0.6631029843660567,-15.490382152507022,-15.490382152507022,1.0998807326862452e-52,41037455.5,-15.144271163605984,8.266719396377971e-52,-0.2701430554603858,-0.1598510784647431,GCST90200891,cancerType_celltype,LUAD_Epi_LUAD,tissue,Tumor,Adjacent,group2_higher,2.8339082016093615e-52,2.0523749612501228e-51
29319,3332,-0.1414925106655554,-0.3156333764038333,-0.2174240201711654,-0.3841690719127655,0.6877630306880921,0.6042857863401883,0.17414086573827792,0.1667450517416001,,0.13555567907382643,-1.1575184527872893,15.530613846025801,15.530613846025801,5.4711300896554795e-53,56648267.5,15.134214419104392,9.632548564234373e-52,0.25619647614133,0.1597449273375573,GCST90200793,cancerType_celltype,LUAD_Epi_LUAD,tissue,Tumor,Adjacent,group1_higher,1.417709184828977e-52,2.3871206714639e-51
29319,3332,0.02403129860535419,0.28011078605773215,-0.0297073032706975,0.24693857133388514,0.9486234851163249,0.9344611824478541,-0.25607948745237796,-0.2766458746045826,,-0.10860981081511825,3.542956138990875,-14.96637538588181,-14.96637538588181,2.3123938381584486e-49,41044081.0,-15.131420447946333,1.0050391043440113e-51,-0.2703575331488931,-0.15971543636384256,GCST90200060,cancerType_celltype,LUAD_Epi_LUAD,tissue,Tumor,Adjacent,group2_higher,5.740970494371522e-49,2.4861493633772912e-51
29319,3332,-0.04144460598081102,-0.23105008393268894,-0.0986733138561248,-0.28109516203403473,0.6939076054212223,0.6597661739615696,0.18960547795187793,0.18242184817790993,,0.10989202757560272,-2.478920795709739,15.635060087015145,15.635060087015145,1.3131025826432698e-53,56635792.5,15.110018105187839,1.3910356744009346e-51,0.2745909029436152,0.15948952997754917,GCST90199702,cancerType_celltype,LUAD_Epi_LUAD,tissue,Tumor,Adjacent,group1_higher,3.4286567435685377e-53,3.43474931921825e-51
29319,3332,-0.03808384701944144,-0.16729022226623383,-0.0640561953186988,-0.20279712975025171,0.5507508525654933,0.5769016069905176,0.1292063752467924,0.13874093443155291,,0.11732644540823713,-2.135072743707071,12.306467238008345,12.306467238008345,3.387568085613774e-34,56632811.0,15.104235234651389,1.5186026745127275e-51,0.23344552983934896,0.1594284905203256,GCST90200395,cancerType_celltype,LUAD_Epi_LUAD,tissue,Tumor,Adjacent,group1_higher,6.974705892283345e-34,3.742957405715819e-51
29319,3332,0.03147543594712514,-0.10127411568593868,0.0064183073118329,-0.1422593668103218,0.5224686483850349,0.5072760169690523,0.13274955163306382,0.1486776741221547,,0.12569404318324875,-1.6859356330622377,14.270017638505408,14.270017638505408,3.816514603616893e-45,56625802.0,15.090640688419635,1.866240808991594e-51,0.25482747714096327,0.15928499712583277,GCST90199838,cancerType_celltype,LUAD_Epi_LUAD,tissue,Tumor,Adjacent,group1_higher,9.015440909410443e-45,4.5914913766345534e-51
29319,3332,-0.14334248388636792,-0.30372228398910545,-0.1786473840475082,-0.318959578871727,0.6572350801223737,0.6548934171169816,0.16037980010273753,0.14031219482421878,,0.12617078153833244,-1.083281188434999,13.390573490839222,13.390573490839222,4.646893032823224e-40,56614216.0,15.06816866492968,2.6228677423915827e-51,0.24411056467605619,0.15904780002659002,GCST90199831,cancerType_celltype,LUAD_Epi_LUAD,tissue,Tumor,Adjacent,group1_higher,1.0366145996297961e-39,6.441385104287796e-51
29319,3332,-0.029817160771932975,-0.1728400635372763,-0.1089042201638221,-0.25635184347629547,0.6814503884562728,0.6640208447034226,0.14302290276534332,0.14744762331247335,,0.11237297859715013,-2.5351828354322468,11.749714385690933,11.749714385690933,2.203304808947214e-31,56596650.5,15.034098897226174,4.389875739223658e-51,0.2104229152312741,0.15868818621278447,GCST90199998,cancerType_celltype,LUAD_Epi_LUAD,tissue,Tumor,Adjacent,group1_higher,4.390503588589259e-31,1.0761511929068067e-50
29319,3332,-0.141993231498533,-0.30559853109803137,-0.2179079949855804,-0.387962281703949,0.6727064642489595,0.6347661899985567,0.16360529959949838,0.17005428671836859,,0.1159243043852803,-1.1058100081725326,14.01042325553531,14.01042325553531,1.2554031018019771e-43,56570770.5,14.98390245601091,9.355970205176871e-51,0.24457607123714642,0.1581583518498979,GCST90200800,cancerType_celltype,LUAD_Epi_LUAD,tissue,Tumor,Adjacent,group1_higher,2.9051178739492274e-43,2.2894411830621323e-50
29319,3332,-0.5198710257313826,-0.03160230320753806,-0.5993987917900085,-0.2033140882849693,1.6701702178516156,1.6469974566825631,-0.4882687225238445,-0.3960847035050392,,-0.1188104731266263,-4.0400092627485105,-16.19264395477193,-16.19264395477193,3.1242341223403635e-57,41187830.5,-14.852606177217057,6.691676587287926e-50,-0.2927585084109463,-0.15677249104901347,GCST90200776,cancerType_celltype,LUAD_Epi_LUAD,tissue,Tumor,Adjacent,group2_higher,8.449069660218086e-57,1.6345439405866387e-49
29319,3332,-0.10297559235214664,-0.23388864459064504,-0.1404148489236831,-0.2831842750310898,0.5395116365630533,0.4758511390882634,0.13091305223849842,0.14276942610740667,,0.12300855181652695,-1.1835115529948337,14.833898541762462,14.833898541762462,1.3266547531620424e-48,56501092.5,14.848756102417509,7.0872517086080165e-50,0.2454474564431791,0.15673185267148915,GCST90199827,cancerType_celltype,LUAD_Epi_LUAD,tissue,Tumor,Adjacent,group1_higher,3.263953842165819e-48,1.728072286016588e-49
29319,3332,-0.007295889443677782,-0.13707771484610648,-0.0272757988423109,-0.16924935579299927,0.5314734934268397,0.5105015871343922,0.1297818254024287,0.14197355695068836,,0.10896016396076841,-4.231579165685425,13.84667306369788,13.84667306369788,1.142179353637319e-42,56483958.0,14.815522295539498,1.1628358281013447e-49,0.24516190686352615,0.1563810626061537,GCST90199890,cancerType_celltype,LUAD_Epi_LUAD,tissue,Tumor,Adjacent,group1_higher,2.6076892110681167e-42,2.830259345896666e-49
29319,3332,-0.05905878857513148,-0.39847122746748453,-0.2030014246702194,-0.5403272211551666,1.2584965451258827,1.1849418357557668,0.33941243889235306,0.3373257964849472,,0.12199590794018868,-2.754231078460192,15.566516315779868,15.566516315779868,3.572843336317948e-53,56457571.5,14.764343454885458,2.487362015025099e-49,0.2712716458409724,0.15584085880335974,GCST90200463,cancerType_celltype,LUAD_Epi_LUAD,tissue,Tumor,Adjacent,group1_higher,9.293483716414816e-53,6.043269922422834e-49
29319,3332,-0.11666882375654629,-0.34374937332395433,-0.1654383987188339,-0.4010751247406006,0.8633334195945696,0.7989623309457224,0.22708054956740803,0.2356367260217667,,0.10180856401684367,-1.5589298190912169,15.415204797829498,15.415204797829498,3.2339065316184705e-52,56455440.5,14.760210200780753,2.6445910201129282e-49,0.2649753339815582,0.15579723140663204,GCST90200200,cancerType_celltype,LUAD_Epi_LUAD,tissue,Tumor,Adjacent,group1_higher,8.254334461790217e-52,6.4138390754696106e-49
29319,3332,-0.21279647241300062,-0.3588272416371386,-0.30087611079216,-0.4695549607276916,0.7150189905143978,0.7057463060401329,0.14603076922413796,0.16867884993553162,,0.11256477095840983,-0.7538124275276434,11.302883445329678,11.302883445329678,3.380853584877515e-29,56447047.5,14.743931269902866,3.366110552554349e-49,0.20450241317379578,0.15562540374791078,GCST90199973,cancerType_celltype,LUAD_Epi_LUAD,tissue,Tumor,Adjacent,group1_higher,6.54560147185803e-29,8.149216133448628e-49
29319,3332,-0.03841069299821512,-0.18747353366151842,-0.1072457879781723,-0.25914010405540466,0.6759186975526529,0.6466058379612073,0.1490628406633033,0.15189431607723236,,0.10896007284827196,-2.287077177505424,12.550573613415747,12.550573613415747,1.6968077020657045e-35,56446660.5,14.743180650785776,3.403741225667197e-49,0.2214945302807059,0.15561748079974858,GCST90200193,cancerType_celltype,LUAD_Epi_LUAD,tissue,Tumor,Adjacent,group1_higher,3.552609674217443e-35,8.22570796202906e-49
29319,3332,-0.17612660088575022,-0.32881034160104755,-0.2662514448165893,-0.4279423654079437,0.6934886086497327,0.7070741034455745,0.15268374071529733,0.16169092059135443,,0.11983124124261489,-0.9006390513218867,11.834548333319526,11.834548333319526,8.488544283926084e-32,56430366.5,14.71157706449669,5.432718790471095e-49,0.21972461440028176,0.15528389806756637,GCST90200259,cancerType_celltype,LUAD_Epi_LUAD,tissue,Tumor,Adjacent,group1_higher,1.7039596257719074e-31,1.3105833117543545e-48
29319,3332,0.030952635706813083,-0.17696578320145362,0.000365695770597,-0.21962226182222366,0.7835936903441537,0.7573417185043878,0.2079184189082667,0.21998795759282067,,0.11655989458555226,-2.51529781230703,14.963136267133775,14.963136267133775,2.36753673201621e-49,56425921.0,14.702954642571557,6.170827342090477e-49,0.2662358447437013,0.15519288652737262,GCST90200178,cancerType_celltype,LUAD_Epi_LUAD,tissue,Tumor,Adjacent,group1_higher,5.867186483160172e-49,1.4860137221323887e-48
29319,3332,-0.14539721214546014,0.11458377885835398,-0.1699174791574478,0.0851642563939094,1.0233253779456248,0.9465312663590232,-0.2599809910038141,-0.25508173555135716,,-0.09335345654649695,-0.34359411661494177,-14.896208623728787,-14.896208623728787,5.8193061368050886e-49,41273635.5,-14.686180147909647,7.904704224873586e-49,-0.2559481490266282,-0.15501582808504555,GCST90200763,cancerType_celltype,LUAD_Epi_LUAD,tissue,Tumor,Adjacent,group2_higher,1.434306376937674e-48,1.9001960949740208e-48
29319,3332,-0.03999553803386992,-0.18959585211402935,-0.0539427809417247,-0.21227930486202234,0.5697678026904185,0.5207033112011289,0.14960031408015945,0.15833652392029765,,0.12019341624468885,-2.244987975622762,15.559355455400574,15.559355455400574,3.800501815178486e-53,56415336.0,14.682424142947772,8.355047323986267e-49,0.2647993557741475,0.15497618263513324,GCST90199956,cancerType_celltype,LUAD_Epi_LUAD,tissue,Tumor,Adjacent,group1_higher,9.866826617311003e-53,2.0049171659495216e-48
29319,3332,0.023152854019313957,-0.11592779257630338,0.0025334393139928,-0.14088512212038035,0.6085957797841663,0.5960319653913534,0.13908064659561734,0.14341856143437315,,0.12142366772660303,-2.3239146658938807,12.7360269246728,12.7360269246728,1.774836358640172e-36,56408254.0,14.66868800706344,1.0230554033404261e-48,0.22900497724436256,0.1548311947310388,GCST90199969,cancerType_celltype,LUAD_Epi_LUAD,tissue,Tumor,Adjacent,group1_higher,3.7563694981778795e-36,2.450658198159931e-48
29319,3332,-0.01185897804450389,-0.20279406227258173,-0.0666601359844207,-0.2828456908464432,0.7417728296289758,0.7639015411685889,0.19093508422807784,0.21618555486202248,,0.1084867946426823,-4.095849281264093,13.711852340453396,13.711852340453396,7.221783133779529e-42,56393151.0,14.639394465654084,1.5746660033692467e-48,0.2566122592306469,0.15452199502537134,GCST90199753,cancerType_celltype,LUAD_Epi_LUAD,tissue,Tumor,Adjacent,group1_higher,1.6350980749736707e-41,3.7653855484075146e-48
29319,3332,-0.2112183036489814,0.09461097693225756,-0.319192498922348,0.01184860570356245,1.2376479382625327,1.1521189967467207,-0.3058292805812389,-0.33104110462591047,,-0.1070707869790029,-1.1586469597503801,-14.40704355020951,-14.40704355020951,5.559767891821363e-46,41339770.5,-14.557905741426977,5.2028119370102057e-48,-0.24880462267461534,-0.1536618638041526,GCST90199826,cancerType_celltype,LUAD_Epi_LUAD,tissue,Tumor,Adjacent,group2_higher,1.334148527562063e-45,1.2419321664001595e-47
29319,3332,-0.38875551179232826,-0.633234312574728,-0.4827041625976562,-0.708636462688446,0.9354259985920199,0.8153069665729401,0.2444788007823997,0.22593230009078985,,0.12616167240379023,-0.7038748690444566,16.143552831950323,16.143552831950323,5.356597054258786e-57,56341824.0,14.539841423217613,6.775037266022374e-48,0.26461992966848374,0.15347119099353645,GCST90199992,cancerType_celltype,LUAD_Epi_LUAD,tissue,Tumor,Adjacent,group1_higher,1.4457508485058864e-56,1.6144013625154713e-47
29319,3332,0.10241031186840346,0.45938321819875805,0.0036277705803513,0.35840389132499695,1.1861944029831164,1.3086114819272618,-0.3569729063303546,-0.35477612074464565,,-0.09916324805973234,2.1653262174583547,-15.058849495166715,-15.058849495166715,6.987778715274429e-50,41359186.0,-14.52024774280198,9.018498985108393e-48,-0.29766184727100287,-0.15326437543194915,GCST90200398,cancerType_celltype,LUAD_Epi_LUAD,tissue,Tumor,Adjacent,group2_higher,1.7380186841093152e-49,2.1452380657421884e-47
29319,3332,-0.06472948922208366,0.2328204841604889,-0.1265558302402496,0.1892039999365806,1.1892902244321104,1.0900620606147406,-0.29754997338257255,-0.3157598301768302,,-0.10417771840992641,1.8467068798593993,-14.788017732703405,-14.788017732703405,2.667699663672373e-48,41360103.0,-14.518469144015487,9.255550125202862e-48,-0.25225741776493876,-0.15324560193462422,GCST90200734,cancerType_celltype,LUAD_Epi_LUAD,tissue,Tumor,Adjacent,group2_higher,6.527961654551964e-48,2.197790038441028e-47
29319,3332,-0.1525664945475506,-0.3152167810987187,-0.2106464505195617,-0.39201030135154724,0.6858320724048763,0.6318685807084391,0.1626502865511681,0.18136385083198553,,0.10877943076527008,-1.046901298206165,13.95390334384465,13.95390334384465,2.6210112887201215e-43,56298526.0,14.45586130298042,2.302348637686275e-47,0.23900794230541586,0.15258476254514908,GCST90200234,cancerType_celltype,LUAD_Epi_LUAD,tissue,Tumor,Adjacent,group1_higher,6.01420603792176e-43,5.457567292463292e-47
29319,3332,0.09349869734087118,-0.0545122903140258,0.054134551435709,-0.1083075478672981,0.6116589916450218,0.5684385029233414,0.14801098765489698,0.1624420993030071,,0.10838573904823255,0.7783536938636237,14.12925635075226,14.12925635075226,2.483196676823938e-44,56288399.0,14.43621913295774,3.061877442946856e-47,0.24368347447365657,0.15237743516520497,GCST90200515,cancerType_celltype,LUAD_Epi_LUAD,tissue,Tumor,Adjacent,group1_higher,5.82546827970917e-44,7.245380129750981e-47
29319,3332,-0.11466739651419776,0.21967005567757722,-0.1697672456502914,0.1608340665698051,1.2074307009476701,1.2531602555069419,-0.33433745219177496,-0.3306013122200965,,-0.1065359978347206,0.9378769613710526,-14.647072899012883,-14.647072899012883,2.2220617132289466e-47,41438553.5,-14.366307787309223,8.420327517054297e-47,-0.27581609796549944,-0.15163950569483908,GCST90200330,cancerType_celltype,LUAD_Epi_LUAD,tissue,Tumor,Adjacent,group2_higher,5.39869895745286e-47,1.9890652349644727e-46
29319,3332,-0.13460626616810759,-0.30672815124241215,-0.1631316989660263,-0.3366677910089493,0.6887814735572989,0.6159009487799947,0.17212188507430456,0.17353609204292297,,0.11452394562838235,-1.1882089960086726,15.094517922391521,15.094517922391521,3.2571676534452665e-50,56247086.0,14.356089087520097,9.758183842133213e-47,0.2524881294993461,0.1515316450943418,GCST90200220,cancerType_celltype,LUAD_Epi_LUAD,tissue,Tumor,Adjacent,group1_higher,8.145907360818162e-50,2.301108058274666e-46
29319,3332,0.008816362490567763,-0.14560888552200446,-0.0315596014261245,-0.1984903439879417,0.69181773334259,0.6579049639296041,0.15442524801257224,0.16693074256181717,,0.10883073941089304,-4.045617322303302,12.770359983476075,12.770359983476075,1.1394291276955377e-36,56235579.0,14.33377029118841,1.3461165949144761e-46,0.22431369550449445,0.15129606534110618,GCST90200196,cancerType_celltype,LUAD_Epi_LUAD,tissue,Tumor,Adjacent,group1_higher,2.4228422793276407e-36,3.1688375109990173e-46
29319,3332,-0.13594698490140808,-0.32390631198837844,-0.1963022500276565,-0.3728705644607544,0.7333271138218181,0.6453055380579491,0.18795932708697036,0.1765683144330979,,0.11991671265876049,-1.2525262692927834,15.700514930010073,15.700514930010073,4.399014969121388e-54,56233994.5,14.330697019893758,1.4070327889909953e-46,0.2593127033659724,0.15126362629365664,GCST90200148,cancerType_celltype,LUAD_Epi_LUAD,tissue,Tumor,Adjacent,group1_higher,1.1530495005600867e-53,3.3065270541288385e-46
29319,3332,0.07253442570925434,0.34088629634389783,0.0177641343325376,0.2825198769569397,0.8768413733623271,0.9920702891924835,-0.2683518706346435,-0.2647557426244021,,-0.11961226735533108,2.232537163543906,-14.96389661814782,-14.96389661814782,2.7765140761313667e-49,41468588.5,-14.308052373402713,1.9489808125236636e-46,-0.3017624801173067,-0.15102460712106391,GCST90200908,cancerType_celltype,LUAD_Epi_LUAD,tissue,Tumor,Adjacent,group2_higher,6.868219030430223e-49,4.572221768450522e-46
29319,3332,-0.08851143936138293,-0.3220460159650773,-0.1499969661235809,-0.382463738322258,0.9217534681905232,0.8068867401514846,0.23353457660369437,0.2324667721986771,,0.11819883545285274,-1.8633191961682485,15.5905771542972,15.5905771542972,2.238577549449955e-53,56148472.0,14.164818923145981,1.512583855373546e-45,0.2564346656382482,0.1495127468771198,GCST90200924,cancerType_celltype,LUAD_Epi_LUAD,tissue,Tumor,Adjacent,group1_higher,5.833998470172636e-53,3.5423570358662253e-45
29319,3332,0.24409413607368322,0.691762449318472,0.0905320793390274,0.5952097773551941,1.8776757378571034,1.6700868912605757,-0.44766831324478873,-0.5046776980161667,,-0.102708965349998,1.5028352403443912,-14.468462544141076,-14.468462544141076,2.2570376919280664e-46,41550758.5,-14.148676732959968,1.903071944109383e-45,-0.24099809320957802,-0.1493423625461645,GCST90200341,cancerType_celltype,LUAD_Epi_LUAD,tissue,Tumor,Adjacent,group2_higher,5.444853759465407e-46,4.449205934513017e-45
29319,3332,-0.3892919327758364,-0.09114873027459032,-0.4750827550888061,-0.18616504967212674,1.1474264713168416,1.09533638927981,-0.2981432025012461,-0.2889177054166794,,-0.0982928672705958,-2.0945458619988693,-14.815253975045701,-14.815253975045701,1.906334013162829e-48,41551672.0,-14.146904922718463,1.951621580814416e-45,-0.26102063249398266,-0.14932366070340952,GCST90200898,cancerType_celltype,LUAD_Epi_LUAD,tissue,Tumor,Adjacent,group2_higher,4.673261258886575e-48,4.554897627825426e-45
29319,3332,0.4207911563549778,0.19842828042808697,0.3793423473834991,0.10650709643959996,0.926710596856182,0.8433672017457537,0.22236287592689086,0.27283525094389915,,0.11947995697290795,1.084482885780958,14.271717251977371,14.271717251977371,3.485737490503819e-45,56130193.5,14.12936623184949,2.503909700043121e-45,0.2420792668380156,0.14913853600378046,GCST90199694,cancerType_celltype,LUAD_Epi_LUAD,tissue,Tumor,Adjacent,group1_higher,8.24836840200817e-45,5.833895591724401e-45
29319,3332,0.16491633269417796,-0.0635542142688001,0.1112519279122352,-0.11761577427387235,0.9126968568766053,0.7962393842434785,0.22847054696297808,0.22886770218610755,,0.10935132390937509,1.3756606345473559,15.449639243126926,15.449639243126926,1.785830193823297e-52,56129633.5,14.128280064651632,2.5428252802888793e-45,0.25343244251551,0.14912707127258962,GCST90199872,cancerType_celltype,LUAD_Epi_LUAD,tissue,Tumor,Adjacent,group1_higher,4.5753506657540485e-52,5.914455387429595e-45
29319,3332,-0.8655151006399809,-0.586707871083023,-0.9171764254570008,-0.6480152606964111,1.1734618398208663,1.061199200038614,-0.2788072295569579,-0.2691611647605897,,-0.10002841618444312,-0.5609158515369448,-14.210349463231982,-14.210349463231982,8.008813487813338e-45,41563302.0,-14.124347557520103,2.6888222243793733e-45,-0.23983314269763797,-0.14908556280385887,GCST90200309,cancerType_celltype,LUAD_Epi_LUAD,tissue,Tumor,Adjacent,group2_higher,1.8853217243332607e-44,6.243381076369822e-45
29319,3332,-0.23225965365156692,-0.42664765346953976,-0.2831647098064422,-0.47808143496513367,0.7868334339216428,0.7205909903273982,0.19438799981797283,0.19491672515869146,,0.11076407824243291,-0.8773037211360903,14.612996555035187,14.612996555035187,3.121254312939734e-47,56116932.5,14.103645404687372,3.60652883231658e-45,0.24910912597843238,0.14886704707463672,GCST90199671,cancerType_celltype,LUAD_Epi_LUAD,tissue,Tumor,Adjacent,group1_higher,7.556429180349659e-47,8.360031970148807e-45
29319,3332,0.04630333490019016,-0.13500528718312166,-0.0033136461861431,-0.18484795093536371,0.7576594109318375,0.6425415263827811,0.18130862208331183,0.1815343047492206,,0.11695517822325292,-1.5438074279590455,15.13604619680514,15.13604619680514,1.6582454299375759e-50,56116437.5,14.102685310467837,3.655941098628202e-45,0.2428041193157903,0.14885691307117344,GCST90200184,cancerType_celltype,LUAD_Epi_LUAD,tissue,Tumor,Adjacent,group1_higher,4.162409799272405e-50,8.460182881884956e-45
29319,3332,0.37141951749905244,0.6644315290207521,0.3255896270275116,0.6923155784606934,1.0277603594430065,1.16839092421436,-0.29301201152169964,-0.36672595143318176,,-0.12083512033967646,0.8390691930726,-13.878681604185592,-13.878681604185592,8.54573893467943e-43,41584943.5,-14.082372044283622,4.8746390812794005e-45,-0.2809381059849656,-0.14864250212517216,GCST90200453,cancerType_celltype,LUAD_Epi_LUAD,tissue,Tumor,Adjacent,group2_higher,1.9543359342228293e-42,1.126124248776919e-44
29319,3332,0.2779103287992938,0.009488996264839485,0.2129448801279068,-0.0323356576263904,1.055344472205044,1.010253380938196,0.26842133253445427,0.2452805377542972,,0.10900914301069985,4.8720733162289305,14.466139061899433,14.466139061899433,2.531708470789873e-46,56091368.0,14.054060902313042,7.274142175689437e-45,0.25543678876158704,0.148343671859412,GCST90200230,cancerType_celltype,LUAD_Epi_LUAD,tissue,Tumor,Adjacent,group1_higher,6.096676052449818e-46,1.6776067318891205e-44
29319,3332,0.13972155423776284,-0.15626364812084195,0.0706380680203437,-0.23951803147792816,1.168707507243059,1.0483942300488318,0.2959852023586048,0.31015609949827183,,0.10605296299400027,-0.1614265114895582,15.254986295336343,15.254986295336343,3.208580203582647e-51,56088051.0,14.047627301250019,7.965954445896189e-45,0.255819972652229,0.1482757637998411,GCST90199964,cancerType_celltype,LUAD_Epi_LUAD,tissue,Tumor,Adjacent,group1_higher,8.113719512955748e-51,1.8340533631345449e-44
29319,3332,-0.2841197485939742,-0.4780262198992805,-0.3399866223335266,-0.531108945608139,0.7648752783926285,0.7125441904393832,0.1939064713053063,0.19112232327461243,,0.11432124015626188,-0.7505885790932577,14.771031751316327,14.771031751316327,3.458816301154612e-48,56067762.5,14.008276045546932,1.387337637096708e-44,0.25524038783484826,0.1478604027306205,GCST90200467,cancerType_celltype,LUAD_Epi_LUAD,tissue,Tumor,Adjacent,group1_higher,8.448685696189491e-48,3.188770993866464e-44
29319,3332,-0.05330093089300071,-0.3167273153829366,-0.1346314549446106,-0.39689192175865173,1.0406924551791454,0.9262633049463491,0.2634263844899359,0.26226046681404114,,0.12340376780084095,-2.5709861479846117,15.352063674792703,15.352063674792703,7.702389981015211e-52,56056863.5,13.987136516458634,1.8678473497797505e-44,0.2558529826766984,0.14763727039982055,GCST90200973,cancerType_celltype,LUAD_Epi_LUAD,tissue,Tumor,Adjacent,group1_higher,1.9586487955454725e-51,4.285986427188216e-44
29319,3332,-0.0033776234650010045,-0.20132543442105416,-0.079325295984745,-0.2566739618778229,0.7770490619221788,0.6703777259387254,0.19794781095605316,0.17734866589307788,,0.10099316034813141,-5.896957225722215,15.875490927890022,15.875490927890022,3.0830790209581377e-55,56053669.5,13.980941484262283,2.03777142514335e-44,0.25813242263789693,0.1475718804865649,GCST90200376,cancerType_celltype,LUAD_Epi_LUAD,tissue,Tumor,Adjacent,group1_higher,8.191494552760121e-55,4.668037735244346e-44
29319,3332,-0.15053747429986855,-0.28495154887813595,-0.1975732147693634,-0.331167533993721,0.5711149452904755,0.52002538995421,0.1344140745782674,0.1335943192243576,,0.12395384270643615,-0.9205894425201341,13.991955257423257,13.991955257423257,1.5539154052581509e-43,56052323.5,13.978330803818862,2.1139072598563573e-44,0.23743295972805004,0.14754432418623842,GCST90200487,cancerType_celltype,LUAD_Epi_LUAD,tissue,Tumor,Adjacent,group1_higher,3.583733836492148e-43,4.834321468429891e-44
29319,3332,-0.1724407788242903,-0.3116756627845776,-0.2259489148855209,-0.3723355829715729,0.5943617963662203,0.5711735810716688,0.1392348839602873,0.14638666808605197,,0.11501044638717371,-0.8539407854116114,13.277940466150403,13.277940466150403,1.9241173009463282e-39,56039656.5,13.953762089720184,2.9844258345144485e-44,0.23517911048094128,0.14728499606125056,GCST90200210,cancerType_celltype,LUAD_Epi_LUAD,tissue,Tumor,Adjacent,group1_higher,4.264344522259911e-39,6.813689133070676e-44
29319,3332,0.1318314712798099,-0.058151504711157244,0.0999648049473762,-0.10659104213118545,0.7945690595688811,0.7198660182222978,0.18998297599096714,0.20655584707856164,,0.12794674809654294,1.180792523135563,14.27766345408415,14.27766345408415,3.197415312561206e-45,56029463.5,13.9339919071349,3.937255748843841e-44,0.2413180026310287,0.1470763174808447,GCST90200851,cancerType_celltype,LUAD_Epi_LUAD,tissue,Tumor,Adjacent,group1_higher,7.592468764844813e-45,8.974046129889891e-44
29319,3332,0.36762790497921116,0.670939726612823,0.2953454256057739,0.6057604849338531,1.332786952298572,1.1249460101494488,-0.3033118216336118,-0.3104150593280792,,-0.08305973799109206,0.8679351154366364,-14.453436351292575,-14.453436351292575,2.608752698363726e-46,41676052.5,-13.905658459945078,5.852655921562683e-44,-0.2309909003649857,-0.14677725177864043,GCST90199991,cancerType_celltype,LUAD_Epi_LUAD,tissue,Tumor,Adjacent,group2_higher,6.271128620581585e-46,1.3317479167095053e-43
29319,3332,-0.13446217714445088,-0.2648708490175674,-0.198370561003685,-0.32823580503463745,0.5766404050325502,0.5413393656731964,0.13040867187311653,0.12986524403095245,,0.1109271669593796,-0.9780833764311986,13.087349348950466,13.087349348950466,2.1403047698591937e-38,55994507.0,13.866190829185078,1.015284136222868e-43,0.2275343318400323,0.1463606623453637,GCST90200271,cancerType_celltype,LUAD_Epi_LUAD,tissue,Tumor,Adjacent,group1_higher,4.6900890696432174e-38,2.3063871294529488e-43
29319,3332,-0.06132500727533417,-0.2229233507566331,-0.0914787501096725,-0.2647280991077423,0.6578518679611496,0.6046726592864035,0.16159834348129892,0.17324934899806982,,0.10929876074198319,-1.8619832852535134,14.483179298292965,14.483179298292965,1.9116055589083236e-46,55993228.0,13.863710100888543,1.0509986307662985e-43,0.2476129324227545,0.1463344777182336,GCST90200945,cancerType_celltype,LUAD_Epi_LUAD,tissue,Tumor,Adjacent,group1_higher,4.619713434028449e-46,2.3835459795914557e-43
29319,3332,-0.03907886492993287,0.24395549088617596,-0.1013303771615028,0.17667137086391443,1.158323330355356,1.0883939193092023,-0.2830343558161088,-0.2780017480254172,,-0.07684336615398527,2.642126483079696,-14.129038026583787,-14.129038026583787,2.5184038118266884e-44,41697797.0,-13.863483169527562,1.0543274510836972e-43,-0.24582112274597936,-0.14633208240832407,GCST90199813,cancerType_celltype,LUAD_Epi_LUAD,tissue,Tumor,Adjacent,group2_higher,5.897911332508207e-44,2.3871234482177395e-43
29319,3332,-0.45816124204109315,-0.19195528234528744,-0.4965474009513855,-0.2351407259702682,1.140863380743884,1.0077720191483126,-0.26620595969580574,-0.2614066749811173,,-0.09136809343294315,-1.255080791015762,-14.245665908889327,-14.245665908889327,4.8179022746863657e-45,41710113.5,-13.839594279719687,1.4703611452931407e-43,-0.23599728069160747,-0.1460799299766975,GCST90200396,cancerType_celltype,LUAD_Epi_LUAD,tissue,Tumor,Adjacent,group2_higher,1.1361247059511275e-44,3.323552638531593e-43
29319,3332,0.3088869967097959,0.7069848027208749,0.1755340099334716,0.6290426254272461,1.7050012991023473,1.618849529515867,-0.398097806011079,-0.4535086154937745,,-0.0920516304372028,1.1945974345797337,-13.376860304737983,-13.376860304737983,5.342332083689351e-40,41736258.0,-13.788884818461863,2.973245027534755e-43,-0.23467045449023913,-0.14554468057559666,GCST90200104,cancerType_celltype,LUAD_Epi_LUAD,tissue,Tumor,Adjacent,group2_higher,1.189803697723625e-39,6.709491676373958e-43
29319,3332,-0.11760732405208994,0.04306742218027777,-0.2057965397834777,0.02082071825861925,0.7711459990650181,0.781332027515143,-0.16067474623236772,-0.22661725804209695,,-0.0912725233580819,-1.4492877982340295,-11.263298625495958,-11.263298625495958,5.284809299698552e-29,41745355.0,-13.771240420249526,3.796433748568515e-43,-0.20807632741229873,-0.14535844011194987,GCST90199811,cancerType_celltype,LUAD_Epi_LUAD,tissue,Tumor,Adjacent,group2_higher,1.0202825885961936e-28,8.552957354213034e-43
29319,3332,-0.04331408914207098,-0.16963654556048405,-0.0810341536998748,-0.19974090903997416,0.5282675534078926,0.4904452981702288,0.12632245641841305,0.11870675534009936,,0.11722296474121312,-1.9695139227786904,13.974874106020415,13.974874106020415,1.992896196416458e-43,55945365.5,13.770876748196672,3.815594270586974e-43,0.2408281051112046,0.14535460147427437,GCST90200903,cancerType_celltype,LUAD_Epi_LUAD,tissue,Tumor,Adjacent,group1_higher,4.588374181952082e-43,8.581938928729448e-43
29319,3332,-0.43441569422554843,-0.6207219293220074,-0.5296586751937866,-0.7130439579486847,0.7965646990724492,0.778791303451509,0.186306235096459,0.18338528275489807,,0.10665883766979745,-0.5148698940098835,13.05462923814228,13.05462923814228,3.3322772554115695e-38,55920855.5,13.723337537447595,7.359893519943253e-43,0.23441540667727964,0.14485281475733647,GCST90200532,cancerType_celltype,LUAD_Epi_LUAD,tissue,Tumor,Adjacent,group1_higher,7.267030238601551e-38,1.6526416585968128e-42
29319,3332,-0.15539715605197454,-0.32196523532155685,-0.2397114038467407,-0.41231533885002136,0.7606605329744527,0.6938911904707237,0.1665680792695823,0.17260393500328067,,0.11836764710815359,-1.0509400155999513,12.997350574423068,12.997350574423068,6.519193780624748e-38,55919498.0,13.720704551784932,7.632116829503133e-43,0.2208776324522121,0.1448250230205661,GCST90199776,cancerType_celltype,LUAD_Epi_LUAD,tissue,Tumor,Adjacent,group1_higher,1.4194346841839508e-37,1.7109498747718373e-42
29319,3332,-0.30231086822258574,-0.47017828350679025,-0.3557555973529815,-0.5318238437175751,0.702052076533992,0.6623656493427661,0.1678674152842045,0.17606824636459356,,0.10069511841636421,-0.6371733563376896,13.776202463868412,13.776202463868412,2.8654064150637875e-42,55902370.0,13.687483352204753,1.2061646131171273e-42,0.2404610604857242,0.14447436602800345,GCST90200260,cancerType_celltype,LUAD_Epi_LUAD,tissue,Tumor,Adjacent,group1_higher,6.498417543647159e-42,2.6995112769764275e-42
29319,3332,-0.369818863511642,-0.5318747033142608,-0.4259554445743561,-0.6098880469799042,0.7235995956960709,0.6731376385791766,0.16205583980261878,0.1839326024055481,,0.105437338943679,-0.5242664186434648,13.065311580496106,13.065311580496106,2.8087659221647275e-38,55869141.0,13.623032906101892,2.921810670195108e-42,0.2255117986645064,0.1437940775409723,GCST90199692,cancerType_celltype,LUAD_Epi_LUAD,tissue,Tumor,Adjacent,group1_higher,6.135172999856609e-38,6.528570399140873e-42
29319,3332,0.4827924475831204,0.2358876343303734,0.4365413188934326,0.2120662629604339,0.9853024947017744,0.8448660357060715,0.246904813252747,0.2244750559329987,,0.10706426108205103,1.0333001883262891,15.699450873267544,15.699450873267544,4.281157683747685e-54,55858291.0,13.601988416643406,3.896978649389363e-42,0.2540422505305682,0.14357194837415177,GCST90199672,cancerType_celltype,LUAD_Epi_LUAD,tissue,Tumor,Adjacent,group1_higher,1.1243194456547386e-53,8.693260064022424e-42
29319,3332,0.02628583751150231,0.30425047197519345,-0.050888180732727,0.22532999515533444,1.1688165040012848,1.1097857185760325,-0.27796463446369113,-0.27621817588806147,,-0.09803240950720768,3.5328517514363638,-13.624561629620784,-13.624561629620784,2.128301163567634e-41,41861846.5,-13.545295337875958,8.447458229498952e-42,-0.23902070811009798,-0.1429735405878303,GCST90199633,cancerType_celltype,LUAD_Epi_LUAD,tissue,Tumor,Adjacent,group2_higher,4.810737124283061e-41,1.8813538507854692e-41
29319,3332,-0.08861580488683055,0.28634347808905614,-0.1886850446462631,0.17496472597122187,1.5021052173085474,1.4514365085028238,-0.37495928297588665,-0.36364977061748494,,-0.10445162333013243,1.6920995666316485,-14.079797615019652,-14.079797615019652,5.040071959048376e-44,41873438.5,-13.52281167688031,1.1470795086461526e-41,-0.25047140614697533,-0.14273622065218183,GCST90199912,cancerType_celltype,LUAD_Epi_LUAD,tissue,Tumor,Adjacent,group2_higher,1.1763044657847493e-43,2.5505209955704827e-41
29319,3332,0.33125857878124204,0.020562189234122143,0.2886899709701538,-0.0427857786417007,1.30586892713482,1.1709863605813753,0.3106963895471199,0.3314757496118545,,0.08290681411709688,4.009826231658333,14.33607282310566,14.33607282310566,1.4179703783253566e-45,55817067.0,13.522030994206851,1.1593192637914717e-41,0.2403371169549122,0.14272798037663859,GCST90200633,cancerType_celltype,LUAD_Epi_LUAD,tissue,Tumor,Adjacent,group1_higher,3.384752409207462e-45,2.573537714247192e-41
29319,3332,-0.21623136482663247,0.011459243198961038,-0.2618593871593475,-0.044489813968539196,0.8019981098221227,0.9005433446411175,-0.22769060802559352,-0.2173695731908083,,-0.11318384129681269,-4.237872911158261,-13.978251747838804,-13.978251747838804,2.242920140713526e-43,41908175.5,-13.455436337680363,2.8604951634448263e-41,-0.28020018917786227,-0.14202505928187303,GCST90200772,cancerType_celltype,LUAD_Epi_LUAD,tissue,Tumor,Adjacent,group2_higher,5.155312228992472e-43,6.339601476057395e-41
29319,3332,-0.2761788905287544,0.023839928970992682,-0.3100824356079101,-0.0234906235709786,1.2894703141663326,1.1234308509537012,-0.30001881949974707,-0.2865918120369315,,-0.09103148931670264,-3.534095919368481,-14.37666697640957,-14.37666697640957,7.841574372704965e-46,41917719.0,-13.436925915086164,3.6738899339461277e-41,-0.23558192403398517,-0.14182967774237498,GCST90200559,cancerType_celltype,LUAD_Epi_LUAD,tissue,Tumor,Adjacent,group2_higher,1.875099275438047e-45,8.129077889559371e-41
29319,3332,-0.10080073462586536,0.15641113916229318,-0.116837240755558,0.1149600259959697,1.0463653894748473,1.016778136798799,-0.2572118737881586,-0.2317972667515277,,-0.09453108747228077,0.633832019330125,-13.795554390832246,-13.795554390832246,2.275911488986947e-42,41922183.0,-13.428267610851815,4.12964789934898e-41,-0.24651669836957513,-0.14173828745659733,GCST90199786,cancerType_celltype,LUAD_Epi_LUAD,tissue,Tumor,Adjacent,group2_higher,5.1701122658153485e-42,9.122706785757957e-41
29319,3332,-0.2201301607196215,0.0690200595527349,-0.2750249803066253,-0.00078874346218065,1.2080867601675187,1.0936991816951254,-0.2891502202723564,-0.27423623684444465,,-0.08170999517102971,-1.6732548546440111,-14.301473730865718,-14.301473730865718,2.305077525017802e-45,41938146.5,-13.397305057167895,6.269958243466606e-41,-0.24157911637712626,-0.14141147096309103,GCST90199662,cancerType_celltype,LUAD_Epi_LUAD,tissue,Tumor,Adjacent,group2_higher,5.492693473075637e-45,1.38284030515291e-40
29319,3332,-0.02411023222291314,-0.12326797639426983,-0.0343916304409503,-0.150574542582035,0.5486302867746913,0.5428823724793317,0.09915774417135668,0.11618291214108471,,0.07792598794983278,-2.354032468514189,9.979953378299133,9.979953378299133,3.40276460591346e-23,55741780.5,13.376006482168481,8.351658284600517e-41,0.18092939649058548,0.1411866598680811,GCST90200828,cancerType_celltype,LUAD_Epi_LUAD,tissue,Tumor,Adjacent,group1_higher,5.999958807063449e-23,1.838983883992004e-40
29319,3332,-0.39046733973264436,-0.6104606237267426,-0.4278774261474609,-0.6929389834403992,0.9301291616171571,1.0402955119664672,0.21999328399409823,0.2650615572929383,,0.10680947241787452,-0.6446950286250173,11.68752386291928,11.68752386291928,4.749216107539049e-31,55725580.0,13.344584247009752,1.2738089751900085e-40,0.23354862646942054,0.1408549913365531,GCST90199934,cancerType_celltype,LUAD_Epi_LUAD,tissue,Tumor,Adjacent,group1_higher,9.408694120022854e-31,2.8003252148128737e-40
29319,3332,-0.34568289022837917,-0.09464486879627469,-0.3833566009998321,-0.13773678243160245,1.0899368554058482,0.9614737778337674,-0.25103802143210446,-0.24561981856822965,,-0.08896892192430636,-1.8688419316865263,-14.078419938454807,-14.078419938454807,4.682721896693642e-44,41965916.0,-13.343443771452002,1.2934520588129268e-40,-0.23297494819067102,-0.1408429533688027,GCST90199740,cancerType_celltype,LUAD_Epi_LUAD,tissue,Tumor,Adjacent,group2_higher,1.0947770060366095e-43,2.838929398006472e-40
29319,3332,-0.13289357497873192,0.058583873109132815,-0.2038618624210357,0.0262068901211023,0.8661981515730022,0.8464031099588452,-0.19147744808786474,-0.23006875254213802,,-0.0911855385638824,-1.1816821049586996,-12.344488713539224,-12.344488713539224,2.0711233584479804e-34,41979820.5,-13.316474821804489,1.85671846011734e-40,-0.22156629716563295,-0.14055829023515676,GCST90200942,cancerType_celltype,LUAD_Epi_LUAD,tissue,Tumor,Adjacent,group2_higher,4.277183541764541e-34,4.068661191543302e-40
29319,3332,0.043386686116420395,0.21768863941654606,-0.0126973120495677,0.1593041196465492,0.6966697017731592,0.7434426599587259,-0.17430195330012566,-0.1720014316961169,,-0.11906739601830685,2.326915192657299,-12.904795658550675,-12.904795658550675,2.3080130825179986e-37,41979911.0,-13.316299289426977,1.861087798744469e-40,-0.2484404112454678,-0.1405564374527054,GCST90200963,cancerType_celltype,LUAD_Epi_LUAD,tissue,Tumor,Adjacent,group2_higher,4.961864087495319e-37,4.0716896784730516e-40
29319,3332,0.13265492927759698,0.33083402461179523,0.1104175820946693,0.33171880245208735,0.8648521313229829,0.823127787825907,-0.19817909533419825,-0.22130122035741806,,-0.09911475953532746,1.3184228161632547,-13.100203935260577,-13.100203935260577,1.8375561765525808e-38,41983053.0,-13.310205115613286,2.019292391974203e-40,-0.23025663424363624,-0.1404921121216316,GCST90200861,cancerType_celltype,LUAD_Epi_LUAD,tissue,Tumor,Adjacent,group2_higher,4.033154699905262e-38,4.410730016443652e-40
29319,3332,-0.36449848570826926,-0.21872902888385795,-0.4196052849292755,-0.26480773091316223,0.697292059014637,0.6256624637367548,-0.1457694568244113,-0.15479755401611328,,-0.09380045130352832,-0.7367654810987067,-12.589430008530172,-12.589430008530172,1.0133212573509146e-35,41987319.5,-13.30192987927461,2.2557287106861317e-40,-0.21116073628311138,-0.14040476520087208,GCST90200300,cancerType_celltype,LUAD_Epi_LUAD,tissue,Tumor,Adjacent,group2_higher,2.1281307762238776e-35,4.919293172264316e-40
29319,3332,-0.10148112334330754,-0.2074750010127778,-0.1272540688514709,-0.23222614079713816,0.5336672756218585,0.5368777235781184,0.10599387766947026,0.10497207194566727,,0.09201381844926715,-1.031718857113199,10.80559328866798,10.80559328866798,7.403407566763145e-27,55696454.0,13.28809191521548,2.7141486341264137e-40,0.19849200435125453,0.14025870247822847,GCST90200321,cancerType_celltype,LUAD_Epi_LUAD,tissue,Tumor,Adjacent,group1_higher,1.38801162496536e-26,5.909560045230514e-40
29319,3332,-0.24302006166372883,-0.06808344900308275,-0.2956058382987976,-0.1212920472025871,0.7446774842091592,0.7278179225291505,-0.17493661266064608,-0.1743137910962105,,-0.10286559059221152,-1.8356841332112126,-13.115980000472929,-13.115980000472929,1.5340094501119738e-38,42001664.0,-13.274107512543067,3.271497723612136e-40,-0.23545426360961802,-0.14011109406414768,GCST90200943,cancerType_celltype,LUAD_Epi_LUAD,tissue,Tumor,Adjacent,group2_higher,3.3723465814558387e-38,7.1117247165603525e-40
29319,3332,0.9548004968691463,1.3127931348369726,0.8469963073730469,1.210848867893219,1.568509464325512,1.4006040037367062,-0.3579926379678263,-0.3638525605201721,,-0.08307772423654389,0.4593679651704111,-13.803138692851253,-13.803138692851253,1.9030131590217114e-42,42007284.5,-13.263206079086714,3.783720489960819e-40,-0.23063397489316656,-0.13999602706118774,GCST90200457,cancerType_celltype,LUAD_Epi_LUAD,tissue,Tumor,Adjacent,group2_higher,4.337469792218383e-42,8.212119471045535e-40
29319,3332,-0.24171453408282795,-0.0640176926581906,-0.3220442533493042,-0.1322994232177734,0.8209840374671716,0.7506708178902661,-0.17769684142463735,-0.1897448301315308,,-0.09625140838348804,-1.9167450716174992,-12.820537568744147,-12.820537568744147,5.953940507354027e-37,42041946.5,-13.195976208707908,9.254933193632352e-40,-0.21827702973842025,-0.13928640114594903,GCST90200305,cancerType_celltype,LUAD_Epi_LUAD,tissue,Tumor,Adjacent,group2_higher,1.2739750253569135e-36,2.005480754041478e-39
29319,3332,0.14915914580675682,0.3370575005536258,0.1157833337783813,0.33378359675407404,0.8174595051720439,0.7945609161745277,-0.187898354746869,-0.21800026297569275,,-0.08568044993729437,1.1761368977168436,-12.896825049860212,-12.896825049860212,2.403036386274758e-37,42050792.0,-13.178819615942466,1.161960736949608e-39,-0.23050692533212874,-0.13910530957497091,GCST90200318,cancerType_celltype,LUAD_Epi_LUAD,tissue,Tumor,Adjacent,group2_higher,5.1580135346338504e-37,2.513892832479866e-39
29319,3332,-0.07006721995033051,-0.19514974609563568,-0.1294303387403488,-0.26291385293006897,0.6414019153757711,0.5907795259725448,0.12508252614530518,0.13348351418972018,,0.10339232837924167,-1.4777568276332869,11.476921398079652,11.476921398079652,4.728461406445796e-30,55617044.0,13.134069527390745,2.100602183436807e-39,0.19654033319866646,0.1386329626499121,GCST90200726,cancerType_celltype,LUAD_Epi_LUAD,tissue,Tumor,Adjacent,group1_higher,9.273227189907366e-30,4.5374338764253053e-39
29319,3332,-0.36252910878028455,-0.4857144708635335,-0.4178777039051056,-0.5505585670471191,0.5760328104836344,0.5707039550736394,0.12318536208324893,0.13268086314201355,,0.1052164733960742,-0.42201062085116964,11.795373383057298,11.795373383057298,1.314986808234146e-31,55616312.5,13.132650721488544,2.140339706821485e-39,0.21405248245374173,0.1386179868447941,GCST90200326,cancerType_celltype,LUAD_Epi_LUAD,tissue,Tumor,Adjacent,group1_higher,2.6319045809444067e-31,4.615954146198867e-39
29319,3332,-0.00760179595869328,0.14841821299920208,-0.0445577502250671,0.12282079458236689,0.6987647846818177,0.6300415062108013,-0.15602000895789536,-0.16737854480743397,,-0.0879869064580675,4.287003978957014,-13.38908819024928,-13.38908819024928,4.370540184949183e-40,42108378.5,-13.067125745693517,5.0747621001657904e-39,-0.2254409389995105,-0.13792635646297813,GCST90200524,cancerType_celltype,LUAD_Epi_LUAD,tissue,Tumor,Adjacent,group2_higher,9.76564962637006e-40,1.0927173368919388e-38
29319,3332,-0.13734232688831724,-0.282866004146856,-0.1608602553606033,-0.32139974832534784,0.7610533640644218,0.7055720019884676,0.14552367725853874,0.16053949296474454,,0.09772850796306692,-1.0423370833726813,11.188684892423906,11.188684892423906,1.1579740518923141e-28,55580791.0,13.063753778419454,5.3046883461626515e-39,0.19259875226625023,0.13789076461445116,GCST90200813,cancerType_celltype,LUAD_Epi_LUAD,tissue,Tumor,Adjacent,group1_higher,2.2167396527095846e-28,1.1404243242617813e-38
29319,3332,0.11436963703002247,0.348124808789585,0.0634173899888992,0.3006923496723175,1.0430254955604126,0.9934357262750576,-0.23375517175956256,-0.2372749596834183,,-0.08674697301586232,1.605892065189714,-12.80396620194125,-12.80396620194125,7.523142992233395e-37,42129057.0,-13.027018052120493,8.590067107061279e-39,-0.22518146778940756,-0.1375030110273926,GCST90200880,cancerType_celltype,LUAD_Epi_LUAD,tissue,Tumor,Adjacent,group2_higher,1.6072169119771343e-36,1.8438207034526807e-38
29319,3332,0.8772808648320272,1.2888088155166133,0.7934767007827759,1.2309010028839111,1.7304557259857134,1.7446547642963064,-0.41152795068458614,-0.43742430210113525,,-0.09677682078045745,0.5549270361082377,-12.913030977387892,-12.913030977387892,2.0108800763682793e-37,42162466.0,-12.962218480846893,2.003701771236108e-38,-0.23761512999080475,-0.13681903744819324,GCST90199819,cancerType_celltype,LUAD_Epi_LUAD,tissue,Tumor,Adjacent,group2_higher,4.3299044930331194e-37,4.2940967204320993e-38
29319,3332,0.1309170141164822,-0.14983509526120056,0.0926115363836288,-0.16201116144657135,1.1295359962496867,1.1554523899506812,0.2807521093776828,0.25462269783020014,,0.0986119693632064,-0.19472158490224,13.320942438701191,13.320942438701191,1.16073604047058e-39,55524883.5,12.955316470179794,2.192328785059452e-38,0.2479688254622719,0.1367461852232963,GCST90199832,cancerType_celltype,LUAD_Epi_LUAD,tissue,Tumor,Adjacent,group1_higher,2.58088617155204e-39,4.690964103667242e-38
29319,3332,0.3805272655524636,0.16329578286051033,0.3200003206729889,0.08060086145997039,0.9357712459456303,0.8813723775445057,0.21723148269195325,0.2393994592130185,,0.09385416994281776,1.2205072523831153,13.39493102400853,13.39493102400853,4.203204622125593e-40,55518703.0,12.943328869525585,2.562826252609035e-38,0.23349011424025343,0.1366196534891455,GCST90200403,cancerType_celltype,LUAD_Epi_LUAD,tissue,Tumor,Adjacent,group1_higher,9.407172249519186e-40,5.47512881239203e-38
29319,3332,-0.21698607683464965,-0.4463753702624659,-0.2888315916061401,-0.5077662467956543,0.9572105401745353,0.8334453803744776,0.22938929342781622,0.21893465518951422,,0.09872938159946289,-1.040651535325871,14.815540176499693,14.815540176499693,1.692116666328904e-48,55518059.5,12.94208074704019,2.6048108187832545e-38,0.24265628240411116,0.1366064792846433,GCST90200379,cancerType_celltype,LUAD_Epi_LUAD,tissue,Tumor,Adjacent,group1_higher,4.155594623795128e-48,5.556114469486035e-38
29319,3332,-0.24911790459337993,-0.3532932137252163,-0.3086869418621063,-0.4009048491716385,0.4756478826129484,0.4370863986216576,0.1041753091318364,0.09221790730953217,,0.10933107433452315,-0.5040356150371313,12.916110040659508,12.916110040659508,1.8157506217438083e-37,55516455.5,12.938969653852041,2.71246238776804e-38,0.2207768010754639,0.1365736410188756,GCST90200119,cancerType_celltype,LUAD_Epi_LUAD,tissue,Tumor,Adjacent,group1_higher,3.915930533919004e-37,5.76935989439176e-38
29319,3332,0.025909114367045127,-0.11088676594574493,0.0002875236677937,-0.16770377010107035,0.708083725891997,0.6529397567178665,0.13679588031279005,0.16799129376886404,,0.09533669067944232,-2.097512915556612,11.358273538965568,11.358273538965568,1.7789567544967071e-29,55516444.0,12.9389473486328,2.713249957670666e-38,0.19468401191151072,0.13657340558243147,GCST90200293,cancerType_celltype,LUAD_Epi_LUAD,tissue,Tumor,Adjacent,group1_higher,3.468838421143079e-29,5.76935989439176e-38
29319,3332,0.42926456003731706,0.7046338794384703,0.3755185306072235,0.6675633788108826,1.2674583916711852,1.1167523836655777,-0.2753693194011533,-0.29204484820365906,,-0.08195140838672572,0.7150054599794631,-13.293675942166363,-13.293675942166363,1.4653427866680884e-39,42218779.0,-12.852994671180928,8.274492362022534e-38,-0.21978321348989252,-0.13566615636329227,GCST90199718,cancerType_celltype,LUAD_Epi_LUAD,tissue,Tumor,Adjacent,group2_higher,3.252870062261571e-39,1.7567185497564974e-37
29319,3332,0.240336003271775,0.05465713630840365,0.1997693628072738,0.03448322415351865,0.8086291042400184,0.6997877995035038,0.18567886696337135,0.16528613865375516,,0.12329388799541935,2.1365506149275917,14.271510732673002,14.271510732673002,3.3038956997624665e-45,55469273.0,12.847455218471856,8.888753180186087e-38,0.23262059706604413,0.13560768623421948,GCST90200777,cancerType_celltype,LUAD_Epi_LUAD,tissue,Tumor,Adjacent,group1_higher,7.831669284828247e-45,1.8841944921607525e-37
29319,3332,-0.1987053908398325,-0.33193024156475126,-0.3000495135784149,-0.4566783905029297,0.7263860699635476,0.7094977394979917,0.13322485072491877,0.15662887692451477,,0.10121847779548937,-0.7402461494996286,10.245854254793285,10.245854254793285,2.3970661507883535e-24,55448424.0,12.80701682577877,1.497848588575461e-37,0.1838392852166213,0.1351808501974412,GCST90200806,cancerType_celltype,LUAD_Epi_LUAD,tissue,Tumor,Adjacent,group1_higher,4.338912567761654e-24,3.170136065571977e-37
29319,3332,0.778292164738848,1.1049475946325567,0.594300389289856,1.013355791568756,1.5149631082668373,1.5042448259040586,-0.32665542989370866,-0.41905540227890015,,-0.08578347326782672,0.5055936608752496,-11.869529392017284,-11.869529392017284,5.599788243400492e-32,42300903.0,-12.693708251615147,6.407926466578608e-37,-0.21577465067131324,-0.13398485353416922,GCST90200959,cancerType_celltype,LUAD_Epi_LUAD,tissue,Tumor,Adjacent,group2_higher,1.127401975739272e-31,1.3541091122397895e-36
29319,3332,0.00844513994646583,0.22563320047809465,-0.03995818272233,0.17599465698003763,0.9054228538327239,0.8978331385568928,-0.2171880605316288,-0.21595283970236764,,-0.09984413000170683,4.739549798664878,-13.220358753374695,-13.220358753374695,4.112246272375046e-39,42301499.5,-12.692551289591002,6.503309838728591e-37,-0.24007927533964393,-0.13397264154817767,GCST90200535,cancerType_celltype,LUAD_Epi_LUAD,tissue,Tumor,Adjacent,group2_higher,9.069565807843346e-39,1.3721379737131685e-36
29319,3332,-0.11804263362748701,0.08437282283695587,-0.1847446411848068,0.02714920416474335,0.9194643548086783,0.833028975369545,-0.20241545646444287,-0.21189384534955014,,-0.094110674720292,-0.484452861533213,-13.145536715440176,-13.145536715440176,9.956883578999809e-39,42303029.5,-12.689583725639713,6.754465342390314e-37,-0.22218514415395996,-0.13394131826474576,GCST90200846,cancerType_celltype,LUAD_Epi_LUAD,tissue,Tumor,Adjacent,group2_higher,2.1924446394469694e-38,1.4229267792392577e-36
29319,3332,-0.04473792534459926,-0.2066473640251064,-0.1101576685905456,-0.2819199413061142,0.7424286007130034,0.709879381065597,0.16190943868050714,0.1717622727155686,,0.10205211560108701,-2.2075754348221155,12.416454906014623,12.416454906014623,8.611367759783035e-35,55382789.0,12.679712211437044,7.661358599872397e-37,0.21904120197385368,0.13383712228368272,GCST90200550,cancerType_celltype,LUAD_Epi_LUAD,tissue,Tumor,Adjacent,group1_higher,1.79195332161592e-34,1.611486384510197e-36
29319,3332,-0.21655093855160895,0.041499282081277025,-0.2984642088413238,-0.05327049456536765,1.062244368050917,1.0933517763929548,-0.25805022063288596,-0.24519371427595615,,-0.09813150337163269,-2.383520039589194,-12.947017339155241,-12.947017339155241,1.3325059214935281e-37,42331570.5,-12.634226050650344,1.367345634963859e-36,-0.24219613612380458,-0.13335700595596878,GCST90200032,cancerType_celltype,LUAD_Epi_LUAD,tissue,Tumor,Adjacent,group2_higher,2.8828659857074267e-37,2.8716365184217873e-36
29319,3332,-0.34800797742983197,-0.559833168244893,-0.3950610756874084,-0.6223039329051971,0.9587038085414615,0.9075175956524537,0.21182519081506107,0.22724285721778875,,0.09885525143900356,-0.6858750182068638,12.692473402778878,12.692473402778878,2.9689392803752673e-36,55348608.5,12.613416250889967,1.7810426041177572e-36,0.2221303923085892,0.1331373539899947,GCST90200789,cancerType_celltype,LUAD_Epi_LUAD,tissue,Tumor,Adjacent,group1_higher,6.254504233618995e-36,3.734709337557697e-36
29319,3332,0.3681965113370918,0.14901415707376067,0.3166799545288086,0.07492816075682635,0.9802510960002072,0.9736120119195264,0.21918235426333113,0.24175179377198225,,0.10005085609031808,1.305020793634009,12.305392209762237,12.305392209762237,3.3367935701325695e-34,55296346.0,12.512048727357788,6.414889034477192e-36,0.22375231460257408,0.1320673977152511,GCST90200192,cancerType_celltype,LUAD_Epi_LUAD,tissue,Tumor,Adjacent,group1_higher,6.8805592073989294e-34,1.3430865981555164e-35
29319,3332,-0.2626345981133212,-0.41885854503295017,-0.3108144402503967,-0.48314090073108673,0.70285362335394,0.6793479540516801,0.156223946919629,0.17232646048069006,,0.10143841473762687,-0.6734040752067065,12.53371308430774,12.53371308430774,2.0963044790686604e-35,55285442.0,12.490899500348082,8.370293463402478e-36,0.22302044303825186,0.13184416302077984,GCST90200391,cancerType_celltype,LUAD_Epi_LUAD,tissue,Tumor,Adjacent,group1_higher,4.382305222347522e-35,1.749802145800242e-35
29319,3332,0.16661752767530866,0.5822147467000655,0.0075945230200886,0.436957448720932,1.8128985430043887,1.8596197746990102,-0.41559721902475677,-0.4293629257008434,,-0.08032468473740753,1.8050050246772957,-12.255459341499117,-12.255459341499117,6.155976641860401e-34,42420000.0,-12.462709582395119,1.1925038486313142e-35,-0.2286365105585081,-0.13154661230091136,GCST90200744,cancerType_celltype,LUAD_Epi_LUAD,tissue,Tumor,Adjacent,group2_higher,1.265549949148677e-33,2.489100682518348e-35
29319,3332,0.045830470505500126,0.2324797551117706,-0.0016585695557296,0.171294704079628,0.7582175448605569,0.8086259868331221,-0.18664928460627048,-0.1729532736353576,,-0.10780385313753861,2.3427008135280794,-12.70430110493106,-12.70430110493106,2.759532068054032e-36,42457000.5,-12.390943994173117,2.9258242121542097e-35,-0.24446120312862651,-0.13078911089658418,GCST90199865,cancerType_celltype,LUAD_Epi_LUAD,tissue,Tumor,Adjacent,group2_higher,5.8223563603059534e-36,6.09770397731833e-35
29319,3332,0.09681567612161011,-0.3098939828573295,-0.08247921615839,-0.47902427613735193,1.7728365512033484,1.8665644492473108,0.4067096589789396,0.39654505997896194,,0.09424564983151458,-1.678451928117963,11.97845532044066,11.97845532044066,1.6257835994980143e-32,55228977.0,12.381380873871269,3.2962613572474433e-35,0.22815213037289966,0.13068817008027,GCST90199697,cancerType_celltype,LUAD_Epi_LUAD,tissue,Tumor,Adjacent,group1_higher,3.2926345410338685e-32,6.859243099127122e-35
29319,3332,-0.020830058835636513,-0.1700948590468595,-0.0661317557096481,-0.23309888690710065,0.6851475241685333,0.6357265659559271,0.149264800211223,0.16696713119745255,,0.10242635093648854,-3.0295399412238613,12.738426342571126,12.738426342571126,1.6628569568992656e-36,55210718.0,12.345966004468274,5.121640888536439e-35,0.21941998169934906,0.13031435842524886,GCST90200632,cancerType_celltype,LUAD_Epi_LUAD,tissue,Tumor,Adjacent,group1_higher,3.524842973955986e-36,1.0641458126638974e-34
29319,3332,-0.24403286779005834,-0.4192481656359627,-0.3043397665023803,-0.4851013571023941,0.8161558029403458,0.7817142118979025,0.17521529784590434,0.1807615906000138,,0.09671472001420257,-0.7807265291766907,12.204395566631971,12.204395566631971,1.088672801999661e-33,55197924.0,12.321150963165797,6.969329231079159e-35,0.21559419878555983,0.1300524302630086,GCST90200272,cancerType_celltype,LUAD_Epi_LUAD,tissue,Tumor,Adjacent,group1_higher,2.2246792040862638e-33,1.4444630243195428e-34
29319,3332,0.5140590945258494,0.7680961350655978,0.4597529172897339,0.7167604565620422,1.1608040268522566,1.0515603579631547,-0.2540370405397484,-0.25700753927230835,,-0.07629165032570706,0.5793517456632685,-13.069275911308543,-13.069275911308543,2.6178777429642577e-38,42493007.5,-12.321105382935173,6.973269772577103e-35,-0.22087605588163703,-0.1300519491537534,GCST90199657,cancerType_celltype,LUAD_Epi_LUAD,tissue,Tumor,Adjacent,group2_higher,5.727395447287774e-38,1.4444630243195428e-34
29319,3332,0.643385996457535,1.0174026265235883,0.5101203322410583,0.81524458527565,1.5007478881735559,1.5829143940661141,-0.37401663006605324,-0.3051242530345917,,-0.08859607895261971,0.6611334588112014,-12.991664296776424,-12.991664296776424,7.734134130459446e-38,42494232.0,-12.318730361982,7.18168916328892e-35,-0.24780213186775907,-0.1300268802906408,GCST90199635,cancerType_celltype,LUAD_Epi_LUAD,tissue,Tumor,Adjacent,group2_higher,1.6759339936114826e-37,1.4853781987196963e-34
29319,3332,-0.09380891765082368,0.2159583157823005,-0.1385849714279174,0.1278293505311012,1.3610206142567398,1.2436929461794048,-0.3097672334331242,-0.2664143219590186,,-0.08086220593155952,1.2029471924017086,-13.488587567994303,-13.488587567994303,1.216659975491576e-40,42494448.5,-12.318310441984972,7.219177747101567e-35,-0.22953922276819386,-0.13002244794367146,GCST90200521,cancerType_celltype,LUAD_Epi_LUAD,tissue,Tumor,Adjacent,group2_higher,2.736481099991779e-40,1.4908695862574905e-34
29319,3332,-0.10459602182778846,-0.24359906595575365,-0.1149967983365058,-0.2446045503020286,0.7236510097631866,0.630561745190728,0.1390030441279652,0.1296077519655228,,0.09422451318859332,-1.2196727492871917,11.867548474616127,11.867548474616127,5.355476518673893e-32,55194882.5,12.315251717572433,7.498176547664684e-35,0.1944889428041842,0.129990162441729,GCST90199833,cancerType_celltype,LUAD_Epi_LUAD,tissue,Tumor,Adjacent,group1_higher,1.0798098365314374e-31,1.5461444227635347e-34
29319,3332,-0.21584066948581795,-0.4881500707407537,-0.2884386777877807,-0.5634107291698456,1.2941515100721004,1.2160919056476525,0.27230940125493575,0.2749720513820649,,0.08311345875296086,-1.1773542831360044,12.166303067537362,12.166303067537362,1.691586286514315e-33,55176285.0,12.27918029889002,1.1718087483624196e-34,0.21168256131064742,0.12960942076615778,GCST90200889,cancerType_celltype,LUAD_Epi_LUAD,tissue,Tumor,Adjacent,group1_higher,3.45154507263325e-33,2.4126515468549517e-34
29319,3332,-0.6869602554614167,-0.47532884978318346,-0.7651544213294983,-0.5393515825271606,1.0892484189837695,0.9914448007816632,-0.21163140567823324,-0.22580283880233765,,-0.08291189576443218,-0.5312997305908769,-11.554484178926753,-11.554484178926753,1.964450592378269e-30,42521758.0,-12.265341365038749,1.3902681547177352e-34,-0.19601381585018096,-0.12946334780714697,GCST90200802,cancerType_celltype,LUAD_Epi_LUAD,tissue,Tumor,Adjacent,group2_higher,3.869286354641012e-30,2.8581229183714524e-34
29319,3332,0.048450658344140925,0.2489758660568132,0.0155991055071353,0.21705774217844004,0.8478354365722053,0.8596979575909294,-0.2005252077126723,-0.20145863667130473,,-0.091258220923678,2.3613937486172594,-12.776446476124924,-12.776446476124924,1.1011041571724155e-36,42522226.0,-12.264433639594825,1.4059354086914044e-34,-0.23617505329592733,-0.12945376656750907,GCST90200502,cancerType_celltype,LUAD_Epi_LUAD,tissue,Tumor,Adjacent,group2_higher,2.3450077597281286e-36,2.8859788585035904e-34
29319,3332,0.10987674014171626,0.3434874012158745,0.0051285959780216,0.26315948367118835,1.1541682323470548,1.0588147286021032,-0.23361066107415823,-0.25803088769316673,,-0.08258079707451844,1.6443622396091842,-11.954188272665041,-11.954188272665041,2.0143101341420856e-32,42533376.0,-12.242807274851772,1.8357373597063672e-34,-0.20406176167924991,-0.12922549558040752,GCST90199676,cancerType_celltype,LUAD_Epi_LUAD,tissue,Tumor,Adjacent,group2_higher,4.0734491288362947e-32,3.7625714605710957e-34
29319,3332,0.0761362452541053,-0.046068192898366535,0.0559579245746135,-0.0548680331557989,0.5585153909327983,0.6016974424275455,0.12220443815247184,0.1108259577304124,,0.10766957226628131,0.7248000491306825,11.188607346231052,11.188607346231052,1.2258465062059202e-28,55152201.0,12.232467351045027,2.0850992638830347e-34,0.21703135226385348,0.12911635543401845,GCST90199726,cancerType_celltype,LUAD_Epi_LUAD,tissue,Tumor,Adjacent,group1_higher,2.3400963416788083e-28,4.26725269770657e-34
29319,3332,0.5523106631586202,0.7865971109040686,0.53386390209198,0.8016423881053925,1.0707701726775893,1.0518868960143164,-0.23428644774544838,-0.2677784860134125,,-0.0811300477378099,0.5101441284009327,-12.160618934059622,-12.160618934059622,1.8535502646457e-33,42590835.5,-12.131359731806622,7.204402039841306e-34,-0.2191930558068143,-0.1280491425056669,GCST90200417,cancerType_celltype,LUAD_Epi_LUAD,tissue,Tumor,Adjacent,group2_higher,3.7707298667344616e-33,1.472203895098006e-33
29319,3332,-0.2367062551951305,-0.39949583525126614,-0.3043400645256042,-0.4745810925960541,0.767719737463638,0.6754569996889342,0.16278958005613564,0.17024102807044988,,0.1000263162386495,-0.755080148332905,12.990773302385692,12.990773302385692,6.886900307867858e-38,55099597.0,12.130437459480584,7.28600402919119e-34,0.21452969953929554,0.12803940772052202,GCST90200460,cancerType_celltype,LUAD_Epi_LUAD,tissue,Tumor,Adjacent,group1_higher,1.494720560449664e-37,1.4866502233214959e-33
29319,3332,-0.18286309629659023,-0.4068909017854448,-0.2691464722156524,-0.4607812315225601,1.0119569269985773,1.0007437502126144,0.22402780548885456,0.1916347593069077,,0.08761939721885607,-1.1538737244564883,12.230918386820477,12.230918386820477,8.085305292493702e-34,55082305.5,12.096899137870317,1.0967753293991008e-33,0.2216300771066069,0.1276854034359063,GCST90200804,cancerType_celltype,LUAD_Epi_LUAD,tissue,Tumor,Adjacent,group1_higher,1.6571836261156262e-33,2.2345362839625926e-33
29319,3332,0.04606704518765191,-0.0792946601585692,0.0446626394987106,-0.0837105065584182,0.6821702748541146,0.6818509768380888,0.1253617053462211,0.1283731460571288,,0.09803454211065554,-0.7834755284296668,10.05619060234079,10.05619060234079,1.60659101198677e-23,55074935.0,12.08260343192066,1.3052214022939105e-33,0.18377770990063438,0.12753450914797515,GCST90199647,cancerType_celltype,LUAD_Epi_LUAD,tissue,Tumor,Adjacent,group1_higher,2.847572886005159e-23,2.655248912427761e-33
29319,3332,-0.03823446646539163,-0.1925438449015688,-0.0882999300956726,-0.2826559394598007,0.840762367887787,0.8521528329779796,0.15430937843617717,0.1943560093641281,,0.0916897977266124,-2.3322111177582285,9.918429284947633,9.918429284947633,6.258405084884368e-23,55070980.5,12.074933345877932,1.4328198901871192e-33,0.1832801981749198,0.12745354972030776,GCST90200401,cancerType_celltype,LUAD_Epi_LUAD,tissue,Tumor,Adjacent,group1_higher,1.0978386268593814e-22,2.9104821316319572e-33
29319,3332,-0.3400601428958058,-0.5990084593540771,-0.325128972530365,-0.620817095041275,1.2227230523786905,1.1006389345884804,0.2589483164582713,0.29568812251091003,,0.0875619645452182,-0.8167846199050135,12.718019346281732,12.718019346281732,2.0945138955931515e-36,55070415.5,12.073837480758666,1.4520348326161048e-33,0.21385991632512888,0.1274419826254456,GCST90200432,cancerType_celltype,LUAD_Epi_LUAD,tissue,Tumor,Adjacent,group1_higher,4.426081301850334e-36,2.9451242215115338e-33
29319,3332,7.475050218446373e-05,-0.14504641177354796,-0.0348338969051837,-0.1757250502705574,0.6697111578698184,0.6397999241876408,0.14512116227573243,0.1408911533653737,,0.08476949178002684,-10.902981478962802,12.346824592994855,12.346824592994855,1.98804531595961e-34,55062970.5,12.05939727578001,1.7304666753037753e-33,0.21766402005650434,0.12728956311881134,GCST90200468,cancerType_celltype,LUAD_Epi_LUAD,tissue,Tumor,Adjacent,group1_higher,4.111844864420256e-34,3.504644990251183e-33
29319,3332,-0.03695477105026315,0.14471939479956156,-0.083994448184967,0.1074212938547134,0.8113719763272972,0.8131909487705334,-0.1816741658498247,-0.1914157420396804,,-0.10094278192078882,1.9693966689913507,-12.223019791525928,-12.223019791525928,8.943784629059728e-34,42651732.0,-12.013245837584622,3.027289878565169e-33,-0.2238585823711307,-0.1268024246432432,GCST90200544,cancerType_celltype,LUAD_Epi_LUAD,tissue,Tumor,Adjacent,group2_higher,1.8303871545658272e-33,6.121952677276447e-33
29319,3332,-0.02078331186843199,-0.15620499199997454,-0.060002502053976,-0.18888151645660395,0.6188818921696946,0.5675081608746613,0.13542168013154254,0.12887901440262794,,0.10342234227684576,-2.9098829069506826,12.928296216781149,12.928296216781149,1.556588245009923e-37,55037498.0,12.009991215159614,3.148821934248218e-33,0.22061487097770488,0.12676807139513935,GCST90200669,cancerType_celltype,LUAD_Epi_LUAD,tissue,Tumor,Adjacent,group1_higher,3.362329283595127e-37,6.358287846489364e-33
29319,3332,0.030925894310815515,-0.11027761445880928,0.0004362156905699,-0.11803131550550455,0.6536046671358163,0.6006948595851849,0.14120350876962479,0.11846753119607445,,0.10809331548712972,-1.83421917665551,12.738918815898945,12.738918815898945,1.6419733132782684e-36,55034693.0,12.004550681248919,3.362892203344562e-33,0.21777075446216956,0.12671064537551446,GCST90200838,cancerType_celltype,LUAD_Epi_LUAD,tissue,Tumor,Adjacent,group1_higher,3.485996302178006e-36,6.7805060253826e-33
29319,3332,-0.016408532447556908,0.12889325560183357,-0.0785562470555305,0.10101968422532075,0.8440785084047492,0.7359104738771944,-0.14530178804939048,-0.17957593128085125,,-0.0718236568240753,2.973581930678094,-10.630214026018185,-10.630214026018185,4.4632246587307736e-26,42675298.0,-11.967537594397648,5.2566202795841904e-33,-0.17428841882075155,-0.1263199641874554,GCST90199994,cancerType_celltype,LUAD_Epi_LUAD,tissue,Tumor,Adjacent,group2_higher,8.310621871379843e-26,1.0583121774111153e-32
29319,3332,0.5020251497649808,0.7430156469423356,0.4412707686424255,0.6876628398895264,0.9591763500784114,1.0962028197655314,-0.24099049717735477,-0.24639207124710089,,-0.10277270548176491,0.5656320201526406,-12.171515565155877,-12.171515565155877,1.7515061330635215e-33,42699840.0,-11.91993631695155,9.318082149659925e-33,-0.24741338873892083,-0.1258175223430209,GCST90200213,cancerType_celltype,LUAD_Epi_LUAD,tissue,Tumor,Adjacent,group2_higher,3.568464662728819e-33,1.8732368687295688e-32
29319,3332,-0.08386874197009793,-0.3233880013665977,-0.1191331520676612,-0.4032256752252579,1.1562231237911753,1.1828109624592988,0.23951925939649976,0.2840925231575967,,0.08358253578117923,-1.9470482901611068,11.101743908075493,11.101743908075493,3.103732356771763e-28,54974688.5,11.888166896206362,1.363682716145517e-32,0.20666675243938248,0.12548218919205878,GCST90200514,cancerType_celltype,LUAD_Epi_LUAD,tissue,Tumor,Adjacent,group1_higher,5.90836201435742e-28,2.737407278507128e-32
29319,3332,0.6449853056130977,0.42458648271976196,0.6771963238716125,0.404313325881958,1.127949772738044,0.957430556653134,0.2203988228933358,0.27288299798965454,,0.1033077668804479,0.6032066897546069,12.349529086867319,12.349529086867319,1.7867582840631608e-34,54960257.5,11.860176755434436,1.9057460399715525e-32,0.19824471273000258,0.12518674716381994,GCST90200955,cancerType_celltype,LUAD_Epi_LUAD,tissue,Tumor,Adjacent,group1_higher,3.701142159845119e-34,3.819899783060627e-32
29319,3332,-0.18610047329731635,-0.2975286459512266,-0.2650733888149261,-0.4817454367876053,0.7369571511092861,0.8859948815908233,0.11142817265391022,0.2166720479726792,,0.07205739433019641,-0.6769439494570351,6.990052262818355,6.990052262818355,3.2215424370405814e-12,54954235.0,11.848495609096764,2.1909113933877307e-32,0.14787799899379664,0.12506345012168385,GCST90199857,cancerType_celltype,LUAD_Epi_LUAD,tissue,Tumor,Adjacent,group1_higher,4.7418599802227995e-12,4.3850399841225794e-32
29319,3332,-0.09788073289497538,-0.22074813452667075,-0.1120585948228836,-0.23180376738309855,0.6810232839414426,0.5874621279769532,0.12286740163169536,0.11974517256021494,,0.09089734057785402,-1.1732962334452066,11.244645951861017,11.244645951861017,6.068084569446586e-29,54950348.5,11.840957414785207,2.3970363356714497e-32,0.182818085744875,0.12498388283994655,GCST90200656,cancerType_celltype,LUAD_Epi_LUAD,tissue,Tumor,Adjacent,group1_higher,1.1698443094986842e-28,4.790557955308191e-32
29319,3332,-0.5988779683356634,-0.1823358950767309,-0.7705332636833191,-0.5682429075241089,1.5452256881049842,1.6267713121849543,-0.41654207325893255,-0.2022903561592102,,-0.12310630769771452,-1.7156579541058299,-14.076283249449718,-14.076283249449718,5.70803203956224e-44,42745625.0,-11.8311324506053,2.694844388936811e-32,-0.26808970394232357,-0.12488017820450603,GCST90200215,cancerType_celltype,LUAD_Epi_LUAD,tissue,Tumor,Adjacent,group2_higher,1.3299226786193733e-43,5.37785197967917e-32
29319,3332,-0.07205703108699643,0.11360095534402033,-0.125722587108612,0.06433424726128575,0.9163673221842564,0.8477409769992091,-0.18565798643101677,-0.19005683436989776,,-0.08645894034101781,0.6567565298389686,-11.87758260271794,-11.87758260271794,4.925101069986097e-32,42749441.5,-11.823730027193475,2.9432350506363956e-32,-0.2041088206241307,-0.12480204401416761,GCST90200843,cancerType_celltype,LUAD_Epi_LUAD,tissue,Tumor,Adjacent,group2_higher,9.94505593835711e-32,5.864955225171648e-32
29319,3332,0.07962420164927268,-0.07973350242157898,-0.0017986098537221,-0.1406017243862152,0.7226944775121614,0.6301311006204762,0.15935770407085165,0.1388031145324931,,0.10661562668799185,-0.001979016060775461,13.615782639100233,13.615782639100233,2.2105982520496081e-41,54939659.0,11.820224228603962,3.0686792306411066e-32,0.22325234831339236,0.12476503954697615,GCST90200927,cancerType_celltype,LUAD_Epi_LUAD,tissue,Tumor,Adjacent,group1_higher,4.988485790635126e-41,6.105999695421647e-32
29319,3332,-0.14692518317572567,-0.2688615291155366,-0.1993865370750427,-0.30799160897731775,0.5782136274494337,0.5055423125614741,0.12193634593981095,0.10860507190227506,,0.10263406065417886,-0.8717771872296484,12.990650630359529,12.990650630359529,6.863408850711274e-38,54936918.5,11.814908797879449,3.269072385070448e-32,0.21346538787875935,0.1247089340187113,GCST90200881,cancerType_celltype,LUAD_Epi_LUAD,tissue,Tumor,Adjacent,group1_higher,1.4919978091737586e-37,6.495256065380497e-32
29319,3332,-0.38794676214216334,-0.2578445035664093,-0.4590502083301544,-0.2803128510713577,0.6997525151736543,0.6983983720190234,-0.13010225857575403,-0.1787373572587967,,-0.0945786368850025,-0.5893555166824032,-10.187660155699366,-10.187660155699366,4.329303160267136e-24,42762678.5,-11.798055750054123,3.9943829920234835e-32,-0.18596278723769086,-0.12453104643064639,GCST90199745,cancerType_celltype,LUAD_Epi_LUAD,tissue,Tumor,Adjacent,group2_higher,7.764263430847509e-24,7.924809342253287e-32
29319,3332,0.06674393015916075,-0.06266207783378153,0.005024429410696,-0.139214426279068,0.7004883768747469,0.6753356769759072,0.12940600799294227,0.144238855689764,,0.09139341895914352,0.09104262353201804,10.440917227543906,10.440917227543906,3.2799476890094578e-25,54924893.0,11.791584327097603,4.313542245859328e-32,0.18540506729534326,0.12446273915275707,GCST90200409,cancerType_celltype,LUAD_Epi_LUAD,tissue,Tumor,Adjacent,group1_higher,6.041309054216069e-25,8.545578606259104e-32
29319,3332,0.29431667206269696,0.08611920935330375,0.2949843406677246,0.12081117182970044,0.9744613961773706,0.8462397210795436,0.2081974627093932,0.17417316883802417,,0.0859094877754769,1.7729504385857737,13.238977515885283,13.238977515885283,2.9188106884923292e-39,54910043.5,11.762782470303705,6.070103552255401e-32,0.2163848853024937,0.12415872928522687,GCST90200940,cancerType_celltype,LUAD_Epi_LUAD,tissue,Tumor,Adjacent,group1_higher,6.447875151402018e-39,1.2008056809468957e-31
29319,3332,0.20140441630567976,0.3804200882630033,0.1672418713569641,0.3479869663715362,0.8726554505672033,0.8596353009511792,-0.1790156719573235,-0.1807450950145721,,-0.08401838061852143,0.9174947411554596,-11.373138892443528,-11.373138892443528,1.5508468497082596e-29,42828248.0,-11.67087817848286,1.795621100429481e-31,-0.2054496479860521,-0.12318865948098257,GCST90200590,cancerType_celltype,LUAD_Epi_LUAD,tissue,Tumor,Adjacent,group2_higher,3.0283728598171316e-29,3.547002260703453e-31
29319,3332,0.05269498752461012,0.2760304194713916,0.0189382918179035,0.2348206043243408,1.135925509000423,0.9491046072856397,-0.22333543194678152,-0.2158823125064373,,-0.07703790522274317,2.389067473330855,-12.59637042438135,-12.59637042438135,8.848152672197232e-36,42869470.0,-11.590924635214868,4.581648524242181e-31,-0.19971052282907392,-0.12234473242893806,GCST90200189,cancerType_celltype,LUAD_Epi_LUAD,tissue,Tumor,Adjacent,group2_higher,1.8611160636118562e-35,9.037318290220105e-31
29319,3332,0.30089439052619377,0.5073975761424379,0.2714672386646271,0.5221656560897827,1.0234752673928438,0.9943149893955606,-0.2065031856162441,-0.25069841742515564,,-0.0875851093644326,0.7538574650086225,-11.325744931119496,-11.325744931119496,2.6088272891397296e-29,42869922.0,-11.590047943119455,4.62878637931594e-31,-0.202347301683066,-0.12233547875304829,GCST90199732,cancerType_celltype,LUAD_Epi_LUAD,tissue,Tumor,Adjacent,group2_higher,5.072512974461414e-29,9.11710380781449e-31
29319,3332,-0.01785475286239721,-0.12134121049483383,-0.0526150353252887,-0.178104393184185,0.6437503042432171,0.6527054809696412,0.10348645763243662,0.1254893578588963,,0.07266799904631215,-2.764620628842027,8.684600109618582,8.684600109618582,5.401717553980248e-18,54794923.5,11.539497527772745,8.34119721321212e-31,0.16052633706280625,0.12180190811615765,GCST90200886,cancerType_celltype,LUAD_Epi_LUAD,tissue,Tumor,Adjacent,group1_higher,8.754507759899024e-18,1.638228839637601e-30
29319,3332,-0.20797665915852379,-0.3551251247105009,-0.2545138597488403,-0.4177163988351822,0.7433545655079171,0.7128621966733465,0.1471484655519771,0.1632025390863419,,0.08240163567902234,-0.7719029323318785,11.2409051066771,11.2409051066771,6.61840678118621e-29,54794922.5,11.539495588188464,8.341385287663208e-31,0.19876839257951764,0.12180188764342326,GCST90200064,cancerType_celltype,LUAD_Epi_LUAD,tissue,Tumor,Adjacent,group1_higher,1.2741367857001136e-28,1.638228839637601e-30
29319,3332,-0.06034482977638188,-0.21399813917989186,-0.1116041243076324,-0.28736943006515503,0.7963958795506796,0.8143849870928709,0.15365330940350996,0.17576530575752264,,0.07572710683779767,-1.8262790118416066,10.34335234196952,10.34335234196952,9.039278153248626e-25,54764558.5,11.480602051053213,1.6512851730563597e-30,0.19248775642552643,0.12118025354007345,GCST90199760,cancerType_celltype,LUAD_Epi_LUAD,tissue,Tumor,Adjacent,group1_higher,1.6515463971686161e-24,3.238419699101897e-30
29319,3332,0.19698647881518416,-0.003769150888723741,0.1350901424884796,-0.09942164272069925,1.00924062318418,0.9690373765046989,0.2007556297039079,0.23451178520917884,,0.08102544104379457,5.70733785574267,11.283328853207532,11.283328853207532,4.149509005029049e-29,54749182.5,11.450779003134901,2.3304435431802873e-30,0.1997146048676578,0.12086546477795057,GCST90200529,cancerType_celltype,LUAD_Epi_LUAD,tissue,Tumor,Adjacent,group1_higher,8.022384076389495e-29,4.563785272061396e-30
29319,3332,-0.035321470698556116,0.1236628581680444,-0.1424957811832428,0.0820645429193973,0.8884163879770057,0.8710154419595626,-0.15898432886660052,-0.2245603241026401,,-0.08041944348418523,1.8077657580901556,-9.963567893045225,-9.963567893045225,3.9887630877707776e-23,42947193.5,-11.440173356281537,2.6336172134878512e-30,-0.1793076480657674,-0.12075351986696659,GCST90199910,cancerType_celltype,LUAD_Epi_LUAD,tissue,Tumor,Adjacent,group2_higher,7.024139649394792e-23,5.150100806289729e-30
29319,3332,-0.1608605049461039,0.09667952908528284,-0.2019139677286148,0.0309353303164243,1.3124922920547506,1.1043999673351383,-0.25754003403138676,-0.23284929804503912,,-0.07411689682417409,-0.734521849004737,-12.495303147716866,-12.495303147716866,3.050784337960198e-35,42953368.5,-11.428196423340879,3.023263103210601e-30,-0.19921150149609512,-0.12062710073285432,GCST90200751,cancerType_celltype,LUAD_Epi_LUAD,tissue,Tumor,Adjacent,group2_higher,6.367869912158882e-35,5.9035925640058015e-30
29319,3332,-0.015015875049128425,0.15299439224621572,-0.0469335801899433,0.12221929803490635,0.8069046498646729,0.7925650874307353,-0.16801026729534416,-0.16915287822484965,,-0.09618314085062718,3.348831673801952,-11.573697134801755,-11.573697134801755,1.6373739381635768e-30,42959738.0,-11.415842241257392,3.485153441076803e-30,-0.20859093320630026,-0.12049669965192666,GCST90200845,cancerType_celltype,LUAD_Epi_LUAD,tissue,Tumor,Adjacent,group2_higher,3.229726016956519e-30,6.795799914431593e-30
29319,3332,0.21580218107211674,-0.002348607413689181,0.1498962640762329,-0.08102921769022936,1.0609611875894354,0.9173323152033088,0.2181507884858059,0.23092548176646227,,0.08126051627434482,6.521152598071345,12.789469593249702,12.789469593249702,8.40334270135205e-37,54727576.5,11.408872345140427,3.775967741583023e-30,0.20831612540975683,0.12042313088133039,GCST90200627,cancerType_celltype,LUAD_Epi_LUAD,tissue,Tumor,Adjacent,group1_higher,1.7924500942007582e-36,7.352348616825229e-30
29319,3332,0.0849265844438323,-0.03787063466837758,0.0301196333020925,-0.09286217391490931,0.6157405778134843,0.5668670378494146,0.1227972191122099,0.1229818072170018,,0.08735860924545652,1.1651155224536405,11.741849278724198,11.741849278724198,2.3455456957993675e-31,54686315.5,11.32884315808544,9.444489938922435e-30,0.2009993541672315,0.11957840539264919,GCST90199634,cancerType_celltype,LUAD_Epi_LUAD,tissue,Tumor,Adjacent,group1_higher,4.667122311495676e-31,1.8363537498931926e-29
29319,3332,-0.09327653009241006,-0.2705293540619888,-0.1627154052257537,-0.3076615184545517,0.8106353957956929,0.7453953335943423,0.17725282396957875,0.144946113228798,,0.0964104223394588,-1.5361889836328608,12.887653336661323,12.887653336661323,2.5920754690935022e-37,54684054.0,11.32445678823195,9.929357911923013e-30,0.2204029151146878,0.1195321063040995,GCST90200953,cancerType_celltype,LUAD_Epi_LUAD,tissue,Tumor,Adjacent,group1_higher,5.5550296609661064e-37,1.9278796059759354e-29
29319,3332,0.10880262597194419,-0.06651258459132499,0.0435142181813716,-0.13128568977117536,0.8372743285310487,0.7771278795438548,0.17531521056326918,0.17479990795254696,,0.09528988156681222,0.7100057076602241,12.239734129487152,12.239734129487152,7.026733517166267e-34,54667799.5,11.292929815522001,1.4221722050978018e-29,0.21088337620153824,0.11919933224492096,GCST90199727,cancerType_celltype,LUAD_Epi_LUAD,tissue,Tumor,Adjacent,group1_higher,1.4423852084183165e-33,2.7573552141512145e-29
29319,3332,0.07937704087325631,-0.09831683899818884,0.0222962237894535,-0.16347566992044443,0.9202847865340715,0.8282539761980875,0.17769387987144514,0.18577189370989794,,0.0783016198806419,-0.30871325030887836,11.597140413498856,11.597140413498856,1.2060130724589964e-30,54659361.0,11.276562633559287,1.7131150026061012e-29,0.19498490477600172,0.11902657307679032,GCST90200653,cancerType_celltype,LUAD_Epi_LUAD,tissue,Tumor,Adjacent,group1_higher,2.3823127793646555e-30,3.316726915556983e-29
29319,3332,-0.018992394740408234,-0.12958334033152188,-0.0744004398584365,-0.2256108671426773,0.6624130726053218,0.6792746591797773,0.11059094559111365,0.1512104272842408,,0.07510588342558802,-2.770321695327207,8.927753597263195,8.927753597263195,6.443399294254292e-19,54648947.5,11.256364772639845,2.1546694994683211e-29,0.1665142658000709,0.1188133802584781,GCST90200536,cancerType_celltype,LUAD_Epi_LUAD,tissue,Tumor,Adjacent,group1_higher,1.0632388908073365e-18,4.165694365638754e-29
29319,3332,-0.05853323985148634,-0.18122393109181312,-0.0673965513706207,-0.22731458395719525,0.7323694661809311,0.6683585763376356,0.12269069124032678,0.15991803258657455,,0.08768619486175684,-1.6304287531159107,9.939807979057889,9.939807979057889,4.945826052719966e-23,54646080.5,11.250803984503673,2.29493096649779e-29,0.16897279080748176,0.11875468492932839,GCST90200576,cancerType_celltype,LUAD_Epi_LUAD,tissue,Tumor,Adjacent,group1_higher,8.698272141751373e-23,4.4305820217230704e-29
29319,3332,0.026811960071060563,0.3201208894273366,-0.0435505099594593,0.20082310587167734,1.3543719815193347,1.3626443382428586,-0.293308929356276,-0.24437361583113665,,-0.08628657129750882,3.5776189269886114,-11.781212822370358,-11.781212822370358,1.558167403367805e-31,43045831.5,-11.248856641884657,2.3461612964951145e-29,-0.21642928971570757,-0.11873413030412205,GCST90200347,cancerType_celltype,LUAD_Epi_LUAD,tissue,Tumor,Adjacent,group2_higher,3.11405010379812e-31,4.5230804061143435e-29
29319,3332,0.049155066170044816,-0.12156559057431511,-0.0165352858603,-0.17481101304292673,0.835359721295639,0.7454265720890141,0.17072065674435993,0.15827572718262672,,0.08671125799739408,-1.3063054255503315,12.366968799981532,12.366968799981532,1.4972535347866549e-34,54620551.0,11.20128736757921,4.018553529805245e-29,0.20652542265279458,0.11823202625980311,GCST90200204,cancerType_celltype,LUAD_Epi_LUAD,tissue,Tumor,Adjacent,group1_higher,3.1061743803869263e-34,7.736283137181566e-29
29319,3332,0.08346315873820936,-0.060153249231520226,0.066018521785736,-0.09274143725633616,0.7252567980239237,0.6981272952819594,0.14361640796972958,0.15875995904207216,,0.07779385953290145,0.47249015560387775,11.2072639984777,11.2072639984777,9.590745215174809e-29,54618837.5,11.197963889912195,4.1721684701218953e-29,0.1987672452117469,0.11819694622963284,GCST90200404,cancerType_celltype,LUAD_Epi_LUAD,tissue,Tumor,Adjacent,group1_higher,1.8385633935700796e-28,8.020684943266774e-29
29319,3332,0.37763349551396197,0.16506415406924066,0.3629630506038666,0.1244995109736919,1.0867400101256388,0.9506540543430743,0.2125693414447213,0.2384635396301747,,0.08911926842143936,1.1939549620177794,12.043779938330953,12.043779938330953,6.878492269210974e-33,54604777.5,11.170693334908847,5.673688931524687e-29,0.19798823426884177,0.11790909958580786,GCST90201008,cancerType_celltype,LUAD_Epi_LUAD,tissue,Tumor,Adjacent,group1_higher,1.397225776890396e-32,1.0891884526293168e-28
29319,3332,-0.1646160817168485,0.10831174854632389,-0.2746565639972687,-0.00671052304096515,1.3642959928358978,1.2532839826437396,-0.27292783026317236,-0.26794604095630353,,-0.0707850638947804,-0.603910986797483,-11.800919643193119,-11.800919643193119,1.1889878502766324e-31,43099109.5,-11.145519470514222,7.530439332023171e-29,-0.20166278057941872,-0.11764338396772811,GCST90200054,cancerType_celltype,LUAD_Epi_LUAD,tissue,Tumor,Adjacent,group2_higher,2.383221235186838e-31,1.4435989886846107e-28
29319,3332,-0.16169516968818973,0.13503812150982888,-0.2327200025320053,-0.033502968028187696,1.1785454967993376,1.31243201560682,-0.2967332911980186,-0.1992170345038176,,-0.0865468386219311,-0.25990808037516083,-12.491132661396922,-12.491132661396922,3.796208265883077e-35,43115487.5,-11.113752959145458,1.0754378461597753e-28,-0.24875081135558777,-0.11730808152586725,GCST90199989,cancerType_celltype,LUAD_Epi_LUAD,tissue,Tumor,Adjacent,group2_higher,7.911669520487208e-35,2.0587384611176595e-28
29319,3332,-0.2354496476657854,0.0853696185487545,-0.3699730932712555,0.01598709542304275,1.631909955572359,1.562905333122903,-0.32081926621453993,-0.38596018869429827,,-0.07968414503681438,-1.4636131537353552,-11.176756542379072,-11.176756542379072,1.3369020697440455e-28,43116268.0,-11.112239113613445,1.0938300412977212e-28,-0.19742675210543667,-0.11729210255677014,GCST90200479,cancerType_celltype,LUAD_Epi_LUAD,tissue,Tumor,Adjacent,group2_higher,2.5485280014841037e-28,2.0910103033503424e-28
29319,3332,0.38358355456680937,0.6058925112590192,0.3165522217750549,0.570160448551178,1.1220080750164345,1.0694130846979666,-0.22230895669220985,-0.2536082267761231,,-0.07119358792704607,0.65951962538383,-11.312756214643713,-11.312756214643713,2.988594413703045e-29,43119399.0,-11.106166275226853,1.1708006755843292e-28,-0.19906679965185115,-0.11722800242577336,GCST90200344,cancerType_celltype,LUAD_Epi_LUAD,tissue,Tumor,Adjacent,group2_higher,5.802641290423434e-29,2.2350158554922143e-28
29319,3332,0.31226469935329354,0.11032578463981663,0.2683267593383789,0.0562464110553264,1.0300143184860935,0.9510402707848751,0.2019389147134769,0.2120803482830525,,0.07012149797071243,1.5009910215960114,11.513313117335136,11.513313117335136,3.1453529847862385e-30,54567658.5,11.098697905949443,1.2728609591871864e-28,0.19754616988975185,0.11714917216246978,GCST90200102,cancerType_celltype,LUAD_Epi_LUAD,tissue,Tumor,Adjacent,group1_higher,6.186314744969182e-30,2.4264468354855036e-28
29319,3332,0.08369100115495214,-0.11054275326104139,0.051638688892126,-0.18987707793712616,1.0396599519997656,1.0432757259331111,0.19423375441599353,0.24151576682925216,,0.08417023871408236,-0.40145585270814343,10.18727010443352,10.18727010443352,4.35236191096385e-24,54547822.5,11.06022431213391,1.9560983606359215e-28,0.18675794130087547,0.11674307500550607,GCST90199700,cancerType_celltype,LUAD_Epi_LUAD,tissue,Tumor,Adjacent,group1_higher,7.795360426601482e-24,3.723690035679834e-28
29319,3332,-0.05404447431154905,-0.23188080288266155,-0.0744098797440528,-0.2831082344055176,0.9678132797392223,0.9260916185836158,0.1778363285711125,0.20869835466146477,,0.07729034247069541,-2.1011438887611003,10.45474101042136,10.45474101042136,2.8392297713678245e-25,54546621.0,11.057893901619222,2.007582804375032e-28,0.18454655285587998,0.11671847701528182,GCST90200660,cancerType_celltype,LUAD_Epi_LUAD,tissue,Tumor,Adjacent,group1_higher,5.243726528962527e-25,3.8163673115246423e-28
29319,3332,0.0034126441166455654,-0.09602429335552055,-0.0441087707877159,-0.17118911445140833,0.691117885979756,0.6470642448338491,0.09943693747216611,0.12708034366369242,,0.07490665124185875,-4.814029900440241,8.34605601425988,8.34605601425988,9.441144615768055e-17,54535313.0,11.03596108255963,2.5629932066397993e-28,0.14479291272469474,0.11648697133616559,GCST90199829,cancerType_celltype,LUAD_Epi_LUAD,tissue,Tumor,Adjacent,group1_higher,1.4911100940083267e-16,4.865403538509814e-28
29319,3332,0.17101304702209782,0.018620452296365258,0.0962353721261024,-0.0760232098400592,0.8516182957595865,0.8020435038642844,0.15239259472573258,0.17225858196616162,,0.08886072052575807,3.1990773334398996,10.326161420408594,10.326161420408594,1.0519725268995188e-24,54527089.0,11.020009941425384,3.0602857530152155e-28,0.179985565526162,0.11631860356953583,GCST90199883,cancerType_celltype,LUAD_Epi_LUAD,tissue,Tumor,Adjacent,group1_higher,1.9168964627861555e-24,5.80134837463107e-28
29319,3332,0.036731764580340776,0.21292256244621438,-0.063422717154026,0.12415809929370875,1.0179728162496389,0.9237785081058182,-0.1761907978658736,-0.18758081644773475,,-0.07354769937657905,2.535196224114588,-10.320385516911369,-10.320385516911369,1.1031172837033478e-24,43169773.5,-11.00846068681888,3.479005413503283e-28,-0.1746597887742961,-0.11619669867332993,GCST90200410,cancerType_celltype,LUAD_Epi_LUAD,tissue,Tumor,Adjacent,group2_higher,2.0047318102502173e-24,6.585950525840243e-28
29319,3332,0.37852053027323057,0.5541279119604298,0.3533139824867248,0.5289423763751984,0.8461760918249598,0.8340130123193932,-0.1756073816871992,-0.17562839388847357,,-0.08461447323334463,0.5498462794405249,-11.500022443749883,-11.500022443749883,3.759359978219838e-30,43176279.0,-10.995842721273057,4.001622340697292e-28,-0.20783336200937422,-0.11606351330054177,GCST90200574,cancerType_celltype,LUAD_Epi_LUAD,tissue,Tumor,Adjacent,group2_higher,7.383296326100344e-30,7.564786755021371e-28
29319,3332,0.20942883667312623,-0.0044887061160262375,0.1848096400499344,-0.05681607685983175,1.0865660505967452,0.9908613976474973,0.21391754278915245,0.24162571690976614,,0.07723833798055058,5.543702168810627,11.688819376842172,11.688819376842172,4.2804614728094195e-31,54509630.5,10.98614770924004,4.45543963113757e-28,0.19858823862853903,0.11596118033829717,GCST90201001,cancerType_celltype,LUAD_Epi_LUAD,tissue,Tumor,Adjacent,group1_higher,8.492385716796562e-31,8.411030771801259e-28
29319,3332,-0.25385884174532336,-0.4551610667469705,-0.3211632966995239,-0.5104551017284393,0.958134095302127,0.9120780049665281,0.20130222500164713,0.1892918050289154,,0.08749945000321956,-0.8423481361416012,12.009170723503232,12.009170723503232,1.0815211361306789e-32,54490845.0,10.949711648712631,6.66601909001329e-28,0.2111110461775447,0.11557658978868335,GCST90200922,cancerType_celltype,LUAD_Epi_LUAD,tissue,Tumor,Adjacent,group1_higher,2.1936209948602908e-32,1.2566782876470421e-27
29319,3332,-0.09799096169815284,0.023160905026440155,-0.1476962268352508,0.0033961115404963,0.6728540332102894,0.6361433114669971,-0.121151866724593,-0.1510923383757471,,-0.07389268729149966,-2.080909492127421,-10.354721064051681,-10.354721064051681,7.875223765474261e-25,43200797.5,-10.948287024057583,6.771679161612899e-28,-0.1810396066340648,-0.1155615525653626,GCST90199937,cancerType_celltype,LUAD_Epi_LUAD,tissue,Tumor,Adjacent,group2_higher,1.4427325258523411e-24,1.2748340742097212e-27
29319,3332,0.8362418589117683,1.230977357976127,0.7392783761024475,1.1301957368850708,1.9933171643522256,1.8698988201128979,-0.3947354990643587,-0.3909173607826233,,-0.0671079975000072,0.5578115067589469,-11.467427702966976,-11.467427702966976,5.3033167893824214e-30,43201044.5,-10.947807946739957,6.807582772124388e-28,-0.199252911295808,-0.11555649579999805,GCST90199799,cancerType_celltype,LUAD_Epi_LUAD,tissue,Tumor,Adjacent,group2_higher,1.0385662045873908e-29,1.2798255611593848e-27
29319,3332,-0.003975340350326289,0.25120106135175807,-0.0820428878068924,0.1792960166931152,1.3000724370987378,1.2225107404596938,-0.25517640170208433,-0.26133890450000763,,-0.06783330787835375,5.981263244712155,-11.341874723114813,-11.341874723114813,2.1523324420093087e-29,43204950.0,-10.940232900327043,7.401033256350934e-28,-0.19744803034993616,-0.11547653953630976,GCST90199630,cancerType_celltype,LUAD_Epi_LUAD,tissue,Tumor,Adjacent,group2_higher,4.190898740655268e-29,1.3894777311854439e-27
29319,3332,-0.14316396442960758,0.03549187314991282,-0.2142131775617599,-0.0152990757487714,0.9858318981380324,0.9289482170050761,-0.1786558375795204,-0.1989141018129885,,-0.07286682692269313,-2.0120772065670947,-10.452626553159226,-10.452626553159226,2.887970407549043e-25,43206897.0,-10.936456529730206,7.71577209004849e-28,-0.18226847216697667,-0.11543667912268762,GCST90200285,cancerType_celltype,LUAD_Epi_LUAD,tissue,Tumor,Adjacent,group2_higher,5.326527287536327e-25,1.446574602302076e-27
29319,3332,-0.026737599546288106,-0.20232597061730295,-0.1013336256146431,-0.24442283064126966,0.8304994476199857,0.6996743075546049,0.17558837107101485,0.14308920502662656,,0.08783421289551738,-2.9196928367310004,13.449342788836319,13.449342788836319,1.8824721142647764e-40,54476196.0,10.92129867856725,9.118355676649639e-28,0.2146265995517559,0.11527668470437402,GCST90199805,cancerType_celltype,LUAD_Epi_LUAD,tissue,Tumor,Adjacent,group1_higher,4.227033759049243e-40,1.707186646603497e-27
29319,3332,0.39069085456533975,0.6211936730994609,0.3440665006637573,0.5953934788703918,1.0962331451867686,1.168864925276073,-0.2305028185341212,-0.2513269782066345,,-0.07771536811559024,0.6690142808506674,-10.853646055606255,-10.853646055606255,4.527105812831097e-27,43220194.0,-10.91066587753394,1.0250385373549621e-27,-0.2088148283677436,-0.11516445317511026,GCST90200214,cancerType_celltype,LUAD_Epi_LUAD,tissue,Tumor,Adjacent,group2_higher,8.558176453382505e-27,1.9164986644921994e-27
29319,3332,-0.1408654031988782,-0.2756348564591205,-0.1862542927265167,-0.32367219030857086,0.6998599941389864,0.7021829364135115,0.1347694532602423,0.13741789758205417,,0.08578579684197311,-0.9684360069377529,10.501865389283273,10.501865389283273,1.772201306943855e-25,54445721.5,10.862190817368852,1.745133538674629e-27,0.19250102052537457,0.11465278836388748,GCST90200278,cancerType_celltype,LUAD_Epi_LUAD,tissue,Tumor,Adjacent,group1_higher,3.2864086821285365e-25,3.2583794701555065e-27
29319,3332,-0.4408362944790799,-0.25648666030785905,-0.4559386074542999,-0.2911917567253113,1.0025536322720598,0.8697839244636771,-0.18434963417122086,-0.16474685072898865,,-0.0729185636787025,-0.7813568608621275,-11.403748113989174,-11.403748113989174,1.0424060049483883e-29,43248308.5,-10.856135435240796,1.864766799044047e-27,-0.18624486400350374,-0.11458887248749905,GCST90200183,cancerType_celltype,LUAD_Epi_LUAD,tissue,Tumor,Adjacent,group2_higher,2.038449619432788e-29,3.476986521336574e-27
29319,3332,0.06131563336903209,-0.07875242438577905,0.0041712936945259,-0.13067366182804105,0.7531056377576416,0.7103222999312924,0.14006805775481113,0.13484495552256695,,0.10752618549230615,-0.361064169637493,10.718400287431331,10.718400287431331,1.819727439893067e-26,54436652.5,10.844600727516408,2.115598077970168e-27,0.18704354649610866,0.11446712113680024,GCST90199777,cancerType_celltype,LUAD_Epi_LUAD,tissue,Tumor,Adjacent,group1_higher,3.397655480238699e-26,3.939289863761392e-27
29319,3332,-0.2563885564191207,-0.1409811330861897,-0.3087956309318542,-0.1764527559280395,0.6678387529619285,0.6416656235833288,-0.11540742333293097,-0.1323428750038147,,-0.075291435111424,-0.8628251585628026,-9.796410338074812,-9.796410338074812,2.0259856164286647e-22,43270480.0,-10.813131942334914,2.983112526426001e-27,-0.173488744113764,-0.11413496125964961,GCST90200899,cancerType_celltype,LUAD_Epi_LUAD,tissue,Tumor,Adjacent,group2_higher,3.5222173408064666e-22,5.547042801526111e-27
29319,3332,0.06533240820480014,-0.05310144618479968,0.0838746950030326,-0.037334080785512896,0.7211065463566634,0.6399588609829466,0.11843385438959983,0.1212087757885455,,0.08133210973577866,0.2990425809551337,9.986362940472047,9.986362940472047,3.10506715226366e-23,54404050.0,10.78136543096615,4.2158523087997596e-27,0.16604804354088043,0.11379965881778875,GCST90200262,cancerType_celltype,LUAD_Epi_LUAD,tissue,Tumor,Adjacent,group1_higher,5.482132808983638e-23,7.82861947805732e-27
29319,3332,-0.014073120673919871,-0.16489799716092363,-0.0673194304108619,-0.21884524077177048,0.8376494692042468,0.7544407035334113,0.15082487648700377,0.15152581036090856,,0.08360813903508556,-3.5504659317929526,10.807602792559246,10.807602792559246,6.973337654529663e-27,54369576.5,10.714501172224482,8.702602607331167e-27,0.1818169261654897,0.11309389201295983,GCST90200111,cancerType_celltype,LUAD_Epi_LUAD,tissue,Tumor,Adjacent,group1_higher,1.3091817111740953e-26,1.6138295719445416e-26
29319,3332,-0.06415237171417604,-0.2179459967500945,-0.1350284963846206,-0.3286071866750717,0.8704160059119168,0.9353598142915128,0.15379362503591845,0.1935786902904511,,0.08318240243902715,-1.764380327621133,9.05585175297207,9.05585175297207,2.0690800653133405e-19,54362166.0,10.70012788290355,1.0163891293141425e-26,0.17531091273606467,0.11294217881565816,GCST90200643,cancerType_celltype,LUAD_Epi_LUAD,tissue,Tumor,Adjacent,group1_higher,3.443414076950041e-19,1.882253238118446e-26
29319,3332,0.3911064349124197,0.21034065846653613,0.4076733291149139,0.1839116066694259,1.0039571333328137,0.9334904914881623,0.18076577644588357,0.22376172244548798,,0.09724721435818706,0.89483035563131,10.508501460282133,10.508501460282133,1.616739021204809e-25,54309050.0,10.59710492418678,3.073507501331698e-26,0.181310437158287,0.11185474906221571,GCST90200958,cancerType_celltype,LUAD_Epi_LUAD,tissue,Tumor,Adjacent,group1_higher,3.0022006619920367e-25,5.684112244660928e-26
29319,3332,0.1524089444786734,0.010251584218862905,0.1203999444842338,-0.029583520255982848,0.7727047111733654,0.6838122228410968,0.1421573602598105,0.14998346474021665,,0.09163236889909003,3.8938975394905597,11.214002016274598,11.214002016274598,8.599224663724024e-29,54266995.5,10.515536677004116,7.326325382580106e-26,0.18604321471786064,0.11099377845889191,GCST90200824,cancerType_celltype,LUAD_Epi_LUAD,tissue,Tumor,Adjacent,group1_higher,1.6531372661009656e-28,1.3530869236391172e-25
29319,3332,0.1309090942663384,0.2726197534649852,0.0855444967746734,0.26266154646873474,0.8733182070140048,0.7860962156650944,-0.14171065919864678,-0.17711704969406133,,-0.07199120942322916,1.058319047134378,-9.744877932858802,-9.744877932858802,3.2797104212919786e-22,43424361.0,-10.51466677345369,7.394248717572697e-26,-0.16386098060709497,-0.1109845964375723,GCST90199938,cancerType_celltype,LUAD_Epi_LUAD,tissue,Tumor,Adjacent,group2_higher,5.68733499264754e-22,1.363783626799944e-25
29319,3332,-0.29064311657468705,-0.16214646545006076,-0.3155860900878906,-0.17109316587448115,0.71342960317806,0.6871857861495475,-0.1284966511246263,-0.14449292421340948,,-0.0735542537962718,-0.8419472318043653,-10.187752828269035,-10.187752828269035,4.284569084099171e-24,43439786.5,-10.484747716113425,1.0151726930422229e-25,-0.18077840187058686,-0.1106687942751029,GCST90200237,cancerType_celltype,LUAD_Epi_LUAD,tissue,Tumor,Adjacent,group2_higher,7.694160291998907e-24,1.8698383521845269e-25
29319,3332,0.027097536304862068,-0.08619034161676449,-0.0414375215768814,-0.1552327424287796,0.6456147337461391,0.6094153017356445,0.11328787792162656,0.1137952208518982,,0.09034040038150158,-1.6693280218964168,10.105433104382776,10.105433104382776,9.704691910386696e-24,54238742.5,10.460737602287931,1.3083451183171925e-25,0.17645674449850532,0.11041536229758453,GCST90200175,cancerType_celltype,LUAD_Epi_LUAD,tissue,Tumor,Adjacent,group1_higher,1.724575628925302e-23,2.4065781326131354e-25
29319,3332,0.001289311857112116,-0.11742368632569976,-0.0165612250566482,-0.07825557515025135,0.5175992107508749,0.550466186484909,0.11871299818281188,0.06169435009360315,,0.1133810175612427,-6.507872134942122,11.866672285471859,11.866672285471859,5.970051672419916e-32,54227041.5,10.438042526605559,1.6620413530285794e-25,0.22783530248311545,0.11017581083390082,GCST90200297,cancerType_celltype,LUAD_Epi_LUAD,tissue,Tumor,Adjacent,group1_higher,1.2001741046472486e-31,3.053049008326083e-25
29319,3332,0.010724778477585949,-0.08408656189909808,-0.0165729634463787,-0.11605255678296085,0.5442306462793209,0.5766194603919291,0.09481134037668403,0.09947959333658216,,0.08160145570447509,-2.970810052653745,9.044465523694377,9.044465523694377,2.286887604446674e-19,54205663.5,10.396578093827355,2.569996549721696e-25,0.17313254729477856,0.10973814472069399,GCST90200006,cancerType_celltype,LUAD_Epi_LUAD,tissue,Tumor,Adjacent,group1_higher,3.8012534205619715e-19,4.714542795788253e-25
29319,3332,-0.33207337912081664,-0.5093519494865894,-0.3948080539703369,-0.5773499310016632,0.9146524565513484,0.9893419401397293,0.17727857036577271,0.1825418770313263,,0.0810938591615466,-0.6171592821598031,9.874890893320433,9.874890893320433,9.708151336258512e-23,54188552.5,10.363389867179967,3.638379342287894e-25,0.19216154903805313,0.10938783576461386,GCST90199971,cancerType_celltype,LUAD_Epi_LUAD,tissue,Tumor,Adjacent,group1_higher,1.6964372142718398e-22,6.665471832712902e-25
29319,3332,-0.16711791031562703,-0.3693913527813416,-0.2457853257656097,-0.40449684858322144,1.0025331571750358,0.9329285809523462,0.20227344246571458,0.15871152281761172,,0.08850121643930196,-1.1442790091492419,11.76701072597274,11.76701072597274,1.7671715599453234e-31,54184967.0,10.356435487737258,3.912765522140511e-25,0.2031562164611995,0.10931443077589176,GCST90199626,cancerType_celltype,LUAD_Epi_LUAD,tissue,Tumor,Adjacent,group1_higher,3.526581019334518e-31,7.158522693526867e-25
29319,3332,-0.5376899218599498,-0.3297865243153212,-0.5882954001426697,-0.3976062536239624,1.0971442331369279,1.081328864604413,-0.2079033975446286,-0.19068914651870728,,-0.07925607598589417,-0.7052402905522108,-10.500999836195138,-10.500999836195138,1.778759245862961e-25,43523342.0,-10.322684781648123,5.564558696364546e-25,-0.18977233331483065,-0.10895818472687346,GCST90200770,cancerType_celltype,LUAD_Epi_LUAD,tissue,Tumor,Adjacent,group2_higher,3.2940881142815433e-25,1.0166881371507877e-24
29319,3332,0.15812770792817538,0.008457930907874884,0.1014407649636268,-0.0424616895616054,0.8086982057696321,0.736236223253859,0.1496697770203005,0.1439024545252322,,0.08900722885505959,4.224480161319177,11.004407437903291,11.004407437903291,8.523732674894124e-28,54146212.0,10.281266898892683,8.559584373646206e-25,0.18671253275949187,0.10852100995928904,GCST90199906,cancerType_celltype,LUAD_Epi_LUAD,tissue,Tumor,Adjacent,group1_higher,1.6180846289527423e-27,1.5618090363159007e-24
29319,3332,0.17785414496682977,0.33843705070256896,0.1253703534603119,0.28702543675899506,0.8034378795149217,0.8489204566519192,-0.1605829057357392,-0.16165508329868317,,-0.0841667000686742,0.9281890711917974,-10.402420630924322,-10.402420630924322,4.992039026625643e-25,43546139.5,-10.278467108981777,8.811877523377254e-25,-0.19869315045171632,-0.10849145756737155,GCST90199944,cancerType_celltype,LUAD_Epi_LUAD,tissue,Tumor,Adjacent,group2_higher,9.17001238987972e-25,1.6056937251822456e-24
29319,3332,0.16386308855615225,-0.014796924873855508,0.1131733581423759,-0.07949344813823694,0.9891845441227205,0.8805435039657696,0.17866001343000776,0.19266680628061283,,0.08321563792503033,3.4690329321787874,10.952826382356424,10.952826382356424,1.4721854069697633e-27,54143555.5,10.276114393247848,9.029570948891654e-25,0.18255703992613057,0.10846662414070307,GCST90201019,cancerType_celltype,LUAD_Epi_LUAD,tissue,Tumor,Adjacent,group1_higher,2.7908048813627082e-27,1.6431649136634613e-24
29319,3332,-0.3576772484535188,-0.18502368443969733,-0.4065268039703369,-0.26008827984333033,0.9262987093402358,0.8645520684509781,-0.17265356401382145,-0.1464385241270066,,-0.07900038308708415,-0.9509446303091978,-10.841999664391023,-10.841999664391023,4.902486213126899e-27,43555250.0,-10.260796526381636,1.0583120981324182e-24,-0.18762840227227176,-0.10830494072181207,GCST90200872,cancerType_celltype,LUAD_Epi_LUAD,tissue,Tumor,Adjacent,group2_higher,9.25497051037668e-27,1.9233058530059813e-24
29319,3332,0.026649575665970746,-0.135720675466529,-0.034241035580635,-0.2349497228860855,0.9278560954892021,0.9825172403755562,0.16237025113249975,0.2007086873054505,,0.07576694007284909,-2.348412543775818,9.089824617110267,9.089824617110267,1.520823770516477e-19,54125955.5,10.241977709886617,1.2858199219225069e-24,0.17392225601911737,0.10810630401756538,GCST90200629,cancerType_celltype,LUAD_Epi_LUAD,tissue,Tumor,Adjacent,group1_higher,2.5340865516063056e-19,2.333651868948571e-24
29319,3332,0.4721897424794538,0.6709247591429363,0.4205786883831024,0.6248399019241333,1.103177752040132,1.018807906278855,-0.19873501666348248,-0.20426121354103088,,-0.06813688053775555,0.5067833776360037,-10.577231642930096,-10.577231642930096,7.911627375827361e-26,43565944.5,-10.240053642278983,1.3116494228147756e-24,-0.18151507791418145,-0.10808599506517025,GCST90200728,cancerType_celltype,LUAD_Epi_LUAD,tissue,Tumor,Adjacent,group2_higher,1.4711525393250606e-25,2.377364578851781e-24
29319,3332,0.05821108169973761,-0.07600199453058396,0.016401844099164,-0.12646470963954926,0.8277289389201913,0.7534629607076052,0.13421307623032158,0.14286655373871326,,0.0812539553612013,-0.38473765193216963,9.642192290988216,9.642192290988216,8.800276587923882e-22,54105204.0,10.201728426661015,1.9477685534823186e-24,0.16358272138456975,0.10768146407237822,GCST90200023,cancerType_celltype,LUAD_Epi_LUAD,tissue,Tumor,Adjacent,group1_higher,1.5183262011823105e-21,3.525642149264808e-24
29319,3332,0.06682037417310645,0.18184065094897187,0.004899451509118,0.11932124197483054,0.6842326123817113,0.6546007115018605,-0.11502027677586542,-0.11442179046571255,,-0.07430133279997676,1.4443011306929505,-9.56609701625314,-9.56609701625314,1.8336678714070425e-21,43608270.0,-10.157959767755928,3.05403228162733e-24,-0.1688325255810183,-0.1072194763508596,GCST90200128,cancerType_celltype,LUAD_Epi_LUAD,tissue,Tumor,Adjacent,group2_higher,3.1437601367645272e-21,5.5207506629417115e-24
29319,3332,0.45276114286294894,0.27612268617058044,0.4235052168369293,0.2491340711712837,0.9797268817739723,0.8875603634173865,0.1766384566923685,0.17437114566564563,,0.07815257634713746,0.713438684999675,10.76659031011622,10.76659031011622,1.0790592565848378e-26,54074045.0,10.141292920021664,3.622761995082651e-24,0.181965576691522,0.10704355414528433,GCST90200579,cancerType_celltype,LUAD_Epi_LUAD,tissue,Tumor,Adjacent,group1_higher,2.0175003658780984e-26,6.540165032182322e-24
29319,3332,0.26480639553336205,0.13904531203813883,0.2949853539466858,0.14848688989877695,0.8505613530972279,0.7882852091823321,0.12576108349522322,0.14649846404790884,,0.08112059859486373,0.9293779340410884,8.65430640476752,8.65430640476752,6.9248414383543e-18,54072626.0,10.138540649925664,3.726281774990469e-24,0.14893224995409107,0.10701450333535645,GCST90200510,cancerType_celltype,LUAD_Epi_LUAD,tissue,Tumor,Adjacent,group1_higher,1.1196392503531328e-17,6.718150872105832e-24
29319,3332,-0.009913077207018435,-0.1654510604082908,-0.053128246217966,-0.2251968309283256,0.8622202618090202,0.8138169231677633,0.15553798320127238,0.1720685847103596,,0.07399293974984986,-4.060790953707135,10.3894135934748,10.3894135934748,5.524090122033422e-25,54066174.0,10.126026452138921,4.235156990360353e-24,0.18140505367852686,0.10688241325385173,GCST90199675,cancerType_celltype,LUAD_Epi_LUAD,tissue,Tumor,Adjacent,group1_higher,1.0133694261549871e-24,7.625520446315932e-24
29319,3332,0.4859573024548226,0.6816887351538089,0.4217565059661865,0.6237639486789703,1.142939450818387,1.0425031159948965,-0.1957314326989863,-0.2020074427127838,,-0.06935654694273632,0.4882827301736752,-10.165577888952763,-10.165577888952763,5.27019438440219e-24,43626906.0,-10.121813675078661,4.421498131364035e-24,-0.17273971513198969,-0.10683794647501899,GCST90199895,cancerType_celltype,LUAD_Epi_LUAD,tissue,Tumor,Adjacent,group2_higher,9.426870007795518e-24,7.950530281067519e-24
29319,3332,-0.13611031832154016,0.09109802961955545,-0.18864306807518,0.0098938951268792,1.3123743936960388,1.1793097997709845,-0.22720834794109562,-0.19853696320205919,,-0.06906268499858505,-0.5792794472399281,-10.41251554194565,-10.41251554194565,4.294134508286126e-25,43647270.5,-10.08231501097015,6.614957896784319e-24,-0.1748532774279254,-0.10642102947799403,GCST90200582,cancerType_celltype,LUAD_Epi_LUAD,tissue,Tumor,Adjacent,group2_higher,7.89865767178676e-25,1.1879035063658797e-23
29319,3332,-0.25304716447669573,-0.06564217675604443,-0.2868900001049042,-0.1328520774841308,1.0612017425152196,0.9365147998723833,-0.18740498772065128,-0.15403792262077337,,-0.06387161720838613,-1.9466950456965848,-10.790494824414262,-10.790494824414262,8.296517289847897e-27,43661504.0,-10.054707938093896,8.758160155027265e-24,-0.17862390313649681,-0.10612963081477345,GCST90199803,cancerType_celltype,LUAD_Epi_LUAD,tissue,Tumor,Adjacent,group2_higher,1.5533177288547642e-26,1.5707068804344952e-23
29319,3332,-0.24028608016517625,-0.35390088238876727,-0.2868134677410126,-0.4337168335914612,0.7110830851418534,0.689143863292729,0.11361480222359102,0.1469033658504486,,0.062247740221748685,-0.5585903561646377,8.988250735986426,8.988250735986426,3.7287977348548387e-19,54025302.0,10.046751763369592,9.494644121706968e-24,0.1602746125918974,0.10604565165880131,GCST90200406,cancerType_celltype,LUAD_Epi_LUAD,tissue,Tumor,Adjacent,group1_higher,6.175396491624721e-19,1.7005518972255713e-23
29319,3332,0.03747138869087778,-0.1302973601924587,-0.0169407837092876,-0.18648489564657206,0.9398500113855609,0.8503335927072446,0.16776874888333648,0.16954411193728447,,0.079375394211985,-1.7979190768489675,10.67195804278679,10.67195804278679,2.921564422109905e-26,54003556.0,10.004573563575653,1.4551868838908377e-23,0.18018116924263758,0.10560045157938336,GCST90200796,cancerType_celltype,LUAD_Epi_LUAD,tissue,Tumor,Adjacent,group1_higher,5.447458696765801e-26,2.6029130219727186e-23
29319,3332,-0.12927693464700957,-0.004807197612799897,-0.2077944129705429,-0.0667336247861385,0.793041515811666,0.7362142663319841,-0.12446973703420967,-0.1410607881844044,,-0.06900478059174737,-4.748836053771076,-9.173058426968268,-9.173058426968268,6.997373823257717e-20,43689246.5,-10.000899021153614,1.5102121883385127e-23,-0.1580705334379749,-0.10556166598431038,GCST90199751,cancerType_celltype,LUAD_Epi_LUAD,tissue,Tumor,Adjacent,group2_higher,1.178914773930812e-19,2.697797133296714e-23
29319,3332,-0.15853734573446435,0.03197700827803681,-0.2196731269359588,-0.035157315433025305,1.1352591206059908,1.0035759167820093,-0.19051435401250116,-0.1845158115029335,,-0.065866342273486,-2.309679838065859,-10.238733496945652,-10.238733496945652,2.501757674866754e-24,43694800.0,-9.99012753984415,1.6836662432545555e-23,-0.16971841027506127,-0.10544797065454647,GCST90199665,cancerType_celltype,LUAD_Epi_LUAD,tissue,Tumor,Adjacent,group2_higher,4.5104440619621495e-24,3.0037134680051823e-23
29319,3332,0.1425366913540828,-0.01925494829714041,0.0808436274528503,-0.08702030777931205,0.8940694008942219,0.8792838762854389,0.16179163965122323,0.16786393523216236,,0.08537342982330713,2.887967384353543,10.047443687478337,10.047443687478337,1.7449818138959743e-23,53992835.0,9.98377928048953,1.7949855508399253e-23,0.18126449790598767,0.10538096339528336,GCST90200934,cancerType_celltype,LUAD_Epi_LUAD,tissue,Tumor,Adjacent,group1_higher,3.0888444316106664e-23,3.1981245827383246e-23
29319,3332,-0.11157371670317517,0.00319857407027396,-0.1858424991369247,-0.03275125660002225,0.7648774106945637,0.7135860214734394,-0.11477229077344914,-0.15309124253690243,,-0.06886734817834403,-5.12398646801803,-8.731609108837343,-8.731609108837343,3.551434025534509e-18,43698706.0,-9.982551523639094,1.8173411038486707e-23,-0.15105531639616024,-0.10536800415449099,GCST90199639,cancerType_celltype,LUAD_Epi_LUAD,tissue,Tumor,Adjacent,group2_higher,5.7763777766151986e-18,3.2337283610257676e-23
29319,3332,-0.08010058117867894,-0.19087936485991777,-0.1135345250368118,-0.2301352247595787,0.6562934661272534,0.6273345195301115,0.11077878368123883,0.1166006997227669,,0.06937451143770534,-1.2527660794503588,9.61287238846909,9.61287238846909,1.1764622996724524e-21,53988071.5,9.974540070762755,1.9701400642546823e-23,0.16954264948863756,0.1052834415255921,GCST90199893,cancerType_celltype,LUAD_Epi_LUAD,tissue,Tumor,Adjacent,group1_higher,2.0220909387812767e-21,3.5010442080562345e-23
29319,3332,-0.7957426143538634,-0.5224799579762908,-0.8008866310119629,-0.5565320551395416,1.6022229530764311,1.353213908204643,-0.27326265637757263,-0.24435457587242126,,-0.06917117946135536,-0.6069252160716854,-10.825918817207233,-10.825918817207233,5.597944949592328e-27,43713554.5,-9.95375160642948,2.428539824979877e-23,-0.17310243696344657,-0.10506401475969496,GCST90200488,cancerType_celltype,LUAD_Epi_LUAD,tissue,Tumor,Adjacent,group2_higher,1.0553248916036436e-26,4.3100257570931933e-23
29319,3332,-0.1217066536323407,-0.007359270423239213,-0.1548370271921157,-0.0587396118789911,0.6963567986341282,0.6002817485202018,-0.1143473832091015,-0.0960974153131246,,-0.07121082933733947,-4.047517311883358,-10.24049671770722,-10.24049671770722,2.4382219530753446e-24,43749379.0,-9.884266969322978,4.8713857222279056e-23,-0.16640324997250303,-0.10433058929086825,GCST90200389,cancerType_celltype,LUAD_Epi_LUAD,tissue,Tumor,Adjacent,group2_higher,4.407555069020815e-24,8.629917533585603e-23
29319,3332,-0.5113497400052536,-0.35945961806964166,-0.563476026058197,-0.400020882487297,0.9145383274401103,0.8568180301046328,-0.1518901219356119,-0.16345514357090002,,-0.07238643775673982,-0.5084794680468077,-9.628426441132657,-9.628426441132657,1.0101068895376807e-21,43749420.5,-9.88418647657528,4.875301908188491e-23,-0.16712942009657475,-0.10432973967239612,GCST90200020,cancerType_celltype,LUAD_Epi_LUAD,tissue,Tumor,Adjacent,group2_higher,1.7405508096584815e-21,8.629917533585603e-23
29319,3332,-0.6958511723619342,-0.41776126160221977,-0.7972732782363892,-0.5370667278766632,1.5261905638964104,1.5705285084988052,-0.2780899107597144,-0.26020655035972595,,-0.06827417951324642,-0.7360986778525278,-9.713042337457127,-9.713042337457127,4.591963275169204e-22,43756783.5,-9.869905317507737,5.62181939941612e-23,-0.18166633426335904,-0.10417899892997207,GCST90200288,cancerType_celltype,LUAD_Epi_LUAD,tissue,Tumor,Adjacent,group2_higher,7.952790271989358e-22,9.938443374065074e-23
29319,3332,-0.23075153472534818,-0.3598189400982068,-0.2787237465381622,-0.4064772427082062,0.7333588417024216,0.6796033061357646,0.12906740537285863,0.127753496170044,,0.07780074012587483,-0.640928643069139,10.302104226715697,10.302104226715697,1.3366407732789323e-24,53926247.5,9.854627212119304,6.545978515863995e-23,0.177276684583605,0.10401773520213364,GCST90200758,cancerType_celltype,LUAD_Epi_LUAD,tissue,Tumor,Adjacent,group1_higher,2.4258873155515108e-24,1.1557213364148477e-22
29319,3332,-0.03328050727375067,-0.26512705626650535,-0.1370744556188583,-0.348248228430748,1.2678627690703397,1.2031743621126172,0.23184654899275467,0.21117377281188968,,0.06876026014599718,-2.9938966687862014,10.481361663872446,10.481361663872446,2.153192133641108e-25,53906536.5,9.816396066339008,9.570488929563309e-23,0.18379879836139082,0.10361419713695352,GCST90200740,cancerType_celltype,LUAD_Epi_LUAD,tissue,Tumor,Adjacent,group1_higher,3.9820907437623204e-25,1.6875260557561176e-22
29319,3332,0.4403089948655297,0.299310884402809,0.4370490312576294,0.2742770314216614,0.8787748865297529,0.7308566289369446,0.1409981104627207,0.16277199983596802,,0.054123800384018615,0.5568700300007982,10.320494408776655,10.320494408776655,1.0709546252618473e-24,53904170.0,9.81180604013592,1.0016059199536566e-22,0.16303313663610391,0.1035657484113055,GCST90200446,cancerType_celltype,LUAD_Epi_LUAD,tissue,Tumor,Adjacent,group1_higher,1.9488800457034685e-24,1.7638099081354442e-22
29319,3332,-0.15612833978170404,0.03469756193185151,-0.1648389995098114,0.014032540842890701,1.1247373394693567,0.9094006767154427,-0.19082590171355554,-0.1788715403527021,,-0.05656150585998604,-2.169793896408724,-11.179702755314583,-11.179702755314583,1.2017240984284086e-28,43787363.5,-9.810592830167598,1.0137221827442764e-22,-0.17274124340445648,-0.10355294271602022,GCST90200407,cancerType_celltype,LUAD_Epi_LUAD,tissue,Tumor,Adjacent,group2_higher,2.2972650016240125e-28,1.7828430130070303e-22
29319,3332,-0.1184813130819954,-0.2230867239382884,-0.1933742463588714,-0.30427673459053034,0.6960195344645353,0.685227910279941,0.104605410856293,0.11090248823165894,,0.07220018324127232,-0.9129394160427178,8.336727256304991,8.336727256304991,1.0267627262903583e-16,53901089.5,9.805831150755564,1.0626951933212422e-22,0.15052736648793508,0.10350268215338931,GCST90199670,cancerType_celltype,LUAD_Epi_LUAD,tissue,Tumor,Adjacent,group1_higher,1.6197657360344423e-16,1.8665638511557385e-22
29319,3332,-0.2454861668961636,-0.45222850437990064,-0.3126042485237121,-0.4862986207008362,1.0848224333860832,0.999833131190818,0.20674233748373705,0.17369437217712408,,0.0832189117617659,-0.8814075114547989,11.209556001665485,11.209556001665485,9.188589536861264e-29,53883681.5,9.772066867576456,1.4839476366970206e-22,0.19205781636616404,0.10314629279523135,GCST90199917,cancerType_celltype,LUAD_Epi_LUAD,tissue,Tumor,Adjacent,group1_higher,1.7639503575692822e-28,2.6031153524041687e-22
29319,3332,0.021340034661453747,-0.10348860727368875,-0.0471861585974693,-0.13157851248979563,0.657468947479762,0.5776298061223243,0.1248286419351425,0.08439235389232633,,0.09316285587103162,-2.2777838673039272,11.646386657689508,11.646386657689508,6.811557291051912e-31,53872115.5,9.749633635772138,1.8513695236652467e-22,0.19211117787944643,0.10290950515067387,GCST90200005,cancerType_celltype,LUAD_Epi_LUAD,tissue,Tumor,Adjacent,group1_higher,1.3474822333387163e-30,3.243466144930246e-22
29319,3332,-0.4132920482080533,-0.5736153814559766,-0.4755873382091522,-0.6395989954471588,0.9264093622111124,0.839798263790434,0.16032333324792325,0.1640116572380066,,0.07070580294802073,-0.47292112833553707,10.328720426966159,10.328720426966159,1.0131488995841516e-24,53846914.5,9.700754172284276,2.9928103817045077e-22,0.17465417631670735,0.10239357177435582,GCST90199977,cancerType_celltype,LUAD_Epi_LUAD,tissue,Tumor,Adjacent,group1_higher,1.848623761891832e-24,5.236457702520211e-22
29319,3332,0.43357786857490194,0.19589682316780285,0.3567089438438415,0.0815026685595512,1.4300784855883093,1.3075810941750339,0.23768104540709908,0.2752062752842903,,0.07354891115497002,1.146193079119067,9.84467201162594,9.84467201162594,1.2533200654058468e-22,53827380.0,9.66286536312973,4.335682868086356e-22,0.1676093500119194,0.10199364714677439,GCST90200733,cancerType_celltype,LUAD_Epi_LUAD,tissue,Tumor,Adjacent,group1_higher,2.1872922524304344e-22,7.576327883591927e-22
29319,3332,0.07398240422857653,-0.042650276872025515,0.0426114201545715,-0.0941694043576717,0.6976696619070065,0.6357523806275966,0.11663268110060204,0.1367808245122432,,0.07805535981423753,0.7946127524515999,9.931871393356474,9.931871393356474,5.344149409697649e-23,53825323.5,9.658876608054028,4.507841501743408e-22,0.1686402207664807,0.10195154496874981,GCST90200558,cancerType_celltype,LUAD_Epi_LUAD,tissue,Tumor,Adjacent,group1_higher,9.386695419352957e-23,7.867078062581645e-22
29319,3332,-0.19100256122865777,-0.04152534605952855,-0.2575754225254059,-0.04835027083754535,0.8122933956891115,0.8735622528219971,-0.1494772151691292,-0.20922515168786054,,-0.0822622185930568,-2.201500698885421,-9.4249766310225,-9.4249766310225,7.05944682225957e-21,43871823.5,-9.646775541719329,5.072612515611243e-22,-0.18256661588865472,-0.10182381557964437,GCST90200978,cancerType_celltype,LUAD_Epi_LUAD,tissue,Tumor,Adjacent,group2_higher,1.2012516877328083e-20,8.841394960074326e-22
29319,3332,0.19037413494639616,0.04831790333333074,0.1368051320314407,0.0215865988284349,0.7858215613432453,0.709458986401759,0.1420562316130654,0.1152185332030058,,0.07566488673217474,1.9781854432412433,10.827846769921031,10.827846769921031,5.629304924266069e-27,53805617.0,9.620654190403,6.541441416538209e-22,0.1825038356909553,0.10154809903087392,GCST90199828,cancerType_celltype,LUAD_Epi_LUAD,tissue,Tumor,Adjacent,group1_higher,1.0597710789743995e-26,1.1386953576936882e-21
29319,3332,0.15696184326418403,0.019054489667829737,0.139875054359436,-0.00890549318864935,0.8280915568801663,0.734957180049821,0.13790735359635428,0.14878054754808537,,0.08110519459257137,3.0421444936540034,10.125415257485933,10.125415257485933,7.813491412418011e-24,53804497.5,9.618482825799427,6.680990261472861e-22,0.16836966745016524,0.10152517980485953,GCST90200356,cancerType_celltype,LUAD_Epi_LUAD,tissue,Tumor,Adjacent,group1_higher,1.3939514129745746e-23,1.1615037916310599e-21
29319,3332,-0.12020927119743798,0.0009207901855595136,-0.2158148288726806,-0.06795661523938175,0.7400120839334711,0.7828483640647268,-0.12113006138299749,-0.14785821363329887,,-0.07631993583484992,-7.02690604786255,-8.509905925763407,-8.509905925763407,2.4207481601835616e-17,43894861.0,-9.602092368825332,7.833846508702242e-22,-0.16270089780805044,-0.1013521749639178,GCST90200668,cancerType_celltype,LUAD_Epi_LUAD,tissue,Tumor,Adjacent,group2_higher,3.877179485699406e-17,1.3601952600460071e-21
29319,3332,1.4984285622516034,1.830169350482188,1.381053805351257,1.8017221689224245,2.020453873526762,1.9747868276025384,-0.3317407882305847,-0.42066836357116744,,-0.07510175376733878,0.2885266717657462,-9.166915140681347,-9.166915140681347,7.469688513955583e-20,43895382.5,-9.601080875622326,7.911115190243153e-22,-0.16456685154158884,-0.10134149843299645,GCST90200823,cancerType_celltype,LUAD_Epi_LUAD,tissue,Tumor,Adjacent,group2_higher,1.2553866146142367e-19,1.3718638682317325e-21
29319,3332,0.275093476358579,0.06238640170895309,0.1866475641727447,0.0033582401229068,1.173461294062442,1.0111827559259452,0.2127070746496259,0.1832893240498379,,0.07784303346219089,2.1406005410871196,11.307866108819667,11.307866108819667,3.0169779239922604e-29,53777854.0,9.56680551198494,1.1026089692043843e-21,0.18369325134975864,0.1009797145093585,GCST90200540,cancerType_celltype,LUAD_Epi_LUAD,tissue,Tumor,Adjacent,group1_higher,5.84941808022966e-29,1.909601048317123e-21
29319,3332,0.2880944164174331,0.5479210094961701,0.1893796026706695,0.370821014046669,1.1575452089957956,1.3196139561361087,-0.25982659307873696,-0.1814414113759995,,-0.07450405187098136,0.9274238489897026,-10.89896919133774,-10.89896919133774,2.8486037604680088e-27,43942310.0,-9.510061034234022,1.905524798457319e-21,-0.2211093399443225,-0.10038076419557895,GCST90199623,cancerType_celltype,LUAD_Epi_LUAD,tissue,Tumor,Adjacent,group2_higher,5.392565174330411e-27,3.295977538448383e-21
29319,3332,-0.6194700287617511,-0.9076064783081145,-0.7237212061882019,-0.9243628084659576,1.4893722946174464,1.0749533644829754,0.2881364495463634,0.20064160227775574,,0.09449802837352538,-0.5510316838586095,14.018714427729808,14.018714427729808,8.273286534212268e-44,53747277.5,9.507499813189789,1.9530167760040238e-21,0.19837034693105593,0.1003537299499766,GCST90200280,cancerType_celltype,LUAD_Epi_LUAD,tissue,Tumor,Adjacent,group1_higher,1.9210374013852337e-43,3.373842668813035e-21
29319,3332,-0.029214134544210933,-0.15205257388851595,-0.0570075362920761,-0.18127176910638804,0.7320551988770885,0.6914611659602579,0.12283843934430502,0.12426423281431194,,0.07417610699811998,-2.3797918876315993,9.657916644434577,9.657916644434577,7.639196269761367e-22,53744880.5,9.502850629666103,2.0422362120295035e-21,0.16873010935494231,0.10030465680593337,GCST90200871,cancerType_celltype,LUAD_Epi_LUAD,tissue,Tumor,Adjacent,group1_higher,1.3196735761324136e-21,3.5235037430331814e-21
29319,3332,-0.03172761243422827,-0.13424546931900933,-0.0693417936563491,-0.1884908452630043,0.6443936889736316,0.6368046574205213,0.10251785688478106,0.1191490516066552,,0.07447953183633949,-2.081027810493145,8.795113534992462,8.795113534992462,2.059898259454305e-18,53743028.5,9.499258519576046,2.1139206436739956e-21,0.15928233453313614,0.10026674130206681,GCST90200528,cancerType_celltype,LUAD_Epi_LUAD,tissue,Tumor,Adjacent,group1_higher,3.374568903408916e-18,3.6425712229173905e-21
29319,3332,0.16491392664126456,-0.06138376095758194,0.0909210965037345,-0.14421540498733515,1.2384199654836818,1.25127122299378,0.2262976875988465,0.23513650149106965,,0.08526272614133618,1.4257695350479633,9.902863857454467,9.902863857454467,7.281748199393644e-23,53741741.5,9.496762274605256,2.1651962338972567e-21,0.18253681944524255,0.10024039289306219,GCST90200723,cancerType_celltype,LUAD_Epi_LUAD,tissue,Tumor,Adjacent,group1_higher,1.2740722459272832e-22,3.726215235861062e-21
29319,3332,-0.3273652020572654,-0.4703344260980834,-0.3977468013763428,-0.5663031339645386,0.9343145612933498,0.876549885407356,0.14296922404081802,0.1685563325881958,,0.08007505940988985,-0.522784618636386,8.860304324677655,8.860304324677655,1.1531542874536416e-18,53723104.0,9.460613272551566,3.061451838822595e-21,0.1539644796393995,0.0998588323081202,GCST90200666,cancerType_celltype,LUAD_Epi_LUAD,tissue,Tumor,Adjacent,group1_higher,1.8936738479509803e-18,5.261990991570236e-21
29319,3332,-0.05241130338086184,-0.15251477855835713,-0.1005191206932067,-0.2034361287951469,0.606961685614998,0.5820209548026106,0.1001034751774953,0.10291700810194018,,0.07793058885270548,-1.5409810866974931,9.366085484105358,9.366085484105358,1.1950949834253303e-20,53702676.5,9.420992414633297,4.468484963523994e-21,0.1656069379225492,0.09944062552883626,GCST90199680,cancerType_celltype,LUAD_Epi_LUAD,tissue,Tumor,Adjacent,group1_higher,2.0285360677568184e-20,7.670711593555672e-21
29319,3332,0.2311626972483905,0.36479441958716047,0.2012189030647277,0.33067208528518677,0.7755626379745827,0.7501429304710084,-0.13363172233876996,-0.12945318222045907,,-0.06888503100053285,0.658172765196742,-9.710071992619495,-9.710071992619495,4.661985873818792e-22,43988759.0,-9.419969283924601,4.512241722694491e-21,-0.1728724794338163,-0.0994298261615093,GCST90199711,cancerType_celltype,LUAD_Epi_LUAD,tissue,Tumor,Adjacent,group2_higher,8.063815667531742e-22,7.736082349726528e-21
29319,3332,0.2746402987005266,0.0529176544678161,0.196104034781456,-0.03081029932945965,1.2851342618903183,1.0764393369568952,0.2217226442327105,0.22691433411091563,,0.06671029540975608,2.3757002998994037,11.029931104631226,11.029931104631226,6.247088911117625e-28,53671738.0,9.360984586328101,7.899779296999684e-21,0.17521666209079112,0.09880722983964896,GCST90200727,cancerType_celltype,LUAD_Epi_LUAD,tissue,Tumor,Adjacent,group1_higher,1.1875567902166421e-27,1.3526883394234384e-20
29319,3332,0.9051291864029457,1.1618790093800353,0.8253403306007385,1.0475807785987854,1.5039054367019011,1.4545849351972888,-0.2567498229770896,-0.22224044799804688,,-0.07607689035953344,0.36026386775992125,-9.621151251495382,-9.621151251495382,1.0901965366648443e-21,44049968.5,-9.30124829982237,1.388075865424648e-20,-0.17128669218437534,-0.09817670033325931,GCST90200840,cancerType_celltype,LUAD_Epi_LUAD,tissue,Tumor,Adjacent,group2_higher,1.876184191255281e-21,2.37383614124692e-20
29319,3332,0.10005785973713222,-0.006686832899349185,0.0293514095246791,-0.09272888675332065,0.6981557739573295,0.6507733831786036,0.1067446926364814,0.12208029627799975,,0.07405262756128998,3.903166305449378,8.903822608498356,8.903822608498356,7.844726120978539e-19,53630342.0,9.280693555395061,1.683804556221388e-20,0.15392836662954368,0.09795974053184153,GCST90200423,cancerType_celltype,LUAD_Epi_LUAD,tissue,Tumor,Adjacent,group1_higher,1.292909516673972e-18,2.875971942518486e-20
29319,3332,-0.2517381389609855,-0.15661363324037303,-0.2833544015884399,-0.168937973678112,0.6380265049653507,0.6200484153765691,-0.09512450572061248,-0.11441642791032788,,-0.0581186725624146,-0.6847105192109948,-8.366539900282879,-8.366539900282879,7.997320844327573e-17,44075436.0,-9.251851937123385,2.206381971646923e-20,-0.14951615490910058,-0.09765531097325864,GCST90199758,cancerType_celltype,LUAD_Epi_LUAD,tissue,Tumor,Adjacent,group2_higher,1.2689578941581467e-16,3.763828069280045e-20
29319,3332,0.13590611550554166,-0.00011110382574563036,0.0877781137824058,-0.04759869724512095,0.8407461527277551,0.7706766685704725,0.1360172193312873,0.13537681102752674,,0.06535360091564857,10.243569762424421,9.561547531388623,9.561547531388623,1.89632744269146e-21,53612181.0,9.24546876525169,2.3421393049743374e-20,0.16311618407172934,0.09758793520477882,GCST90199800,cancerType_celltype,LUAD_Epi_LUAD,tissue,Tumor,Adjacent,group1_higher,3.24710339747294e-21,3.9904198408500273e-20
29319,3332,-0.03133716503358414,-0.19617691495812384,-0.0841100588440895,-0.24991469830274582,0.93050643429674,0.8762951480326469,0.1648397499245397,0.1658046394586563,,0.07399110841563489,-2.646170024779623,10.223086190670651,10.223086190670651,2.9848173442211685e-24,53611220.5,9.243605794548937,2.3832952872423314e-20,0.17818181115069617,0.09756827114351307,GCST90200369,cancerType_celltype,LUAD_Epi_LUAD,tissue,Tumor,Adjacent,group1_higher,5.374248401814337e-24,4.0554700081289615e-20
29319,3332,-0.3488128990124771,-0.5329756846975385,-0.3955709338188171,-0.5798177123069763,1.0474085969151616,0.9962876029898722,0.18416278568506145,0.18424677848815924,,0.07107208357384374,-0.6116148954218268,10.057174475383574,10.057174475383574,1.5710212703905667e-23,53592610.5,9.207510131063,3.337801377031101e-20,0.17668751521126058,0.09718727355876355,GCST90199954,cancerType_celltype,LUAD_Epi_LUAD,tissue,Tumor,Adjacent,group1_higher,2.7881536348207585e-23,5.672597602111459e-20
29319,3332,-0.1626351452352263,-0.025877633356300275,-0.2270600944757461,-0.09780792891979215,0.8515719834433536,0.8155573744770103,-0.136757511878926,-0.12925216555595395,,-0.07209892188390578,-2.6518145901562784,-9.130284868738643,-9.130284868738643,1.0377138271774355e-19,44099117.0,-9.205920641743992,3.3875775756823495e-20,-0.1612767977360046,-0.09717049615302997,GCST90200990,cancerType_celltype,LUAD_Epi_LUAD,tissue,Tumor,Adjacent,group2_higher,1.7354649649605455e-19,5.750022709408521e-20
29319,3332,-0.18978345855621848,-0.32862989571688944,-0.2406641840934753,-0.3996652811765671,0.8715773790537324,0.8233745566763039,0.13884643716067097,0.1590010970830918,,0.06779296439911625,-0.7921062644284412,9.167731452299549,9.167731452299549,7.368893897539141e-20,53591602.0,9.205554060314716,3.399161116716331e-20,0.1601860533242427,0.09716662680625299,GCST90200608,cancerType_celltype,LUAD_Epi_LUAD,tissue,Tumor,Adjacent,group1_higher,1.2399756027587467e-19,5.76250821154771e-20
29319,3332,0.18851879446842146,0.47572941903372273,0.0896831676363945,0.2761395275592804,1.5268916710274598,1.4421388683642475,-0.2872106245653013,-0.1864563599228859,,-0.07738825618237269,1.3354282631051606,-10.826985096297191,-10.826985096297191,5.7754321915273475e-27,44116052.0,-9.173073781930217,4.597237313462727e-20,-0.1891458047980084,-0.09682379039818112,GCST90200137,cancerType_celltype,LUAD_Epi_LUAD,tissue,Tumor,Adjacent,group2_higher,1.0857812520071413e-26,7.783893736956145e-20
29319,3332,0.04567298626394855,-0.06368732055413372,-0.0003732499026227,-0.0981627330183982,0.630924126191048,0.5782458112384712,0.10936030681808226,0.0977894831157755,,0.07626989536132352,-0.47965612041008937,10.245783092785409,10.245783092785409,2.3556175974825085e-24,53566418.0,9.156707569759645,5.3505300464087394e-20,0.1747659833971133,0.09665104146641768,GCST90199985,cancerType_celltype,LUAD_Epi_LUAD,tissue,Tumor,Adjacent,group1_higher,4.269556895437047e-24,9.048104780713538e-20
29319,3332,0.17515234317370293,0.028009294215189367,0.1375867426395416,-0.0016997228376567,0.8717055309788071,0.7958568886915542,0.14714304895851357,0.1392864654771983,,0.08537450512578669,2.644589482884071,10.011588451426649,10.011588451426649,2.439830449420993e-23,53564755.5,9.153483010891007,5.512735949439763e-20,0.17025084175758007,0.09661700554569519,GCST90200809,cancerType_celltype,LUAD_Epi_LUAD,tissue,Tumor,Adjacent,group1_higher,4.313215178418695e-23,9.310853902213627e-20
29319,3332,-0.05762354430281064,-0.1494367670976008,-0.101847618818283,-0.211163155734539,0.5980330441463563,0.539111943865739,0.09181322279479015,0.109315536916256,,0.06840433824609102,-1.3747894617303313,9.20779820130452,9.20779820130452,5.068683547581186e-20,53564165.5,9.152338656164693,5.571461590831719e-20,0.15501391336932835,0.09660492663247644,GCST90200724,cancerType_celltype,LUAD_Epi_LUAD,tissue,Tumor,Adjacent,group1_higher,8.550266924942025e-20,9.398393747900535e-20
29319,3332,-0.020902367072895764,-0.12908776352756693,-0.0546211786568164,-0.15435589104890818,0.6401552406412434,0.5925063075575536,0.10818539645467116,0.09973471239209178,,0.06917831325031142,-2.6265561747878197,9.90326380786887,9.90326380786887,7.10060780230716e-23,53557780.5,9.139954410524837,6.2479223524357e-20,0.17024802629373179,0.09647420822416763,GCST90199759,cancerType_celltype,LUAD_Epi_LUAD,tissue,Tumor,Adjacent,group1_higher,1.2439753771908304e-22,1.052647486572294e-19
29319,3332,0.26775964249428963,0.09156652725720718,0.2168542742729187,0.0228405157104134,1.0702214618603503,1.0013658180723082,0.17619311523708245,0.1940137585625053,,0.05668616287876217,1.5480359490846238,9.555323976922026,9.555323976922026,2.020555615904412e-21,53556602.5,9.137669580240772,6.381313627084906e-20,0.16568835034370097,0.09645009134319849,GCST90200649,cancerType_celltype,LUAD_Epi_LUAD,tissue,Tumor,Adjacent,group1_higher,3.451149504358037e-21,1.0737938856440403e-19
29319,3332,-0.13596263076131962,0.025164863239272008,-0.2355414479970932,-0.0740918703377246,1.050162677828175,0.9971407768008775,-0.16112749400059162,-0.1614495776593686,,-0.0665712841771853,-2.43368080200138,-8.789943760970989,-8.789943760970989,2.142053219762854e-18,44137241.5,-9.13197496078915,6.726147777657044e-20,-0.15420722899228323,-0.09638998339538418,GCST90200499,cancerType_celltype,LUAD_Epi_LUAD,tissue,Tumor,Adjacent,group2_higher,3.504944223933698e-18,1.1304240962942725e-19
29319,3332,-0.7206005650838213,-0.9020965568937599,-0.7321980595588684,-0.9201985895633698,1.107042404197825,0.9663169429842097,0.18149599180993858,0.18800053000450134,,0.06919014294722416,-0.3240816762826193,10.113702119774505,10.113702119774505,8.739238424531653e-24,53549331.0,9.123565893135023,7.269292605012062e-20,0.16597487641556574,0.09630122385595996,GCST90200408,cancerType_celltype,LUAD_Epi_LUAD,tissue,Tumor,Adjacent,group1_higher,1.55503681104917e-23,1.220202687269882e-19
29319,3332,-0.03064065792437571,-0.17568801764007083,-0.0836777091026306,-0.2176519483327865,0.8739216435908279,0.8052018865921835,0.14504735971569513,0.1339742392301559,,0.06329391884206324,-2.519457746765435,9.765071684722109,9.765071684722109,2.7150737375141542e-22,53537174.5,9.09998733681225,9.034316934937877e-20,0.1672671173026289,0.09605234706181665,GCST90200778,cancerType_celltype,LUAD_Epi_LUAD,tissue,Tumor,Adjacent,group1_higher,4.7141980945627925e-22,1.5146093459188592e-19
29319,3332,0.046371150130952506,0.19672730857512194,-0.020182142034173,0.1217097267508506,0.9803681140408402,0.9308097852454194,-0.15035615844416944,-0.1418918687850236,,-0.07107989177560635,2.084874045148095,-8.786786044737214,-8.786786044737214,2.2019663069864677e-18,44154882.0,-9.0977597242645,9.221505575942252e-20,-0.15414389106307327,-0.09602883412650842,GCST90199737,cancerType_celltype,LUAD_Epi_LUAD,tissue,Tumor,Adjacent,group2_higher,3.598657165974287e-18,1.5440923955785367e-19
29319,3332,-0.12349208178680508,-0.23249711382024024,-0.1534602344036102,-0.2711495906114578,0.7166948895249372,0.6747769734025114,0.10900503203343516,0.11768935620784762,,0.05819659667778007,-0.9127887893937788,8.778995713179272,8.778995713179272,2.3539167035636132e-18,53529754.0,9.085594651648499,1.0313427541612882e-19,0.1529828187572262,0.09590042913717212,GCST90199896,cancerType_celltype,LUAD_Epi_LUAD,tissue,Tumor,Adjacent,group1_higher,3.842381397553539e-18,1.724810029351946e-19
29319,3332,-0.19855638692105837,-0.09642941814750405,-0.2604200839996338,-0.14915721863508224,0.7296793669724179,0.6618853401702354,-0.10212696877355432,-0.11126286536455154,,-0.052517986192082367,-1.0419958252521955,-8.348650436224947,-8.348650436224947,9.200630299904234e-17,44164404.5,-9.079290032940222,1.0928633631376603e-19,-0.14124391381355453,-0.09583388251443015,GCST90199664,cancerType_celltype,LUAD_Epi_LUAD,tissue,Tumor,Adjacent,group2_higher,1.4548096402284768e-16,1.8254568185743027e-19
29319,3332,-0.17302750782502985,-0.2808003975760028,-0.2507985830307007,-0.34901124238967896,0.7172093783813648,0.6353533214626915,0.10777288975097293,0.09821265935897827,,0.0820805009756464,-0.6985403631486464,9.151216631632138,9.151216631632138,8.45697360835436e-20,53525533.0,9.077407666394649,1.1119247966495302e-19,0.15194455197837944,0.09581401372582188,GCST90200053,cancerType_celltype,LUAD_Epi_LUAD,tissue,Tumor,Adjacent,group1_higher,1.4195634271166246e-19,1.8550226411668415e-19
29319,3332,0.020748983860959486,-0.11231711962533386,-0.0108259031549096,-0.1602001711726188,0.8381738401480805,0.8111278537069023,0.13306610348629336,0.1493742680177092,,0.06869837491075018,-2.4364085686020522,8.942515933015565,8.942515933015565,5.601451651347407e-19,53524077.5,9.074584601472361,1.1411295497526997e-19,0.15927389059067248,0.09578421566109308,GCST90199947,cancerType_celltype,LUAD_Epi_LUAD,tissue,Tumor,Adjacent,group1_higher,9.265508010663247e-19,1.901417574954682e-19
29319,3332,-0.38367753182440767,-0.4985485736967817,-0.481599748134613,-0.586569607257843,0.7799410668896819,0.7548192484905983,0.11487104187237401,0.10496985912323004,,0.07958823185803308,-0.37783892406168806,8.295680194872308,8.295680194872308,1.4402822167212282e-16,53508232.5,9.043851888525845,1.5124748964769693e-19,0.1477602188702814,0.09545982518659768,GCST90200619,cancerType_celltype,LUAD_Epi_LUAD,tissue,Tumor,Adjacent,group1_higher,2.2590387357779445e-16,2.517098026737618e-19
29319,3332,0.23416899910229444,0.489907726551712,0.1022077873349189,0.3414793759584427,1.385431329506462,1.4718442760704558,-0.25573872744941756,-0.23927158862352377,,-0.07249309758862259,1.0649567344899311,-9.559912134954647,-9.559912134954647,1.9853094643550184e-21,44199475.0,-9.011267842382265,2.03689690309589e-19,-0.18339191992707532,-0.09511589348724248,GCST90199810,cancerType_celltype,LUAD_Epi_LUAD,tissue,Tumor,Adjacent,group2_higher,3.395203011186813e-21,3.3857200962435343e-19
29319,3332,0.003692799792984671,-0.1308990584333327,-0.0472653582692146,-0.16643591225147245,0.8166147561706728,0.8188050398807135,0.13459185822631736,0.11917055398225784,,0.06187807033290969,-5.147216257901618,8.993640806498462,8.993640806498462,3.573321250044487e-19,53489640.0,9.00779016776484,2.10252027830878e-19,0.16477169013560575,0.09507918587469777,GCST90200223,cancerType_celltype,LUAD_Epi_LUAD,tissue,Tumor,Adjacent,group1_higher,5.925105673735566e-19,3.4905421916380843e-19
29319,3332,0.17678655112772831,0.0371890756085216,0.1191782653331756,-0.0184733727946877,0.8381342590144923,0.7378754533690863,0.1395974755192067,0.1376516381278633,,0.0560374185071138,2.2490271017521977,10.198486544435804,10.198486544435804,3.747757676868616e-24,53474833.5,8.979071713095063,2.7306316634386532e-19,0.1685020925828954,0.09477605633474107,GCST90200239,cancerType_celltype,LUAD_Epi_LUAD,tissue,Tumor,Adjacent,group1_higher,6.739041838485386e-24,4.527799218086234e-19
29319,3332,0.3536078404658931,0.17615753504921267,0.2939140498638153,0.1135969795286655,1.052175350420254,0.9245183908287807,0.17745030541668044,0.18031707033514982,,0.068308717577465,1.0052799670768844,10.344144104454848,10.344144104454848,8.573765156881765e-25,53466756.0,8.963404721058112,3.148073564362089e-19,0.17064673466054017,0.09461068782368165,GCST90200600,cancerType_celltype,LUAD_Epi_LUAD,tissue,Tumor,Adjacent,group1_higher,1.5685962293731336e-24,5.2136382359969955e-19
29319,3332,-0.10812194519332155,-0.2784455134287422,-0.1679687052965164,-0.3577451556921005,1.0782872951953946,1.0827662628611843,0.17032356823542064,0.18977645039558413,,0.06858436506060288,-1.3647275125020335,8.607992701179032,8.607992701179032,1.0427324803370207e-17,53462486.5,8.95512366596659,3.3935800905182677e-19,0.1578904658504921,0.09452327948471928,GCST90200560,cancerType_celltype,LUAD_Epi_LUAD,tissue,Tumor,Adjacent,group1_higher,1.679957884987422e-17,5.61340978565097e-19
29319,3332,-0.0028409506547283784,-0.07275013266767286,-0.045236762613058,-0.13408789038658142,0.5731820670813268,0.5552359667214591,0.06990918201294448,0.08885112777352341,,0.050307592959027814,-4.678016299467821,6.864117314408196,6.864117314408196,7.675330931666051e-12,53461353.0,8.95292514718307,3.461876511100589e-19,0.12235212265927936,0.09450007364042512,GCST90200329,cancerType_celltype,LUAD_Epi_LUAD,tissue,Tumor,Adjacent,group1_higher,1.1176790662244474e-11,5.719439617733458e-19
29319,3332,0.3805825765159778,0.20782868908458985,0.3323642313480377,0.14983201026916498,1.0476816091361925,0.920404254002908,0.17275388743138798,0.18253222107887274,,0.0686991845278293,0.872811543516598,10.115155190064966,10.115155190064966,8.63002419535825e-24,53452547.0,8.935845167996764,4.0408103622654486e-19,0.16684537146355008,0.09431979074245067,GCST90200648,cancerType_celltype,LUAD_Epi_LUAD,tissue,Tumor,Adjacent,group1_higher,1.5376108468331102e-23,6.667826299961025e-19
29319,3332,-0.025101330177656936,-0.1048454375241989,-0.0916139855980873,-0.1738561317324638,0.5772457686970935,0.553452979661132,0.07974410734654197,0.08224214613437651,,0.0730747675812514,-2.06238464555901,7.846195824837762,7.846195824837762,5.401426767968601e-15,53447576.0,8.926203494531498,4.408829898416178e-19,0.1387183513193809,0.09421802078039843,GCST90200433,cancerType_celltype,LUAD_Epi_LUAD,tissue,Tumor,Adjacent,group1_higher,8.309418380069078e-15,7.266306108272371e-19
29319,3332,-0.04825879912020587,-0.1678212056023968,-0.0851940661668777,-0.22141502052545545,0.7732655343265403,0.7540276906479773,0.11956240648219094,0.13622095435857773,,0.06716440074780472,-1.7980398048748731,8.65055614124108,8.65055614124108,7.205662458274807e-18,53441413.5,8.914250806394362,4.911297781891488e-19,0.1550091600465196,0.09409185755546456,GCST90200191,cancerType_celltype,LUAD_Epi_LUAD,tissue,Tumor,Adjacent,group1_higher,1.1636632619228154e-17,8.084660479128138e-19
29319,3332,-0.2149592592813727,-0.09478984214405661,-0.2842036783695221,-0.115582276135683,0.8958083517831347,0.8413365520779932,-0.12016941713731608,-0.1686214022338391,,-0.060228065750568514,-1.1812503761330728,-7.759982414369333,-7.759982414369333,1.0573459773942315e-14,44258006.0,-8.897742034779071,5.699479730494311e-19,-0.13496062178695944,-0.0939176038777324,GCST90200853,cancerType_celltype,LUAD_Epi_LUAD,tissue,Tumor,Adjacent,group2_higher,1.6211052499306384e-14,9.370797192598004e-19
29319,3332,-0.32669308765056526,-0.13335620014196178,-0.5011265873908997,-0.273132786154747,1.4775450274031772,1.3400888515517904,-0.19333688750860348,-0.22799380123615265,,-0.05058637860911859,-1.2926446257076611,-7.806074782604659,-7.806074782604659,7.355506942924698e-15,44260340.0,-8.893215045065144,5.936628751451644e-19,-0.13205057861160124,-0.09386982051594817,GCST90199916,cancerType_celltype,LUAD_Epi_LUAD,tissue,Tumor,Adjacent,group2_higher,1.1302768842397253e-14,9.748945768950109e-19
29319,3332,0.09000375887908789,-0.046920473851160244,0.0597685910761356,-0.07215912267565724,0.8299820396421543,0.7547343084482737,0.13692423273024812,0.13192771375179285,,0.06365228423258544,0.9397529534001199,9.819174113876194,9.819174113876194,1.6032912421658137e-22,53416034.0,8.865025127112183,7.6487486375354635e-19,0.16644888926696905,0.09357226979607969,GCST90200075,cancerType_celltype,LUAD_Epi_LUAD,tissue,Tumor,Adjacent,group1_higher,2.794483328736578e-22,1.254542044880967e-18
29319,3332,-0.04719709793173753,-0.1362052160299764,-0.0908296480774879,-0.2033749222755432,0.6242472090579888,0.6285769519232843,0.08900811809823887,0.11254527419805531,,0.06616558085539323,-1.5289919192650125,7.750941095267253,7.750941095267253,1.1416394438011406e-14,53409916.5,8.853159720267731,8.507651973670944e-19,0.14248358698487093,0.0934470278441879,GCST90200910,cancerType_celltype,LUAD_Epi_LUAD,tissue,Tumor,Adjacent,group1_higher,1.7483759122482634e-14,1.3937415432828722e-18
29319,3332,0.5702274399827058,0.7509326891532813,0.5083936452865601,0.7140153348445892,1.0477830786295903,1.0857507379174824,-0.1807052491705755,-0.20562168955802917,,-0.07181528745393483,0.39714552177732654,-9.135819997412542,-9.135819997412542,1.0002892502873185e-19,44282569.0,-8.850100026063053,8.744165036988476e-19,-0.17181886329917248,-0.09341473210587825,GCST90200837,cancerType_celltype,LUAD_Epi_LUAD,tissue,Tumor,Adjacent,group2_higher,1.674931508773483e-19,1.4307679406260856e-18
29319,3332,0.007519253899548826,0.14569825522438545,-0.0370695069432258,0.0995181798934936,0.8775484471180666,0.8243168908576998,-0.13817900132483663,-0.1365876868367194,,-0.06095987586248531,4.276068321388432,-9.107353654252428,-9.107353654252428,1.2725175673114896e-19,44292497.0,-8.83084383331247,1.0388985396310421e-18,-0.15841377184669875,-0.09321147880005376,GCST90200052,cancerType_celltype,LUAD_Epi_LUAD,tissue,Tumor,Adjacent,group2_higher,2.1255409855950494e-19,1.6978641600924585e-18
29319,3332,0.30558419118762226,0.46373538065024333,0.233585387468338,0.4266976863145828,1.0959572754193239,1.0335190300530688,-0.15815118946262108,-0.1931122988462448,,-0.05255392629462391,0.6017302808918945,-8.317481371988235,-8.317481371988235,1.198341167736897e-16,44298787.5,-8.818642878387251,1.1585630687613729e-18,-0.14512599656443972,-0.09308269506513334,GCST90200835,cancerType_celltype,LUAD_Epi_LUAD,tissue,Tumor,Adjacent,group2_higher,1.8838973605829185e-16,1.891163428409283e-18
29319,3332,0.47826450219738553,0.6541697169386581,0.4527093768119812,0.6583537459373474,1.016690374429545,1.1063855224551566,-0.17590521474127258,-0.2056443691253662,,-0.06633548867255697,0.45185544864756993,-8.766496401484774,-8.766496401484774,2.679646870946296e-18,44310517.0,-8.795892524552844,1.4191660325368401e-18,-0.17141405173685173,-0.09284256012852288,GCST90199815,cancerType_celltype,LUAD_Epi_LUAD,tissue,Tumor,Adjacent,group2_higher,4.368850101794021e-18,2.3137838544829107e-18
29319,3332,-0.10428116286988223,0.03834920438342944,-0.1800891906023025,-0.03883709013462065,0.9192317979008294,0.9077481761454907,-0.14263036725331169,-0.14125210046768183,,-0.06953803982279275,-1.4431862390368841,-8.583451582666882,-8.583451582666882,1.2834800279543427e-17,44311180.0,-8.794606580173953,1.4355129630528806e-18,-0.15535947109521714,-0.09282898670570239,GCST90200663,cancerType_celltype,LUAD_Epi_LUAD,tissue,Tumor,Adjacent,group2_higher,2.0629519788935956e-17,2.3376393890574386e-18
29319,3332,0.3369834129038373,0.5234007771498638,0.2558602392673492,0.4281233698129654,1.3861375400515723,1.1578835523327289,-0.18641736424602645,-0.1722631305456162,,-0.05434572901715046,0.6352369613016404,-8.618041037435393,-8.618041037435393,9.303685188012579e-18,44312137.0,-8.792750398016185,1.4594371725661834e-18,-0.13660952259553139,-0.09280939429900681,GCST90200470,cancerType_celltype,LUAD_Epi_LUAD,tissue,Tumor,Adjacent,group2_higher,1.5007009362439225e-17,2.3737623701762624e-18
29319,3332,0.11281656960019994,0.32073222025304515,0.0164122451096773,0.22337393462657923,1.3637746306005645,1.2703278353179115,-0.20791565065284523,-0.20696168951690191,,-0.05373039715564258,1.507382027267818,-8.883746228286725,-8.883746228286725,9.366882639324757e-19,44325109.5,-8.767589140919393,1.825340791687647e-18,-0.15349583527381713,-0.09254381175369975,GCST90199673,cancerType_celltype,LUAD_Epi_LUAD,tissue,Tumor,Adjacent,group2_higher,1.5400556136790886e-18,2.965362930953829e-18
29319,3332,-0.26633111092893336,-0.38788753946309046,-0.3046999871730804,-0.4283439368009567,0.773721991796986,0.7219472678876497,0.1215564285341571,0.12364394962787634,,0.06616307274248652,-0.5424157698958257,9.140788268073356,9.140788268073356,9.39007009506861e-20,53356807.0,8.750149368848795,2.1307236323572226e-18,0.15815315016381762,0.09235973116351825,GCST90200562,cancerType_celltype,LUAD_Epi_LUAD,tissue,Tumor,Adjacent,group1_higher,1.5742516038841965e-19,3.4573527510748744e-18
29319,3332,-0.07710407277699875,-0.15616595050965554,-0.1289333552122116,-0.18503259867429728,0.5109789591652375,0.51247725847461,0.07906187773265679,0.05609924346208567,,0.08057415461858305,-1.0181914854290712,8.44113369945223,8.44113369945223,4.298036702683289e-17,53354486.5,8.745648563522675,2.217401686911581e-18,0.15467995364912956,0.09231222418364671,GCST90199962,cancerType_celltype,LUAD_Epi_LUAD,tissue,Tumor,Adjacent,group1_higher,6.85172400673371e-17,3.593719975339459e-18
29319,3332,0.12002163436587873,-0.002737514995626735,0.1079253852367401,-0.00774859217926855,0.7952355617514554,0.7086165084197716,0.12275914936150546,0.11567397741600866,,0.07693962709347613,5.453768910343944,9.352929301550292,9.352929301550292,1.3298646235840681e-20,53315204.0,8.669456843969405,4.341902651837972e-18,0.15601633933122935,0.09150800399971715,GCST90199733,cancerType_celltype,LUAD_Epi_LUAD,tissue,Tumor,Adjacent,group1_higher,2.254484430279956e-20,7.028519375837478e-18
29319,3332,-0.02139810536463498,0.15986366786651712,-0.0619633346796035,0.11577723920345305,1.093951850866061,1.0904636043876075,-0.1812617732311521,-0.17774057388305656,,-0.07381402498004809,2.9012287319692707,-9.089331166541347,-9.089331166541347,1.5129093611808097e-19,44380860.5,-8.659455377619848,4.74027586973345e-18,-0.16574831538634568,-0.09140243634545808,GCST90200011,cancerType_celltype,LUAD_Epi_LUAD,tissue,Tumor,Adjacent,group2_higher,2.5239846502930767e-19,7.66428945485966e-18
29319,3332,0.19105161383882802,-0.03543150071964148,0.1151710972189903,-0.08799132704734795,1.3692916258368089,1.3270492000686167,0.2264831145584695,0.20316242426633824,,0.06962196095984963,2.4308248004522954,9.304630351012609,9.304630351012609,2.114038219813313e-20,53251868.0,8.546611333891738,1.2675621784687763e-17,0.16591662171850655,0.09021134290204369,GCST90200914,cancerType_celltype,LUAD_Epi_LUAD,tissue,Tumor,Adjacent,group1_higher,3.579421234292603e-20,2.0470228071717323e-17
29319,3332,0.5390051358828806,0.7056894420033238,0.476085752248764,0.639979362487793,1.1476068571701143,1.0837412959893755,-0.16668430612044327,-0.163893610239029,,-0.05930429048698451,0.3887337737301322,-8.361336617614743,-8.361336617614743,8.321666564480335e-17,44454141.0,-8.517321671650945,1.6328687079252396e-17,-0.14605355137855602,-0.08990218414184459,GCST90200160,cancerType_celltype,LUAD_Epi_LUAD,tissue,Tumor,Adjacent,group2_higher,1.3188873869054298e-16,2.6338462117184636e-17
29319,3332,-0.03814720667574701,-0.23856158264771724,-0.0982450991868972,-0.2895726561546325,1.22344936022629,1.1446660654445153,0.20041437597197023,0.19132755696773532,,0.06856424086549136,-2.6446806377085,9.508155724550777,9.508155724550777,3.1527432250840942e-21,53222280.0,8.489222914159233,2.0802510468199524e-17,0.16486252498498472,0.08960559564048687,GCST90200342,cancerType_celltype,LUAD_Epi_LUAD,tissue,Tumor,Adjacent,group1_higher,5.371486269737026e-21,3.3515155754321454e-17
29319,3332,0.14358637553780285,0.011620287148142772,0.0982779189944267,-0.04134404473006725,0.8793390063177677,0.804194979884055,0.13196608838966006,0.13962196372449395,,0.06617407988673077,3.6270871379483856,8.887668317837498,8.887668317837498,9.019954262796095e-19,53220973.5,8.486688847294946,2.126098076956852e-17,0.1513426101371144,0.08957884801316407,GCST90199690,cancerType_celltype,LUAD_Epi_LUAD,tissue,Tumor,Adjacent,group1_higher,1.4848064806994054e-18,3.4213361025881817e-17
29319,3332,0.021634652323998853,0.14519170684628702,0.0101920198649168,0.1513621881604194,0.6392786603381566,0.811334684767002,-0.12355705452228816,-0.1411701682955026,,-0.08790283018995577,2.7464864629599353,-8.496014254480526,-8.496014254480526,2.7745344125281114e-17,44476770.5,-8.473429849143958,2.3827333677636747e-17,-0.18752192481504532,-0.0894388964017,GCST90200222,cancerType_celltype,LUAD_Epi_LUAD,tissue,Tumor,Adjacent,group2_higher,4.438603760887108e-17,3.8297943163465667e-17
29319,3332,-0.07363956191582825,0.004375933160899614,-0.1296839416027069,-0.0416634660214185,0.6015179442926718,0.5845922104986085,-0.07801549507672786,-0.08802047558128841,,-0.05645651054259871,-4.072508377037529,-7.277945606483693,-7.277945606483693,4.029126192343457e-13,44486590.0,-8.454384101287959,2.805666482503177e-17,-0.13006636624693765,-0.08923786438754366,GCST90200833,cancerType_celltype,LUAD_Epi_LUAD,tissue,Tumor,Adjacent,group2_higher,6.015004381340779e-13,4.504267862958575e-17
29319,3332,-0.2639459864788455,-0.079272093688761,-0.3890132308006286,-0.19270329922437665,1.3555212231120037,1.252238901277488,-0.1846738927900845,-0.19630993157625196,,-0.049373301088523794,-1.735345009839101,-7.99694294735334,-7.99694294735334,1.6288110267434703e-15,44499687.0,-8.42898136594807,3.486899881831375e-17,-0.13726858018656296,-0.08896973298681998,GCST90200553,cancerType_celltype,LUAD_Epi_LUAD,tissue,Tumor,Adjacent,group2_higher,2.5199425986961975e-15,5.591346516395486e-17
29319,3332,-0.24806839670609693,-0.3771162267182108,-0.3133432269096374,-0.4344163089990616,0.8265181296674299,0.7757389243006574,0.1290478300121139,0.12107308208942419,,0.06195760165729117,-0.6042692874103492,9.037293315409572,9.037293315409572,2.391080105755786e-19,53174010.0,8.395599180872493,4.6352816510983367e-17,0.15709164113961832,0.08861737675731307,GCST90200438,cancerType_celltype,LUAD_Epi_LUAD,tissue,Tumor,Adjacent,group1_higher,3.969600711504429e-19,7.424076251994162e-17
29319,3332,0.16782224705310833,-0.01610309521333629,0.066920019686222,-0.08558468893170354,1.1164991834890061,0.974984807088676,0.18392534226644464,0.15250470861792553,,0.08211033150342398,3.381443061004651,10.158517325178023,10.158517325178023,5.58372317457611e-24,53124582.5,8.299730378779469,1.0434878782215995e-16,0.16676621119460264,0.08760546068422248,GCST90200021,cancerType_celltype,LUAD_Epi_LUAD,tissue,Tumor,Adjacent,group1_higher,9.974593298751295e-24,1.669335654948404e-16
29319,3332,-0.3843769843957056,-0.21580643914141726,-0.4960258901119232,-0.28115715086460114,1.2619615114505092,1.2021981116866356,-0.16857054525428836,-0.21486873924732208,,-0.05917446639996741,-0.8327811096736502,-7.630239774147244,-7.630239774147244,2.87994183853618e-14,44576804.5,-8.279405475089563,1.2379275939226396e-16,-0.13421281097153678,-0.08739092690181571,GCST90199770,cancerType_celltype,LUAD_Epi_LUAD,tissue,Tumor,Adjacent,group2_higher,4.376098914074485e-14,1.9780718763382857e-16
29319,3332,0.34941943725717994,0.5117193194221903,0.3035260736942291,0.4885131418704986,1.0681010821023387,1.0769210440986434,-0.16229988216501035,-0.18498706817626948,,-0.06322777889051907,0.5503915285752485,-8.250399141476523,-8.250399141476523,2.103060099212925e-16,44576912.5,-8.279195999987119,1.240106924039556e-16,-0.15182341827156878,-0.08738871584651464,GCST90200972,cancerType_celltype,LUAD_Epi_LUAD,tissue,Tumor,Adjacent,group2_higher,3.283471838748244e-16,1.9792338846205093e-16
29319,3332,-0.008468668283264582,-0.09385779162052009,-0.0576746053993701,-0.13790941983461374,0.5854248010336721,0.5384700065985124,0.08538912333725551,0.08023481443524363,,0.059833596774349795,-3.4701145143390266,8.594561125764763,8.594561125764763,1.1554301706956056e-17,53113528.5,8.278290214127477,1.2495741354726959e-16,0.1470177720492035,0.0873791550796108,GCST90199823,cancerType_celltype,LUAD_Epi_LUAD,tissue,Tumor,Adjacent,group1_higher,1.8593285981795875e-17,1.9920111656716777e-16
29319,3332,0.09825542735675179,0.008511664617507879,0.0772869139909744,-0.0245889844372868,0.6984258913790555,0.6312812775768702,0.0897437627392439,0.1018758984282612,,0.07389895107046836,3.528869085794267,7.688674892070496,7.688674892070496,1.8294949566290672e-14,53111976.5,8.275279979321986,1.2815517452626982e-16,0.12971112713023336,0.08734738139602505,GCST90199793,cancerType_celltype,LUAD_Epi_LUAD,tissue,Tumor,Adjacent,group1_higher,2.7861470680284007e-14,2.0406016691507685e-16
29319,3332,-0.5903145897645793,-0.45895015920487325,-0.6304750442504883,-0.4985246211290359,0.9097364815648713,0.8643024242472396,-0.13136443055970604,-0.1319504231214524,,-0.06665239640119647,-0.3631458100395596,-8.268238075792633,-8.268238075792633,1.8028525240176927e-16,44580420.0,-8.272392908118396,1.312978493978152e-16,-0.14512110455845897,-0.08731690773106537,GCST90200163,cancerType_celltype,LUAD_Epi_LUAD,tissue,Tumor,Adjacent,group2_higher,2.824468954294385e-16,2.0882026689524166e-16
29319,3332,-1.3093325895272599e-05,0.15684444043819015,-0.0749625563621521,0.12867332249879834,1.0738651122715774,1.1175642399910974,-0.15685753376408543,-0.20363587886095044,,-0.0548836412766629,13.442043855013353,-7.707570294109183,-7.707570294109183,1.6016492238365513e-14,44582802.0,-8.267772818358939,1.364857642509078e-16,-0.14545332203068406,-0.0872681416780362,GCST90200615,cancerType_celltype,LUAD_Epi_LUAD,tissue,Tumor,Adjacent,group2_higher,2.4418880224711624e-14,2.168182944918267e-16
29319,3332,0.1789922002890086,0.2871033126380246,0.1357424110174179,0.24732768535614014,0.7354509109945139,0.7099762058349461,-0.10811111234901596,-0.11158527433872223,,-0.06971370100644676,0.6816702191660307,-8.298366701048264,-8.298366701048264,1.4081745389800172e-16,44583550.5,-8.266321039523946,1.3815732220601572e-16,-0.14751293393770606,-0.08725281783643568,GCST90200614,cancerType_celltype,LUAD_Epi_LUAD,tissue,Tumor,Adjacent,group2_higher,2.2112233832140132e-16,2.1921819577043005e-16
29319,3332,0.9259614340781436,0.6617324479132298,0.8120868802070618,0.5358497202396393,1.6775910745299525,1.4472233787214508,0.26422898616491375,0.2762371599674225,,0.06586219546782736,0.48470346139960796,9.816079216094838,9.816079216094838,1.6294751654165925e-22,53106005.0,8.263697751782692,1.4122908192818722e-16,0.15960126740404065,0.08722512846333652,GCST90199674,cancerType_celltype,LUAD_Epi_LUAD,tissue,Tumor,Adjacent,group1_higher,2.8364938064659205e-22,2.23831672869906e-16
29319,3332,0.11935848401215889,0.21468726714236927,0.0791083574295044,0.17722819000482554,0.7295607136493715,0.681241400567993,-0.09532878313021038,-0.09811983257532114,,-0.05910500331227281,0.846930145113143,-7.5975055439186425,-7.5975055439186425,3.6911498414114974e-14,44588515.0,-8.256691973356512,1.497664797106031e-16,-0.13152815466379178,-0.08715118094715635,GCST90199926,cancerType_celltype,LUAD_Epi_LUAD,tissue,Tumor,Adjacent,group2_higher,5.596259436978722e-14,2.370867733397817e-16
29319,3332,0.23256320408021847,0.35985987161200517,0.1982280761003494,0.3148321360349655,0.8250380929524995,0.8290342319132645,-0.1272966675317867,-0.11660405993461612,,-0.0611575744642904,0.6298101871634461,-8.40304365532708,-8.40304365532708,5.918512143969379e-17,44603432.0,-8.227759194623587,1.907496028516523e-16,-0.15421549335421694,-0.0868457891700628,GCST90200938,cancerType_celltype,LUAD_Epi_LUAD,tissue,Tumor,Adjacent,group2_higher,9.402018708893082e-17,3.016145112375894e-16
29319,3332,-0.3298875089909719,-0.23641922739872195,-0.4023784399032593,-0.2827909439802169,0.8424428340749797,0.7670251033566146,-0.09346828159224996,-0.11958749592304235,,-0.05160768781812004,-0.4806250519554601,-6.596431335699335,-6.596431335699335,4.722128413943312e-11,44605548.0,-8.223655034283112,1.9739491864947037e-16,-0.1119299597928849,-0.08680246886434917,GCST90200328,cancerType_celltype,LUAD_Epi_LUAD,tissue,Tumor,Adjacent,group2_higher,6.732490615276919e-11,3.117604566850847e-16
29319,3332,0.1438886606276462,0.248314430707166,0.1189669370651245,0.21617054939270014,0.6633963775923127,0.6588982665626799,-0.10442577007951981,-0.09720361232757564,,-0.06522159568117014,0.7872109864768806,-8.662929406016717,-8.662929406016717,6.4939137598807644e-18,44606724.0,-8.221374083167612,2.0118628751619036e-16,-0.15751945876319526,-0.08677839292884859,GCST90199840,cancerType_celltype,LUAD_Epi_LUAD,tissue,Tumor,Adjacent,group2_higher,1.051211930489012e-17,3.173806827367679e-16
29319,3332,0.2723882940652853,0.13065838181068984,0.2019871175289154,0.08493965119123455,0.8712994166617442,0.7430101954612853,0.14172991225459547,0.11704746633768086,,0.08099552945394901,1.059859282026506,10.239715433044012,10.239715433044012,2.4489968377591134e-24,53065602.0,8.185332728041567,2.7155451416791437e-16,0.16497702574580458,0.0863979685806584,GCST90200225,cancerType_celltype,LUAD_Epi_LUAD,tissue,Tumor,Adjacent,group1_higher,4.4211691256498964e-24,4.2789456972354597e-16
29319,3332,-0.21485679645588174,-0.30526521147936914,-0.2531718313694,-0.34052625298500055,0.6056678015953212,0.5628154745681715,0.0904084150234874,0.08735442161560053,,0.0650922307339191,-0.5066857845272373,8.71659181569192,8.71659181569192,4.043425261261792e-18,53060907.5,8.176227349630244,2.928715158106898e-16,0.1503210012146639,0.08630185932963186,GCST90199632,cancerType_celltype,LUAD_Epi_LUAD,tissue,Tumor,Adjacent,group1_higher,6.5609388465474076e-18,4.609513580253698e-16
29319,3332,0.04919298519448672,0.1514783053543291,0.0206601098179817,0.10983273386955256,0.6519683399635857,0.7006024015074683,-0.10228532015984237,-0.08917262405157086,,-0.0724150835113165,1.6225668731840381,-8.041012975055228,-8.041012975055228,1.1619436935064497e-15,44634499.5,-8.167501159946028,3.1484524855053395e-16,-0.15566288234914924,-0.08620975249815466,GCST90200989,cancerType_celltype,LUAD_Epi_LUAD,tissue,Tumor,Adjacent,group2_higher,1.799692334374194e-15,4.949643296128925e-16
29319,3332,-0.14680704980112627,-0.24962488344723724,-0.2075358033180236,-0.3351010084152221,0.7919410416401665,0.7438891836367917,0.10281783364611097,0.12756520509719851,,0.059936945001562436,-0.7658364570767303,7.5093730007599655,7.5093730007599655,7.202764774698504e-14,53020705.0,8.098251212537637,5.575528932848534e-16,0.13061657383563047,0.08547880423017462,GCST90199795,cancerType_celltype,LUAD_Epi_LUAD,tissue,Tumor,Adjacent,group1_higher,1.0859920783090774e-13,8.755122045475291e-16
29319,3332,0.4193625340454728,0.589980818415758,0.3207287192344665,0.4896658658981323,1.188102005410546,1.1465454332552538,-0.1706182843702852,-0.16893714666366583,,-0.05026915083139263,0.4924690786877752,-8.109307974650477,-8.109307974650477,6.624390351309004e-16,44679991.5,-8.079265591794375,6.515849699473863e-16,-0.14411191842002835,-0.0852784068707807,GCST90200298,cancerType_celltype,LUAD_Epi_LUAD,tissue,Tumor,Adjacent,group2_higher,1.0271949998673687e-15,1.0219911553950373e-15
29319,3332,0.33302141801995067,0.4462322509502004,0.3124507665634155,0.41712626814842224,0.8753855116096582,0.71840330961606,-0.11321083293024975,-0.10467550158500671,,-0.05601781689669265,0.42217872136863627,-8.41420742875911,-8.41420742875911,5.239828661024383e-17,44686289.5,-8.067050089987044,7.2017580113314965e-16,-0.13153618308448056,-0.0851494695903533,GCST90199884,cancerType_celltype,LUAD_Epi_LUAD,tissue,Tumor,Adjacent,group2_higher,8.343325309551676e-17,1.1282754217752679e-15
29319,3332,-0.27689089325708516,-0.14212831836840945,-0.3284890949726105,-0.18423254787921906,0.9659866805177653,0.9210816287408448,-0.1347625748886757,-0.14425654709339142,,-0.053925192052844656,-0.9621186318798259,-7.962471069161106,-7.962471069161106,2.152059175208009e-15,44693765.5,-8.052549757895648,8.108739801463287e-16,-0.1401584896000855,-0.08499641542895686,GCST90199722,cancerType_celltype,LUAD_Epi_LUAD,tissue,Tumor,Adjacent,group2_higher,3.325687818377003e-15,1.268910717496494e-15
29319,3332,-0.27980248202580094,-0.16948992080797587,-0.3127841055393219,-0.2173407971858978,0.7664025246551578,0.6822533147232297,-0.11031256121782507,-0.0954433083534241,,-0.058519921252071214,-0.7232059223170064,-8.728324479521667,-8.728324479521667,3.626873985881362e-18,44697628.5,-8.045057143814713,8.620587124832752e-16,-0.14548403179962802,-0.08491732925647488,GCST90200918,cancerType_celltype,LUAD_Epi_LUAD,tissue,Tumor,Adjacent,group2_higher,5.892049157039685e-18,1.3474610379755782e-15
29319,3332,0.14215561522937165,0.24485014054108778,0.1108394041657447,0.19251717627048484,0.7200706394528844,0.6851063482277346,-0.10269452531171613,-0.08167777210474014,,-0.0526757443227485,0.7844236801802054,-8.155693325578028,-8.155693325578028,4.537196224163337e-16,44721360.5,-7.999026929636945,1.2540727897808053e-15,-0.1433117020334727,-0.08443147032679843,GCST90200186,cancerType_celltype,LUAD_Epi_LUAD,tissue,Tumor,Adjacent,group2_higher,7.043506211315066e-16,1.9579624426932847e-15
29319,3332,-0.036288281017937594,-0.23033441679545488,-0.1016418486833572,-0.2384589612483978,1.2351587425686328,1.0907934796121852,0.19404613577751728,0.1368171125650406,,0.0581003607968224,-2.6661208808279087,9.593473826304535,9.593473826304535,1.3890063860206218e-21,52969425.5,7.998790300354554,1.2564848056172503e-15,0.15889636173000704,0.0844289726532177,GCST90201009,cancerType_celltype,LUAD_Epi_LUAD,tissue,Tumor,Adjacent,group1_higher,2.38440265005807e-21,1.9594837414831947e-15
29319,3332,-0.36913602411064417,-0.5189836915924504,-0.4153828620910644,-0.5656241476535797,1.036346602264032,0.8403148808400172,0.14984766748180622,0.15024128556251531,,0.0606966929132119,-0.4915355384160355,9.504697055955022,9.504697055955022,3.1488086319713106e-21,52966678.5,7.993462262332208,1.3120208665567444e-15,0.14718695609737223,0.08437273405218026,GCST90200177,cancerType_celltype,LUAD_Epi_LUAD,tissue,Tumor,Adjacent,group1_higher,5.371486269737026e-21,2.0437536469906773e-15
29319,3332,0.09646767800759377,-0.07184392598348784,0.0081134820356965,-0.14027483016252515,1.142541480897246,1.0308644321138773,0.1683116039910816,0.14838831219822166,,0.05964516227120512,0.42517432550390205,8.828523748233017,8.828523748233017,1.5150848332656784e-18,52959932.0,7.980376856974449,1.4588832840682854e-15,0.14873080246076598,0.08423461475043315,GCST90200078,cancerType_celltype,LUAD_Epi_LUAD,tissue,Tumor,Adjacent,group1_higher,2.4850308396403365e-18,2.2699291280651517e-15
29319,3332,0.023331762901673537,-0.10364828284505608,-0.0603593476116657,-0.2078015878796577,0.9028262600120058,0.8344633317877616,0.1269800457467296,0.147442240267992,,0.05807847535513668,-2.151281078047871,8.252014979926454,8.252014979926454,2.0538245717966693e-16,52949944.5,7.961005258959092,1.7064847101549112e-15,0.14170448814773412,0.08403014331691949,GCST90200458,cancerType_celltype,LUAD_Epi_LUAD,tissue,Tumor,Adjacent,group1_higher,3.2102785451363077e-16,2.652153546113049e-15
29319,3332,-0.3154266420923624,-0.44173088746610767,-0.3681531548500061,-0.5010433197021484,0.8692308958535371,0.8363681692782622,0.1263042453737453,0.13289016485214233,,0.06706256158565438,-0.4858618861299579,8.22679904818702,8.22679904818702,2.5396724575433534e-16,52946734.5,7.954779193414232,1.7945266847898875e-15,0.14585876884530669,0.08396442583991548,GCST90200246,cancerType_celltype,LUAD_Epi_LUAD,tissue,Tumor,Adjacent,group1_higher,3.9560840681503895e-16,2.785808509531454e-15
29319,3332,-0.42836643657913726,-0.2606798590137731,-0.4938786327838897,-0.32667444646358484,1.2845993810178171,1.2048253222756689,-0.16768657756536415,-0.16720418632030487,,-0.05244643215427439,-0.7165641600443853,-7.560358465184522,-7.560358465184522,4.89779765342188e-14,44755714.5,-7.93239445121696,2.1496207396812342e-15,-0.13134490896705425,-0.0837281500137147,GCST90200589,cancerType_celltype,LUAD_Epi_LUAD,tissue,Tumor,Adjacent,group2_higher,7.417442446237803e-14,3.333257187924371e-15
29319,3332,-0.24266661569169912,-0.13808253858895164,-0.3457781076431274,-0.20335520058870316,0.9288864517284142,0.8722596208106719,-0.10458407710274747,-0.14242290705442423,,-0.0496099084504944,-0.8134402505734779,-6.51400633823069,-6.51400633823069,8.171891017349896e-11,44756865.0,-7.930162959500648,2.1886021517426408e-15,-0.11327594021894746,-0.08370459613293801,GCST90200812,cancerType_celltype,LUAD_Epi_LUAD,tissue,Tumor,Adjacent,group2_higher,1.1626604860801575e-10,3.3898462873013857e-15
29319,3332,-0.001402394231562975,-0.10243190814018287,-0.0513791404664516,-0.1876404881477356,0.7729013435559193,0.7320953538945445,0.10102951390861989,0.136261347681284,,0.05330291106119637,-6.189615129892829,7.504729290231345,7.504729290231345,7.46457429941027e-14,52908448.5,7.880520269597863,3.260232588415479e-15,0.13140557549190598,0.08318060673568506,GCST90200339,cancerType_celltype,LUAD_Epi_LUAD,tissue,Tumor,Adjacent,group1_higher,1.1242226265299665e-13,5.0439239704997704e-15
29319,3332,0.6995541377370097,0.8707270711902649,0.5424726009368896,0.7314949929714203,1.4182790340456881,1.2994571198268496,-0.17117293345325524,-0.18902239203453064,,-0.051275931486637866,0.31578446216276596,-7.1360021108518845,-7.1360021108518845,1.1230129405042373e-12,44798497.5,-7.849413216884941,4.1799152543606885e-15,-0.12169129040786557,-0.08285226502347587,GCST90200781,cancerType_celltype,LUAD_Epi_LUAD,tissue,Tumor,Adjacent,group2_higher,1.6619616046767377e-12,6.459438199199114e-15
29319,3332,-0.23738881862477074,-0.16575943282813163,-0.3305495679378509,-0.22409012168645856,0.7805002974416901,0.7024738298452547,-0.0716293857966391,-0.10645944625139234,,-0.046806498087765484,-0.518158385522754,-5.511946521069182,-5.511946521069182,3.755548318785113e-08,44814504.5,-7.818366291284758,5.351369766496052e-15,-0.09267606529553846,-0.08252455796602898,GCST90200034,cancerType_celltype,LUAD_Epi_LUAD,tissue,Tumor,Adjacent,group2_higher,5.018443488729519e-08,8.260381644093e-15
29319,3332,0.1395187362998737,0.00014890523494878448,0.0617714636027812,-0.0628886222839355,0.9243007141557638,0.8125707831096365,0.13936983106492493,0.1246600858867167,,0.06500803823276545,9.862202737558468,9.24419747392139,9.24419747392139,3.613913513239308e-20,52869679.5,7.805324526573343,5.934908310070312e-15,0.1525622378068745,0.08238689930080279,GCST90200731,cancerType_celltype,LUAD_Epi_LUAD,tissue,Tumor,Adjacent,group1_higher,6.10379692508696e-20,9.150769260888953e-15
29319,3332,0.2739277737717652,0.3869594215011668,0.2115675210952758,0.3419778645038605,0.8496558905761228,0.831357413882374,-0.11303164772940161,-0.13041034340858468,,-0.06054134937482296,0.4983851981346238,-7.42005506070556,-7.42005506070556,1.411457152486022e-13,44849638.0,-7.750221906917042,9.173280240125066e-15,-0.1333223669893973,-0.08180527915658231,GCST90199789,cancerType_celltype,LUAD_Epi_LUAD,tissue,Tumor,Adjacent,group2_higher,2.1164093496572586e-13,1.4127888098633293e-14
29319,3332,-0.06013211782918072,0.0446663233425385,-0.096473142504692,0.00597882107831535,0.7917901657796251,0.7221736941880839,-0.10479844117171921,-0.10245196358300734,,-0.05342814043865148,-0.4289399576991916,-7.857046139336676,-7.857046139336676,4.934484712150248e-15,44850883.0,-7.7478071244860915,9.349371628714078e-15,-0.1335062251676333,-0.08177979060241714,GCST90200640,cancerType_celltype,LUAD_Epi_LUAD,tissue,Tumor,Adjacent,group2_higher,7.59966402560541e-15,1.4382836941238475e-14
29319,3332,0.025465333309177753,0.12115260075740664,-0.0087151993066072,0.1128739118576049,0.7590911629342911,0.7170860093601942,-0.09568726744822889,-0.1215891111642121,,-0.05240197692398473,2.250174125467569,-7.2544733101942125,-7.2544733101942125,4.773023124376944e-13,44863046.5,-7.724214991073345,1.1254560872799016e-14,-0.12675276257563015,-0.08153077049913382,GCST90200314,cancerType_celltype,LUAD_Epi_LUAD,tissue,Tumor,Adjacent,group2_higher,7.094471666876527e-13,1.7294212479847867e-14
29319,3332,-0.06763580316121696,-0.17726149903104438,-0.1257323622703552,-0.22760920971632,0.7685051633937076,0.7204132761177308,0.10962569586982741,0.10187684744596481,,0.06814093574926386,-1.3900069797268517,8.265582774578668,8.265582774578668,1.8397328172035211e-16,52811437.5,7.692359258827615,1.4444743289829053e-14,0.14353847825900026,0.0811945263114966,GCST90200143,cancerType_celltype,LUAD_Epi_LUAD,tissue,Tumor,Adjacent,group1_higher,2.878938955049827e-16,2.2171379621663287e-14
29319,3332,0.4212487491262812,0.20785398731970695,0.3098102211952209,0.1515056043863296,1.4028828012227972,1.3862080590699812,0.21339476180657424,0.1583046168088913,,0.06468384375263557,1.0190984623734942,8.41004852104837,8.41004852104837,5.569617044624627e-17,52809328.5,7.688268675577113,1.491404982250232e-14,0.1522953072856897,0.08115134931492296,GCST90199691,cancerType_celltype,LUAD_Epi_LUAD,tissue,Tumor,Adjacent,group1_higher,8.858095719747219e-17,2.2865972899966998e-14
29319,3332,0.35514974127293825,0.5098990983971395,0.2986795902252197,0.40563300251960754,1.003873846830763,0.9896135305027766,-0.1547493571242013,-0.10695341229438782,,-0.05912440808098559,0.5217831198416224,-8.540823905627699,-8.540823905627699,1.8455042086438685e-17,44899390.0,-7.653723709724544,1.952429992941553e-14,-0.15437449924351626,-0.08078671968122153,GCST90200839,cancerType_celltype,LUAD_Epi_LUAD,tissue,Tumor,Adjacent,group2_higher,2.962805932133796e-17,2.9900697532352096e-14
29319,3332,0.032032264192738816,0.13624352751041402,-0.0023237559944391,0.11260868981480596,0.7934667135541413,0.7759102628583411,-0.1042112633176752,-0.11493244580924505,,-0.05630082537730865,2.0885555613102254,-7.329429995622847,-7.329429995622847,2.762148371380253e-13,44922509.0,-7.608882460711573,2.7647811260925994e-14,-0.13163084186406304,-0.08031341053765206,GCST90199667,cancerType_celltype,LUAD_Epi_LUAD,tissue,Tumor,Adjacent,group2_higher,4.132610571011289e-13,4.229401430824032e-14
29319,3332,0.06913110839764909,-0.01496592111399194,0.0180163234472274,-0.06650634855031964,0.6533852371114084,0.6306441766687324,0.08409702951164102,0.08452267199754704,,0.061616986754245213,2.2075784545660877,7.266983761385007,7.266983761385007,4.363215393969061e-13,52761433.5,7.595372286396081,3.069110916452215e-14,0.12916117176784914,0.08017080770709994,GCST90200420,cancerType_celltype,LUAD_Epi_LUAD,tissue,Tumor,Adjacent,group1_higher,6.49952194751894e-13,4.689684057314315e-14
29319,3332,-0.2583519725179739,-0.5407870982513554,-0.5973101258277893,-0.8508588671684265,2.1366006158570134,2.037281695756713,0.2824351257333815,0.2535487413406372,,0.06007321386334601,-1.0657199179150425,7.544742037630031,7.544742037630031,5.5210363730526904e-14,52760257.5,7.593091335280581,3.1236454264147975e-14,0.13280564478757426,0.08014673177159937,GCST90200788,cancerType_celltype,LUAD_Epi_LUAD,tissue,Tumor,Adjacent,group1_higher,8.342763388548577e-14,4.7676693350541647e-14
29319,3332,-0.017200167266641534,-0.10895424355158338,-0.056906558573246,-0.15363609045743942,0.7071786265297358,0.6941193452272699,0.09175407628494185,0.09672953188419342,,0.05644489355484953,-2.663157254624993,7.216556245905585,7.216556245905585,6.3071574786939e-13,52749247.0,7.571735542544852,3.6827333928458476e-14,0.12998954999215123,0.0799213167309285,GCST90200066,cancerType_celltype,LUAD_Epi_LUAD,tissue,Tumor,Adjacent,group1_higher,9.36454863121981e-13,5.614726638086007e-14
29319,3332,0.6133517371630969,0.4560429815470132,0.62293541431427,0.466556653380394,1.1766334684695985,0.9883018640086229,0.15730875561608365,0.15637876093387604,,0.07077113964143145,0.42754403509186784,8.526749403014156,8.526749403014156,2.0317750005990404e-17,52744173.0,7.5618940918985516,3.9724473812278976e-14,0.1357488591027573,0.07981743807724673,GCST90200962,cancerType_celltype,LUAD_Epi_LUAD,tissue,Tumor,Adjacent,group1_higher,3.258010971548814e-17,6.04966009007109e-14
29319,3332,-0.032427505077033965,0.0907228230134442,-0.0791171789169311,0.054982103407382896,0.9427088632113303,0.896370121623063,-0.12315032809047816,-0.134099282324314,,-0.05253313179307289,1.484218916853807,-7.474623274810511,-7.474623274810511,9.36377711218936e-14,44951857.0,-7.55195954120672,4.2876088764057244e-14,-0.13127828763909946,-0.0797125767323199,GCST90199628,cancerType_celltype,LUAD_Epi_LUAD,tissue,Tumor,Adjacent,group2_higher,1.4087006847587306e-13,6.522333592121654e-14
29319,3332,0.2726661558681264,0.12394806155363859,0.2130403220653534,0.0889748968183994,1.0018028697632997,0.8632753102621059,0.14871809431448785,0.12406542524695399,,0.06390498545943557,1.137393582340915,9.260697263126279,9.260697263126279,3.0928183096335236e-20,52734044.0,7.542248042707307,4.619414700976555e-14,0.15043922809030472,0.07961006975183404,GCST90200249,cancerType_celltype,LUAD_Epi_LUAD,tissue,Tumor,Adjacent,group1_higher,5.2301629727425466e-20,7.019244411851777e-14
29319,3332,-0.2115722488045073,-0.09523088211651579,-0.2716087996959686,-0.17628732323646545,0.7805681738888686,0.7594946370588412,-0.11634136668799153,-0.09532147645950312,,-0.06715790137552581,-1.1516406746602117,-8.354973304170999,-8.354973304170999,8.808291608890604e-17,44965275.0,-7.525934199312346,5.234508675180168e-14,-0.149453683930132,-0.07943787358389587,GCST90200496,cancerType_celltype,LUAD_Epi_LUAD,tissue,Tumor,Adjacent,group2_higher,1.3943904138116018e-16,7.945028200746736e-14
29319,3332,0.2881090081115146,0.17463409049831133,0.2564710080623626,0.09842655435204506,0.8984680601909233,0.8727089328941332,0.11347491761320325,0.15804445371031756,,0.0604847566747057,0.7222762987904798,7.090647222620649,7.090647222620649,1.5603749145056163e-12,52722953.5,7.520737083229027,5.4468689211350664e-14,0.12666393615313762,0.07938301689242167,GCST90200818,cancerType_celltype,LUAD_Epi_LUAD,tissue,Tumor,Adjacent,group1_higher,2.3067147597301032e-12,8.258156106237036e-14
29319,3332,-0.0638556915754217,0.018431734624881988,-0.1435798704624176,-0.058033116161823245,0.7506776725017681,0.7198893428537545,-0.08228742620030369,-0.08554675430059436,,-0.05627202479113914,-1.792567687872726,-6.224710483052842,-6.224710483052842,5.296827675056881e-10,44974624.0,-7.507801025860974,6.01292478700822e-14,-0.1100695847097906,-0.0792464739912132,GCST90200912,cancerType_celltype,LUAD_Epi_LUAD,tissue,Tumor,Adjacent,group2_higher,7.381979673928965e-10,9.106240538546892e-14
29319,3332,-0.05492334682933314,0.14397686931440476,-0.1456874459981918,0.00596807687543325,1.270535268049199,1.329925965461487,-0.1989002161437379,-0.15165552287362505,,-0.05812191029415096,1.3903293605217166,-8.217321391927456,-8.217321391927456,2.7710242523452304e-16,44981621.0,-7.494229754640603,6.668931159245301e-14,-0.15578986669962108,-0.0791032262695317,GCST90200086,cancerType_celltype,LUAD_Epi_LUAD,tissue,Tumor,Adjacent,group2_higher,4.3115365935462885e-16,1.0088516281965978e-13
29319,3332,-0.3942188313677375,-0.23681669314343096,-0.4496307075023651,-0.28811636567115784,1.1800647531683317,1.1420858086037091,-0.15740213822430654,-0.16151434183120728,,-0.05433581328686844,-0.7352234817431584,-7.512726319810843,-7.512726319810843,7.040636954463012e-14,44982495.5,-7.492533588186092,6.755713232055571e-14,-0.1338173470557473,-0.0790853228634133,GCST90200596,cancerType_celltype,LUAD_Epi_LUAD,tissue,Tumor,Adjacent,group2_higher,1.0627229422960226e-13,1.0208466890567344e-13
29319,3332,-0.054017408301435324,-0.19315594898331956,-0.1350732892751693,-0.28105461597442627,0.982482629996913,0.887923069004701,0.13913854068188425,0.14598132669925698,,0.06062938903740035,-1.8382505453246538,8.474925153530085,8.474925153530085,3.1878575801730947e-17,52663921.5,7.4062395439006075,1.299319997344086e-13,0.14296188932403195,0.07817447044304271,GCST90199856,cancerType_celltype,LUAD_Epi_LUAD,tissue,Tumor,Adjacent,group1_higher,5.087880423625208e-17,1.961210582923576e-13
29319,3332,0.2731112151204715,0.11286357723490298,0.1932687759399414,0.0458645168691873,1.1096317178717698,0.9095732151887678,0.1602476378855685,0.1474042590707541,,0.06321091544751817,1.2749010764832818,9.40532474603296,9.40532474603296,8.014829155593846e-21,52652461.5,7.384011908030169,1.5359082040614324e-13,0.1468945227137011,0.07793985290831773,GCST90199783,cancerType_celltype,LUAD_Epi_LUAD,tissue,Tumor,Adjacent,group1_higher,1.3621212143484304e-20,2.3157554005926244e-13
29319,3332,0.2837475633054129,0.14277425064805377,0.260898619890213,0.10949836298823354,1.0526614483140664,0.8919354276143827,0.14097331265735913,0.15140025690197947,,0.07100303979418279,0.9908671703633364,8.477083237195037,8.477083237195037,3.1000771119564063e-17,52642190.0,7.364089468078756,1.7836134500667678e-13,0.135890367087026,0.07772956721827184,GCST90200964,cancerType_celltype,LUAD_Epi_LUAD,tissue,Tumor,Adjacent,group1_higher,4.953581598589193e-17,2.6862598148519383e-13
29319,3332,-0.06878040028667744,0.06894724596885203,-0.100898191332817,0.0225306721404194,1.0541185500352583,0.9590743112212121,-0.13772764625552947,-0.1234288634732364,,-0.04817450121883048,0.0034953630181518273,-7.77295720106826,-7.77295720106826,9.527855787410903e-15,45061828.5,-7.338660548351062,2.157435730342367e-13,-0.13181977042274182,-0.07746115943563547,GCST90199646,cancerType_celltype,LUAD_Epi_LUAD,tissue,Tumor,Adjacent,group2_higher,1.462440026828948e-14,3.2456786980757685e-13
29319,3332,-0.38150835175776854,-0.27222839179427993,-0.4093394577503204,-0.30121825635433197,0.8645431870565554,0.8115903919707886,-0.1092799599634886,-0.10812120139598841,,-0.048141740359721255,-0.4868955828670407,-7.315042033710889,-7.315042033710889,3.0612262020771464e-13,45073955.0,-7.315140179556746,2.5711470085943297e-13,-0.12717468552556732,-0.07721289682352017,GCST90200509,cancerType_celltype,LUAD_Epi_LUAD,tissue,Tumor,Adjacent,group2_higher,4.575056264727139e-13,3.863807467159946e-13
29319,3332,-0.06600248069123085,0.0207249453296077,-0.1419005841016769,-0.0697373300790786,0.7302786799307661,0.6938845743215732,-0.08672742602083855,-0.07216325402259831,,-0.05894258896328926,-1.6711042010675166,-6.7994778477546385,-6.7994778477546385,1.1972763184130898e-11,45078765.0,-7.305810779160864,2.7560177721400103e-13,-0.11935255573493475,-0.07711442297168536,GCST90199901,cancerType_celltype,LUAD_Epi_LUAD,tissue,Tumor,Adjacent,group2_higher,1.732364779190065e-11,4.1370619200736055e-13
29319,3332,-0.10990839769189646,0.004819195584865551,-0.1306171417236328,-0.05032696388661855,0.7593049621622204,0.7529302316214768,-0.11472759327676202,-0.08029017783701425,,-0.061377172269894816,-4.511079250897027,-8.327516150343492,-8.327516150343492,1.1093975593669885e-16,45142027.0,-7.183108798320058,6.814431236128035e-13,-0.15122458201954364,-0.07581927685634782,GCST90200126,cancerType_celltype,LUAD_Epi_LUAD,tissue,Tumor,Adjacent,group2_higher,1.7460841494425002e-16,1.0217898542180982e-12
29319,3332,-0.08826418286226943,0.005986366768640529,-0.1598682850599289,-0.0351933501660823,0.8118010201716629,0.7964712988100096,-0.09425054963090997,-0.1246749348938466,,-0.05194818506834012,-3.881850910367442,-6.460008203696944,-6.460008203696944,1.1675138695586427e-10,45152328.5,-7.163128170840188,7.885711479519049e-13,-0.11632275837216212,-0.0756083769842737,GCST90200110,cancerType_celltype,LUAD_Epi_LUAD,tissue,Tumor,Adjacent,group2_higher,1.6548898230181193e-10,1.1811235985257652e-12
29319,3332,0.292450656693808,0.15051993312286238,0.2294607907533645,0.1032389029860496,0.9776278476376942,0.8768445557174515,0.1419307235709456,0.1262218877673149,,0.07085634178642541,0.9582340235174027,8.74604323352453,8.74604323352453,3.1128262564874708e-18,52537713.0,7.161447521059931,7.983013973566222e-13,0.14664895647930487,0.07559063736002947,GCST90200227,cancerType_celltype,LUAD_Epi_LUAD,tissue,Tumor,Adjacent,group1_higher,5.069034871675535e-18,1.1943850763963513e-12
29319,3332,0.27561663435568934,0.16542296009078306,0.2276964783668518,0.13033358752727503,0.8627346208317047,0.857052304976081,0.11019367426490628,0.09736289083957678,,0.05514839359193121,0.73649998607128,7.028029124812277,7.028029124812277,2.439024281295508e-12,52535290.0,7.156747908344917,8.261399824371851e-13,0.12781166923741688,0.07554103192489525,GCST90200974,cancerType_celltype,LUAD_Epi_LUAD,tissue,Tumor,Adjacent,group1_higher,3.597824778577681e-12,1.2346806974362754e-12
29319,3332,-0.11393865306592751,0.03544526256698517,-0.2169473320245742,-0.05773059464991085,1.1004263228001923,1.095053640128315,-0.1493839156329127,-0.15921673737466335,,-0.05534110233720826,-1.6845644947932237,-7.458120685035265,-7.458120685035265,1.0635414468401822e-13,45169845.5,-7.129152472974353,1.0098952768893171e-12,-0.13581845285212013,-0.07524975609808027,GCST90200138,cancerType_celltype,LUAD_Epi_LUAD,tissue,Tumor,Adjacent,group2_higher,1.5982436516462715e-13,1.507653080394457e-12
29319,3332,-0.4121648213671344,-0.26948593940695137,-0.5353769063949585,-0.37291380763053894,1.154310511927693,1.1576694370092115,-0.14267888196018302,-0.16246309876441956,,-0.04614910678340147,-0.6130095201669932,-6.743454027862597,-6.743454027862597,1.761354016138144e-11,45176701.5,-7.115854683137728,1.112222145541376e-12,-0.12356855379480548,-0.0751093950319307,GCST90200132,cancerType_celltype,LUAD_Epi_LUAD,tissue,Tumor,Adjacent,group2_higher,2.5404502899431645e-11,1.6585982323554657e-12
29319,3332,-0.32236073111240376,-0.5070032884172132,-0.3748264908790588,-0.5455285310745239,1.3230446294533527,1.1992163908239937,0.18464255730480944,0.17070204019546514,,0.0609819269814411,-0.6533174643265185,8.330154588867837,8.330154588867837,1.0730456122308073e-16,52490396.0,7.069672211593831,1.553011812237623e-12,0.14084669825088908,0.07462192899261422,GCST90199705,cancerType_celltype,LUAD_Epi_LUAD,tissue,Tumor,Adjacent,group1_higher,1.6908221612376768e-16,2.313393551999869e-12
29319,3332,-0.06759419138777342,-0.16354150200785136,-0.1145788952708244,-0.20147661864757535,0.7283288797786892,0.6585317326438613,0.09594731062007794,0.08689772337675095,,0.052182402082598625,-1.2746730928900516,7.880324990320689,7.880324990320689,4.103785755125273e-15,52485726.5,7.0606153227895545,1.657680628169253e-12,0.13297993278728232,0.07452633155994404,GCST90201013,cancerType_celltype,LUAD_Epi_LUAD,tissue,Tumor,Adjacent,group1_higher,6.327443421081162e-15,2.4666142971557776e-12
29319,3332,-0.06708469848257598,-0.1901007086739073,-0.1049631908535957,-0.2339633852243423,0.9910573203128616,0.9172718624613173,0.12301601019133132,0.12900019437074658,,0.04725729886715313,-1.5026943527495478,7.27386556232262,7.27386556232262,4.1360798028281204e-13,52481473.0,7.052365301046544,1.7590289236514086e-12,0.12504385567114584,0.07443925078473024,GCST90199902,cancerType_celltype,LUAD_Epi_LUAD,tissue,Tumor,Adjacent,group1_higher,6.167917692838871e-13,2.6145653467141437e-12
29319,3332,0.03663172304646216,0.1907552981732389,-0.0593386180698871,0.13404951244592667,1.4162979080532943,1.2494905411716515,-0.15412357512677677,-0.19338813051581377,,-0.03949537394778491,2.3805258400708977,-6.651097925591139,-6.651097925591139,3.268080475405701e-11,45217449.0,-7.036821472611493,1.966759461528047e-12,-0.11007332539105949,-0.07427518229229679,GCST90200123,cancerType_celltype,LUAD_Epi_LUAD,tissue,Tumor,Adjacent,group2_higher,4.678984966363414e-11,2.9201450392840175e-12
29319,3332,-0.11866431164752435,-0.2142749811372217,-0.1389210522174835,-0.25226739048957825,0.8054573988995394,0.7608548727625246,0.09561066948969736,0.11334633827209475,,0.047014111198186666,-0.852571876218687,6.831647923150518,6.831647923150518,9.592101446880964e-12,52468867.0,7.027914901589062,2.096441408999457e-12,0.11936105897856877,0.0741811714965328,GCST90200303,cancerType_celltype,LUAD_Epi_LUAD,tissue,Tumor,Adjacent,group1_higher,1.3930238912273613e-11,3.1093031996368446e-12
29319,3332,-0.009287908969664763,-0.08643278943252451,-0.0661928355693817,-0.1332401484251022,0.6530215330548713,0.6714569519951279,0.07714488046285975,0.0670473128557205,,0.05898114553418281,-3.218014353593051,6.30189573170055,6.30189573170055,3.252119418382344e-10,52464152.5,7.018770731492101,2.2383026365882197e-12,0.11779172058340427,0.07408465279082055,GCST90200801,cancerType_celltype,LUAD_Epi_LUAD,tissue,Tumor,Adjacent,group1_higher,4.5509638267506515e-10,3.316094014858417e-12
29319,3332,-0.0376564298862514,-0.16558830820825923,-0.0990152359008789,-0.2207173407077789,0.9572601940911921,0.8997614587545997,0.12793187832200784,0.1217021048069,,0.05492656081093191,-2.1366030790136312,7.725507531982119,7.725507531982119,1.3816745564257408e-14,52443146.0,6.978026854274618,2.9935651527587065e-12,0.13444534101676012,0.07365459229839488,GCST90200412,cancerType_celltype,LUAD_Epi_LUAD,tissue,Tumor,Adjacent,group1_higher,2.1136054101103082e-14,4.430216398708053e-12
29319,3332,-0.36563510038379615,-0.2592219739000015,-0.4088907241821289,-0.302556574344635,0.8881826554980883,0.8642038215811756,-0.10641312648379464,-0.1063341498374939,,-0.051929622321120944,-0.49621493496898716,-6.716061124263507,-6.716061124263507,2.1185212356772968e-11,45299877.0,-6.876945419424019,6.1149941173893805e-12,-0.12013684326372746,-0.07258765575195592,GCST90200277,cancerType_celltype,LUAD_Epi_LUAD,tissue,Tumor,Adjacent,group2_higher,3.052372562609044e-11,9.039844882865212e-12
29319,3332,-0.2008546177435398,-0.09637006795534342,-0.2352647185325622,-0.14317789673805234,0.874814177742899,0.8261139280058454,-0.10448454978819638,-0.09208682179450986,,-0.042956189561237736,-1.059486814966652,-6.875714035436623,-6.875714035436623,7.071806186045797e-12,45301479.5,-6.873837235612293,6.2497939120636295e-12,-0.12010126349717781,-0.07255484819528957,GCST90200917,cancerType_celltype,LUAD_Epi_LUAD,tissue,Tumor,Adjacent,group2_higher,1.0308953830567294e-11,9.229110619872944e-12
29319,3332,0.43944322071395714,0.5931063363808449,0.4164381027221679,0.5422216057777405,1.2303854439195434,1.0725646622635654,-0.15366311566688773,-0.12578350305557257,,-0.05233196403643045,0.4326131635318653,-7.713196584572642,-7.713196584572642,1.508359754129741e-14,45310788.0,-6.855782615324338,7.0923639413825375e-12,-0.12644848215400228,-0.07236427774834486,GCST90200754,cancerType_celltype,LUAD_Epi_LUAD,tissue,Tumor,Adjacent,group2_higher,2.302233308934868e-14,1.046200438539437e-11
29319,3332,0.30620421109091506,0.1609257550455547,0.2516171336174011,0.12357847765088076,1.0897389451770114,0.8634517723739195,0.14527845604536035,0.12803865596652036,,0.06299638979295595,0.9280946324862736,8.93690517621219,8.93690517621219,5.674371249953012e-19,52371839.5,6.839721887678163,7.934760731122698e-12,0.13592048190053305,0.07219475327222868,GCST90200584,cancerType_celltype,LUAD_Epi_LUAD,tissue,Tumor,Adjacent,group1_higher,9.374749107498128e-19,1.1691977163805663e-11
29319,3332,-0.3275774312112702,-0.46201769325485365,-0.4290522038936615,-0.5312229096889496,1.0778011760609638,0.9367483955152387,0.13444026204358345,0.10217070579528809,,0.05450655007628591,-0.49611085564537505,7.723698972722028,7.723698972722028,1.3901774503517583e-14,52369171.5,6.8345470768140855,8.22650751936431e-12,0.12632192773514875,0.0721401320171986,GCST90200665,cancerType_celltype,LUAD_Epi_LUAD,tissue,Tumor,Adjacent,group1_higher,2.1242285480150747e-14,1.2108779426450923e-11
29319,3332,0.055374895080976226,-0.029622993753743422,0.0104447463527321,-0.0772382020950317,0.7050947517854188,0.5954480278236354,0.08499788883471965,0.0876829484477638,,0.0488985791565478,0.902491962760046,7.652595076819368,7.652595076819368,2.3981645799988135e-14,52359171.5,6.815151233995205,9.416528796736345e-12,0.12235170749645055,0.07193540467450665,GCST90200583,cancerType_celltype,LUAD_Epi_LUAD,tissue,Tumor,Adjacent,group1_higher,3.648100806404445e-14,1.3845446332202415e-11
29319,3332,-0.12902563443041448,-0.03169922795732658,-0.1955618113279342,-0.10873171314597124,0.8128237109447904,0.7765212079438459,-0.0973264064730879,-0.08683009818196297,,-0.04773829758958306,-2.0251037859356735,-6.8225403948108925,-6.8225403948108925,1.0220164573737231e-11,45339796.0,-6.799519154475327,1.0496961524705608e-11,-0.12027565430787265,-0.07177040467266416,GCST90200756,cancerType_celltype,LUAD_Epi_LUAD,tissue,Tumor,Adjacent,group2_higher,1.4819238631918987e-11,1.5417412239411362e-11
29319,3332,0.021333818610861848,-0.03940640696869703,-0.0066910926252603,-0.05848595499992365,0.5956603312857233,0.5753327332052621,0.06074022557955888,0.05179486237466335,,0.04441233622992197,-0.885256977625865,5.7537159475004325,5.7537159475004325,9.35411498940478e-09,52346227.5,6.790045255050445,1.1209912922409033e-11,0.10232202268714127,0.07167040560212623,GCST90199928,cancerType_celltype,LUAD_Epi_LUAD,tissue,Tumor,Adjacent,group1_higher,1.2711524158084461e-08,1.6446836720391293e-11
29319,3332,-0.0694962673241223,0.0329826070133384,-0.1524458080530166,-0.04547282494604585,0.9187872587423344,0.8638577625985155,-0.1024788743374607,-0.10697298310697076,,-0.05149057112870558,-1.0752070739840573,-6.445884754846109,-6.445884754846109,1.2779111146508686e-10,45355005.0,-6.770020017132091,1.2876544225590789e-11,-0.11220301090635511,-0.07145903485716398,GCST90200131,cancerType_celltype,LUAD_Epi_LUAD,tissue,Tumor,Adjacent,group2_higher,1.8087153159596404e-10,1.887175245105403e-11
29319,3332,-0.3081811700967161,-0.4227016277167955,-0.345840722322464,-0.4600350856781006,0.9288948256086864,0.8320782511935856,0.1145204576200794,0.1141943633556366,,0.04867188293030446,-0.4558596838282684,7.435469278112001,7.435469278112001,1.2489909759364896e-13,52332953.0,6.764298243500521,1.3395778363778197e-11,0.1245485797847626,0.07139864029106979,GCST90199924,cancerType_celltype,LUAD_Epi_LUAD,tissue,Tumor,Adjacent,group1_higher,1.8748620046271314e-13,1.9611649742029735e-11
29319,3332,0.09792326942332898,0.036515538259046645,0.0875732153654098,0.028412418439984252,0.5741625504238556,0.6125359189310848,0.06140773116428233,0.05916079692542554,,0.04815737394067309,1.4231164544270685,5.517935319397058,5.517935319397058,3.645851569303244e-08,52332535.0,6.763487497270692,1.34709906034859e-11,0.10620605659728084,0.07139008268814528,GCST90200755,cancerType_celltype,LUAD_Epi_LUAD,tissue,Tumor,Adjacent,group1_higher,4.876639537743201e-08,1.9700601064969187e-11
29319,3332,0.12652892667864174,0.27390844261425096,0.0472939610481262,0.22982282936573026,1.269937688556814,1.2397139151681082,-0.14737951593560922,-0.18252886831760406,,-0.04732332734147884,1.114220352170729,-6.486397582958105,-6.486397582958105,9.818323927716322e-11,45370143.0,-6.740658590272869,1.5767135281270374e-11,-0.11633199991687745,-0.07114911860579698,GCST90199922,cancerType_celltype,LUAD_Epi_LUAD,tissue,Tumor,Adjacent,group2_higher,1.3939974493205567e-10,2.3033875014331745e-11
29319,3332,0.21878348006324352,0.09401122501005303,0.1473070830106735,0.0077903098426759,1.153481950667395,1.0699723538352106,0.12477225505319049,0.1395167731679976,,0.04379512267248389,1.2185901242044581,6.326444187995011,6.326444187995011,2.7671628645363504e-10,52313549.5,6.7266635198869045,1.7359869871925675e-11,0.10894848006053084,0.07100139759167767,GCST90200587,cancerType_celltype,LUAD_Epi_LUAD,tissue,Tumor,Adjacent,group1_higher,3.888291736456748e-10,2.533351459896648e-11
29319,3332,-0.14582665221691907,-0.094057130452222,-0.2073632329702377,-0.12638817727565765,0.595712431538594,0.563603953991551,-0.05176952176469707,-0.08097505569458005,,-0.04361347991610055,-0.632639751328941,-4.994563834322102,-4.994563834322102,6.135070898120111e-07,45394691.0,-6.693045675321079,2.1857432759721206e-11,-0.08737231851359034,-0.07064655392495689,GCST90200864,cancerType_celltype,LUAD_Epi_LUAD,tissue,Tumor,Adjacent,group2_higher,7.948765811917977e-07,3.186276026898396e-11
29319,3332,-0.1102174104432099,-0.17737008099448612,-0.1465381234884262,-0.2189966961741447,0.6112969262456133,0.5838673401656329,0.06715267055127622,0.07245857268571848,,0.05860582447689254,-0.6864055823033394,6.260475701920989,6.260475701920989,4.2220186469740093e-10,52294383.0,6.689488477748096,2.2395350054858498e-11,0.11034772974269197,0.07060900693030714,GCST90200082,cancerType_celltype,LUAD_Epi_LUAD,tissue,Tumor,Adjacent,group1_higher,5.890083332472441e-10,3.2612032184585613e-11
29319,3332,-0.03761939692918594,0.05233301493946438,-0.0801489949226379,-0.00193832069635385,0.6942980376378871,0.7086605108071274,-0.08995241186865033,-0.07821067422628405,,-0.049794129758135984,0.4762338726061421,-6.957358054367586,-6.957358054367586,4.019623331934285e-12,45405630.5,-6.671827593069364,2.5263893303024363e-11,-0.12928340423168017,-0.07042259244841909,GCST90200936,cancerType_celltype,LUAD_Epi_LUAD,tissue,Tumor,Adjacent,group2_higher,5.8847976384816655e-12,3.674993230738763e-11
29319,3332,-0.4434515927062117,-0.5693538875964397,-0.4952397346496582,-0.6109649240970612,0.9921985953500911,1.0021670999728933,0.12590229489022797,0.11572518944740295,,0.0508102927948856,-0.36054830528426685,6.878780121717419,6.878780121717419,6.949931052363024e-12,52272610.5,6.647258878970687,2.986035468871273e-11,0.12676171258755045,0.07016326432343112,GCST90200427,cancerType_celltype,LUAD_Epi_LUAD,tissue,Tumor,Adjacent,group1_higher,1.0142137071060816e-11,4.338983309244717e-11
29319,3332,0.20691567694757249,0.30932761935668057,0.158426746726036,0.23765107244253153,0.8672096206001844,0.8347879016082921,-0.10241194240910809,-0.07922432571649554,,-0.04603322466875149,0.5800903916569549,-6.683525783823698,-6.683525783823698,2.6390657718331573e-11,45419372.0,-6.645174795659798,3.0285943649757186e-11,-0.1185381655201198,-0.07014126637045892,GCST90199820,cancerType_celltype,LUAD_Epi_LUAD,tissue,Tumor,Adjacent,group2_higher,3.786364891587993e-11,4.396138572376895e-11
29319,3332,-0.12125856779752608,0.021381625767896387,-0.1984263062477111,-0.06817873567342755,1.2332650119086146,1.122396409834492,-0.14264019356542246,-0.13024757057428354,,-0.039900811527121945,-2.5035876546492384,-6.879048852706398,-6.879048852706398,6.894245503354631e-12,45425751.5,-6.632801217733493,3.2937742484714055e-11,-0.11668726613155872,-0.07001066056218863,GCST90200038,cancerType_celltype,LUAD_Epi_LUAD,tissue,Tumor,Adjacent,group2_higher,1.0071657686036829e-11,4.775972660283538e-11
29319,3332,0.050705201237514784,0.2009077861221944,-0.0995404124259948,0.07717578858137131,1.5297168841801032,1.3424788727217805,-0.1502025848846796,-0.17671620100736612,,-0.042514907956763326,1.9863065562303763,-6.028858665673797,-6.028858665673797,1.7872275404549339e-09,45429631.0,-6.625276600511908,3.4660082319198874e-11,-0.099361577522058,-0.06993123658959133,GCST90199686,cancerType_celltype,LUAD_Epi_LUAD,tissue,Tumor,Adjacent,group2_higher,2.4730874493807865e-09,5.0203711159477225e-11
29319,3332,0.11914313714093487,0.19081821572008473,0.0780698433518409,0.15205910056829447,0.6778096487305176,0.6604782172278238,-0.07167507857914986,-0.07398925721645357,,-0.04517272955283352,0.6794984987877943,-5.919887643593465,-5.919887643593465,3.48076616177491e-09,45430296.0,-6.623986776964452,3.496403501378317e-11,-0.10601853523228863,-0.06991762222130227,GCST90200489,cancerType_celltype,LUAD_Epi_LUAD,tissue,Tumor,Adjacent,group2_higher,4.772921809355335e-09,5.059021202100474e-11
29319,3332,0.11629465145266485,0.19127637514388535,0.0908863916993141,0.1807703748345375,0.7871114605709091,0.6735488025964707,-0.0749817236912205,-0.0898839831352234,,-0.044845634522420554,0.7178690852061614,-5.978749551588955,-5.978749551588955,2.4252541458527804e-09,45434438.0,-6.615953018868872,3.691680284137915e-11,-0.09659025152669169,-0.06983282415595937,GCST90200265,cancerType_celltype,LUAD_Epi_LUAD,tissue,Tumor,Adjacent,group2_higher,3.339011515956909e-09,5.335906921823943e-11
29319,3332,-0.13535427852564913,-0.08455328023434859,-0.1980917602777481,-0.118423581123352,0.5759694889430075,0.560856340587504,-0.05080099829130054,-0.07966817915439611,,-0.04325357983709854,-0.6788014577679035,-4.940745230325867,-4.940745230325867,8.087558325994275e-07,45434790.0,-6.615270285201648,3.708759165782418e-11,-0.08843479945294123,-0.0698256177534966,GCST90200525,cancerType_celltype,LUAD_Epi_LUAD,tissue,Tumor,Adjacent,group2_higher,1.043877083175208e-06,5.35491392262864e-11
29319,3332,0.986833388689726,1.1530641169970977,0.9677638411521912,1.1502919793128967,1.4990157014556742,1.3598094749068068,-0.16623072830737162,-0.18252813816070557,,-0.042443253477988774,0.22459409263523686,-6.614460284345384,-6.614460284345384,4.1852962044807405e-11,45437487.5,-6.610038256601254,3.842232357124158e-11,-0.11190891416178138,-0.06977039255280537,GCST90200736,cancerType_celltype,LUAD_Epi_LUAD,tissue,Tumor,Adjacent,group2_higher,5.979621306821016e-11,5.5417594738203464e-11
29319,3332,-0.11910755417265986,0.01534002342391066,-0.2025839537382125,-0.05368699505925175,1.1699942825226493,1.1723392502386067,-0.13444757759657053,-0.14889695867896074,,-0.046056579773932294,-2.956810393183842,-6.274326070377681,-6.274326070377681,3.8734919324493175e-10,45452235.0,-6.5814342374041095,4.6593462684478146e-11,-0.11488950690954175,-0.06946847090417052,GCST90199875,cancerType_celltype,LUAD_Epi_LUAD,tissue,Tumor,Adjacent,group2_higher,5.409394983533217e-10,6.713201864581787e-11
29319,3332,0.04720956302334117,-0.059478068165288056,0.019598763436079,-0.10852830857038495,0.9453100602129941,0.8762495305902651,0.10668763118862923,0.12812707200646395,,0.037239934973578116,-0.3332723571175827,6.60487348673374,6.60487348673374,4.467552540722531e-11,52237629.5,6.579410281205959,4.723208863662313e-11,0.11367924468135315,0.06944710760596062,GCST90200346,cancerType_celltype,LUAD_Epi_LUAD,tissue,Tumor,Adjacent,group1_higher,6.376203259690899e-11,6.798029230381976e-11
29319,3332,-0.09304482176315512,-0.1820518687971667,-0.1270454078912735,-0.22613333910703654,0.7538041587972517,0.7744880323370655,0.08900704703401158,0.09908793121576304,,0.05209089217963422,-0.9683442026035549,6.303176543131222,6.303176543131222,3.225508681899564e-10,52227719.0,6.5601880311803065,5.374032078810465e-11,0.11774347983977097,0.06924421257298574,GCST90200411,cancerType_celltype,LUAD_Epi_LUAD,tissue,Tumor,Adjacent,group1_higher,4.518364165908639e-10,7.726588315842472e-11
29319,3332,-0.2547983096459359,-0.330612833926842,-0.2873562574386596,-0.37059159576892853,0.6613855245440436,0.5979064412318281,0.07581452428090607,0.08323533833026892,,0.04965329880012041,-0.37578572405261257,6.858017520406192,6.858017520406192,7.973013200196632e-12,52219780.0,6.544789671566397,5.957956289068728e-11,0.11571364246577916,0.06908167953562261,GCST90200549,cancerType_celltype,LUAD_Epi_LUAD,tissue,Tumor,Adjacent,group1_higher,1.1597883662612603e-11,8.557106872498078e-11
29319,3332,-0.09564271117957622,-0.17146964175502952,-0.1356988996267318,-0.24273356795310974,0.7233485511144426,0.7231043821310488,0.0758269305754533,0.10703466832637795,,0.048780920126928855,-0.8422195714728158,5.73569891011446,5.73569891011446,1.0406487802471848e-08,52214906.5,6.5353371075686155,6.346683554957468e-11,0.10483126224410388,0.06898190566516171,GCST90200862,cancerType_celltype,LUAD_Epi_LUAD,tissue,Tumor,Adjacent,group1_higher,1.4127532743793953e-08,9.105820721481083e-11
29319,3332,0.11625732641144888,0.03499373101132377,0.0633342266082763,-0.0233527263626456,0.6697536608121335,0.6132021534519401,0.08126359540012512,0.0866869529709219,,0.05620340296423156,1.7321244217630645,7.178554500937239,7.178554500937239,8.264115490191756e-13,52209343.0,6.524546230416331,6.820815188835057e-11,0.12234723108884513,0.06886800560805506,GCST90200133,cancerType_celltype,LUAD_Epi_LUAD,tissue,Tumor,Adjacent,group1_higher,1.2256789350523791e-12,9.775784545091674e-11
29319,3332,0.3564670218077471,0.47809809387297386,0.2901179194450378,0.40117424726486206,1.0696138298778781,0.9825000096257593,-0.12163107206522678,-0.11105632781982427,,-0.0488953856906021,0.4235370108471999,-6.7084980418591815,-6.7084980418591815,2.22299704884718e-11,45482285.5,-6.523148759941231,6.884696388630536e-11,-0.11463233741104448,-0.0688532550030142,GCST90199974,cancerType_celltype,LUAD_Epi_LUAD,tissue,Tumor,Adjacent,group2_higher,3.199519511698739e-11,9.856976026999392e-11
29319,3332,-0.14346539903490185,-0.2546195754157223,-0.2168624103069305,-0.31109447777271265,0.9103644587667371,0.8121876911301282,0.11115417638082042,0.09423206746578217,,0.054477370030389,-0.8276361195796433,7.389927410299196,7.389927410299196,1.7527919606681779e-13,52207137.5,6.5202684772826265,7.018211162077295e-11,0.12338971269533104,0.06882285299262447,GCST90200001,cancerType_celltype,LUAD_Epi_LUAD,tissue,Tumor,Adjacent,group1_higher,2.62533565097882e-13,1.0037588472100056e-10
29319,3332,-0.7399738129985612,-0.6354251263551387,-0.7867000102996826,-0.6712639331817627,1.0113060843902293,0.8797291528346427,-0.10454868664342254,-0.11543607711791992,,-0.04466882262967016,-0.21975175611636497,-6.396442042826596,-6.396442042826596,1.756269047247384e-10,45500497.0,-6.487826020791625,8.708431507933126e-11,-0.10468724870591985,-0.06848041580287079,GCST90200036,cancerType_celltype,LUAD_Epi_LUAD,tissue,Tumor,Adjacent,group2_higher,2.478048355484663e-10,1.244192048774932e-10
29319,3332,-0.33090990648385976,-0.4126294576352873,-0.4164454936981201,-0.47626185417175293,0.6207827059230131,0.5573848077420036,0.08171955115142754,0.05981636047363281,,0.07443622150248831,-0.3184074731229726,7.922939616974326,7.922939616974326,2.927231987671219e-15,52178701.5,6.465114458642856,1.0122281177801583e-10,0.13296072796448513,0.06824069032094582,GCST90200504,cancerType_celltype,LUAD_Epi_LUAD,tissue,Tumor,Adjacent,group1_higher,4.5184792742875104e-15,1.4446774078893779e-10
29319,3332,-0.11201170896333038,-0.0005065975442072008,-0.1645539999008178,-0.060145245864987304,0.8578067800135588,0.8778142866733203,-0.11150511141912317,-0.10440875403583048,,-0.05288848597744789,-7.785761625093388,-6.964210602771739,-6.964210602771739,3.8315083962264234e-12,45514912.5,-6.459865943576067,1.0479644551773723e-10,-0.12967680471967086,-0.06818529110201332,GCST90201006,cancerType_celltype,LUAD_Epi_LUAD,tissue,Tumor,Adjacent,group2_higher,5.62147033805879e-12,1.494116686617948e-10
29319,3332,0.25546609565704753,0.5092590018081208,0.1180568635463714,0.2404481247067451,1.5474358839134104,1.7015485392228982,-0.25379290615107325,-0.12239126116037369,,-0.06926836612091423,0.9952649268496633,-8.23152859639082,-8.23152859639082,2.4785377116142185e-16,45518855.5,-6.452218162752582,1.1022545066783771e-10,-0.16228672375197367,-0.06810456711078983,GCST90200849,cancerType_celltype,LUAD_Epi_LUAD,tissue,Tumor,Adjacent,group2_higher,3.8652710536958584e-16,1.5698776307237492e-10
29319,3332,-0.4656691756565029,-0.37104243985438745,-0.5470945239067078,-0.4161880314350128,1.0202896859420618,0.9265172601490911,-0.09462673580211545,-0.13090649247169495,,-0.03713773154402332,-0.32772038613616605,-5.526842078041773,-5.526842078041773,3.453240097195531e-08,45521691.0,-6.446718471521288,1.1429854530479901e-10,-0.0935859622613985,-0.06804651667276962,GCST90200526,cancerType_celltype,LUAD_Epi_LUAD,tissue,Tumor,Adjacent,group2_higher,4.623542487698928e-08,1.6261891153490715e-10
29319,3332,-0.22813927821118835,-0.30528089268316505,-0.2948231697082519,-0.3532257974147796,0.6543335929813707,0.6224100355963749,0.0771416144719767,0.05840262770652771,,0.04853519867852782,-0.42022084365634144,6.743291782554755,6.743291782554755,1.758311800936386e-11,52166925.0,6.4422729443472,1.1769811922385156e-10,0.11847011507077705,0.0679995931658246,GCST90200308,cancerType_celltype,LUAD_Epi_LUAD,tissue,Tumor,Adjacent,group1_higher,2.538748924445227e-11,1.6728105996048978e-10
29319,3332,0.18802391467893392,0.07779027901738429,0.1199949085712432,-0.0338614471256732,0.9977063244530475,1.000930031324704,0.11023363566154963,0.1538563556969164,,0.053978915556817365,1.2732435097193795,6.02603705323618,6.02603705323618,1.827328859107557e-09,52163851.0,6.436310662264677,1.2241314558961622e-10,0.11045059390379788,0.06793665998068121,GCST90200859,cancerType_celltype,LUAD_Epi_LUAD,tissue,Tumor,Adjacent,group1_higher,2.5234541387675785e-09,1.7380116399859052e-10
29319,3332,0.15226898270287853,0.07112258329116962,0.1524963527917862,0.0988028049468994,0.6154592649842268,0.6683035237051622,0.08114639941170891,0.053693547844886794,,0.061850626439873595,1.0982316525792928,6.693704966635099,6.693704966635099,2.4781354611451592e-11,52163031.5,6.434721172945669,1.237009840467772e-10,0.1306586046593492,0.06791988257494741,GCST90200738,cancerType_celltype,LUAD_Epi_LUAD,tissue,Tumor,Adjacent,group1_higher,3.5629732421317005e-11,1.7544686915271312e-10
29319,3332,-0.36646085762113445,-0.44437207114211036,-0.4197021722793579,-0.49816368520259857,0.6765379298075769,0.621148002320893,0.07791121352097591,0.07846151292324066,,0.04979958549959704,-0.2781083461208364,6.796638031432656,6.796638031432656,1.2183944790333963e-11,52157221.0,6.423451218475758,1.332196983742716e-10,0.11609543895729155,0.06780092575247632,GCST90199970,cancerType_celltype,LUAD_Epi_LUAD,tissue,Tumor,Adjacent,group1_higher,1.7610516170970512e-11,1.8875098636604178e-10
29319,3332,0.03873489823673479,-0.04528554366405616,-0.0161963924765586,-0.1041624285280704,0.7814680757102062,0.7467159982646494,0.08402044190079094,0.08796603605151179,,0.0451615651993684,-0.2254112406285197,6.125025688048551,6.125025688048551,9.89685115854809e-10,52154630.5,6.418426725393528,1.3769072904305984e-10,0.1079963118965329,0.06774789113435209,GCST90200594,cancerType_celltype,LUAD_Epi_LUAD,tissue,Tumor,Adjacent,group1_higher,1.375067087574011e-09,1.9488313986053017e-10
29319,3332,1.3472167904466679,1.5174025736629437,1.2379660606384275,1.4809090495109558,1.7919117596393777,1.6374499521097654,-0.17018578321627587,-0.2429429888725283,,-0.038889836143994896,0.17162174565717697,-5.62859195656412,-5.62859195656412,1.9327506107181555e-08,45539848.0,-6.411501439715046,1.4409431509501524e-10,-0.09578390429918618,-0.06767479323664394,GCST90199687,cancerType_celltype,LUAD_Epi_LUAD,tissue,Tumor,Adjacent,group2_higher,2.6082565172364812e-08,2.0373501190301432e-10
29319,3332,-0.41744534868063216,-0.5063967476165767,-0.4660438299179077,-0.5732459425926208,0.8823809882820269,0.8208055493278398,0.08895139893594456,0.10720211267471313,,0.043930733695403526,-0.27868019740100897,5.881240952570331,5.881240952570331,4.384400314544783e-09,52143347.0,6.3965414261488425,1.58936736558913e-10,0.10150827702005127,0.06751688703722558,GCST90199695,cancerType_celltype,LUAD_Epi_LUAD,tissue,Tumor,Adjacent,group1_higher,5.999937378237489e-09,2.244878465593766e-10
29319,3332,-0.24235471504885486,-0.12914524689694926,-0.3045898377895355,-0.19835980236530298,1.0321242751711937,0.9499495130312898,-0.1132094681519056,-0.10623003542423254,,-0.04031290064392601,-0.9081203853632632,-6.459483774141103,-6.459483774141103,1.1680146806628252e-10,45560650.0,-6.371154207483209,1.8761207164993527e-10,-0.11055152872841267,-0.06724891941837619,GCST90200601,cancerType_celltype,LUAD_Epi_LUAD,tissue,Tumor,Adjacent,group2_higher,1.6548898230181193e-10,2.647155834977865e-10
29319,3332,-0.020645091733281825,-0.095510785442435,-0.0672241300344467,-0.15906835347414014,0.6959396957269439,0.6826021948173375,0.07486569370915318,0.09184422343969344,,0.04203665808630117,-2.20981005394197,5.987166484110696,5.987166484110696,2.315580296920849e-09,52125967.0,6.362831451329628,1.980692576288434e-10,0.1077839027065997,0.06716107091562717,GCST90200814,cancerType_celltype,LUAD_Epi_LUAD,tissue,Tumor,Adjacent,group1_higher,3.1944695796590256e-09,2.791813838139747e-10
29319,3332,0.08802173691687513,0.017491710332775464,0.06702721118927,0.0124386274255812,0.5814472998983878,0.6416510342419595,0.07053002658409967,0.0545885837636888,,0.06298842391232418,2.3311223918142403,6.06811533957024,6.06811533957024,1.415015526374343e-09,52116499.0,6.344467467348711,2.2319754992261796e-10,0.11997513110253959,0.0669672350675663,GCST90200362,cancerType_celltype,LUAD_Epi_LUAD,tissue,Tumor,Adjacent,group1_higher,1.9640184953647958e-09,3.142750625460003e-10
29319,3332,0.08013529648658783,-0.046491891035291555,0.0175814647227525,-0.1074905581772327,1.0938587201516847,0.9932537538001807,0.1266271875218794,0.1250720228999852,,0.046556434864955386,0.7854456981432995,6.898897572030252,6.898897572030252,6.004786610106053e-12,52111912.0,6.33557059424769,2.3646600107367033e-10,0.11681234264006136,0.06687332663547352,GCST90200999,cancerType_celltype,LUAD_Epi_LUAD,tissue,Tumor,Adjacent,group1_higher,8.781678272075698e-12,3.326141996526447e-10
29319,3332,0.1252692489447436,0.03863394148713448,0.0963706746697425,-0.0013408635859377001,0.7736829222009488,0.7222408881619984,0.08663530745760911,0.0977115382556802,,0.051497225298742254,1.6970657044136095,6.512488313155873,6.512488313155873,8.251694960923206e-11,52097862.5,6.308320404879303,2.8208156439293413e-10,0.11271945729521776,0.06658569495535849,GCST90200747,cancerType_celltype,LUAD_Epi_LUAD,tissue,Tumor,Adjacent,group1_higher,1.1727904308381992e-10,3.963682188325456e-10
29319,3332,0.11396937894697463,0.15360642405459551,0.032366793602705,0.1317643821239471,0.7403342118418778,0.6173671301675063,-0.03963704510762088,-0.09939758852124209,,-0.02700455884146053,0.4305890303987473,-3.435901052289636,-3.435901052289636,0.0005959358182889003,45597958.5,-6.298791227302386,2.9997757111720535e-10,-0.054391228672077074,-0.06648511241189403,GCST90199661,cancerType_celltype,LUAD_Epi_LUAD,tissue,Tumor,Adjacent,group2_higher,0.0007125092283576939,4.2108077181539744e-10
29319,3332,-0.008662006363402338,0.06930801491056636,-0.0591205358505249,0.04143484681844705,0.867194858235401,0.8255099196700236,-0.0779700212739687,-0.10055538266897196,,-0.04247346222181314,3.000103331428007,-5.139274006520688,-5.139274006520688,2.883004460738783e-07,45603658.5,-6.287735596895624,3.2213194263651936e-10,-0.09034406844043172,-0.06636841782655967,GCST90200229,cancerType_celltype,LUAD_Epi_LUAD,tissue,Tumor,Adjacent,group2_higher,3.7711469097763546e-07,4.517138249110863e-10
29319,3332,-0.2558128945214773,-0.34568487362990447,-0.3147302865982055,-0.421285405755043,0.8488429601951843,0.8196473577008166,0.08987197910842715,0.10655511915683746,,0.045809533539820105,-0.4343670231476839,5.975513771240115,5.975513771240115,2.4845047055141854e-09,52085790.0,6.2849047736362085,3.280567624729789e-10,0.10624289957580914,0.06633853787089383,GCST90200169,cancerType_celltype,LUAD_Epi_LUAD,tissue,Tumor,Adjacent,group1_higher,3.4136894290482205e-09,4.595491955299797e-10
29319,3332,0.10611174466204945,-0.03348067552413434,0.0211978685110807,-0.09873888269066805,1.2029637435986518,1.1486019655332607,0.13959242018618379,0.11993675120174875,,0.04052418923910186,1.664154309799396,6.615070061439034,6.615070061439034,4.17957070358213e-11,52085377.5,6.28410469511993,3.2975049775840985e-10,0.11656689651274428,0.06633009286800773,GCST90200174,cancerType_celltype,LUAD_Epi_LUAD,tissue,Tumor,Adjacent,group1_higher,5.977707102814736e-11,4.6144756513830863e-10
29319,3332,0.09757197350303194,-0.03618803539155283,0.019279770553112,-0.09309535101056095,1.0824336536431831,0.9982255966251644,0.13376000889458478,0.11237512156367295,,0.05017522732219406,1.4309289409877943,7.264648280892186,7.264648280892186,4.4231904684645877e-13,52084787.0,6.282959370601475,3.321899738420749e-10,0.12452697997265376,0.06631800371842167,GCST90200995,cancerType_celltype,LUAD_Epi_LUAD,tissue,Tumor,Adjacent,group1_higher,6.581668786590866e-13,4.6438454804794677e-10
29319,3332,0.10104806807982461,0.0189368890674827,0.0836198031902313,-0.0051331268623471,0.7384290292255058,0.7280495314284401,0.08211117901234191,0.0887529300525784,,0.0447377935497996,2.415708583293123,6.16005764219803,6.16005764219803,7.962570805779232e-10,52081515.0,6.276613050831137,3.460299707911647e-10,0.11135580026850293,0.06625101693189306,GCST90200000,cancerType_celltype,LUAD_Epi_LUAD,tissue,Tumor,Adjacent,group1_higher,1.1085785503858114e-09,4.832365268323335e-10
29319,3332,0.023021465416752613,0.1359675932662447,0.0010239258408546,0.07031926512718195,0.8969832710880988,0.8010306379468849,-0.11294612784949208,-0.06929533928632735,,-0.05217754800761879,2.562159207376947,-7.614579052528116,-7.614579052528116,3.226810388689021e-14,45633172.0,-6.230491676192119,4.649764144252739e-10,-0.127239014728432,-0.06576419578370585,GCST90200605,cancerType_celltype,LUAD_Epi_LUAD,tissue,Tumor,Adjacent,group2_higher,4.8977088639010425e-14,6.486825515472348e-10
29319,3332,0.13435982717868636,0.23072777949758183,0.0968472585082054,0.18839512020349494,0.8826327531083545,0.8303698916851587,-0.09636795231889547,-0.09154786169528954,,-0.04468177244313803,0.7800853844380827,-6.306400621421553,-6.306400621421553,3.148326193319483e-10,45656425.0,-6.185390522885375,6.194929619182809e-10,-0.10982812928048222,-0.06528814329374444,GCST90200506,cancerType_celltype,LUAD_Epi_LUAD,tissue,Tumor,Adjacent,group2_higher,4.414782511825571e-10,8.633628906897923e-10
29319,3332,0.6322249159316555,0.7796439828199088,0.6036050915718079,0.7132839262485504,1.2909429455315196,1.1671956840822817,-0.14741906688825324,-0.10967883467674255,,-0.04015235055097523,0.3023771567264913,-6.831191851763717,-6.831191851763717,9.596841040810655e-12,45657855.0,-6.182616917362275,6.304797066230042e-10,-0.11527324264669025,-0.06525886728373942,GCST90200635,cancerType_celltype,LUAD_Epi_LUAD,tissue,Tumor,Adjacent,group2_higher,1.3930238912273613e-11,8.777771604976044e-10
29319,3332,-0.10309960124348165,-0.18069560378702512,-0.1427185982465744,-0.19172276556491852,0.6378713647002585,0.6204554041637587,0.07759600254354347,0.049004167318344116,,0.054350416835790186,-0.8095166448627508,6.821027027889771,6.821027027889771,1.0337831677462188e-11,52031142.0,6.178910371799587,6.454592049383395e-10,0.1219839772313302,0.06521974388855112,GCST90200542,cancerType_celltype,LUAD_Epi_LUAD,tissue,Tumor,Adjacent,group1_higher,1.4973926223571693e-11,8.977152003377111e-10
29319,3332,-0.27644010431003607,-0.1384309088917806,-0.3002365827560425,-0.2012782841920852,1.2108521451139787,1.060504557149952,-0.13800919541825546,-0.09895829856395727,,-0.046086597049625325,-0.997795621451142,-7.0104829079196005,-7.0104829079196005,2.7383401550220444e-12,45662554.5,-6.173501841029542,6.679418187844872e-10,-0.11535576772044949,-0.06516265566904134,GCST90200353,cancerType_celltype,LUAD_Epi_LUAD,tissue,Tumor,Adjacent,group2_higher,4.034981223021672e-12,9.280374097892518e-10
29319,3332,-0.034612733597690036,-0.14635413106896572,-0.0903581753373146,-0.20361480116844177,0.9580646553728173,0.9336106140334562,0.11174139747127568,0.11325662583112717,,0.05187626012197017,-2.0800568553411622,6.529114181140166,6.529114181140166,7.409445975540413e-11,52003845.5,6.125966509449028,9.013531430651956e-10,0.11693342773216807,0.06466090989757212,GCST90200860,cancerType_celltype,LUAD_Epi_LUAD,tissue,Tumor,Adjacent,group1_higher,1.0552847298496952e-10,1.251063476576234e-09
29319,3332,0.21153890847737014,0.1396823957242668,0.1900558471679687,0.0969178788363933,0.7102811658202485,0.6709417278568771,0.07185651275310334,0.0931379683315754,,0.046948265488581636,0.5987693268530894,5.82239601714386,5.82239601714386,6.231419590979796e-09,51982167.5,6.083920201386257,1.1727970157226208e-09,0.10172674634967054,0.06421710196408448,GCST90200717,cancerType_celltype,LUAD_Epi_LUAD,tissue,Tumor,Adjacent,group1_higher,8.501926829334796e-09,1.6261671743946412e-09
29319,3332,-0.4899130503607809,-0.6307574255859486,-0.6061672568321228,-0.7117644846439362,1.2283499467894252,1.0923714023344901,0.14084437522516768,0.10559722781181335,,0.04435245678097376,-0.3645589050500373,6.959298342849989,6.959298342849989,3.931248544351507e-12,51974550.0,6.069145418118975,1.285934471789304e-09,0.11590469691882395,0.0640611509107889,GCST90199631,cancerType_celltype,LUAD_Epi_LUAD,tissue,Tumor,Adjacent,group1_higher,5.7616040494097896e-12,1.7812283384642491e-09
29319,3332,-0.20029430651765773,-0.1096098886000105,-0.3014975488185882,-0.19735211879014963,1.0289882194004096,0.9166224101896489,-0.09068441791764723,-0.10414543002843857,,-0.03364849056111438,-0.8697374943190181,-5.341094811583846,-5.341094811583846,9.711076575154509e-08,45736951.5,-6.029202589209912,1.647716242586045e-09,-0.0890728758634332,-0.06363954565761631,GCST90199931,cancerType_celltype,LUAD_Epi_LUAD,tissue,Tumor,Adjacent,group2_higher,1.2825772647224416e-07,2.2800378057307404e-09
29319,3332,0.27803899034416074,0.09175841509065047,0.1350811421871185,0.0198820577934384,1.5465119145316666,1.4501674285488624,0.18628057525351027,0.1151990843936801,,0.0546294927329829,1.5993642997245152,6.977616980907127,6.977616980907127,3.4685965754484676e-12,51946217.5,6.0141921464523795,1.807870566829217e-09,0.12120073790325739,0.06348110716710709,GCST90200811,cancerType_celltype,LUAD_Epi_LUAD,tissue,Tumor,Adjacent,group1_higher,5.094501220189937e-12,2.4991151953227412e-09
29319,3332,0.6491324470411552,0.7438499641478051,0.5838605761528015,0.7615771889686584,1.341469680959914,1.252449948201104,-0.09471751710664988,-0.17771661281585693,,-0.027305694550332455,0.19649850210181102,-4.105924953393778,-4.105924953393778,4.102700246498415e-05,45745049.5,-6.013495835695181,1.815656837622109e-09,-0.07107403553970304,-0.06347375745550443,GCST90200842,cancerType_celltype,LUAD_Epi_LUAD,tissue,Tumor,Adjacent,group2_higher,5.088244254756451e-05,2.507335632906722e-09
29319,3332,-0.05814417457301556,-0.11735862597248509,-0.1087735369801521,-0.1757174879312515,0.662438356441919,0.6132683967360847,0.05921445139946953,0.0669439509510994,,0.05054483996711307,-1.013204804696721,5.237104268671394,5.237104268671394,1.7097740679718352e-07,51945071.0,6.011968413073195,1.8328513741148214e-09,0.09004764192537333,0.06345763517726755,GCST90200520,cancerType_celltype,LUAD_Epi_LUAD,tissue,Tumor,Adjacent,group1_higher,2.2451079524524194e-07,2.5285186466786455e-09
29319,3332,-0.33382160198081934,-0.4026510391927031,-0.3852480947971344,-0.4594607353210449,0.6725168361207352,0.6469385924873527,0.06882943721188378,0.07421264052391052,,0.04134498964931171,-0.2704520018748546,5.795759999858365,5.795759999858365,7.300763568846814e-09,51924668.0,5.972395074969832,2.3379690206556102e-09,0.1027378693957267,0.0630399299799731,GCST90200085,cancerType_celltype,LUAD_Epi_LUAD,tissue,Tumor,Adjacent,group1_higher,9.940999744593614e-09,3.222094818153283e-09
29319,3332,0.04291432979133704,0.11195588755888784,0.0052101542241871,0.08267442509531969,0.7145963663919368,0.65913358463909,-0.0690415577675508,-0.0774642708711326,,-0.04095645345463161,1.3833782949352553,-5.678899599295194,-5.678899599295194,1.4456406334686379e-08,45784749.5,-5.936494339704224,2.9118268540983326e-09,-0.09736003487882362,-0.06266098990501756,GCST90199773,cancerType_celltype,LUAD_Epi_LUAD,tissue,Tumor,Adjacent,group2_higher,1.9567112049828736e-08,4.008909093066694e-09
29319,3332,0.025892925915753828,-0.044206391410291555,0.0012642015935853,-0.049232030287384945,0.5670961442532627,0.6060517906034735,0.07009931732604538,0.050496231880970244,,0.05475119132199387,-0.7716738897704076,6.3673353352453725,6.3673353352453725,2.1394302758814864e-10,51903510.0,5.931357350733643,3.0044229510957227e-09,0.12272455055866519,0.06260676786830555,GCST90200847,cancerType_celltype,LUAD_Epi_LUAD,tissue,Tumor,Adjacent,group1_higher,3.012441597134779e-10,4.132218448378879e-09
29319,3332,-0.11379671687275052,0.011591330136724616,-0.1524001508951187,-0.04958050139248365,1.1485252376828963,1.0139416389903084,-0.12538804700947515,-0.10281964950263506,,-0.04227369071480315,-3.2952291210356397,-6.6686490744106335,-6.6686490744106335,2.9038234142308756e-11,45796685.5,-5.913343461715607,3.352340942498298e-09,-0.11042294250577527,-0.06241662734878051,GCST90200059,cancerType_celltype,LUAD_Epi_LUAD,tissue,Tumor,Adjacent,group2_higher,4.161841549523326e-11,4.60608941998506e-09
29319,3332,-0.2479654375131139,-0.33297340069955433,-0.301705002784729,-0.3873545229434967,0.7699815830056959,0.71961377246517,0.08500796318644044,0.0856495201587677,,0.04317953658990126,-0.42526640245856734,6.414338631934173,6.414338631934173,1.56906021805845e-10,51892165.0,5.909352767055622,3.434565153188678e-09,0.11112228247672729,0.06237450469802175,GCST90199641,cancerType_celltype,LUAD_Epi_LUAD,tissue,Tumor,Adjacent,group1_higher,2.2184948933751735e-10,4.7143124912348125e-09
29319,3332,-0.1302307526065068,-0.20798321653238513,-0.2023947238922119,-0.26901930570602417,0.698092043875337,0.6601039716226393,0.07775246392587834,0.06662458181381228,,0.05153733396166889,-0.6753928057825336,6.404311793873387,6.404311793873387,1.6755585093541826e-10,51871256.5,5.868798969097765,4.389658522987143e-09,0.11198497949531379,0.0619464505335543,GCST90200241,cancerType_celltype,LUAD_Epi_LUAD,tissue,Tumor,Adjacent,group1_higher,2.366617873833939e-10,6.019219886148366e-09
29319,3332,0.4302935067803668,0.5560443677709509,0.3722103238105774,0.4598260223865509,0.9233908825660262,0.9835049914183718,-0.12575086099058408,-0.08761569857597351,,-0.05712889784452941,0.3698781746248584,-7.036478231236247,-7.036478231236247,2.306755926864681e-12,45823711.0,-5.86092522670544,4.602979123590091e-09,-0.13525931083254095,-0.06186334146878847,GCST90200421,cancerType_celltype,LUAD_Epi_LUAD,tissue,Tumor,Adjacent,group2_higher,3.4064012224448104e-12,6.3053874828676315e-09
29319,3332,0.3458894310178668,0.5465595941678053,0.2046748250722885,0.32768137753009796,1.3853641872696358,1.5476437812567223,-0.20067016314993852,-0.12300655245780945,,-0.06578025546917801,0.6600663460061131,-7.165382653302781,-7.165382653302781,9.206449528761567e-13,45831503.5,-5.845811016188827,5.041090405714853e-09,-0.1430516776906663,-0.06170380768699579,GCST90199943,cancerType_celltype,LUAD_Epi_LUAD,tissue,Tumor,Adjacent,group2_higher,1.3639555117067407e-12,6.89860062549131e-09
29319,3332,-0.032775282889805704,0.06979803168897557,-0.0768468305468559,0.024937817826867097,0.9965420092337304,0.9173168638738683,-0.10257331457878127,-0.101784648373723,,-0.039140030257631124,1.0905547725070153,-6.060900172724491,-6.060900172724491,1.4702934490631565e-09,45834512.0,-5.839975776876766,5.220871653679689e-09,-0.103740401288236,-0.06164221546594695,GCST90200598,cancerType_celltype,LUAD_Epi_LUAD,tissue,Tumor,Adjacent,group2_higher,2.038667315435486e-09,7.13746044530132e-09
29319,3332,-0.10812714671162085,-0.23808205028761295,-0.1816311180591583,-0.2812094986438751,1.1306609601012314,1.004192050678119,0.1299549035759921,0.09957838058471682,,0.046658638279691855,-1.1387227970676888,6.983951883219386,6.983951883219386,3.305301448323481e-12,51840035.0,5.808242238440795,6.3132496343374875e-09,0.11619577681394945,0.06130726106056872,GCST90200879,cancerType_celltype,LUAD_Epi_LUAD,tissue,Tumor,Adjacent,group1_higher,4.859898461774439e-12,8.622203658919835e-09
29319,3332,0.001169398585550742,-0.07168522848453086,-0.034914530813694,-0.1481304690241813,0.7794912183362289,0.6749863930070773,0.07285462707008161,0.11321593821048731,,0.0375065978079604,-5.936624155756712,5.805920588828567,5.805920588828567,6.851183317714281e-09,51828459.5,5.7857905805857985,7.217249891066117e-09,0.0946803897265633,0.06107027892503569,GCST90200925,cancerType_celltype,LUAD_Epi_LUAD,tissue,Tumor,Adjacent,group1_higher,9.338162862044566e-09,9.846958560083202e-09
29319,3332,-0.09422087656485013,-0.16374214530425651,-0.1492286920547485,-0.20552937686443323,0.645257397098568,0.5996068997521726,0.06952126873940638,0.056300684809684726,,0.052178342032204776,-0.7973005423463488,6.291514380263491,6.291514380263491,3.460692776811102e-10,51767188.5,5.666950312050232,1.4536229531773788e-08,0.10850001581331344,0.05981589402362797,GCST90200743,cancerType_celltype,LUAD_Epi_LUAD,tissue,Tumor,Adjacent,group1_higher,4.837871030557469e-10,1.9812880851807674e-08
29319,3332,0.40324711333638075,0.5053858994843108,0.3286438584327698,0.4736924916505813,1.1500747189297302,1.1021604018762283,-0.10213878614793004,-0.14504863321781153,,-0.03794148406706263,0.3257204840720267,-5.046206416834738,-5.046206416834738,4.6973082851056726e-07,45929224.5,-5.656272900578438,1.546963055217484e-08,-0.08918251843769111,-0.05970319162147619,GCST90199766,cancerType_celltype,LUAD_Epi_LUAD,tissue,Tumor,Adjacent,group2_higher,6.120871121031579e-07,2.1064042400214094e-08
29319,3332,0.3005635418422624,0.20206806025473786,0.2552973330020904,0.12527516484260556,1.025570490711059,0.9215660125754125,0.09849548158752455,0.13002216815948484,,0.039164110895261305,0.572826381080255,5.776276930760444,5.776276930760444,8.17306839070763e-09,51752646.0,5.638743907630874,1.712960272604353e-08,0.09699711303848939,0.05951816928551845,GCST90199870,cancerType_celltype,LUAD_Epi_LUAD,tissue,Tumor,Adjacent,group1_higher,1.1117656902729041e-08,2.3301046422751827e-08
29319,3332,-0.010945442196792013,0.083233724963904,-0.0544864982366561,0.0210460945963859,0.9195776286248968,0.8438601920325652,-0.094179167160696,-0.075532592833042,,-0.03991632320632814,2.9267234940460276,-6.047102956079593,-6.047102956079593,1.6004946778999467e-09,45939171.0,-5.636980825518638,1.7305834739194903e-08,-0.10325071806006178,-0.059499559570067695,GCST90200513,cancerType_celltype,LUAD_Epi_LUAD,tissue,Tumor,Adjacent,group2_higher,2.2169453719284832e-09,2.351730084698171e-08
29319,3332,-0.1519761582722545,-0.085320905166989,-0.1835075765848159,-0.14291920512914655,0.6041535830693708,0.5706085115345362,-0.0666552531052655,-0.04058837145566935,,-0.04600866116754858,-0.8328664217380478,-6.350520989413076,-6.350520989413076,2.3722816635100624e-10,45951511.5,-5.613045385687998,1.9879754508272252e-08,-0.11094103094136633,-0.05924691579281871,GCST90200597,cancerType_celltype,LUAD_Epi_LUAD,tissue,Tumor,Adjacent,group2_higher,3.336862649498674e-10,2.6988152783640517e-08
29319,3332,0.2826125434951754,0.3999294246209715,0.1463662832975387,0.2927641719579696,1.3472124408943922,1.2917975356181186,-0.11731688112579608,-0.1463978886604309,,-0.038177592922208896,0.5009184334233606,-4.945515338607983,-4.945515338607983,7.891131443717219e-07,45978614.5,-5.560476832895984,2.6904006078134163e-08,-0.08744135293472768,-0.05869204327592081,GCST90199782,cancerType_celltype,LUAD_Epi_LUAD,tissue,Tumor,Adjacent,group2_higher,1.019489304055599e-06,3.648772167611628e-08
29319,3332,0.4867775551145209,0.4004437568603907,0.4946996569633484,0.3672740906476974,1.0707645550963543,0.7910170405507967,0.08633379825413023,0.127425566315651,,0.03460139279607288,0.28166238179987657,5.731525286986026,5.731525286986026,1.0556407049514467e-08,51697632.5,5.532040587739222,3.1652838547267134e-08,0.08256413432908886,0.05839189251880028,GCST90200477,cancerType_celltype,LUAD_Epi_LUAD,tissue,Tumor,Adjacent,group1_higher,1.4316798814416137e-08,4.288550590449811e-08
29319,3332,-0.033969776975358176,-0.11618566034989182,-0.0621624030172824,-0.17755036801099774,0.9046029045839481,0.817785716935101,0.08221588337453364,0.11538796499371534,,0.033223817569393466,-1.7740783183614095,5.437458813191485,5.437458813191485,5.7034139260461686e-08,51681706.0,5.501149798673731,3.773245288432009e-08,0.09174540683982417,0.058065833516461884,GCST90200642,cancerType_celltype,LUAD_Epi_LUAD,tissue,Tumor,Adjacent,group1_higher,7.584149445074076e-08,5.107183046805192e-08
29319,3332,-0.1861338347008285,-0.1115872615496852,-0.2341922372579574,-0.1589567884802818,0.8557489948094104,0.7777666556231229,-0.07454657315114331,-0.0752354487776756,,-0.03438983527187127,-0.7381628058441903,-5.187286167265341,-5.187286167265341,2.231978823802913e-07,46017152.0,-5.48573010363272,4.1176743337965795e-08,-0.0878961117605758,-0.05790307527902183,GCST90199848,cancerType_celltype,LUAD_Epi_LUAD,tissue,Tumor,Adjacent,group2_higher,2.922369968149251e-07,5.567847338258669e-08
29319,3332,0.3997457001830069,0.5098811086233374,0.3560847640037536,0.4995531886816025,0.9212714335738297,1.0203834144013693,-0.11013540844033043,-0.14346842467784887,,-0.048998756223736416,0.3510775911400114,-5.960425746669336,-5.960425746669336,2.73450163838035e-09,46021667.0,-5.4769728805999955,4.32665866414505e-08,-0.11818799451553977,-0.057810640883796505,GCST90200416,cancerType_celltype,LUAD_Epi_LUAD,tissue,Tumor,Adjacent,group2_higher,3.753399529821165e-09,5.844634052754909e-08
29319,3332,0.25242237449173993,0.1610359905410188,0.2478981167078018,0.10756036639213555,1.02618710532876,0.9277463863252549,0.09138638395072113,0.14033775031566625,,0.044467219647075056,0.6484533940242359,5.327636439360509,5.327636439360509,1.0457301351595903e-07,51668659.0,5.475844042547937,4.354334515825103e-08,0.08989586632239317,0.05779872575245171,GCST90200073,cancerType_celltype,LUAD_Epi_LUAD,tissue,Tumor,Adjacent,group1_higher,1.378462450892187e-07,5.876195985217441e-08
29319,3332,-0.21465774681304103,-0.09944770447652247,-0.2819149494171142,-0.21661935001611704,0.8772126008086417,0.9491895565000219,-0.11521004233651856,-0.06529559940099716,,-0.05817922012411463,-1.1100204780080505,-6.689194655545768,-6.689194655545768,2.5544440274810758e-11,46027761.0,-5.46515305398617,4.62510091758468e-08,-0.13020669396178833,-0.05768588004116004,GCST90200516,cancerType_celltype,LUAD_Epi_LUAD,tissue,Tumor,Adjacent,group2_higher,3.668816869817393e-11,6.235422898781325e-08
29319,3332,0.7903231903335204,0.5940557486852415,0.6324683427810669,0.4853971153497696,1.6941570865819724,1.3876748307575444,0.19626744164827892,0.1470712274312973,,0.04820770282535478,0.41184381253207997,7.549763695248469,7.549763695248469,5.2392754938040644e-14,51657674.0,5.4545377092113965,4.910068301075901e-08,0.11784480206781416,0.05757383276650474,GCST90200564,cancerType_celltype,LUAD_Epi_LUAD,tissue,Tumor,Adjacent,group1_higher,7.925785236464972e-14,6.613066298781079e-08
29319,3332,-0.043303766978617514,0.03654099105015852,-0.1112992540001869,-0.016682295128703048,0.9620389817758342,0.9123533070992242,-0.07984475802877603,-0.09461695887148386,,-0.03227574252871845,-0.24497060151987646,-4.759890247445598,-4.759890247445598,2.0018653102117743e-06,46037873.5,-5.445539007935576,5.1649023968252e-08,-0.08342467918748016,-0.057478849515862795,GCST90200382,cancerType_celltype,LUAD_Epi_LUAD,tissue,Tumor,Adjacent,group2_higher,2.5596082718749046e-06,6.949419513201132e-08
29319,3332,-0.04167454659068442,-0.11461389479245158,-0.0809691026806831,-0.1582599952816963,0.7905990567315939,0.8026061366156804,0.07293934820176717,0.0772908926010132,,0.03404874558328647,-1.459521515941987,4.978486034009069,4.978486034009069,6.671693057987015e-07,51650575.5,5.440769570186413,5.305118653507577e-08,0.09211462791650156,0.05742850706229485,GCST90200302,cancerType_celltype,LUAD_Epi_LUAD,tissue,Tumor,Adjacent,group1_higher,8.627625842539186e-07,7.131042134843025e-08
29319,3332,0.24290068620333502,0.33098668404736564,0.1871035248041153,0.3034101575613022,0.8592597984050196,0.9032827081011757,-0.08808599784403062,-0.11630663275718689,,-0.03935917236263437,0.44640503070293974,-5.360183279416124,-5.360183279416124,8.77724123121618e-08,46067873.0,-5.387352449271074,7.15035185793196e-08,-0.10196861834266249,-0.05686467772415427,GCST90200893,cancerType_celltype,LUAD_Epi_LUAD,tissue,Tumor,Adjacent,group2_higher,1.16149318428618e-07,9.601901066365774e-08
29319,3332,0.20728940322632805,0.12208717888024738,0.189094066619873,0.09708854928612705,0.8698270159277474,0.8173131328003004,0.08520222434608067,0.09200551733374594,,0.04566963085256428,0.7637298076402317,5.66398271541587,5.66398271541587,1.577001483889246e-08,51604936.0,5.352247913353181,8.686873841411119e-08,0.09854349307474168,0.05649414170661604,GCST90200127,cancerType_celltype,LUAD_Epi_LUAD,tissue,Tumor,Adjacent,group1_higher,2.1323938715684944e-08,1.1653749060869443e-07
29319,3332,0.02584053098819828,0.10736141394341148,-0.0126474061980843,0.056992191821336705,0.7658149186888757,0.7953162829520704,-0.0815208829552132,-0.069639598019421,,-0.04191972286979862,2.054725564145406,-5.627653353629962,-5.627653353629962,1.949855176022736e-08,46105267.0,-5.314823634634149,1.0676124669922789e-07,-0.10602595929405122,-0.05609912029889208,GCST90199642,cancerType_celltype,LUAD_Epi_LUAD,tissue,Tumor,Adjacent,group2_higher,2.6287365033817896e-08,1.4308316543859154e-07
29319,3332,-0.09979032439617401,-0.17844859420120357,-0.1450117826461792,-0.22276320308446879,0.7701146806669819,0.7308829675972376,0.07865826980502956,0.07775142043828959,,0.04979152307819864,-0.8385303187754721,5.8539126134325405,5.8539126134325405,5.16627440398819e-09,51580704.5,5.305248876826608,1.1251997091686569e-07,0.10265968204821635,0.05599805664617219,GCST90199942,cancerType_celltype,LUAD_Epi_LUAD,tissue,Tumor,Adjacent,group1_higher,7.0557434996351726e-09,1.5065296695450682e-07
29319,3332,-0.024040833340439507,-0.0925749603675755,-0.0451560020446777,-0.1011418737471103,0.7268000961871448,0.6785893518831135,0.06853412702713599,0.0559858717024326,,0.04785440856635833,-1.9450906959714884,5.48330461462351,5.48330461462351,4.416888528154214e-08,51580566.0,5.304980244403567,1.1268579843089217e-07,0.09491881548943223,0.055995221172475906,GCST90200311,cancerType_celltype,LUAD_Epi_LUAD,tissue,Tumor,Adjacent,group1_higher,5.8848671201116265e-08,1.5072693156163497e-07
29319,3332,-0.14049618305787778,-0.07087795049353757,-0.180973395705223,-0.08735706284642214,0.6918476852649031,0.7667461843661952,-0.06961823256434022,-0.09361633285880086,,-0.04660529808089656,-0.9871120578309259,-5.014268220080274,-5.014268220080274,5.555965123330449e-07,46143894.5,-5.239902342785516,1.606624404590003e-07,-0.09947501797011087,-0.055308309755908946,GCST90200907,cancerType_celltype,LUAD_Epi_LUAD,tissue,Tumor,Adjacent,group2_higher,7.219047152620974e-07,2.1468912386825236e-07
29319,3332,-0.055492426853093725,-0.13109137500295506,-0.1399664133787155,-0.2130169346928596,0.7817036892077215,0.740351369971735,0.07559894814986134,0.0730505213141441,,0.04029529088521906,-1.2401949727887067,5.5529901735636304,5.5529901735636304,2.980811897008219e-08,51521136.5,5.189711720323097,2.1062099861562475e-07,0.09722268485812886,0.05477853681122502,GCST90200523,cancerType_celltype,LUAD_Epi_LUAD,tissue,Tumor,Adjacent,group1_higher,4.00338379295282e-08,2.811718130392718e-07
29319,3332,-0.19773527970607946,-0.1541822591182926,-0.2414972931146621,-0.17768160253763193,0.659151384239243,0.5889665233179371,-0.043553020587786845,-0.06381569057703015,,-0.027855870984488725,-0.3589314650550263,-3.993754394767428,-3.993754394767428,6.61123977473347e-05,46179058.5,-5.171698801097203,2.319764976419643e-07,-0.06676462319937004,-0.05458840652806707,GCST90200351,cancerType_celltype,LUAD_Epi_LUAD,tissue,Tumor,Adjacent,group2_higher,8.14748626850065e-05,3.093776578140874e-07
29319,3332,0.10438619413334682,0.17983853887472906,0.0302617233246564,0.1183778755366802,0.9412565351502254,0.8619623545477725,-0.07545234474138224,-0.08811615221202379,,-0.03352195759210747,0.7847655036400079,-4.741765034325939,-4.741765034325939,2.1874446550989355e-06,46179375.5,-5.171083952879844,2.3274117629040232e-07,-0.08082951381479533,-0.05458191667130374,GCST90200545,cancerType_celltype,LUAD_Epi_LUAD,tissue,Tumor,Adjacent,group2_higher,2.7942709136830824e-06,3.100940599059808e-07
29319,3332,-0.0376658030940035,-0.118980143536929,-0.0975676923990249,-0.154887318611145,0.776934613218085,0.6865349828932168,0.0813143404429255,0.0573196262121201,,0.047891123632647234,-1.659367452019929,6.387791833303225,6.387791833303225,1.8589978788787697e-10,51506754.0,5.161815649388842,2.445673448430255e-07,0.10585060794454323,0.05448408771059832,GCST90199855,cancerType_celltype,LUAD_Epi_LUAD,tissue,Tumor,Adjacent,group1_higher,2.620283463197273e-10,3.2553251076273806e-07
29319,3332,-0.3966661902222845,-0.47657741491144356,-0.4802474677562713,-0.5459839105606079,0.7910322979496212,0.7244298676337306,0.07991122468915907,0.0657364428043366,,0.04300396332194356,-0.26478453887566045,5.975436468133782,5.975436468133782,2.4810439726433587e-09,51503213.5,5.1549485512388165,2.537018882137178e-07,0.10186310291888764,0.05441160399491829,GCST90199703,cancerType_celltype,LUAD_Epi_LUAD,tissue,Tumor,Adjacent,group1_higher,3.412374303443893e-09,3.3736163281492425e-07
29319,3332,-0.15312711296124143,-0.08150414842523515,-0.1977038532495498,-0.14421237260103226,0.7617749896226932,0.7294755191164513,-0.07162296453600628,-0.05349148064851755,,-0.047388854498688245,-0.9097760752807538,-5.345936663052914,-5.345936663052914,9.472682059774242e-08,46195462.5,-5.13988186053711,2.7491267958834294e-07,-0.09442180230590178,-0.05425257179511522,GCST90200149,cancerType_celltype,LUAD_Epi_LUAD,tissue,Tumor,Adjacent,group2_higher,1.2523051064473608e-07,3.6521050904377336e-07
29319,3332,0.02649129639144131,-0.0505817854635355,-0.0159822776913642,-0.07943129912018775,0.8073779632839932,0.753541206297999,0.07707308185497681,0.06344902142882354,,0.051877871458343994,-0.9330735806155058,5.552896300310057,5.552896300310057,2.981243250071249e-08,51494960.5,5.138941162160394,2.76292311951065e-07,0.09609500727823782,0.0542426425189948,GCST90200115,cancerType_celltype,LUAD_Epi_LUAD,tissue,Tumor,Adjacent,group1_higher,4.00338379295282e-08,3.666859018396316e-07
29319,3332,-0.04908732515089308,-0.2003129364778995,-0.1460040211677551,-0.25105610489845276,1.4531856462185677,1.3633076707896188,0.1512256113270064,0.10505208373069766,,0.044892664250002545,-2.0288109483158823,6.025775652203402,6.025775652203402,1.8259786401385437e-09,51476491.5,5.103118980058203,3.3410251377039496e-07,0.10470714585994254,0.053864531589777,GCST90200350,cancerType_celltype,LUAD_Epi_LUAD,tissue,Tumor,Adjacent,group1_higher,2.5234541387675785e-09,4.429783329465451e-07
29319,3332,-0.1363541901838006,-0.20836371746852794,-0.1668755114078521,-0.2699885964393616,0.9136591947762664,0.849643930459,0.07200952728472734,0.10311308503150948,,0.03248100005507479,-0.6117413902015941,4.599326228252812,4.599326228252812,4.36173338984782e-06,51471498.5,5.093434635738736,3.5163611659203086e-07,0.0793637730168878,0.053762311227570914,GCST90199891,cancerType_celltype,LUAD_Epi_LUAD,tissue,Tumor,Adjacent,group1_higher,5.545748703696435e-06,4.65772620908589e-07
29319,3332,0.5692112947859073,0.6421455360083191,0.547490119934082,0.6847058534622192,0.8613151277619775,0.9499615571557694,-0.07293424122241188,-0.1372157335281372,,-0.03919966944579702,0.17393572990314668,-4.238217389811677,-4.238217389811677,2.3041054577956966e-05,46225905.5,-5.08083509624359,3.7578114236465934e-07,-0.08375806799689672,-0.05362932034575829,GCST90200250,cancerType_celltype,LUAD_Epi_LUAD,tissue,Tumor,Adjacent,group2_higher,2.883834471051914e-05,4.969718879551091e-07
29319,3332,-0.08197251824323336,-0.15676056121677923,-0.157637357711792,-0.19994343817234034,0.779795691389014,0.8147736614015282,0.07478804297354587,0.042306080460548345,,0.046458297328418684,-0.9353420224351329,5.042475745172312,5.042475745172312,4.796259767426391e-07,51464966.5,5.080765271209442,3.759193077635492e-07,0.09546160499958717,0.053628583327324675,GCST90199894,cancerType_celltype,LUAD_Epi_LUAD,tissue,Tumor,Adjacent,group1_higher,6.243841511940946e-07,4.969718879551091e-07
29319,3332,0.6638692747654132,0.5645789577801642,0.7119150161743164,0.6105259358882904,1.1542259927729497,0.9697381609739051,0.09929031698524904,0.101389080286026,,0.03386531213492508,0.23372344070825588,5.485151292275131,5.485151292275131,4.358763878460778e-08,51456477.5,5.064300140240494,4.0990549902729815e-07,0.08734378033758017,0.05345479028611333,GCST90200732,cancerType_celltype,LUAD_Epi_LUAD,tissue,Tumor,Adjacent,group1_higher,5.8131068163816445e-08,5.413771271067902e-07
29319,3332,-0.3509876578191268,-0.4307567155650593,-0.4256155788898468,-0.5190530121326447,0.8941735774142393,0.8165049914712182,0.07976905774593251,0.09343743324279785,,0.03691200882189447,-0.29545222701022855,5.290326221682043,5.290326221682043,1.2818342250904332e-07,51444191.5,5.040470407753216,4.6439128845895406e-07,0.08997580333621323,0.05320326227288219,GCST90200360,cancerType_celltype,LUAD_Epi_LUAD,tissue,Tumor,Adjacent,group1_higher,1.6880580181625707e-07,6.127447494380972e-07
29319,3332,-0.44556996047231073,-0.3295510683250735,-0.5803598165512085,-0.42854732275009155,1.5819116528076138,1.42474067986999,-0.11601889214723721,-0.15181249380111694,,-0.029359696959693787,-0.4351487847933553,-4.402235458141937,-4.402235458141937,1.0972902077561841e-05,46252590.0,-5.029078259473547,4.928457175234479e-07,-0.07405781854835185,-0.0530830156681521,GCST90200497,cancerType_celltype,LUAD_Epi_LUAD,tissue,Tumor,Adjacent,group2_higher,1.3822611397150453e-05,6.496602640081813e-07
29319,3332,-0.30892096482556575,-0.20570299875642853,-0.3362154066562652,-0.2479871362447738,1.2014016120939177,1.11924152872937,-0.10321796606913722,-0.0882282704114914,,-0.03279790682279606,-0.5866726132227094,-5.005684616279531,-5.005684616279531,5.791595087354789e-07,46258708.0,-5.017211882836955,5.242700322888443e-07,-0.08649948239923118,-0.052957763479893116,GCST90200810,cancerType_celltype,LUAD_Epi_LUAD,tissue,Tumor,Adjacent,group2_higher,7.518042003871026e-07,6.90415511120478e-07
29319,3332,-0.15569970324232063,-0.2397068817276251,-0.2182760238647461,-0.277964249253273,0.8248467715868925,0.778596907084639,0.08400717848530448,0.059688225388526917,,0.04919589316298044,-0.6225018858271709,5.865276753132078,5.865276753132078,4.826395498991525e-09,51430852.5,5.014598293017111,5.31446474207491e-07,0.10241685175011625,0.052930176470465495,GCST90200345,cancerType_celltype,LUAD_Epi_LUAD,tissue,Tumor,Adjacent,group1_higher,6.598171579865045e-09,6.99190679869508e-07
29319,3332,0.11394028893112355,0.02714773625208653,0.0435350686311721,-0.0837263874709606,1.098087396278053,1.1292886131458353,0.08679255267903702,0.1272614561021327,,0.0322330525949709,2.0693336829050692,4.215676708529237,4.215676708529237,2.544242473785707e-05,51430740.0,5.014380089785399,5.320498861201033e-07,0.07880838246840598,0.052927873287860194,GCST90199817,cancerType_celltype,LUAD_Epi_LUAD,tissue,Tumor,Adjacent,group1_higher,3.17564330748161e-05,6.993095417374164e-07
29319,3332,-0.007694641917753479,-0.08502504318588072,-0.0500794872641563,-0.0844113156199455,0.6896270118798009,0.6671641546868946,0.07733040126812725,0.0343318283557892,,0.05287797126129483,-3.46579122506325,6.318068811142711,6.318068811142711,2.925175418383063e-10,51424460.0,5.002199500495141,5.668017512509684e-07,0.11250204073857656,0.05279930451664949,GCST90199835,cancerType_celltype,LUAD_Epi_LUAD,tissue,Tumor,Adjacent,group1_higher,4.1060907263193763e-10,7.442685808815703e-07
29319,3332,-0.0933343461075026,0.03666311217388489,-0.1976517140865326,-0.06568518280982971,1.3023094714357526,1.4577813727682831,-0.12999745828138748,-0.13196653127670288,,-0.03995439240040561,-1.348054928592334,-4.928816280598354,-4.928816280598354,8.611654026873685e-07,46268842.0,-4.997556135724301,5.806173152853591e-07,-0.09855675529971035,-0.05275029279080912,GCST90199765,cancerType_celltype,LUAD_Epi_LUAD,tissue,Tumor,Adjacent,group2_higher,1.1094219696246534e-06,7.616760353550956e-07
29319,3332,-0.06347417375634071,-0.12150732169325407,-0.1157303601503372,-0.1976736560463905,0.765574394087033,0.7673889207701469,0.05803314793691336,0.0819432958960533,,0.030484362273142263,-0.9367907782991984,4.137558338198632,4.137558338198632,3.580268345264062e-05,51412989.5,4.9799514989897435,6.360052887605104e-07,0.07578506236729231,0.05256447201821479,GCST90200764,cancerType_celltype,LUAD_Epi_LUAD,tissue,Tumor,Adjacent,group1_higher,4.44840998595708e-05,8.335338544043997e-07
29319,3332,-0.3244837667756214,-0.39578998741856924,-0.3874505460262298,-0.45790864527225494,0.7692428625169008,0.7004333369383395,0.07130622064294784,0.07045809924602514,,0.04256065123515672,-0.28658800984065896,5.510856454622687,5.510856454622687,3.7799059935372014e-08,51409670.0,4.973513048966016,6.57506749025256e-07,0.09351548480150736,0.052496512776808224,GCST90200610,cancerType_celltype,LUAD_Epi_LUAD,tissue,Tumor,Adjacent,group1_higher,5.046044925750446e-08,8.608853976190432e-07
29319,3332,0.10564736587288259,0.16916271783650133,0.0528638362884521,0.12583471089601517,0.7483359243965064,0.7642813031110004,-0.06351535196361874,-0.07297087460756307,,-0.03971985107267662,0.6791497205973673,-4.555344587977228,-4.555344587977228,5.382320550658419e-06,46281776.5,-4.972468582830219,6.610601748589884e-07,-0.08468958918632934,-0.05248548820940435,GCST90200371,cancerType_celltype,LUAD_Epi_LUAD,tissue,Tumor,Adjacent,group2_higher,6.824281777253419e-06,8.647073112598859e-07
29319,3332,-0.560034659060381,-0.6350086399173828,-0.5872527360916138,-0.6653665602207184,0.8330915509572268,0.7719891245984244,0.0749739808570018,0.07811382412910461,,0.036628231503451944,-0.18125980264794214,5.268194926133418,5.268194926133418,1.4457230643445157e-07,51404717.0,4.963906288017824,6.90896344656601e-07,0.09065071563997137,0.0523951113239729,GCST90200817,cancerType_celltype,LUAD_Epi_LUAD,tissue,Tumor,Adjacent,group1_higher,1.902046850098045e-07,9.02868377533027e-07
29319,3332,-0.008120733916001065,0.09535093603565276,-0.0764826238155365,0.04601011797785755,1.356222315266348,1.1838235395925145,-0.10347166995165383,-0.12249274179339405,,-0.02780156135464035,3.553402563847802,-4.706491709279909,-4.706491709279909,2.5977947418366176e-06,46289135.0,-4.958196151891945,7.115106311542762e-07,-0.07723783372819348,-0.05233483959428442,GCST90200378,cancerType_celltype,LUAD_Epi_LUAD,tissue,Tumor,Adjacent,group2_higher,3.312249048758943e-06,9.289166573403049e-07
29319,3332,0.03343957427259591,0.11362037153072096,-0.0183903984725475,0.0643490999937057,0.9372714286803593,0.8820527775400918,-0.08018079725812505,-0.0827394984662532,,-0.03074977422331259,1.764562695016749,-4.939829680626463,-4.939829680626463,8.1208245045842e-07,46312043.0,-4.913764155162452,8.9344659104172e-07,-0.08605050168184807,-0.05186585019764578,GCST90200299,cancerType_celltype,LUAD_Epi_LUAD,tissue,Tumor,Adjacent,group2_higher,1.0471791674312455e-06,1.165327946019009e-06
29319,3332,0.3338967308010527,0.4473436357784019,0.2606010437011719,0.38184328377246857,1.2950047534611129,1.2831927932251481,-0.11344690497734922,-0.12124224007129669,,-0.03622647858200308,0.42198042801781577,-4.83136794504917,-4.83136794504917,1.4050414917361872e-06,46317807.5,-4.902583421569508,9.458489361846274e-07,-0.08768472955471433,-0.05174783512095105,GCST90200380,cancerType_celltype,LUAD_Epi_LUAD,tissue,Tumor,Adjacent,group2_higher,1.8049684761889003e-06,1.2324972275522442e-06
29319,3332,-0.039434302191184406,0.04637531814376521,-0.1097553670406341,-0.01108593121170995,0.9394699390118058,0.9147747333128593,-0.08580962033494961,-0.09866943582892415,,-0.03699318734241201,0.23390058968076738,-5.116717409362058,-5.116717409362058,3.2488363870778025e-07,46324542.0,-4.889521291223133,1.01081987956869e-06,-0.09158103550287358,-0.051609961492015244,GCST90200136,cancerType_celltype,LUAD_Epi_LUAD,tissue,Tumor,Adjacent,group2_higher,4.2415363942404647e-07,1.3159001870602909e-06
29319,3332,-0.13314829979476664,-0.070987468221347,-0.1955068558454513,-0.1155561506748199,1.0614298997156382,0.8784699434084924,-0.062160831573419645,-0.0799507051706314,,-0.022609918769749132,-0.9073882527167773,-3.782762115740868,-3.782762115740868,0.00015710567903406492,46335556.0,-4.868158709942417,1.1264340426801596e-06,-0.05952774351058112,-0.051384474796774326,GCST90200671,cancerType_celltype,LUAD_Epi_LUAD,tissue,Tumor,Adjacent,group2_higher,0.00019136286016392358,1.4650091604704746e-06
29319,3332,-0.22078778464499493,-0.3237698353847229,-0.2788704633712768,-0.3762715458869934,1.1154862674065227,1.0307467043908034,0.10298205073972799,0.09740108251571661,,0.03405040484256249,-0.5523061467288878,5.417860527527338,5.417860527527338,6.363878164615647e-08,51355244.0,4.8679492348399735,1.1276283887734123e-06,0.0930164627007447,0.051382263741473366,GCST90200473,cancerType_celltype,LUAD_Epi_LUAD,tissue,Tumor,Adjacent,group1_higher,8.445925938043941e-08,1.4651644365092097e-06
29319,3332,0.4537613111865872,0.5523251768585679,0.4169657528400421,0.5304460823535919,1.1083874028474667,1.0736136135908823,-0.09856386567198067,-0.1134803295135498,,-0.033669332722069276,0.28358371797608173,-5.004891877406475,-5.004891877406475,5.819313672792661e-07,46337454.5,-4.864476409183252,1.1476075597393791e-06,-0.0892069684825454,-0.05134560731076432,GCST90199713,cancerType_celltype,LUAD_Epi_LUAD,tissue,Tumor,Adjacent,group2_higher,7.546835904868122e-07,1.4897039084997845e-06
29319,3332,0.7392273277881213,0.6038677414590541,0.6338660717010498,0.510258674621582,1.3615288909909122,1.2224979490379542,0.1353595863290672,0.12360739707946777,,0.04538294553233486,0.29178504744224387,5.983524748950175,5.983524748950175,2.3601118102463853e-09,51334381.5,4.827484657759083,1.3826901030017804e-06,0.10041502369572301,0.050955151322782166,GCST90200367,cancerType_celltype,LUAD_Epi_LUAD,tissue,Tumor,Adjacent,group1_higher,3.2526111196823288e-09,1.7931556711621567e-06
29319,3332,0.0839233355092817,0.013709927483065838,0.023697031661868,-0.05863691680133335,0.9094656144411666,0.873123903007896,0.07021340802621587,0.08233394846320136,,0.031710147264774696,2.613763042789528,4.379737153902928,4.379737153902928,1.2172046162212754e-05,51329671.5,4.81834921579139,1.4475155981248914e-06,0.07751324425416012,0.05085872474437436,GCST90199640,cancerType_celltype,LUAD_Epi_LUAD,tissue,Tumor,Adjacent,group1_higher,1.529078241391335e-05,1.8754408367340559e-06
29319,3332,-0.059018152474934325,-0.014098700170089993,-0.1130525916814804,-0.02268395759165285,0.6829290677779012,0.6861710185135573,-0.04491945230484433,-0.09036863408982754,,-0.028808048504014295,-2.0655187195104348,-3.582530629208354,-3.582530629208354,0.00034421783648317983,46368720.0,-4.8038343368178795,1.5565638533444046e-06,-0.06574278809479565,-0.05070551703747084,GCST90200201,cancerType_celltype,LUAD_Epi_LUAD,tissue,Tumor,Adjacent,group2_higher,0.0004148266234540885,2.0148115214704878e-06
29319,3332,0.026624910369804407,-0.04701375498888217,-0.0441676005721092,-0.1113803125917911,0.8145989416232672,0.7802063436761827,0.07363866535868657,0.0672127120196819,,0.04150517429436437,-0.8202827459799586,5.139107098255513,5.139107098255513,2.8858909343207453e-07,51317061.5,4.79389105799678,1.635779183279244e-06,0.09078227609704541,0.05060056356523979,GCST90200221,cancerType_celltype,LUAD_Epi_LUAD,tissue,Tumor,Adjacent,group1_higher,3.771303301514071e-07,2.1153387351134816e-06
29319,3332,0.41211621902875945,0.30989596075011855,0.3438588976860046,0.23957015573978419,1.0979174675244898,0.9789946642452466,0.1022202582786409,0.1042887419462204,,0.04587234877494873,0.4112661373143285,5.63765674626328,5.63765674626328,1.8331242194607542e-08,51313960.0,4.7878754373465044,1.6855702374654005e-06,0.09409246504823886,0.05053706737990393,GCST90200882,cancerType_celltype,LUAD_Epi_LUAD,tissue,Tumor,Adjacent,group1_higher,2.47626195354312e-08,2.1776608849908442e-06
29319,3332,-0.32974959202625764,-0.4029795284312633,-0.4064849317073822,-0.45958641171455383,0.7723041919086634,0.7172280737830774,0.07322993640500564,0.05310148000717163,,0.05007990301790101,-0.28933488136638597,5.539935338635966,5.539935338635966,3.208380722863187e-08,51310890.5,4.781921883393249,1.7362799231069922e-06,0.09549244402799371,0.050474226322064775,GCST90199961,cancerType_celltype,LUAD_Epi_LUAD,tissue,Tumor,Adjacent,group1_higher,4.304156422502484e-08,2.241050696207226e-06
29319,3332,0.21198910612579192,0.14965062595506518,0.2094692438840866,0.13697082549333572,0.7416560243496698,0.7442311106554784,0.06233848017072674,0.07249841839075089,,0.043442365078920145,0.5023889800601813,4.583321847454043,4.583321847454043,4.712025294133779e-06,51308896.5,4.778054352335164,1.7700039513582907e-06,0.0840232789263488,0.05043340368993188,GCST90199794,cancerType_celltype,LUAD_Epi_LUAD,tissue,Tumor,Adjacent,group1_higher,5.979972510153017e-06,2.282417583444986e-06
29319,3332,-0.19530089280981547,-0.26367595801521776,-0.2416191548109054,-0.3022675663232803,0.7371706390629684,0.6571131992584343,0.06837506520540229,0.06064841151237488,,0.03863636048146655,-0.4330655721868697,5.6180063006904,5.6180063006904,2.0525339890199238e-08,51301861.5,4.764409376912081,1.8940852852889616e-06,0.09374082261041793,0.05028937800434807,GCST90200905,cancerType_celltype,LUAD_Epi_LUAD,tissue,Tumor,Adjacent,group1_higher,2.7644306591246604e-08,2.440111761671885e-06
29319,3332,-0.08832916410975536,-0.035067508344791797,-0.1620924025774002,-0.0837292671203613,0.7755038454995141,0.7343853702475008,-0.05326165576496356,-0.07836313545703891,,-0.03190488097106047,-1.3327301257012678,-3.943968369194038,-3.943968369194038,8.144464117434231e-05,46396672.5,-4.749618107178402,2.038021209677213e-06,-0.06904462480223952,-0.050133252932811345,GCST90199990,cancerType_celltype,LUAD_Epi_LUAD,tissue,Tumor,Adjacent,group2_higher,0.00010009832815205462,2.6230622368177914e-06
29319,3332,-0.01279372552773175,-0.07901324581120489,-0.0640450567007064,-0.09940112382173535,0.6824751191986814,0.6670587295811533,0.06621952028347314,0.035356067121028956,,0.04625192268742285,-2.626563587270581,5.417103746963633,5.417103746963633,6.399212739704775e-08,51285794.0,4.733245106462844,2.2095945075660794e-06,0.09725032271060102,0.049960432346477957,GCST90200551,cancerType_celltype,LUAD_Epi_LUAD,tissue,Tumor,Adjacent,group1_higher,8.484559303713625e-08,2.8412050130307226e-06
29319,3332,-0.352156177778702,-0.4410397016389699,-0.4096823632717132,-0.4928491413593292,0.9594881814347113,0.8970216175387999,0.08888352386026788,0.08316677808761602,,0.03534867708916869,-0.3246923131931223,5.380550183649795,5.380550183649795,7.82599710643758e-08,51284674.5,4.73107374185927,2.2333643441945833e-06,0.0932374736094196,0.04993751312046357,GCST90200194,cancerType_celltype,LUAD_Epi_LUAD,tissue,Tumor,Adjacent,group1_higher,1.0366213854299729e-07,2.8690627720426174e-06
29319,3332,0.4476700692787253,0.5619754417093427,0.3320697247982025,0.4313302189111709,1.3738533337861296,1.3005351214113736,-0.11430537243061734,-0.09926049411296839,,-0.033548802110653475,0.3280705661696643,-4.779357513771196,-4.779357513771196,1.8183650676008458e-06,46428283.0,-4.688306878235778,2.754760155047898e-06,-0.0836450171079381,-0.049486099566195096,GCST90200855,cancerType_celltype,LUAD_Epi_LUAD,tissue,Tumor,Adjacent,group2_higher,2.3271658095210823e-06,3.5355349259230557e-06
29319,3332,-0.0007495183326017847,-0.08474179370011402,-0.0595507957041263,-0.14135020971298215,0.8700974392015659,0.7945549835592391,0.08399227536751223,0.08179941400885585,,0.048981718277192034,-6.819059567929785,5.7243280059040735,5.7243280059040735,1.1092739736005434e-08,51252388.5,4.66845232373423,3.0347861306420383e-06,0.09736052573405801,0.04927653042184854,GCST90200384,cancerType_celltype,LUAD_Epi_LUAD,tissue,Tumor,Adjacent,group1_higher,1.502922888685428e-08,3.891263872121447e-06
29319,3332,-0.16538391080818024,-0.27945519064854357,-0.2320641875267028,-0.341990664601326,1.2446737182074266,1.1608799310425613,0.11407127984036333,0.10992647707462319,,0.03647990539557492,-0.7567945210133119,5.3343118833818055,5.3343118833818055,1.0089623156419541e-07,51250717.5,4.6652112783991955,3.083015550619138e-06,0.09226195121800303,0.04924232048288468,GCST90200435,cancerType_celltype,LUAD_Epi_LUAD,tissue,Tumor,Adjacent,group1_higher,1.3312832877250567e-07,3.949389281479215e-06
29319,3332,0.3620331425040122,0.4248267419202819,0.3063703179359436,0.40124067664146423,0.9455725312931719,0.8579924485625993,-0.06279359941626972,-0.09487035870552063,,-0.025971184025021306,0.23075221891142736,-3.960109944178136,-3.960109944178136,7.612574451472044e-05,46443908.5,-4.657999904039135,3.1929786503858943e-06,-0.06701470392349937,-0.04916620285687179,GCST90199888,cancerType_celltype,LUAD_Epi_LUAD,tissue,Tumor,Adjacent,group2_higher,9.36456586404007e-05,4.086413052090116e-06
29319,3332,-0.5593161106026877,-0.6117516499274434,-0.6247982978820801,-0.7527076005935669,0.993538730477119,1.0532249882866158,0.05243553932475564,0.12790930271148682,,0.02219403704649061,-0.12928197977945488,2.7386569825000087,2.7386569825000087,0.006196164660449162,51219208.0,4.604095947469042,4.142633851144684e-06,0.05244647807736258,0.048597234862429506,GCST90199798,cancerType_celltype,LUAD_Epi_LUAD,tissue,Tumor,Adjacent,group1_higher,0.007108899353697145,5.29681983030976e-06
29319,3332,-0.4097288733895591,-0.3246235868728756,-0.4785798490047455,-0.3565937578678131,1.172867867711178,1.0956088054271995,-0.08510528651668348,-0.12198609113693237,,-0.03271653043616096,-0.33590081060654986,-4.217627929477298,-4.217627929477298,2.5203049393246436e-05,46482828.0,-4.582512253580191,4.594249092381388e-06,-0.07303794144758241,-0.048369414275482026,GCST90199963,cancerType_celltype,LUAD_Epi_LUAD,tissue,Tumor,Adjacent,group2_higher,3.151537277338981e-05,5.863531856272598e-06
29319,3332,0.0027372871508487932,-0.03564820535936959,0.0014395096804946,-0.0506782960146665,0.6162402851097497,0.58799841996419,0.03838549251021839,0.0521178056951611,,0.029749991150724013,-3.702524270501966,3.5530462186002936,3.5530462186002936,0.0003849763150826028,51208075.0,4.582502555658781,4.594462232207729e-06,0.06257635429453667,0.04836931191181071,GCST90200742,cancerType_celltype,LUAD_Epi_LUAD,tissue,Tumor,Adjacent,group1_higher,0.00046271844572979507,5.863531856272598e-06
29319,3332,-0.07498644425776647,-0.1172206134203089,-0.1585937291383743,-0.2340237349271774,0.7229361163358357,0.7193387308504332,0.042234169162542426,0.0754300057888031,,0.02639921787349273,-0.6445176405442191,3.209868646783592,3.209868646783592,0.0013381165642644417,51207013.0,4.580442717151416,4.639948433332645e-06,0.05844994135799967,0.04834756986801669,GCST90200803,cancerType_celltype,LUAD_Epi_LUAD,tissue,Tumor,Adjacent,group1_higher,0.0015832056224760712,5.916042763921792e-06
29319,3332,-0.07260635495315715,-0.021983748098363957,-0.1238386482000351,-0.06916727870702735,0.6277921174128018,0.6358733170292294,-0.050622606854793195,-0.05467136949300774,,-0.0364173805854589,-1.7236126949957145,-4.360267396667797,-4.360267396667797,1.3308803127062645e-05,46492623.0,-4.563514025539097,5.030468002023425e-06,-0.08052956884010419,-0.0481688838433153,GCST90200294,cancerType_celltype,LUAD_Epi_LUAD,tissue,Tumor,Adjacent,group2_higher,1.670340576628581e-05,6.407969987624232e-06
29319,3332,0.19481744744740512,0.09538807420517542,0.1320622265338897,0.01358228782191865,1.22197712062026,0.9525294325334509,0.0994293732422297,0.11847993871197104,,0.03170829626742428,1.0302343577671784,5.530403912224573,5.530403912224573,3.368930492039522e-08,51163521.5,4.496087287355679,6.921564692392363e-06,0.08304689213756769,0.04745717994554832,GCST90200232,cancerType_celltype,LUAD_Epi_LUAD,tissue,Tumor,Adjacent,group1_higher,4.515095634857295e-08,8.808676634669272e-06
29319,3332,0.003403447873639779,0.07969550464180417,-0.0923824235796928,-0.01317404769361015,1.1484361214169458,1.0074975079244701,-0.07629205676816439,-0.07920837588608265,,-0.02672147487721146,4.549023702357578,-4.080186488339664,-4.080186488339664,4.5800963617926076e-05,46528174.0,-4.494559864733692,6.971430729889042e-06,-0.06722602329574072,-0.047441057667311326,GCST90199889,cancerType_celltype,LUAD_Epi_LUAD,tissue,Tumor,Adjacent,group2_higher,5.664856026427699e-05,8.863862019439146e-06
29319,3332,0.10339256173567225,0.20233766674486506,0.0077388761565089,0.13922827690839765,1.4087547378696612,1.3206626417052691,-0.0989451050091928,-0.13148940075188875,,-0.025267734178796575,0.9686256914557809,-4.06956244173624,-4.06956244173624,4.795890669155998e-05,46528937.5,-4.49307899213447,7.020104987439055e-06,-0.0706740092216556,-0.04742542673469674,GCST90200173,cancerType_celltype,LUAD_Epi_LUAD,tissue,Tumor,Adjacent,group2_higher,5.92638167004499e-05,8.91743065971988e-06
29319,3332,-0.5598001094414714,-0.2312240249056256,-0.6247478723526001,-0.5929765403270721,1.8312782491972663,2.2396797051903805,-0.3285760845358458,-0.031771332025527954,,-0.07961131891803436,-1.275616800556612,-8.163956190302347,-8.163956190302347,4.3478235674941084e-16,46555910.0,-4.440763555091244,8.964064890380325e-06,-0.17505197735716768,-0.04687322590962095,GCST90200658,cancerType_celltype,LUAD_Epi_LUAD,tissue,Tumor,Adjacent,group2_higher,6.757221804440672e-16,1.137618291023127e-05
29319,3332,-0.42110073746380605,-0.49916519277137167,-0.4812837541103363,-0.5579573214054108,0.9868154484588747,0.8801924401601167,0.07806445530756562,0.07667356729507446,,0.031232062047305064,-0.24535139945177223,4.788881237189406,4.788881237189406,1.7330214388010283e-06,51128596.5,4.428347306310736,9.495833507348668e-06,0.07994551402881139,0.04674216970119671,GCST90200323,cancerType_celltype,LUAD_Epi_LUAD,tissue,Tumor,Adjacent,group1_higher,2.220026523576881e-06,1.203983355396859e-05
29319,3332,-0.11107438510096646,-0.1711578574157676,-0.1756900995969772,-0.24188335984945292,0.763296242546058,0.7043829104585383,0.060083472314801156,0.06619326025247571,,0.03577692963979931,-0.6237968100693592,4.624844965564373,4.624844965564373,3.859662370543365e-06,51126788.5,4.424840537929083,9.651398106644059e-06,0.07931858102582895,0.046705154997638054,GCST90199689,cancerType_celltype,LUAD_Epi_LUAD,tissue,Tumor,Adjacent,group1_higher,4.91196994495855e-06,1.2225702248471981e-05
29319,3332,0.9599391514032946,0.8142773539794926,0.81694495677948,0.7010275721549988,1.6624776234288534,1.5747340252792115,0.14566179742380192,0.1159173846244812,,0.03147925735335303,0.2374224105527181,5.030298420420405,5.030298420420405,5.100695910369171e-07,51121666.0,4.414905017445111,1.0105480336863296e-05,0.0880802877356183,0.046600283416344146,GCST90200508,cancerType_celltype,LUAD_Epi_LUAD,tissue,Tumor,Adjacent,group1_higher,6.633824929230134e-07,1.2789015505241108e-05
29319,3332,-0.25277881426428794,-0.19021083162844896,-0.3077581822872162,-0.2417790442705154,0.7600143752129177,0.7710917499419225,-0.06256798263583899,-0.0659791380167008,,-0.03585526163997356,-0.41027427362803187,-4.444858679949578,-4.444858679949578,9.027317974312135e-06,46579482.0,-4.395043674398577,1.10750979033193e-05,-0.08220170064332356,-0.046390642617427646,GCST90200750,cancerType_celltype,LUAD_Epi_LUAD,tissue,Tumor,Adjacent,group2_higher,1.1392809628692075e-05,1.400311543805585e-05
29319,3332,-0.23895613312624775,-0.0972720980843376,-0.3063928782939911,-0.22861337661743159,1.3599282070682788,1.4239683458874155,-0.14168403504191016,-0.0777795016765595,,-0.04148865885725585,-1.296639061680907,-5.46709419883722,-5.46709419883722,4.8501858878519644e-08,46580196.5,-4.393657841429167,1.1145969307092732e-05,-0.10367635188048704,-0.04637601484879228,GCST90200450,cancerType_celltype,LUAD_Epi_LUAD,tissue,Tumor,Adjacent,group2_higher,6.455862661271707e-08,1.407966280404763e-05
29319,3332,0.1038637611278548,0.044649530251588423,0.0579523257911205,0.0049501557368785,0.6866573903117652,0.6125423876597214,0.05921423087626637,0.053002170054242,,0.033259831052000276,1.2179570513172238,5.21981493779478,5.21981493779478,1.8747066450071108e-07,51107599.0,4.387620885351791,1.1459781323586764e-05,0.087148154145556,0.046312293463379506,GCST90200072,cancerType_celltype,LUAD_Epi_LUAD,tissue,Tumor,Adjacent,group1_higher,2.459311989552158e-07,1.4462668466711814e-05
29319,3332,0.11225500704771202,0.19613506532060224,0.0506012104451656,0.1361110657453537,1.1498906744379,1.0889594867068733,-0.08388005827289022,-0.08550985530018809,,-0.030011339085162306,0.8050621927858067,-4.188817861307773,-4.188817861307773,2.8613835058646084e-05,46618707.5,-4.318962511149374,1.5676509437842426e-05,-0.07333308251083247,-0.04558758937935148,GCST90199688,cancerType_celltype,LUAD_Epi_LUAD,tissue,Tumor,Adjacent,group2_higher,3.564959523302981e-05,1.976603363901871e-05
29319,3332,0.7826865940444637,0.874023299067412,0.72324538230896,0.7927021384239197,1.2280853377970398,1.0922488916971682,-0.09133670502294833,-0.06945675611495972,,-0.028545351530552883,0.15923681148995733,-4.513626643404247,-4.513626643404247,6.541320096144745e-06,46626950.5,-4.30297451791377,1.6852097657070473e-05,-0.07517903293880623,-0.04541883263077051,GCST90200519,cancerType_celltype,LUAD_Epi_LUAD,tissue,Tumor,Adjacent,group2_higher,8.286077408034653e-06,2.1228659063389144e-05
29319,3332,0.38484974172944136,0.45321805839438556,0.328112244606018,0.38363009691238403,1.0149659148314054,0.9498580762067323,-0.0683683166649442,-0.05551785230636602,,-0.030257414371922885,0.2359095016192191,-3.9089088113437844,-3.9089088113437844,9.416038049329295e-05,46632549.0,-4.29211575531162,1.769794124897538e-05,-0.06779101682199437,-0.04530421602796442,GCST90200190,cancerType_celltype,LUAD_Epi_LUAD,tissue,Tumor,Adjacent,group2_higher,0.0001154142073852143,2.2273586262560893e-05
29319,3332,-0.00127647711507531,-0.04453987969493185,-0.048952504992485,-0.0964564159512519,0.5900628266935534,0.5942297947893866,0.043263402579856544,0.0475039109587669,,0.033766694430772466,-5.123760700198307,3.9852447120316077,3.9852447120316077,6.857858371334335e-05,51056424.5,4.288363629518307,1.799950390981824e-05,0.07326703816934677,0.04526461152352068,GCST90200595,cancerType_celltype,LUAD_Epi_LUAD,tissue,Tumor,Adjacent,group1_higher,8.443776838417975e-05,2.2632217554503932e-05
29319,3332,0.2919927273024226,0.2355343202571119,0.2668301165103912,0.20263916254043574,0.7300249542991923,0.7234587185525944,0.05645840704531069,0.06419095396995544,,0.031107393278981783,0.30999395821242476,4.264714825484819,4.264714825484819,2.0462351184420077e-05,51048111.5,4.272239865382971,1.9352008852923183e-05,0.07740838764443105,0.04509442168354094,GCST90200870,cancerType_celltype,LUAD_Epi_LUAD,tissue,Tumor,Adjacent,group1_higher,2.5634360904746842e-05,2.4310403747957877e-05
29319,3332,0.06784561769631299,-0.05277073491397175,-0.0500779189169406,-0.117990780621767,1.40667097965891,1.2868708115211696,0.12061635261028475,0.06791286170482641,,0.030296620237804415,0.36251148181294585,5.076618469037197,5.076618469037197,4.0049988672113704e-07,51040500.5,4.257477689413522,2.0674718200855615e-05,0.08646830590091938,0.044938603703018165,GCST90200966,cancerType_celltype,LUAD_Epi_LUAD,tissue,Tumor,Adjacent,group1_higher,5.223744933979998e-07,2.5948103966635546e-05
29319,3332,0.6400094102909876,0.7277488044193826,0.5390954613685608,0.6482178568840027,1.3240666483539607,1.2182354574196321,-0.08773939412839504,-0.1091223955154419,,-0.026691578009545684,0.18534717471379475,-3.903566396953207,-3.903566396953207,9.624512835371733e-05,46659973.0,-4.238924595965121,2.245940438215506e-05,-0.06679003854723141,-0.04474277176336616,GCST90199710,cancerType_celltype,LUAD_Epi_LUAD,tissue,Tumor,Adjacent,group2_higher,0.00011786353094889191,2.8162068236317705e-05
29319,3332,0.03038711402198014,-0.027090868716721374,-0.006530518643558,-0.13802923262119288,1.1997908484493367,1.287207755735105,0.057477982738701514,0.13149871397763488,,0.017007503212161008,0.16564722983704497,2.459002407127175,2.459002407127175,0.013974243972084245,51021554.5,4.220730325608869,2.4351315613539495e-05,0.0475417914847676,0.044550727279554,GCST90199679,cancerType_celltype,LUAD_Epi_LUAD,tissue,Tumor,Adjacent,group1_higher,0.01579344488718974,3.0506289688652883e-05
29319,3332,-0.027801083760831118,-0.09659812491484818,-0.0747458487749099,-0.1397401019930839,0.7614282144485888,0.6863074957796672,0.06879704115401705,0.064994253218174,,0.034960119143180736,-1.796817103123271,5.4196679582564675,5.4196679582564675,6.296385660803289e-08,51018108.0,4.214045548381342,2.5083774293875805e-05,0.09122982319219575,0.04448016800089527,GCST90200854,cancerType_celltype,LUAD_Epi_LUAD,tissue,Tumor,Adjacent,group1_higher,8.364496740423862e-08,3.139502696285833e-05
29319,3332,-0.21852910808080603,-0.2855932003455825,-0.290764570236206,-0.33955296874046326,0.6861711103228039,0.5844762020018134,0.06706409226477647,0.04878839850425726,,0.04679208771290396,-0.3861346210292158,6.158538627156009,6.158538627156009,7.99066291443348e-10,51015206.5,4.208417844587443,2.5716609897842495e-05,0.0991344443668608,0.04442076636241321,GCST90200628,cancerType_celltype,LUAD_Epi_LUAD,tissue,Tumor,Adjacent,group1_higher,1.1113544441196767e-09,3.2157558982347996e-05
29319,3332,0.09834187820098715,0.050860891888255065,0.0577976182103157,-0.0128157068975269,0.7053335988727475,0.6928318854987291,0.047480986312732086,0.0706133251078426,,0.03033203241982561,0.9512354527891339,3.741668103992793,3.741668103992793,0.00018527070253956062,51005088.0,4.1887921610311585,2.8044429296347942e-05,0.06743804155696058,0.04421361300071047,GCST90200644,cancerType_celltype,LUAD_Epi_LUAD,tissue,Tumor,Adjacent,group1_higher,0.00022486550984988525,3.50362576818719e-05
29319,3332,0.13910497694359292,0.07723960957017709,0.1068877950310707,0.04386843554675575,0.7610712674701232,0.6945708874149791,0.06186536737341583,0.06301935948431495,,0.03690360069876127,0.8487529542941101,4.822901164083314,4.822901164083314,1.4638604979822768e-06,51004390.5,4.187439300994542,2.8212064252924243e-05,0.08198919638164,0.04419933326855752,GCST90200745,cancerType_celltype,LUAD_Epi_LUAD,tissue,Tumor,Adjacent,group1_higher,1.8787588123821501e-06,3.5213409868805626e-05
29319,3332,-0.03815124948397494,-0.10754206713783246,-0.1055799424648284,-0.16829404234886164,0.8240462890729578,0.7528361055219174,0.06939081765385752,0.06271409988403324,,0.03503563204388274,-1.4950744960896905,4.991531279004666,4.991531279004666,6.227737738090405e-07,50950795.0,4.083486311614607,4.4365228979587955e-05,0.0849268784706364,0.04310208683903327,GCST90200970,cancerType_celltype,LUAD_Epi_LUAD,tissue,Tumor,Adjacent,group1_higher,8.061164802485491e-07,5.5324617657070795e-05
29319,3332,-0.11350069320547469,-0.05630300226558091,-0.1771502196788787,-0.1224040165543556,0.8184076261632144,0.7950674073302674,-0.05719769093989378,-0.05474620312452311,,-0.029486451547462437,-1.0114044372742996,-3.923170891519514,-3.923170891519514,8.879641957774967e-05,46747855.5,-4.068469080312088,4.732323616442796e-05,-0.07009031944389252,-0.04294357669395399,GCST90200381,cancerType_celltype,LUAD_Epi_LUAD,tissue,Tumor,Adjacent,group2_higher,0.00010903560349952504,5.895938838401765e-05
29319,3332,0.20755772055215027,0.13807052085307042,0.1454678326845169,0.07310385257005686,0.8834111563439775,0.7947483834130454,0.06948719969907985,0.07236398011446005,,0.02773912675042789,0.5881037732353942,4.726021051865312,4.726021051865312,2.3623908736155014e-06,50942470.0,4.067339272467889,4.7553183280344023e-05,0.07943417608153522,0.042931651326242104,GCST90199898,cancerType_celltype,LUAD_Epi_LUAD,tissue,Tumor,Adjacent,group1_higher,3.0149239332752137e-06,5.919177060375242e-05
29319,3332,-0.7347398350919915,-0.6398596180170797,-0.7866125106811523,-0.6669316589832306,1.5374611918001415,1.3584702230943262,-0.09488021707491179,-0.11968085169792175,,-0.025259824232876246,-0.19947778380530962,-3.766758116594133,-3.766758116594133,0.00016756250357971244,46758800.0,-4.047241300138964,5.1825023774045686e-05,-0.06241440252803819,-0.04271951285374476,GCST90200965,cancerType_celltype,LUAD_Epi_LUAD,tissue,Tumor,Adjacent,group2_higher,0.00020373567562814276,6.445028047812434e-05
29319,3332,0.41578253146705924,0.35851479130515135,0.3791645467281341,0.3182826340198517,0.7763696765643224,0.7059560592149001,0.05726774016190789,0.060881912708282415,,0.029368450148936517,0.2137959506924984,4.390552195593445,4.390552195593445,1.1577870898149706e-05,50930656.5,4.044425993553803,5.245169022471103e-05,0.074423854779968,0.042689796679953096,GCST90200443,cancerType_celltype,LUAD_Epi_LUAD,tissue,Tumor,Adjacent,group1_higher,1.4571226255012049e-05,6.517014929469565e-05
29319,3332,-0.1304225690663051,-0.037586318887435854,-0.1881404966115951,-0.1093485206365585,1.2974141519563434,1.2072861502061858,-0.09283625017886923,-0.0787919759750366,,-0.026557517623935812,-1.7948866886410315,-4.173312994780888,-4.173312994780888,3.0619889638981216e-05,46768007.5,-4.029382577863479,5.592377205866755e-05,-0.07204943391257339,-0.042531010152961235,GCST90199774,cancerType_celltype,LUAD_Epi_LUAD,tissue,Tumor,Adjacent,group2_higher,3.8114072673909955e-05,6.942085730051355e-05
29319,3332,0.048810470123930826,0.0798440351098546,0.0104524130001664,0.0582269746810197,0.6347158424572691,0.5843603101977294,-0.03103356498592378,-0.0477745616808533,,-0.021085668540934487,0.7099824973052038,-2.8786061738942537,-2.8786061738942537,0.004014188297268487,46802489.5,-3.962501832655413,7.416873900502207e-05,-0.0492781798947031,-0.04182506932989094,GCST90199847,cancerType_celltype,LUAD_Epi_LUAD,tissue,Tumor,Adjacent,group2_higher,0.004644599871966849,9.198543336109653e-05
29319,3332,-0.2991829687188543,-0.23537229696535233,-0.4104456007480621,-0.31387534737586975,1.0759393071135657,1.0384774907220231,-0.06381067175350197,-0.09657025337219233,,-0.02368361912587352,-0.34608221654292304,-3.348524853149477,-3.348524853149477,0.0008196094492485474,46805667.0,-3.9563388035997136,7.610751094662676e-05,-0.05951504030300928,-0.0417600172167506,GCST90200875,cancerType_celltype,LUAD_Epi_LUAD,tissue,Tumor,Adjacent,group2_higher,0.0009773645488414435,9.430412492750207e-05
29319,3332,0.12232887344494314,0.19669681090202548,0.0645119771361351,0.1543575823307037,1.1960737022929504,1.08390393952452,-0.07436793745708234,-0.0898456051945686,,-0.025959373331796456,0.6852041428040575,-3.7119557323639194,-3.7119557323639194,0.0002082626257085306,46808288.0,-3.9512551531968847,7.774269902534136e-05,-0.06275160719472182,-0.04170635818023105,GCST90200267,cancerType_celltype,LUAD_Epi_LUAD,tissue,Tumor,Adjacent,group2_higher,0.0002525462267266257,9.62427781757859e-05
29319,3332,0.26616536941461,0.18490864322366712,0.2026335746049881,0.12217088043689725,1.0555335311048493,0.8830505894636216,0.08125672619094287,0.08046269416809085,,0.03562977508916572,0.5255078310283634,4.926658203376117,4.926658203376117,8.66586603010596e-07,50879297.5,3.9448108844203116,7.98633048426793e-05,0.07818798889580886,0.04163833752062174,GCST90200603,cancerType_celltype,LUAD_Epi_LUAD,tissue,Tumor,Adjacent,group1_higher,1.1153517846113714e-06,9.877829809489283e-05
29319,3332,0.464075217571854,0.3930677304858155,0.4235259294509887,0.3715463727712631,0.8710481088501382,0.8632665116381183,0.07100748708603849,0.05197955667972559,,0.035402046264537974,0.2395801672311046,4.495077141545599,4.495077141545599,7.144549813273778e-06,50877430.5,3.9411896805660263,8.107880617534153e-05,0.08159366245399789,0.041600114925741005,GCST90200307,cancerType_celltype,LUAD_Epi_LUAD,tissue,Tumor,Adjacent,group1_higher,9.025042998602557e-06,0.00010019076411331868
29319,3332,-0.0919870604338204,0.02803543257350404,-0.178890973329544,-0.11572798714041704,1.1464196551952448,1.2703467002722528,-0.12002249300732444,-0.06316298618912697,,-0.03812266391517618,-1.714143830230798,-5.2176059607053915,-5.2176059607053915,1.905048715568164e-07,46822044.0,-3.9245742318152317,8.688361582029058e-05,-0.10349710372892924,-0.04142473524762402,GCST90199747,cancerType_celltype,LUAD_Epi_LUAD,tissue,Tumor,Adjacent,group2_higher,2.496712883960969e-07,0.00010726663801001454
29319,3332,-0.24742794051368347,-0.32840300380970777,-0.2953492105007171,-0.3566172122955322,1.1160500032552394,1.042613311676994,0.0809750632960243,0.06126800179481512,,0.02724288267461902,-0.40845746121997856,4.2169562462645045,4.2169562462645045,2.527791058591547e-05,50846523.0,3.8812419793735695,0.0001039247870474278,0.07303074381433655,0.040967353891316005,GCST90199814,cancerType_celltype,LUAD_Epi_LUAD,tissue,Tumor,Adjacent,group1_higher,3.158001111695947e-05,0.00012818957895533402
29319,3332,0.3736093548818728,0.4351842052029406,0.3175089061260223,0.37456566095352173,0.9305474195305868,0.8818892167050687,-0.0615748503210678,-0.057056754827499445,,-0.029876077949399015,0.22009506982218702,-3.797255451609739,-3.797255451609739,0.00014836351382388493,46855772.5,-3.8591549633635682,0.00011378022727446559,-0.06651705015716293,-0.04073422062982568,GCST90200390,cancerType_celltype,LUAD_Epi_LUAD,tissue,Tumor,Adjacent,group2_higher,0.00018103802089700552,0.0001400925472228815
29319,3332,-0.01147011900606119,-0.06629174683877748,-0.0671274736523628,-0.12499106675386425,0.8078280441440594,0.7862471122502049,0.05482162783271628,0.05786359310150145,,0.032101925737661935,-2.530844899226767,3.8031373446181713,3.8031373446181713,0.0001449186548625065,50835135.5,3.8591549633635682,0.00011378022727493017,0.06804622524613899,0.04073422062982557,GCST90200080,cancerType_celltype,LUAD_Epi_LUAD,tissue,Tumor,Adjacent,group1_higher,0.0001769929449620039,0.0001400925472228815
29319,3332,-0.46001418154285734,-0.5348258111412609,-0.534487247467041,-0.5771748423576355,0.9280843757550824,0.9041869448213385,0.0748116295984036,0.04268759489059448,,0.03440507309900087,-0.2173903161243648,4.513423825969683,4.513423825969683,6.554787768606955e-06,50835005.0,3.858901847614782,0.00011389811874710536,0.08081850438124263,0.04073154893800357,GCST90199905,cancerType_celltype,LUAD_Epi_LUAD,tissue,Tumor,Adjacent,group1_higher,8.295427788868412e-06,0.0001401111334407081
29319,3332,0.2239586839228942,0.26522894312859885,0.1722838282585144,0.2508685365319252,0.767308685359776,0.7483900675531726,-0.04127025920570465,-0.0785847082734108,,-0.023681213465333643,0.2440046085984849,-3.00854459007857,-3.00854459007857,0.0026407186985261755,46861707.0,-3.8476445004427036,0.00011925940920187886,-0.05391986191587784,-0.040612725188305165,GCST90200269,cancerType_celltype,LUAD_Epi_LUAD,tissue,Tumor,Adjacent,group2_higher,0.00308423272158627,0.00014657400788292235
29319,3332,-0.05270894364296676,-0.10310874827705267,-0.1067938283085823,-0.12428085505962369,0.5588674491347736,0.5675227315807977,0.050399804634085915,0.017487026751041385,,0.040787551996821804,-0.9680336808178732,4.86514981336492,4.86514981336492,1.186649405606462e-06,50822539.0,3.8347229899567647,0.00012570638052903589,0.09003878083179916,0.04047633583260368,GCST90200602,cancerType_celltype,LUAD_Epi_LUAD,tissue,Tumor,Adjacent,group1_higher,1.525852018718498e-06,0.00015435837537033866
29319,3332,-0.6623367285480192,-0.7784173931814475,-0.7585505247116089,-0.8106882572174072,1.4959564036196278,1.3026486203115564,0.11608066463342837,0.05213773250579834,,0.03434615813139228,-0.23297875945669533,4.796883092998007,4.796883092998007,1.6649304550136637e-06,50784932.5,3.7617820136599396,0.00016870770976837746,0.07857126579434656,0.03970642795130952,GCST90200465,cancerType_celltype,LUAD_Epi_LUAD,tissue,Tumor,Adjacent,group1_higher,2.134807347303503e-06,0.00020697444501737038
29319,3332,-0.41327631637502665,-0.36374361178982006,-0.4862373471260071,-0.4317161291837692,0.8956597936787822,0.8102897434391986,-0.04953270458520659,-0.054521217942237854,,-0.021769756435293806,-0.1841843031336296,-3.306511160784866,-3.306511160784866,0.0009523903045163336,46922831.0,-3.729089350796574,0.00019217374597808097,-0.05582242529243596,-0.0393613497788351,GCST90200784,cancerType_celltype,LUAD_Epi_LUAD,tissue,Tumor,Adjacent,group2_higher,0.0011337187642408407,0.00023555109331665862
29319,3332,0.14900051799525402,0.10290876379909683,0.1306681931018829,0.05839073657989495,0.813313168265526,0.726682688841238,0.046091754196157186,0.07227745652198796,,0.02866217328009314,0.5339471609117835,3.425546041232151,3.425546041232151,0.0006192609721343869,50762313.0,3.7179095869957712,0.00020087890398673452,0.05726381212322087,0.03924334493850745,GCST90199850,cancerType_celltype,LUAD_Epi_LUAD,tissue,Tumor,Adjacent,group1_higher,0.0007391004422234408,0.00024599995160280247
29319,3332,0.1896484903569179,0.24186295268108554,0.1527459621429443,0.2207948789000511,0.9589001087953604,0.8942300251804826,-0.052214462324167654,-0.06804891675710678,,-0.02260249764938213,0.35086027187696267,-3.1697462390746405,-3.1697462390746405,0.0015365576486801498,46934928.0,-3.7056261997385738,0.00021086990834523134,-0.054818141835898955,-0.03911369111238072,GCST90200979,cancerType_celltype,LUAD_Epi_LUAD,tissue,Tumor,Adjacent,group2_higher,0.001814842352817196,0.0002580033079663827
29319,3332,-0.09856362225421189,-0.19758432289026245,-0.1966932564973831,-0.27478064596652985,1.6064249926907919,1.5022511646307857,0.09902070063605056,0.07808738946914676,,0.023772792583530846,-1.0033339651834745,3.5793605347690143,3.5793605347690143,0.00034828716201892434,50747609.5,3.689390909507029,0.00022479244961354033,0.0620388400934376,0.0389423240901805,GCST90200790,cancerType_celltype,LUAD_Epi_LUAD,tissue,Tumor,Adjacent,group1_higher,0.00041935989561112536,0.00027479112898946676
29319,3332,0.12004550206764535,0.06924287819955684,0.0868604108691215,0.0370092578232288,0.6872701029900018,0.6837254921701116,0.05080262386808851,0.049851153045892695,,0.03553379947164188,0.793834932421053,4.0621220154653646,4.0621220154653646,4.9530450009814563e-05,50728965.0,3.6532283303633664,0.0002589647362594918,0.07395827019699718,0.038560620196098405,GCST90200157,cancerType_celltype,LUAD_Epi_LUAD,tissue,Tumor,Adjacent,group1_higher,6.10950256682147e-05,0.0003162804081735549
29319,3332,0.34340217788629446,0.27088995257349097,0.2897461652755737,0.25379219651222223,0.9857481371388488,0.8496441395555366,0.07251222531280349,0.03595396876335144,,0.029079120060770042,0.3421911801469262,4.5879340976562055,4.5879340976562055,4.600609163372422e-06,50715905.0,3.6278973596419073,0.00028573987795328665,0.07454469239235846,0.03829324628654285,GCST90200961,cancerType_celltype,LUAD_Epi_LUAD,tissue,Tumor,Adjacent,group1_higher,5.844017045364968e-06,0.0003486691617281376
29319,3332,-0.35607924602996144,-0.31833664945448054,-0.4455533623695373,-0.4170582890510559,0.7338287669925619,0.6924850889460725,-0.0377425965754809,-0.02849507331848139,,-0.02452823390103731,-0.16164460964916935,-2.962730420813256,-2.962730420813256,0.003066228129922117,46993036.5,-3.592919866494478,0.00032699438783222526,-0.05172216709382801,-0.03792405123309939,GCST90200919,cancerType_celltype,LUAD_Epi_LUAD,tissue,Tumor,Adjacent,group2_higher,0.003565929130617616,0.00039865237085449283
29319,3332,-0.21328428162787233,-0.12374176705158416,-0.2646512389183044,-0.16258610785007474,1.4643660502450873,1.238370464886646,-0.08954251457628817,-0.10206513106822965,,-0.022122077176059317,-0.7854402117497551,-3.8770924220052545,-3.8770924220052545,0.00010723265871927642,46997604.0,-3.584060815286954,0.00033829452036825575,-0.06205598022774428,-0.0378305420193249,GCST90200541,cancerType_celltype,LUAD_Epi_LUAD,tissue,Tumor,Adjacent,group2_higher,0.0001312011793845366,0.0004120602602876967
29319,3332,-0.4195469178585997,-0.5002745274712865,-0.4811683297157287,-0.5302982926368713,1.0700111647032684,1.0142305899483746,0.08072760961268682,0.049129962921142634,,0.028435886729240436,-0.2538872854400492,4.328865114612827,4.328865114612827,1.5335451760224384e-05,50692798.5,3.5830803554324597,0.0003395673534980908,0.0758394475239534,0.037820193052151785,GCST90200147,cancerType_celltype,LUAD_Epi_LUAD,tissue,Tumor,Adjacent,group1_higher,1.9229273918294238e-05,0.00041324134180169443
29319,3332,-0.5088158856280924,-0.5721680345489601,-0.5498564839363098,-0.6014616191387177,0.9433756210275667,0.8322958113492386,0.06335214892086771,0.05160513520240784,,0.030857383266790977,-0.16929487318614406,4.104334566193332,4.104334566193332,4.1288720268181884e-05,50684045.0,3.566102204420952,0.00036233145316933027,0.06792710937255743,0.03764098497272639,GCST90200003,cancerType_celltype,LUAD_Epi_LUAD,tissue,Tumor,Adjacent,group1_higher,5.116047793230173e-05,0.000440551088911505
29319,3332,0.030188934550753145,-0.031236027197122443,-0.0413773581385612,-0.11494349315762514,0.9526206590617582,0.9232591710386523,0.06142496174787559,0.07356613501906395,,0.02952769903637237,-0.049189530667438905,3.6272120074687395,3.6272120074687395,0.0002899187905325865,50667027.5,3.5330953289039213,0.00041072584923103713,0.06468055048535264,0.03729259021730047,GCST90200819,cancerType_celltype,LUAD_Epi_LUAD,tissue,Tumor,Adjacent,group1_higher,0.0003503185385602087,0.0004989477116772759
29319,3332,0.002117962019249946,0.049194961009279975,-0.0649706721305847,-0.0202706521376967,0.8622380169539499,0.7994915480902431,-0.04707699899003003,-0.044700019992888,,-0.022055009409092403,4.537110241230231,-3.1943954378336445,-3.1943954378336445,0.0014114545637905103,47034387.5,-3.5127161168541225,0.00044355273244952247,-0.054993472062580775,-0.03707748319833404,GCST90199717,cancerType_celltype,LUAD_Epi_LUAD,tissue,Tumor,Adjacent,group2_higher,0.0016685278147844454,0.0005383458364458585
29319,3332,0.07470838450255128,0.12462107814814148,0.0183003433048725,0.0580698791891336,0.848304648064828,0.7755806707962505,-0.0499126936455902,-0.039769535884261104,,-0.021848815364025675,0.7381982986324123,-3.4854217885552554,-3.4854217885552554,0.0004962827400509848,47048751.0,-3.484856898021223,0.0004924020903347781,-0.059337008104143975,-0.03678342307965854,GCST90199763,cancerType_celltype,LUAD_Epi_LUAD,tissue,Tumor,Adjacent,group2_higher,0.0005938835598678598,0.0005971032465536501
29319,3332,-0.08596682565515756,-0.12152138672737191,-0.1521158665418625,-0.202849768102169,0.6780057966399909,0.6708675804831251,0.035554561072214344,0.05073390156030652,,0.024691398200549292,-0.49935338763768,2.895768132450557,2.895768132450557,0.003802109591689083,50641741.5,3.4840510007520984,0.0004938871559278457,0.0524960284901389,0.0367749166585698,GCST90200091,cancerType_celltype,LUAD_Epi_LUAD,tissue,Tumor,Adjacent,group1_higher,0.004406696746149847,0.0005983717275819143
29319,3332,0.1674643337122833,0.11823260000270863,0.1136365309357643,0.04304205067455765,0.8805153349753665,0.8926502260893523,0.04923173370957468,0.07059448026120665,,0.026357439410820534,0.5022223968269337,3.0209383161515166,3.0209383161515166,0.00253546543709575,50630059.5,3.4613927771710813,0.0005373900758613773,0.05583341899519229,0.036535754176836965,GCST90200900,cancerType_celltype,LUAD_Epi_LUAD,tissue,Tumor,Adjacent,group1_higher,0.0029638416730373134,0.0006504997099458767
29319,3332,-0.12057380333453481,-0.16707850136030358,-0.1910698264837265,-0.22131688147783274,0.6621983418173564,0.6153303354929277,0.04650469802576877,0.030247054994106237,,0.036887963730074004,-0.47060628600392107,4.101012291347642,4.101012291347642,4.190270099839661e-05,50624497.0,3.4506038396030787,0.0005593359578167199,0.07072208247778139,0.03642187459246471,GCST90200609,cancerType_celltype,LUAD_Epi_LUAD,tissue,Tumor,Adjacent,group1_higher,5.187409760291969e-05,0.0006764639844757668
29319,3332,0.15897458412833668,0.09657818607879132,0.1156393885612487,0.04327059723436825,1.0641270497313828,0.9669032548472775,0.06239639804954536,0.07236879132688046,,0.020905124729193723,0.7190209994149783,3.492405194997433,3.492405194997433,0.0004835073942027864,50622555.0,3.446837166927652,0.000567192363327344,0.05916490074488041,0.036382116542513776,GCST90200296,cancerType_celltype,LUAD_Epi_LUAD,tissue,Tumor,Adjacent,group1_higher,0.0005791041988562371,0.0006853574390205407
29319,3332,0.31997787901400004,0.37459274627841865,0.2554846704006195,0.3242250829935074,1.08665996277611,0.9732856657000715,-0.05461486726441861,-0.06874041259288788,,-0.020640515331270308,0.227350134802347,-3.0314730459333963,-3.0314730459333963,0.0024480305361999624,47087481.0,-3.409736798783696,0.0006502583169639187,-0.050774274041032436,-0.03599051408141274,GCST90200400,cancerType_celltype,LUAD_Epi_LUAD,tissue,Tumor,Adjacent,group2_higher,0.002864090661665707,0.0007850328485578575
29319,3332,-0.06496378957051369,-0.03499157520083809,-0.120207242667675,-0.0490182358771562,0.8115019113454482,0.7552950035832086,-0.029972214369675593,-0.0711890067905188,,-0.017478140712211692,-0.8926091596340999,-2.1537082885253493,-2.1537082885253493,0.03131906934960143,47090374.5,-3.4041246116640527,0.000663767007751093,-0.03718881527574672,-0.03593127622480485,GCST90200625,cancerType_celltype,LUAD_Epi_LUAD,tissue,Tumor,Adjacent,group2_higher,0.03484725838653612,0.0008006322403227785
29319,3332,-0.20514718853173347,-0.2563566224899656,-0.251147985458374,-0.3239621967077255,0.9313819308177766,0.9363272767914195,0.05120943395823213,0.0728142112493515,,0.023582124806820877,-0.3214913799787066,2.993192965183531,2.993192965183531,0.0027771551413114043,50565564.0,3.3362983191185664,0.0008490230171570948,0.05495236718991724,0.035215354943778365,GCST90200139,cancerType_celltype,LUAD_Epi_LUAD,tissue,Tumor,Adjacent,group1_higher,0.0032408068986365104,0.0010231815847790628
29319,3332,-0.06616755427645285,-0.11683282786950748,-0.1011558771133422,-0.1792077869176864,1.0065740085135124,0.9407106444389839,0.05066527359305463,0.0780519098043442,,0.01921538744915984,-0.820240386771907,2.9244558059370815,2.9244558059370815,0.0034688507489498504,50556318.5,3.3183658926403696,0.0009054610473945379,0.050662585941069524,0.035026074279092656,GCST90200655,cancerType_celltype,LUAD_Epi_LUAD,tissue,Tumor,Adjacent,group1_higher,0.004027294353337859,0.0010902326922250488
29319,3332,-0.017647589039631026,-0.044534920916989476,-0.090563878417015,-0.12331863120198246,0.6604126033701944,0.6843780103216786,0.02688733187735845,0.03275475278496745,,0.021811770066292806,-1.335416578244813,2.1565556018748246,2.1565556018748246,0.03109872590618405,50553683.0,3.3132541182654536,0.0009221747117094426,0.04056032469135787,0.03497211838792613,GCST90200546,cancerType_celltype,LUAD_Epi_LUAD,tissue,Tumor,Adjacent,group1_higher,0.03463036226317717,0.0011093769921094176
29319,3332,1.0845661249968128,1.2095264969942845,0.9694148302078248,1.0206548571586609,1.9046045124475275,1.8528646369721842,-0.12496037199747168,-0.05124002695083607,,-0.0288031795231559,0.15732422175548813,-3.6783766372561146,-3.6783766372561146,0.00023768230277481696,47137643.5,-3.3124424022434833,0.0009248548834851594,-0.0657897271330024,-0.034963550548634426,GCST90200834,cancerType_celltype,LUAD_Epi_LUAD,tissue,Tumor,Adjacent,group2_higher,0.0002879653143840671,0.0011116201112788997
29319,3332,0.0269201380998091,0.0808279071043937,0.0004872752469964,0.06938700005412096,0.9634371056770104,0.9432209979531492,-0.053907769004584605,-0.06889972480712456,,-0.021211642531620733,1.586131939334225,-3.1193116460308654,-3.1193116460308654,0.0018251376779028611,47139131.0,-3.309557270624175,0.0009344397088368726,-0.05607250180610675,-0.03493309735640904,GCST90200076,cancerType_celltype,LUAD_Epi_LUAD,tissue,Tumor,Adjacent,group2_higher,0.0021500973681777007,0.0011221509455019007
29319,3332,-0.0038549450744835337,0.033995416742685365,-0.0514676049351692,-0.01057945936918255,0.7100178425949989,0.6526876132204344,-0.0378503618171689,-0.04088814556598665,,-0.02445505674392152,3.140226286292094,-3.1428033149601498,-3.1428033149601498,0.0016848232966522837,47140961.0,-3.3060078313883197,0.0009463577018963182,-0.053735520458654235,-0.03489563225269643,GCST90200868,cancerType_celltype,LUAD_Epi_LUAD,tissue,Tumor,Adjacent,group2_higher,0.00198651743368258,0.0011354626300041212
29319,3332,-0.6928411886907064,-0.7829639003181768,-0.7731308937072754,-0.8167256414890289,1.1594606600650705,1.0441194042659254,0.09012271162747032,0.04359474778175354,,0.03402717474113405,-0.17642085249067466,4.666133446577025,4.666133446577025,3.162076705989329e-06,50549208.5,3.3045754483961454,0.0009512069858367093,0.07848879741174401,0.03488051313843865,GCST90200203,cancerType_celltype,LUAD_Epi_LUAD,tissue,Tumor,Adjacent,group1_higher,4.0279537852929495e-06,0.0011402771518869259
29319,3332,0.11467004698388933,0.16734753007161537,0.0657450631260871,0.12814421206712714,1.1507110001674763,1.0738762011745584,-0.052677483087726046,-0.06239914894104004,,-0.019242307545967695,0.5453547042333841,-2.6631141148601913,-2.6631141148601913,0.007771314955873577,47148183.0,-3.2920001537045236,0.0009947790038787594,-0.04608265989234319,-0.03474777816580432,GCST90200769,cancerType_celltype,LUAD_Epi_LUAD,tissue,Tumor,Adjacent,group2_higher,0.008871274945440273,0.0011914620230990766
29319,3332,-0.05498943977553262,-0.09922387018877835,-0.1086574718356132,-0.1421856209635734,0.6610225190771045,0.6386015209602656,0.04423443041324573,0.033528149127960205,,0.033084977470503846,-0.8515209454934491,3.7751283347482185,3.7751283347482185,0.0001621425858832836,50536759.0,3.280428593878779,0.0010364985469310962,0.06714700359757113,0.03462563783315442,GCST90200033,cancerType_celltype,LUAD_Epi_LUAD,tissue,Tumor,Adjacent,group1_higher,0.00019732173621331747,0.001240340227802532
29319,3332,-0.06142900145367625,0.09835067924804494,-0.2611302137374878,-0.1569953709840774,1.7503675523264846,1.9624456835024997,-0.1597796807017212,-0.1041348427534104,,-0.039566286074327627,0.6790062677224562,-4.500713623068599,-4.500713623068599,6.967283135069726e-06,47160565.5,-3.267983251334044,0.001083171464848877,-0.09010977339885366,-0.03449427453371612,GCST90199920,cancerType_celltype,LUAD_Epi_LUAD,tissue,Tumor,Adjacent,group2_higher,8.809282850742148e-06,0.0012950550057798417
29319,3332,-0.14168243934156155,-0.08466847909476156,-0.2292363196611404,-0.14383445680141443,1.103242772964879,1.1136619577843752,-0.057013960246799986,-0.08540186285972595,,-0.021059297187906525,-0.7427572203799913,-2.8029783837992146,-2.8029783837992146,0.005087041684807367,47164769.0,-3.2598302088051274,0.0011147930964316825,-0.05162856927035485,-0.03440821739521549,GCST90199721,cancerType_celltype,LUAD_Epi_LUAD,tissue,Tumor,Adjacent,group2_higher,0.005851171153073789,0.0013316941195761465
29319,3332,0.002386024248696496,0.043138197994161194,-0.0428823642432689,-0.01218891749158495,0.6611584460385809,0.6327491458431002,-0.0407521737454647,-0.030693446751683947,,-0.03004752855958277,4.1757142281454405,-3.506493079949149,-3.506493079949149,0.0004588017367728923,47173480.0,-3.2429344901256,0.0011830581236050065,-0.06190365072436439,-0.03422987940699662,GCST90199780,cancerType_celltype,LUAD_Epi_LUAD,tissue,Tumor,Adjacent,group2_higher,0.0005499971567470996,0.001412003697437499
29319,3332,0.22496728779050923,0.1694894721728923,0.1793457567691803,0.14305654913187024,0.7542645539746567,0.6783260659574128,0.055477815617616916,0.036289207637310056,,0.030673843135003178,0.40851747390466314,4.420614303689607,4.420614303689607,1.0083470653154145e-05,50512226.0,3.232844772691218,0.0012256455685868467,0.07428034492224082,0.03412338024332828,GCST90200207,cancerType_celltype,LUAD_Epi_LUAD,tissue,Tumor,Adjacent,group1_higher,1.2713941258324792e-05,0.0014605528893979992
29319,3332,0.013594697265695874,-0.042711879956702094,-0.0499889217317104,-0.12353418767452234,1.0054548692637832,1.0155035771765184,0.05630657722239797,0.07354526594281194,,0.024049486175556373,-1.6515210333751411,3.035940962857301,3.035940962857301,0.002412897494264496,50512198.0,3.232790464331325,0.0012258785806832804,0.05594379958246938,0.03412280700676873,GCST90200987,cancerType_celltype,LUAD_Epi_LUAD,tissue,Tumor,Adjacent,group1_higher,0.0028254117566000924,0.0014605528893979992
29319,3332,0.032454865793477845,0.07062697104880927,-0.0300962757319211,0.0175826996564865,0.7947830298082625,0.7621879327474005,-0.03817210525533143,-0.047678975388407596,,-0.02184592650148835,1.1217604103005068,-2.7273168947029065,-2.7273168947029065,0.006411718058893581,47188107.5,-3.2145632210422814,0.0013064358400125993,-0.048226390476308015,-0.03393041448647405,GCST90200449,cancerType_celltype,LUAD_Epi_LUAD,tissue,Tumor,Adjacent,group2_higher,0.007350018262634105,0.001555172096014998
29319,3332,0.09468261369702578,0.1411871892069008,0.0141788935288786,0.0771868899464607,0.9782744420635676,0.90994053800055,-0.04650457550987501,-0.06300799641758209,,-0.02177455958914523,0.5764327339494555,-2.7735464851608946,-2.7735464851608946,0.005569055674646363,47200096.5,-3.191309545086725,0.0014162992769230721,-0.047867709023657085,-0.03368496687532063,GCST90199821,cancerType_celltype,LUAD_Epi_LUAD,tissue,Tumor,Adjacent,group2_higher,0.006400187929631528,0.0016844816007383484
29319,3332,-0.11797340199236299,-0.06155400865804104,-0.1747799962759018,-0.11057970672845835,1.0840008703374298,0.9988827143836737,-0.05641939333432195,-0.06420028954744345,,-0.01969946119013075,-0.9385257015456505,-3.0618965473153823,-3.0618965473153823,0.002213072062784472,47210119.0,-3.1718700616215014,0.001514612647244679,-0.05245264526513784,-0.03347977889610776,GCST90200659,cancerType_celltype,LUAD_Epi_LUAD,tissue,Tumor,Adjacent,group2_higher,0.0026003596737717545,0.001799840486656057
29319,3332,-0.07168465956510714,-0.018231414563284174,-0.0915976837277412,-0.04976727254688735,1.0457230497851477,0.9518930605058257,-0.05345324500182297,-0.04183041118085385,,-0.019099759501475078,-1.9751789086442555,-3.0396844634631686,-3.0396844634631686,0.002382518737321204,47213527.0,-3.165259958388827,0.0015494496673202878,-0.051568954734209374,-0.0334100078177183,GCST90199746,cancerType_celltype,LUAD_Epi_LUAD,tissue,Tumor,Adjacent,group2_higher,0.0027922382106352543,0.0018396340562348017
29319,3332,-0.25014517472611475,-0.12143207766610535,-0.322685569524765,-0.29649846255779266,1.1188649919308873,1.2721095533793663,-0.12871309706000938,-0.02618710696697235,,-0.046400018470627614,-1.042609933695697,-5.599551875825879,-5.599551875825879,2.2956499547806638e-08,47214338.5,-3.1636859857440744,0.0015578529808953452,-0.11335891371636772,-0.033393394193858894,GCST90200654,cancerType_celltype,LUAD_Epi_LUAD,tissue,Tumor,Adjacent,group2_higher,3.08881627676806e-08,0.0018480014037949135
29319,3332,-0.1690564323054275,-0.2086101667303564,-0.2347125560045242,-0.31520096957683563,1.0581619719154902,1.1311134514493244,0.039553734424928905,0.08048841357231143,,0.01297431876446479,-0.303302942717655,1.9250594013023703,1.9250594013023703,0.05429236975989163,50473796.0,3.1583065487382576,0.001586891199803956,0.037110610569145996,0.033336613065363174,GCST90200252,cancerType_celltype,LUAD_Epi_LUAD,tissue,Tumor,Adjacent,group1_higher,0.059913199372783006,0.001880811048115471
29319,3332,0.09428106964878152,0.14296845598435828,0.0581571646034717,0.09336399659514419,0.8890716172169884,0.8413901127973696,-0.04868738633557676,-0.03520683199167249,,-0.021146241655283227,0.600651628729431,-3.146519224516133,-3.146519224516133,0.0016637609734401115,47218250.0,-3.1560993018254693,0.001598949456783434,-0.055056005871305734,-0.033313315093764895,GCST90200061,cancerType_celltype,LUAD_Epi_LUAD,tissue,Tumor,Adjacent,group2_higher,0.0019633819972284606,0.0018924605929217565
29319,3332,-0.007963549249263504,-0.06991922004250001,-0.0987281650304794,-0.13544828444719315,0.8870877980981245,0.8265161097669731,0.0619556707932365,0.03672011941671374,,0.03290080550061127,-3.1340451047023965,4.06881017287637,4.06881017287637,4.811097536771778e-05,50472606.5,3.155999413234952,0.0015994971408993864,0.07031637465055142,0.03331226074795013,GCST90200960,cancerType_celltype,LUAD_Epi_LUAD,tissue,Tumor,Adjacent,group1_higher,5.939787991503563e-05,0.0018924605929217565
29319,3332,-0.09066233407483822,-0.033398389835037456,-0.1554784476757049,-0.10272274538874625,1.0345556199049912,0.9502807495875312,-0.05726394423980076,-0.05275570228695865,,-0.02125885487085539,-1.4406974694961399,-3.2654404355034923,-3.2654404355034923,0.001101544698204506,47228685.0,-3.1358597398439665,0.001713516990087217,-0.05579787890187,-0.03309968211166592,GCST90199696,cancerType_celltype,LUAD_Epi_LUAD,tissue,Tumor,Adjacent,group2_higher,0.0013089846762447616,0.0020256059475185404
29319,3332,-0.29549483205993726,-0.3233534762045859,-0.3757006824016571,-0.4545225352048874,0.8133257110345358,0.8065200568397964,0.027858644144648614,0.07882185280323029,,0.0159986886550521,-0.1299788003170822,1.8877670469168764,1.8877670469168764,0.05912712098963646,50457368.0,3.1264430581553997,0.0017693534865345683,0.034281909074625215,0.03300028698678892,GCST90200375,cancerType_celltype,LUAD_Epi_LUAD,tissue,Tumor,Adjacent,group1_higher,0.06504460525332889,0.0020897996552397026
29319,3332,-0.3343414307668212,-0.28581307896638247,-0.375427782535553,-0.3284458369016647,0.9745041518542659,0.8493579572231282,-0.04852835180043874,-0.0469819456338883,,-0.01970904960216843,-0.22624947212377267,-3.075978122347138,-3.075978122347138,0.0021110463603213844,47244699.0,-3.1047992371538102,0.0019040884119708328,-0.05042001800329028,-0.03277183174507903,GCST90200486,cancerType_celltype,LUAD_Epi_LUAD,tissue,Tumor,Adjacent,group2_higher,0.00248476354846118,0.0022469891822651474
29319,3332,0.1089360117889326,0.16977925092845358,0.0692792534828186,0.09712002798914905,0.7624152288332235,0.7931608725323238,-0.060843239139520985,-0.02784077450633045,,-0.0377167779795357,0.6401744535883125,-4.2123176574228625,-4.2123176574228625,2.5824588642336608e-05,47246595.5,-3.1011208155632093,0.0019279024462396967,-0.07947042274087672,-0.03273300520453759,GCST90200071,cancerType_celltype,LUAD_Epi_LUAD,tissue,Tumor,Adjacent,group2_higher,3.2203947227360286e-05,0.0022731237320282927
29319,3332,-0.4367500998448499,-0.38921959169916354,-0.5118066668510437,-0.4792352467775345,0.8971500633619046,0.8454353154239712,-0.04753050814568638,-0.032571420073509216,,-0.021697291654917836,-0.16622329834243865,-3.055588204858132,-3.055588204858132,0.002260200863103182,47248138.5,-3.0981280370162563,0.0019474790778081443,-0.053284651627549,-0.03270141577556018,GCST90200797,cancerType_celltype,LUAD_Epi_LUAD,tissue,Tumor,Adjacent,group2_higher,0.002653448558492366,0.002294221247236388
29319,3332,-0.1491962342411562,-0.1889681673013428,-0.2031097114086151,-0.2406024038791656,0.6424206481855437,0.6160365977646177,0.039771933060186615,0.03749269247055048,,0.027895031575287024,-0.34093006805381787,3.5157568726150292,3.5157568726150292,0.0004431377504242177,50431199.5,3.0756870468748105,0.0021001883591861632,0.062165143810592065,0.03246454624006567,GCST90200324,cancerType_celltype,LUAD_Epi_LUAD,tissue,Tumor,Adjacent,group1_higher,0.0005321557302451178,0.0024719833623236104
29319,3332,-0.15855830817639513,-0.2027844623024422,-0.2067629843950271,-0.2585931569337845,0.7430934724098385,0.6823277579180268,0.04422615412604708,0.05183017253875738,,0.025161960397832337,-0.3549316562803673,3.5122137819071937,3.5122137819071937,0.00044897960437622204,50428804.5,3.0710417425196885,0.0021331401972415343,0.059998306222808585,0.03241551404149101,GCST90200634,cancerType_celltype,LUAD_Epi_LUAD,tissue,Tumor,Adjacent,group1_higher,0.0005386964795464706,0.00250860231996567
29319,3332,0.002603205340480037,0.04286923457063477,-0.0659219324588775,-0.030406585894525003,0.7691515743697187,0.7689027785514743,-0.04026602923015473,-0.03551534656435249,,-0.02433480027617184,4.041061197099553,-2.8643881044140995,-2.8643881044140995,0.004199260460919697,47269540.5,-3.0566170542152866,0.002238507832343564,-0.05235295521578726,-0.032263258316730936,GCST90200657,cancerType_celltype,LUAD_Epi_LUAD,tissue,Tumor,Adjacent,group2_higher,0.004854615783064926,0.002630246703003688
29319,3332,0.24236628141856784,0.2772514674558958,0.2028763443231582,0.23952492326498032,0.7523382022487197,0.6715763954641214,-0.03488518603732796,-0.03664857894182211,,-0.01905798172835621,0.19400534586941237,-2.805088271448723,-2.805088271448723,0.0050526743506441926,47277871.0,-3.040459347355018,0.0023621833888939304,-0.04685720473097731,-0.032092710203901476,GCST90200577,cancerType_celltype,LUAD_Epi_LUAD,tissue,Tumor,Adjacent,group2_higher,0.005816549949263543,0.0027731748140072585
29319,3332,0.451444465065217,0.5568063172271221,0.3131510317325592,0.42320357263088226,1.6964752146889717,1.7798835833413884,-0.10536185216190513,-0.11005254089832306,,-0.026134504385155972,0.3026264507024999,-3.253182103963998,-3.253182103963998,0.0011505694851567433,47285964.5,-3.024761321969556,0.002488302052601554,-0.06178958095217854,-0.03192701412909382,GCST90199651,cancerType_celltype,LUAD_Epi_LUAD,tissue,Tumor,Adjacent,group2_higher,0.0013648618000597398,0.002918722631407847
29319,3332,-0.020968039803738417,-0.06037921562132383,-0.0615383349359035,-0.10537351667881009,0.7755599257540197,0.7267338273357083,0.039411175817585416,0.04383518174290659,,0.023849662339746273,-1.5258151085153824,2.945552744695704,2.945552744695704,0.003241315252990606,50404169.0,3.023259113943234,0.0025006882751422415,0.051135518913619615,0.031911157996402206,GCST90200306,cancerType_celltype,LUAD_Epi_LUAD,tissue,Tumor,Adjacent,group1_higher,0.003766336478965214,0.002930729251091036
29319,3332,0.03376434906964349,0.06658848133427636,0.0215100143104791,0.08677358925342554,0.70248539952548,0.7525557174869767,-0.03282413226463287,-0.06526357494294643,,-0.019751643289593314,0.9797508307219729,-2.401612482400476,-2.401612482400476,0.016368121033521005,47287870.5,-3.0210644743282775,0.002518885250347838,-0.046377746634967465,-0.03188799309757673,GCST90200752,cancerType_celltype,LUAD_Epi_LUAD,tissue,Tumor,Adjacent,group2_higher,0.018437809065032337,0.0029495194125636628
29319,3332,0.004669948264060197,0.05152125700537837,0.003776860423386,0.02922207769006485,0.7387427736895519,0.7182768154705187,-0.046851308741318175,-0.025445217266678852,,-0.030821913696504225,3.4634084232453586,-3.5573916751562065,-3.5573916751562065,0.00037871828069640866,47307589.0,-2.9828187816658667,0.0028560795140535854,-0.06359784246111845,-0.03148430148688963,GCST90199638,cancerType_celltype,LUAD_Epi_LUAD,tissue,Tumor,Adjacent,group2_higher,0.0004555984259392807,0.0033414904529227786
29319,3332,0.18728602694464916,0.23406486087033943,0.1478275507688522,0.2020376324653625,0.7370693445715681,0.7674762157745161,-0.046778833925690266,-0.05421008169651029,,-0.025476296579046005,0.32166355887840414,-3.3472740346032412,-3.3472740346032412,0.0008235298611808224,47326326.0,-2.946476790976129,0.0032141754648767726,-0.06319510030466896,-0.031100703864887835,GCST90200759,cancerType_celltype,LUAD_Epi_LUAD,tissue,Tumor,Adjacent,group2_higher,0.0009811811195712071,0.0037572222629734487
29319,3332,-0.17084850343974228,-0.21161958783027532,-0.2300058603286743,-0.25611960887908936,0.6306032083305755,0.571526014868398,0.040771084390533036,0.026113748550415067,,0.027413879669434725,-0.3087539343608982,3.8594890681454217,3.8594890681454217,0.00011528828349440829,50361515.0,2.940528085983578,0.003276543215595506,0.06525129506594518,0.031037913988884114,GCST90200992,cancerType_celltype,LUAD_Epi_LUAD,tissue,Tumor,Adjacent,group1_higher,0.0001409308792850928,0.0038268452466638176
29319,3332,-0.2745696955319844,-0.35174764533998026,-0.3322140276432037,-0.3905996531248092,0.9844761824250864,0.7802402831613372,0.07717794980799586,0.05838562548160553,,0.03788530924026616,-0.3573672100535186,5.254185096008856,5.254185096008856,1.5535939270375664e-07,50358925.5,2.935505532485629,0.0033300571395635755,0.07992580590167755,0.030984899843494063,GCST90200179,cancerType_celltype,LUAD_Epi_LUAD,tissue,Tumor,Adjacent,group1_higher,2.041994717986695e-07,0.003886017021596878
29319,3332,0.1416799167322771,0.047944676777216415,0.0168699566274881,-0.0193332657217979,1.5408743618869256,1.3858035288574222,0.09373523995506067,0.036203222349286,,0.024319848489431025,1.5631728124683972,3.6559936125444215,3.6559936125444215,0.00025923340805876407,50346395.0,2.91120157164143,0.0036004277930803226,0.06143449212476001,0.03072836624673414,GCST90199909,cancerType_celltype,LUAD_Epi_LUAD,tissue,Tumor,Adjacent,group1_higher,0.00031379674527894796,0.004197932490991
29319,3332,-0.16691217963655167,-0.22651621586140078,-0.242091491818428,-0.27862864732742304,0.9306457279307724,0.8525522182787482,0.05960403622484911,0.03653715550899503,,0.026899967471684733,-0.44052282689928696,3.787293111072841,3.787293111072841,0.00015438429077451078,50345086.0,2.9086626558164386,0.003629794260225039,0.06457775021914554,0.030701567437575683,GCST90199986,cancerType_celltype,LUAD_Epi_LUAD,tissue,Tumor,Adjacent,group1_higher,0.00018821626862760126,0.0042285551937493405
29319,3332,-0.04149722470688735,-0.004598455152039778,-0.1357986479997635,-0.0946436487138271,0.8807200531339776,0.8337271467243277,-0.036898769554847576,-0.04115499928593638,,-0.017733772614392945,-3.1735147434722832,-2.40665252584592,-2.40665252584592,0.016142165838458226,47350007.0,-2.9005454955967367,0.003725149101786815,-0.042119906752439484,-0.03061588904465906,GCST90200161,cancerType_celltype,LUAD_Epi_LUAD,tissue,Tumor,Adjacent,group2_higher,0.018198322611926023,0.004335933583036233
29319,3332,-0.2519733935210497,-0.33341999238494324,-0.3748339116573334,-0.4230233430862427,1.4464468209546328,1.4535630381401572,0.08144659886389355,0.0481894314289093,,0.02343643570461132,-0.404067810437325,3.066439940392829,3.066439940392829,0.0021803043527408228,50328610.5,2.876707034980191,0.004018497222698959,0.05627973787363491,0.030364268904123692,GCST90200490,cancerType_celltype,LUAD_Epi_LUAD,tissue,Tumor,Adjacent,group1_higher,0.0025640680179342032,0.004673388834930616
29319,3332,0.0012853034139801525,0.023292758989913415,-0.052924133837223,-0.01900199986994265,0.6826000499382989,0.6333928688527337,-0.02200745557593326,-0.033922133967280346,,-0.014541247165274123,4.17864057909671,-1.8850713863636588,-1.8850713863636588,0.059488206003122365,47369072.0,-2.86356732126254,0.0041890106917055045,-0.0324716641906219,-0.03022557636581702,GCST90199978,cancerType_celltype,LUAD_Epi_LUAD,tissue,Tumor,Adjacent,group2_higher,0.06538905224375467,0.0048675375727149205
29319,3332,0.18054434806619615,0.23139564206032157,0.113306313753128,0.1883098632097244,1.1628874913376213,1.0616969939726404,-0.05085129399412541,-0.0750035494565964,,-0.016044255237292346,0.35800668049185724,-2.593578300185305,-2.593578300185305,0.009530555414223672,47371275.0,-2.85929441708954,0.004245858211385398,-0.04410459377423918,-0.03018047493222198,GCST90200286,cancerType_celltype,LUAD_Epi_LUAD,tissue,Tumor,Adjacent,group2_higher,0.010843194515514912,0.004929390751378447
29319,3332,-0.16122594815932376,-0.20447510902016744,-0.2172349393367767,-0.23770054429769516,0.623641215197348,0.567129858064078,0.04324916086084368,0.020465604960918454,,0.03373652567664262,-0.3428393863679243,4.127495472704561,4.127495472704561,3.7368301570626014e-05,50319404.0,2.858850252288988,0.004251807429697109,0.06996973686965433,0.030175786676074345,GCST90200017,cancerType_celltype,LUAD_Epi_LUAD,tissue,Tumor,Adjacent,group1_higher,4.638706287865506e-05,0.004932096618448647
29319,3332,0.34652418585199074,0.24817083188685007,0.1990268528461456,0.1558035910129547,1.1207591949130782,0.886142264686901,0.09835335396514067,0.04322326183319089,,0.0412577036508367,0.48162083759434393,5.89342539465685,5.89342539465685,4.0506472149144314e-09,50317728.5,2.8556004788246843,0.004295565967598752,0.08948380767683374,0.030141484609806257,GCST90199660,cancerType_celltype,LUAD_Epi_LUAD,tissue,Tumor,Adjacent,group1_higher,5.548776034098865e-09,0.004978619399521343
29319,3332,0.2900831863507869,0.34760227686713363,0.2468641400337219,0.2754217386245727,0.9082373892300366,0.8598454307222465,-0.05751909051634674,-0.028557598590850802,,-0.02523201755937036,0.26097003194573903,-3.637650796841906,-3.637650796841906,0.00027842317403357144,47377140.5,-2.8479177854841256,0.0044006425394400766,-0.06366823426314243,-0.030060392109365952,GCST90200317,cancerType_celltype,LUAD_Epi_LUAD,tissue,Tumor,Adjacent,group2_higher,0.0003367265183742306,0.005096071182036385
29319,3332,-0.05368554671573399,-0.01771418384280977,-0.1026776656508445,-0.06949367001652715,0.8943116318896484,0.7794140626074164,-0.03597136287292421,-0.033183995634317356,,-0.01758264875343833,-1.599574171902371,-2.484640213891341,-2.484640213891341,0.013005223518806428,47397615.0,-2.808205767104607,0.004981853383487216,-0.04072502534490871,-0.02964122311157147,GCST90200431,cancerType_celltype,LUAD_Epi_LUAD,tissue,Tumor,Adjacent,group2_higher,0.014734929057467299,0.005764232734883764
29319,3332,0.011681446165056952,0.0631532476151874,-0.0450739450752735,0.014869082719087549,1.0647736044923637,0.985561749823197,-0.051471801450130444,-0.059943027794361045,,-0.016386480008777595,2.4345373807538624,-2.8326337543960833,-2.8326337543960833,0.004638287303483741,47398956.5,-2.8056038147904543,0.005022255145120198,-0.04869778031643889,-0.02961375893854934,GCST90200877,cancerType_celltype,LUAD_Epi_LUAD,tissue,Tumor,Adjacent,group2_higher,0.005348549572460524,0.005806050689396802
29319,3332,-0.26590817005115946,-0.22496564024938717,-0.3137882351875305,-0.28792139887809753,0.850886841687869,0.8077427635693449,-0.04094252980177229,-0.025866836309432983,,-0.019932367875882206,-0.24122244673497212,-2.7571695607223483,-2.7571695607223483,0.005855510932302363,47402937.0,-2.7978832995563985,0.005143884856608829,-0.04836193718718566,-0.029532267219790853,GCST90201016,cancerType_celltype,LUAD_Epi_LUAD,tissue,Tumor,Adjacent,group2_higher,0.006723724853182916,0.005941622931828672
29319,3332,0.21771370859476186,0.2779016960218333,0.1770302504301071,0.20986010134220118,0.7209328590011083,0.7993368414527614,-0.06018798742707143,-0.03282985091209409,,-0.033084517531233044,0.3521409527489036,-4.158460647094136,-4.158460647094136,3.2716608649645254e-05,47422707.0,-2.759537718303471,0.005788337660481695,-0.0825263761052275,-0.02912752126328888,GCST90200130,cancerType_celltype,LUAD_Epi_LUAD,tissue,Tumor,Adjacent,group2_higher,4.068680436995117e-05,0.006680359213578789
29319,3332,-0.2945847363217015,-0.3356420289113544,-0.3302344083786011,-0.3889089673757553,0.9037570866381581,0.8322680545320424,0.041057292589652905,0.058674558997154236,,0.01880699470626394,-0.18824010131229718,2.674061528476507,2.674061528476507,0.007522376895327303,50264918.0,2.753170063106032,0.00590214029377231,0.04578584605503158,0.02906030927668324,GCST90200645,cancerType_celltype,LUAD_Epi_LUAD,tissue,Tumor,Adjacent,group1_higher,0.008594299839338737,0.006805936734696834
29319,3332,-0.06736239948005358,-0.04303266069734195,-0.1414269804954528,-0.11359352990984914,0.7521211953786854,0.6931737121443224,-0.024329738782711635,-0.02783345058560366,,-0.014910018511286323,-0.6464993758816622,-1.902743076971858,-1.902743076971858,0.057141227147721595,47435095.5,-2.7355091784272996,0.0062284032856194564,-0.03259958912977507,-0.028873894794795074,GCST90200134,cancerType_celltype,LUAD_Epi_LUAD,tissue,Tumor,Adjacent,group2_higher,0.06296159466640625,0.007176089330768656
29319,3332,0.05400320184725342,0.007272577679615148,0.0056372648105025,-0.0172854401171207,0.710164492976143,0.6466756124099072,0.04673062416763828,0.022922704927623203,,0.026785788840157577,2.892334594677281,3.91179874961697,3.91179874961697,9.302636721651119e-05,50249096.5,2.722482930390139,0.006479357077299511,0.06638349756618757,0.028736399911443167,GCST90200495,cancerType_celltype,LUAD_Epi_LUAD,tissue,Tumor,Adjacent,group1_higher,0.00011412685735022929,0.007458922040843947
29319,3332,0.876487708505318,0.9349998930053133,0.8841356039047241,0.929182767868042,1.179984828474175,1.0660312418708588,-0.05851218449999529,-0.04504716396331787,,-0.022568901771068454,0.09323223752379792,-2.9683900684718196,-2.9683900684718196,0.0030101060065826695,47461434.0,-2.6844234378187894,0.007265523276612772,-0.050058856905539184,-0.028334673683245937,GCST90200716,cancerType_celltype,LUAD_Epi_LUAD,tissue,Tumor,Adjacent,group2_higher,0.0035066448606599814,0.008356884578922539
29319,3332,-0.09330746145979232,-0.14230445307439063,-0.1740469336509704,-0.20863310992717735,0.8153068036884347,0.7342091758572757,0.048996991614598306,0.03458617627620694,,0.025602644055547873,-0.6089111267316151,3.6076404156179938,3.6076404156179938,0.00031249047541356226,50214631.0,2.655634188322724,0.007915966012952583,0.06068444773134617,0.028030796888488307,GCST90200478,cancerType_celltype,LUAD_Epi_LUAD,tissue,Tumor,Adjacent,group1_higher,0.00037725820902452203,0.009097353858055962
29319,3332,-0.010697818640425303,0.02244069638556314,-0.1005174964666366,-0.030978569760918548,0.9125100976044103,0.8724658848581224,-0.03313851502598844,-0.06953892670571805,,-0.01693102600496065,1.0687302309558073,-2.067723618527263,-2.067723618527263,0.03872707190332143,47493271.0,-2.6226728930363175,0.00872432381572999,-0.03647585676460273,-0.027682883242317713,GCST90200055,cancerType_celltype,LUAD_Epi_LUAD,tissue,Tumor,Adjacent,group2_higher,0.042949551671462256,0.010017905106015143
29319,3332,-0.19382328214622682,-0.27668647762112114,-0.2649825513362884,-0.3029307425022125,1.3981479690377996,1.2461004631842676,0.08286319547489432,0.03794819116592413,,0.022096609287062908,-0.5135080299155313,3.5902462585430706,3.5902462585430706,0.0003340178319399287,50196860.5,2.6211668058414315,0.008762962354876128,0.05989817051276575,0.027666986164157636,GCST90200568,cancerType_celltype,LUAD_Epi_LUAD,tissue,Tumor,Adjacent,group1_higher,0.0004028905353399317,0.010053802769104513
29319,3332,-0.18683655590254156,-0.2194146757347462,-0.2297817319631576,-0.27906061708927155,0.7125707448915228,0.6730501252266342,0.032578119832204655,0.04927888512611395,,0.019098220351976954,-0.2318821221223204,2.631449563952339,2.631449563952339,0.008533039000639647,50184125.0,2.5964652302194455,0.00941887038342684,0.045972759572140726,0.02740625565687238,GCST90200739,cancerType_celltype,LUAD_Epi_LUAD,tissue,Tumor,Adjacent,group1_higher,0.009716401134395855,0.010797241659050279
29319,3332,0.3551023878945847,0.4203794889845773,0.2881419360637665,0.3276274651288986,1.1167555932258801,1.07966971284695,-0.06527710108999257,-0.03948552906513214,,-0.023482755654991305,0.2434565868252827,-3.2953821431419223,-3.2953821431419223,0.0009910695203466323,47521507.5,-2.567905821460784,0.010231523559672002,-0.05864818325159724,-0.027104804881125655,GCST90200612,cancerType_celltype,LUAD_Epi_LUAD,tissue,Tumor,Adjacent,group2_higher,0.0011787327715815533,0.011718963539355412
29319,3332,-0.1351765050608982,-0.0912184920785485,-0.2814803123474121,-0.16538903862237925,1.663318674815957,1.5084722252095175,-0.043958012982349706,-0.11609127372503286,,-0.010949173860358156,-0.567441049947523,-1.5766981166467842,-1.5766981166467842,0.11493846593483745,47522661.5,-2.565667541199485,0.010297776409414155,-0.02667052413267885,-0.027081179345779027,GCST90200808,cancerType_celltype,LUAD_Epi_LUAD,tissue,Tumor,Adjacent,group2_higher,0.12453189910109971,0.011784944790958433
29319,3332,0.4512033710328227,0.3979478762624841,0.4198809862136841,0.3780504912137985,1.0406963618829606,0.9745459417408774,0.053255494770338585,0.04183049499988556,,0.021738272036679603,0.18119794150527135,2.967922726922823,2.967922726922823,0.003014954946282375,50158800.5,2.5473462280727697,0.01085459813979034,0.051497312467724855,0.026887793897872214,GCST90199796,cancerType_celltype,LUAD_Epi_LUAD,tissue,Tumor,Adjacent,group1_higher,0.0035092942713773503,0.012411759450112613
29319,3332,-0.4129482251005368,-0.48235187338095487,-0.4382294118404388,-0.4902873784303665,1.31708848071829,1.1611021469080887,0.06940364828041806,0.05205796658992773,,0.01846553676648856,-0.22412455715544014,3.2227598677491254,3.2227598677491254,0.0012789523223661623,50157807.0,2.545419251088714,0.010914690767165206,0.053304170524405635,0.02686745423637582,GCST90199761,cancerType_celltype,LUAD_Epi_LUAD,tissue,Tumor,Adjacent,group1_higher,0.0015158365351174601,0.012470011329125041
29319,3332,-0.36291107021080443,-0.3115649502068088,-0.4374530613422394,-0.3564040958881378,1.379036088047067,1.4104075460533552,-0.05134612000399563,-0.08104896545410156,,-0.015924313933016077,-0.22008246502060463,-1.9958084459038694,-1.9958084459038694,0.04602100334088494,47539692.5,-2.5326344812946484,0.011320924776435948,-0.03714624760637814,-0.02673250820844042,GCST90200493,cancerType_celltype,LUAD_Epi_LUAD,tissue,Tumor,Adjacent,group2_higher,0.05095583066907082,0.012923300226366998
29319,3332,0.28954110826504403,0.3355478000172791,0.261555016040802,0.3064650595188141,1.0122180981462585,0.9444424130330161,-0.04600669175223504,-0.044910043478012085,,-0.01780754744292788,0.21274942240025796,-2.644566587680786,-2.644566587680786,0.008209646102058819,47546333.0,-2.5197546718707704,0.011743697601807919,-0.04575446561220761,-0.02659655901652591,GCST90200791,cancerType_celltype,LUAD_Epi_LUAD,tissue,Tumor,Adjacent,group2_higher,0.009355976285205828,0.013394694419467945
29319,3332,-0.3496462092410239,-0.3197689293852296,-0.4086526930332184,-0.3784366101026535,0.8702237675828542,0.7414987000774782,-0.029877279855794303,-0.03021608293056488,,-0.013352438087931112,-0.1288657135241611,-2.162742179448934,-2.162742179448934,0.030614195517796663,47546746.0,-2.518953623562351,0.011770448280043002,-0.03482298693063685,-0.02658810377727272,GCST90199768,cancerType_celltype,LUAD_Epi_LUAD,tissue,Tumor,Adjacent,group2_higher,0.03411868233095409,0.013413980773995495
29319,3332,-0.054677652150390096,-0.030404048819779133,-0.1031091585755348,-0.0557856559753418,0.6948162194006536,0.6724364524317432,-0.024273603330610963,-0.04732350260019301,,-0.013700882005915968,-0.8466667744128451,-1.9677386825068175,-1.9677386825068175,0.04916410312441685,47547124.5,-2.518219490911656,0.011795011785435933,-0.03504879125774304,-0.026580354847351773,GCST90199785,cancerType_celltype,LUAD_Epi_LUAD,tissue,Tumor,Adjacent,group2_higher,0.05434766630866194,0.013430744413992628
29319,3332,-0.23059893235171228,-0.2853803882458129,-0.2945592701435089,-0.33479852974414825,0.9342699490656485,0.9159255286438847,0.054781455894100634,0.04023925960063934,,0.020510018681655025,-0.3074991596922877,3.2648073014519245,3.2648073014519245,0.001104255437799891,50139438.0,2.5097910274147113,0.012080295843718336,0.05875223131128495,0.026491390580585028,GCST90199708,cancerType_celltype,LUAD_Epi_LUAD,tissue,Tumor,Adjacent,group1_higher,0.001311062858642205,0.01373555063295956
29319,3332,0.5750036063155783,0.5501419376794386,0.5048196911811829,0.4206379354000091,1.0768821768091996,1.11061993249861,0.0248616686361397,0.08418175578117376,,0.010099779279928766,0.06376700625322017,1.2282126347875029,1.2282126347875029,0.21943807965873924,50139399.5,2.5097163534198583,0.012082850483432512,0.023012126096397377,0.026490602380315753,GCST90200762,cancerType_celltype,LUAD_Epi_LUAD,tissue,Tumor,Adjacent,group1_higher,0.23439976690819875,0.01373555063295956
29319,3332,-0.08905216652221247,-0.17078004540584654,-0.2200074642896652,-0.3177185505628586,1.7017991742874126,1.5098136596735852,0.08172787888363407,0.09771108627319339,,0.02153718311568596,-0.9394090462386596,2.9208756174877775,2.9208756174877775,0.0035084321499692416,50125761.0,2.4832633331913274,0.013018516382816715,0.04855461928254395,0.026211384993985343,GCST90200829,cancerType_celltype,LUAD_Epi_LUAD,tissue,Tumor,Adjacent,group1_higher,0.00406978129396432,0.01478686485814932
29319,3332,0.3713076164850665,0.3901244561339696,0.3397022783756256,0.44205014407634735,0.7475839655066062,0.8214574237222816,-0.018816839648903128,-0.10234786570072174,,-0.011244269392484872,0.07131934457863252,-1.2640976420706185,-1.2640976420706185,0.2062689434834194,47566200.0,-2.4812209509424994,0.013093354032821589,-0.024908059363461275,-0.026189827204799898,GCST90200967,cancerType_celltype,LUAD_Epi_LUAD,tissue,Tumor,Adjacent,group2_higher,0.22119950430204613,0.014859485051403686
29319,3332,-0.0008452603269308239,-0.026537398104901973,-0.022917415946722,-0.07507624849677086,0.8155090033482123,0.7170847867781562,0.02569213777797115,0.052158832550048856,,0.012427566894078517,-4.97083594597575,1.931093952932727,1.931093952932727,0.053536015284917526,50118624.0,2.469420520171492,0.01353324449216657,0.03187538740034464,0.02606527108950618,GCST90200046,cancerType_celltype,LUAD_Epi_LUAD,tissue,Tumor,Adjacent,group1_higher,0.05913256793625817,0.015345933646275404
29319,3332,-0.23505741699272045,-0.26842444397623594,-0.2793691754341125,-0.3222962021827698,0.8032644883099366,0.7762389345307695,0.033367026983515485,0.04292702674865728,,0.016503359850737507,-0.19150208908893973,2.342807928153629,2.342807928153629,0.019185843758847566,50101125.5,2.4354807046148728,0.014872057624074222,0.04168018009325977,0.02570702894889676,GCST90199663,cancerType_celltype,LUAD_Epi_LUAD,tissue,Tumor,Adjacent,group1_higher,0.021540613709480422,0.01685005365055126
29319,3332,-0.15699546184179008,-0.12467380089930659,-0.2330475151538849,-0.1988011226058006,0.6742287194115176,0.7159322069831396,-0.032321660942483496,-0.03424639254808429,,-0.024386447428367205,-0.3325621470397147,-2.4838285375515508,-2.4838285375515508,0.013038163445880262,47604233.0,-2.4074527419494487,0.016064283814737797,-0.047629852040053454,-0.025411187702339744,GCST90200304,cancerType_celltype,LUAD_Epi_LUAD,tissue,Tumor,Adjacent,group2_higher,0.014759980711573752,0.018185729933129252
29319,3332,0.20578352054314786,0.16001576206722398,0.1355913877487182,0.11746893823146815,0.8877077434921348,0.8143963743899604,0.045767758475923875,0.01812244951725006,,0.026581954915320304,0.3629114262305113,3.0448997520147563,3.0448997520147563,0.0023417317457959446,50056562.5,2.3490470102610925,0.01882157935648784,0.051978820252442146,0.024794702491658605,GCST90200264,cancerType_celltype,LUAD_Epi_LUAD,tissue,Tumor,Adjacent,group1_higher,0.002746798941067016,0.0212894710895377
29319,3332,-0.08008882067781235,-0.03858531933276893,-0.1463745385408401,-0.11999688297510144,1.0479119900957004,0.9828525999929694,-0.04150350134504342,-0.02637765556573865,,-0.015770629749583612,-1.0535294546201506,-2.2938517321983443,-2.2938517321983443,0.021847705148727015,47635041.5,-2.3476970596008986,0.018889927129740594,-0.0398512477446264,-0.024780453468607355,GCST90200494,cancerType_celltype,LUAD_Epi_LUAD,tissue,Tumor,Adjacent,group2_higher,0.024508989397296232,0.021349063580295546
29319,3332,-0.08377803831309003,-0.12399048764437998,-0.1407087594270706,-0.1776488050818443,0.797782671843804,0.734130206167721,0.04021244933128995,0.03694004565477371,,0.021221700185546755,-0.5655798501073817,2.968886192213141,2.968886192213141,0.0030054044633548095,50037468.0,2.31201161819058,0.020777096510067337,0.050803887809330574,0.024403785867155525,GCST90200741,cancerType_celltype,LUAD_Epi_LUAD,tissue,Tumor,Adjacent,group1_higher,0.00350416277463867,0.02346245446828648
29319,3332,-0.20385761757181595,-0.2411229563230448,-0.2843998372554779,-0.31365804374217987,0.8647757677433797,0.8419725013444109,0.037265338751228866,0.029258206486701965,,0.019454562313366456,-0.24220604960322092,2.4141976925751694,2.4141976925751694,0.01581269418854779,50036759.0,2.3106364529347214,0.02085299759825476,0.04320734743960075,0.024389270698558674,GCST90199908,cancerType_celltype,LUAD_Epi_LUAD,tissue,Tumor,Adjacent,group1_higher,0.01784164087664788,0.023528671958957977
29319,3332,-0.044894886679484554,-0.07134545967046604,-0.0990326926112175,-0.14722745865583414,0.9905726460642321,1.1020934045289656,0.02645057299098149,0.048194766044616644,,0.010732104287888043,-0.6682585699522081,1.325853598933474,1.325853598933474,0.18496453477729854,50035719.0,2.3086192852815577,0.020964770687748605,0.026384113036556713,0.02436797905491872,GCST90200592,cancerType_celltype,LUAD_Epi_LUAD,tissue,Tumor,Adjacent,group1_higher,0.19866561142746883,0.02363522121373147
29319,3332,0.03895744002971169,0.11796156710354154,-0.0196881368756294,-0.0012583641801028498,1.0581163862398741,1.1648640877930172,-0.07900412707382985,-0.01842977269552655,,-0.033144788331188266,1.5983213083830474,-3.7433777944248954,-3.7433777944248954,0.00018412631555734643,47676278.5,-2.2677144225686785,0.023346677372131874,-0.07387046580890182,-0.02393621932554868,GCST90200349,cancerType_celltype,LUAD_Epi_LUAD,tissue,Tumor,Adjacent,group2_higher,0.00022367572914854114,0.026298777899351852
29319,3332,-0.1862498713792262,-0.2222585614570383,-0.237127274274826,-0.2685936987400055,0.7043191352995272,0.686594182074372,0.0360086900778121,0.0314664244651795,,0.018968485809969002,-0.2549983088872466,2.861081375592855,2.861081375592855,0.004243002822217995,50010128.5,2.2589843537159,0.023884418486158625,0.051255642468797165,0.02384407154860302,GCST90200469,cancerType_celltype,LUAD_Epi_LUAD,tissue,Tumor,Adjacent,group1_higher,0.004901027836172142,0.026882297602505538
29319,3332,-0.5023037148587713,-0.5436175738090163,-0.5869486331939697,-0.636563241481781,1.0514972096362183,1.0866206272508467,0.041313858950244975,0.04961460828781128,,0.01437127241133893,-0.11403193263072252,2.086462792367831,2.086462792367831,0.03699878356992916,50006752.0,2.2524353473881047,0.02429483531027472,0.03915507444376853,0.02377494536134317,GCST90199784,cancerType_celltype,LUAD_Epi_LUAD,tissue,Tumor,Adjacent,group1_higher,0.041099708236196776,0.027321667102231387
29319,3332,0.32954299157493727,0.285405361546163,0.303995817899704,0.27984718978404993,0.8710215783864073,0.8522123610030751,0.0441376300287743,0.024148628115654047,,0.02709464744621088,0.20745357469500736,2.82652797373936,2.82652797373936,0.004728012167594799,49995979.0,2.231540205919324,0.025645431530671007,0.050784204620063327,0.023554392595061202,GCST90199808,cancerType_celltype,LUAD_Epi_LUAD,tissue,Tumor,Adjacent,group1_higher,0.005447405396814634,0.028816754473458023
29319,3332,-0.11028275785602766,-0.07904617089191845,-0.1543109565973281,-0.1396471858024597,0.8547325387648581,0.7525154541110674,-0.031236586964109206,-0.014663770794868414,,-0.014780068310186894,-0.4804345979221468,-2.2376460294152793,-2.2376460294152793,0.025294362100060412,47731389.5,-2.1608219932095425,0.030709167428562206,-0.036972038163252695,-0.02280794646723927,GCST90199935,cancerType_celltype,LUAD_Epi_LUAD,tissue,Tumor,Adjacent,group2_higher,0.02825919306752651,0.03447824975710896
29319,3332,0.05276276072845826,0.09341927444953149,0.0162925329059362,0.03437118604779235,0.921634609178135,0.8816364357743991,-0.040656513721073234,-0.018078653141856152,,-0.015671068927939943,0.8241882873769353,-2.510572788069868,-2.510572788069868,0.01209080691061631,47732516.5,-2.1586360817238543,0.030878486493057165,-0.044305821151580604,-0.02278487369571791,GCST90200197,cancerType_celltype,LUAD_Epi_LUAD,tissue,Tumor,Adjacent,group2_higher,0.013710291030923487,0.03463981653500981
29319,3332,0.26700270736542436,0.28897524286944476,0.1702864170074463,0.2039902731776237,1.2329370813639917,1.056204583675521,-0.021972535504020396,-0.033703856170177404,,-0.007685516165601694,0.11409111770166117,-1.117428640251132,-1.117428640251132,0.26387168533442446,47735425.5,-2.152993831047842,0.0313192395840419,-0.01806828396041965,-0.022725318511728876,GCST90200722,cancerType_celltype,LUAD_Epi_LUAD,tissue,Tumor,Adjacent,group2_higher,0.28098211493032854,0.035105364764020645
29319,3332,-0.11514311916223054,-0.15461949384737747,-0.2213459312915802,-0.26140958070755005,1.025811966784252,1.0148228639188999,0.039476374685146934,0.04006364941596985,,0.01774027568420488,-0.42529082168990456,2.12541563040766,2.12541563040766,0.033610949872358666,49931693.0,2.106852090773865,0.03513048663885919,0.038524954442879476,0.022238282399831943,GCST90200935,cancerType_celltype,LUAD_Epi_LUAD,tissue,Tumor,Adjacent,group1_higher,0.037366822737377535,0.03934499037696391
29319,3332,-0.005872995165288461,0.015396800396787444,-0.0711503699421882,-0.0288998624309897,0.7574929767263304,0.7720411906667698,-0.021269795562075904,-0.04225050751119849,,-0.016559022103117913,1.390310290746484,-1.5098386198812277,-1.5098386198812277,0.1311617759149694,47759757.0,-2.1058008360930813,0.03522174046556547,-0.028023814327544583,-0.022227186177858016,GCST90199980,cancerType_celltype,LUAD_Epi_LUAD,tissue,Tumor,Adjacent,group2_higher,0.14177121377644986,0.039414804806704215
29319,3332,-0.15571108295786498,-0.15737067238314636,-0.2561879158020019,-0.22228837013244623,0.7908897163508726,0.691410280578536,0.0016595894252813825,-0.033899545669555664,,0.0011007589941671855,-0.01529497342731986,0.12927474336249123,0.12927474336249123,0.8971461855415883,47762165.5,-2.1011293473501538,0.03562969845153636,0.0021240820146384604,-0.022177877597370665,GCST90199825,cancerType_celltype,LUAD_Epi_LUAD,tissue,Tumor,Adjacent,group1_higher,0.905114915538997,0.03983862099216084
29319,3332,-0.3944830169982408,-0.4283748329979047,-0.476363331079483,-0.5463323891162872,1.174203952182328,1.1754613442464648,0.0338918159996639,0.06996905803680425,,0.012482642289025223,-0.1189102432675412,1.5772941992220673,1.5772941992220673,0.11480455771013108,49923620.5,2.0911947966583226,0.036510692481917816,0.02886049888626689,0.022073016252443844,GCST90200245,cancerType_celltype,LUAD_Epi_LUAD,tissue,Tumor,Adjacent,group1_higher,0.12448576941838399,0.040790224469552445
29319,3332,0.0032986921698403577,-0.013779100302744759,-0.0516323447227478,-0.11381578445434565,0.8405000217743418,0.894967166200564,0.017077792472585118,0.062183439731597845,,0.008988843331550846,-2.062183043164621,1.0501092940828984,1.0501092940828984,0.29373086979179114,49912953.0,2.0705042813312815,0.038405236255798836,0.020181324682360554,0.02185462335962729,GCST90200933,cancerType_celltype,LUAD_Epi_LUAD,tissue,Tumor,Adjacent,group1_higher,0.3110762824601487,0.04287169288833236
29319,3332,-0.1050520255125075,-0.07615976861577721,-0.166178897023201,-0.1217461638152599,0.6465556851678123,0.7066325519219753,-0.028892256896730292,-0.04443273320794108,,-0.020041999925523024,-0.46399776849063257,-2.2553022470152877,-2.2553022470152877,0.024168316829357443,47796713.5,-2.034120589579483,0.041939536259281526,-0.04424960004174458,-0.02147058557383863,GCST90199637,cancerType_celltype,LUAD_Epi_LUAD,tissue,Tumor,Adjacent,group2_higher,0.02702331077802641,0.04677871351996785
29319,3332,0.04558290325294284,0.06567680141639447,-0.011677005328238,0.03101500589400525,0.692219433041255,0.6985342046169329,-0.020093898163451626,-0.042692011222243254,,-0.012459240696355548,0.5268813684770931,-1.5749056948918543,-1.5749056948918543,0.11535517731851358,47798323.5,-2.030997858885643,0.042255310178324575,-0.029001117903749683,-0.021437624471665306,GCST90200957,cancerType_celltype,LUAD_Epi_LUAD,tissue,Tumor,Adjacent,group2_higher,0.12488411968636538,0.04709238575065936
29319,3332,0.10648403299434138,0.14194367709837785,0.0503706149756908,0.05859674699604505,0.7919758279777138,0.7870209313308408,-0.03545964410403647,-0.00822613202035425,,-0.02286731267469932,0.41467808258018607,-2.462902374271101,-2.462902374271101,0.013822201374431521,47799021.0,-2.0296449988490264,0.042392736025455846,-0.04480216141814468,-0.021423344739512462,GCST90200374,cancerType_celltype,LUAD_Epi_LUAD,tissue,Tumor,Adjacent,group2_higher,0.015634573006929598,0.04720694379305255
29319,3332,0.054932966492968756,0.07511140499178948,0.0154887614771723,0.0379513092339038,0.6636294862278785,0.6385722427494445,-0.02017843849882072,-0.022462547756731503,,-0.012569843112854962,0.45135272688062616,-1.7214339459496544,-1.7214339459496544,0.08524589233085403,47801741.0,-2.024369329602291,0.04293226474564017,-0.030521757306553335,-0.0213676589023003,GCST90200004,cancerType_celltype,LUAD_Epi_LUAD,tissue,Tumor,Adjacent,group2_higher,0.0931757427802358,0.04776871579453678
29319,3332,-0.19244433000980096,-0.23929108830244067,-0.3032017350196838,-0.3409435451030731,1.174576554058055,1.0721808099326149,0.046846758292639706,0.03774181008338934,,0.015468586051856532,-0.31432403564245004,2.3659214102094106,2.3659214102094106,0.018029442132602855,49881017.0,2.0085617177049024,0.044583737571433184,0.040227618504686515,0.021200806118006454,GCST90199790,cancerType_celltype,LUAD_Epi_LUAD,tissue,Tumor,Adjacent,group1_higher,0.02025896918939628,0.049565770236430204
29319,3332,-0.17233795551160686,-0.06905206630276438,-0.2600907385349273,-0.2515348941087723,1.1232678237916836,1.3051421221111856,-0.10328588920884248,-0.008555844426155035,,-0.04034463046088293,-1.319471461410167,-4.387176097559163,-4.387176097559163,1.1785714333093877e-05,47814713.0,-1.999209042297638,0.045585845505479186,-0.09035202120786505,-0.021102086593360325,GCST90200538,cancerType_celltype,LUAD_Epi_LUAD,tissue,Tumor,Adjacent,group2_higher,1.4819122357939995e-05,0.05063855535775724
29319,3332,-0.2663010841675371,-0.24352307397646322,-0.3055725395679474,-0.2854388803243637,0.7759703060364642,0.7188862154438845,-0.022778010191073894,-0.02013365924358368,,-0.01161985108865083,-0.12899932022775157,-1.7187233850132828,-1.7187233850132828,0.08573735375854273,47841766.0,-1.9467374687197188,0.05156633343746231,-0.029568770426926076,-0.020548237713175932,GCST90200268,cancerType_celltype,LUAD_Epi_LUAD,tissue,Tumor,Adjacent,group2_higher,0.09363783106802383,0.057235270745326645
29319,3332,0.22914508936104724,0.19912010068082037,0.1969535201787948,0.18121219426393503,0.7668185193682239,0.7454764344509692,0.030024988680226877,0.01574132591485977,,0.01778623814925255,0.20262155445601845,2.1965676926721587,2.1965676926721587,0.02810614043931788,49838279.0,1.9256677646655682,0.054145992554796116,0.039265371911255224,0.0203258424008097,GCST90200844,cancerType_celltype,LUAD_Epi_LUAD,tissue,Tumor,Adjacent,group1_higher,0.031374831628820855,0.060049623964350776
29319,3332,0.6226560727383091,0.5963461565156928,0.6591442227363586,0.6023856699466705,1.014257443467386,0.9759171941306466,0.02630991622261636,0.05675855278968811,,0.013703951902207126,0.06228539701001646,1.468646238433679,1.468646238433679,0.14200380257567796,49833842.5,1.9170627989989717,0.05523007719517031,0.02603878887508765,0.02023501511522441,GCST90200355,cancerType_celltype,LUAD_Epi_LUAD,tissue,Tumor,Adjacent,group1_higher,0.1532471757012265,0.06120210993253426
29319,3332,-0.03942776712216349,-0.010277826459828918,-0.1418617367744445,-0.10470287874341005,0.9815606694758989,0.9705427371396744,-0.029149940662334572,-0.03715885803103444,,-0.013284310452304108,-1.9395730397408368,-1.6409541468280089,-1.6409541468280089,0.10088282131476431,47861019.5,-1.909393682748386,0.056211450122938676,-0.029731420606407506,-0.020154065923924103,GCST90200636,cancerType_celltype,LUAD_Epi_LUAD,tissue,Tumor,Adjacent,group2_higher,0.10982690531311802,0.06223899798340001
29319,3332,-0.14905321738282637,-0.12666810869778258,-0.2130058258771896,-0.1728502064943313,0.8980505214112534,0.8704244885718071,-0.022385108685043786,-0.040155619382858304,,-0.01030732264562,-0.2347724643712074,-1.402111862705123,-1.402111862705123,0.1609561228995822,47863731.5,-1.9041335301759055,0.05689292209344712,-0.025003722588902398,-0.020098543868586005,GCST90199792,cancerType_celltype,LUAD_Epi_LUAD,tissue,Tumor,Adjacent,group2_higher,0.17315169337973996,0.06294241299786398
29319,3332,0.045871892551590424,0.09866599933906234,-0.0395013988018035,-0.02505525853484865,1.0445223819578708,1.0704508408320175,-0.052794106787471914,-0.01444614026695485,,-0.02049406036687577,1.104925753750674,-2.7043359863167233,-2.7043359863167233,0.0068724704934681104,47874596.5,-1.883059946953191,0.05969237581827898,-0.05041467864545843,-0.019876107610751204,GCST90199645,cancerType_celltype,LUAD_Epi_LUAD,tissue,Tumor,Adjacent,group2_higher,0.00787157754840087,0.06598597586400183
29319,3332,0.4730069993743407,0.4967464448671118,0.4195438325405121,0.4752095341682434,1.1832656274190627,1.0269723745718855,-0.023739445492771072,-0.05566570162773132,,-0.008714930804366462,0.07064796445380381,-1.243801785276051,-1.243801785276051,0.2136387752598395,47881011.0,-1.8706184835770197,0.061398115302300264,-0.020320030117845365,-0.019744785256781472,GCST90200714,cancerType_celltype,LUAD_Epi_LUAD,tissue,Tumor,Adjacent,group2_higher,0.22874285206532696,0.0678165568533511
29319,3332,-0.3261049017084936,-0.3061520345173882,-0.3814812898635864,-0.3584482222795486,0.7681137083438263,0.703385785133083,-0.019952867191105395,-0.023033067584037836,,-0.011243839859979704,-0.0910875677078137,-1.5366177800142562,-1.5366177800142562,0.12446074878572327,47890967.5,-1.8513070126744007,0.06412553723935092,-0.026193051080355065,-0.01954094847803034,GCST90199685,cancerType_celltype,LUAD_Epi_LUAD,tissue,Tumor,Adjacent,group2_higher,0.1346349211070959,0.07077174676699215
29319,3332,-0.08594908768852202,-0.05309053465804586,-0.159787967801094,-0.15866332501173014,0.8118607901947766,0.7872412781802205,-0.03285855303047616,-0.001124642789363861,,-0.015858068361339073,-0.6950172671310813,-2.2757066239837114,-2.2757066239837114,0.02291398396571977,47892596.5,-1.848147429879205,0.06458115823904279,-0.04059702372910036,-0.019507598393905812,GCST90200998,cancerType_celltype,LUAD_Epi_LUAD,tissue,Tumor,Adjacent,group2_higher,0.02566290891148402,0.07121692449823246
29319,3332,0.12940959932193027,0.09559860282559599,0.1032564416527748,0.0603049416095018,1.019885246920371,0.953941392676538,0.03381099649633429,0.042951500043273,,0.013808884015027457,0.4368792559476837,1.9247238538021696,1.9247238538021696,0.05433067822799692,49783450.0,1.8193222980739248,0.06886242131229026,0.033365436220233274,0.019203342853564287,GCST90199899,cancerType_celltype,LUAD_Epi_LUAD,tissue,Tumor,Adjacent,group1_higher,0.059913199372783006,0.07587670189866744
29319,3332,0.06739673148638639,0.0555779179139572,-0.0616853646934032,-0.019281882792711202,0.8483021296550767,0.7236065992039543,0.011818813572429192,-0.042403481900692,,0.006827844685403335,0.2781622866613291,0.8768177717036235,0.8768177717036235,0.3806330568080485,47908601.5,-1.8171043834475857,0.06920128017385088,0.014130033362185344,-0.01917993228192738,GCST90199849,cancerType_celltype,LUAD_Epi_LUAD,tissue,Tumor,Adjacent,group1_higher,0.39969403422909866,0.07618848536103291
29319,3332,0.008712962315923521,-0.024824910647707168,-0.0454826392233371,-0.09831323847174639,0.9549549584623122,0.8809099442501838,0.033537872963630685,0.05283059924840929,,0.012767531210577767,-1.5104458593597396,2.064121667077907,2.064121667077907,0.03906643224081687,49774265.5,1.8015081862369233,0.07162297090222065,0.03538998655436238,0.01901531102566878,GCST90200167,cancerType_celltype,LUAD_Epi_LUAD,tissue,Tumor,Adjacent,group1_higher,0.0432906887351491,0.07879104870034442
29319,3332,-0.6952765458749371,-0.7349576930024966,-0.7837038636207581,-0.8148890435695648,1.0860459045307602,1.096951242081773,0.039681147127559435,0.031185179948806763,,0.01451566335816439,-0.08007417005188668,1.980681189456984,1.980681189456984,0.04769362412275226,49736966.0,1.7291626623146377,0.08378016028271079,0.03649970414905593,0.018251688273795086,GCST90200430,cancerType_celltype,LUAD_Epi_LUAD,tissue,Tumor,Adjacent,group1_higher,0.05276494292151894,0.09209061166559258
29319,3332,-0.16294980061947315,-0.19736834957680063,-0.2196181416511535,-0.25211063027381897,0.9149453488259828,0.8517632422929724,0.03441854895732749,0.03249248862266546,,0.012683560562816946,-0.2764615237993923,2.1931560475425673,2.1931560475425673,0.02835009026384369,49726494.5,1.7088523055068463,0.08747849075500647,0.03787667079445722,0.018037308036895405,GCST90199677,cancerType_celltype,LUAD_Epi_LUAD,tissue,Tumor,Adjacent,group1_higher,0.03162125452505643,0.09607831015235602
29319,3332,-0.08634006728613172,-0.10648518489575172,-0.1222255825996398,-0.14566598832607264,0.6638416802863661,0.6612466554811192,0.020145117609619997,0.023440405726432842,,0.012917759940855193,-0.30254744135736655,1.6657543209011174,1.6657543209011174,0.09583816728529218,49722809.0,1.7017039676359476,0.08881105816646204,0.030358354499701243,0.017961855774746294,GCST90199876,cancerType_celltype,LUAD_Epi_LUAD,tissue,Tumor,Adjacent,group1_higher,0.10441840288557412,0.0974401932129123
29319,3332,-0.03686664914736135,-0.06902993379485271,-0.0887252688407898,-0.1339929401874542,0.9805030977586284,0.8274741965324501,0.032163284647491366,0.0452676713466644,,0.013437818385480239,-0.9048875736069133,2.083580981704623,2.083580981704623,0.03725502543107543,49722670.5,1.7014353352129061,0.08886145279798238,0.03329527389640368,0.01795902030105001,GCST90200312,cancerType_celltype,LUAD_Epi_LUAD,tissue,Tumor,Adjacent,group1_higher,0.04135065119100636,0.0974401932129123
29319,3332,-0.03462743059974608,-0.023815262534828647,-0.0793091431260109,-0.0526579190045595,0.576791926396821,0.5639632788741411,-0.010812168064917433,-0.026651224121451392,,-0.008616802749275246,-0.5400099743218263,-1.046221320100776,-1.046221320100776,0.29551959784020293,47969091.0,-1.6997799000283145,0.089172516146006,-0.018787558061799676,-0.017941546822351162,GCST90199729,cancerType_celltype,LUAD_Epi_LUAD,tissue,Tumor,Adjacent,group2_higher,0.3127276489566744,0.09770268449116253
29319,3332,0.14568489962787545,0.13604205913495152,0.0848189890384674,0.027260269969701698,1.1120281149255857,1.0762314957044492,0.009642840492923938,0.057558719068765696,,0.0034047505737604994,0.09879789859837244,0.488410104358288,0.488410104358288,0.6252849982141349,49708957.0,1.6748368461632335,0.09396643768738763,0.00869955679127221,0.0176782674596494,GCST90200534,cancerType_celltype,LUAD_Epi_LUAD,tissue,Tumor,Adjacent,group1_higher,0.6466338790332821,0.10287249362884283
29319,3332,0.44567560235378334,0.3907706156494226,0.3596116006374359,0.3343156278133392,1.030620133115052,0.8573578007763625,0.054904986704360725,0.025295972824096735,,0.02391893789453056,0.18967154412204185,3.42597710270583,3.42597710270583,0.0006180735978288042,49689564.5,1.6372234579767182,0.1015839898487279,0.054130926293346475,0.01728124996033409,GCST90200661,cancerType_celltype,LUAD_Epi_LUAD,tissue,Tumor,Adjacent,group1_higher,0.0007383298105527257,0.1111227754123725
29319,3332,0.1411151406938259,0.16163052285077353,0.1128578260540962,0.1343634575605392,0.7781306062849507,0.6960064860562548,-0.02051538215694762,-0.021505631506442996,,-0.01008491806946368,0.19582558195896294,-1.5921232913099925,-1.5921232913099925,0.11142992167466667,48003269.0,-1.6334887884419425,0.10236644061121632,-0.026638054199452914,-0.0172418297104987,GCST90200941,cancerType_celltype,LUAD_Epi_LUAD,tissue,Tumor,Adjacent,group2_higher,0.12101911015344277,0.11188890020295737
29319,3332,-0.16443500026782662,-0.14678399799229155,-0.2270455509424209,-0.2018915712833404,0.8216055142896451,0.7722661026546327,-0.017651002275535066,-0.025153979659080505,,-0.008210822264903344,-0.1638216588341165,-1.2418774458796007,-1.2418774458796007,0.21435055137794937,48005288.0,-1.6295727677768104,0.10319202891880455,-0.02161237213541399,-0.01720049526000922,GCST90200858,cancerType_celltype,LUAD_Epi_LUAD,tissue,Tumor,Adjacent,group2_higher,0.2293248049671468,0.11270090978872645
29319,3332,-0.22755221024347375,-0.2791639450519841,-0.3054053485393524,-0.3597056269645691,1.305436305274271,1.0195070829681252,0.05161173480851036,0.054300278425216675,,0.015294356057208346,-0.29491385313889784,2.682919491731445,2.682919491731445,0.007323972829597133,49683751.0,1.6259476847539616,0.10396099120219489,0.04034702623136801,0.017162231719660026,GCST90200022,cancerType_celltype,LUAD_Epi_LUAD,tissue,Tumor,Adjacent,group1_higher,0.008374643428473902,0.1134498246666066
29319,3332,0.35065617183690245,0.32276547010795487,0.2676708102226257,0.24080642312765116,0.8810343778254783,0.8248791914077065,0.027890701728947587,0.026864387094974518,,0.014077038347416549,0.11957051995352566,1.836328208946325,1.836328208946325,0.06637905993132186,49682644.0,1.6238005649539113,0.1044185865038864,0.03185796876382925,0.017139568402824157,GCST90199779,cancerType_celltype,LUAD_Epi_LUAD,tissue,Tumor,Adjacent,group1_higher,0.07272882531060425,0.11385802672383773
29319,3332,0.23576354394327168,0.20135946456607604,0.1892953664064407,0.15728418529033655,0.8796769540035413,0.7665727118083022,0.03440407937719564,0.032011181116104154,,0.015513240767885728,0.2275663211199222,2.416156350505977,2.416156350505977,0.01572586105538621,49681581.0,1.6217387868622644,0.10485949785654387,0.03959897880215406,0.017117805886295967,GCST90200365,cancerType_celltype,LUAD_Epi_LUAD,tissue,Tumor,Adjacent,group1_higher,0.017758366709603485,0.11424739854394028
29319,3332,-0.10862732155550338,-0.07178217496545605,-0.1567486673593521,-0.1501131877303123,0.781239884902054,0.7874396303055972,-0.036845146590047326,-0.00663547962903982,,-0.019622580596930506,-0.5976826513715553,-2.561472477835576,-2.561472477835576,0.010458305603695676,48013878.5,-1.6129107690032505,0.1067641059364962,-0.04712410866779445,-0.017024624236269714,GCST90200761,cancerType_celltype,LUAD_Epi_LUAD,tissue,Tumor,Adjacent,group2_higher,0.011869001280463953,0.11622961373118557
29319,3332,-0.2484035448193822,-0.21477849598221535,-0.2746859192848205,-0.2857398986816406,0.8395818337751666,0.8033418416455846,-0.033625048837166854,0.011053979396820124,,-0.015083440287797158,-0.2098352970165265,-2.278801632922937,-2.278801632922937,0.02272881065540683,48014266.0,-1.612159180094019,0.1069275164035409,-0.04022344641634255,-0.017016691051740418,GCST90200718,cancerType_celltype,LUAD_Epi_LUAD,tissue,Tumor,Adjacent,group2_higher,0.02547645470667723,0.11631460882524042
29319,3332,-0.0058214774448036395,-0.03968529037282299,-0.0762268230319023,-0.1038308404386043,0.8017150915627592,0.7104606525803134,0.033863812928019356,0.027604017406702,,0.01902366574818826,-2.7689356636687057,2.5715767290543856,2.5715767290543856,0.010156542208540904,49671639.5,1.6024564097238736,0.10905493367098484,0.042709553154185745,0.016914276198558786,GCST90199951,cancerType_celltype,LUAD_Epi_LUAD,tissue,Tumor,Adjacent,group1_higher,0.011545760659083613,0.1185341902659907
29319,3332,-0.10775100166542367,-0.08889837604247482,-0.164919227361679,-0.12100534886121744,0.9967126832982085,0.9195642202853433,-0.018852625622948857,-0.04391387850046155,,-0.007321120576904293,-0.27746947155844554,-1.1115488246641079,-1.1115488246641079,0.2663947495325353,48027537.5,-1.5864179872969408,0.11264474260002115,-0.019060049937628856,-0.016744987158886837,GCST90200869,cancerType_celltype,LUAD_Epi_LUAD,tissue,Tumor,Adjacent,group2_higher,0.2834473408375063,0.1223384734373138
29319,3332,-0.16266771454365428,-0.13784673216037235,-0.2262276709079742,-0.2019972950220108,0.8467171580175906,0.8291827811197365,-0.024820982383281925,-0.024230375885963384,,-0.013083725145224583,-0.23886127697703827,-1.6338134611973916,-1.6338134611973916,0.10237368420363085,48030422.5,-1.5808222866436936,0.1139188990396151,-0.029375859534555366,-0.016685923320520213,GCST90200217,cancerType_celltype,LUAD_Epi_LUAD,tissue,Tumor,Adjacent,group2_higher,0.11136099885837897,0.12362377340047405
29319,3332,-0.018909667550524756,-0.03998001368171597,-0.0641839429736137,-0.06538569182157511,0.6538316907607838,0.613846740590655,0.021070346131191214,0.001201748847961412,,0.014262881264217233,-1.0801147591243638,1.8647899179023653,1.8647899179023653,0.0622799368197426,49645935.5,1.5526013353422214,0.12051863828276092,0.03242265357470095,0.01638804503690361,GCST90199669,cancerType_celltype,LUAD_Epi_LUAD,tissue,Tumor,Adjacent,group1_higher,0.06834746689638418,0.1306817056319834
29319,3332,0.06347135414652666,0.05784082442003491,0.0021109888330101,-0.0269537037238478,0.7573854851108768,0.7845107133552262,0.005630529726491751,0.0290646925568579,,0.0032432628117509965,0.1340152943672493,0.39394930957651714,0.39394930957651714,0.6936391079599808,49641999.0,1.5449661618165689,0.12235468302808719,0.007406669302225539,0.016307454118452913,GCST90200993,cancerType_celltype,LUAD_Epi_LUAD,tissue,Tumor,Adjacent,group1_higher,0.7151513647121436,0.132567116826139
29319,3332,-0.3237844329577574,-0.3190058256160618,-0.4109823405742645,-0.38681492209434504,0.7525074024266339,0.659607131594701,-0.0047786073416956065,-0.02416741847991949,,-0.003101662243561946,-0.02145078765364179,-0.3903138744772417,-0.3903138744772417,0.6963234524246631,48054791.0,-1.533557527070503,0.12513878273401186,-0.0064266499262513755,-0.01618703349548145,GCST90199983,cancerType_celltype,LUAD_Epi_LUAD,tissue,Tumor,Adjacent,group2_higher,0.7173763156876914,0.13547590219734565
29319,3332,-0.3665741821149914,-0.30853458746595785,-0.3949334323406219,-0.3930613994598388,1.2122064064211038,1.19754691708159,-0.05803959464903352,-0.001872032880783081,,-0.018805357490659348,-0.24867221183696622,-2.6476800515574643,-2.6476800515574643,0.008135303088243331,48067649.0,-1.5086183523739856,0.13139658941697238,-0.047938125196555305,-0.01592379507824826,GCST90200466,cancerType_celltype,LUAD_Epi_LUAD,tissue,Tumor,Adjacent,group2_higher,0.009279010970105155,0.1421377391867725
29319,3332,0.2674197818990672,0.24674717647443706,0.2620407938957214,0.2263390943408012,0.8689875084448424,0.7698222350926355,0.02067260542463012,0.03570169955492017,,0.011856617366499811,0.11607216214466999,1.448739613751458,1.448739613751458,0.14748230463494816,49619730.0,1.5017735594432025,0.1331558495679639,0.024054848542179756,0.01585154679901235,GCST90199816,cancerType_celltype,LUAD_Epi_LUAD,tissue,Tumor,Adjacent,group1_higher,0.15903352944417276,0.14392658442595938
29319,3332,-0.1461955272570625,-0.16842902503665347,-0.1903755068778991,-0.22179959714412684,0.7712860998620802,0.7057589011618639,0.022233497779590966,0.03142409026622775,,0.011972658697951367,-0.20424030013547267,1.7063435610822733,1.7063435610822733,0.08801654812520272,49618264.5,1.4989310986780955,0.1338917592457742,0.029068794676307217,0.01582154400694069,GCST90199995,cancerType_celltype,LUAD_Epi_LUAD,tissue,Tumor,Adjacent,group1_higher,0.09605008414303548,0.14460734378129178
29319,3332,-0.051342060212826966,-0.010163969819437202,-0.1102224215865135,-0.07849985361099235,1.2045684331975879,1.1917490236012345,-0.041178090393389766,-0.03172256797552116,,-0.013368723229887405,-2.336563356058749,-1.8879107426893744,-1.8879107426893744,0.05910775322644193,48080805.0,-1.4831011815614656,0.1380477877709633,-0.03422191202502356,-0.015654455786202726,GCST90200016,cancerType_celltype,LUAD_Epi_LUAD,tissue,Tumor,Adjacent,group2_higher,0.06504460525332889,0.14897793723818128
29319,3332,-0.06524587446866603,-0.08853560634032015,-0.1058286353945732,-0.1357749998569488,0.9451118428796683,0.8838068174896984,0.023289731871654118,0.0299463644623756,,0.009492247151837769,-0.4403652814651915,1.4309624127566318,1.4309624127566318,0.1525145984792283,49608153.0,1.4793189922117838,0.13905533830304828,0.02480162457118753,0.01561453395437784,GCST90199749,cancerType_celltype,LUAD_Epi_LUAD,tissue,Tumor,Adjacent,group1_higher,0.16420015618261308,0.1499465396416573
29319,3332,0.10621642401711749,0.10433198471756547,0.0568027012050151,0.0981022305786609,0.7943019493586285,0.7173907386062619,0.0018844392995520237,-0.041299529373645796,,0.0010060806941736913,0.025825110898121697,0.14205479394520779,0.14205479394520779,0.8870433581442854,48086973.5,-1.4711368559186389,0.1412543717520116,0.0023950690053158846,-0.015528169724863261,GCST90200719,cancerType_celltype,LUAD_Epi_LUAD,tissue,Tumor,Adjacent,group1_higher,0.8975798791021983,0.1521973981802307
29319,3332,0.046978944665030095,0.03463508966773324,0.0276328902691602,0.0059775889385491,0.5589439993569013,0.5450005344270344,0.012343854997296858,0.021655301330611103,,0.008668418535765195,0.4397689516694793,1.235626902794241,1.235626902794241,0.21666691444102504,49597906.0,1.4594440720752764,0.14444319007625706,0.02213995878131563,0.015404749846321453,GCST90199913,cancerType_celltype,LUAD_Epi_LUAD,tissue,Tumor,Adjacent,group1_higher,0.23162117990832717,0.15551032233328466
29319,3332,-0.2471495641505079,-0.2228559733599885,-0.2972398400306701,-0.2447015047073364,1.0579744018400592,1.0191280838133645,-0.024293590790519404,-0.05253833532333371,,-0.00822477657641987,-0.1492720949494414,-1.298754412928025,-1.298754412928025,0.1940996973113199,48094756.5,-1.4560410714527037,0.14538153420667954,-0.02304727036164889,-0.015368830434046132,GCST90199655,cancerType_celltype,LUAD_Epi_LUAD,tissue,Tumor,Adjacent,group2_higher,0.20831329719317246,0.15639702535414698
29319,3332,-0.13587775408333946,-0.17773429062668314,-0.2645879089832306,-0.26649054884910583,1.3898625380475476,1.4032894157664304,0.041856536543343675,0.0019026398658752441,,0.011088945942824781,-0.38741027248957566,1.6331170196184452,1.6331170196184452,0.10252099882705987,49591994.0,1.4479772498007537,0.14762368448622887,0.0300858128903538,0.015283715041321866,GCST90200255,cancerType_celltype,LUAD_Epi_LUAD,tissue,Tumor,Adjacent,group1_higher,0.11143231371713125,0.15868381857628544
29319,3332,0.05106375416149216,0.05777169882185371,0.0081128170713782,0.021046170964836998,0.7530545971790382,0.6511969151497743,-0.006707944660361551,-0.012933353893458798,,-0.0041954209434490256,0.17806003117252175,-0.5539968786051493,-0.5539968786051493,0.5796090781016572,48102793.5,-1.440452632579169,0.149739656214582,-0.009024517924717887,-0.015204291068724674,GCST90199871,cancerType_celltype,LUAD_Epi_LUAD,tissue,Tumor,Adjacent,group2_higher,0.6007659113707671,0.16083148260084731
29319,3332,0.023918739649073668,0.05890985125688585,-0.0083161555230617,-0.021427358500659403,0.8440320447565004,0.8015289831370439,-0.03499111160781218,0.013111202977597703,,-0.01622007279170526,1.3003317131569485,-2.3747516014942502,-2.3747516014942502,0.01760526150633989,48135033.0,-1.377921405123237,0.1682278548358097,-0.041666291858091835,-0.014544260352253091,GCST90200035,cancerType_celltype,LUAD_Epi_LUAD,tissue,Tumor,Adjacent,group2_higher,0.019815005312255385,0.1805469024733926
29319,3332,-0.04107347010871354,-0.031656404174664796,-0.0943384021520614,-0.07509485632181165,0.7254547332771112,0.669373847330663,-0.009417065934048743,-0.01924354583024976,,-0.0063023467710937335,-0.37569900039417387,-0.7627655921492716,-0.7627655921492716,0.44564532943934554,48152247.0,-1.344533401294815,0.1787762763390096,-0.013080470968689162,-0.014191842704543212,GCST90200275,cancerType_celltype,LUAD_Epi_LUAD,tissue,Tumor,Adjacent,group2_higher,0.4658087300811564,0.19171680932342258
29319,3332,0.0823018224504105,0.04607057073312002,0.0207384210079908,0.01524918759241695,0.7723905065616902,0.6867132599740503,0.036231251717290476,0.005489233415573849,,0.0207139471169628,0.8370651214783578,2.847674768968167,2.847674768968167,0.004424654634338618,49528525.5,1.3248747448057379,0.18521302031306275,0.04741754805615585,0.01398434130635784,GCST90199750,cancerType_celltype,LUAD_Epi_LUAD,tissue,Tumor,Adjacent,group1_higher,0.005106523511095289,0.19846332286690607
29319,3332,-0.05911909979765824,-0.05442250269667845,-0.1496752947568893,-0.1168599426746368,0.8108753196339228,0.7637122203940768,-0.004696597100979791,-0.03281535208225249,,-0.0027843688937856004,-0.11941889339712902,-0.33421744686060123,-0.33421744686060123,0.7382320431228409,48170992.5,-1.3081749241386813,0.19081431410386906,-0.0058256708084255095,-0.013808071064300043,GCST90200373,cancerType_celltype,LUAD_Epi_LUAD,tissue,Tumor,Adjacent,group2_higher,0.755980672258777,0.20430472122825888
29319,3332,0.21106109651806942,0.20733712029072093,0.1852273643016815,0.15714073181152338,0.7066184182650492,0.7549075165189866,0.003723976227348491,0.02808663249015811,,0.0022389324079836403,0.02568212776360372,0.27155247445782965,0.27155247445782965,0.785980080369521,49519162.0,1.3067134473822786,0.19131037937355932,0.005232543722924503,0.013792644859028202,GCST90200557,cancerType_celltype,LUAD_Epi_LUAD,tissue,Tumor,Adjacent,group1_higher,0.8030666038558151,0.20454801057388425
29319,3332,-0.15127709742186865,-0.17242339777895052,-0.1996056586503982,-0.21971990913152695,0.7344873630774712,0.6833854170572662,0.02114630035708187,0.020114250481128748,,0.013610419998791654,-0.18876080374997276,1.6793315590005955,1.6793315590005955,0.09316086776673937,49519114.5,1.3066213171288887,0.1913416826718286,0.028989864041524323,0.013791672404150468,GCST90200867,cancerType_celltype,LUAD_Epi_LUAD,tissue,Tumor,Adjacent,group1_higher,0.10158261021285261,0.20454801057388425
29319,3332,-0.1855506722077403,-0.1880804698846098,-0.2664959132671356,-0.21609415113925928,1.0990912131785868,1.0489828917803299,0.002529797676869505,-0.05040176212787634,,0.0011105131071321133,-0.01953671623687368,0.13126209500639952,0.13126209500639952,0.8955742531338164,48189038.5,-1.2731731861877282,0.20295693730735487,0.0023122516448797685,-0.013438620101678289,GCST90200461,cancerType_celltype,LUAD_Epi_LUAD,tissue,Tumor,Adjacent,group1_higher,0.9041983014973273,0.21679491030558362
29319,3332,-0.2313081978683438,-0.20984389944661794,-0.2628598213195801,-0.2628411054611206,0.925454650378907,0.7975515764467157,-0.02146429842172587,-1.8715858459472656e-05,,-0.008367623882384793,-0.14049923792850094,-1.4467449380843307,-1.4467449380843307,0.14803933779645026,48206917.5,-1.2384953588118506,0.21553280130595198,-0.023503809852263906,-0.013072588085679349,GCST90200581,cancerType_celltype,LUAD_Epi_LUAD,tissue,Tumor,Adjacent,group2_higher,0.15950799795775628,0.23004793122945383
29319,3332,-0.23349168946001625,-0.26255167579254995,-0.3089190423488617,-0.31215807795524597,0.6784394513579016,0.6132072756287029,0.029059986332533705,0.0032390356063842773,,0.02125351116881181,-0.1692295183180862,2.563052255387766,2.563052255387766,0.010409273238129096,49483514.5,1.237572116693672,0.21587511844538443,0.04323924898988194,0.013062843064167273,GCST90199984,cancerType_celltype,LUAD_Epi_LUAD,tissue,Tumor,Adjacent,group1_higher,0.011823199519641631,0.23023300973478794
29319,3332,0.09796880251539543,0.10376889197531938,0.0667599663138389,0.09480092301964754,0.7156669978280256,0.675352954968231,-0.005800089459923954,-0.02804095670580864,,-0.0031109036299720966,0.08297888044598817,-0.4668476124507588,-0.4668476124507588,0.6406329656493319,48210323.0,-1.2318901045398807,0.21799050066579484,-0.008150101051747046,-0.01300286818912566,GCST90200002,cancerType_celltype,LUAD_Epi_LUAD,tissue,Tumor,Adjacent,group2_higher,0.662003587702835,0.23230731228106205
29319,3332,-0.37835874216894244,-0.34676039583947776,-0.485738456249237,-0.4547756016254425,1.5690958579172525,1.5215973421512619,-0.03159834632946468,-0.0309628546237945,,-0.007766569606290696,-0.12581529720992646,-1.132251476114204,-1.132251476114204,0.2575937036972658,48210736.5,-1.2310880864393199,0.21829028350302104,-0.020199466193850577,-0.012994402713505382,GCST90200316,cancerType_celltype,LUAD_Epi_LUAD,tissue,Tumor,Adjacent,group2_higher,0.2745115075366484,0.23244504407392008
29319,3332,0.2764875257376788,0.25827982569600016,0.2658151686191559,0.21633580327033997,1.08970098853823,1.0241703002268538,0.018207700041678654,0.04947936534881592,,0.007439554148380752,0.09827906557204337,0.9659504121555702,0.9659504121555702,0.3341241470427776,49462123.5,1.1960824693198033,0.23166475643559448,0.0168092251845693,0.012624910805415057,GCST90200444,cancerType_celltype,LUAD_Epi_LUAD,tissue,Tumor,Adjacent,group1_higher,0.3522128479654338,0.24649419439634293
29319,3332,0.06343088981106167,0.05905219513203824,-0.0267574023455381,0.0308988643810153,1.2391112072210395,1.0757434804931534,0.004378694679023423,-0.0576562667265534,,0.0015011153375721997,0.10319320448925295,0.21902378856928661,0.21902378856928661,0.8266416759699496,48236610.5,-1.1809032827297468,0.2376415324118546,0.0035789925097631154,-0.012464691187024313,GCST90200618,cancerType_celltype,LUAD_Epi_LUAD,tissue,Tumor,Adjacent,group1_higher,0.8401073543524276,0.25265632502133994
29319,3332,0.042717738003839704,0.02512423143086095,-0.0785276591777801,-0.12108967453241345,1.257256958006777,1.1738675090412611,0.017593506572978753,0.04256201535463336,,0.006280926251907825,0.7657321424330695,0.8137222594855937,0.8137222594855937,0.4158496877088107,49453901.0,1.180134237561978,0.23794721498893556,0.014086026237467445,0.012456573747886557,GCST90200890,cancerType_celltype,LUAD_Epi_LUAD,tissue,Tumor,Adjacent,group1_higher,0.4356672746711061,0.25278414187834697
29319,3332,-0.20640367798568504,-0.22878742113829884,-0.272258996963501,-0.2759808450937271,0.7600913021365677,0.6789098704550638,0.022383743152613794,0.0037218481302261353,,0.013373483231393458,-0.1485383713441234,1.7805511116238353,1.7805511116238353,0.07505578539555303,49452129.0,1.1766972942144724,0.23931673543234266,0.029757296121562905,0.012420296062761516,GCST90200270,cancerType_celltype,LUAD_Epi_LUAD,tissue,Tumor,Adjacent,group1_higher,0.082169506420995,0.2540410517089432
29319,3332,0.4054675919903517,0.38358668006259133,0.350633829832077,0.26707281172275543,1.2509445196744178,1.07047175682676,0.02188091192776037,0.0835610181093216,,0.007221301352107359,0.08003378102879893,1.097778691275353,1.097778691275353,0.2723607613107646,49451216.0,1.1749264537651085,0.2400245290843983,0.017735406602246213,0.012401604456373727,GCST90200585,cancerType_celltype,LUAD_Epi_LUAD,tissue,Tumor,Adjacent,group1_higher,0.28911816017645803,0.25459411139457966
29319,3332,0.14995093953780156,0.17018639668577773,0.1334730386734008,0.14229369163513178,0.7592138406914005,0.7325147232732787,-0.02023545714797617,-0.008820652961730985,,-0.010611123632996496,0.1826240187480374,-1.5053478812177759,-1.5053478812177759,0.13231009423323195,48253973.5,-1.1472262808433236,0.2512885132277798,-0.026747618569716445,-0.012109223101908317,GCST90199966,cancerType_celltype,LUAD_Epi_LUAD,tissue,Tumor,Adjacent,group2_higher,0.14289909543573306,0.266334559509692
29319,3332,-0.09515101743505038,-0.08990469459795207,-0.1780713498592376,-0.12634286284446716,0.7428480836880782,0.7778840741512055,-0.005246322837098305,-0.051728487014770425,,-0.003329333970898913,-0.0818217467005649,-0.37057743696704143,-0.37057743696704143,0.7109716591527845,48254588.5,-1.1460334365099623,0.25178171861386334,-0.007027913308936209,-0.01209663237033276,GCST90200894,cancerType_celltype,LUAD_Epi_LUAD,tissue,Tumor,Adjacent,group2_higher,0.7313617897549021,0.2666499475296781
29319,3332,-0.49276308914478373,-0.4661863599078458,-0.4965991675853729,-0.4876507818698883,1.130003662106848,1.0309646084915784,-0.026576729236937935,-0.00894838571548462,,-0.007838664467930204,-0.07998723338437978,-1.395789166450087,-1.395789166450087,0.16285016531724422,48259128.5,-1.1372277238701902,0.2554435053885752,-0.023722860033753547,-0.012003686156750626,GCST90200794,cancerType_celltype,LUAD_Epi_LUAD,tissue,Tumor,Adjacent,group2_higher,0.175051084643063,0.27031793310918323
29319,3332,0.2746859104717759,0.22636038107128395,0.2014953792095184,0.2203947827219963,1.171290198965472,1.1074488179347861,0.04832552940049192,-0.018899403512477903,,0.017530547533952643,0.27916031927187385,2.372570036335765,2.372570036335765,0.017709345626783803,49418055.0,1.1106078993934168,0.26673757870621484,0.041483381330518716,0.011722708115273095,GCST90200087,cancerType_celltype,LUAD_Epi_LUAD,tissue,Tumor,Adjacent,group1_higher,0.019915707994477165,0.2820506747684801
29319,3332,-0.16413554633344787,-0.1531806634144413,-0.1992639154195785,-0.16383812576532358,1.1345254882342144,0.9151034620695543,-0.010954882919006564,-0.03542578965425491,,-0.0038138251590847942,-0.09965289234397473,-0.6375734056421171,-0.6375734056421171,0.5237832797753352,48274512.0,-1.1073901290697645,0.26812571088750226,-0.009832764243044141,-0.011688743849120553,GCST90200785,cancerType_celltype,LUAD_Epi_LUAD,tissue,Tumor,Adjacent,group2_higher,0.544558817951016,0.2832987162322989
29319,3332,-0.0021793417066679104,-0.022113374768808598,-0.0850158855319023,-0.11215483397245404,1.1504256520495921,1.1155472992196775,0.01993403306214069,0.027138948440551744,,0.007258296270550083,-3.3423582947252792,0.9742787281645267,0.9742787281645267,0.329974568633714,49403669.0,1.0827050399141744,0.2789397968684798,0.017380555062361403,0.011428187360076558,GCST90200567,cancerType_celltype,LUAD_Epi_LUAD,tissue,Tumor,Adjacent,group1_higher,0.3481078460121921,0.2944964702801998
29319,3332,-0.26770565812663366,-0.28144717715860845,-0.3213504552841186,-0.34671451151371,0.699866690007853,0.6742011190419975,0.013741519031974792,0.025364056229591425,,0.008566869440258938,-0.07221628374211467,1.110482219258245,1.110482219258245,0.2668550134127607,49397774.5,1.071272160364585,0.2840475096907856,0.019706994971033707,0.011307510827926803,GCST90200243,cancerType_celltype,LUAD_Epi_LUAD,tissue,Tumor,Adjacent,group1_higher,0.28371558758314575,0.29965693166295726
29319,3332,-0.09582514816135142,-0.1152444806341745,-0.1525978147983551,-0.15803679823875427,0.7111112835486727,0.6642865184678732,0.019419332472823084,0.00543898344039917,,0.012508193385404971,-0.2662188920997119,1.5872576086478107,1.5872576086478107,0.11252875567122465,49387065.0,1.050500182497704,0.2934886527337506,0.027487596665401924,0.011088258080270919,GCST90200492,cancerType_celltype,LUAD_Epi_LUAD,tissue,Tumor,Adjacent,group1_higher,0.12211520221327962,0.30937744290495134
29319,3332,-0.13259710894616797,-0.1493693024158445,-0.2253950834274292,-0.2785107046365738,1.4086385465997997,1.3618282200737961,0.01677219346967654,0.05311562120914459,,0.004468492308968383,-0.17183314159046328,0.6712778092251925,0.6712778092251925,0.5020806321994,49378737.5,1.0343482943902809,0.3009738203191654,0.011946566291058528,0.010917771385644093,GCST90200352,cancerType_celltype,LUAD_Epi_LUAD,tissue,Tumor,Adjacent,group1_higher,0.5231925853882127,0.3170226561785336
29319,3332,-0.3189538535923234,-0.36687479419591124,-0.4186186492443084,-0.4201992601156235,1.4956353488476604,1.390272318646837,0.047920940603587814,0.001580610871315058,,0.013045054801964776,-0.20193948887666704,1.8704492235444898,1.8704492235444898,0.061490036837841607,49377321.5,1.0316018430471272,0.3022591311511511,0.03226503632389467,0.010888781993918961,GCST90200775,cancerType_celltype,LUAD_Epi_LUAD,tissue,Tumor,Adjacent,group1_higher,0.06753498808217413,0.31813065309576755
29319,3332,-0.13417650066755593,-0.11705879178758181,-0.1678535938262939,-0.1536155417561531,1.0288950917067188,0.9997915399233755,-0.017117708879974117,-0.014238052070140783,,-0.0070236314387425005,-0.19689715820093665,-0.9337057688405559,-0.9337057688405559,0.35050969429428736,48322373.0,-1.0145596857543173,0.31031622715514495,-0.016684518168918992,-0.010708898314262805,GCST90200358,cancerType_celltype,LUAD_Epi_LUAD,tissue,Tumor,Adjacent,group2_higher,0.36891483654294493,0.3262121765177276
29319,3332,0.18600523823484266,0.1946438946458885,0.0888652727007865,0.09488714858889576,0.927898665501103,0.8518196565363186,-0.00863865641104583,-0.006021875888109263,,-0.0043021011379382286,0.06549349771331178,-0.5495170533584146,-0.5495170533584146,0.5826793273547419,48322481.0,-1.0143502106518734,0.3104161356885493,-0.009385509846904061,-0.010706687258961733,GCST90200097,cancerType_celltype,LUAD_Epi_LUAD,tissue,Tumor,Adjacent,group2_higher,0.603489303331697,0.3262121765177276
29319,3332,0.5395118747065557,0.5463761154694372,0.4800083339214325,0.5285480618476868,0.981381555933313,0.9308340867913923,-0.006864240762881502,-0.04853972792625427,,-0.002823510805175712,0.0182396708786196,-0.4010892198344654,-0.4010892198344654,0.6883747536207663,48333111.0,-0.9937324297354028,0.3203536223000072,-0.007030553018380048,-0.010489062093680168,GCST90200447,cancerType_celltype,LUAD_Epi_LUAD,tissue,Tumor,Adjacent,group2_higher,0.7107990827159882,0.3363959839714251
29319,3332,0.017345164162864385,-0.030922676232815114,-0.0880499854683876,-0.08273185789585111,1.131209676321213,0.9606849584478644,0.048267840395679495,-0.005318127572536496,,0.018548293573035946,-0.8340951699895232,2.695599061445695,2.695599061445695,0.007052637082569405,49351819.5,0.9821385646904165,0.3260320664648547,0.043289261688272344,0.01036668632458615,GCST90199869,cancerType_celltype,LUAD_Epi_LUAD,tissue,Tumor,Adjacent,group1_higher,0.008071153940841394,0.34197284115740456
29319,3332,-0.18213286387358263,-0.1987802439822956,-0.254519522190094,-0.2674480378627777,0.8680140626358949,0.8397908442301645,0.016647380108712972,0.012928515672683716,,0.008556395042140279,-0.12618245237453038,1.080548738658783,1.080548738658783,0.2799602051795557,49351679.0,0.9818660530988113,0.32616631951916797,0.019241593814824036,0.010363809905421295,GCST90200141,cancerType_celltype,LUAD_Epi_LUAD,tissue,Tumor,Adjacent,group1_higher,0.29695389856788673,0.34197284115740456
29319,3332,0.4776743134916379,0.46378968716493707,0.4521004855632782,0.4480451494455337,0.9027962571151823,0.9451953074336717,0.013884626326700844,0.004055336117744501,,0.005636350718950215,0.04255646829331175,0.8071303519470533,0.8071303519470533,0.41963875398431216,49315665.0,0.9120138647708926,0.3617619294748814,0.015304707660233152,0.009626504853450735,GCST90200554,cancerType_celltype,LUAD_Epi_LUAD,tissue,Tumor,Adjacent,group1_higher,0.4392992486026248,0.3790019291885191
29319,3332,-0.16536037290388922,-0.18853926553632974,-0.2098226994276046,-0.24516403675079346,1.127303906321867,1.072454990059186,0.023178892632440523,0.035341337323188865,,0.008369825329571447,-0.18925039324097898,1.1759265499234024,1.1759265499234024,0.2396906802969544,49313811.5,0.9084188453044131,0.3636574849788726,0.020661665064681218,0.009588558640482692,GCST90201017,cancerType_celltype,LUAD_Epi_LUAD,tissue,Tumor,Adjacent,group1_higher,0.25583273081029667,0.3804641134266984
29319,3332,-0.14585464431731698,-0.1607290950914492,-0.2106296122074127,-0.24247126281261439,0.8081709606904094,0.7602276476120584,0.014874450774132214,0.03184165060520169,,0.008118875255775777,-0.14009886773600533,1.063192682080534,1.063192682080534,0.2877552191969641,49313754.5,0.9083082890003454,0.3637158765920675,0.018514132352395466,0.00958739169462941,GCST90199682,cancerType_celltype,LUAD_Epi_LUAD,tissue,Tumor,Adjacent,group1_higher,0.3049847307663002,0.3804641134266984
29319,3332,-0.4076383376151457,-0.4361046763715705,-0.4946990609169006,-0.48667705059051514,1.3728413266332913,1.2158976669258086,0.028466338756424847,-0.008022010326385443,,0.008612783667157878,-0.09738448895057977,1.2630120011086685,1.2630120011086685,0.20665247196868686,49310236.5,0.901484831496663,0.3673311106138324,0.020967199048704276,0.00951536861547031,GCST90200199,cancerType_celltype,LUAD_Epi_LUAD,tissue,Tumor,Adjacent,group1_higher,0.22143657177147813,0.38395115319528644
29319,3332,0.010377318388444242,0.009337024984544893,-0.064003124833107,-0.05294666998088355,0.7311586299309997,0.6682027687504819,0.0010402934038993492,-0.011056454852223445,,0.0006559200293699524,0.15238334726898364,0.0843135773666957,0.0843135773666957,0.932811051581814,48382565.0,-0.8978122286589079,0.36928618121259127,0.0014349150508927932,-0.009476603493131619,GCST90200093,cancerType_celltype,LUAD_Epi_LUAD,tissue,Tumor,Adjacent,group1_higher,0.9369354924878499,0.3856989003775953
29319,3332,-0.2739642400817837,-0.2738566979145156,-0.3320531249046325,-0.32565823197364807,0.7638081054667942,0.7007893994661778,-0.00010754216726810428,-0.0063948929309844416,,-5.949908760112685e-05,-0.00056642591113329,-0.008314667784489835,-0.008314667784489835,0.9933663186935329,48385448.0,-0.8922204071742245,0.37227532573198296,-0.00014194759458682597,-0.009417580600233566,GCST90200079,cancerType_celltype,LUAD_Epi_LUAD,tissue,Tumor,Adjacent,group2_higher,0.9933663186935329,0.38852317685504806
29319,3332,0.34904812313179334,0.34776432147669595,0.302640438079834,0.3214585930109024,0.9746884799981245,0.8930138970782514,0.001283801655097394,-0.01881815493106842,,0.00048058999397888094,0.005316010284373929,0.07787904242811794,0.07787904242811794,0.9379279066191084,48388532.0,-0.8862387292488815,0.3754894203408754,0.001328063591030079,-0.009354442687747322,GCST90199781,cancerType_celltype,LUAD_Epi_LUAD,tissue,Tumor,Adjacent,group1_higher,0.9413812494269843,0.3915777199117163
29319,3332,0.2346649740871869,0.2379881978905957,0.2024461925029754,0.22233205288648605,0.7458581100971128,0.697343018443465,-0.003323223803408798,-0.019885860383510645,,-0.00170184081933742,0.020287422165119653,-0.25877634006648026,-0.25877634006648026,0.7958203597862993,48433012.5,-0.7999650505983572,0.42373160843951985,-0.0044844563442933,-0.008443805231086565,GCST90199656,cancerType_celltype,LUAD_Epi_LUAD,tissue,Tumor,Adjacent,group2_higher,0.811903555680184,0.4415490690390409
29319,3332,0.07823584766964053,0.06482010016999211,-0.036109309643507,-0.04896511323750015,1.127889042826923,1.1065142858130497,0.013415747499648426,0.012855803593993152,,0.00472924949882208,0.27138473531567125,0.6618719899531744,0.6618719899531744,0.5080899465740333,49247984.5,0.780741830780564,0.4349549229547507,0.011917408823436181,0.008240899961744708,GCST90200578,cancerType_celltype,LUAD_Epi_LUAD,tissue,Tumor,Adjacent,group1_higher,0.5290501124372861,0.45289805957778856
29319,3332,-0.07939588642380056,-0.07514650020621899,-0.1448319852352142,-0.14110722392797465,1.081199270704333,0.9693418818057321,-0.004249386217581572,-0.0037247613072395602,,-0.0014281924153411642,-0.07935731924011809,-0.2368563442419987,-0.2368563442419987,0.8127794437704269,48450852.0,-0.7653638368016141,0.44405549810871503,-0.003970191636480509,-0.008078581888091407,GCST90200336,cancerType_celltype,LUAD_Epi_LUAD,tissue,Tumor,Adjacent,group2_higher,0.827965905724284,0.46180494507075676
29319,3332,-0.5390835342192841,-0.5421504344526986,-0.605871319770813,-0.591935932636261,1.1499266674750597,1.0089568508295743,0.0030669002334144935,-0.013935387134552002,,0.0010327811599963078,-0.00818436262221111,0.163787263878173,0.163787263878173,0.8699061816968894,48450965.5,-0.7651436939856199,0.44418656125294353,0.0026989149110195347,-0.00807625823275182,GCST90200616,cancerType_celltype,LUAD_Epi_LUAD,tissue,Tumor,Adjacent,group1_higher,0.8808931096975187,0.46180494507075676
29319,3332,0.2759270243852845,0.28294604617764474,0.2486844360828399,0.25203265249729156,0.8332067578729714,0.7458985718589016,-0.007019021792360247,-0.0033482164144516546,,-0.003199512243569512,0.03624008632543637,-0.5083381464174129,-0.5083381464174129,0.6112421019197102,48452894.5,-0.7614022359058576,0.4464174314474425,-0.00851076608335635,-0.00803676632834649,GCST90199738,cancerType_celltype,LUAD_Epi_LUAD,tissue,Tumor,Adjacent,group2_higher,0.6325914843709681,0.46377054806620743
29319,3332,0.08578698444439975,0.029262241805187512,-0.1286269724369049,-0.13539660722017283,1.9593045272735212,1.715501345466478,0.05652474263921224,0.006769634783267919,,0.012952392983881292,1.5516859952518134,1.774936842335251,1.774936842335251,0.07597773822313163,49237249.5,0.7599203935144951,0.44730275040165157,0.02919911309989687,0.008021125159364928,GCST90199837,cancerType_celltype,LUAD_Epi_LUAD,tissue,Tumor,Adjacent,group1_higher,0.08311208442867449,0.4643363661823694
29319,3332,-0.2507439858165437,-0.24666284896300247,-0.2934455871582031,-0.26928816735744476,0.6420143651935685,0.6161190965876865,-0.004081136853541251,-0.024157419800758362,,-0.0027406380056630574,-0.023674561502736047,-0.36074617031779127,-0.36074617031779127,0.7183073636793561,48454764.5,-0.7577752132987269,0.4485861440701332,-0.006382556012842685,-0.007998482315263122,GCST90200043,cancerType_celltype,LUAD_Epi_LUAD,tissue,Tumor,Adjacent,group2_higher,0.7372386571498211,0.4653142422888825
29319,3332,0.020362979403673303,0.02140045260591719,-0.0149876400828361,-0.00928387604653835,0.8968277472421776,0.7984121902766144,-0.0010374732022438854,-0.005703764036297751,,-0.0005130654466047688,0.0716892101246073,-0.07014633491052837,-0.07014633491052837,0.9440804159642746,48481320.5,-0.7062676131089061,0.48002233311697706,-0.0011692643534048893,-0.0074548083840104695,GCST90200575,cancerType_celltype,LUAD_Epi_LUAD,tissue,Tumor,Adjacent,group2_higher,0.9468591662688053,0.4975440608657336
29319,3332,-0.05921827191777268,-0.0630885074041023,-0.1084327772259712,-0.1166206412017345,0.5751899087971785,0.5703419701591224,0.003870235486329615,0.008187863975763307,,0.003012674265888336,-0.09133333328641643,0.3708539426592013,0.3708539426592013,0.7107652989329974,49203753.5,0.6949520784083708,0.48708594180360176,0.00673439102559696,0.007335370452284051,GCST90200475,cancerType_celltype,LUAD_Epi_LUAD,tissue,Tumor,Adjacent,group1_higher,0.7313617897549021,0.5044818682965876
29319,3332,0.011123743481487246,-0.009200931727617314,-0.0583368130028247,-0.038155844435095745,1.2386578682211415,1.2382371647736197,0.02032467520910456,-0.020180968567728955,,0.006565300488312209,0.27376341252928277,0.8978081615151075,0.8978081615151075,0.36934022248142073,49184878.5,0.6583424250877327,0.5103187455227781,0.016409195743288342,0.00694894759295317,GCST90199714,cancerType_celltype,LUAD_Epi_LUAD,tissue,Tumor,Adjacent,group1_higher,0.3884342000325436,0.5281430904689041
29319,3332,-0.486752448496625,-0.5189330360428417,-0.6192521452903748,-0.6390367448329926,1.63655976270111,1.5883288868730934,0.032180587546216666,0.019784599542617798,,0.008279829033542846,-0.09235996298379638,1.1047663065086561,1.1047663065086561,0.26932450605412855,49181500.0,0.6517895395913736,0.5145375763183978,0.019722070262882793,0.006879780460224527,GCST90201015,cancerType_celltype,LUAD_Epi_LUAD,tissue,Tumor,Adjacent,group1_higher,0.2861179280995925,0.5321052477404978
29319,3332,-0.55036661045993,-0.5551575014249548,-0.6101469397544861,-0.5732257962226868,1.3362972219901956,1.2602228090819834,0.00479089096502483,-0.036921143531799316,,0.0013971403157042447,-0.012504160382275614,0.20663743541789736,0.20663743541789736,0.8363029701147433,48525194.5,-0.6211702923253469,0.5344882216605976,0.003605602248827019,-0.0065565876406840085,GCST90199683,cancerType_celltype,LUAD_Epi_LUAD,tissue,Tumor,Adjacent,group1_higher,0.8487572213450447,0.552318003126152
29319,3332,0.08970983559435884,0.08857169594545698,0.0731823295354843,0.049679467454552595,0.6066696188818493,0.5790094792030595,0.0011381396489018591,0.023502862080931705,,0.0009076400628346991,0.01842021772237854,0.10698716725005859,0.10698716725005859,0.9148042622005523,49157716.0,0.6056584670309467,0.54474221315283,0.0018846315893071039,0.006392856948366221,GCST90200997,cancerType_celltype,LUAD_Epi_LUAD,tissue,Tumor,Adjacent,group1_higher,0.9202053205751682,0.5624876034297783
29319,3332,-0.22626947570932912,-0.23641968076371514,-0.2703179717063904,-0.2714548707008362,0.5753481739012231,0.5584419008604742,0.010150205054386019,0.0011368989944458008,,0.007404434413278712,-0.06330788923115041,0.9911009001433504,0.9911009001433504,0.3216937323964158,49144646.0,0.580308100466669,0.5617075196392252,0.017694192099541376,0.006125278311467808,GCST90199854,cancerType_celltype,LUAD_Epi_LUAD,tissue,Tumor,Adjacent,group1_higher,0.3396348235912585,0.579566502095582
29319,3332,-0.0262362365808277,-0.03468617532109315,-0.0894244387745857,-0.11876646429300305,0.846820825583246,0.7667798849933011,0.00844993874026545,0.02934202551841736,,0.003880695174435097,-0.4027865854193763,0.5961391873029014,0.5961391873029014,0.5511135600915793,49143268.0,0.5776353533262272,0.5635109880680541,0.010071386194570138,0.006097066883644864,GCST90199755,cancerType_celltype,LUAD_Epi_LUAD,tissue,Tumor,Adjacent,group1_higher,0.5723944645625768,0.5809875013137351
29319,3332,0.41268721926097707,0.41593431878114023,0.3946133553981781,0.40011936426162714,0.8299651072433815,0.7756449874303321,-0.003247099520163166,-0.005506008863449041,,-0.0016991069131896872,0.011306940097302851,-0.22731207695644182,-0.22731207695644182,0.8201920263979118,48550394.0,-0.5722937382139074,0.5671236481197532,-0.003937849259549046,-0.006040684973467547,GCST90200219,cancerType_celltype,LUAD_Epi_LUAD,tissue,Tumor,Adjacent,group2_higher,0.8348930037194576,0.5842702436789294
29319,3332,0.5863919034292366,0.5662099262161431,0.5049851536750793,0.5163838863372803,1.3122780847749926,1.2271004301810573,0.02018197721309356,-0.011398732662200928,,0.007025332317889076,0.050528054663776925,0.8931047476777365,0.8931047476777365,0.37185170743699003,49121356.0,0.5351351825414948,0.5925570535886149,0.015478842469863058,0.005648468330338385,GCST90200730,cancerType_celltype,LUAD_Epi_LUAD,tissue,Tumor,Adjacent,group1_higher,0.3907739994114244,0.6100115287320862
29319,3332,-0.14211313201892295,-0.13995490713431735,-0.1889701187610626,-0.18977235257625574,0.6897456327437421,0.6734308882012783,-0.0021582248846055974,0.0008022338151931485,,-0.001070770875985903,-0.022077645050573844,-0.17486323334855935,-0.17486323334855935,0.8611955983395735,48573200.5,-0.528058609289026,0.5974593307439018,-0.0031365041402541833,-0.005573773559357287,GCST90199743,cancerType_celltype,LUAD_Epi_LUAD,tissue,Tumor,Adjacent,group2_higher,0.8733702384946715,0.6145940134369344
29319,3332,0.02742037443088935,-0.012152202876898853,-0.0663958266377449,-0.0706309005618095,0.8777016012149331,0.7329731891817349,0.0395725773077882,0.004235073924064595,,0.02047069626274072,1.1739643101910788,2.8898605422762107,2.8898605422762107,0.0038725904163084118,49110185.0,0.5134680865285227,0.6076246072396556,0.04579910593773348,0.005419767415817178,GCST90200377,cancerType_celltype,LUAD_Epi_LUAD,tissue,Tumor,Adjacent,group1_higher,0.004484571569607787,0.6245794416799778
29319,3332,0.07353281678161222,0.0580151483135974,0.0221192799508571,-0.0076663384679704506,0.9368083319439215,0.8431772864209534,0.01551766846801482,0.02978561841882755,,0.0068955427400358114,0.3419533517963873,0.994839110484238,0.994839110484238,0.3198702205329585,49105231.5,0.5038603557881899,0.614360192500851,0.016727237501066132,0.005318355726614765,GCST90199834,cancerType_celltype,LUAD_Epi_LUAD,tissue,Tumor,Adjacent,group1_higher,0.3382336001446256,0.6310270854398342
29319,3332,-0.039987402361800865,-0.03558057269267975,-0.1044557020068168,-0.13919634371995926,1.0990684836469917,1.1044845885401946,-0.004406829669121114,0.034740641713142464,,-0.0015471011163807104,-0.1684513643549398,-0.21835459710041785,-0.21835459710041785,0.8271636607050313,49092551.5,0.4792664270938486,0.6317497927195521,-0.004007584916856877,0.005058761456081529,GCST90200029,cancerType_celltype,LUAD_Epi_LUAD,tissue,Tumor,Adjacent,group2_higher,0.8401073543524276,0.648399824907191
29319,3332,-0.29921022120370844,-0.3167199463630294,-0.3760644197463989,-0.3830002695322037,0.8648024280989028,0.8213077392292658,0.017509725159320977,0.0069358497858047485,,0.010289422878057957,-0.08204800218461644,1.1597284432104358,1.1597284432104358,0.246225063789217,49091827.0,0.47786119828162066,0.6327496902565979,0.020349128170673803,0.0050439289601034165,GCST90200760,cancerType_celltype,LUAD_Epi_LUAD,tissue,Tumor,Adjacent,group1_higher,0.26260153516799906,0.6489374174715898
29319,3332,-0.182760375837081,-0.17695973047087202,-0.2281008958816528,-0.2100306302309036,1.0908245409130346,1.0408691582171432,-0.005800645366208973,-0.018070265650749207,,-0.00212872472605885,-0.04653196242771752,-0.3033135111041555,-0.3033135111041555,0.7616659484981328,48611613.0,-0.4535543280609988,0.650150330406809,-0.005342114830120049,-0.004787364654241899,GCST90200392,cancerType_celltype,LUAD_Epi_LUAD,tissue,Tumor,Adjacent,group2_higher,0.7788077177816617,0.6662818799582562
29319,3332,0.0326986947272532,0.028435601759546052,-0.0211059879511594,-0.0001643558534851401,0.7670375678525513,0.7051999618066084,0.00426309296770715,-0.02094163209767426,,0.002357373997892105,0.20152809747271275,0.3276212917949094,0.3276212917949094,0.743214051971417,48618381.5,-0.4404262518490391,0.659629117211948,0.005602264885695586,-0.00464879495234094,GCST90200639,cancerType_celltype,LUAD_Epi_LUAD,tissue,Tumor,Adjacent,group1_higher,0.7605110757034844,0.6754879690156913
29319,3332,0.19291535992226708,0.1950320086737095,0.1333785653114318,0.1344553008675575,1.115343738465056,1.0762552251098159,-0.002116648751442435,-0.0010767355561256964,,-0.0007707107229006427,0.015742822157885902,-0.10717158223083442,-0.10717158223083442,0.9146579947269617,48625475.0,-0.4266678107454658,0.6696220056425926,-0.0019044566218793177,-0.0045035716118023705,GCST90199940,cancerType_celltype,LUAD_Epi_LUAD,tissue,Tumor,Adjacent,group2_higher,0.9202053205751682,0.68520630156971
29319,3332,0.12177651203249701,0.13884123433071632,0.0231754928827285,0.02832636982202525,1.0824634968495592,1.0885796394275595,-0.017064722298219315,-0.00515087693929675,,-0.0067267247412724955,0.18919874369182577,-0.8579585302052983,-0.8579585302052983,0.3909653205037782,48626984.5,-0.4237400082719556,0.6717561412937922,-0.015755603745602312,-0.004472668019423032,GCST90200084,cancerType_celltype,LUAD_Epi_LUAD,tissue,Tumor,Adjacent,group2_higher,0.4099121014204998,0.6868744340460906
29319,3332,0.07680113251312753,0.07965848175412235,0.0537791475653648,0.053347716107964446,0.640602614674368,0.5923909047825011,-0.0028573492409948165,0.00043143145740035665,,-0.0016815905640054603,0.052699724052677886,-0.26158458609273616,-0.26158458609273616,0.7936543552591542,48631078.5,-0.4157993502219057,0.6775575440799327,-0.004493738077963446,-0.004388852645324959,GCST90200971,cancerType_celltype,LUAD_Epi_LUAD,tissue,Tumor,Adjacent,group2_higher,0.8103002893020428,0.6922870559077573
29319,3332,-0.12488587847437455,-0.12589288997864867,-0.177522674202919,-0.17365572601556775,0.9170855285406356,0.8604623767088152,0.0010070115042741246,-0.0038669481873512546,,0.00047702941206311135,-0.011586361433382767,0.06357548288445587,0.06357548288445587,0.9493112519588791,48649106.5,-0.38083252478802676,0.7033282430128898,0.0011048216723015495,-0.0040197701919200135,GCST90200188,cancerType_celltype,LUAD_Epi_LUAD,tissue,Tumor,Adjacent,group1_higher,0.9514053208970237,0.7180796967989279
29319,3332,0.07931564765124023,0.07712433455114641,0.0275877565145492,0.02798732556402675,0.779685129833471,0.7161797574492167,0.0021913131000938224,-0.00039956904947754945,,0.0015074142781470734,0.04041886045234247,0.16580414800392237,0.16580414800392237,0.8683189129521448,48649890.5,-0.37931189071102644,0.704456990834416,0.0028331857468301127,-0.004003719568252961,GCST90200402,cancerType_celltype,LUAD_Epi_LUAD,tissue,Tumor,Adjacent,group1_higher,0.8799395378094969,0.7186937713378061
29319,3332,-0.11560943149309479,-0.12411708001721364,-0.1494901925325393,-0.15745951235294336,0.8470063504315156,0.7875045928668983,0.008507648524118852,0.007969319820404053,,0.0035967403992778566,-0.10244170746560398,0.5862564485393689,0.5862564485393689,0.5577342823807852,49037876.0,0.37321868668947494,0.7089864111055975,0.010114564031582762,0.0039394044735463485,GCST90199720,cancerType_celltype,LUAD_Epi_LUAD,tissue,Tumor,Adjacent,group1_higher,0.5785325927587597,0.7227737309924678
29319,3332,0.11479334909209413,0.10390040345842395,0.1101999655365943,0.1015653796494007,0.9003020031484279,0.843796614299485,0.010892945633670173,0.008634585887193597,,0.006440636509476307,0.14383648341782804,0.701197897460206,0.701197897460206,0.48321799714676106,49016506.5,0.33177074037766685,0.7400631121817767,0.012174962465545454,0.0035019123785808848,GCST90200116,cancerType_celltype,LUAD_Epi_LUAD,tissue,Tumor,Adjacent,group1_higher,0.5039220582333859,0.7538908982838277
29319,3332,-0.28847322535949765,-0.28815636131575256,-0.3353144526481628,-0.34021778404712677,0.8954387586671456,0.7971660931178786,-0.0003168640437450909,0.004903331398963984,,-0.00015129951916069935,-0.0015855469631669815,-0.021457481502409944,-0.021457481502409944,0.982881705848685,48681585.0,-0.3178377366887236,0.7506087597520636,-0.0003576698719430325,-0.0033548464919580523,GCST90200399,cancerType_celltype,LUAD_Epi_LUAD,tissue,Tumor,Adjacent,group2_higher,0.9836033517413786,0.764062538866365
29319,3332,0.02513540857682667,0.02006013064405264,-0.0374947562813758,-0.026105688884854247,0.7936599688053791,0.8125722485775413,0.005075277932774031,-0.011389067396521554,,0.003003027029415606,0.3253756176112689,0.3424511142290465,0.3424511142290465,0.7320290373812415,49008280.0,0.3158147502827143,0.7521438577257062,0.006379102104752744,0.003333493430115242,GCST90200114,cancerType_celltype,LUAD_Epi_LUAD,tissue,Tumor,Adjacent,group1_higher,0.7507566425512657,0.7650537896120431
29319,3332,-0.1884622447104592,-0.19196621931350796,-0.3106609880924225,-0.30656343698501587,1.4749406967285477,1.3915865525219393,0.0035039746030487706,-0.004097551107406616,,0.000999520910138647,-0.026576787187254602,0.13687131994615664,0.13687131994615664,0.8911390256739277,48686456.5,-0.30838905185950566,0.7577870494947816,0.002389094966097235,-0.0032551135669657283,GCST90200780,cancerType_celltype,LUAD_Epi_LUAD,tissue,Tumor,Adjacent,group1_higher,0.9003873180085719,0.7702190517982008
29319,3332,0.7888066343897397,0.7742392229747047,0.7637132406234741,0.7570420503616333,1.293744837529598,1.0915591612248439,0.014567411415035036,0.00667119026184082,,0.004976533127554621,0.026892254940471195,0.7153603280968119,0.7153603280968119,0.4744238110092297,48981260.0,0.2634071829860974,0.7922375022190549,0.011429123354781086,0.002780320150161719,GCST90200385,cancerType_celltype,LUAD_Epi_LUAD,tissue,Tumor,Adjacent,group1_higher,0.4951299038327566,0.8046346613446884
29319,3332,-0.39900587402122806,-0.4273562719516739,-0.5011337399482727,-0.4952130615711212,0.9338792211597992,0.819609003986769,0.02835039793044586,-0.005920678377151489,,0.013250962388431797,-0.09902907046508191,1.8638893013113214,1.8638893013113214,0.062404177468665105,48979738.0,0.2604551357090637,0.7945134658095596,0.030719843603593613,0.0027491606486040876,GCST90200015,cancerType_celltype,LUAD_Epi_LUAD,tissue,Tumor,Adjacent,group1_higher,0.06842871592098998,0.8063453863726209
29319,3332,-0.1926044074833517,-0.1883644439976051,-0.2475205957889557,-0.24063663184642786,0.9982163387532956,0.9474417410421802,-0.004239963485746595,-0.0068839639425278265,,-0.0016899344511869076,-0.03211388401251457,-0.24342392187330553,-0.24342392187330553,0.8076888547796205,48715615.0,-0.251833683576071,0.8011703700917872,-0.004269186069594068,-0.002658159344777533,GCST90200254,cancerType_celltype,LUAD_Epi_LUAD,tissue,Tumor,Adjacent,group2_higher,0.8233955939152002,0.8124964393118348
29319,3332,-0.11927675334581393,-0.10363409090740486,-0.2012430131435394,-0.20772282034158707,1.09391201132208,1.080593436226545,-0.015642662438409075,0.006479807198047666,,-0.006248188242693962,-0.20281240593059321,-0.79082112148071,-0.79082112148071,0.4290936200208719,48721038.5,-0.24131434822325082,0.8093122427461912,-0.014317431962882236,-0.0025471254704685364,GCST90199756,cancerType_celltype,LUAD_Epi_LUAD,tissue,Tumor,Adjacent,group2_higher,0.44885234388983,0.8201431872587797
29319,3332,0.3271535605885994,0.3194803029899918,0.2608930170536041,0.2866170406341553,1.2500681214967744,1.1422807392476328,0.007673257598607597,-0.025724023580551147,,0.0027586143663579582,0.034240879472039125,0.3637893497842025,0.3637893497842025,0.7160332410727521,48742160.5,-0.20034644902121004,0.8412103962046409,0.006190604173358117,-0.002114700377234713,GCST90200815,cancerType_celltype,LUAD_Epi_LUAD,tissue,Tumor,Adjacent,group1_higher,0.7354584081252157,0.8518348960081169
29319,3332,0.031977310933309744,0.03316119764578817,-0.0261035151779651,-0.04912616126239295,1.2049277716607438,1.1373098846158005,-0.0011838867124784255,0.023022646084427847,,-0.0003552549750415461,0.052445877906406056,-0.056586609656642826,-0.056586609656642826,0.9548771757654331,48927301.0,0.15874915471969658,0.873867273422523,-0.0009880511300268335,0.0016756318817305882,GCST90200472,cancerType_celltype,LUAD_Epi_LUAD,tissue,Tumor,Adjacent,group2_higher,0.956280375142017,0.8838640495166464
29319,3332,-0.12278465767104214,-0.13282006854640085,-0.1641769409179687,-0.16489796340465546,0.7973127461751568,0.7290857397171799,0.01003541087535871,0.000721022486686762,,0.005359463960207015,-0.11334195777289309,0.745481400078765,0.745481400078765,0.4560216023167395,48927124.5,0.15840681809394333,0.8741370056848419,0.01269306337751433,0.0016720184441318953,GCST90200164,cancerType_celltype,LUAD_Epi_LUAD,tissue,Tumor,Adjacent,group1_higher,0.47628922908637233,0.8838640495166464
29319,3332,-0.1711495213741106,-0.11466032426535906,-0.2380223721265792,-0.28889732062816614,0.8321211835972145,0.972637053037608,-0.05648919710875154,0.05087494850158694,,-0.028751610868718976,-0.5778868407664217,-3.221190778829044,-3.221190778829044,0.0012870663499554536,48914659.5,0.134229900020208,0.8932215498996819,-0.06665194542416907,0.0014168258114664045,GCST90199853,cancerType_celltype,LUAD_Epi_LUAD,tissue,Tumor,Adjacent,group2_higher,0.0015241280929533304,0.9024914547911539
29319,3332,-0.06009525271495728,-0.0681676882926114,-0.1213017925620079,-0.11852318048477165,0.7848093447528828,0.7360974127148764,0.008072435577654115,-0.002778612077236259,,0.005122473671099122,-0.1818341879611767,0.5957158522645849,0.5957158522645849,0.5513968686505234,48777245.5,-0.13229613449116553,0.894750831772518,0.010349556350258478,-0.0013964144954001778,GCST90199681,cancerType_celltype,LUAD_Epi_LUAD,tissue,Tumor,Adjacent,group1_higher,0.5723944645625768,0.9033669508932903
29319,3332,-0.0846783493414176,-0.07929577687614604,-0.1477898210287094,-0.16079473495483396,0.9529566046363974,0.8613744242239383,-0.0053825724652715595,0.013004913926124545,,-0.002383120480519833,-0.09474795717218588,-0.33796368122614795,-0.33796368122614795,0.7354070070880756,48777901.0,-0.13102473699438785,0.8957565059704901,-0.0057017565289157615,-0.0013829946180866637,GCST90200295,cancerType_celltype,LUAD_Epi_LUAD,tissue,Tumor,Adjacent,group2_higher,0.7536539478654489,0.9037128924039807
29319,3332,0.16358472453643821,0.12058739009793201,0.0114339673891663,0.0386085901409387,1.2081357485206012,1.0139529834039782,0.0429973344385062,-0.027174622751772404,,0.01626582890124136,0.43995584020982903,2.271411661528481,2.271411661528481,0.023169307334968314,48778751.0,-0.12937609035478298,0.8970608331300948,0.036138986566017064,-0.0013655927939578705,GCST90200968,cancerType_celltype,LUAD_Epi_LUAD,tissue,Tumor,Adjacent,group1_higher,0.025927558208178825,0.9043594049972774
29319,3332,-0.4941725805625441,-0.4955139976633413,-0.5372695922851562,-0.5438870191574097,0.7418017586507177,0.7087405209100833,0.0013414171007972153,0.006617426872253418,,0.0008013390764580922,-0.003910840292073014,0.10302675559088015,0.10302675559088015,0.9179466493248511,48783081.5,-0.12097672062206648,0.9037102421413423,0.001816416319976704,-0.0012769356182050773,GCST90200253,cancerType_celltype,LUAD_Epi_LUAD,tissue,Tumor,Adjacent,group1_higher,0.9226853119688586,0.9103895491786028
29319,3332,0.5420329928359137,0.5453040859899788,0.3340273201465606,0.34730808436870575,1.7318462878044272,1.6583160865263489,-0.0032710931540651522,-0.013280764222145136,,-0.0008984565349955808,0.008680280512476799,-0.1074001690051067,-0.1074001690051067,0.9144766495028076,48790318.5,-0.10693994917404219,0.914837389407907,-0.0018968488650150197,-0.0011287744402990185,GCST90200539,cancerType_celltype,LUAD_Epi_LUAD,tissue,Tumor,Adjacent,group2_higher,0.9202053205751682,0.920328417785624
29319,3332,1.1739165569843253,1.1782369699091135,1.0666276216506958,1.0381170511245728,1.707994194739678,1.6887918658273053,-0.004320412924788242,0.028510570526123047,,-0.0009356039212709634,0.005299858142536535,-0.13977250635406196,-0.13977250635406196,0.8888465291375468,48900531.5,0.10682745328569268,0.9149266369035367,-0.00253241442060815,0.0011275870217113404,GCST90200820,cancerType_celltype,LUAD_Epi_LUAD,tissue,Tumor,Adjacent,group2_higher,0.8987372546101456,0.920328417785624
29319,3332,-0.021674337334942728,-0.033467881052189445,-0.088975042104721,-0.06964144855737686,0.6858426110907327,0.6467332542105781,0.011793543717246717,-0.01933359354734414,,0.0077494508981793,-0.6267658725569185,0.9911839179325331,0.9911839179325331,0.32165248880288705,48793638.5,-0.10050052935817365,0.91994773248387,0.01729372096574806,-0.0010608049625252525,GCST90200049,cancerType_celltype,LUAD_Epi_LUAD,tissue,Tumor,Adjacent,group1_higher,0.3396348235912585,0.924696725203182
29319,3332,-0.18708966609056332,-0.19747911060273857,-0.2270808964967727,-0.22941321879625315,0.6563641407436618,0.5835030534497307,0.010389444512175244,0.0023323222994804382,,0.00706587148458327,-0.07796977354551908,0.9610071554105254,0.9610071554105254,0.3366020121846457,48798680.5,-0.09072114540889377,0.9277149389125091,0.01600086561824177,-0.0009575814363400603,GCST90200651,cancerType_celltype,LUAD_Epi_LUAD,tissue,Tumor,Adjacent,group1_higher,0.35455065116512524,0.9318168472643698
29319,3332,-0.1860038753575682,-0.20004735013038666,-0.2628703415393829,-0.26304489374160767,1.2226401772793891,1.187246018644795,0.014043474772818448,0.00017455220222478696,,0.005075922604808196,-0.10500829413268127,0.6450239925152997,0.6450239925152997,0.5189470759593506,48878939.0,0.06494697967902355,0.9482169873033532,0.011519768027265799,0.0006855295070038459,GCST90200007,cancerType_celltype,LUAD_Epi_LUAD,tissue,Tumor,Adjacent,group1_higher,0.5399426446813702,0.9517082133243524
29319,3332,0.24394087442570342,0.2388678030670044,0.1846936643123626,0.1943430826067924,1.2713387209735245,1.224165326452096,0.005073071358699027,-0.009649418294429807,,0.0014880736389633264,0.0303189825640322,0.2257750307925352,0.2257750307925352,0.8213874085821327,48875698.0,0.05866078702142417,0.9532230654008388,0.004005247030205647,0.000619177375237312,GCST90200774,cancerType_celltype,LUAD_Epi_LUAD,tissue,Tumor,Adjacent,group1_higher,0.8354858491771991,0.9560287256374859
29319,3332,-0.07716080540103089,-0.07898986890354279,-0.1506138443946838,-0.1527168974280357,0.9796791482077287,0.9284096483178879,0.001829063502511899,0.002103053033351898,,0.0008101019648530695,-0.03379899252774238,0.1071438882565799,0.1071438882565799,0.9146799232527596,48816650.5,-0.05586681586336433,0.9554486792062462,0.0018767865089605212,-0.0005896864015226821,GCST90199654,cancerType_celltype,LUAD_Epi_LUAD,tissue,Tumor,Adjacent,group1_higher,0.9202053205751682,0.9575562865868482
29319,3332,0.16686989529492088,0.17370559076352446,0.126336470246315,0.1249323710799217,1.0478806620505734,1.0251880104441444,-0.006835695468603575,0.0014040991663933078,,-0.0022182913400750435,0.057920144026727384,-0.3638885632683299,-0.3638885632683299,0.7159597074241197,48829104.0,-0.03171220300887069,0.974702336581519,-0.006537656678401293,-0.00033472920530130956,GCST90200876,cancerType_celltype,LUAD_Epi_LUAD,tissue,Tumor,Adjacent,group2_higher,0.7354584081252157,0.9761346691848717
29319,3332,0.5008166310798903,0.4940289831347542,0.4365367293357849,0.4317572712898254,1.0055777177484073,0.9182084784998964,0.006787647945136088,0.004779458045959528,,0.0028291528200079987,0.019686749695442023,0.40029805798938345,0.40029805798938345,0.6889569211235222,48852368.5,0.013411255517115375,0.9893004607583398,0.006807971877345524,0.00014155872110421797,GCST90200256,cancerType_celltype,LUAD_Epi_LUAD,tissue,Tumor,Adjacent,group1_higher,0.7108616831880097,0.9900268193932579
29319,3332,-0.3581652372576028,-0.33802662409415696,-0.4299542605876922,-0.45224760472774506,1.2036696606821433,1.2682332983074331,-0.02013861316344584,0.02229334414005285,,-0.006301553864795332,-0.08348819687299003,-0.8730100365206814,-0.8730100365206814,0.3827094521779437,48851305.0,0.011348507633327364,0.9909461690589989,-0.016637782451056328,0.00011978596820894083,GCST90200422,cancerType_celltype,LUAD_Epi_LUAD,tissue,Tumor,Adjacent,group2_higher,0.4015650371967185,0.9909461690589989
