n_group1,n_group2,mean_group1,mean_group2,median_group1,median_group2,sd_group1,sd_group2,mean_diff,median_diff,log2FC,pseudo_log2FC_shifted,signed_log2FC_absmean,t_welch,z_welch_approx,p_ttest,u_stat,z_wilcoxon,p_wilcoxon,cohen_d,cliffs_delta,trait,celltype_key,celltype,group_col,group1,group2,direction,q_ttest,q_wilcoxon
43134,178,0.45237360273163907,-0.1910446231813285,0.44401445984840393,-0.31730055809020996,0.6898428459148821,0.6720938803319159,0.6434182259129676,0.7613150179386139,,0.4167065735396404,1.2436007294392681,12.744752768661792,12.744752768661792,7.092504085788207e-27,5716478.0,11.278558488659787,1.6747330783533638e-29,0.9327994411988128,0.48908262362962973,GCST90199719,cancerType_celltype,ESCA_Epi_ESCA,tissue,Tumor,Adjacent,group1_higher,4.833541534464663e-24,2.282661185795635e-26
43134,178,-0.5560273660652116,0.2806654466248086,-0.5949541926383972,0.3156656473875046,0.9876879561989442,0.9328417002682816,-0.8366928126900202,-0.9106198400259018,,-0.3119775121721368,-0.986301883134021,-11.938941901876651,-11.938941901876651,1.5592134951689362e-24,2042915.0,-10.788737201300604,3.8911189022741866e-27,-0.8473095942633658,-0.4678420474893238,GCST90200822,cancerType_celltype,ESCA_Epi_ESCA,tissue,Tumor,Adjacent,group2_higher,5.3130199847881505e-22,2.651797531899858e-24
43134,178,0.9223486868776996,-0.4280610227737618,0.8551805019378662,-0.27082403004169464,1.6412425354577869,1.38214630973892,1.3504097096514613,1.1260045319795609,,0.37306053832279606,1.1074939709896812,12.997554513338642,12.997554513338642,1.238214082808813e-27,5605331.0,10.61089232530502,2.6521259650570296e-26,0.8232865460464847,0.4601299946912236,GCST90200280,cancerType_celltype,ESCA_Epi_ESCA,tissue,Tumor,Adjacent,group1_higher,1.6876857948684123e-24,1.2049492301242438e-23
43134,178,0.6942869186254287,-0.6289025160452623,0.6112334132194519,-0.7615537345409393,1.5658383551539121,1.50999745499882,1.323189434670691,1.3727871477603912,,0.3821697655693792,0.142695365808798,11.665257872557762,11.665257872557762,9.741025896849889e-24,5548220.0,10.267823396270911,9.840271583537184e-25,0.8451567680733901,0.4452531775814381,GCST90200257,cancerType_celltype,ESCA_Epi_ESCA,tissue,Tumor,Adjacent,group1_higher,2.6554036594812796e-21,3.353072542090296e-22
43134,178,1.1260379542110535,-0.5854414328095618,1.040413320064545,-0.5995633006095886,2.330071929967874,1.8516572041743038,1.7114793870206153,1.6399766206741335,,0.32921592183665344,0.9436575158559448,12.291552336426742,12.291552336426742,1.394975089042457e-25,5508458.0,10.028970867751811,1.1369887978373033e-23,0.7350715282999479,0.43489559319455484,GCST90200788,cancerType_celltype,ESCA_Epi_ESCA,tissue,Tumor,Adjacent,group1_higher,6.337836821216229e-23,3.0994314629044884e-21
43134,178,0.15806151309321934,-0.7858424571112552,0.11383691802620885,-0.8104797005653381,1.2458977329902152,1.1457720417157002,0.9439039702044746,0.924316618591547,,0.3612197092962057,-2.3137466995846023,10.964343077211158,10.964343077211158,1.0131674152911588e-21,5478577.0,9.849474051578602,6.890565209036158e-23,0.7578484488183533,0.4271119057778139,GCST90200968,cancerType_celltype,ESCA_Epi_ESCA,tissue,Tumor,Adjacent,group1_higher,1.9727816957740707e-19,1.5653067299860472e-20
43134,178,0.6774846385271763,-0.21009862286907233,0.6272467374801636,-0.29549831151962275,1.2232547119400348,1.047994229549212,0.8875832613962487,0.9227450489997864,,0.32159472416044693,1.6891167918983006,11.26789416601152,11.26789416601152,1.3346266430884399e-22,5431280.0,9.56535836219256,1.1181667521638524e-21,0.7259862776666762,0.41479153284017456,GCST90199783,cancerType_celltype,ESCA_Epi_ESCA,tissue,Tumor,Adjacent,group1_higher,3.0318268575492395e-20,2.1772304045704728e-19
43134,178,-1.0366710144884175,0.2546378784535683,-1.1115533113479614,0.12054144218564025,1.472428271944318,1.8293696623656113,-1.2913088929419858,-1.2320947535336018,,-0.2991664409871576,-2.02543490908154,-9.40500263131008,-9.40500263131008,2.6222099330897623e-17,2288584.0,-9.312989959492887,1.2428692978423717e-20,-0.8760201924121334,-0.403847847028049,GCST90200855,cancerType_celltype,ESCA_Epi_ESCA,tissue,Tumor,Adjacent,group2_higher,4.467590173501682e-15,2.117538566198941e-18
43134,178,-0.9581018505501526,0.3661487099316934,-1.0255415439605713,0.18224471807479853,1.7145865964901241,2.0255945493886647,-1.324250560481846,-1.2077862620353699,,-0.290610461391456,-1.3877468819706797,-8.709366065309748,-8.709366065309748,2.0505754476416095e-15,2385030.0,-8.733633514506394,2.4662584968582667e-18,-0.7717202229781914,-0.3787246745574153,GCST90200823,cancerType_celltype,ESCA_Epi_ESCA,tissue,Tumor,Adjacent,group2_higher,1.952080412013707e-13,3.735011479130908e-16
43134,178,-0.410074673333721,0.825919646382583,-0.5326421558856964,0.812059223651886,1.7925034350316325,1.8467983088697162,-1.235994319716304,-1.3447013795375824,,-0.3027327267666679,1.0101130135326026,-8.911780135179,-8.911780135179,5.772537554318633e-16,2388786.0,-8.711071015207622,3.0102497546100295e-18,-0.6894486250059717,-0.37774627591154397,GCST90199819,cancerType_celltype,ESCA_Epi_ESCA,tissue,Tumor,Adjacent,group2_higher,7.152698805942088e-14,4.10297041553347e-16
43134,178,-0.5899158299570514,0.035935513609810996,-0.6316086053848267,-0.0052573627326637,0.9887264999478977,0.9192541981726382,-0.6258513435668623,-0.6263512426521629,,-0.22169722996591054,-4.036989211622281,-9.061735391037745,-9.061735391037745,2.2347728848890965e-16,2427871.0,-8.476285263053079,2.325042718145109e-17,-0.6331627804986418,-0.36756504293127823,GCST90199677,cancerType_celltype,ESCA_Epi_ESCA,tissue,Tumor,Adjacent,group2_higher,3.384439380115376e-14,2.8809392953016213e-15
43134,178,-1.3331093068026347,-0.09171432348261221,-1.4097674489021301,-0.0685834698379039,1.7910160313695844,1.959732800709912,-1.2413949833200224,-1.3411839790642262,,-0.2366640997839371,-3.861489554903615,-8.436765296168682,-8.436765296168682,1.0906834133947706e-14,2437870.5,-8.416217714667013,3.88844344090829e-17,-0.692844081296035,-0.3649602779527399,GCST90200834,cancerType_celltype,ESCA_Epi_ESCA,tissue,Tumor,Adjacent,group2_higher,8.258897180317069e-13,4.4166236749649995e-15
43134,178,0.507281594439759,-0.576429614535627,0.3646251708269119,-0.6962104439735413,1.7587576813050607,1.628606667415018,1.083711208975386,1.0608356148004532,,0.29713555149068244,-0.18435729936968379,8.856554952976227,8.856554952976227,8.064184079564529e-16,5237653.0,8.402230286653918,4.380888802251854e-17,0.6163594789684356,0.36435372809999467,GCST90200288,cancerType_celltype,ESCA_Epi_ESCA,tissue,Tumor,Adjacent,group1_higher,9.159569083705377e-14,4.593193413437906e-15
43134,178,-0.8811128099747552,-0.04690235477526871,-0.9290739297866821,-0.08233364671468729,1.2233477477575057,1.2713472875666103,-0.8342104551994864,-0.8467402830719948,,-0.25190276683255997,-4.231565357674841,-8.737622963906551,-8.737622963906551,1.7062377386378424e-15,2446751.0,-8.362872061040088,6.121113956015246e-17,-0.6817964060239821,-0.3626470007496888,GCST90200514,cancerType_celltype,ESCA_Epi_ESCA,tissue,Tumor,Adjacent,group2_higher,1.7889246444333687e-13,5.959341658606272e-15
43134,178,0.4224351233374164,-0.21426545417857137,0.3990534693002701,-0.22867602109909055,0.9722765736312556,0.9467647584078842,0.6367005775159877,0.6277294903993607,,0.2901200507757913,0.979327210068634,8.952826577392411,8.952826577392411,4.443910959979437e-16,5217619.0,8.28188494295009,1.2124376320313264e-16,0.6549247264787794,0.35913508100963654,GCST90199971,cancerType_celltype,ESCA_Epi_ESCA,tissue,Tumor,Adjacent,group1_higher,6.057050638451972e-14,1.1017016616391319e-14
43134,178,-0.2655650869222734,0.3020679191476927,-0.3023815453052521,0.3329753130674362,0.8411414203340515,0.9059497241595937,-0.5676330060699661,-0.6353568583726883,,-0.2482566735452154,0.18580682339950802,-8.344540756424893,-8.344540756424893,1.9119067354505173e-14,2466822.0,-8.242304456294178,1.6892929642531938e-16,-0.6746160166775271,-0.35741871554700455,GCST90200446,cancerType_celltype,ESCA_Epi_ESCA,tissue,Tumor,Adjacent,group2_higher,1.371541516010029e-12,1.4390664439231895e-14
43134,178,-0.5321020875410647,0.020293164607189763,-0.5730966031551361,-0.036252474412322,0.8787729259954399,0.8584604311518398,-0.5523952521482545,-0.5368441287428141,,-0.23690422184546842,-4.712568915817686,-8.566485355747103,-8.566485355747103,4.883068929448131e-15,2468062.0,-8.234855707856884,1.797786936363942e-16,-0.6286570990693634,-0.3570957085393154,GCST90200035,cancerType_celltype,ESCA_Epi_ESCA,tissue,Tumor,Adjacent,group2_higher,4.1597643442736267e-13,1.4414021142729724e-14
43134,178,-0.1358032942363002,0.4330827739348719,-0.16993042081594467,0.44948728382587433,0.8306874037779317,0.9403788968174704,-0.568886068171172,-0.619417704641819,,-0.25684189053076917,1.673117021479675,-8.058130783951892,-8.058130783951892,1.0810916514832377e-13,2479838.0,-8.164116625923358,3.2380401156190754e-16,-0.6844440792999913,-0.354028183924358,GCST90200337,cancerType_celltype,ESCA_Epi_ESCA,tissue,Tumor,Adjacent,group2_higher,5.667415080660204e-12,2.4519159319937774e-14
43134,178,-0.10244715456326962,0.43043874900557855,-0.13275261968374252,0.48942217230796814,0.7142582229728699,0.8758998638870905,-0.5328859035688481,-0.6221747919917107,,-0.2562359088272893,2.0709173130966225,-8.105778165100448,-8.105778165100448,8.154178145011478e-14,2483698.0,-8.140929392884685,3.922648370744078e-16,-0.7453020648479013,-0.35302269436816447,GCST90200824,cancerType_celltype,ESCA_Epi_ESCA,tissue,Tumor,Adjacent,group2_higher,4.804880511071981e-12,2.8139840680653572e-14
43134,178,-0.7016422730610838,0.3776996127575678,-0.7694788575172424,0.42423930764198303,1.6441010627211443,1.7611699300057617,-1.0793418858186516,-1.1937181651592255,,-0.2558452913122599,-0.8934946028062567,-8.161843191166811,-8.161843191166811,5.778471384544192e-14,2511823.0,-7.9719809656275125,1.561546567458226e-15,-0.6562958826672379,-0.3456964265526348,GCST90200820,cancerType_celltype,ESCA_Epi_ESCA,tissue,Tumor,Adjacent,group2_higher,3.761234067659009e-12,1.064193985722781e-13
43134,178,0.2986799377904123,-0.05742822909005656,0.2971341907978058,-0.06524246186017985,0.5562202255968175,0.6018992857882121,0.35610816688046887,0.36237665265798563,,0.2421812134037323,2.3787480651636614,7.879600647272985,7.879600647272985,3.127893468220642e-13,5162990.0,7.9537255249009515,1.809892490410771e-15,0.6400051433818255,0.34490479889427417,GCST90200504,cancerType_celltype,ESCA_Epi_ESCA,tissue,Tumor,Adjacent,group1_higher,1.5226138561374054e-11,1.1348261853898549e-13
43134,178,0.5321689013039314,0.0998941020794171,0.5155638754367828,0.11976124346256256,0.7176108120693825,0.6731139045976112,0.4322747992245143,0.3958026319742203,,0.26297770989170743,2.4134010674895685,8.548014520765346,8.548014520765346,5.451041386260164e-15,5162743.0,7.9522417822686835,1.8317077093600007e-15,0.6025285268110151,0.3448404579822586,GCST90200014,cancerType_celltype,ESCA_Epi_ESCA,tissue,Tumor,Adjacent,group1_higher,4.370452593807414e-13,1.1348261853898549e-13
43134,178,0.7075185529808125,-0.35028634153292093,0.6583059132099152,-0.21511410921812055,1.7218599695675292,1.6185792669526597,1.0578048945137333,0.8734200224280357,,0.2972957324183356,1.0142311648935645,8.699010547382695,8.699010547382695,2.148290989009949e-15,5160484.0,7.938671844591388,2.043625931040295e-15,0.6144846455505558,0.3442520121513153,GCST90200965,cancerType_celltype,ESCA_Epi_ESCA,tissue,Tumor,Adjacent,group1_higher,1.952080412013707e-13,1.2110704973947488e-13
43134,178,-1.273736272662145,-0.3510022878835208,-1.3661471009254456,-0.34470599889755243,1.5334233353356557,1.5132673986432286,-0.9227339847786242,-1.021441102027893,,-0.2412901525053675,-1.8595112813016264,-8.118067523091407,-8.118067523091407,7.481521992895065e-14,2530126.5,-7.862030830932343,3.779640361454043e-15,-0.60177982805699,-0.3409285565806687,GCST90200781,cancerType_celltype,ESCA_Epi_ESCA,tissue,Tumor,Adjacent,group2_higher,4.6351429437799876e-12,2.1465207552757754e-13
43134,178,-0.18615429226222546,-0.7448613474333889,-0.21787668764591217,-0.7747599482536316,0.8137985134753329,0.9978124923190983,0.5587070551711635,0.5568832606077194,,0.2619563397022915,-2.000467204716883,7.46019149841892,7.46019149841892,3.6706827732671344e-12,5131679.0,7.765638619804087,8.1236789927566e-15,0.6858371666767062,0.3367486114606013,GCST90200359,cancerType_celltype,ESCA_Epi_ESCA,tissue,Tumor,Adjacent,group1_higher,1.3897612833230845e-10,4.4290297868508984e-13
43134,178,-0.5290064866823668,0.38413969063320397,-0.5970663130283356,0.43580789864063263,1.4840930991664056,1.6387484465433293,-0.9131461773155708,-1.0328742116689682,,-0.2419939976199546,-0.46165334853518303,-7.421715695324601,-7.421715695324601,4.5657776833053835e-12,2556879.0,-7.701327086925322,1.346634709586783e-14,-0.6150135038692888,-0.33395981063453684,GCST90200113,cancerType_celltype,ESCA_Epi_ESCA,tissue,Tumor,Adjacent,group2_higher,1.6376723637750626e-10,7.059473496795328e-13
43134,178,0.8717307572793576,0.025272524131630714,0.8181297183036804,-0.1563763990998268,1.453960986114945,1.3918100870596604,0.8464582331477268,0.9745061174035072,,0.24508804340790644,5.108185515725899,8.095801246501226,8.095801246501226,8.534711433683331e-14,5119274.0,7.691121100155192,1.458547243566323e-14,0.5822735201756479,0.3335172389360983,GCST90200740,cancerType_celltype,ESCA_Epi_ESCA,tissue,Tumor,Adjacent,group1_higher,4.804880511071981e-12,7.362962566595919e-13
43134,178,0.48929968450240435,0.1795632052078341,0.5012022852897644,0.22323238849639893,0.49943771905719403,0.556841275667777,0.30973647929457027,0.2779698967933655,,0.21480430289014638,1.4462215128301068,7.4088579312384875,7.4088579312384875,4.919039265069222e-12,5117981.0,7.683353977792755,1.5498022918530557e-14,0.6198625581311336,0.33318042598372566,GCST90200231,cancerType_celltype,ESCA_Epi_ESCA,tissue,Tumor,Adjacent,group1_higher,1.7191411585357308e-10,7.544216156413268e-13
43134,178,0.42893107287609233,0.08397842234188921,0.43697012960910797,0.1088343374431133,0.5537878090541181,0.571744731211778,0.3449526505342031,0.32813579216599464,,0.26232925243801863,2.352641426135924,8.03393377214786,8.03393377214786,1.243238622361714e-13,5115740.0,7.6698921671089035,1.721450370842194e-14,0.622812927353978,0.33259666896418416,GCST90200108,cancerType_celltype,ESCA_Epi_ESCA,tissue,Tumor,Adjacent,group1_higher,6.276052749181541e-12,8.090816742958312e-13
43134,178,0.4143730504481936,0.033817593445164267,0.41922119259834284,0.0053606673609465,0.6209042145070934,0.6653434708059455,0.38055545700302934,0.41386052523739636,,0.2549571081074829,3.615045096510708,7.617335147176517,7.617335147176517,1.4647170494315964e-12,5112901.0,7.652838137420615,1.9659589899698336e-14,0.6127196501908351,0.3318571392102896,GCST90200599,cancerType_celltype,ESCA_Epi_ESCA,tissue,Tumor,Adjacent,group1_higher,6.238779182422706e-11,8.932007011096277e-13
43134,178,0.03250695536614086,0.5053713870283185,0.01465285522863265,0.5222006738185883,0.6917047138449904,0.8352524438527827,-0.4728644316621777,-0.5075478185899556,,-0.2525572930646139,3.958482115574051,-7.542498066878441,-7.542498066878441,2.2767585178704536e-12,2567631.5,-7.636736225980158,2.228024848211579e-14,-0.6829827520291214,-0.33115889704568413,GCST90200617,cancerType_celltype,ESCA_Epi_ESCA,tissue,Tumor,Adjacent,group2_higher,9.12712311722773e-11,9.796122155201232e-13
43134,178,-0.2268450150475723,0.37172054714102065,-0.2740250378847122,0.37106455862522125,0.9528147179025711,1.0952482115830329,-0.5985655621885929,-0.6450895965099335,,-0.23875221620881057,0.7125090011967559,-7.28001123669456,-7.28001123669456,1.0314082063364199e-11,2572128.0,-7.60972550231218,2.746850522743905e-14,-0.6277956522272987,-0.3299876059085275,GCST90200962,cancerType_celltype,ESCA_Epi_ESCA,tissue,Tumor,Adjacent,group2_higher,3.269324151712884e-10,1.169986644531232e-12
43134,178,0.46429142136051804,-0.168655094868514,0.4273606538772583,-0.3493170738220215,1.1231803639803328,1.0413226080314246,0.632946516229032,0.7766777276992798,,0.23690632357631428,1.4609492768095107,8.090059123127798,8.090059123127798,8.813060365135694e-14,5095497.0,7.548291348870079,4.410156843939326e-14,0.5636924105521222,0.3273235795636593,GCST90199752,cancerType_celltype,ESCA_Epi_ESCA,tissue,Tumor,Adjacent,group1_higher,4.804880511071981e-12,1.8215284176634247e-12
43134,178,-0.4971324490295923,0.11965904039529603,-0.5389056205749512,0.06901196762919426,1.000810815438006,1.102924180133119,-0.6167914894248884,-0.6079175882041454,,-0.23478178047391413,-2.054691721420662,-7.448453619035571,-7.448453619035571,3.91239571811637e-12,2588301.0,-7.512573398702217,5.797754701188302e-14,-0.6160218763310656,-0.3257747088638854,GCST90200403,cancerType_celltype,ESCA_Epi_ESCA,tissue,Tumor,Adjacent,group2_higher,1.4412419902142198e-10,2.324217546388134e-12
43134,178,0.5108449442305242,-0.23421231120971314,0.4992111325263977,-0.31682275235652924,1.3459854687958244,1.2815159750525567,0.7450572554402373,0.8160338848829269,,0.1954246711136551,1.125065211456807,7.739080144681421,7.739080144681421,7.125106640693262e-13,5075592.5,7.4287239188135334,1.0965282601948335e-13,0.5536461312200073,0.3221386658664429,GCST90200889,cancerType_celltype,ESCA_Epi_ESCA,tissue,Tumor,Adjacent,group1_higher,3.132748500408037e-11,4.270194338987309e-12
43134,178,-1.046560976883393,-0.1783867447239378,-1.1771056652069092,-0.279560849070549,1.4323824252787836,1.669936918966466,-0.8681742321594552,-0.8975448161363602,,-0.23415208586392577,-2.5525693394926225,-6.925618132329489,-6.925618132329489,7.612749951455968e-11,2606840.0,-7.401208602509481,1.3495359407074403e-13,-0.6056606749430425,-0.3209454936094106,GCST90200367,cancerType_celltype,ESCA_Epi_ESCA,tissue,Tumor,Adjacent,group2_higher,1.7010128170220465e-09,5.074552066570797e-12
43134,178,0.6632063538300617,0.23617282210524831,0.6492670476436615,0.13148189336061475,0.7828389824426157,0.7253411923774978,0.42703353172481334,0.5177851542830467,,0.23640342371974865,1.4896109410251535,7.835890242363293,7.835890242363293,4.015052073180124e-13,5070558.0,7.398481399452601,1.377537978452821e-13,0.5456512375846484,0.3208272313662728,GCST90199949,cancerType_celltype,ESCA_Epi_ESCA,tissue,Tumor,Adjacent,group1_higher,1.8241719919148363e-11,5.074552066570797e-12
43134,178,0.16759314017998128,-0.06064787126156721,0.17888244986534116,-0.0585812088102102,0.43250100849936485,0.43920232832008704,0.22824101144154849,0.23746365867555136,,0.19533334061936136,1.4664190063696894,6.919453977316593,6.919453977316593,7.841447422443027e-11,5048900.0,7.268380598117994,3.6383061690625695e-13,0.5276899789419786,0.3151855492916509,GCST90201002,cancerType_celltype,ESCA_Epi_ESCA,tissue,Tumor,Adjacent,group1_higher,1.7238536833532008e-09,1.3050029759032322e-11
43134,178,0.08088699230040203,-0.3788243243994003,0.06014673598110675,-0.49630747735500336,0.8340113376118375,0.8795989246667456,0.4597113166998023,0.5564542133361101,,0.24382483864175336,-2.227535320138427,6.959954158031578,6.959954158031578,6.26620536478331e-11,5043721.0,7.237270059281909,4.578161283295841e-13,0.551078662424904,0.31383647405550397,GCST90199858,cancerType_celltype,ESCA_Epi_ESCA,tissue,Tumor,Adjacent,group1_higher,1.472558260724078e-09,1.6000086741364693e-11
43134,178,0.22354720427150745,-0.13671276629954743,0.2063397467136383,-0.13988721370697016,0.6149132071197377,0.6746297423219008,0.36025997057105485,0.34622696042060846,,0.2338643253074606,0.7094274355261436,7.112418824369449,7.112418824369449,2.6667688624713643e-11,5041937.0,7.226553472820512,4.954165677450822e-13,0.5856275893751228,0.31337176074766737,GCST90200300,cancerType_celltype,ESCA_Epi_ESCA,tissue,Tumor,Adjacent,group1_higher,7.111837780128685e-10,1.638814374552081e-11
43134,178,-0.3185876144072893,0.18031601926568225,-0.3496337831020355,0.22695630043745035,0.8318072599281718,0.9488430773399307,-0.4989036336729715,-0.5765900835394859,,-0.22699154077823397,-0.8211591370062274,-7.003976729719221,-7.003976729719221,4.9125964524737214e-11,2636146.5,-7.225162839543711,5.005128014906957e-13,-0.599413927365249,-0.31331145742324806,GCST90200355,cancerType_celltype,ESCA_Epi_ESCA,tissue,Tumor,Adjacent,group2_higher,1.1747138534599443e-09,1.638814374552081e-11
43134,178,0.27389227461591664,-0.08230050378792993,0.2747418135404587,-0.14079304784536362,0.6085539936405588,0.6576945127557617,0.35619277840384655,0.4155348613858223,,0.2346374403964567,1.73462314496197,7.212819303844337,7.212819303844337,1.5090975937604216e-11,5041504.0,7.223952417922651,5.049904895905166e-13,0.5851092135403235,0.31325896878449866,GCST90199835,cancerType_celltype,ESCA_Epi_ESCA,tissue,Tumor,Adjacent,group1_higher,4.570888933989899e-10,1.638814374552081e-11
43134,178,0.3575730920023115,-0.471430255905882,0.3275020271539688,-0.42571374773979187,1.5017235089134189,1.3521051982157963,0.8290033479081935,0.7532157748937607,,0.22424075574292382,-0.39880520250945345,8.159306022756095,8.159306022756095,5.795004799768099e-14,5034875.0,7.1841316490590845,6.763715570123326e-13,0.5522483083905141,0.31153218374097347,GCST90199839,cancerType_celltype,ESCA_Epi_ESCA,tissue,Tumor,Adjacent,group1_higher,3.761234067659009e-12,2.1439405400181613e-11
43134,178,0.23090812257970694,0.010709466404815236,0.22965403646230695,-0.015174618456512651,0.4060254072195541,0.47410634448966726,0.2201986561748917,0.2448286549188196,,0.20331372596454156,4.4302319600330415,6.187178888232038,6.187178888232038,4.092343380478766e-09,5029461.0,7.1516094522530285,8.576817084661874e-13,0.5419249374822238,0.3101218934670791,GCST90200100,cancerType_celltype,ESCA_Epi_ESCA,tissue,Tumor,Adjacent,group1_higher,5.1646889144375535e-08,2.6568640196350307e-11
43134,178,-0.471824479375138,0.07057648021832444,-0.5179715752601624,-0.072938073426485,0.7942284175685742,0.9853243112384475,-0.5424009595934625,-0.44503350183367735,,-0.24300595445528891,-2.740973500106066,-7.3344881491404195,-7.3344881491404195,7.57140205461617e-12,2652166.0,-7.128932818905621,1.0115229221432136e-12,-0.6821770925780318,-0.3091385455202835,GCST90199938,cancerType_celltype,ESCA_Epi_ESCA,tissue,Tumor,Adjacent,group2_higher,2.457100238200438e-10,3.0637905397360004e-11
43134,178,-0.31078788600464063,0.40319080336991925,-0.36278262734413147,0.36175173521041865,1.2660622672531134,1.290416626590762,-0.7139786893745599,-0.7245343625545502,,-0.2113782657568483,0.37553139703794036,-7.367233219384033,-7.367233219384033,6.2260527009047095e-12,2661094.0,-7.075301830157105,1.4912705455823907e-12,-0.5638917177452452,-0.3068128950649218,GCST90200519,cancerType_celltype,ESCA_Epi_ESCA,tissue,Tumor,Adjacent,group2_higher,2.0697828856910048e-10,4.418699464410432e-11
43134,178,-0.9417811567442732,-0.33366621327010937,-1.00395929813385,-0.4348252266645431,1.0582393968953943,1.1437340007115713,-0.6081149434741638,-0.569134071469307,,-0.21278470296011018,-1.4969834574906278,-7.0811673909694015,-7.0811673909694015,3.178827824653487e-11,2663758.0,-7.059299035127306,1.6734821917892099e-12,-0.5744505070676147,-0.3061189509774348,GCST90200649,cancerType_celltype,ESCA_Epi_ESCA,tissue,Tumor,Adjacent,group2_higher,8.174985518873024e-10,4.804239765278173e-11
43134,178,0.6521234848426192,-0.017447999339770485,0.6251267194747925,-0.07927477359771724,1.211756002056537,1.2293504344360717,0.6695714841823897,0.7044014930725098,,0.21726455431594263,5.223931179914021,7.252076264037031,7.252076264037031,1.2035678441750732e-11,5013841.0,7.0577792501638905,1.691881942284316e-12,0.552529936743399,0.3060530471282854,GCST90200398,cancerType_celltype,ESCA_Epi_ESCA,tissue,Tumor,Adjacent,group1_higher,3.728324935478693e-10,4.804239765278173e-11
43134,178,-0.2637389809921588,0.24237656062782814,-0.3077297508716583,0.16870318353176117,0.864811842183978,0.9402176273402416,-0.506115541619987,-0.4764329344034195,,-0.23642474204575348,-0.1218601495257847,-7.169262473481905,-7.169262473481905,1.9328763617795847e-11,2671919.0,-7.010275457710567,2.3785448386917145e-12,-0.5850144603678242,-0.3039930959857001,GCST90200390,cancerType_celltype,ESCA_Epi_ESCA,tissue,Tumor,Adjacent,group2_higher,5.376552002256274e-10,6.616237990075116e-11
43134,178,0.013307779915360375,-0.43959157334593535,0.005830921232700299,-0.5339938402175903,0.8038172153232618,0.8921368737240062,0.4528993532612957,0.5398247614502907,,0.23888378647650177,-5.045716789907956,6.761670014804699,6.761670014804699,1.881771385712861e-10,5001275.0,6.982294594629184,2.9040358668326616e-12,0.5631690318416122,0.3027797357906874,GCST90200169,cancerType_celltype,ESCA_Epi_ESCA,tissue,Tumor,Adjacent,group1_higher,3.513499176337849e-09,7.816474996401201e-11
43134,178,-0.21137709927064685,0.3406559458693092,-0.24813286960124964,0.318132996559143,0.9925381417657804,1.0701347603255444,-0.552033045139956,-0.5662658661603927,,-0.21611513923832665,0.6884937151930416,-6.870164198070347,-6.870164198070347,1.0332399559261382e-10,2676743.0,-6.981297423467417,2.9247265210305305e-12,-0.5559986462568145,-0.3027364945299805,GCST90200529,cancerType_celltype,ESCA_Epi_ESCA,tissue,Tumor,Adjacent,group2_higher,2.2004782186364475e-09,7.816474996401201e-11
43134,178,0.3868838244921384,-0.1287206554166669,0.3362961411476135,-0.2266304865479469,0.9742660831324995,0.9299188175409637,0.5156044799088053,0.5629266276955605,,0.23590726729333691,1.587649355380948,7.3807460980574096,7.3807460980574096,5.741277842775899e-12,4993655.0,6.936520834070975,4.018825451042322e-12,0.5293197078448849,0.3007948056305332,GCST90200674,cancerType_celltype,ESCA_Epi_ESCA,tissue,Tumor,Adjacent,group1_higher,1.9563404249258876e-10,1.0533959788020548e-10
43134,178,-1.3680129089838668,-0.5515669524765134,-1.4467493295669556,-0.49150803685188293,1.4154546813123157,1.5968989400723406,-0.8164459565073534,-0.9552412927150726,,-0.23001876271382488,-1.3104723584970825,-6.810156920127996,-6.810156920127996,1.4417423705809368e-10,2686378.5,-6.923416443171009,4.408885895431521e-12,-0.5764869854094004,-0.3002265477375704,GCST90199728,cancerType_celltype,ESCA_Epi_ESCA,tissue,Tumor,Adjacent,group2_higher,2.7677392269039675e-09,1.133832353862861e-10
43134,178,0.3748383845983594,-0.0021901059466717617,0.3718931376934051,-0.0128167702350765,0.6689094541424211,0.6998427146360606,0.3770284905450311,0.3847099079284816,,0.2224903466337353,7.41846949083593,7.17408689098015,7.17408689098015,1.877860309454959e-11,4990206.5,6.915805504243548,4.652221657612072e-12,0.5635375705904199,0.2998965075127784,GCST90200528,cancerType_celltype,ESCA_Epi_ESCA,tissue,Tumor,Adjacent,group1_higher,5.332340837056478e-10,1.1742552072824544e-10
43134,178,0.19295947432485833,-0.029498939344847805,0.195979468524456,-0.08765644580125805,0.43856576397821023,0.5449122690624751,0.22245841366970615,0.28363591432571406,,0.2327943817090034,2.709521465459938,5.439419665225976,5.439419665225976,1.747197069131461e-07,4989425.5,6.911113994139091,4.808726211306448e-12,0.5066780355677877,0.2996930651958387,GCST90199741,cancerType_celltype,ESCA_Epi_ESCA,tissue,Tumor,Adjacent,group1_higher,1.3686377041529778e-06,1.1916897865473977e-10
43134,178,-0.41113869295690586,0.2325718296676079,-0.457532063126564,0.0627776384353637,1.1611955324349077,1.193238576629838,-0.6437105226245138,-0.5203097015619277,,-0.22218043696414147,-0.8219460980416222,-7.183339012853767,-7.183339012853767,1.78049365599803e-11,2696253.5,-6.864096773156269,6.691466811296279e-12,-0.5542881634332908,-0.29765421370456213,GCST90200084,cancerType_celltype,ESCA_Epi_ESCA,tissue,Tumor,Adjacent,group2_higher,5.275680115489815e-10,1.628655225678005e-10
43134,178,-0.4965082291543224,0.044506006696251,-0.5417996048927307,-0.00200449116528035,0.975578960902524,1.0370514155565773,-0.5410142358505734,-0.5397951137274504,,-0.23020312536077825,-3.4797161537405037,-6.94747255168574,-6.94747255168574,6.719947397818385e-11,2705068.5,-6.811144581644377,9.682728031367793e-12,-0.5544098488317954,-0.2953579985652237,GCST90200789,cancerType_celltype,ESCA_Epi_ESCA,tissue,Tumor,Adjacent,group2_higher,1.5524217463095693e-09,2.315361106448123e-10
43134,178,0.2578159487164666,0.04160202133699498,0.27516101300716395,0.01242368482053275,0.4217106521832789,0.5614709911402818,0.21621392737947165,0.2627373281866312,,0.20708333645928456,2.6315868984867343,5.131701919237676,5.131701919237676,7.471022816893159e-07,4970240.0,6.7958656367651376,1.0766632995359703e-11,0.5118992395921804,0.2946954434651774,GCST90199962,cancerType_celltype,ESCA_Epi_ESCA,tissue,Tumor,Adjacent,group1_higher,4.943205873507464e-06,2.53015875390953e-10
43134,178,-0.6371425679075425,-0.006263499347011695,-0.6959716081619263,-0.0530178397893905,1.1123101255150116,1.2317842507131758,-0.6308790685605309,-0.6429537683725358,,-0.19334217518542451,-6.668275466845433,-6.821690361108528,-6.821690361108528,1.3520946473508857e-10,2709002.0,-6.787515830049139,1.1408311965910858e-11,-0.5669169484359786,-0.29433336302913893,GCST90199657,cancerType_celltype,ESCA_Epi_ESCA,tissue,Tumor,Adjacent,group2_higher,2.6327214347703675e-09,2.6355134253451697e-10
43134,178,-0.7232710107229595,0.021699365508334522,-0.828365296125412,0.00857411953620605,1.4293864788084605,1.4499947419814545,-0.744970376231294,-0.836939415661618,,-0.22804934521444897,-5.058747075232941,-6.840904272629494,-6.840904272629494,1.2122791581915657e-10,2709475.0,-6.784674492943623,1.1635095571132396e-11,-0.5211509830996728,-0.2942101514850768,GCST90200493,cancerType_celltype,ESCA_Epi_ESCA,tissue,Tumor,Adjacent,group2_higher,2.466173869574782e-09,2.6431058772422423e-10
43134,178,-0.25422405703746087,0.16045821781006636,-0.27360217273235315,0.18810241669416425,0.7235936298902045,0.838115221191504,-0.41468227484752723,-0.4617045894265174,,-0.21991673288866762,-0.6638995631813605,-6.591053425014153,-6.591053425014153,4.777459362438826e-10,2710363.0,-6.779340227933689,1.2072843250155182e-11,-0.572687643687798,-0.29397883678924785,GCST90200574,cancerType_celltype,ESCA_Epi_ESCA,tissue,Tumor,Adjacent,group2_higher,8.34830398846682e-09,2.697587762288773e-10
43134,178,0.028401714684036027,-0.25594011424737195,0.0162686230614781,-0.3226796090602875,0.60809703494827,0.6959382089092502,0.28434182893140797,0.33894823212176556,,0.18436926965579767,-3.1717111879588415,5.442481808096157,5.442481808096157,1.7198843143469818e-07,4965025.5,6.764541847469759,1.3373447739874414e-11,0.46729715458171983,0.29333712085098806,GCST90200050,cancerType_celltype,ESCA_Epi_ESCA,tissue,Tumor,Adjacent,group1_higher,1.3550302430375353e-06,2.940001495072391e-10
43134,178,0.09312261090187873,0.5737069962111961,0.07978238910436625,0.5339244306087494,0.9135543443957659,0.9000682631520156,-0.4805843853093174,-0.45414204150438314,,-0.19900447231740348,2.623097720616133,-7.108582612919694,-7.108582612919694,2.713246988750489e-11,2713412.0,-6.761024716655214,1.3702198475366378e-11,-0.5260914916579227,-0.29318460423566384,GCST90200026,cancerType_celltype,ESCA_Epi_ESCA,tissue,Tumor,Adjacent,group2_higher,7.111837780128685e-10,2.964459765384821e-10
43134,178,0.8951902315325685,0.3478038252836219,0.8884479105472565,0.3514462411403656,1.0409133679309606,1.0157420552744045,0.5473864062489466,0.5370016694068909,,0.22034985951349306,1.3639179570053894,7.174333304077482,7.174333304077482,1.869458529897393e-11,4963528.0,6.755546282320688,1.4230102152230626e-11,0.5259225921302189,0.2929470377912988,GCST90199924,cancerType_celltype,ESCA_Epi_ESCA,tissue,Tumor,Adjacent,group1_higher,5.332340837056478e-10,3.030567067732866e-10
43134,178,0.14102074949718776,-0.43117867022803613,0.11890471354126925,-0.38956931233406067,1.1165901083893988,0.9701940353947498,0.5721994197252239,0.50847402587533,,0.21341072044243115,-1.6123714740905082,7.847207135997016,7.847207135997016,3.736562192287432e-13,4962953.0,6.752092225585653,1.45731206497036e-11,0.5127093003779235,0.2927972563159591,GCST90200018,cancerType_celltype,ESCA_Epi_ESCA,tissue,Tumor,Adjacent,group1_higher,1.756184230375093e-11,3.0558712993147704e-10
43134,178,0.17333875090154252,-0.15750956078638123,0.14707584679126734,-0.27469833195209503,0.7030384945866398,0.8010955674254919,0.3308483116879237,0.42177417874336237,,0.1972826090085325,0.13815397466795892,5.501302657879508,5.501302657879508,1.2944259062355148e-07,4957388.0,6.7186629634457,1.8340333720390513e-11,0.4703110269407384,0.291347632124193,GCST90200182,cancerType_celltype,ESCA_Epi_ESCA,tissue,Tumor,Adjacent,group1_higher,1.0501800655946467e-06,3.7676477679242705e-10
43134,178,-1.277212134413862,-0.5784496436473715,-1.3262740969657898,-0.6638128161430359,1.299216509447484,1.3787609997591712,-0.6987624907664906,-0.6624612808227539,,-0.20602756206327738,-1.1427335226548556,-6.749263239138703,-6.749263239138703,2.0115858533865166e-10,2720701.0,-6.717239291365346,1.8520352197426716e-11,-0.5376951124448938,-0.29128589610740085,GCST90201009,cancerType_celltype,ESCA_Epi_ESCA,tissue,Tumor,Adjacent,group2_higher,3.655722024221096e-09,3.7676477679242705e-10
43134,178,0.30381161517871674,0.054388408059269984,0.3273936957120895,-0.00944356224499635,0.47447526665115575,0.5483807725392043,0.24942320711944677,0.33683725795708586,,0.21792062427999306,2.4817841463561847,6.058914693468292,6.058914693468292,7.956661443835713e-09,4955614.0,6.708006447536217,1.9730527646859136e-11,0.5253218845745132,0.2908855237115797,GCST90200292,cancerType_celltype,ESCA_Epi_ESCA,tissue,Tumor,Adjacent,group1_higher,9.113386174746282e-08,3.954810173921912e-10
43134,178,0.1896434228824494,-0.08121448198301989,0.18460332602262494,-0.1291809976100921,0.5213008712884295,0.58081779413901,0.2708579048654693,0.313784323632717,,0.21058352040781814,1.2234702675796352,6.211420659688979,6.211420659688979,3.601933053524515e-09,4948978.0,6.668143629286312,2.5906449830131065e-11,0.5193246818670842,0.2891569152413982,GCST90200175,cancerType_celltype,ESCA_Epi_ESCA,tissue,Tumor,Adjacent,group1_higher,4.720610338417225e-08,5.117462480937484e-10
43134,178,-0.26711061511875933,0.2023244595019084,-0.30740420520305634,0.2135580331087112,0.9312787908927181,0.9839651988068961,-0.4694350746206677,-0.5209622383117676,,-0.1801862232500339,-0.4007648397119171,-6.353376259288087,-6.353376259288087,1.7032599903722149e-09,2732046.0,-6.649089250219299,2.949181556357427e-11,-0.5039559703967222,-0.2883306424765677,GCST90199882,cancerType_celltype,ESCA_Epi_ESCA,tissue,Tumor,Adjacent,group2_higher,2.3933436771931224e-08,5.742477801878819e-10
43134,178,-0.5791202196693352,-0.1866044371331299,-0.6183013319969177,-0.16549987345933914,0.740010028831684,0.8037538928914894,-0.39251578253620534,-0.4528014585375786,,-0.19658315628330672,-1.633874337117445,-6.504078337419974,-6.504078337419974,7.62459993766115e-10,2736580.0,-6.621853261981644,3.5473030880383156e-11,-0.5302248833945111,-0.28714958298232374,GCST90200013,cancerType_celltype,ESCA_Epi_ESCA,tissue,Tumor,Adjacent,group2_higher,1.208410431980482e-08,6.809822688727077e-10
43134,178,0.433636001722137,1.2633728439438292,0.36345361173152924,1.1969091892242432,1.5365737247954538,1.6134180341316064,-0.8297368422216922,-0.8334555774927139,,-0.22739844937787998,1.542721838552597,-6.8484488401177686,-6.8484488401177686,1.1641887912308786e-10,2741847.5,-6.590211098761124,4.392105312127026e-11,-0.5398784707952387,-0.2857774544234507,GCST90200428,cancerType_celltype,ESCA_Epi_ESCA,tissue,Tumor,Adjacent,group2_higher,2.40422624613286e-09,8.314499361707132e-10
43134,178,-0.018680164536128835,0.4123603337473142,-0.0523488894104957,0.3359892964363098,0.7794526844550127,0.9180837784647438,-0.43104049828344304,-0.3883381858468055,,-0.2087010962026802,4.464252763685349,-6.25461836627819,-6.25461836627819,2.875573370790467e-09,2752248.0,-6.527734721243321,6.677315890475351e-11,-0.5525668708015641,-0.2830682331464581,GCST90200164,cancerType_celltype,ESCA_Epi_ESCA,tissue,Tumor,Adjacent,group2_higher,3.8425553964582415e-08,1.2467371998243704e-09
43134,178,0.14674414153910947,-0.20899697145436671,0.13731030374765396,-0.2240087911486625,0.7336940667075954,0.6694926194084606,0.3557411129934762,0.3613190948963165,,0.19354410786064358,-0.5101762003428959,7.071714598650673,7.071714598650673,3.3277748665138806e-11,4923153.0,6.513011428969282,7.366037699638257e-11,0.48502890185616093,0.2824297733272274,GCST90199855,cancerType_celltype,ESCA_Epi_ESCA,tissue,Tumor,Adjacent,group1_higher,8.399550264922998e-10,1.3567445114333709e-09
43134,178,0.0026205602888832117,-0.24578038670823732,-0.0137973190285265,-0.27373160421848297,0.518781495175943,0.5169210698955354,0.24840094699712054,0.2599342851899565,,0.20623864006125295,-6.550806128389836,6.397912945301743,6.397912945301743,1.3420669767254185e-09,4921957.0,6.505826990960409,7.72686565693366e-11,0.47882313344118527,0.2821182278585208,GCST90200133,cancerType_celltype,ESCA_Epi_ESCA,tissue,Tumor,Adjacent,group1_higher,1.9883014013877667e-08,1.4042290520534104e-09
43134,178,-0.32948171238282187,0.20453685034443153,-0.379382848739624,0.24940470606088633,0.9905233467040888,1.146876932407737,-0.5340185627272533,-0.6287875548005104,,-0.20063239340728703,-0.6878349275732052,-6.202719504764695,-6.202719504764695,3.772704782387186e-09,2757125.0,-6.498438313075028,8.115967996289878e-11,-0.5387528386078337,-0.28179782574605505,GCST90200837,cancerType_celltype,ESCA_Epi_ESCA,tissue,Tumor,Adjacent,group2_higher,4.897330112755938e-08,1.45553478670304e-09
43134,178,-0.491941501567037,-0.026564782292103354,-0.5712619721889496,0.00329900623182765,1.0055214361801619,1.0073602138440765,-0.4653767192749336,-0.5745609784207772,,-0.174349570333914,-4.210848600548009,-6.150902789684096,-6.150902789684096,4.926039049635948e-09,2763286.0,-6.461428846041022,1.0372098213841487e-10,-0.4628178190983969,-0.28019294979898024,GCST90200629,cancerType_celltype,ESCA_Epi_ESCA,tissue,Tumor,Adjacent,group2_higher,6.103810204230724e-08,1.8359960864241491e-09
43134,178,0.10473947001323745,-0.4664793705300878,0.04573981091380115,-0.6247281134128571,1.2593570552138202,1.0974225327502172,0.5712188405433253,0.6704679243266582,,0.20261620900519045,-2.154997389945562,6.925669854306563,6.925669854306563,7.52226241783699e-11,4912759.0,6.4505740973102235,1.1142944450502476e-10,0.45380293370003366,0.27972224523212996,GCST90200240,cancerType_celltype,ESCA_Epi_ESCA,tissue,Tumor,Adjacent,group1_higher,1.7010128170220465e-09,1.9471581135942145e-09
43134,178,0.5189537732563456,0.07453458762225391,0.4882986396551132,0.09304591268301005,0.9178976200122829,0.7921928825264166,0.4444191856340917,0.3952527269721032,,0.18963624867298193,2.7996074919884597,7.464008776270557,7.464008776270557,3.5284975524670694e-12,4911369.0,6.442224290594225,1.1773744510321037e-10,0.4844233817450917,0.2793601647960915,GCST90200213,cancerType_celltype,ESCA_Epi_ESCA,tissue,Tumor,Adjacent,group1_higher,1.3740977611464617e-10,2.0313435148819714e-09
43134,178,0.004218002092837285,-0.5007934245055939,-0.045765517279505646,-0.5948081314563751,1.0590359574064052,1.067773682290664,0.5050114265984312,0.5490426141768695,,0.2051706205800206,-6.8911728869716695,6.297269608699047,6.297269608699047,2.2886646582455366e-09,4910767.5,6.438611046896617,1.2057411806821023e-10,0.47684342092764137,0.27920348034841,GCST90200888,cancerType_celltype,ESCA_Epi_ESCA,tissue,Tumor,Adjacent,group1_higher,3.118038562816716e-08,2.054281536587132e-09
43134,178,0.04205132075771778,0.2988761967424764,0.035292828455567304,0.23439484089612955,0.41939139469412917,0.5721056562285334,-0.2568248759847586,-0.19910201244056225,,-0.18786720362587025,2.829295502400409,-5.982598119824658,-5.982598119824658,1.180228259159595e-08,2769505.0,-6.424070969805916,1.326799160411406e-10,-0.6113007819527337,-0.2785729654596103,GCST90199930,cancerType_celltype,ESCA_Epi_ESCA,tissue,Tumor,Adjacent,group2_higher,1.2869208937876225e-07,2.2206893779976342e-09
43134,178,0.12295759582026301,-0.08555704607494866,0.11813928559422485,-0.06171451881527895,0.4192812331945891,0.45596498450860845,0.20851464189521168,0.1798538044095038,,0.1877910365284937,0.523197154186265,6.090580321417941,6.090580321417941,6.748594503595017e-09,4908172.0,6.4230197351474265,1.335998011708041e-10,0.49712901528887354,0.27852737979320263,GCST90200119,cancerType_celltype,ESCA_Epi_ESCA,tissue,Tumor,Adjacent,group1_higher,8.068050081040778e-08,2.2206893779976342e-09
43134,178,-0.676886695887279,0.06540784937999304,-0.7275526225566864,-0.02846814738586545,1.5462923985894486,1.399662611093771,-0.742294545267272,-0.699084475170821,,-0.18711228828903395,-3.3713587515160883,-7.057842647836812,-7.057842647836812,3.5965059271915784e-11,2770709.0,-6.416838475355511,1.3913614891217776e-10,-0.4802252967937816,-0.2782593360747251,GCST90200464,cancerType_celltype,ESCA_Epi_ESCA,tissue,Tumor,Adjacent,group2_higher,8.912795597749311e-10,2.2799287120392453e-09
43134,178,0.4390012274620634,-0.016538616492193233,0.43095012009143824,-0.14991894364356995,0.9213379405695217,0.9596198343081324,0.4555398439542566,0.5808690637350082,,0.1912948822784015,4.73023057198271,6.3213915930646865,6.3213915930646865,2.016760416967307e-09,4906894.0,6.415342718612861,1.4050917961210314e-10,0.4943472778137305,0.27819447418366483,GCST90199967,cancerType_celltype,ESCA_Epi_ESCA,tissue,Tumor,Adjacent,group1_higher,2.7766105538650905e-08,2.2799287120392453e-09
43134,178,0.5595120203635366,0.32105826890996,0.5762067437171936,0.37396746873855585,0.4612731470385489,0.523086526233394,0.23845375145357667,0.20223927497863775,,0.17238959433838894,0.8013320547946199,6.072183919892317,6.072183919892317,7.427741939249465e-09,4905385.0,6.40627807232909,1.4911783276528963e-10,0.5166451459669908,0.2778013954944689,GCST90200753,cancerType_celltype,ESCA_Epi_ESCA,tissue,Tumor,Adjacent,group1_higher,8.727596778618122e-08,2.37828099321904e-09
43134,178,0.17653688149322036,-0.2289733303595711,0.15782508254051203,-0.3653937131166458,0.8347015285635755,0.8362545948745876,0.40551021185279146,0.5232187956571579,,0.18548516316639702,-0.37520808090570806,6.456279733686762,6.456279733686762,9.829243679046963e-10,4905225.0,6.405316943498471,1.5006028277097391e-10,0.48581092957269123,0.2777597171708963,GCST90199769,cancerType_celltype,ESCA_Epi_ESCA,tissue,Tumor,Adjacent,group1_higher,1.539914843050691e-08,2.37828099321904e-09
43134,178,-0.16586843641547278,0.3629992886072318,-0.18527954816818235,0.26547208428382874,1.0110887017502521,1.0690365588303123,-0.5288677250227045,-0.4507516324520111,,-0.18288162796018098,1.1299226196510042,-6.588164004234545,-6.588164004234545,4.840482523712033e-10,2776112.0,-6.38438235615656,1.720939966377632e-10,-0.5229416037925957,-0.2768519111855764,GCST90200439,cancerType_celltype,ESCA_Epi_ESCA,tissue,Tumor,Adjacent,group2_higher,8.351364151670256e-09,2.6961392806582904e-09
43134,178,0.20435498484504885,-0.025230717826948575,0.2065727263689041,-0.05355498194694515,0.49955936045784644,0.519297171242741,0.22958570267199743,0.26012770831584925,,0.17961508890485997,3.017774158879235,5.887232549743624,5.887232549743624,1.908305932658277e-08,4900456.0,6.376669297290846,1.809842186117294e-10,0.4595007644290231,0.27651744263890476,GCST90199829,cancerType_celltype,ESCA_Epi_ESCA,tissue,Tumor,Adjacent,group1_higher,2.000785374010178e-07,2.803198749633945e-09
43134,178,0.22898927901757038,-0.28237974418921064,0.20794365555047983,-0.2796781212091446,1.0516235588218898,0.9954941372158225,0.511369023206781,0.4876217767596244,,0.1934301736860924,-0.30235535817641396,6.837668026550368,6.837668026550368,1.230748033759426e-10,4897943.0,6.361573567594943,1.9970112594490497e-10,0.4863695013403455,0.27586283246928955,GCST90200665,cancerType_celltype,ESCA_Epi_ESCA,tissue,Tumor,Adjacent,group1_higher,2.466925838256026e-09,3.0583442096955673e-09
43134,178,0.13472721825210626,0.7258910871832893,0.07276016101241105,0.6679778695106506,1.2306567616327553,1.16571763114024,-0.5911638689311831,-0.5952177084982396,,-0.1789910752469243,2.429703040953344,-6.750378006932767,-6.750378006932767,1.990985156695724e-10,2782699.0,-6.344813883611032,2.2269884845099321e-10,-0.48046543023846733,-0.2751360667019891,GCST90199621,cancerType_celltype,ESCA_Epi_ESCA,tissue,Tumor,Adjacent,group2_higher,3.655722024221096e-09,3.349215944350697e-09
43134,178,-0.0338873197340248,0.20416783628817858,-0.0445438679307699,0.19696526974439615,0.45471794858685627,0.5610327440065724,-0.2380551560222034,-0.24150913767516605,,-0.18011342926513213,2.590902663074659,-5.65342355072513,-5.65342355072513,6.158314261746968e-08,2782803.5,-6.344186146343534,2.2360869474388365e-10,-0.522964855064297,-0.2751088455469055,GCST90200154,cancerType_celltype,ESCA_Epi_ESCA,tissue,Tumor,Adjacent,group2_higher,5.633410965611488e-07,3.349215944350697e-09
43134,178,0.08829384694027761,-0.2614749054701769,0.056619400158524444,-0.3670557141304016,0.7048860716588856,0.7077695495711988,0.34976875241045446,0.42367511428892607,,0.20484679714725873,-1.5662768639262068,6.579791616374374,6.579791616374374,5.056536537404334e-10,4893283.0,6.333580690403177,2.3954060803667974e-10,0.4961977647838207,0.27464895129523215,GCST90199730,cancerType_celltype,ESCA_Epi_ESCA,tissue,Tumor,Adjacent,group1_higher,8.615074125602633e-09,3.5426907861752474e-09
43134,178,0.12915012996543607,-0.15723703467559194,0.10935383290052406,-0.22573382407426829,0.5936502353532167,0.6429797291349607,0.286387164641028,0.33508765697479237,,0.20767676511906263,-0.28388997078698724,5.932035436144258,5.932035436144258,1.5215185388823794e-08,4893050.0,6.332181046543589,2.41724316298091e-10,0.4822467927400243,0.27458825723652924,GCST90200234,cancerType_celltype,ESCA_Epi_ESCA,tissue,Tumor,Adjacent,group1_higher,1.6458966416640343e-07,3.5426907861752474e-09
43134,178,-0.3233269314535742,0.15621413829412018,-0.3901525735855102,0.04793501831591125,1.0083863588768065,0.9725970725735631,-0.4795410697476944,-0.43808759190142144,,-0.1903861558795212,-1.0494638764200925,-6.563594208378954,-6.563594208378954,5.511712291134303e-10,2787197.0,-6.317794149360267,2.6532825675460025e-10,-0.47562068067907315,-0.27396438483054897,GCST90199796,cancerType_celltype,ESCA_Epi_ESCA,tissue,Tumor,Adjacent,group2_higher,9.241702237939354e-09,3.8472597229417034e-09
43134,178,0.3965583394625941,-0.025886343998750776,0.3749597817659378,-0.0913329198956489,0.8783549614371151,0.8508102620491108,0.4224446834613449,0.4662927016615867,,0.2139704492966785,3.9372179011925192,6.609889018599251,6.609889018599251,4.2902238507179634e-10,4889453.0,6.310573669020245,2.780084367333334e-10,0.48101052964801,0.2736512764247083,GCST90200360,cancerType_celltype,ESCA_Epi_ESCA,tissue,Tumor,Adjacent,group1_higher,7.59425338769946e-09,3.988689465974036e-09
43134,178,-0.38984309888446406,0.1310676263980149,-0.4573243856430053,0.18701007217168805,1.128390214598354,1.139149756496083,-0.520910725282479,-0.6443344578146933,,-0.18775532053949787,-1.5725749042331487,-6.088565827636135,-6.088565827636135,6.807232276740201e-09,2790303.0,-6.299136235935884,2.993146391347106e-10,-0.46162251637540413,-0.2731553043741921,GCST90199713,cancerType_celltype,ESCA_Epi_ESCA,tissue,Tumor,Adjacent,group2_higher,8.068050081040778e-08,4.249644303548027e-09
43134,178,0.25417629315119294,-0.026102923807750842,0.24689334630966184,-0.10991021245718,0.6172005902981774,0.7314348860127209,0.2802792169589438,0.35680355876684183,,0.1832476259992395,3.2834965666736564,5.104910238849417,5.104910238849417,8.446348634062931e-07,4885622.0,6.287560640582122,3.2249929485375626e-10,0.45373883894106914,0.2726533410646623,GCST90199929,cancerType_celltype,ESCA_Epi_ESCA,tissue,Tumor,Adjacent,group1_higher,5.534794802032584e-06,4.531613802945049e-09
43134,178,-0.16531174658518308,0.3815692984342073,-0.20904873311519614,0.2376000508666038,1.07443560956476,1.1104458801518726,-0.5468810450193904,-0.44664878398179997,,-0.19402042015178964,1.206750906633074,-6.557951058189501,-6.557951058189501,5.695546500270768e-10,2798081.0,-6.252413360657439,4.041657383247829e-10,-0.5089229112611077,-0.27112921686950986,GCST90200763,cancerType_celltype,ESCA_Epi_ESCA,tissue,Tumor,Adjacent,group2_higher,9.241702237939354e-09,5.621203074864073e-09
43134,178,-0.17766029677809905,0.19493922051971024,-0.19264461100101465,0.18532182276248926,0.7623407989364623,0.742329808274518,-0.37259951729780927,-0.3779664337635039,,-0.18158213016731292,0.13390235465485267,-6.68209091488451,-6.68209091488451,2.8967093085536493e-10,2800281.0,-6.239197839236433,4.3982889165661213e-10,-0.48880890362622315,-0.27055613992038396,GCST90200640,cancerType_celltype,ESCA_Epi_ESCA,tissue,Tumor,Adjacent,group2_higher,5.195019457313979e-09,6.055422013413761e-09
43134,178,0.23911853896534357,0.009686847154595212,0.23036906123161316,-0.0716874040663242,0.5038226443860271,0.6335900768803882,0.22943169181074835,0.3020564652979374,,0.19460970143346096,4.625412106540136,4.8249093489805945,4.8249093489805945,2.9992154062285627e-06,4875891.0,6.229105986514938,4.691133599801679e-10,0.4548417430537378,0.27011851752286975,GCST90200527,cancerType_celltype,ESCA_Epi_ESCA,tissue,Tumor,Adjacent,group1_higher,1.6550326310483932e-05,6.353075875185234e-09
43134,178,0.5061438908865795,-0.008594430491244528,0.46353858709335327,0.056117011234164196,1.0682299162390592,0.9587962709443705,0.514738321377824,0.4074215758591891,,0.22384235624152948,5.8798367279078345,7.144316432203264,7.144316432203264,2.206644120452866e-11,4875799.0,6.228553337437332,4.707708462169543e-10,0.48205250765138863,0.27009455248681524,GCST90201012,cancerType_celltype,ESCA_Epi_ESCA,tissue,Tumor,Adjacent,group1_higher,6.015311872354513e-10,6.353075875185234e-09
43134,178,0.25868616486747925,0.05279598133690823,0.27512311935424805,-0.0056867327075451,0.46030739591007536,0.48456907369352337,0.20589018353057104,0.28080985206179315,,0.16114170508583864,2.2926811233436357,5.658259232156725,5.658259232156725,5.998224840153472e-08,4874932.0,6.223345220586418,4.866742314013684e-10,0.4471895990841891,0.2698687080709552,GCST90199843,cancerType_celltype,ESCA_Epi_ESCA,tissue,Tumor,Adjacent,group1_higher,5.52404084941161e-07,6.503303700000639e-09
43134,178,-0.5145550070466407,0.026869691615359168,-0.5782647132873535,-0.0032371836714446,1.1255592726491583,1.1646017836285105,-0.5414246986619998,-0.5750275296159089,,-0.1947196551464426,-4.259222756396863,-6.19063504160658,-6.19063504160658,4.008108432777946e-09,2806457.0,-6.2020982663745565,5.571633291660548e-10,-0.4809579069193306,-0.2689473566304742,GCST90200587,cancerType_celltype,ESCA_Epi_ESCA,tissue,Tumor,Adjacent,group2_higher,5.1444067085011574e-08,7.372947744207114e-09
43134,178,-0.9179925592959199,-0.3272024599489955,-0.982774019241333,-0.35016363859176636,1.2311859606222775,1.2998032342885157,-0.5907900993469244,-0.6326103806495667,,-0.18630648882712048,-1.4882960277730177,-6.052894419536692,-6.052894419536692,8.191736806307994e-09,2808370.0,-6.190606769793472,5.993419682937286e-10,-0.47974217806146446,-0.2684490401742571,GCST90199887,cancerType_celltype,ESCA_Epi_ESCA,tissue,Tumor,Adjacent,group2_higher,9.304447722498162e-08,7.854837526772616e-09
43134,178,-0.15620828718946342,0.6164762314272981,-0.21857254952192307,0.47405895590782166,1.6571191259909346,1.6157443668771159,-0.7726845186167616,-0.6926315054297447,,-0.16165965140318378,1.9805673827383623,-6.366474803219072,-6.366474803219072,1.5851722177118143e-09,2808831.0,-6.187837517350253,6.099631154858264e-10,-0.4663288100735908,-0.2683289545044629,GCST90200658,cancerType_celltype,ESCA_Epi_ESCA,tissue,Tumor,Adjacent,group2_higher,2.274834556672356e-08,7.91790215625887e-09
43134,178,-0.022754133487881925,-0.6108825919689255,-0.0968634560704231,-0.6591622829437256,1.29960064320066,1.0294321845445795,0.5881284584810436,0.5622988268733025,,0.20646024695292003,-4.7466335361733325,7.5973295094220825,7.5973295094220825,1.6141070229512937e-12,4868484.0,6.18461172871249,6.225669253683515e-10,0.4528904360257015,0.26818907163097183,GCST90199960,cancerType_celltype,ESCA_Epi_ESCA,tissue,Tumor,Adjacent,group1_higher,6.666751128129132e-11,8.005270936576067e-09
43134,178,0.6317088621394238,-0.11691779785611656,0.6135644912719727,-0.22614089399576184,1.672966962644188,1.5186350466200678,0.7486266599955403,0.8397053852677345,,0.18625621888439572,2.4337551947566447,6.560502466259151,6.560502466259151,5.591597044621885e-10,4867334.0,6.177703615242418,6.504190299938961e-10,0.44764543698109127,0.2678895086802924,GCST90200790,cancerType_celltype,ESCA_Epi_ESCA,tissue,Tumor,Adjacent,group1_higher,9.241702237939354e-09,8.285244279268041e-09
43134,178,0.5303225344980562,0.2914482583056382,0.524757981300354,0.2487745806574821,0.5558760520033773,0.7418699335452523,0.23887427619241802,0.2759834006428719,,0.14024687412370362,0.8636280430683939,4.290906942649959,4.290906942649959,2.9172794497131514e-05,4866371.0,6.171918821093133,6.746742241017875e-10,0.429041500418293,0.2676386572702887,GCST90199955,cancerType_celltype,ESCA_Epi_ESCA,tissue,Tumor,Adjacent,group1_higher,0.00012197091686990876,8.51463858750682e-09
43134,178,-0.2286055050371827,0.45277497059594657,-0.3228271901607513,0.463344469666481,1.4091481157000356,1.406289060002493,-0.6813804756331292,-0.7861716598272324,,-0.18245396658048893,0.9859309382465522,-6.451002399969682,-6.451002399969682,1.0109549818914169e-09,2812418.0,-6.166290210378823,6.991205348775391e-10,-0.48354471207085853,-0.2673945785878654,GCST90199778,cancerType_celltype,ESCA_Epi_ESCA,tissue,Tumor,Adjacent,group2_higher,1.565831409452274e-08,8.742213660899869e-09
43134,178,0.4879898547949199,0.2501176263969601,0.5001124739646912,0.2644812762737274,0.49563878705266695,0.5437940401862472,0.2378722283979598,0.23563119769096375,,0.19164312295876676,0.9642416117964596,5.82607612322724,5.82607612322724,2.601008885433062e-08,4865178.0,6.164752404249833,7.05948501800571e-10,0.47973091884416574,0.26732789327014905,GCST90200909,cancerType_celltype,ESCA_Epi_ESCA,tissue,Tumor,Adjacent,group1_higher,2.587719059011141e-07,8.747343708674348e-09
43134,178,-0.43788322034574517,0.14325578002719563,-0.5160908997058868,0.12103338167071334,1.3347672628026868,1.2067729757311727,-0.5811390003729409,-0.6371242813766002,,-0.17619085357556827,-1.6119460414061904,-6.408714763547957,-6.408714763547957,1.2627965603912912e-09,2813930.0,-6.157207542929477,7.404019897976895e-10,-0.4355485515077769,-0.26700071843010253,GCST90200354,cancerType_celltype,ESCA_Epi_ESCA,tissue,Tumor,Adjacent,group2_higher,1.9124352353481443e-08,9.091602811659918e-09
43134,178,-0.5374152885539017,0.053921149449757816,-0.6119181215763092,0.10072403401136396,1.2438017242509904,1.3084709343490526,-0.5913364380036595,-0.7126421555876732,,-0.17636496396244503,-3.3170901370443167,-6.018279586098884,-6.018279586098884,9.786578414974273e-09,2814402.0,-6.154372212879153,7.537689923148434e-10,-0.47532299647879317,-0.2668777673755629,GCST90200898,cancerType_celltype,ESCA_Epi_ESCA,tissue,Tumor,Adjacent,group2_higher,1.0844801934642224e-07,9.173099433260103e-09
43134,178,0.09459049697396023,-0.37066334866908157,0.06556775793433184,-0.44138874113559723,0.969307022674056,1.083475821287366,0.4652538456430418,0.5069564990699291,,0.19019827170540907,-1.9703309525217247,5.719587821391998,5.719587821391998,4.4312700692023494e-08,4859401.0,6.1300496464093115,8.785331309937081e-10,0.4797415798858019,0.26582304529964884,GCST90200767,cancerType_celltype,ESCA_Epi_ESCA,tissue,Tumor,Adjacent,group1_higher,4.2533951438892974e-07,1.0520535337290455e-08
43134,178,-0.17678225374500425,0.3021468079722162,-0.1931693851947784,0.3249734193086624,0.951259616055791,0.9784747951521696,-0.4789290617172205,-0.5181428045034409,,-0.164276875308965,0.7732728574339449,-6.517578266832228,-6.517578266832228,7.079382967476973e-10,2818493.0,-6.129797350091274,8.799273869780718e-10,-0.5034086018503772,-0.26581210473971106,GCST90199749,cancerType_celltype,ESCA_Epi_ESCA,tissue,Tumor,Adjacent,group2_higher,1.1351998805495428e-08,1.0520535337290455e-08
43134,178,0.33663248800221957,0.04674006428496305,0.3304226547479629,0.06425186991691585,0.5700429485696842,0.6362596651653722,0.28989242371725654,0.26617078483104706,,0.20985367081926967,2.84841621234249,6.068681952972959,6.068681952972959,7.56070733591313e-09,4858915.0,6.127130217586307,8.947992862777453e-10,0.5082896312950104,0.26569644739179665,GCST90200283,cancerType_celltype,ESCA_Epi_ESCA,tissue,Tumor,Adjacent,group1_higher,8.733257710889489e-08,1.0561213708332084e-08
43134,178,-0.7703883462774651,-0.30393753002994184,-0.8036069869995117,-0.19421980530023575,0.9509509615895003,1.078715430843043,-0.46645081624752327,-0.609387181699276,,-0.17093871817111922,-1.341808176592562,-5.759883299530471,-5.759883299530471,3.626207272424342e-08,2819056.0,-6.126415378018534,8.988266985814541e-10,-0.4902226823670287,-0.2656654491386393,GCST90200972,cancerType_celltype,ESCA_Epi_ESCA,tissue,Tumor,Adjacent,group2_higher,3.53037179451027e-07,1.0561213708332084e-08
43134,178,1.1599015425849106,0.4158187581414587,1.1015005707740784,0.39625152945518494,1.590364566487797,1.552208605788134,0.7440827844434519,0.7052490413188934,,0.21437028718968007,1.4799733760102183,6.381790008651558,6.381790008651558,1.4613323243140639e-09,4858419.0,6.12415071821139,9.117028777547346e-10,0.46791464878674277,0.26556724458872094,GCST90200465,cancerType_celltype,ESCA_Epi_ESCA,tissue,Tumor,Adjacent,group1_higher,2.1417160839140526e-08,1.0620948909228234e-08
43134,178,0.1462778410138098,0.4044574929212921,0.1373589932918548,0.391943097114563,0.474217278853324,0.6091094701306399,-0.2581796519074823,-0.2545841038227082,,-0.19032612669226642,1.4672705541866815,-5.6479935220705855,-5.6479935220705855,6.328680886717938e-08,2821480.5,-6.111851272707067,9.848379884608016e-10,-0.5437117599124862,-0.26503389229175034,GCST90200433,cancerType_celltype,ESCA_Epi_ESCA,tissue,Tumor,Adjacent,group2_higher,5.750661365731033e-07,1.1375713375187057e-08
43134,178,-0.9057455321792497,-0.18534432973168538,-1.003305435180664,-0.28337468206882477,1.5541740986611183,1.5066554688599563,-0.7204012024475643,-0.7199307531118393,,-0.16684810241999598,-2.288891613981984,-6.365302587820239,-6.365302587820239,1.594774924998881e-09,2825838.0,-6.08567552971069,1.1600333145752892e-09,-0.4635837517459296,-0.26389880919819764,GCST90200780,cancerType_celltype,ESCA_Epi_ESCA,tissue,Tumor,Adjacent,group2_higher,2.274834556672356e-08,1.3286768132488396e-08
43134,178,0.5939180575815516,0.1507704834848789,0.5615370869636536,0.14926879107952115,0.976640296032912,0.8645816670732853,0.4431475740966727,0.4122682958841324,,0.20031772837346215,1.9779027394146076,6.820432561623562,6.820432561623562,1.349606204843767e-10,4850563.0,6.076959292628017,1.2248513273627692e-09,0.45394766512663187,0.26352083890129685,GCST90200136,cancerType_celltype,ESCA_Epi_ESCA,tissue,Tumor,Adjacent,group1_higher,2.6327214347703675e-09,1.391226965996212e-08
43134,178,0.4785570647002022,0.1127009141668311,0.4571390748023987,0.10559506714344019,0.8155774517540098,0.7952696729624364,0.3658561505333711,0.3515440076589585,,0.18259850065423294,2.08618196235874,6.124428013927415,6.124428013927415,5.648179610778896e-09,4844773.0,6.042178443070008,1.5204999884728842e-09,0.4486305031438622,0.2620126045670066,GCST90200098,cancerType_celltype,ESCA_Epi_ESCA,tissue,Tumor,Adjacent,group1_higher,6.812804256187288e-08,1.7127615572632573e-08
43134,178,-0.052703888489783884,-0.3520750825252813,-0.07091031223535535,-0.35873498022556305,0.673171661018908,0.7533969582998731,0.2993711940354974,0.28782466799020767,,0.15731730375925443,-2.7398785381825075,5.292756428907599,5.292756428907599,3.511676657603402e-07,4843466.0,6.034327221934893,1.5962928519617409e-09,0.44448813695084816,0.2616721447613213,GCST90200401,cancerType_celltype,ESCA_Epi_ESCA,tissue,Tumor,Adjacent,group1_higher,2.5715552909788807e-06,1.7833993091998793e-08
43134,178,-0.052778399859070756,-0.6715453246352001,-0.1035065911710262,-0.6580706536769867,1.3064045441209777,1.2175493010357188,0.6187669247761294,0.5545640625059605,,0.2112217451930836,-3.669440071774704,6.764275989272574,6.764275989272574,1.8433721399032898e-10,4843194.0,6.032693302922841,1.6125227472809624e-09,0.47376835991754074,0.26160129161124757,GCST90199770,cancerType_celltype,ESCA_Epi_ESCA,tissue,Tumor,Adjacent,group1_higher,3.4896058704002557e-09,1.7868849630438633e-08
43134,178,-0.3646066547308905,0.175169693786598,-0.42755571007728577,0.2484810203313827,1.1898251617742612,1.2272017918971638,-0.5397763485174885,-0.6760367304086685,,-0.17934406333334119,-1.0575834192998463,-5.85689122269092,-5.85689122269092,2.2242514644283776e-08,2835047.0,-6.030356558453399,1.636013641422328e-09,-0.4536010785000028,-0.2614999611870612,GCST90199718,cancerType_celltype,ESCA_Epi_ESCA,tissue,Tumor,Adjacent,group2_higher,2.2794396586585553e-07,1.798295639724704e-08
43134,178,-0.11820584205511935,-0.7507889172418064,-0.16655624657869333,-0.9290348887443542,1.4986889968031125,1.2833264800768462,0.6325830751866871,0.7624786421656609,,0.16334254538697446,-2.6670957314895225,6.558005090986081,6.558005090986081,5.653392584735979e-10,4842542.0,6.02877670293807,1.6520842619172885e-09,0.422321220920666,0.2614314524426884,GCST90199878,cancerType_celltype,ESCA_Epi_ESCA,tissue,Tumor,Adjacent,group1_higher,9.241702237939354e-09,1.8014326791946113e-08
43134,178,-0.02951791457605477,-0.4131008073938697,-0.0679440535604953,-0.5542950332164764,0.869377424773378,1.039405391203446,0.3835828928178149,0.4863509796559812,,0.1802236644809141,-3.8067857933232783,4.916525147482804,4.916525147482804,1.991569353666355e-06,4836559.0,5.992836491728127,2.062159722815124e-09,0.4408289828381039,0.25987294363058844,GCST90200141,cancerType_celltype,ESCA_Epi_ESCA,tissue,Tumor,Adjacent,group1_higher,1.1700469952789837e-05,2.2307330969817575e-08
43134,178,-0.26668700239632653,0.05213019842009866,-0.2865156084299087,0.12152526527643201,0.6931888753106107,0.7022881341688164,-0.3188172008164252,-0.4080408737063407,,-0.1591804444042132,-2.354933992349792,-6.044566214221806,-6.044566214221806,8.54225599370743e-09,2845590.0,-5.967024175570827,2.416240670728082e-09,-0.4599034952194358,-0.25875362015313663,GCST90200758,cancerType_celltype,ESCA_Epi_ESCA,tissue,Tumor,Adjacent,group2_higher,9.622392495391097e-08,2.59317797968691e-08
43134,178,-0.8649908235296092,-0.3322464506340663,-0.9428488910198212,-0.32878486812114716,1.178589542538587,1.244300577795361,-0.5327443728955429,-0.614064022898674,,-0.18607821249790885,-1.380428365904283,-5.701657215797693,-5.701657215797693,4.83907373314477e-08,2846957.0,-5.958812531124229,2.540820291934511e-09,-0.45191275200633685,-0.2583975309761115,GCST90199744,cancerType_celltype,ESCA_Epi_ESCA,tissue,Tumor,Adjacent,group2_higher,4.5269064688236473e-07,2.6897648045706282e-08
43134,178,0.012080219191039495,-0.46561663988402135,-0.03987256623804565,-0.5640350580215454,1.02075020076718,1.0102491116842824,0.4776968590750609,0.5241624917834997,,0.1937086305809822,-5.268307757198034,6.295366364619395,6.295366364619395,2.310505464743128e-09,4830817.0,5.958343980819303,2.5481143020059406e-09,0.46800563032873826,0.2583772127933699,GCST90200987,cancerType_celltype,ESCA_Epi_ESCA,tissue,Tumor,Adjacent,group1_higher,3.118038562816716e-08,2.6897648045706282e-08
43134,178,0.18906459399041903,-0.03718377120552187,0.1984538659453392,-0.00703292200341815,0.4455149307541728,0.5098915635992508,0.22624836519594088,0.20548678794875735,,0.20815397134795138,2.3461030461372254,5.91064116054113,5.91064116054113,1.698002521714594e-08,4830476.0,5.956295574999047,2.5802423938026182e-09,0.5075143907411535,0.25828838586625524,GCST90200937,cancerType_celltype,ESCA_Epi_ESCA,tissue,Tumor,Adjacent,group1_higher,1.794091036509296e-07,2.6897648045706282e-08
43134,178,0.15809945930932676,-0.3934565081327808,0.11658636853098864,-0.3517235219478607,1.1385372765743398,1.1470262589406652,0.5515559674421076,0.46830989047884936,,0.18418322523323866,-1.3153662797587389,6.402434396134604,6.402434396134604,1.3105791451541346e-09,4830345.0,5.955508650768978,2.5926894601881337e-09,0.4844277918562828,0.25825426173883015,GCST90201017,cancerType_celltype,ESCA_Epi_ESCA,tissue,Tumor,Adjacent,group1_higher,1.9629883240055884e-08,2.6897648045706282e-08
43134,178,0.14561057569229915,-0.11769576953839134,0.14649555832147595,-0.16488485783338544,0.5441051004865545,0.6016644393857223,0.2633063452306905,0.3113804161548614,,0.20074140372805666,0.3070503273125231,5.8288834589095995,5.8288834589095995,2.5649081834315247e-08,4830217.0,5.954739747704483,2.604907954536485e-09,0.48370539007658403,0.2582209190799718,GCST90201014,cancerType_celltype,ESCA_Epi_ESCA,tissue,Tumor,Adjacent,group1_higher,2.5805946144329964e-07,2.6897648045706282e-08
43134,178,0.047036456236956424,0.45049435970258345,0.01763958577066655,0.3921492993831634,0.8670128330740065,0.89237201848997,-0.40345790346562704,-0.37450971361249685,,-0.16049587396452014,3.259630298589738,-6.020298681812987,-6.020298681812987,9.680792809685249e-09,2848320.0,-5.950624914898397,2.6712551433264216e-09,-0.46528605386644656,-0.25804248375717587,GCST90200778,cancerType_celltype,ESCA_Epi_ESCA,tissue,Tumor,Adjacent,group2_higher,1.0815508688197536e-07,2.7375344062811377e-08
43134,178,0.0012952309559472143,0.286321736375142,-0.015642309561371748,0.28867508471012115,0.5537774518876476,0.6842660120485322,-0.28502650541919483,-0.3043173942714929,,-0.19822425182262712,7.787175633176804,-5.549887212308622,-5.549887212308622,1.023234772785473e-07,2852159.0,-5.927563830018743,3.074674743461689e-09,-0.5141418865655007,-0.25704246448095114,GCST90200949,cancerType_celltype,ESCA_Epi_ESCA,tissue,Tumor,Adjacent,group2_higher,8.716681220666249e-07,3.127449011446479e-08
43134,178,0.20807637169272228,-0.080307692169667,0.19587589800357813,-0.15757700800895685,0.6316869638147498,0.6913735441889471,0.2883840638623893,0.353452906012535,,0.1951363145240778,1.3734920306029539,5.555481853334229,5.555481853334229,9.94002571746874e-08,4824155.0,5.918324979134422,3.252427892707775e-09,0.4563455152475284,0.25664183159560783,GCST90200383,cancerType_celltype,ESCA_Epi_ESCA,tissue,Tumor,Adjacent,group1_higher,8.520915127616285e-07,3.283747568711628e-08
43134,178,0.4825722297292591,-0.11261319219814274,0.40307430922985077,-0.1466979309916496,1.3450416323225296,1.1557636415794126,0.5951854219274019,0.5497722402215004,,0.2184034790308225,2.099359231249853,6.851458043588747,6.851458043588747,1.1350983858909605e-10,4821295.0,5.901144801287115,3.609944724704148e-09,0.4427401164163922,0.25589683156174403,GCST90200723,cancerType_celltype,ESCA_Epi_ESCA,tissue,Tumor,Adjacent,group1_higher,2.380213999952891e-09,3.6166959755471146e-08
43134,178,0.05940392269467468,-0.21079613683644546,0.040659550577402045,-0.22873635590076444,0.5604821451900354,0.6525924716243182,0.27020005953112014,0.26939590647816647,,0.20037537782431533,-1.8272008790391965,5.5156080578690165,5.5156080578690165,1.20799860052378e-07,4821103.0,5.899991446690373,3.6352703495961465e-09,0.4817350359286814,0.25584681757345673,GCST90200338,cancerType_celltype,ESCA_Epi_ESCA,tissue,Tumor,Adjacent,group1_higher,9.918687304300675e-07,3.6166959755471146e-08
43134,178,-0.8079001872289296,-0.4327880681212468,-0.8649062812328339,-0.4550867229700088,0.8311960003613609,0.8570823496476839,-0.37511211910768283,-0.40981955826282507,,-0.18681619556681867,-0.9005147922430733,-5.827836944587775,-5.827836944587775,2.574914655633804e-08,2857270.5,-5.896858767408076,3.7049344609558535e-09,-0.4512336939464952,-0.2557109722875617,GCST90200080,cancerType_celltype,ESCA_Epi_ESCA,tissue,Tumor,Adjacent,group2_higher,2.5805946144329964e-07,3.659293963973064e-08
43134,178,0.29784423363020884,-0.030957763195770344,0.27782420814037323,0.0008382736705243501,0.7363465518054954,0.6362080152376411,0.3288019968259792,0.27698593446984887,,0.19703257377981723,3.266143130044566,6.876195744032419,6.876195744032419,9.899292203148514e-11,4819472.5,5.89019694320085,3.857426535683183e-09,0.4467630691487941,0.2554220894072978,GCST90199932,cancerType_celltype,ESCA_Epi_ESCA,tissue,Tumor,Adjacent,group1_higher,2.1417040115700674e-09,3.7824981065727904e-08
43134,178,-0.010029852771096472,-0.46221151227311996,-0.0382944047451019,-0.554845541715622,0.9207425171085977,1.1670629034076931,0.4521816595020235,0.51655113697052,,0.19761784818116349,-5.5260401479229015,5.162637613847578,5.162637613847578,6.469970439976282e-07,4817197.0,5.8765278891128965,4.189684483970999e-09,0.49049781332705455,0.2548293454992361,GCST90200379,cancerType_celltype,ESCA_Epi_ESCA,tissue,Tumor,Adjacent,group1_higher,4.409284854843836e-06,4.078957108323195e-08
43134,178,0.5597842039576008,0.31755121568285893,0.5694333612918854,0.3137935847043991,0.4856366372506973,0.5818831066677959,0.24223298827474182,0.25563977658748627,,0.1824482722665155,0.81787951828016,5.546056122527425,5.546056122527425,1.0421101677812216e-07,4816237.0,5.870761116129185,4.3380681594054405e-09,0.49835127495574144,0.25457927555779913,GCST90200413,cancerType_celltype,ESCA_Epi_ESCA,tissue,Tumor,Adjacent,group1_higher,8.822336389352826e-07,4.19346588742526e-08
43134,178,-0.23367138262179463,0.0450855378098158,-0.27043454349040985,0.053085962310433346,0.6426487960699915,0.6492836460818219,-0.27875692043161043,-0.3235205058008432,,-0.16991793335424524,-2.373718599345206,-5.716432622712524,-5.716432622712524,4.492878840318069e-08,2862175.0,-5.8673971652220205,4.426974107846702e-09,-0.43374406133806287,-0.25443340142529447,GCST90200409,cancerType_celltype,ESCA_Epi_ESCA,tissue,Tumor,Adjacent,group2_higher,4.2792947129311393e-07,4.249271626052856e-08
43134,178,-0.6351943920325888,-0.05273192797936604,-0.7185132205486298,-0.1154411099851131,1.4386305554071435,1.2561320439056411,-0.5824624640532228,-0.6030721105635166,,-0.17048589937214045,-3.590424437372196,-6.169790647311079,-6.169790647311079,4.445636185466221e-09,2862839.0,-5.863408480574953,4.5346903757217894e-09,-0.40506958803929916,-0.2542604363824674,GCST90200472,cancerType_celltype,ESCA_Epi_ESCA,tissue,Tumor,Adjacent,group2_higher,5.55908451448666e-08,4.322225861614545e-08
43134,178,-0.366695816842998,0.0016574381191409035,-0.3938441723585129,-0.09415066242218015,0.7354431404788075,0.8275689604166853,-0.36835325496213894,-0.2996935099363327,,-0.17625603453145158,-7.788618750151174,-5.928758745525774,-5.928758745525774,1.5482363322134348e-08,2863950.0,-5.856734642257345,4.720650034280762e-09,-0.5005866709673465,-0.2539710325231588,GCST90199944,cancerType_celltype,ESCA_Epi_ESCA,tissue,Tumor,Adjacent,group2_higher,1.6616111187455996e-07,4.46822638661436e-08
43134,178,0.317612655105327,-0.18573538003374268,0.2943820208311081,-0.2004480212926864,1.0769302899276998,1.04333916325966,0.5033480351390697,0.4948300421237945,,0.185869082322406,0.7740165168802697,6.422442665463643,6.422442665463643,1.1765029118404094e-09,4813481.0,5.854205672021781,4.7930385568623096e-09,0.4674501357306508,0.25386136643425794,GCST90200408,cancerType_celltype,ESCA_Epi_ESCA,tissue,Tumor,Adjacent,group1_higher,1.801767942515144e-08,4.505456243450571e-08
43134,178,0.6218437649715352,0.37979010559763665,0.617740124464035,0.35700996220111847,0.5054387076940069,0.619552438184329,0.2420536593738985,0.26073016226291656,,0.16456588137151723,0.7113483571194656,5.20532684114083,5.20532684114083,5.301293463961331e-07,4810398.5,5.835688924394394,5.3569723784093245e-09,0.4784071464410877,0.25305840748167596,GCST90199647,cancerType_celltype,ESCA_Epi_ESCA,tissue,Tumor,Adjacent,group1_higher,3.7245685522573686e-06,5.001063939569801e-08
43134,178,0.3128738123144083,0.08566739904076866,0.3188511878252029,0.0714517831802368,0.4887883460020694,0.5227905048604656,0.22720641327363966,0.24739940464496607,,0.204587091509623,1.8687504875124656,5.787899511251693,5.787899511251693,3.148834534459774e-08,4807506.0,5.818313517253368,5.944539620706532e-09,0.46469929987189856,0.2523049415383365,GCST90200027,cancerType_celltype,ESCA_Epi_ESCA,tissue,Tumor,Adjacent,group1_higher,3.087670122639332e-07,5.511841838791158e-08
43134,178,0.014991253086123542,0.3715075585844644,-0.04151768423616885,0.3870004713535309,0.8373044242978896,0.9150724388573847,-0.35651630549834085,-0.42851815558969975,,-0.16709248697699192,4.631106329317342,-5.189015393371429,-5.189015393371429,5.713321176547298e-07,2872895.0,-5.803001533570576,6.513936282758091e-09,-0.42562151676294313,-0.25164095374591744,GCST90199755,cancerType_celltype,ESCA_Epi_ESCA,tissue,Tumor,Adjacent,group2_higher,3.973090185527534e-06,5.998983211756269e-08
43134,178,-0.2695726542722603,0.18856697774418954,-0.30049875378608704,0.17402599751949305,0.9665836350867328,1.070749266921463,-0.4581396320164498,-0.4745247513055801,,-0.15778736865993878,-0.515594806165243,-5.698900521930086,-5.698900521930086,4.9098789473366186e-08,2873875.0,-5.797114619483037,6.746679116895366e-09,-0.4737584164598431,-0.2513856740140341,GCST90200461,cancerType_celltype,ESCA_Epi_ESCA,tissue,Tumor,Adjacent,group2_higher,4.5524932008298035e-07,6.171626601562675e-08
43134,178,0.6860821502123937,0.1620874595566747,0.6908428072929382,-0.03748456761240955,1.3170080822401424,1.1862889144341189,0.523994690655719,0.7283273749053478,,0.16705733028868458,2.0816020582927015,5.87820534847797,5.87820534847797,1.990471083892809e-08,4796983.0,5.7551012754746225,8.659140704368053e-09,0.398020951511041,0.24956381029485852,GCST90200890,cancerType_celltype,ESCA_Epi_ESCA,tissue,Tumor,Adjacent,group1_higher,2.0710015933938158e-07,7.854891551267518e-08
43134,178,0.1194938943571697,-0.15094134293554162,0.1001088619232177,-0.21822799742221832,0.6441299536595434,0.7322139723366506,0.27043523729271135,0.31833685934543604,,0.18275902073255343,-0.33704859540872595,4.9197485499110405,4.9197485499110405,1.9620200780446833e-06,4796844.0,5.754266294803022,8.70204419839615e-09,0.419595314399082,0.2495276022512547,GCST90200668,cancerType_celltype,ESCA_Epi_ESCA,tissue,Tumor,Adjacent,group1_higher,1.1576767819804777e-05,7.854891551267518e-08
43134,178,0.08295189164994439,-0.28319600815662405,0.06836790964007369,-0.24091719835996625,0.7760583629031478,0.7956585260544645,0.3661478998065684,0.30928510800003994,,0.17816320160630034,-1.7714418461144816,6.1275802181114685,6.1275802181114685,5.5639437695283385e-09,4795836.0,5.748211183170126,9.019414760738411e-09,0.4717552872903142,0.24926502881274604,GCST90200165,cancerType_celltype,ESCA_Epi_ESCA,tissue,Tumor,Adjacent,group1_higher,6.777453422689286e-08,8.087335677628826e-08
43134,178,0.03976076820670984,-0.5001278510997386,-0.0261801155284047,-0.4516313970088959,1.194379960840363,1.0254513110644357,0.5398886193064484,0.42545128148049116,,0.21895142004908413,-3.652846012556091,7.004656884614309,7.004656884614309,4.834291047014415e-11,4795653.0,5.747111892070106,9.078227136296482e-09,0.4522671767491559,0.24921735923015964,GCST90200671,cancerType_celltype,ESCA_Epi_ESCA,tissue,Tumor,Adjacent,group1_higher,1.1747138534599443e-09,8.087335677628826e-08
43134,178,0.27894179628883337,0.02605303939398755,0.25836485624313354,0.0109145776368677,0.6219483232820651,0.528695680123215,0.2528887568948458,0.24745027860626584,,0.17304171395235987,3.420390325146065,6.363516914296851,6.363516914296851,1.6022312358073822e-09,4793437.0,5.733800257766038,9.82067159805924e-09,0.4068380168528981,0.2486401144486765,GCST90199984,cancerType_celltype,ESCA_Epi_ESCA,tissue,Tumor,Adjacent,group1_higher,2.274834556672356e-08,8.691932070230353e-08
43134,178,-0.01773023372882476,-0.510223827513165,-0.055917115882039056,-0.5052123367786407,1.1749721840984522,1.2097360304107658,0.4924935937843402,0.4492952208966017,,0.18135757330520957,-4.846768275398012,5.42096093816885,5.42096093816885,1.9043626004433676e-07,4789060.0,5.707507377193429,1.14644675920484e-08,0.41910198389542047,0.2474999518094383,GCST90200396,cancerType_celltype,ESCA_Epi_ESCA,tissue,Tumor,Adjacent,group1_higher,1.4747989911388125e-06,1.0081335050298045e-07
43134,178,-0.7154714518251588,-0.034107054244946644,-0.7957100570201874,-0.08536689728498456,1.5615384923533624,1.591363328682606,-0.6813643975802122,-0.7103431597352028,,-0.181615367602086,-4.390711857962127,-5.701104215373869,-5.701104215373869,4.849070758974706e-08,2892556.0,-5.684896821453127,1.3089395998382994e-08,-0.43630734321603565,-0.24651946924738843,GCST90200457,cancerType_celltype,ESCA_Epi_ESCA,tissue,Tumor,Adjacent,group2_higher,4.5269064688236473e-07,1.1436440221664115e-07
43134,178,0.24681887195123026,-0.15426096279341517,0.22870808839797968,-0.20655192434787745,0.9773621579963004,0.8711545153792226,0.4010798347446454,0.4352600127458571,,0.16741953522666783,0.6780761807273672,6.126615758338725,6.126615758338725,5.569147346597213e-09,4783235.0,5.6725162807037215,1.4071761063071046e-08,0.41054217319120934,0.24598260034186636,GCST90200579,cancerType_celltype,ESCA_Epi_ESCA,tissue,Tumor,Adjacent,group1_higher,6.777453422689286e-08,1.2216439699978238e-07
43134,178,-0.23089022015576516,0.24317882174176028,-0.3284808248281479,0.1980266124010086,1.1002350523997106,1.1431802926911965,-0.4740690418975254,-0.5265074372291565,,-0.18372951962132344,0.07481020928786447,-5.522152750065421,-5.522152750065421,1.1681558116602269e-07,2895883.0,-5.664911348831452,1.4710314489212713e-08,-0.43080972594355627,-0.24565282060659677,GCST90200447,cancerType_celltype,ESCA_Epi_ESCA,tissue,Tumor,Adjacent,group2_higher,9.708514459102983e-07,1.2689973828352486e-07
43134,178,0.11946098575235194,-0.185282778936658,0.0971491932868957,-0.20294741541147232,0.6995539583955834,0.6991388312196712,0.30474376468900993,0.300096608698368,,0.18604511697990914,-0.6331849748458789,5.80344794129942,5.80344794129942,2.908649356353395e-08,4779998.0,5.65307144304927,1.5760851285402653e-08,0.4356268732030486,0.24513939575808452,GCST90199970,cancerType_celltype,ESCA_Epi_ESCA,tissue,Tumor,Adjacent,group1_higher,2.872818168630201e-07,1.351071717107158e-07
43134,178,0.1671558679175918,-0.13995037696735013,0.14754197746515268,-0.19052200019359586,0.780163723825147,0.6545871469610486,0.3071062448849419,0.3380639776587485,,0.16028246008733732,0.25627695018507035,6.241112352555755,6.241112352555755,3.0564761333521185e-09,4779790.0,5.651821975569465,1.5875874505103093e-08,0.39388165128080316,0.24508521393743976,GCST90199942,cancerType_celltype,ESCA_Epi_ESCA,tissue,Tumor,Adjacent,group1_higher,4.0446378347174154e-08,1.3524260594034698e-07
43134,178,0.15306924085751053,-0.05468001808144487,0.14627802371978754,-0.05359383486211295,0.4837904116086137,0.5166904494359423,0.2077492589389554,0.19987185858190049,,0.1754656908928,1.4850818194206776,5.354696444091818,5.354696444091818,2.615899298465244e-07,4778069.5,5.64148683711272,1.685908722302344e-08,0.4292966089829108,0.24463704171427114,GCST90200939,cancerType_celltype,ESCA_Epi_ESCA,tissue,Tumor,Adjacent,group1_higher,1.9808170798934046e-06,1.4272630984460216e-07
43134,178,0.15430550171468316,-0.45564010357902796,0.11190864816308019,-0.49673958122730255,1.344704841607222,1.5233329811452219,0.6099456052937111,0.6086482293903828,,0.1910080663799299,-1.5620990478133845,5.333460958193829,5.333460958193829,2.8962338621001205e-07,4773945.0,5.6167107379759305,1.9463022092025485e-08,0.4533283208187924,0.24356265267942123,GCST90200450,cancerType_celltype,ESCA_Epi_ESCA,tissue,Tumor,Adjacent,group1_higher,2.1809761072057814e-06,1.6375369821870826e-07
43134,178,-0.22880192487997356,-0.6256510108562835,-0.2492623254656791,-0.6985675990581512,0.8766838252963948,0.9644749482299755,0.39684908597630997,0.44930527359247213,,0.18524086578968585,-1.4512549550161755,5.4803122840003535,5.4803122840003535,1.432159157855556e-07,4772437.0,5.607652098747351,2.0509331483669923e-08,0.4524762981049989,0.24316983447974772,GCST90200065,cancerType_celltype,ESCA_Epi_ESCA,tissue,Tumor,Adjacent,group1_higher,1.141539726407674e-06,1.712171534616352e-07
43134,178,-0.6495881690177208,-0.1299130587310143,-0.7083339095115662,-0.21196758747100825,1.2692000226862603,1.1551695046241448,-0.5196751102867064,-0.4963663220405579,,-0.1646644794822189,-2.321970016441834,-5.987108754842041,-5.987108754842041,1.1438901624448583e-08,2905544.0,-5.6068771886276645,2.0601330277115312e-08,-0.4095945778456762,-0.2431362313313672,GCST90200330,cancerType_celltype,ESCA_Epi_ESCA,tissue,Tumor,Adjacent,group2_higher,1.2573566866228563e-07,1.712171534616352e-07
43134,178,0.2935926564557331,0.1290292403882427,0.30204957723617554,0.0831622593104839,0.42117113366148645,0.4339587903934297,0.16456341606749042,0.21888731792569163,,0.1488632411253947,1.1861115719493824,5.049546531077477,5.049546531077477,1.0875715795932277e-06,4772039.0,5.605261290781187,2.0794463305379435e-08,0.3906789356474596,0.24306615964986045,GCST90199981,cancerType_celltype,ESCA_Epi_ESCA,tissue,Tumor,Adjacent,group1_higher,6.831152363988798e-06,1.717748696074677e-07
43134,178,0.23736502210951488,-0.2990971015965085,0.22017691284418106,-0.34959064424037933,1.279846570826474,1.1254767481298789,0.5364621237060234,0.5697675570845604,,0.16708489676156335,-0.33350531918668125,6.342447034595175,6.342447034595175,1.79416256155445e-09,4771700.0,5.603224899071313,2.1040358574414487e-08,0.41935557101335785,0.2429778537017906,GCST90200802,cancerType_celltype,ESCA_Epi_ESCA,tissue,Tumor,Adjacent,group1_higher,2.4953505830599136e-08,1.7275908877666835e-07
43134,178,0.2587376237683405,0.5660449482207552,0.247797779738903,0.5470126271247864,0.6884692280686245,0.726646289911755,-0.30730732445241477,-0.2992148473858834,,-0.14926106943070694,1.1294237356307137,-5.631925850675362,-5.631925850675362,6.830043950688011e-08,2907295.5,-5.596355831459986,2.1890798092935385e-08,-0.44625927092344836,-0.24267998393300627,GCST90200725,cancerType_celltype,ESCA_Epi_ESCA,tissue,Tumor,Adjacent,group2_higher,6.165132387276662e-07,1.7866561557287983e-07
43134,178,-0.8576898378460958,-0.17814322995817225,-0.9414279460906982,-0.19562646001577375,1.627182371065488,1.6121316820745923,-0.6795466078879235,-0.7458014860749245,,-0.1628836995504213,-2.267411953660075,-5.612001065886183,-5.612001065886183,7.524112881622307e-08,2907928.0,-5.592556369051447,2.2375434807459984e-08,-0.41763737751347857,-0.24251522431013262,GCST90200564,cancerType_celltype,ESCA_Epi_ESCA,tissue,Tumor,Adjacent,group2_higher,6.702853501732813e-07,1.8153403358671405e-07
43134,178,-0.4855116180064046,-0.1277286998216021,-0.5175242722034454,-0.1247995533049106,0.8578218950344518,0.9018720696145396,-0.35778291818480246,-0.39272471889853483,,-0.1648654172389543,-1.926414769628797,-5.282937559213933,-5.282937559213933,3.6752425076907173e-07,2908621.0,-5.588393479803831,2.2918384975048194e-08,-0.41699323822862167,-0.24233470507115795,GCST90200731,cancerType_celltype,ESCA_Epi_ESCA,tissue,Tumor,Adjacent,group2_higher,2.650452665599179e-06,1.8483880899994492e-07
43134,178,0.005782842731542086,0.2622524489193443,-0.0109785855747759,0.28068749606609344,0.5682428089448542,0.6613577972658342,-0.25646960618780223,-0.2916660816408693,,-0.17087307262933601,5.502789611213906,-5.165934597914989,-5.165934597914989,6.366171297835599e-07,2910455.0,-5.577376540582866,2.4417717515200613e-08,-0.45101139469365914,-0.24185696728720485,GCST90200821,cancerType_celltype,ESCA_Epi_ESCA,tissue,Tumor,Adjacent,group2_higher,4.360347476859257e-06,1.9577264101893196e-07
43134,178,0.1865051859865404,-0.2805587038858218,0.14717200398445124,-0.3163282424211502,1.1301097958779105,1.143895970239444,0.46706388987236225,0.46350024640560145,,0.1836486611597284,-0.5890843308333479,5.436593892772291,5.436593892772291,1.7660092740351764e-07,4765589.0,5.566515784796875,2.5988772714602958e-08,0.4132699901074571,0.2413860022308323,GCST90200877,cancerType_celltype,ESCA_Epi_ESCA,tissue,Tumor,Adjacent,group1_higher,1.3754689374342546e-06,2.0715027608189373e-07
43134,178,0.23977037851175567,0.5009690433068775,0.2316181063652038,0.4965263903141022,0.5621049969280222,0.7151330052484869,-0.2611986647951219,-0.26490828394889837,,-0.16523508977641152,1.0630648819740567,-4.8667743533694106,-4.8667743533694106,2.4897870177965126e-06,2913313.0,-5.560208376845941,2.694573772392931e-08,-0.4640932276729642,-0.24111248823238585,GCST90199933,cancerType_celltype,ESCA_Epi_ESCA,tissue,Tumor,Adjacent,group2_higher,1.4081243590276543e-05,2.135293053355561e-07
43134,178,0.3970047661779052,0.17162101059430018,0.3821328729391098,0.16817792505025858,0.5254802287557389,0.5797063190368897,0.22538375558360502,0.21395494788885122,,0.1613169875882026,1.209925370520722,5.178327689294095,5.178327689294095,6.005771691544662e-07,4760403.0,5.535363196574451,3.1058939850303114e-08,0.4287199664457955,0.24003510356802926,GCST90200293,cancerType_celltype,ESCA_Epi_ESCA,tissue,Tumor,Adjacent,group1_higher,4.155262342931662e-06,2.447013584737754e-07
43134,178,-0.05361096864860558,-0.3909739022237364,-0.07494030520319934,-0.4245581030845642,0.7398449373727316,0.8767595550691872,0.3373629335751308,0.3496177978813649,,0.1825144554655499,-2.8664489824529142,5.126131157990002,5.126131157990002,7.657910991815687e-07,4757367.0,5.517125777013463,3.445947077146536e-08,0.4556150962218213,0.2392442573782354,GCST90200195,cancerType_celltype,ESCA_Epi_ESCA,tissue,Tumor,Adjacent,group1_higher,5.042382938089266e-06,2.6993252104314534e-07
43134,178,0.14610754948026838,-0.1680546461413562,0.134398378431797,-0.20298142731189725,0.7221258779840708,0.7913845301806095,0.3141621956216246,0.33737980574369425,,0.18482258630128778,-0.20189841417341936,5.287270537616644,5.287270537616644,3.6028853433262786e-07,4756274.0,5.5105600656893,3.5769982312312035e-08,0.43487325301311225,0.2389595423303288,GCST90200063,cancerType_celltype,ESCA_Epi_ESCA,tissue,Tumor,Adjacent,group1_higher,2.612091873911552e-06,2.785970622381789e-07
43134,178,0.006504437412079889,-0.18594794978094653,0.0006278707878663501,-0.20347456634044644,0.4748336133326186,0.5321135297507558,0.19245238719302643,0.2041024371283128,,0.1785847666652201,-4.837116725547944,4.8174433294305,4.8174433294305,3.0972163666164588e-06,4751796.0,5.483660472542363,4.166210869816997e-08,0.4050931928329176,0.23779307024933538,GCST90199975,cancerType_celltype,ESCA_Epi_ESCA,tissue,Tumor,Adjacent,group1_higher,1.702220124071868e-05,3.226446258841231e-07
43134,178,0.5172557355787352,-0.004029681647112698,0.500339686870575,0.0230702620465308,1.1063767022968123,1.2360536883867044,0.5212854172258479,0.47726942482404416,,0.18366569292415189,7.003712876190872,5.617350073601861,5.617350073601861,7.344631569201247e-08,4750396.0,5.47525059527445,4.36900306508679e-08,0.4709257545892978,0.2374283849180734,GCST90200203,cancerType_celltype,ESCA_Epi_ESCA,tissue,Tumor,Adjacent,group1_higher,6.586008440014013e-07,3.364379196448189e-07
43134,178,-0.664406741462184,-0.08047502849962604,-0.7214024662971497,-0.1985049173235893,1.2630720206013453,1.4108690000463437,-0.583931712962558,-0.5228975489735603,,-0.18802620659309496,-3.0454378683474945,-5.512750919728615,-5.512750919728615,1.2241498556704994e-07,2928334.0,-5.4699764008164315,4.501031338279888e-08,-0.462076861390241,-0.23719967511746776,GCST90199623,cancerType_celltype,ESCA_Epi_ESCA,tissue,Tumor,Adjacent,group2_higher,9.991115289095154e-07,3.446576243862633e-07
43134,178,0.2550760524461585,-0.06034742930140137,0.23692037165164945,-0.1226749382913112,0.7814167819846798,0.8660329030753195,0.31542348174755985,0.35959530994296063,,0.1730613964422116,2.0795449879639936,4.851112085807104,4.851112085807104,2.6667111898019357e-06,4749112.0,5.467537536408736,4.5633832364377364e-08,0.4034677085895207,0.23709391637140187,GCST90200055,cancerType_celltype,ESCA_Epi_ESCA,tissue,Tumor,Adjacent,group1_higher,1.4835621843673626e-05,3.4747996375780084e-07
43134,178,0.09520906105530666,0.3259794221277966,0.0906189493834972,0.35765522718429565,0.49342512003442796,0.6172442330117011,-0.23077036107248997,-0.26703627780079847,,-0.15924770867794805,1.7755993816192215,-4.981511092931567,-4.981511092931567,1.4857920444417124e-06,2930316.0,-5.458070417427144,4.813449139474289e-08,-0.46715186232644107,-0.2366833848842098,GCST90199838,cancerType_celltype,ESCA_Epi_ESCA,tissue,Tumor,Adjacent,group2_higher,9.040779270419884e-06,3.6448506539463646e-07
43134,178,0.22861625696377383,0.07962598249262585,0.24910716712474815,0.0599488690495491,0.37545041199245516,0.4953113489604389,0.148990274471148,0.18915829807519904,,0.1387231560173686,1.5216050161104588,4.008439888276676,4.008439888276676,8.980305282404759e-05,4747074.0,5.455295157928733,4.8892390932400723e-08,0.39623173644429865,0.23656303872489337,GCST90200664,cancerType_celltype,ESCA_Epi_ESCA,tissue,Tumor,Adjacent,group1_higher,0.0003187540651020231,3.6817861238045406e-07
43134,178,-0.2193864459664267,-0.5081250001493255,-0.2420984879136085,-0.5273020565509796,0.6956013822982177,0.6561038495874028,0.2887385541828988,0.2852035686373711,,0.17370456208295218,-1.2117053142656942,5.8578370660414585,5.8578370660414585,2.2090385941433262e-08,4745387.0,5.4451612558208975,5.1759347660807495e-08,0.41518560062131527,0.23612359290072282,GCST90200936,cancerType_celltype,ESCA_Epi_ESCA,tissue,Tumor,Adjacent,group1_higher,2.2794396586585553e-07,3.8762632341582757e-07
43134,178,0.40040241004784444,0.21916494720087,0.4064696580171585,0.17903843522071836,0.4559775267663727,0.4926416102232236,0.18123746284697445,0.22743122279644015,,0.1285016189108979,0.8694306032900909,4.899599248799679,4.899599248799679,2.1467104037851867e-06,4743993.0,5.436787420884134,5.425071128128402e-08,0.3973343703928794,0.23576047050659477,GCST90200830,cancerType_celltype,ESCA_Epi_ESCA,tissue,Tumor,Adjacent,group1_higher,1.2479552679127012e-05,4.0201905652000863e-07
43134,178,0.3033488312623437,0.013471873096462467,0.2986085116863251,-0.017263044603168902,0.6862757028750567,0.7261313670892144,0.2898769581658812,0.315871556289494,,0.1541381990149165,4.492853064764491,5.316300780755329,5.316300780755329,3.1389897331017415e-07,4743922.0,5.436360919965546,5.4380665330855276e-08,0.42228827976850514,0.23574197575050948,GCST90199682,cancerType_celltype,ESCA_Epi_ESCA,tissue,Tumor,Adjacent,group1_higher,2.337946997933155e-06,4.0201905652000863e-07
43134,178,-0.20948466083901532,-0.6311127350173806,-0.24349593371152875,-0.6880648732185364,0.9563826610967341,1.0106214963937843,0.42162807417836534,0.4445689395070076,,0.2090297998873539,-1.5910485255673306,5.555843158364061,5.555843158364061,9.916814398228121e-08,4743821.0,5.435754207391218,5.4566049490976956e-08,0.4407520483149584,0.23571566630875407,GCST90199881,cancerType_celltype,ESCA_Epi_ESCA,tissue,Tumor,Adjacent,group1_higher,8.520915127616285e-07,4.0201905652000863e-07
43134,178,0.044777345114671845,0.23673531481750268,0.060351721942424746,0.24538242816925043,0.3899293575515185,0.48669811576453054,-0.19195796970283083,-0.1850307062268257,,-0.1614940194733899,2.4024079129979286,-5.255113013030356,-5.255113013030356,4.1986951504912675e-07,2934305.0,-5.434108274268784,5.5072062665058e-08,-0.49172880427910476,-0.23564429217963567,GCST90200426,cancerType_celltype,ESCA_Epi_ESCA,tissue,Tumor,Adjacent,group2_higher,3.012011310589262e-06,4.035657065186777e-07
43134,178,-0.5501894284527846,-0.1960652801561368,-0.5803559422492981,-0.24802267551422116,0.8255871078091052,0.8431308836839404,-0.35412414829664784,-0.3323332667350769,,-0.16608806213589547,-1.4885896021255416,-5.592590871173706,-5.592590871173706,8.280711657864224e-08,2936020.0,-5.423806174615591,5.834412632734163e-08,-0.42889849942520925,-0.2351975526488398,GCST90201006,cancerType_celltype,ESCA_Epi_ESCA,tissue,Tumor,Adjacent,group2_higher,7.235006403633935e-07,4.252569207709446e-07
43134,178,0.42338613448607376,0.19222335902492652,0.4140713959932327,0.1870647370815277,0.5553461500676842,0.5923180889126808,0.23116277546114725,0.22700665891170502,,0.17597190123602868,1.1391862620002229,5.197405604064115,5.197405604064115,5.492259994463936e-07,4736978.0,5.3946479287167,6.865919098809414e-08,0.4161329198401761,0.23393313650745018,GCST90200768,cancerType_celltype,ESCA_Epi_ESCA,tissue,Tumor,Adjacent,group1_higher,3.838948908950946e-06,4.977791346636825e-07
43134,178,0.004735080526153259,-0.30979830504845035,-0.02809152007102965,-0.3790909945964813,0.7792801536751983,0.7635019536847738,0.3145333855746036,0.35099947452545166,,0.17934294083919194,-6.031496486721495,5.48447528200906,5.48447528200906,1.4008771245079024e-07,4734558.0,5.380110855153594,7.444122749019802e-08,0.4036534874781074,0.23330275186341187,GCST90200960,cancerType_celltype,ESCA_Epi_ESCA,tissue,Tumor,Adjacent,group1_higher,1.1231738357083948e-06,5.368433495721688e-07
43134,178,0.1300112453740544,0.40207593187721175,0.113241147249937,0.4097270220518112,0.6629046578170833,0.6612978248285719,-0.27206468650315735,-0.2964858748018742,,-0.1534692334134564,1.6288240558403213,-5.477551727318798,-5.477551727318798,1.449069460105004e-07,2943885.0,-5.376560685535497,7.592338318409811e-08,-0.41041705648186005,-0.2331488025557148,GCST90200871,cancerType_celltype,ESCA_Epi_ESCA,tissue,Tumor,Adjacent,group2_higher,1.1483032989087912e-06,5.446503751575038e-07
43134,178,-0.006564138113070334,-0.35900672479647766,-0.0416173730045557,-0.40034182369709015,0.8852717417430784,0.7577473968644494,0.35244258668340733,0.35872445069253445,,0.17078934966043594,-5.77304571482619,6.188056472509812,6.188056472509812,4.038529110855641e-09,4732876.0,5.370006988321717,7.873490238555842e-08,0.3983356411438377,0.23286460848685286,GCST90200812,cancerType_celltype,ESCA_Epi_ESCA,tissue,Tumor,Adjacent,group1_higher,5.1444067085011574e-08,5.618621568142206e-07
43134,178,0.31999807853882556,0.007147623560904117,0.2936862707138061,0.0077982861548661995,0.757255355947908,0.8581352601024845,0.31285045497792147,0.2858879845589399,,0.18039279769181227,5.484258457119227,4.856175446448896,4.856175446448896,2.6077849923172088e-06,4730078.0,5.353199247896274,8.641404120132978e-08,0.41289762830180554,0.23213575880337367,GCST90200460,cancerType_celltype,ESCA_Epi_ESCA,tissue,Tumor,Adjacent,group1_higher,1.4627205533038501e-05,6.134496779031901e-07
43134,178,0.5257137288806253,0.2768565777929897,0.5115492939949036,0.31373801827430725,0.6086304199635291,0.5457001563026046,0.24885715108763556,0.1978112757205963,,0.17591573089874793,0.9251361452539667,6.068679613908768,6.068679613908768,7.518124541266062e-09,4729132.0,5.347516573685242,8.917072791826258e-08,0.40904451065488506,0.2318893357152496,GCST90200724,cancerType_celltype,ESCA_Epi_ESCA,tissue,Tumor,Adjacent,group1_higher,8.733257710889489e-08,6.297393893916679e-07
43134,178,0.06954712428085086,-0.28785610021800956,0.0603864919394254,-0.3600648045539856,0.9146590775192526,0.9235450960612033,0.3574032244988604,0.420451296493411,,0.14219947045691697,-2.049269287092106,5.152680328897893,5.152680328897893,6.758467175414795e-07,4725267.0,5.324299305370612,1.0134459625916254e-07,0.3907346189503637,0.23088254371144434,GCST90200922,cancerType_celltype,ESCA_Epi_ESCA,tissue,Tumor,Adjacent,group1_higher,4.51558370592665e-06,7.120241479445285e-07
43134,178,-0.07860230369517375,-0.4949482556614303,-0.12388683110475535,-0.582478255033493,1.0597286312965086,1.0041302777807286,0.41634595196625657,0.4585914239287377,,0.16448344573987192,-2.654618766125531,5.519230034408755,5.519230034408755,1.182815042976602e-07,4725110.5,5.323359201233163,1.0186998996465103e-07,0.39296183510690497,0.23084177710119969,GCST90199996,cancerType_celltype,ESCA_Epi_ESCA,tissue,Tumor,Adjacent,group1_higher,9.770769112588538e-07,7.120451093426633e-07
43134,178,0.192076116512623,0.001386570715439621,0.19319442659616465,-0.0311260409653186,0.45698992229406016,0.6160567324550925,0.19068954579718336,0.22432046756148324,,0.14645556358754566,7.112980542583528,4.124997086790253,4.124997086790253,5.685540786855387e-05,4720277.0,5.294324099965695,1.1945937241560128e-07,0.416577835298691,0.22958270099501799,GCST90199831,cancerType_celltype,ESCA_Epi_ESCA,tissue,Tumor,Adjacent,group1_higher,0.00021526089145788589,8.267578541456726e-07
43134,178,-0.5214495054128373,-0.16748045525105482,-0.5718860328197479,-0.19444105774164194,0.8520937390204261,0.8453499466697093,-0.3539690501617825,-0.377444975078106,,-0.1674975242466997,-1.63852896390292,-5.5748118561990365,-5.5748118561990365,9.028811451628754e-08,2957584.0,-5.294270036468973,1.1949471552949194e-07,-0.41542431095002974,-0.22958035658931686,GCST90200584,cancerType_celltype,ESCA_Epi_ESCA,tissue,Tumor,Adjacent,group2_higher,7.838388540490441e-07,8.267578541456726e-07
43134,178,-0.16652983587147796,-0.4846257574364459,-0.1995125338435173,-0.5571455955505371,0.8575336853088527,0.7638970067870704,0.31809592156496797,0.3576330617070198,,0.14849937224432339,-1.541084721434613,5.541240209434436,5.541240209434436,1.0612280180511932e-07,4719854.0,5.291783115619747,1.2113148135435946e-07,0.371099366511786,0.22947251392707235,GCST90200761,cancerType_celltype,ESCA_Epi_ESCA,tissue,Tumor,Adjacent,group1_higher,8.928727090146768e-07,8.338495408383431e-07
43134,178,-0.400431143958142,-0.14133843333392374,-0.4378036558628082,-0.17137101292610163,0.7150251868178982,0.6388994876531185,-0.25909271062421824,-0.2664326429367066,,-0.12876985346417147,-1.5023937585366922,-5.396512489168825,-5.396512489168825,2.1355692350059962e-07,2958991.0,-5.285818109814721,1.251462476771253e-07,-0.3625040251622227,-0.22921384783139864,GCST90200066,cancerType_celltype,ESCA_Epi_ESCA,tissue,Tumor,Adjacent,group2_higher,1.6445089645837135e-06,8.571574652458381e-07
43134,178,-0.34146497443731844,-0.010242991293309618,-0.36529776453971863,-0.01383645227178925,0.7021301569335089,0.8414580849845205,-0.3312219831440088,-0.35146131226792937,,-0.1813015968528504,-5.058891990576272,-5.244132390023637,-5.244132390023637,4.419154059271672e-07,2961581.0,-5.270259836869083,1.3623299809184703e-07,-0.4713187595975604,-0.2285391799685641,GCST90200856,cancerType_celltype,ESCA_Epi_ESCA,tissue,Tumor,Adjacent,group2_higher,3.1535638653336593e-06,9.284278819959376e-07
43134,178,0.20731657515562424,-0.09670305452726077,0.1982660889625549,-0.11739501357078545,0.7685672176435824,0.7235907780543911,0.304019629682885,0.31566110253334034,,0.14557831617025407,1.1001941405670181,5.592551519822458,5.592551519822458,8.268759369724905e-08,4714488.0,5.259549257462877,1.444113018592967e-07,0.39565860879337833,0.2280747271502499,GCST90199993,cancerType_celltype,ESCA_Epi_ESCA,tissue,Tumor,Adjacent,group1_higher,7.235006403633935e-07,9.792666887274695e-07
43134,178,-0.5221914959783758,-0.1392733200487231,-0.5592454969882965,-0.09402130171656606,0.9573493623394539,1.0188454006316272,-0.3829181759296527,-0.4652241952717304,,-0.15419252902545774,-1.9066524533240046,-5.005159763694496,-5.005159763694496,1.332339176476783e-06,2964654.0,-5.251800156266015,1.506222908971166e-07,-0.3998691397327078,-0.22773869566644422,GCST90200961,cancerType_celltype,ESCA_Epi_ESCA,tissue,Tumor,Adjacent,group2_higher,8.18008242134169e-06,1.0163276361028215e-06
43134,178,-0.6082918766642658,-0.11613224132844571,-0.6677997708320618,-0.17215189337730405,1.1331106501250383,1.237274525694569,-0.4921596353358201,-0.4956478774547577,,-0.1827194400212058,-2.3889851295518403,-5.297849948084413,-5.297849948084413,3.4270270108703107e-07,2965879.0,-5.244441513656591,1.5675897281857027e-07,-0.434173265405298,-0.22741959600159,GCST90200530,cancerType_celltype,ESCA_Epi_ESCA,tissue,Tumor,Adjacent,group2_higher,2.52713639616007e-06,1.052524531781829e-06
43134,178,-0.21429658712116004,-0.5537738068450473,-0.23691871762275696,-0.5852523148059845,0.8033819788050961,0.8640809412931223,0.3394772197238872,0.34833359718322754,,0.1804056317036742,-1.3696838158351778,5.232303989102149,5.232303989102149,4.665328428284745e-07,4708620.0,5.224299857599941,1.7481813187652232e-07,0.4224248221198563,0.2265461746332178,GCST90200502,cancerType_celltype,ESCA_Epi_ESCA,tissue,Tumor,Adjacent,group1_higher,3.311897212370889e-06,1.1680250673906858e-06
43134,178,0.33712455047716916,-0.1891996893152762,0.2894390225410461,-0.3125283122062683,1.3569548048094606,1.4080770051463523,0.5263242397924454,0.6019673347473145,,0.14890418087413537,0.8333686273139223,4.977443605652014,4.977443605652014,1.5106195542709798e-06,4703223.0,5.191879780732138,2.081847758579651e-07,0.3878107760028646,0.22514031268120305,GCST90200380,cancerType_celltype,ESCA_Epi_ESCA,tissue,Tumor,Adjacent,group1_higher,9.150997566539313e-06,1.3841748755824705e-06
43134,178,0.2959146533436676,-0.12981694180706746,0.23746151477098465,-0.22712545096874232,1.1696807755719771,0.971311711449208,0.4257315951507351,0.46458696573972696,,0.15513548148893738,1.1886962258963623,5.830309953338748,5.830309953338748,2.528659447404094e-08,4701331.0,5.180514432310074,2.2127836925275407e-07,0.36420356048936586,0.2246474665049547,GCST90200183,cancerType_celltype,ESCA_Epi_ESCA,tissue,Tumor,Adjacent,group1_higher,2.5720618110535674e-07,1.4640894043276884e-06
43134,178,-0.027682429888641853,-0.2501972519421134,-0.03437963314354415,-0.3040196150541305,0.6417679759748327,0.711228921067264,0.22251482205347153,0.26963998191058636,,0.14236017558722244,-3.1759771054004577,4.167073391227567,4.167073391227567,4.8048358677977914e-05,4700542.0,5.175774865764086,2.2697066479170663e-07,0.34656005150804503,0.2244419402718365,GCST90199724,cancerType_celltype,ESCA_Epi_ESCA,tissue,Tumor,Adjacent,group1_higher,0.0001871140367945254,1.494497662372445e-06
43134,178,-0.15223462550310574,0.09186880999202893,-0.1718033999204635,0.08582389354705805,0.6174563133565054,0.6099062688908966,-0.24410343549513466,-0.25762729346752156,,-0.14954627683827515,-0.7286432614460494,-5.328491941907407,-5.328491941907407,2.9594255262747865e-07,2977647.0,-5.173750488164595,2.2944486467292012e-07,-0.3953568129785866,-0.22435415530281122,GCST90200852,cancerType_celltype,ESCA_Epi_ESCA,tissue,Tumor,Adjacent,group2_higher,2.2163170287431505e-06,1.5035257237941833e-06
43134,178,0.10974029883483637,-0.15956204752614356,0.09994517266750336,-0.1169781684875488,0.6696885584291137,0.6474018916663006,0.26930234636097994,0.21692334115505216,,0.15366506410050013,-0.5400200271888023,5.537572578462726,5.537572578462726,1.0822797667097617e-07,4700055.0,5.17284942988589,2.3055450290034934e-07,0.40218451908412656,0.2243150818744617,GCST90200735,cancerType_celltype,ESCA_Epi_ESCA,tissue,Tumor,Adjacent,group1_higher,9.049983570708008e-07,1.5035683610199817e-06
43134,178,-0.24826341936921212,-0.7584357843158788,-0.3415742963552475,-0.7949458658695221,1.2308464557173466,1.1460775376058723,0.5101723649466666,0.4533715695142746,,0.19078032211728674,-1.6111514239802343,5.9249109256963175,5.9249109256963175,1.5720467032977244e-08,4699071.0,5.166938487577586,2.3796335620045706e-07,0.4146017303355253,0.224058760184489,GCST90200392,cancerType_celltype,ESCA_Epi_ESCA,tissue,Tumor,Adjacent,group1_higher,1.6739841067146862e-07,1.5378177362496025e-06
43134,178,0.029216786392253093,0.35728651322058164,-0.009458936750888752,0.31845054030418396,0.8976750916896896,0.8462436340739685,-0.3280697268283285,-0.32790947705507273,,-0.141466061591772,3.6121667088570817,-5.1602976012718464,-5.1602976012718464,6.516688642088686e-07,2978794.0,-5.166860395860098,2.3806276034384896e-07,-0.3655491528773646,-0.22405537382069884,GCST90201016,cancerType_celltype,ESCA_Epi_ESCA,tissue,Tumor,Adjacent,group2_higher,4.419028168739741e-06,1.5378177362496025e-06
43134,178,-0.1938695758379745,0.0590044598375039,-0.22572195529937739,0.0721274428069591,0.6803424963964981,0.7101077606397589,-0.2528740356754784,-0.2978493981063365,,-0.13515452095627034,-1.7161734992129363,-4.742081215992835,-4.742081215992835,4.31436450985725e-06,2982623.0,-5.143859381532358,2.691553327397769e-07,-0.3716184815202486,-0.22305795943969742,GCST90200467,cancerType_celltype,ESCA_Epi_ESCA,tissue,Tumor,Adjacent,group2_higher,2.219048613937899e-05,1.7304656534165844e-06
43134,178,0.4827398090314719,0.04167185313581081,0.44254453480243683,-0.07494631409645075,1.179572589056282,1.267463396868703,0.4410679558956611,0.5174908488988876,,0.15615045911099476,3.5340690089822218,4.6345261621049465,4.6345261621049465,6.888393201143476e-06,4694544.0,5.139744548726272,2.751166237720923e-07,0.3738037928824341,0.22287952411690148,GCST90200712,cancerType_celltype,ESCA_Epi_ESCA,tissue,Tumor,Adjacent,group1_higher,3.391077217606142e-05,1.754736232338716e-06
43134,178,0.22056168479676264,0.4271311162855853,0.21075730025768274,0.4455024003982544,0.4950974706076375,0.6801932757827489,-0.20656943148882267,-0.23474510014057165,,-0.14327785631572057,0.9534936452910951,-4.047338073131851,-4.047338073131851,7.718880013142133e-05,2983484.5,-5.138684303484996,2.7667317654396105e-07,-0.4164752351808387,-0.22283354771621022,GCST90200997,cancerType_celltype,ESCA_Epi_ESCA,tissue,Tumor,Adjacent,group2_higher,0.0002798094004764023,1.754736232338716e-06
43134,178,0.38367717098979004,0.22378876945592485,0.4025221914052963,0.21824672073125834,0.42422941423654803,0.4987193515978026,0.1598884015338652,0.184275470674038,,0.11835136461963813,0.7777526014406239,4.2709383909565215,4.2709383909565215,3.1625032651519376e-05,4694354.0,5.138603208239912,2.7679258250390607e-07,0.3765975040418692,0.22283003110765875,GCST90199918,cancerType_celltype,ESCA_Epi_ESCA,tissue,Tumor,Adjacent,group1_higher,0.00013062096819400275,1.754736232338716e-06
43134,178,-0.3253800018020977,-0.1033419271331971,-0.34369538724422455,-0.0786735080182552,0.5996559314886205,0.6387668481047785,-0.22203807466890058,-0.2650218792259693,,-0.12634798632845876,-1.6546903650274234,-4.629209082411012,-4.629209082411012,7.0475629867369105e-06,2984012.0,-5.13551558187155,2.813760588428095e-07,-0.37017391741096584,-0.22269613949318112,GCST90200752,cancerType_celltype,ESCA_Epi_ESCA,tissue,Tumor,Adjacent,group2_higher,3.4553339391807226e-05,1.7755350379756917e-06
43134,178,0.3677398284010136,-0.09715504387885415,0.33116626739501953,-0.14179591089487076,1.2030619833551255,1.105642403307135,0.46489487227986775,0.4729621782898903,,0.15919375487704696,1.9203137097307712,5.596180179369179,5.596180179369179,8.118571905541979e-08,4692229.0,5.125838215958259,2.962216133062233e-07,0.3865491305993497,0.22227649087270773,GCST90200252,cancerType_celltype,ESCA_Epi_ESCA,tissue,Tumor,Adjacent,group1_higher,7.185463316398518e-07,1.8605993499372459e-06
43134,178,0.3599454848253947,0.1670907619723192,0.346908375620842,0.14003210514783854,0.5045960873252724,0.726159708419818,0.19285472285307548,0.20687627047300344,,0.12846761203794493,1.1071418224878156,3.539776740993287,3.539776740993287,0.0005112510630855119,4690154.0,5.1133735764361745,3.16460610734587e-07,0.38136254756644494,0.221735975113873,GCST90200262,cancerType_celltype,ESCA_Epi_ESCA,tissue,Tumor,Adjacent,group1_higher,0.001501799997813691,1.9786046441800096e-06
43134,178,0.0679205089567332,-0.27758354966695814,0.02688489016145465,-0.3212410807609558,0.8441776284809788,0.9036418834518005,0.3455040586236913,0.3481259709224105,,0.1699185699714249,-2.0309868543264185,5.091973868590166,5.091973868590166,8.955024890592394e-07,4687721.0,5.098758411155581,3.4189398892072753e-07,0.40915694416087994,0.2211022041060442,GCST90200268,cancerType_celltype,ESCA_Epi_ESCA,tissue,Tumor,Adjacent,group1_higher,5.814679251394997e-06,2.1278607620956696e-06
43134,178,0.4149709394853848,0.06178166327495756,0.3888052254915237,0.12994430586695666,0.7873783165492259,0.8168412667223808,0.3531892762104273,0.25886091962456703,,0.18051574736432976,2.7477398164294016,5.757697092648363,5.757697092648363,3.660033033943288e-08,4684533.0,5.079607919205506,3.7822060526752845e-07,0.44849376687490256,0.22027176350885647,GCST90200161,cancerType_celltype,ESCA_Epi_ESCA,tissue,Tumor,Adjacent,group1_higher,3.538031932811845e-07,2.3432485680892784e-06
43134,178,-0.154487867649731,0.2265640224455699,-0.1963589936494827,0.17547601461410514,0.8939525935162005,1.0225364304284918,-0.3810518900953009,-0.37183500826358784,,-0.14243127127533986,0.5524222698789835,-4.963997010016933,-4.963997010016933,1.6071593479712711e-06,2993479.0,-5.078646790374887,3.801386786849642e-07,-0.4259868069030383,-0.22023008518528364,GCST90199800,cancerType_celltype,ESCA_Epi_ESCA,tissue,Tumor,Adjacent,group2_higher,9.692735359667445e-06,2.344475199310435e-06
43134,178,0.07275536200004616,-0.22159849184439676,0.0529899019747972,-0.27455608546733856,0.7489042185472856,0.7583222634763855,0.2943538538444429,0.32754598744213576,,0.15687672497234512,-1.6068092615616016,5.168371212837161,5.168371212837161,6.283494426396325e-07,4683780.5,5.075087610174003,3.8732362094366025e-07,0.3930257359221177,0.22007574514330308,GCST90199951,cancerType_celltype,ESCA_Epi_ESCA,tissue,Tumor,Adjacent,group1_higher,4.325456011706157e-06,2.3780274565144544e-06
43134,178,0.030543565193180716,-0.16815729607210567,0.03627403452992435,-0.25068236887454987,0.5229032439019426,0.616114211851547,0.19870086126528638,0.2869564034044742,,0.15238524966615363,-2.4608323471505313,4.296393128015559,4.296393128015559,2.850950298919185e-05,4682963.0,5.070176842555061,3.9745250051587405e-07,0.3796943226270962,0.21986279495879835,GCST90199965,cancerType_celltype,ESCA_Epi_ESCA,tissue,Tumor,Adjacent,group1_higher,0.00012030480673148139,2.4292724583100285e-06
43134,178,-0.23899859149280192,-0.4676047140612068,-0.26412664353847504,-0.5077701508998871,0.6165270471656458,0.6651392386945596,0.22860612256840487,0.24364350736141205,,0.15126040356837314,-0.9682844071630934,4.577377730692863,4.577377730692863,8.804239361638065e-06,4680428.0,5.054948957644948,4.3051266572045074e-07,0.37067244986884795,0.21920245401969196,GCST90200632,cancerType_celltype,ESCA_Epi_ESCA,tissue,Tumor,Adjacent,group1_higher,4.1523108131185757e-05,2.6122291031249615e-06
43134,178,0.23271993497409424,-0.10822436546029136,0.2080329731106758,-0.1393405497074127,0.865659962375255,0.8568836625513949,0.3409443004343856,0.34737352281808853,,0.17215108865000917,1.1045623253836658,5.297353412770607,5.297353412770607,3.4300824159179235e-07,4680236.0,5.053795603048205,4.331219368217016e-07,0.3938710012602831,0.21915244003140466,GCST90200047,cancerType_celltype,ESCA_Epi_ESCA,tissue,Tumor,Adjacent,group1_higher,2.52713639616007e-06,2.6122291031249615e-06
43134,178,-1.5092080031628787,-0.8873527399107312,-1.644959807395935,-0.8793499767780304,1.735743086705685,1.6062524784170324,-0.6218552632521476,-0.7656098306179047,,-0.16136443863627722,-0.7662113629250147,-5.152780204210093,-5.152780204210093,6.746179492801312e-07,2997617.0,-5.053789595993014,4.3313556662233404e-07,-0.3583697791674127,-0.21915217954188226,GCST90201004,cancerType_celltype,ESCA_Epi_ESCA,tissue,Tumor,Adjacent,group2_higher,4.51558370592665e-06,2.6122291031249615e-06
43134,178,0.2917447027161067,0.03793076259146832,0.2803230732679367,0.059837471693754155,0.6381310429078564,0.591131030508036,0.25381394012463837,0.22048560157418257,,0.1605211730791714,2.94323308920442,5.714785864978745,5.714785864978745,4.521045037872957e-08,4677830.0,5.039342628257779,4.671408844747671e-07,0.3978611613337823,0.2185257022406788,GCST90199780,cancerType_celltype,ESCA_Epi_ESCA,tissue,Tumor,Adjacent,group1_higher,4.2792947129311393e-07,2.8049031962075224e-06
43134,178,-0.1431053870228928,0.2546776214698225,-0.1927988603711128,0.22959685325622556,0.9817665550246146,1.0814336616798363,-0.3977830084927153,-0.42239571362733835,,-0.1640194811316048,0.8315897974587045,-4.899131122494639,-4.899131122494639,2.1516470136425885e-06,3001971.0,-5.027634877689806,4.965739835505716e-07,-0.40499414876256024,-0.21801800816165773,GCST90200737,cancerType_celltype,ESCA_Epi_ESCA,tissue,Tumor,Adjacent,group2_higher,1.2479552679127012e-05,2.9685541209624084e-06
43134,178,0.011608183483245129,0.2450520622418419,7.191724216681905e-05,0.2745122760534286,0.6278382763538256,0.6183336791243498,-0.23344387875859676,-0.2744403588112618,,-0.12957603306569304,4.399755764310308,-5.026291746282171,-5.026291746282171,1.2088302207693491e-06,3002783.0,-5.022757148874417,5.093572954229867e-07,-0.3718445058529891,-0.21780649066952584,GCST90200971,cancerType_celltype,ESCA_Epi_ESCA,tissue,Tumor,Adjacent,group2_higher,7.523450186797365e-06,3.0316768282162923e-06
43134,178,0.1631622358182228,-0.05200109283931637,0.1514346748590469,-0.06795290857553479,0.5265155518532966,0.5986529040114977,0.21516332865753918,0.2193875834345817,,0.16902371020642332,1.649674432529427,4.787525680578089,4.787525680578089,3.535701803535758e-06,4674439.0,5.018972704103857,5.194934187607491e-07,0.4084109455736192,0.21764238227045785,GCST90199973,cancerType_celltype,ESCA_Epi_ESCA,tissue,Tumor,Adjacent,group1_higher,1.904806940007604e-05,3.0785631729169613e-06
43134,178,-0.15996280863009946,0.05827722612904448,-0.1722815111279487,0.0849349573254585,0.6031419343511031,0.5705563497563944,-0.21824003475914394,-0.2572164684534072,,-0.13103632864990897,-1.4567166657892583,-5.091512420914287,-5.091512420914287,8.958786814328315e-07,3003721.0,-5.017122531104915,5.245193759822994e-07,-0.3619163621060601,-0.2175621514975803,GCST90200406,cancerType_celltype,ESCA_Epi_ESCA,tissue,Tumor,Adjacent,group2_higher,5.814679251394997e-06,3.0948913829604944e-06
43134,178,0.32556968467930697,0.15130316513182407,0.3327905088663101,0.13537988066673273,0.4455049304045228,0.5193953846736914,0.1742665195474829,0.1974106281995774,,0.14618509547509115,1.1055190981383054,4.469589119068863,4.469589119068863,1.3910340321944967e-05,4673941.5,5.015984194146152,5.276349086732256e-07,0.39087949293716784,0.21751278873309876,GCST90199928,cancerType_celltype,ESCA_Epi_ESCA,tissue,Tumor,Adjacent,group1_higher,6.298934836814282e-05,3.0998550884552005e-06
43134,178,-0.48445219289132435,-1.2478432863338569,-0.5531326532363892,-1.5076307654380798,2.0412801721101776,2.1241164595047852,0.7633910934425325,0.9544981122016907,,0.17595049353331355,-1.3650087305416156,4.785780453243077,4.785780453243077,3.5600315596721406e-06,4670999.0,4.9983084342455575,5.783632462393346e-07,0.37391337210766257,0.216746298313643,GCST90200744,cancerType_celltype,ESCA_Epi_ESCA,tissue,Tumor,Adjacent,group1_higher,1.9103633920602866e-05,3.3833008782155062e-06
43134,178,0.15717929417628929,-0.2569456582606425,0.1008800901472568,-0.3302353322505951,0.99266882529167,1.028936404658952,0.41412495243693176,0.4311154223978519,,0.17209737139201542,-0.7090485321237157,5.3594524944123565,5.3594524944123565,2.556142070806811e-07,4670342.0,4.99436179898483,5.903156313409688e-07,0.41711998220874635,0.21657515669747207,GCST90200444,cancerType_celltype,ESCA_Epi_ESCA,tissue,Tumor,Adjacent,group1_higher,1.9463808058713316e-06,3.4384624167424805e-06
43134,178,0.0935807388026389,0.36453952781039844,0.0653939805924892,0.38275444507598877,0.6993210705558686,0.7114297004113256,-0.27095878900775955,-0.3173604644834996,,-0.14114381727521635,1.9617802749927689,-5.071274527660086,-5.071274527660086,9.842825118288554e-07,3009032.5,-4.9852160574559745,6.189357256614959e-07,-0.38743212918341274,-0.2161785613997248,GCST90200071,cancerType_celltype,ESCA_Epi_ESCA,tissue,Tumor,Adjacent,group2_higher,6.2398933191754885e-06,3.589827208836676e-06
43134,178,-0.17384292210957814,0.0776005180662477,-0.1944001987576484,0.07090779393911359,0.5615413470748613,0.7155883931366277,-0.2514434401758258,-0.265307992696762,,-0.1740847506346568,-1.1636358485088811,-4.68204853017311,-4.68204853017311,5.615122593955375e-06,3009611.0,-4.981740976027769,6.30157264186186e-07,-0.44720390603866167,-0.2160278682110569,GCST90200597,cancerType_celltype,ESCA_Epi_ESCA,tissue,Tumor,Adjacent,group2_higher,2.8241373046351205e-05,3.6394252164651336e-06
43134,178,0.3237144679159417,-0.11835971430174252,0.3109863549470901,-0.16183493286371226,1.1463398857130094,1.0717736175420318,0.44207418221768424,0.47282128781080235,,0.15677534793484985,1.4515359944155426,5.490088961275337,5.490088961275337,1.362058468758069e-07,4665841.0,4.967324043568491,6.788415506906576e-07,0.3857389320283704,0.2154026933574651,GCST90199655,cancerType_celltype,ESCA_Epi_ESCA,tissue,Tumor,Adjacent,group1_higher,1.0985122443297325e-06,3.904054994056398e-06
43134,178,-0.32361354434237644,-0.7056206395127549,-0.323513463139534,-0.7404507398605347,1.026225740827131,1.0023326604769849,0.38200709517037845,0.41693727672100067,,0.14104457217195046,-1.1246183562748955,5.073787192053387,5.073787192053387,9.724409419654098e-07,4664413.0,4.95874596875522,7.095076514955585e-07,0.37227971423527784,0.215030714319578,GCST90199902,cancerType_celltype,ESCA_Epi_ESCA,tissue,Tumor,Adjacent,group1_higher,6.212461353210791e-06,4.063272810875824e-06
43134,178,0.11370655707690268,-0.1815951916381319,0.0832258537411689,-0.2295191660523414,0.7516817005923276,0.743004013716119,0.29530174871503456,0.3127450197935103,,0.17084844549972228,-0.6754058074784998,5.291388411216064,5.291388411216064,3.52810593846699e-07,4664204.0,4.957490494220225,7.141063855677173e-07,0.3928732085435199,0.21497627200941105,GCST90200148,cancerType_celltype,ESCA_Epi_ESCA,tissue,Tumor,Adjacent,group1_higher,2.5715552909788807e-06,4.0724979227146394e-06
43134,178,0.17451923273932327,-0.1437259237935997,0.12122163921594614,-0.1702250614762306,0.8663008010574206,0.8779589597264742,0.31824515653292296,0.2914467006921767,,0.16492767065322533,0.28006396135798484,4.826439654471594,4.826439654471594,2.973055968403877e-06,4663024.0,4.950402169094413,7.406142198393165e-07,0.3673406939163444,0.2146688943730617,GCST90200981,cancerType_celltype,ESCA_Epi_ESCA,tissue,Tumor,Adjacent,group1_higher,1.6472663759896277e-05,4.2060715901707855e-06
43134,178,-0.4267036972330416,0.24473474409138218,-0.5066273808479309,0.20394276082515714,1.7930697175905992,1.6649972133665367,-0.6714384413244238,-0.7105701416730881,,-0.15669089464067576,-0.8020131670558526,-5.367424158747374,-5.367424158747374,2.4560924845008685e-07,3015351.0,-4.947260479229328,7.526639084880048e-07,-0.3745685469714747,-0.21453265835288304,GCST90199674,cancerType_celltype,ESCA_Epi_ESCA,tissue,Tumor,Adjacent,group2_higher,1.8807045260531932e-06,4.256767250079463e-06
43134,178,-0.045077000890534624,-0.2633354241405143,-0.057457411661744104,-0.31979966163635254,0.6228522577074013,0.5717786495858831,0.21825842324997968,0.2623422499746084,,0.14301508241143016,-2.546411644017928,5.080334910415698,5.080334910415698,9.427135020767965e-07,4661687.0,4.942370736303556,7.717946482567217e-07,0.35053031870299217,0.21432061988170648,GCST90199857,cancerType_celltype,ESCA_Epi_ESCA,tissue,Tumor,Adjacent,group1_higher,6.0609363364654424e-06,4.346926056090545e-06
43134,178,-0.42317097193132397,0.024190689128394536,-0.4886351525783539,0.09781653061509124,1.301129062462686,1.300429982346998,-0.44736166105971853,-0.5864516831934451,,-0.14335806933203493,-4.128660665417183,-4.580222518003776,-4.580222518003776,8.691890537296544e-06,3017759.0,-4.932795490328519,8.106226263908252e-07,-0.3438264934813701,-0.2139053995831126,GCST90200451,cancerType_celltype,ESCA_Epi_ESCA,tissue,Tumor,Adjacent,group2_higher,4.1135579174774965e-05,4.546825678068702e-06
43134,178,0.6763371775888042,0.2788442539265693,0.6438643038272858,0.22263938933610916,1.1206922139405726,1.2097240640771119,0.3974929236622349,0.4212249144911766,,0.14905897720988387,1.278280076705568,4.376081396403996,4.376081396403996,2.0533846196588364e-05,4659785.0,4.930945317329578,8.183389933537339e-07,0.3545655138221139,0.21382516881023506,GCST90200436,cancerType_celltype,ESCA_Epi_ESCA,tissue,Tumor,Adjacent,group1_higher,9.037018800614001e-05,4.5712952784472925e-06
43134,178,0.4934425512415906,0.01864283753485743,0.46178922057151794,-0.054815772920846856,1.300780459396797,1.3303278048226814,0.47479971370673313,0.5166049934923648,,0.13832701929319297,4.726114301969559,4.752331577605203,4.752331577605203,4.123824403724825e-06,4659463.0,4.929011045557957,8.264817283728678e-07,0.3649771482620087,0.2137412911840446,GCST90200215,cancerType_celltype,ESCA_Epi_ESCA,tissue,Tumor,Adjacent,group1_higher,2.1554223240940474e-05,4.597937125600892e-06
43134,178,0.277861968898904,0.4887877989434794,0.2647434324026108,0.4839267432689667,0.4690025021176486,0.6112752278381518,-0.21092583004457538,-0.2191833108663559,,-0.17039821185919818,0.8148376470105245,-4.598075528361499,-4.598075528361499,8.068255139296793e-06,3019345.0,-4.923268300795012,8.511194140842149e-07,-0.4490920975437275,-0.21349226320069725,GCST90200099,cancerType_celltype,ESCA_Epi_ESCA,tissue,Tumor,Adjacent,group2_higher,3.8586076332847466e-05,4.715755127629207e-06
43134,178,0.172185417135289,-0.0054672981345544654,0.17803029716014857,-0.0156947867944836,0.4843761140784413,0.5328573756234518,0.17765271526984347,0.19372508395463217,,0.13925158697517045,4.976735628911621,4.4404979609079485,4.4404979609079485,1.5708358369872737e-05,4658072.0,4.920655231786768,8.625628030271975e-07,0.3666086202378789,0.21337895025848375,GCST90200787,cancerType_celltype,ESCA_Epi_ESCA,tissue,Tumor,Adjacent,group1_higher,7.08956703911806e-05,4.7598101235873285e-06
43134,178,-0.8864488160317846,-0.4281119933937875,-0.9478886127471924,-0.6001595556735992,1.1633249885814263,1.2546760686738052,-0.4583368226379971,-0.34772905707359314,,-0.15514210890035315,-1.0500473365947387,-4.865126534957398,-4.865126534957398,2.504552031109634e-06,3020022.0,-4.919201524430457,8.689930020668967e-07,-0.3938572957912237,-0.21331591179407994,GCST90200770,cancerType_celltype,ESCA_Epi_ESCA,tissue,Tumor,Adjacent,group2_higher,1.4106216604968723e-05,4.775957507327339e-06
43134,178,0.18544570110854847,-0.1536055401607228,0.16437473148107526,-0.21539603918790812,0.9195865882140636,0.9511074371266628,0.3390512412692713,0.37977077066898335,,0.1547403817177624,0.27176496061133265,4.7468956947952545,4.7468956947952545,4.2238587516098335e-06,4656963.0,4.913993407579542,8.924111946781726e-07,0.3686471138997151,0.2130900673782199,GCST90199977,cancerType_celltype,ESCA_Epi_ESCA,tissue,Tumor,Adjacent,group1_higher,2.1973738467344286e-05,4.884965696170077e-06
43134,178,-0.31702150874359886,-0.004828637085195756,-0.34909349679946894,-0.07769964262843125,0.7467880173695876,0.8724052287221588,-0.3121928716584031,-0.2713938541710377,,-0.1372882577919993,-6.036526681499042,-4.767153065796058,-4.767153065796058,3.868559681510645e-06,3021734.0,-4.908917445942838,9.158191881979475e-07,-0.4177363041277654,-0.21286995373185102,GCST90200044,cancerType_celltype,ESCA_Epi_ESCA,tissue,Tumor,Adjacent,group2_higher,2.0597057991793004e-05,4.993046214055209e-06
43134,178,0.22320964577561359,-0.14959055946334107,0.19649910181760785,-0.18862378597259521,0.9582805831565644,0.9938135547408422,0.37280020523895463,0.3851228877902031,,0.15311257737561235,0.5773770614267747,4.995162937610583,4.995162937610583,1.393876662058586e-06,4655913.0,4.907685999628608,9.215865332790326e-07,0.38897029117777,0.21281655337977345,GCST90200412,cancerType_celltype,ESCA_Epi_ESCA,tissue,Tumor,Adjacent,group1_higher,8.519524172133869e-06,5.004471891869806e-06
43134,178,0.646228808973598,0.42221851551413453,0.6637182235717773,0.44088320434093475,0.5409940023883835,0.6457798378508739,0.2240102934594635,0.2228350192308426,,0.12794282145400943,0.6140540366761453,4.62131444007366,4.62131444007366,7.297762568523349e-06,4653472.5,4.893025781434079,9.92989088291258e-07,0.4137126295113615,0.21218082870052712,GCST90200798,cancerType_celltype,ESCA_Epi_ESCA,tissue,Tumor,Adjacent,group1_higher,3.565179347991873e-05,5.362910203455287e-06
43134,178,-0.5749158438263086,-0.09425390270222084,-0.6659770309925079,-0.1601020917296409,1.545923458035079,1.3072555637978551,-0.4806619411240877,-0.505874939262867,,-0.13521931907898865,-2.6087137314903046,-4.891473124355774,-4.891473124355774,2.2190532792102942e-06,3024461.0,-4.892536206435983,9.954631558871515e-07,-0.31110340162866446,-0.21215959880445734,GCST90199774,cancerType_celltype,ESCA_Epi_ESCA,tissue,Tumor,Adjacent,group2_higher,1.2761897128960469e-05,5.362910203455287e-06
43134,178,0.2267529780768233,0.0582577053227284,0.22125604003667831,0.0710259228944778,0.47176571913525917,0.4730167100734971,0.1684952727540949,0.15023011714220053,,0.1356755688158729,1.9605823149311299,4.742766033482381,4.742766033482381,4.299642673281082e-06,4652964.0,4.88997119386927,1.0085227386877735e-06,0.35715491297770036,0.21204836977842234,GCST90200224,cancerType_celltype,ESCA_Epi_ESCA,tissue,Tumor,Adjacent,group1_higher,2.219048613937899e-05,5.411875956029272e-06
43134,178,-0.4126016089430694,0.12730428537359106,-0.45805560052394867,0.0026966786244884003,1.3484741409082723,1.4535371660424043,-0.5399058943166605,-0.4607522791484371,,-0.13367163476682883,-1.6964606263058357,-4.946887785406784,-4.946887785406784,1.735284946925445e-06,3025346.0,-4.887219962591624,1.0227137150486445e-06,-0.4002504428777216,-0.21192906557719526,GCST90200736,cancerType_celltype,ESCA_Epi_ESCA,tissue,Tumor,Adjacent,group2_higher,1.037365518710255e-05,5.466505072985501e-06
43134,178,-1.2626893070298284,-0.6791026263387895,-1.352290153503418,-0.7815885543823242,1.5080843792945633,1.6020558359756885,-0.5835866806910389,-0.5707015991210938,,-0.16622129151728526,-0.8947971995007893,-4.8511546249966555,-4.8511546249966555,2.66507746593362e-06,3026376.0,-4.8810326957445165,1.0553334925329686e-06,-0.3868705918998949,-0.21166076136919543,GCST90199731,cancerType_celltype,ESCA_Epi_ESCA,tissue,Tumor,Adjacent,group2_higher,1.4835621843673626e-05,5.618826368447017e-06
43134,178,0.1838282065946015,-0.005243408532938763,0.17966552823781964,0.01688798703253265,0.517319146595443,0.5346612952510255,0.18907161512754025,0.16277754120528698,,0.16181169011488877,5.1314421144145905,4.708908999699945,4.708908999699945,4.987260409698594e-06,4647502.0,4.857160658414028,1.1908277848353736e-06,0.3654326045210292,0.21062557600745624,GCST90200326,cancerType_celltype,ESCA_Epi_ESCA,tissue,Tumor,Adjacent,group1_higher,2.527002207590775e-05,6.315557473659978e-06
43134,178,0.038746836077441824,0.3784140540349684,0.018649286590516498,0.30827394127845764,0.7523948014650963,0.9268859056026592,-0.3396672179575266,-0.28962465468794113,,-0.1399071720945314,3.287781834239935,-4.8825611837225065,-4.8825611837225065,2.3196837152052597e-06,3031010.0,-4.853196001987726,1.2148935298866658e-06,-0.45097138131533315,-0.21045365292271845,GCST90200861,cancerType_celltype,ESCA_Epi_ESCA,tissue,Tumor,Adjacent,group2_higher,1.3284575226154492e-05,6.418216593936145e-06
43134,178,0.3494627720331109,0.1966103947658636,0.37250037491321564,0.19633073359727854,0.41537070152588335,0.5262344515105584,0.1528523772672473,0.1761696413159371,,0.12430904801116352,0.8297959664364254,3.8703063097606303,3.8703063097606303,0.00015243483449913875,4646435.0,4.8507511305248405,1.2299665771336996e-06,0.36753614849257427,0.21034763368713016,GCST90200454,cancerType_celltype,ESCA_Epi_ESCA,tissue,Tumor,Adjacent,group1_higher,0.0005042929112192381,6.472758473487384e-06
43134,178,-0.015235260814838171,0.2565759807312338,-0.03464796952903265,0.27983009815216064,0.7423595699215978,0.7616200721936438,-0.27181124154607195,-0.3144780676811933,,-0.14221090350249582,4.07381094779219,-4.752141372849463,-4.752141372849463,4.127404450392857e-06,3032116.5,-4.84654919541848,1.2562934785815222e-06,-0.36610567519999027,-0.21016542126626037,GCST90200745,cancerType_celltype,ESCA_Epi_ESCA,tissue,Tumor,Adjacent,group2_higher,2.1554223240940474e-05,6.585876966563903e-06
43134,178,-0.6873005883569729,-0.2425989079069388,-0.7784415483474731,-0.19120857864618296,1.385220274071359,1.2893970693933148,-0.4447016804500341,-0.5872329697012901,,-0.11144273294676879,-1.5023642906433519,-4.59050340496015,-4.59050340496015,8.311556263616899e-06,3032592.0,-4.8436928406749855,1.2744983424743763e-06,-0.32112084301167493,-0.21004155849839257,GCST90199991,cancerType_celltype,ESCA_Epi_ESCA,tissue,Tumor,Adjacent,group2_higher,3.9472652220591755e-05,6.655713566255076e-06
43134,178,-0.26072293872735613,-0.5730106222719279,-0.278195858001709,-0.5812059640884399,0.8660355502666188,0.8683997718079265,0.31228768354457176,0.30301010608673096,,0.15876965870069898,-1.1360413491670356,4.788017809581328,4.788017809581328,3.52365876931207e-06,4644713.5,4.840409985012903,1.2957349520237587e-06,0.36059050305375256,0.20989920097443915,GCST90200990,cancerType_celltype,ESCA_Epi_ESCA,tissue,Tumor,Adjacent,group1_higher,1.904806940007604e-05,6.740789082474744e-06
43134,178,-0.15742369152700242,0.18354102789968504,-0.2011537998914718,0.17332770675420756,0.8711739642308176,0.9866335945714129,-0.3409647194266875,-0.37448150664567936,,-0.15689950263171062,0.22144861231453067,-4.603265548313647,-4.603265548313647,7.883273883319282e-06,3034299.0,-4.833438797463323,1.3419657356647527e-06,-0.3911594994121254,-0.2095969028837753,GCST90200955,cancerType_celltype,ESCA_Epi_ESCA,tissue,Tumor,Adjacent,group2_higher,3.81024904360432e-05,6.954750181410866e-06
43134,178,-0.2767211966506768,0.22073195533554876,-0.35175667703151703,0.07843043282628055,1.3652273668134,1.3020815144209088,-0.49745315198622553,-0.43018710985779757,,-0.14557345675514355,-0.3261363316889574,-5.085587427880355,-5.085587427880355,9.207648514867037e-07,3035004.0,-4.82920382355341,1.3708210671717437e-06,-0.3644411525916891,-0.20941325777053266,GCST90199630,cancerType_celltype,ESCA_Epi_ESCA,tissue,Tumor,Adjacent,group2_higher,5.947879111736385e-06,7.077383009678359e-06
43134,178,0.1715329393063828,0.00791417506442986,0.18002253025770185,-0.0168346944265067,0.4443870102069574,0.5579694584438999,0.16361876424195293,0.19685722468420855,,0.14977033224472558,4.437728983079554,3.9071944134912058,3.9071944134912058,0.00013251747461373757,4641820.0,4.823028570816686,1.413968380649893e-06,0.36775681652169945,0.2091454745415775,GCST90200281,cancerType_celltype,ESCA_Epi_ESCA,tissue,Tumor,Adjacent,group1_higher,0.00045042722667961176,7.272599633304921e-06
43134,178,-0.1288608499650093,0.2586850638846668,-0.17534057050943375,0.17625264078378675,0.9708190711490913,1.0838134823571042,-0.38754591384967607,-0.3515932112932205,,-0.14961144968196044,1.005377122624076,-4.762783200439643,-4.762783200439643,3.942096300011347e-06,3042702.0,-4.7829615126902745,1.7273379035532727e-06,-0.39899400567011517,-0.20740800942763682,GCST90200299,cancerType_celltype,ESCA_Epi_ESCA,tissue,Tumor,Adjacent,group2_higher,2.0802001257742e-05,8.827592634316553e-06
43134,178,-0.22848760642566188,0.022187494225486108,-0.24567448347806925,-0.0070056493859738,0.6918205078244997,0.6946627976478371,-0.250675100651148,-0.23866883409209544,,-0.11800871523092138,-3.3642385565834676,-4.80463271256155,-4.80463271256155,3.274303340534125e-06,3042739.0,-4.782739251648193,1.7292496209556271e-06,-0.3623351437999641,-0.20739837131531058,GCST90200443,cancerType_celltype,ESCA_Epi_ESCA,tissue,Tumor,Adjacent,group2_higher,1.792319459095587e-05,8.827592634316553e-06
43134,178,-0.11371394884907347,0.19135504793585018,-0.14124582707881925,0.2308230623602867,0.7935125162032705,0.9162277904312005,-0.30506899678492366,-0.372068889439106,,-0.15009317438830183,0.7508375771795437,-4.435407430780713,-4.435407430780713,1.605149238151255e-05,3042877.0,-4.781910278031785,1.7363977608428483e-06,-0.38419241581552077,-0.20736242376122904,GCST90200958,cancerType_celltype,ESCA_Epi_ESCA,tissue,Tumor,Adjacent,group2_higher,7.220522810561585e-05,8.831008015032843e-06
43134,178,-1.6940871313390857,-1.0174777741868342,-1.8121780157089233,-0.8568682968616486,2.0291605148652003,2.0075892351016327,-0.6766093571522516,-0.9553097188472748,,-0.14152118707134903,-0.7355102312926165,-4.487036582393088,-4.487036582393088,1.2909246827993721e-05,3043742.0,-4.776714175291254,1.7818541925784999e-06,-0.3334574044100416,-0.20713710032441368,GCST90200341,cancerType_celltype,ESCA_Epi_ESCA,tissue,Tumor,Adjacent,group2_higher,5.904464237099142e-05,9.028502841949796e-06
43134,178,-0.2884882372518933,0.04251932559156885,-0.31299676001071924,0.029181376099586452,0.9593275998704889,0.9331382861388415,-0.33100756284346217,-0.3421781361103057,,-0.12875890570170312,-2.762292947654356,-4.722335813077524,-4.722335813077524,4.7002878114679125e-06,3044238.0,-4.7737346759163355,1.8084329617867275e-06,-0.34507919389258657,-0.20700789752133797,GCST90199870,cancerType_celltype,ESCA_Epi_ESCA,tissue,Tumor,Adjacent,group2_higher,2.3994353134946684e-05,9.129237507093738e-06
43134,178,-0.937246380019432,-0.4458426744310876,-0.9905723631381989,-0.4907421618700027,1.270472627821103,1.3710088511075613,-0.49140370558834434,-0.49983020126819616,,-0.14713718884649146,-1.0718919390278225,-4.773534182727684,-4.773534182727684,3.7588087776394623e-06,3044491.0,-4.77221489095292,1.8221365861189853e-06,-0.38665813757510853,-0.20694199367218857,GCST90199765,cancerType_celltype,ESCA_Epi_ESCA,tissue,Tumor,Adjacent,group2_higher,2.00912014271474e-05,9.164472940517258e-06
43134,178,0.08290118561057375,0.5064914949719658,0.0525493938475847,0.5846117436885834,1.0691144363081646,1.1760432224542103,-0.423590309361392,-0.5320623498409986,,-0.14525205445373102,2.6110588496830225,-4.797262026072706,-4.797262026072706,3.3859270273749454e-06,3045920.0,-4.763630809084458,1.9014308381369156e-06,-0.3960367681940696,-0.20656975414477907,GCST90200832,cancerType_celltype,ESCA_Epi_ESCA,tissue,Tumor,Adjacent,group2_higher,1.8386528041083867e-05,9.5281258543405e-06
43134,178,-0.0008825621997646334,-0.14970117974293867,-0.012183830142021151,-0.1834254935383796,0.4308317367502842,0.44756938319204825,0.14881861754317405,0.17124166339635846,,0.1462130306974649,-7.404547813453399,4.427699650395534,4.427699650395534,1.6564130462517128e-05,4631693.0,4.762195122893721,1.915012334842932e-06,0.34536577418068026,0.20650749714894223,GCST90200010,cancerType_celltype,ESCA_Epi_ESCA,tissue,Tumor,Adjacent,group1_higher,7.426615072503568e-05,9.546865903946534e-06
43134,178,-0.049131708674466784,0.20350256867267275,-0.07207456976175305,0.19283798336982721,0.6715153281653196,0.7011197735679291,-0.2526342773471395,-0.26491255313158024,,-0.14899041182941913,2.050298412229025,-4.798324261211052,-4.798324261211052,3.368339526493378e-06,3046232.0,-4.7617566078647515,1.91917920592909e-06,-0.37614594747194646,-0.20648848141381204,GCST90200657,cancerType_celltype,ESCA_Epi_ESCA,tissue,Tumor,Adjacent,group2_higher,1.83641870984419e-05,9.546865903946534e-06
43134,178,-0.3568600335756247,-0.09456346244446598,-0.4007490277290344,-0.1323210373520851,0.7871079141011954,0.6954874105719346,-0.2622965711311587,-0.2684279903769493,,-0.13174973477893018,-1.9159923567978303,-5.018438672187898,-5.018438672187898,1.2508539633710726e-06,3046610.0,-4.759485941002415,1.9408953132490533e-06,-0.33339032777009436,-0.20639001637437138,GCST90200305,cancerType_celltype,ESCA_Epi_ESCA,tissue,Tumor,Adjacent,group2_higher,7.749608873067145e-06,9.619782952576217e-06
43134,178,-0.11138023373728086,0.18537654317349714,-0.14970793575048447,0.12595332041382784,0.7923219836200462,0.7787672895767526,-0.296756776910778,-0.2756612561643123,,-0.15558705978536722,0.7349603068391777,-5.073145979178425,-5.073145979178425,9.7539745384234e-07,3046765.0,-4.758554847447754,1.9498681440214183e-06,-0.37456659741004167,-0.2063496404984102,GCST90199760,cancerType_celltype,ESCA_Epi_ESCA,tissue,Tumor,Adjacent,group2_higher,6.212461353210791e-06,9.629240146018816e-06
43134,178,-0.30079734214167686,0.1564968739723881,-0.33762283623218536,-0.00869384896941475,1.1891933878596659,1.2109922680706782,-0.45729421611406496,-0.3289289872627706,,-0.14005812928865516,-0.942653557342056,-5.028077101811341,-5.028077101811341,1.1995512234834524e-06,3049741.0,-4.740677851198249,2.1300753904307857e-06,-0.38451243731685836,-0.20557442367995638,GCST90199822,cancerType_celltype,ESCA_Epi_ESCA,tissue,Tumor,Adjacent,group2_higher,7.499946411045622e-06,1.0481201289376031e-05
43134,178,-0.08944179697348968,0.38242889555914095,-0.17707163095474235,0.30894726514816284,1.30950437735269,1.3770030192010898,-0.47187069253263064,-0.48601889610290516,,-0.15417965178256612,2.096158098383047,-4.563407197241103,-4.563407197241103,9.34340526264024e-06,3050677.0,-4.73505524753913,2.189986790653633e-06,-0.3602651275068543,-0.2053306054870555,GCST90199748,cancerType_celltype,ESCA_Epi_ESCA,tissue,Tumor,Adjacent,group2_higher,4.3828628103236835e-05,1.0737237394463675e-05
43134,178,0.6385233635015044,0.37959038476025414,0.62624591588974,0.3216616213321686,0.7031456860244562,0.7673565775083293,0.25893297874125026,0.3045842945575714,,0.14303352506768532,0.7502944191771836,4.494165335227354,4.494165335227354,1.253716597765907e-05,4626694.0,4.732165853992083,2.221400772658273e-06,0.36810577857112253,0.20520531002681475,GCST90199850,cancerType_celltype,ESCA_Epi_ESCA,tissue,Tumor,Adjacent,group1_higher,5.753588292104146e-05,1.085221954528038e-05
43134,178,-0.3334966398192725,0.06263740766228418,-0.3728998154401779,-0.03426532680168745,0.9750211823273323,1.0408944447869055,-0.3961340474815567,-0.33863448863849044,,-0.15614189006757845,-2.412557108114084,-5.068280425639037,-5.068280425639037,9.98513514670365e-07,3051777.0,-4.728447486828626,2.2624646881264406e-06,-0.40616658611322254,-0.20504406701249256,GCST90199821,cancerType_celltype,ESCA_Epi_ESCA,tissue,Tumor,Adjacent,group2_higher,6.300805187480126e-06,1.1013354892558352e-05
43134,178,0.15461912542246797,-0.02489963552150666,0.15160541981458658,-0.08262901753187175,0.53133386212185,0.5826591443777077,0.17951876094397462,0.23423443734645832,,0.1311064058319028,2.6344736445233528,4.1035655332048515,4.1035655332048515,6.182952760899863e-05,4625355.5,4.724125410618439,2.3111118808166567e-06,0.33772459752989653,0.20485664480117616,GCST90199634,cancerType_celltype,ESCA_Epi_ESCA,tissue,Tumor,Adjacent,group1_higher,0.00022962846357238453,1.121012631157688e-05
43134,178,0.27959635827735585,0.14443299549192273,0.2919749766588211,0.1293496191501617,0.40174315165384855,0.47228040715408365,0.13516336278543312,0.16262535750865942,,0.09479661729982843,0.9529403797985402,3.8126032488983403,3.8126032488983403,0.0001893295976937452,4622278.0,4.70563869826701,2.5307610278469205e-06,0.3361799300137232,0.20405498829620572,GCST90200956,cancerType_celltype,ESCA_Epi_ESCA,tissue,Tumor,Adjacent,group1_higher,0.0006144196229918446,1.2232011634593448e-05
43134,178,0.24854122134363774,0.07033406771468313,0.23981750011444086,0.06871508434414861,0.5150885522109974,0.6319470482564931,0.17820715362895462,0.17110241577029225,,0.14417926449227303,1.8211748779439905,3.757162082231664,3.757162082231664,0.00023272340638676314,4619023.0,4.686085733619113,2.784837315443939e-06,0.3456172040019162,0.20320709490102185,GCST90200144,cancerType_celltype,ESCA_Epi_ESCA,tissue,Tumor,Adjacent,group1_higher,0.0007393986081705318,1.3412485021025048e-05
43134,178,-0.497718217410437,-0.016447961391237553,-0.5631759464740753,-0.00333138304995365,1.3215339733040514,1.365658466593738,-0.4812702560191994,-0.5598445634241217,,-0.14193673637158188,-4.919263693600092,-4.692663497131528,-4.692663497131528,5.352974152436798e-06,3059881.0,-4.679766311557796,2.872062908653347e-06,-0.36412495781672444,-0.20293305992353072,GCST90199668,cancerType_celltype,ESCA_Epi_ESCA,tissue,Tumor,Adjacent,group2_higher,2.7022606554708722e-05,1.378387938202293e-05
43134,178,-0.16279645396261033,-0.004168287249219217,-0.17491317540407175,-0.00821563997305925,0.462010412989317,0.45906167689912913,-0.1586281667133911,-0.1666975354310125,,-0.10329478945668119,-5.2871335546403495,-4.600589819449654,-4.600589819449654,7.965239481020212e-06,3062386.0,-4.664718638303424,3.0904410726901417e-06,-0.3433521990417764,-0.20228053367009424,GCST90200361,cancerType_celltype,ESCA_Epi_ESCA,tissue,Tumor,Adjacent,group2_higher,3.8362619832616775e-05,1.4779898884479518e-05
43134,178,0.05635321493615845,0.2625335222319438,0.040164154022932,0.22239566594362253,0.6004564116637262,0.5339249113047015,-0.20618030729578538,-0.18223151192069054,,-0.12960741667745337,2.219911719897129,-5.138621323469481,-5.138621323469481,7.1991066968561e-07,3065458.0,-4.646264964755547,3.3800374082421693e-06,-0.34351961474776493,-0.20148030985749665,GCST90200091,cancerType_celltype,ESCA_Epi_ESCA,tissue,Tumor,Adjacent,group2_higher,4.786528013568227e-06,1.6108360095923344e-05
43134,178,0.43289010737839023,0.21080716438429814,0.4160459637641907,0.16699972003698343,0.639904565631197,0.6845228793105074,0.2220829429940921,0.24904624372720724,,0.13889267742665526,1.0380734222798416,4.32071439695163,4.32071439695163,2.5793317926416407e-05,4611817.0,4.642798893910129,3.4372587343343715e-06,0.34695405055315176,0.20133000740311213,GCST90200115,cancerType_celltype,ESCA_Epi_ESCA,tissue,Tumor,Adjacent,group1_higher,0.00011090313039023837,1.63239848602709e-05
43134,178,0.2723177370063541,0.09767195071601256,0.2912203371524811,0.0586635414510965,0.4586773871454854,0.5508905419921668,0.17464578629034153,0.23255679570138457,,0.14802488770004782,1.4792652645027298,4.223597006233699,4.223597006233699,3.8312386955218805e-05,4611326.0,4.639849429811169,3.4866818921222717e-06,0.3804157099087611,0.20120210704764818,GCST90200498,cancerType_celltype,ESCA_Epi_ESCA,tissue,Tumor,Adjacent,group1_higher,0.00015313719477995082,1.6501206315842557e-05
43134,178,0.3002379024697144,0.058159986060908005,0.2997975200414657,0.031801794655620996,0.7100343492058147,0.6994891412586084,0.24207791640880638,0.2679957253858447,,0.14171993505552746,2.367987287523856,4.607473395624138,4.607473395624138,7.732654829700929e-06,4610802.0,4.636701732890892,3.5401781909285403e-06,0.3409588593518746,0.20106561053794736,GCST90200282,cancerType_celltype,ESCA_Epi_ESCA,tissue,Tumor,Adjacent,group1_higher,3.764145904600845e-05,1.6696411329534948e-05
43134,178,0.5165963705130069,0.28222438492786056,0.5027609169483185,0.1732256934046745,0.6534194332437775,0.7242649094565312,0.23437198558514633,0.32953522354364395,,0.15389304363631554,0.872192542315612,4.310127479685767,4.310127479685767,2.6943019261135607e-05,4606410.0,4.610318746490413,4.020578561334605e-06,0.35851792795452664,0.1999215405558743,GCST90200713,cancerType_celltype,ESCA_Epi_ESCA,tissue,Tumor,Adjacent,group1_higher,0.00011512017320667033,1.8896719238272645e-05
43134,178,-0.004459949253620757,-0.35550847673903774,-0.021919767372310148,-0.3909446746110916,1.035616843160105,0.9543639665948678,0.351048527485417,0.36902490723878145,,0.13482592690830583,-6.316393471188718,4.895651594794532,4.895651594794532,2.180789514662856e-06,4606018.0,4.607963980855397,4.066369529738763e-06,0.3390797727024268,0.19981942866312097,GCST90199708,cancerType_celltype,ESCA_Epi_ESCA,tissue,Tumor,Adjacent,group1_higher,1.2594983510531664e-05,1.9046260031044447e-05
43134,178,-0.7247073379422929,-0.32367401095002557,-0.7929628193378448,-0.3458027988672256,1.1915442584338725,1.263319754886825,-0.40103332699226735,-0.44716002047061926,,-0.13795373660422408,-1.162854505148238,-4.227479140766416,-4.227479140766416,3.769026959249859e-05,3072221.0,-4.605639250496338,4.112066458429554e-06,-0.3364807167827584,-0.19971861921797918,GCST90200397,cancerType_celltype,ESCA_Epi_ESCA,tissue,Tumor,Adjacent,group2_higher,0.0001510936395722811,1.919433761246398e-05
43134,178,0.38674110533092193,-0.24029414584268974,0.32475410401821136,-0.142055831849575,1.590991871665156,1.5991002338821538,0.6270352511736117,0.46680993586778635,,0.17476284327306346,0.6865643367093521,5.220847966303557,5.220847966303557,4.917930321539592e-07,4603995.0,4.5958117082032635,4.310740517995314e-06,0.3941077069593562,0.1992924583594473,GCST90200199,cancerType_celltype,ESCA_Epi_ESCA,tissue,Tumor,Adjacent,group1_higher,3.4731290301857326e-06,2.005303524241506e-05
43134,178,0.5603178868325741,0.3675040560682942,0.564689964056015,0.3499179035425186,0.49238593557816124,0.6089662814665987,0.19281383076427988,0.2147720605134964,,0.15614031009245558,0.6084840243075689,4.218614939606533,4.218614939606533,3.909518808018041e-05,4602637.0,4.587654127253388,4.482609209244021e-06,0.3911677764371244,0.19893871358812332,GCST90199968,cancerType_celltype,ESCA_Epi_ESCA,tissue,Tumor,Adjacent,group1_higher,0.00015535493105914256,2.077382025355139e-05
43134,178,0.2761048022087156,0.6954264177108874,0.22129435837268824,0.6527233421802521,1.1541682464141458,1.230034034124362,-0.41932161550217184,-0.43142898380756384,,-0.1452557356259221,1.3326787417724495,-4.539965855212195,-4.539965855212195,1.0325158466709591e-05,3075320.0,-4.587023386458295,4.496167993248467e-06,-0.36320988620821437,-0.19891136218827865,GCST90199963,cancerType_celltype,ESCA_Epi_ESCA,tissue,Tumor,Adjacent,group2_higher,4.786799656505161e-05,2.077382025355139e-05
43134,178,-0.4509086982484472,-0.09046606750232743,-0.4843937903642654,-0.1258749440312385,0.9807091723120345,1.0439364096517076,-0.36044263074611976,-0.3585188463330269,,-0.14287483101584192,-2.3173739278084224,-4.598145469327605,-4.598145469327605,8.054297914573645e-06,3076586.0,-4.579418454586025,4.66277222743322e-06,-0.3674327209033468,-0.19858158245300894,GCST90200720,cancerType_celltype,ESCA_Epi_ESCA,tissue,Tumor,Adjacent,group2_higher,3.8586076332847466e-05,2.1446497676901857e-05
43134,178,0.3227870494358695,-0.06192989014036786,0.29837407171726227,-0.1051002405583858,1.1078686634103994,1.0383555255356167,0.38471693957623737,0.40347431227564806,,0.14021472175947716,2.3818560794336627,4.931596429847943,4.931596429847943,1.8559386547168562e-06,4601188.0,4.578949904281099,4.673228033778321e-06,0.34734490174750904,0.1985612642702672,GCST90200857,cancerType_celltype,ESCA_Epi_ESCA,tissue,Tumor,Adjacent,group1_higher,1.1046482036589847e-05,2.1446497676901857e-05
43134,178,0.22380622512426296,-0.07687981486885567,0.19593939185142514,-0.1182143650949001,0.9470090612904023,0.8065289272228215,0.3006860399931186,0.31415375694632525,,0.12305330916342269,1.5415610787031637,4.959882357031702,4.959882357031702,1.6309778855127705e-06,4601015.0,4.577910683732992,4.696498682096486e-06,0.31768962150408847,0.19851619958290412,GCST90200179,cancerType_celltype,ESCA_Epi_ESCA,tissue,Tumor,Adjacent,group1_higher,9.793052237682405e-06,2.1480965448649365e-05
43134,178,-0.37924586161902624,0.008326034435709373,-0.4112415611743927,-0.01533931493759155,0.9902290122710279,1.0472352264847502,-0.38757189605473563,-0.39590224623680115,,-0.1286624053005024,-5.5091906414542215,-4.928540359364296,-4.928540359364296,1.884519066157543e-06,3077902.0,-4.571513169954188,4.842217923357956e-06,-0.3913015226642567,-0.19823877824162284,GCST90199628,cancerType_celltype,ESCA_Epi_ESCA,tissue,Tumor,Adjacent,group2_higher,1.1167823857272745e-05,2.207338805865182e-05
43134,178,-0.06505239272822956,-0.4309536995931288,-0.093414906412363,-0.47760932147502894,1.0420858856182689,0.9714846703616223,0.36590130686489925,0.38419441506266594,,0.14184715516823132,-2.727840021512288,5.013134726194827,5.013134726194827,1.2825659042073814e-06,4599732.0,4.57020363192247,4.8725751779970465e-06,0.35121790876515746,0.19818199152575477,GCST90200427,cancerType_celltype,ESCA_Epi_ESCA,tissue,Tumor,Adjacent,group1_higher,7.910123653550502e-06,2.213773322536658e-05
43134,178,0.1907730955335178,0.010397627992879894,0.17576095461845395,-0.0450816415250301,0.5403434088510738,0.5597137728436357,0.1803754675406379,0.22084259614348406,,0.14138929838233572,4.197400191571869,4.291290679034757,4.291290679034757,2.9086060348929436e-05,4599096.0,4.566383144820761,4.9621855163913835e-06,0.3337665843583056,0.19801632018955306,GCST90200242,cancerType_celltype,ESCA_Epi_ESCA,tissue,Tumor,Adjacent,group1_higher,0.00012197091686990876,2.2469962986184237e-05
43134,178,0.2180612780528546,-0.12456824987331468,0.17646141350269312,-0.2777469605207443,1.0005521092570893,0.9611025594404092,0.3426295279261693,0.45420837402343744,,0.14784973065268986,0.807792243384941,4.74565379223199,4.74565379223199,4.24349247959308e-06,4595278.0,4.543448208100125,5.534219612880896e-06,0.3424945672377711,0.19702177119329733,GCST90200323,cancerType_celltype,ESCA_Epi_ESCA,tissue,Tumor,Adjacent,group1_higher,2.1991940112872126e-05,2.496450479560517e-05
43134,178,-0.24729537003705016,-0.031198720709326562,-0.2643054127693176,-0.06886830553412435,0.5925650387818143,0.6326927696504255,-0.2160966493277236,-0.19543710723519328,,-0.1339961722748849,-2.9866360434702806,-4.548629344352696,-4.548629344352696,9.951840080568578e-06,3082672.0,-4.5428595166913714,5.54970282690269e-06,-0.36457575313601137,-0.196996243220109,GCST90200043,cancerType_celltype,ESCA_Epi_ESCA,tissue,Tumor,Adjacent,group2_higher,4.6453280924023875e-05,2.496450479560517e-05
43134,178,-0.5051317529002651,-0.126900260263447,-0.5408489406108856,-0.21711786091327664,1.041633920924951,1.0319326602985965,-0.3782314926368181,-0.32373107969760895,,-0.11715312615119504,-1.9929561926782504,-4.8798359272348755,-4.8798359272348755,2.3430517794150823e-06,3084406.0,-4.532443282989543,5.830616329892462e-06,-0.3631274052003527,-0.1965445543883888,GCST90200754,cancerType_celltype,ESCA_Epi_ESCA,tissue,Tumor,Adjacent,group2_higher,1.3362257637417394e-05,2.614187518961653e-05
43134,178,-0.2760239615244562,-0.010163101257777281,-0.3103012144565582,-0.05084140785038465,0.7485665361420686,0.7790713386570248,-0.2658608602666789,-0.25945980660617357,,-0.13371153651508433,-4.7632441806425065,-4.5442420428043615,-4.5442420428043615,1.0137139667733582e-05,3085123.0,-4.5281362244173335,5.950706212234884e-06,-0.3550996202383702,-0.19635778340087828,GCST90200120,cancerType_celltype,ESCA_Epi_ESCA,tissue,Tumor,Adjacent,group2_higher,4.71567282154296e-05,2.659282808942999e-05
43134,178,-0.5093058027244078,-0.15906447897275408,-0.5690058171749115,-0.1785788312554359,1.0483073506339806,0.9975856259553284,-0.35024132375165373,-0.3904269859194756,,-0.12527830799774262,-1.678914217012763,-4.673474916320096,-4.673474916320096,5.8133303832588885e-06,3085811.0,-4.524003370445674,6.068161879690264e-06,-0.33416623828902126,-0.19617856660951527,GCST90199709,cancerType_celltype,ESCA_Epi_ESCA,tissue,Tumor,Adjacent,group2_higher,2.913076953081568e-05,2.702910013731317e-05
43134,178,-0.1831209968941202,0.24578508395921397,-0.23519004881381986,0.0827669203281402,1.1532002857874049,1.199374879942463,-0.42890608085333415,-0.31795696914196003,,-0.14709154865272714,0.4245981345079138,-4.7620111227022,-4.7620111227022,3.9528380966655746e-06,3086136.5,-4.5220480739808835,6.124501435258637e-06,-0.37186472612022564,-0.19609377726999688,GCST90200245,cancerType_celltype,ESCA_Epi_ESCA,tissue,Tumor,Adjacent,group2_higher,2.0802001257742e-05,2.7191190411262286e-05
43134,178,0.04817446482923362,0.39913578004984374,0.02895142324268815,0.36616945266723633,0.774137255924374,0.9813686755337616,-0.35096131522061014,-0.33721802942454815,,-0.1545836838526378,3.0505127360697113,-4.765189420260916,-4.765189420260916,3.904497764568859e-06,3086845.0,-4.517792075377801,6.248868591509191e-06,-0.45279667546818236,-0.19590922044342607,GCST90200841,cancerType_celltype,ESCA_Epi_ESCA,tissue,Tumor,Adjacent,group2_higher,2.0707511490690098e-05,2.7653272370866974e-05
43134,178,0.07753902478345386,-0.06615587935149879,0.0776952244341373,-0.06828412041068076,0.45719480305989,0.49210554821022945,0.14369490413495264,0.14597934484481806,,0.12773302424400104,0.22905001263788413,3.8888484242557397,3.8888484242557397,0.00014200296855345273,4588157.0,4.500671968082408,6.773993294456449e-06,0.31419511294402924,0.1951668253047858,GCST90200931,cancerType_celltype,ESCA_Epi_ESCA,tissue,Tumor,Adjacent,group1_higher,0.00047322749667079726,2.9880106344155794e-05
43134,178,0.22287116076425628,-0.046175122163925594,0.20694358646869654,-0.034683810546994154,0.7521769151756609,0.6948578963880445,0.2690462829281819,0.2416273970156907,,0.1376404801167991,2.2709974921744362,5.153395794705883,5.153395794705883,6.726727177778185e-07,4587855.0,4.498857837414615,6.832048806184722e-06,0.3577973624365814,0.19508815746904218,GCST90200449,cancerType_celltype,ESCA_Epi_ESCA,tissue,Tumor,Adjacent,group1_higher,4.51558370592665e-06,3.0038975880096048e-05
43134,178,-0.4512323986331829,-0.09350668345944266,-0.5194787383079529,-0.16676142066717145,1.1176344017415025,1.0251679110181344,-0.3577257151737402,-0.3527173176407814,,-0.12409335561800386,-2.2707170344559438,-4.644112437012273,-4.644112437012273,6.5985294159953045e-06,3092201.5,-4.485615284245248,7.270484675123968e-06,-0.32017779822250025,-0.19451390831706572,GCST90200473,cancerType_celltype,ESCA_Epi_ESCA,tissue,Tumor,Adjacent,group2_higher,3.270471125091491e-05,3.186389264371051e-05
43134,178,0.35186591490043273,0.13643271099708013,0.3420465290546417,0.14716027677059168,0.586166186380098,0.6071957523708933,0.2154332039033526,0.19488625228405004,,0.14433003343808928,1.3668297081241911,4.7245496574166,4.7245496574166,4.658132495670501e-06,4585178.0,4.482776950667327,7.367896615029872e-06,0.36747438281543504,0.19439082701776478,GCST90200813,cancerType_celltype,ESCA_Epi_ESCA,tissue,Tumor,Adjacent,group1_higher,2.386855109623644e-05,3.218731758424908e-05
43134,178,0.21672618859226966,-0.01329874712973833,0.2174292579293251,-0.12412438914179799,0.7386966956682014,0.7218595870275065,0.230024935722008,0.3415536470711231,,0.11952116575147881,4.026409431082274,4.2422457806049225,4.2422457806049225,3.548631717074947e-05,4584330.0,4.477682967865049,7.545860927677045e-06,0.3114216197314264,0.19416993190282916,GCST90200243,cancerType_celltype,ESCA_Epi_ESCA,tissue,Tumor,Adjacent,group1_higher,0.0001435247783493517,3.285945189911761e-05
43134,178,-0.3922842062200745,-0.11544400513737221,-0.4252495765686035,-0.0652233455330133,0.8505744217072816,0.8194254023689977,-0.27684020108270224,-0.3600262310355902,,-0.13141939532691455,-1.764697175238058,-4.497450129371396,-4.497450129371396,1.2351380862632806e-05,3094064.0,-4.474427143951329,7.661752147485062e-06,-0.3255222321679136,-0.1940287465817262,GCST90199690,cancerType_celltype,ESCA_Epi_ESCA,tissue,Tumor,Adjacent,group2_higher,5.6874770661380114e-05,3.3257860436376246e-05
43134,178,0.409854655100774,0.15941002849604557,0.38870295882225037,0.0638483893126249,0.8192196593462685,0.844492760477037,0.25044462660472844,0.32485456950962543,,0.13353858199267374,1.362364461616044,3.9489729398521485,3.9489729398521485,0.00011285524891678245,4582810.0,4.468552243974173,7.875188557694908e-06,0.30567207097487487,0.19377398782888755,GCST90199763,cancerType_celltype,ESCA_Epi_ESCA,tissue,Tumor,Adjacent,group1_higher,0.0003884386471554911,3.4075815886152884e-05
43134,178,0.27994716554601523,0.06126451210689134,0.27507370710372925,0.10003999993205065,0.5927016557292808,0.6182869798412868,0.21868265343912388,0.1750337071716786,,0.14677289684985817,2.192012648029918,4.709906921446421,4.709906921446421,4.966052634100627e-06,4581477.0,4.460544839404082,8.175269737613361e-06,0.36889259547031367,0.1934267552956217,GCST90199637,cancerType_celltype,ESCA_Epi_ESCA,tissue,Tumor,Adjacent,group1_higher,2.5256454254772967e-05,3.526231852014877e-05
43134,178,0.0803384453186789,-0.09104448253435365,0.05789123475551605,-0.1121000908315181,0.5540215940510983,0.5306346483337158,0.17138292785303255,0.16999132558703417,,0.13090373930612514,-0.1804789350648947,4.2993947354321715,4.2993947354321715,2.8122242387885353e-05,4579898.0,4.4510596992569145,8.544877636962575e-06,0.30939566155947035,0.19301544233986268,GCST90200967,cancerType_celltype,ESCA_Epi_ESCA,tissue,Tumor,Adjacent,group1_higher,0.0001194100198588403,3.6740278293943185e-05
43134,178,-0.02103598582668516,0.22904356580300864,-0.0499147195369005,0.20829027891159055,0.7120535444005756,0.7136947191335069,-0.2500795516296938,-0.25820499844849104,,-0.12696791973375687,3.4446284189828114,-4.665364144653372,-4.665364144653372,6.024773874903217e-06,3098903.0,-4.445359003880308,8.774643993045449e-06,-0.3512056014520784,-0.19276823778317165,GCST90200943,cancerType_celltype,ESCA_Epi_ESCA,tissue,Tumor,Adjacent,group2_higher,2.9969951793770383e-05,3.76095590016382e-05
43134,178,-0.3009782147567676,0.020823314881444076,-0.41386277973651886,-0.0504242498427629,1.0577028769161794,1.0708166431186412,-0.3218015296382117,-0.36343852989375597,,-0.12797101799370392,-3.8533229228187302,-4.001386159740462,-4.001386159740462,9.218392235556163e-05,3100247.0,-4.437285521703112,9.11016902500661e-06,-0.30423016825289967,-0.1924181398651602,GCST90199696,cancerType_celltype,ESCA_Epi_ESCA,tissue,Tumor,Adjacent,group2_higher,0.0003263550290146247,3.892526765230097e-05
43134,178,-0.16068964518225395,0.19813354484464848,-0.2347529530525207,0.2293649017810821,1.2293781520278098,1.1275631253308143,-0.35882319002690244,-0.4641178548336028,,-0.12684308106217518,0.3021944936056348,-4.235327640021282,-4.235327640021282,3.647461668188725e-05,3101850.0,-4.427656212231352,9.526390321940706e-06,-0.2919684764975916,-0.19200057516086533,GCST90200531,cancerType_celltype,ESCA_Epi_ESCA,tissue,Tumor,Adjacent,group2_higher,0.0001470855104657169,4.042785562948728e-05
43134,178,-0.15884594080483955,0.17249000260750783,-0.1771070659160614,0.0703608132898807,0.7850432140920267,0.9524785167434434,-0.3313359434123474,-0.2474678792059421,,-0.14503554033867905,0.11888380488948885,-4.634634342823544,-4.634634342823544,6.891624279360979e-06,3101864.0,-4.427572113458673,9.5301042333816e-06,-0.42165424017402053,-0.19199692830755266,GCST90200818,cancerType_celltype,ESCA_Epi_ESCA,tissue,Tumor,Adjacent,group2_higher,3.391077217606142e-05,4.042785562948728e-05
43134,178,0.09467157198647924,-0.10873585261451604,0.07278073206543914,-0.0766496434807777,0.5822026173606445,0.6130754472594238,0.20340742460099528,0.14943037554621685,,0.15945201284555066,-0.19982255336211455,4.418310776358035,4.418310776358035,1.722746193027899e-05,4575910.0,4.4271035631537465,9.550821359277259e-06,0.34929796533117996,0.19197661012481104,GCST90200053,cancerType_celltype,ESCA_Epi_ESCA,tissue,Tumor,Adjacent,group1_higher,7.648544172954484e-05,4.042785562948728e-05
43134,178,0.22809217886065603,-0.13004926472033762,0.20519671589136124,-0.13820011168718335,1.0585039747488962,1.1112024225468755,0.35814144358099365,0.3433968275785446,,0.13576104771384054,0.8105539674956062,4.2920008835268755,4.2920008835268755,2.9004594026637635e-05,4575366.0,4.423835725129644,9.696510997403239e-06,0.338276276877384,0.1918349038246634,GCST90199746,cancerType_celltype,ESCA_Epi_ESCA,tissue,Tumor,Adjacent,group1_higher,0.00012197091686990876,4.0917475199568464e-05
43134,178,0.20208373733655574,0.09822029787249173,0.2237282320857048,0.1023332625627517,0.37232381571008444,0.4615502243978946,0.10386343946406401,0.1213949695229531,,0.10405900417436581,1.040852573568461,2.998274533885727,2.998274533885727,0.0031037601647045296,4575197.0,4.4228205328023025,9.742201730397699e-06,0.2786545206120715,0.19179088109538966,GCST90199999,cancerType_celltype,ESCA_Epi_ESCA,tissue,Tumor,Adjacent,group1_higher,0.007370078579254833,4.098339802016069e-05
43134,178,0.35725036505624447,0.05932496715365815,0.3313104510307312,-0.0071241099503822,0.9405071418194537,0.8069621084456771,0.2979253979025863,0.3384345609811134,,0.1339574826828896,2.5902039037975975,4.911911756398786,4.911911756398786,2.0250762880297947e-06,4575018.0,4.421745269923048,9.790820298774449e-06,0.31694191973353175,0.19174425347089263,GCST90200429,cancerType_celltype,ESCA_Epi_ESCA,tissue,Tumor,Adjacent,group1_higher,1.1846261719247255e-05,4.1061194053014074e-05
43134,178,0.0709537625028297,-0.10630701452570841,0.0565639492124319,-0.14771439880132675,0.5508489875092102,0.5696243969075457,0.1772607770285381,0.20427834801375866,,0.11768416121206167,-0.5832789385370454,4.1437894825278,4.1437894825278,5.269950966604408e-05,4574789.0,4.420369654284226,9.853357448325052e-06,0.32175001438251943,0.1916846013702791,GCST90199859,cancerType_celltype,ESCA_Epi_ESCA,tissue,Tumor,Adjacent,group1_higher,0.00020198221986766516,4.119670614130996e-05
43134,178,0.2432107902782367,0.13057700202151548,0.24974486231803888,0.10068942606449119,0.40202848260642937,0.5177950108392944,0.11263378825672121,0.1490554362535477,,0.1056272622646262,0.8973012965813136,2.898553389345079,2.898553389345079,0.004220833752618627,4574665.0,4.419624779440496,9.887379406330625e-06,0.27978728941037845,0.1916523006695101,GCST90200991,cancerType_celltype,ESCA_Epi_ESCA,tissue,Tumor,Adjacent,group1_higher,0.009701511643877217,4.121253251017933e-05
43134,178,0.30238560529518016,0.0012819974799640477,0.2331875935196876,-0.12322956323623654,1.026302973721192,1.0455410539036185,0.3011036078152161,0.3564171567559241,,0.12307863644774811,7.880732087513866,3.834627293945314,3.834627293945314,0.00017422241240571784,4573327.0,4.4115873395944485,1.0261696928045871e-05,0.2933639824102547,0.19130376568863272,GCST90200015,cancerType_celltype,ESCA_Epi_ESCA,tissue,Tumor,Adjacent,group1_higher,0.0005708296829543111,4.2642356441849157e-05
43134,178,0.373128119749584,0.022409572695078473,0.34259170293807983,-0.04685890860855575,1.0219439837263669,0.9589627151375879,0.3507185470545055,0.38945061154663557,,0.12692984618134143,4.057423533334791,4.868012935581589,4.868012935581589,2.4684439426425006e-06,4573144.0,4.410488048494428,1.03139329394348e-05,0.3432714474410952,0.19125609610604632,GCST90200586,cancerType_celltype,ESCA_Epi_ESCA,tissue,Tumor,Adjacent,group1_higher,1.4018704557590535e-05,4.2729150749087025e-05
43134,178,-0.15252131366183083,-0.5202664463738963,-0.19504291564226145,-0.7367322146892548,1.0342785532915055,1.2374208898839887,0.36774513271206544,0.5416892990469933,,0.15127703152225874,-1.7702331182809152,3.9592631000376683,3.9592631000376683,0.00010855463316045304,4573017.0,4.409725152485125,1.0350333320264726e-05,0.35524413174262,0.19122301393671037,GCST90199917,cancerType_celltype,ESCA_Epi_ESCA,tissue,Tumor,Adjacent,group1_higher,0.00037648846055393767,4.275001307733582e-05
43134,178,-0.694980492743692,-0.13159202361542188,-0.7630276381969452,-0.37645241618156433,1.4906561111700276,1.6640245050043247,-0.5633884691282701,-0.38657522201538086,,-0.15715662012555917,-2.400891552750649,-4.5096239092067405,-4.5096239092067405,1.1746676146615025e-05,3105171.0,-4.407706781940826,1.0447229283679818e-05,-0.3777566950788788,-0.1911354894572076,GCST90200042,cancerType_celltype,ESCA_Epi_ESCA,tissue,Tumor,Adjacent,group2_higher,5.427362572147891e-05,4.3019859557871877e-05
43134,178,-0.028298986050576073,0.4801907524717658,-0.0828914567828178,0.34302879869937897,1.4025184745422252,1.5135039136390085,-0.5084897385223419,-0.42592025548219675,,-0.119192218579543,4.08473737774091,-4.47445879668107,-4.47445879668107,1.3621090867032098e-05,3105474.0,-4.4058866442178415,1.0535350957783529e-05,-0.3624329239300352,-0.19105656113194158,GCST90200959,cancerType_celltype,ESCA_Epi_ESCA,tissue,Tumor,Adjacent,group2_higher,6.188515617254917e-05,4.322602622783884e-05
43134,178,0.31731008991574383,0.027483401234062874,0.3031080514192581,-0.0658953376114368,0.854512960780332,0.9365163078368631,0.28982668868168093,0.3690033890306949,,0.1315427975466701,3.529212989081652,4.12181288032402,4.12181288032402,5.752365234885062e-05,4572221.0,4.404943536552797,1.0581290086452983e-05,0.33903247088865296,0.19101566427693584,GCST90200399,cancerType_celltype,ESCA_Epi_ESCA,tissue,Tumor,Adjacent,group1_higher,0.0002165876744516116,4.322602622783884e-05
43134,178,0.24114671967116,0.10131364281739244,0.2696503549814224,0.0913800075650215,0.4334905421396631,0.5073885372887533,0.13983307685376756,0.1782703474164009,,0.12551646325093066,1.2510744685781972,3.6713531707077096,3.6713531707077096,0.0003187531559262407,4572183.0,4.404715268455526,1.0592437828391909e-05,0.3223310761257486,0.1910057656750872,GCST90201020,cancerType_celltype,ESCA_Epi_ESCA,tissue,Tumor,Adjacent,group1_higher,0.0009854695542532241,4.322602622783884e-05
43134,178,-0.3978208402932681,-0.10492278456954766,-0.41335099935531616,-0.05043471977114675,0.8044530063661484,0.9192865527759683,-0.2928980557237204,-0.3629162795841694,,-0.1282340391882664,-1.9227807306145732,-4.24414740554617,-4.24414740554617,3.525047593771208e-05,3107955.0,-4.390983140288062,1.1284084969494678e-05,-0.3638685636273628,-0.19041028662704096,GCST90200938,cancerType_celltype,ESCA_Epi_ESCA,tissue,Tumor,Adjacent,group2_higher,0.00014299523423542132,4.591106809976491e-05
43134,178,0.43630613435370375,0.11594883517723195,0.4088720977306366,0.0781231708824634,0.9543431060799413,1.010507721833368,0.3203572991764718,0.3307489268481732,,0.13432580748700998,1.9118432951984172,4.221892805605182,4.221892805605182,3.854904533480901e-05,4569214.0,4.3868803215923595,1.1498960418144318e-05,0.33560048619143573,0.1902323722832897,GCST90200944,cancerType_celltype,ESCA_Epi_ESCA,tissue,Tumor,Adjacent,group1_higher,0.00015363259880510143,4.664608050574615e-05
43134,178,0.36053855602871915,0.1594790448894099,0.3664458394050598,0.20265430212020868,0.514207087155947,0.6498531487147513,0.20105951113930925,0.16379153728485113,,0.13967224293051544,1.176781634632108,4.122484876814499,4.122484876814499,5.740983158849884e-05,4568761.0,4.384159125590671,1.1643625005135039e-05,0.39053255826655614,0.19011437052967417,GCST90200604,cancerType_celltype,ESCA_Epi_ESCA,tissue,Tumor,Adjacent,group1_higher,0.0002165876744516116,4.70927622611248e-05
43134,178,-0.10510551182490979,0.2184394906612448,-0.16589688509702677,0.22956283390521998,0.9652774604513539,1.0024917245985443,-0.3235450024861546,-0.39545971900224675,,-0.14475068021928264,1.0553882489442057,-4.297686029278061,-4.297686029278061,2.8336918631141036e-05,3112851.5,-4.361569594543538,1.2913448033634481e-05,-0.335129606010087,-0.18913479968095248,GCST90200636,cancerType_celltype,ESCA_Epi_ESCA,tissue,Tumor,Adjacent,group2_higher,0.00011994788849144481,5.2074052277644375e-05
43134,178,0.08917391784192018,0.429879816986746,0.0322516243904829,0.36500847339630127,0.9358681607746546,1.0468546296111765,-0.3407058991448258,-0.33275684900581837,,-0.14341626043082906,2.2692268462643725,-4.334991925713282,-4.334991925713282,2.433193967922934e-05,3113382.0,-4.358382851764519,1.3102882456389028e-05,-0.3638665453428047,-0.1889966099893564,GCST90200872,cancerType_celltype,ESCA_Epi_ESCA,tissue,Tumor,Adjacent,group2_higher,0.0001052839167707606,5.268209082023081e-05
43134,178,0.18175120128085562,0.055742781279671395,0.19212608784437174,0.0426840111613273,0.4210626718683144,0.49112990231853293,0.12600842000118423,0.14944207668304443,,0.11357682190208129,1.7050900638542719,3.41786996992496,3.41786996992496,0.0007821645033557607,4564361.0,4.35772808274866,1.3142131855519327e-05,0.29904265172343786,0.18896821663142238,GCST90200006,cancerType_celltype,ESCA_Epi_ESCA,tissue,Tumor,Adjacent,group1_higher,0.002198124160977117,5.268448740903778e-05
43134,178,0.027743966578946885,0.4943921517769105,-0.0324085801839828,0.3756083548069,1.284773010625315,1.3493907026096823,-0.4666481851979636,-0.4080169349908828,,-0.14552204141154393,4.155360789232425,-4.605227140387484,-4.605227140387484,7.812331735901704e-06,3115200.0,-4.347462025426616,1.3772379150908091e-05,-0.36313798811355014,-0.18852304003776055,GCST90199807,cancerType_celltype,ESCA_Epi_ESCA,tissue,Tumor,Adjacent,group2_higher,3.789397920296805e-05,5.504912839497867e-05
43134,178,0.5025260923708306,0.20105050321082385,0.47888979315757746,0.1756473258137703,0.9236858618853893,0.8730882039424874,0.3014755891600067,0.30324246734380716,,0.15078487721274886,1.3216362544956213,4.5962471605027355,4.5962471605027355,8.110804810202484e-06,4561879.0,4.342818571763689,1.4066821912274094e-05,0.3264543338372855,0.18832168163699947,GCST90200782,cancerType_celltype,ESCA_Epi_ESCA,tissue,Tumor,Adjacent,group1_higher,3.865394040666428e-05,5.6061632357981256e-05
43134,178,0.023528420167067066,-0.07520399648490822,0.031877337023615795,-0.09851848706603045,0.40580641149137764,0.5557328415233389,0.09873241665197528,0.13039582408964623,,0.08775327121450634,-1.6763627463308983,2.367698588586886,2.367698588586886,0.018973430568086095,4560353.0,4.333651805541664,1.466580713498302e-05,0.2428652517686285,0.18792417462592392,GCST90200362,cancerType_celltype,ESCA_Epi_ESCA,tissue,Tumor,Adjacent,group1_higher,0.035571920033426886,5.8278411443095794e-05
43134,178,-0.8948169939697913,-0.468875065587822,-0.9420275390148163,-0.45621898770332336,1.2419695184215398,1.3364439141606974,-0.4259419283819693,-0.4858085513114929,,-0.119451744154099,-0.932387631342836,-4.244603712269951,-4.244603712269951,3.517282121994515e-05,3117778.0,-4.331975837143274,1.4777917931830879e-05,-0.34284621064446563,-0.187851498049194,GCST90200840,cancerType_celltype,ESCA_Epi_ESCA,tissue,Tumor,Adjacent,group2_higher,0.00014299523423542132,5.855320389850432e-05
43134,178,-0.4399017422014152,-0.021376015432702188,-0.4968409985303879,-0.061476116999983746,1.193357029740162,1.3434098347746382,-0.418525726768713,-0.43536488153040415,,-0.12863131667475788,-4.36305224520681,-4.149709450829639,-4.149709450829639,5.149773618441169e-05,3118626.0,-4.326881854340995,1.5123708856585801e-05,-0.35052152155655153,-0.18763060293425815,GCST90200884,cancerType_celltype,ESCA_Epi_ESCA,tissue,Tumor,Adjacent,group2_higher,0.00019828083169308794,5.974960919283028e-05
43134,178,-0.18568089665581683,0.0275530482516781,-0.19957724213600153,0.01338861742988225,0.6532264933119006,0.6503343447670329,-0.21323394490749492,-0.2129658595658838,,-0.11160998460446782,-2.752496963533694,-4.365434189776881,-4.365434189776881,2.1445034743430174e-05,3125556.0,-4.285252961864828,1.8253384240810335e-05,-0.32643776235891864,-0.18582541054451163,GCST90200275,cancerType_celltype,ESCA_Epi_ESCA,tissue,Tumor,Adjacent,group2_higher,9.398579535464735e-05,7.190567260180487e-05
43134,178,-0.2166650221599257,0.1553439766435434,-0.29273301362991333,0.23609249293804163,1.1462918477492259,1.2976803977385019,-0.3720089988034691,-0.528825506567955,,-0.11697498750857849,-0.4799973358050612,-3.8185423586628677,-3.8185423586628677,0.00018514184163840854,3125775.0,-4.283937416777919,1.8361706043509057e-05,-0.32434596646697517,-0.1857683633391214,GCST90200102,cancerType_celltype,ESCA_Epi_ESCA,tissue,Tumor,Adjacent,group2_higher,0.0006029498373161555,7.212393468963357e-05
43134,178,0.1614040401884047,-0.07212847344095955,0.14884606003761292,-0.08466802537441251,0.6729075033702256,0.6814546779351224,0.23353251362936425,0.23351408541202542,,0.14335616195137835,1.1620248332842893,4.562977977094305,4.562977977094305,9.357396022041027e-06,4551145.0,4.278338841339566,1.882957817424204e-05,0.3470318189607953,0.18552558710431,GCST90200717,cancerType_celltype,ESCA_Epi_ESCA,tissue,Tumor,Adjacent,group1_higher,4.3828628103236835e-05,7.374918118244798e-05
43134,178,0.21553035719497185,0.036307739329346445,0.21033316105604172,0.0195825682021677,0.55869627883973,0.586876678223344,0.1792226178656254,0.19075059285387402,,0.10389757774982952,2.5695090346843186,4.066730338544044,4.066730338544044,7.14600898668431e-05,4549610.0,4.269118011620819,1.962500662124818e-05,0.3207194328450256,0.18512573568753354,GCST90200394,cancerType_celltype,ESCA_Epi_ESCA,tissue,Tumor,Adjacent,group1_higher,0.00026182823249598695,7.664436683312684e-05
43134,178,-0.038281300942778325,-0.379368657455518,-0.06827777251601215,-0.38131140172481537,1.0370617699311238,1.0670267140495113,0.3410873565127397,0.31303362920880323,,0.13471177788112298,-3.308854844321629,4.256528073727698,4.256528073727698,3.350358802824142e-05,4548908.0,4.26490105887648,1.9999349570148794e-05,0.32885842929408826,0.18494287204285786,GCST90200819,cancerType_celltype,ESCA_Epi_ESCA,tissue,Tumor,Adjacent,group1_higher,0.0001371333047522314,7.788318132603658e-05
43134,178,-0.3665300139414498,0.09768123491902658,-0.4341743737459183,-0.01443467068020255,1.4542374386127965,1.4282820334093183,-0.4642112488604764,-0.41973970306571573,,-0.12368152507915801,-1.9077671629166921,-4.326978218176989,-4.326978218176989,2.5122841398037795e-05,3129963.0,-4.258779869636478,2.0554852080254682e-05,-0.3192359091369374,-0.18467743321960362,GCST90200541,cancerType_celltype,ESCA_Epi_ESCA,tissue,Tumor,Adjacent,group2_higher,0.00010836212919470099,7.981841420338214e-05
43134,178,0.02498882509023962,-0.4366925610307855,0.0014686868526041,-0.581676185131073,1.351692714408641,1.4893059266632738,0.46168138612102516,0.5831448719836771,,0.13098101162803147,-4.127208550187051,4.128873275639738,4.128873275639738,5.593740690925665e-05,4547658.0,4.257392239887272,2.0682807512725845e-05,0.3414086967381108,0.1846172601399454,GCST90199683,cancerType_celltype,ESCA_Epi_ESCA,tissue,Tumor,Adjacent,group1_higher,0.00021296839557909724,8.008712113592422e-05
43134,178,-0.1338154672331904,0.2267309721308143,-0.1734601110219955,0.20832941681146622,0.985698698791271,1.1040392779155774,-0.3605464393640047,-0.3817895278334617,,-0.1479572516397362,0.7607321814518488,-4.349842889307431,-4.349842889307431,2.2889506280248746e-05,3130953.0,-4.252832884997026,2.1108593347313636e-05,-0.36558743908798885,-0.18441954859249698,GCST90200716,cancerType_celltype,ESCA_Epi_ESCA,tissue,Tumor,Adjacent,group2_higher,9.935795242031542e-05,8.15042853608739e-05
43134,178,0.22500291958001148,0.4334877645583781,0.19276686757802958,0.46078427135944366,0.6211589287227268,0.6682671364692571,-0.20848484497836664,-0.2680174037814141,,-0.1345067671791459,0.9460444677462873,-4.154909349965896,-4.154909349965896,5.04291700008332e-05,3131754.0,-4.248021233788741,2.156698486122015e-05,-0.33553056941028747,-0.1842108964851107,GCST90200157,cancerType_celltype,ESCA_Epi_ESCA,tissue,Tumor,Adjacent,group2_higher,0.00019471659691539843,8.303898408430245e-05
43134,178,1.1178000323567976,0.4715568156640851,1.080670177936554,0.42830249667167664,1.8486311793687928,2.071615550068182,0.6462432166927126,0.6523676812648773,,0.12215874381062664,1.2451568430740279,4.155128277661962,4.155128277661962,5.039676134540248e-05,4545627.0,4.245191910793608,2.1840933711208022e-05,0.3493967347610947,0.18408820592009323,GCST90200808,cancerType_celltype,ESCA_Epi_ESCA,tissue,Tumor,Adjacent,group1_higher,0.00019471659691539843,8.385688069965221e-05
43134,178,-0.0987193075809759,-0.44442212469159664,-0.12145876884460445,-0.3744290769100189,0.9915663129361713,0.9858712995541172,0.34570281711062073,0.2529703080654145,,0.14437199543073137,-2.1705150919219465,4.66861546149253,4.66861546149253,5.9399766975274105e-06,4542456.0,4.226143538781786,2.377335515398008e-05,0.3486513247448614,0.18326219364478513,GCST90199905,cancerType_celltype,ESCA_Epi_ESCA,tissue,Tumor,Adjacent,group1_higher,2.9656367174834657e-05,9.101989627773834e-05
43134,178,-0.14248804040545024,0.11034639131767006,-0.182695098221302,0.0871719494462013,0.8250727247511478,0.7724705933829049,-0.2528344317231203,-0.2698670476675033,,-0.12538552435611336,-0.36879843435452087,-4.35656671595451,-4.35656671595451,2.223300884089685e-05,3135870.0,-4.223296194621078,2.40758291458296e-05,-0.30651629255588825,-0.1831387216112006,GCST90200970,cancerType_celltype,ESCA_Epi_ESCA,tissue,Tumor,Adjacent,group2_higher,9.681658482473613e-05,9.19197622570469e-05
43134,178,0.4059556720884888,-0.011631232335786812,0.37739498913288116,-0.05428005196154115,1.3488070563528107,1.3041685918539003,0.41758690442427565,0.43167504109442234,,0.11516674795918416,5.125125860866425,4.262523201059626,4.262523201059626,3.2683019056228524e-05,4541507.0,4.220442843405179,2.438261214167705e-05,0.3096384012238186,0.18301498908809388,GCST90200422,cancerType_celltype,ESCA_Epi_ESCA,tissue,Tumor,Adjacent,group1_higher,0.0001344506658162372,9.28310065617481e-05
43134,178,0.056754310256020256,0.2348454317203566,0.028408433310687452,0.23572611808776855,0.6056341781770831,0.646068620419922,-0.17809112146433634,-0.2073176847770811,,-0.12039287670495916,2.048890385107304,-3.6710272249133467,-3.6710272249133467,0.00031902745131971136,3139341.0,-4.202445706051846,2.640500966159117e-05,-0.2939743736254306,-0.18223456247919345,GCST90200155,cancerType_celltype,ESCA_Epi_ESCA,tissue,Tumor,Adjacent,group2_higher,0.0009854695542532241,0.00010019412271284017
43134,178,-0.7892679475124899,-0.4306329434653849,-0.8417928218841553,-0.5274321436882019,1.06882639613503,1.1753745860898734,-0.35863500404710497,-0.31436067819595337,,-0.1402605931000977,-0.8740549496614668,-4.063933994082046,-4.063933994082046,7.226618411908882e-05,3139424.5,-4.201944116943367,2.646359807529161e-05,-0.33539750908180754,-0.18221281160407887,GCST90200986,cancerType_celltype,ESCA_Epi_ESCA,tissue,Tumor,Adjacent,group2_higher,0.00026407187387216636,0.00010019412271284017
43134,178,0.3763580365132963,0.14678869892194282,0.34654898941516876,0.11664250120520585,0.689809548799723,0.746904877015776,0.22956933759135348,0.2299064882099629,,0.12631517730472672,1.3583588819826773,4.093507556525585,4.093507556525585,6.432821803051435e-05,4536582.0,4.190858096587701,2.7790511281137694e-05,0.33268387163692537,0.18173207819061887,GCST90199736,cancerType_celltype,ESCA_Epi_ESCA,tissue,Tumor,Adjacent,group1_higher,0.0002382591336293235,0.00010492650104207943
43134,178,-0.45314311194821877,-0.833045508393369,-0.4809426218271255,-0.799927681684494,1.1422093140294725,1.130321286743295,0.3799023964451502,0.3189850598573685,,0.14109345882632846,-0.8784271036193447,4.47473175478162,4.47473175478162,1.3595714789361146e-05,4534639.0,4.179186388350877,2.9255770930371675e-05,0.33261720768461434,0.18122594704873185,GCST90199814,cancerType_celltype,ESCA_Epi_ESCA,tissue,Tumor,Adjacent,group1_higher,6.188515617254917e-05,0.00011015363474612318
43134,178,0.23158947770947064,-0.18618084344845476,0.17926561832427973,-0.22589810937643046,1.2215720523175262,1.2586595709713055,0.4177703211579254,0.4051637277007102,,0.13783027980962392,0.314863547973613,4.419741540360528,4.419741540360528,1.712212718986107e-05,4532453.0,4.166054965702551,3.099200899095475e-05,0.34195093726820386,0.18065651695291862,GCST90200897,cancerType_celltype,ESCA_Epi_ESCA,tissue,Tumor,Adjacent,group1_higher,7.626620705810665e-05,0.00011622407937613891
43134,178,-0.7430037381378078,-0.377864186276598,-0.824539065361023,-0.43114751577377314,1.2539404805041692,1.172994167749198,-0.36513955186120983,-0.3933915495872498,,-0.12058821206560394,-0.9754998054588662,-4.143347836658014,-4.143347836658014,5.275544407401966e-05,3145456.0,-4.165712563556643,3.103856558541054e-05,-0.2912680582369323,-0.18064166905014578,GCST90200132,cancerType_celltype,ESCA_Epi_ESCA,tissue,Tumor,Adjacent,group2_higher,0.00020198221986766516,0.00011622407937613891
43134,178,-0.045210189427980975,0.17142736712428794,-0.05942102521657935,0.1720079109072685,0.5956549178561199,0.718109242995404,-0.2166375565522689,-0.23142893612384785,,-0.1307668587909646,1.9228540812215014,-4.019180995836981,-4.019180995836981,8.610338341662528e-05,3146191.0,-4.161297377990989,3.164488565940585e-05,-0.36335990599703294,-0.18045020925123334,GCST90200265,cancerType_celltype,ESCA_Epi_ESCA,tissue,Tumor,Adjacent,group2_higher,0.0003072222816671735,0.0001181698059007402
43134,178,-0.4511339243346595,-0.10976996175484376,-0.5034747421741486,-0.07634469866752619,1.057085289811449,1.1426456294408,-0.3413639625798157,-0.42713004350662237,,-0.12434275401733239,-2.0390625140424654,-3.9787856057759456,-3.9787856057759456,0.00010064241322052033,3146575.0,-4.158990668797504,3.1966115886691565e-05,-0.32281835548280896,-0.18035018127465863,GCST90200930,cancerType_celltype,ESCA_Epi_ESCA,tissue,Tumor,Adjacent,group2_higher,0.00035173233133222874,0.0001190432129878705
43134,178,0.5055889215348431,0.34512641768787433,0.5287921130657196,0.4067557156085968,0.4518712913249643,0.4994935728828605,0.1604625038469688,0.1220363974571228,,0.12638537286345208,0.5508386157955212,4.278795447666938,4.278795447666938,3.061906832616197e-05,4530346.0,4.153398100414342,3.275784211204108e-05,0.3549457609698598,0.1801076655293694,GCST90200370,cancerType_celltype,ESCA_Epi_ESCA,tissue,Tumor,Adjacent,group1_higher,0.0001276262695062959,0.00012165923378395638
43134,178,-0.4854521669187217,-0.21224449438257456,-0.514644593000412,-0.20334726572036738,0.7722526333401002,0.8900065515520319,-0.2732076725361471,-0.3112973272800446,,-0.14599753481726643,-1.1935981932672908,-4.0891785298628704,-4.0891785298628704,6.545603843813659e-05,3147976.0,-4.1505747844744,3.316457367619742e-05,-0.3535431438446474,-0.17998523545387435,GCST90200438,cancerType_celltype,ESCA_Epi_ESCA,tissue,Tumor,Adjacent,group2_higher,0.0002417793506536048,0.0001228350921756986
43134,178,-0.3951322669051222,0.05857419579164282,-0.43424153327941895,0.03043046616949135,1.3352183385229306,1.4996636719272975,-0.453706462696765,-0.4646719994489103,,-0.12949237417869325,-2.7539775377272626,-4.029785282313076,-4.029785282313076,8.259506394469858e-05,3148529.0,-4.147252882953575,3.364927529753193e-05,-0.33961803561954423,-0.1798411847480259,GCST90200480,cancerType_celltype,ESCA_Epi_ESCA,tissue,Tumor,Adjacent,group2_higher,0.0002954778796761789,0.0001242925805705583
43134,178,-0.03913012529123347,0.20146357529440873,-0.08927579969167704,0.15654686838388437,0.7578820610462947,0.7648529089353128,-0.2405937005856422,-0.2458226680755614,,-0.13770115757671253,2.364137680032003,-4.188304723720249,-4.188304723720249,4.410919187872215e-05,3149555.0,-4.141089644327233,3.4566435271682075e-05,-0.3174433437929922,-0.17957392249811532,GCST90200577,cancerType_celltype,ESCA_Epi_ESCA,tissue,Tumor,Adjacent,group2_higher,0.0001742632711034733,0.00012733527371703424
43134,178,-0.21724939996290582,-0.04581405418490719,-0.23741869628429405,-0.0660088658332824,0.519749025312932,0.5234440978815024,-0.17143534577799863,-0.17140983045101166,,-0.11149948689290108,-2.245465202364082,-4.360721636289456,-4.360721636289456,2.18685654753328e-05,3150335.0,-4.136404141277968,3.527952463946193e-05,-0.3298329365953863,-0.17937074067069803,GCST90199680,cancerType_celltype,ESCA_Epi_ESCA,tissue,Tumor,Adjacent,group2_higher,9.553479084255964e-05,0.00012961183850023346
43134,178,-0.1773989783721249,0.09874930037342514,-0.2029896974563598,0.10801062732934945,0.7839196479031716,0.8629300349586018,-0.27614827874555004,-0.31100032478570927,,-0.12085186466308459,-0.8451487921418894,-4.2622458709521185,-4.2622458709521185,3.274953855538573e-05,3154069.0,-4.113973797193407,3.8891066290513766e-05,-0.3521137373225447,-0.17839807279431796,GCST90199925,cancerType_celltype,ESCA_Epi_ESCA,tissue,Tumor,Adjacent,group2_higher,0.0001344506658162372,0.00014249603052142543
43134,178,0.08148718982643689,-0.16067134463450652,0.05914479494094845,-0.17914514988660804,0.8208068715518928,0.8135528735114246,0.24215853446094343,0.2382899448275565,,0.10318011085355606,-0.9794587415289403,3.962905904296811,3.962905904296811,0.00010694589832511585,4523197.0,4.110453662851266,3.948876574583414e-05,0.29503559352901126,0.17824542593423254,GCST90200181,cancerType_celltype,ESCA_Epi_ESCA,tissue,Tumor,Adjacent,group1_higher,0.00037185525361513495,0.0001442980903795494
43134,178,-0.41217375783590154,-0.2514898305277476,-0.4299410283565521,-0.220556803047657,0.5599714397098735,0.6112117586152906,-0.16068392730815395,-0.2093842253088951,,-0.10354686953960901,-0.7127503552415058,-3.501385191166286,-3.501385191166286,0.0005849073531152213,3155937.0,-4.102752618095935,4.082690065722591e-05,-0.28683806583449045,-0.1779114783666057,GCST90200304,cancerType_celltype,ESCA_Epi_ESCA,tissue,Tumor,Adjacent,group2_higher,0.0016954051491827177,0.0001487889454433126
43134,178,-0.41058194935767783,-0.0537916458345259,-0.4626738876104355,-0.1434160247445106,1.115135969566027,1.1530694066554765,-0.35679030352315194,-0.3192578628659249,,-0.12682021752753858,-2.9321928607133363,-4.120321468913392,-4.120321468913392,5.784496529894754e-05,3158717.0,-4.086053004663937,4.387792618321445e-05,-0.3199070598382125,-0.17718731749452843,GCST90199721,cancerType_celltype,ESCA_Epi_ESCA,tissue,Tumor,Adjacent,group2_higher,0.0002171974867836515,0.00015948163570059012
43134,178,-0.025199192946742926,0.25859346443243075,-0.06305491551756855,0.24618812650442118,0.8898165008804632,0.968307075749915,-0.2837926573791737,-0.3092430420219897,,-0.11604534895765044,3.3591847076630468,-3.9033963905173183,-3.9033963905173183,0.00013437068693139263,3162912.5,-4.06085040460856,4.889492324567202e-05,-0.31881393369746175,-0.17609443370359312,GCST90200486,cancerType_celltype,ESCA_Epi_ESCA,tissue,Tumor,Adjacent,group2_higher,0.00045559016489424915,0.00017696737607634196
43134,178,0.09458317478316577,0.2561710080441893,0.0899873115122318,0.29027810692787165,0.4998923570343944,0.5587114151649135,-0.16158783326102352,-0.20029079541563985,,-0.11356451667810508,1.437442114379525,-3.8522542595458042,-3.8522542595458042,0.00016311007117680035,3162955.0,-4.060595104762927,4.894842317005203e-05,-0.32308079897352626,-0.17608336289889415,GCST90200847,cancerType_celltype,ESCA_Epi_ESCA,tissue,Tumor,Adjacent,group2_higher,0.0005357084988288648,0.00017696737607634196
43134,178,0.5900116324292003,0.33119907409078286,0.5746883451938629,0.2393800169229507,0.904580789403613,0.9790623656163292,0.25881255833841743,0.3353083282709122,,0.11473600253918737,0.8330428479647171,3.520638160069362,3.520638160069362,0.0005466041682843274,4514308.0,4.057056949255213,4.9695606560054047e-05,0.28601307126720477,0.17592993457024186,GCST90200052,cancerType_celltype,ESCA_Epi_ESCA,tissue,Tumor,Adjacent,group1_higher,0.0015987585437157474,0.0001791934173051684
43134,178,-0.06340571741676226,0.16025712552449006,-0.0900112986564636,0.1587857902050018,0.7241296089136817,0.7834301738833886,-0.22366284294125233,-0.2487970888614654,,-0.10391789330442697,1.337689912106352,-3.8022382017377923,-3.8022382017377923,0.00019674155026740042,3164712.0,-4.050040708791697,5.120938109880927e-05,-0.3087637361466577,-0.17562568280816038,GCST90200747,cancerType_celltype,ESCA_Epi_ESCA,tissue,Tumor,Adjacent,group2_higher,0.0006338729038382796,0.000184164608014979
43134,178,-0.17262797169298105,-0.38742144060977785,-0.178692065179348,-0.3922649323940277,0.6957683568181405,0.6916183769449943,0.2147934689167968,0.21357286721467972,,0.13445778748862386,-1.166232914259603,4.1348480549557145,4.1348480549557145,5.4592175578310315e-05,4512565.0,4.046586652056662,5.197055861091257e-05,0.3087215554439051,0.17547590133282065,GCST90200376,cancerType_celltype,ESCA_Epi_ESCA,tissue,Tumor,Adjacent,group1_higher,0.0002084289504572464,0.000186410187859668
43134,178,0.01613028594552205,-0.2661606531441107,-0.0080521516501903,-0.28119236230850214,0.8530824239936742,0.8836388264240265,0.28229093908963276,0.27314021065831184,,0.12839357966982612,-4.044369375807772,4.254010506899396,4.254010506899396,3.3849013859383355e-05,4511304.0,4.039011755460349,5.367756255288663e-05,0.3308576959785295,0.1751474240451627,GCST90200643,cancerType_celltype,ESCA_Epi_ESCA,tissue,Tumor,Adjacent,group1_higher,0.00013813235296508835,0.00019202760566820073
43134,178,-0.7803614800745687,-0.5463551262039116,-0.8166600167751312,-0.6295600533485413,0.6992274980647699,0.7399156446914954,-0.23400635387065716,-0.18709996342658997,,-0.13134853275987365,-0.5143027784838015,-4.211692535893849,-4.211692535893849,4.016611461905247e-05,3170622.0,-4.014539012610724,5.9562850270684525e-05,-0.3345822451081306,-0.1740861897311904,GCST90199903,cancerType_celltype,ESCA_Epi_ESCA,tissue,Tumor,Adjacent,group2_higher,0.00015914655298188523,0.0002125239919344058
43134,178,0.2929461767757866,0.09661500726622435,0.2729058265686035,0.08049063012003896,0.621820782679886,0.6977751789632353,0.19633116950956225,0.19241519644856456,,0.13392685346552224,1.6003064077182707,3.7477729462102256,3.7477729462102256,0.00024086701274407982,4506670.0,4.011175061703558,6.0418057427250485e-05,0.31556883213264775,0.1739403155986856,GCST90200561,cancerType_celltype,ESCA_Epi_ESCA,tissue,Tumor,Adjacent,group1_higher,0.0007618812826296547,0.00021501256468235618
43134,178,0.13030338032588348,-0.3554102978564464,0.08356188610196111,-0.3982478976249695,1.6041787281843292,1.5448846299861823,0.4857136781823299,0.4818097837269306,,0.11907632322651844,-1.4476039601455262,4.185334984555585,4.185334984555585,4.462243730730126e-05,4504819.0,4.00005600254434,6.332829942845535e-05,0.302825178165615,0.17345814949285288,GCST90200497,cancerType_celltype,ESCA_Epi_ESCA,tissue,Tumor,Adjacent,group1_higher,0.00017578145101113183,0.00022478247948173085
43134,178,0.14079875749399817,0.03605080612940358,0.1406213417649269,-0.07262272015213965,0.4919457955086924,0.6078724366193179,0.10474795136459458,0.21324406191706657,,0.0888618679277308,1.965501406389945,2.295921206509275,2.295921206509275,0.022846300485097015,4504160.0,3.99609735317323,6.439607764520623e-05,0.21269694777833575,0.1732864868976376,GCST90200726,cancerType_celltype,ESCA_Epi_ESCA,tissue,Tumor,Adjacent,group1_higher,0.04174196724019736,0.0002274199419253785
43134,178,0.0029234294237569054,0.20272860524187053,-0.0183626767247915,0.14979819208383555,0.5239311601068146,0.6451002912275529,-0.19980517581811363,-0.16816086880862705,,-0.13850236300245558,6.115257802806633,-4.126665025337016,-4.126665025337016,5.646021089754292e-05,3173697.5,-3.9960643143696775,6.440506058928546e-05,-0.38095620124280655,-0.17328505420526474,GCST90200950,cancerType_celltype,ESCA_Epi_ESCA,tissue,Tumor,Adjacent,group2_higher,0.00021436007647172977,0.0002274199419253785
43134,178,-0.07718900306554957,0.12652257287723084,-0.09784663096070285,0.1086379252374172,0.5902444363050187,0.6694858978588482,-0.20371157594278042,-0.20648455619812006,,-0.12363524852522033,0.712920281357045,-4.053114455464299,-4.053114455464299,7.540658277378155e-05,3173985.5,-3.994334282474564,6.487710081186645e-05,-0.34492897597005256,-0.17321003322283368,GCST90199847,cancerType_celltype,ESCA_Epi_ESCA,tissue,Tumor,Adjacent,group2_higher,0.00027481062117824665,0.00022849480208417047
43134,178,-0.3583099380971871,-0.03157804611144232,-0.4110365360975265,0.00408354972023515,1.1494690737746842,1.1936015988668105,-0.32673189198574476,-0.41512008581776166,,-0.10065736399025957,-3.504172586748196,-3.645127023203997,-3.645127023203997,0.000350408594745683,3174352.0,-3.9921326967469284,6.548254068212569e-05,-0.28420047200776893,-0.1731145638128998,GCST90199900,cancerType_celltype,ESCA_Epi_ESCA,tissue,Tumor,Adjacent,group2_higher,0.0010722053128172078,0.00023003273956117865
43134,178,0.7403838860432682,0.3439899756065622,0.7152339518070221,0.32584612071514124,1.4222620866323095,1.2330002528085837,0.396393910436706,0.38938783109188085,,0.11030024871416762,1.1059047276404335,4.277448265238428,4.277448265238428,3.072834449825232e-05,4502846.0,3.988204082651775,6.657622306293364e-05,0.27884825010804015,0.17294420366529595,GCST90200009,cancerType_celltype,ESCA_Epi_ESCA,tissue,Tumor,Adjacent,group1_higher,0.000127691260826579,0.00023327350137475206
43134,178,0.31153674385240027,0.03993493323789889,0.2841645926237106,0.02764857746660705,0.8853941230050506,0.8376097508516946,0.2716018106145014,0.25651601515710354,,0.11526193728742946,2.963647628595974,4.316204214743472,4.316204214743472,2.6249833958893637e-05,4502486.0,3.9860415427828833,6.718560383766279e-05,0.30682394577567373,0.1728504274372571,GCST90200797,cancerType_celltype,ESCA_Epi_ESCA,tissue,Tumor,Adjacent,group1_higher,0.00011251108077349695,0.00023438832772334638
43134,178,0.32093360098783513,0.15905442360914154,0.3201131373643875,0.14181619882583615,0.5313224527369733,0.5752751425288728,0.1618791773786936,0.17829693853855136,,0.11798847754317987,1.0127497726037047,3.7476784825149037,3.7476784825149037,0.0002409177056591204,4502455.0,3.9858553240719505,6.72383243872549e-05,0.3045649883642651,0.172842352262065,GCST90199729,cancerType_celltype,ESCA_Epi_ESCA,tissue,Tumor,Adjacent,group1_higher,0.0007618812826296547,0.00023438832772334638
43134,178,0.29169014855775877,0.042090870152238044,0.2708648294210434,0.0312688071280717,0.7794162456422941,0.807793970768429,0.2495992784055207,0.2395960222929717,,0.12383247491271245,2.7928280924372633,4.114528503426384,4.114528503426384,5.9187895260003386e-05,4502233.0,3.9845217578194676,6.76170171292008e-05,0.32019023563565724,0.1727845235881078,GCST90200478,cancerType_celltype,ESCA_Epi_ESCA,tissue,Tumor,Adjacent,group1_higher,0.00022074553380887596,0.0002351071284364813
43134,178,-0.4279536753517057,-0.9283591332384961,-0.5118245184421539,-0.8644427359104156,1.5767019076488489,1.5599885024368383,0.5004054578867904,0.3526182174682617,,0.13384512653871172,-1.117226561069502,4.270681320475447,4.270681320475447,3.162283916758956e-05,4502045.5,3.983395434971086,6.793843019927326e-05,0.3173884804216241,0.17273568180267085,GCST90199914,cancerType_celltype,ESCA_Epi_ESCA,tissue,Tumor,Adjacent,group1_higher,0.00013062096819400275,0.000235623614151678
43134,178,-0.3692370111558314,0.024479193300312233,-0.4329613000154495,-0.029648328199982598,1.3057413399624802,1.375653130399811,-0.39371620445614364,-0.40331297181546694,,-0.11810640766436264,-3.9148642236840683,-3.8113472359012004,-3.8113472359012004,0.0001901367669541594,3176519.0,-3.979115408147238,6.917303279099997e-05,-0.30145922825510196,-0.17255008301801078,GCST90200414,cancerType_celltype,ESCA_Epi_ESCA,tissue,Tumor,Adjacent,group2_higher,0.0006155734284050338,0.00023929655759932225
43134,178,0.17126980438662345,0.6205524997471759,0.1215688735246658,0.37938752770423884,1.3548794962362358,1.3638847599927004,-0.44928269536055243,-0.25781865417957306,,-0.12144839926319606,1.8572763507993382,-4.386008913088102,-4.386008913088102,1.9696175887321115e-05,3177748.0,-3.971732737317049,7.135264435941509e-05,-0.3315943983200511,-0.1722299413950673,GCST90200086,cancerType_celltype,ESCA_Epi_ESCA,tissue,Tumor,Adjacent,group2_higher,8.716197316369702e-05,0.00024621178294147536
43134,178,-0.37842745946759365,0.026991884422938477,-0.4202048927545547,-0.0628868443891406,1.316510601869417,1.2332781661750514,-0.40541934389053214,-0.3573180483654141,,-0.12049215430705226,-3.809369535118975,-4.375570520969002,-4.375570520969002,2.0553747822379607e-05,3178020.0,-3.9700988183049972,7.184373472180063e-05,-0.30802700793163323,-0.17215908824499349,GCST90199659,cancerType_celltype,ESCA_Epi_ESCA,tissue,Tumor,Adjacent,group2_higher,9.037018800614001e-05,0.00024728032935811685
43134,178,-0.3872449335321343,-0.14903215976991807,-0.43493153154850006,-0.21803525090217585,0.7567298813542039,0.7590800209248372,-0.23821277376221622,-0.2168962806463242,,-0.12028081201765078,-1.377616724356464,-4.178291655145918,-4.178291655145918,4.59124972032408e-05,3178963.0,-3.964434165259539,7.357117289688506e-05,-0.31478834329630784,-0.1719134466254364,GCST90200925,cancerType_celltype,ESCA_Epi_ESCA,tissue,Tumor,Adjacent,group2_higher,0.00018034217201157697,0.00025258818301877666
43134,178,-0.6610218979641891,-0.4073834531009197,-0.719661146402359,-0.36723801493644714,0.9212666180183109,0.8905087963670073,-0.25363844486326936,-0.35242313146591187,,-0.11926124817666124,-0.6983093236541843,-3.7916646020587716,-3.7916646020587716,0.00020454529234921896,3179190.5,-3.9630675602035033,7.399376245959421e-05,-0.2753518650898165,-0.17185418525910634,GCST90199820,cancerType_celltype,ESCA_Epi_ESCA,tissue,Tumor,Adjacent,group2_higher,0.0006544489048638156,0.0002534007493277058
43134,178,-0.5083751190553099,-0.11343742069183964,-0.5871164798736572,-0.17478364706039423,1.2080641575749933,1.2616414484241119,-0.3949376983634702,-0.412332832813263,,-0.12928254756557062,-2.1639869090070762,-4.168526721556261,-4.168526721556261,4.775340485644006e-05,3179763.5,-3.959625517578851,7.506832641673843e-05,-0.32685726730203524,-0.1717049247628113,GCST90199845,cancerType_celltype,ESCA_Epi_ESCA,tissue,Tumor,Adjacent,group2_higher,0.0001864982544966413,0.0002564364132982819
43134,178,-0.20956922007905088,-0.021426828721998616,-0.2346730381250381,0.0129189095459878,0.7077551387374995,0.676771528919414,-0.18814239135705227,-0.24759194767102588,,-0.10430084417144063,-3.289876150018687,-3.70063934753542,-3.70063934753542,0.00028623084017510587,3180490.5,-3.9552583884547277,7.645293833911849e-05,-0.2658763086720333,-0.17151554888007736,GCST90200442,cancerType_celltype,ESCA_Epi_ESCA,tissue,Tumor,Adjacent,group2_higher,0.0008947996219235535,0.0002605133873905462
43134,178,-0.34575339831968777,0.08938845671880781,-0.3863428384065628,0.0660237409174442,1.4376975585534955,1.5176937561789807,-0.43514185503849556,-0.45236657932400703,,-0.11179635312052141,-1.951571019936492,-3.818159589386795,-3.818159589386795,0.0001853528846922004,3182218.5,-3.944878197084047,7.98415520567764e-05,-0.3025950658070777,-0.1710654229854912,GCST90200327,cancerType_celltype,ESCA_Epi_ESCA,tissue,Tumor,Adjacent,group2_higher,0.0006029498373161555,0.0002713816345470978
43134,178,0.07286929046981229,-0.443628302830915,-0.0089509231038391,-0.6138520240783691,1.8234283411232812,1.5542196986178067,0.5164975933007273,0.6049011009745301,,0.12123748712931419,-2.605952015705549,4.421157381147619,4.421157381147619,1.69901899798124e-05,4495329.0,3.943049048778276,8.045320131039232e-05,0.2834147408350682,0.1709861039259417,GCST90200488,cancerType_celltype,ESCA_Epi_ESCA,tissue,Tumor,Adjacent,group1_higher,7.592665227044033e-05,0.00027234224402906157
43134,178,0.2054828942234279,0.07502267172952834,0.21103717386722565,0.0677111335098743,0.489848680991701,0.57052465691419,0.13046022249389955,0.14332604035735136,,0.10165594735651702,1.4536075435582745,3.0461698399896644,3.0461698399896644,0.002670085482256809,4495294.0,3.942838801846578,8.052378895356699e-05,0.26613378782003744,0.17097698679266027,GCST90200024,cancerType_celltype,ESCA_Epi_ESCA,tissue,Tumor,Adjacent,group1_higher,0.006455760144076282,0.00027234224402906157
43134,178,-0.5394825012772688,-0.20183657352492773,-0.5843048095703125,-0.23647540807723993,1.001415651470105,1.0783695318552846,-0.3376459277523411,-0.34782940149307257,,-0.1360393308818041,-1.418384071683573,-4.169966001187616,-4.169966001187616,4.748845169744475e-05,3182797.5,-3.941400112128246,8.100838331534178e-05,-0.3370587113680173,-0.17091459955206223,GCST90201008,cancerType_celltype,ESCA_Epi_ESCA,tissue,Tumor,Adjacent,group2_higher,0.00018599643581499194,0.0002733030357891358
43134,178,-0.09952602560623429,0.1698074939522076,-0.12568256258964536,0.21733698248863215,0.8184604036523867,0.9301022370748562,-0.26933351955844187,-0.3430195450782775,,-0.1279972730047432,0.7707483914932705,-3.8572424545931687,-3.8572424545931687,0.00016008164363397556,3183521.5,-3.937051004169697,8.249011129045449e-05,-0.3288775834289813,-0.17072600513789538,GCST90200940,cancerType_celltype,ESCA_Epi_ESCA,tissue,Tumor,Adjacent,group2_higher,0.0005283081846806506,0.0002776148683676283
43134,178,0.09438495460268745,-0.20476920400442702,0.08425864204764365,-0.1895323246717453,1.0055943242698147,1.139193332611331,0.2991541586071145,0.27379096671938896,,0.11749379274924152,-1.1173617089553372,3.4979249750524697,3.4979249750524697,0.0005921157039228453,4489469.0,3.9078477053568705,9.312312886699418e-05,0.29731779911904493,0.16945963532508834,GCST90200547,cancerType_celltype,ESCA_Epi_ESCA,tissue,Tumor,Adjacent,group1_higher,0.0017049694470105778,0.0003126276469106233
43134,178,0.4626199485692328,0.2662513767136261,0.4558076113462448,0.2725473642349243,0.597866335823951,0.6287036219979364,0.1963685718556067,0.1832602471113205,,0.12288127226657529,0.7970361924151748,4.159366426767644,4.159366426767644,4.95341121198722e-05,4488891.0,3.904375627456261,9.447013153502583e-05,0.32837795530518765,0.16930907238118165,GCST90200128,cancerType_celltype,ESCA_Epi_ESCA,tissue,Tumor,Adjacent,group1_higher,0.00019235041259084274,0.00031637048963695377
43134,178,-0.7088074932178198,-0.33846048056605804,-0.805329293012619,-0.371524915099144,1.2329192520388812,1.317720145385484,-0.37034701265176173,-0.43380437791347504,,-0.128217408624559,-1.0664042372108689,-3.742937739062003,-3.742937739062003,0.00024515742333127815,3189477.0,-3.901275986977516,9.568817132277978e-05,-0.30029491122222873,-0.16917465978765933,GCST90200463,cancerType_celltype,ESCA_Epi_ESCA,tissue,Tumor,Adjacent,group2_higher,0.0007734943703716022,0.00031958768640617276
43134,178,0.15458919804663257,0.4354355571035484,0.1255611106753349,0.4604545384645462,0.9161651464880279,0.9508844293800514,-0.28084635905691585,-0.3348934277892113,,-0.11109438983844658,1.4940136875906365,-3.9329715003042858,-3.9329715003042858,0.00011999906278059977,3189566.0,-3.9007413590654845,9.589975329429542e-05,-0.3064971968160036,-0.16915147622017201,GCST90200200,cancerType_celltype,ESCA_Epi_ESCA,tissue,Tumor,Adjacent,group2_higher,0.0004088968064248937,0.00031958768640617276
43134,178,0.329353305561193,0.08807941215384878,0.3157695829868316,0.08953714370727535,0.8119667997323469,0.758533711491725,0.24127389340734423,0.22623243927955627,,0.09941988211692093,1.902747285395563,4.233709715912601,4.233709715912601,3.671963469119196e-05,4486301.0,3.888817354510623,0.00010073513466768541,0.29722480201899276,0.168634404518347,GCST90200739,cancerType_celltype,ESCA_Epi_ESCA,tissue,Tumor,Adjacent,group1_higher,0.0001476367613100137,0.0003348828989074518
43134,178,-0.01755350087869753,-0.33480247307903643,-0.05112573318183415,-0.37596528232097626,1.055796861835468,1.0692528376358723,0.3172489722003389,0.3248395491391421,,0.11694000578203233,-4.253401611497501,3.9505529048559413,3.9505529048559413,0.00011216186087556628,4485900.0,3.886408525378885,0.0001017394967759476,0.3004672162680112,0.16852994821989276,GCST90200876,cancerType_celltype,ESCA_Epi_ESCA,tissue,Tumor,Adjacent,group1_higher,0.0003880117166837483,0.00033739886643702335
43134,178,0.44779695593766355,0.27664782588185055,0.4520445466041565,0.2658590227365494,0.5300315029463452,0.5707104848689774,0.171149130055813,0.18618552386760712,,0.11820357878190584,0.6947921418497847,3.9939011599527308,3.9939011599527308,9.49279657413064e-05,4485782.0,3.8856996928663037,0.00010203683993496792,0.32279857779967425,0.1684992104562577,GCST90200334,cancerType_celltype,ESCA_Epi_ESCA,tissue,Tumor,Adjacent,group1_higher,0.0003351990085632141,0.00033756362337709043
43134,178,0.5029115241891284,0.266511855544941,0.4937015771865845,0.27655088901519775,0.8095368886656349,0.7931107604684776,0.23639966864418743,0.21715068817138672,,0.11868317510561026,0.9161023570856441,3.968180559020042,3.968180559020042,0.0001047880048487271,4485296.0,3.8827802640433,0.00010327015840470379,0.2920423748688215,0.16837261254840552,GCST90199663,cancerType_celltype,ESCA_Epi_ESCA,tissue,Tumor,Adjacent,group1_higher,0.00036528401690234027,0.0003408165276164922
43134,178,-0.05025046437107636,0.22029267352766335,-0.0622859392315149,0.2343389168381691,0.7900591733897159,0.9435002730231173,-0.27054313789873974,-0.29662485606968403,,-0.12570876376097204,2.1321905204062532,-3.820120553136418,-3.820120553136418,0.000184087493389984,3192733.0,-3.881717015274428,0.00010372281482181903,-0.3421362177324289,-0.16832650590295306,GCST90200721,cancerType_celltype,ESCA_Epi_ESCA,tissue,Tumor,Adjacent,group2_higher,0.0006017056438622258,0.0003414835666718342
43134,178,-0.8063943482464391,-0.33235045163002747,-0.8645564913749695,-0.45456767082214355,1.4314614049870378,1.566081314017944,-0.4740438966164116,-0.4099888205528259,,-0.1247247939464846,-1.2787776613153752,-4.031501997501463,-4.031501997501463,8.203359080730329e-05,3192985.0,-3.880203237366204,0.00010437050658223096,-0.33102761225646943,-0.16826086254332595,GCST90200966,cancerType_celltype,ESCA_Epi_ESCA,tissue,Tumor,Adjacent,group2_higher,0.00029424153755356415,0.0003427879529435682
43134,178,0.14683881595319428,0.06762397029238303,0.15222837030887598,0.0018931834492832505,0.36127428061510014,0.5264579383187435,0.07921484566081126,0.15033518685959274,,0.06647653012855272,1.1186152510220833,2.005539976334288,2.005539976334288,0.046422770265464645,4484736.0,3.8794163131361348,0.00010470870946616994,0.21876345482978937,0.16822673841590063,GCST90200248,cancerType_celltype,ESCA_Epi_ESCA,tissue,Tumor,Adjacent,group1_higher,0.07725791925742162,0.00034307204567882117
43134,178,0.22735257226616404,0.01612115703101971,0.20976383239030832,-0.007318337738979599,0.7239493010936423,0.7596071031888195,0.21123141523514433,0.21708217012928793,,0.12233064212766337,3.8178209881121123,3.70311392783102,3.70311392783102,0.0002837687577739517,4482544.0,3.8662488481566606,0.00011052352812484678,0.29171636959101266,0.16765574538295347,GCST90200469,cancerType_celltype,ESCA_Epi_ESCA,tissue,Tumor,Adjacent,group1_higher,0.0008891421076917155,0.0003612555607533961
43134,178,0.2097085638036389,0.4891996331607107,0.18752838671207425,0.3881259113550186,0.7629796649718081,0.9214808119274718,-0.2794910693570718,-0.20059752464294436,,-0.11559550209620172,1.222033614077132,-4.040900611377911,-4.040900611377911,7.911647564358513e-05,3196160.5,-3.861127833606021,0.0001128662173858343,-0.36597240627889754,-0.16743367806516718,GCST90200377,cancerType_celltype,ESCA_Epi_ESCA,tissue,Tumor,Adjacent,group2_higher,0.00028527977857726596,0.000368030273437541
43134,178,0.7382292783034531,0.32798306181964076,0.7112913727760315,0.2867532819509506,1.291733727891657,1.327788768678709,0.4102462164838123,0.42453809082508087,,0.1291922330548578,1.1704452008374902,4.114140844814079,4.114140844814079,5.9275763297174325e-05,4480634.0,3.8547753727411513,0.00011583735777148646,0.3175567574399412,0.16715821039530332,GCST90200875,cancerType_celltype,ESCA_Epi_ESCA,tissue,Tumor,Adjacent,group1_higher,0.00022074553380887596,0.0003768169896003247
43134,178,-0.042109655245872776,0.27704041323551304,-0.09422691166400904,0.2699140161275863,1.0583153059023322,1.04182028903936,-0.31915006848138583,-0.36414092779159535,,-0.11768840876454413,2.7178444228312673,-4.078396066001333,-4.078396066001333,6.823263525761004e-05,3197406.0,-3.8536460463651743,0.0001163732230308796,-0.30158331762519325,-0.16710923836510527,GCST90200349,cancerType_celltype,ESCA_Epi_ESCA,tissue,Tumor,Adjacent,group2_higher,0.00025135427528681756,0.0003776588166454498
43134,178,0.41829725383927624,0.8218718258290567,0.35803873836994166,0.7367752194404602,1.2487585409181614,1.3188880570020178,-0.4035745719897805,-0.37873648107051855,,-0.11942872924738687,0.9743831972604975,-4.074966188915548,-4.074966188915548,6.918841361461951e-05,3197687.0,-3.8519580638564004,0.00011717853087326106,-0.32310440002166124,-0.16703604080933054,GCST90199964,cancerType_celltype,ESCA_Epi_ESCA,tissue,Tumor,Adjacent,group2_higher,0.0002541881610693434,0.00037936897287471454
43134,178,-0.05269403271179916,0.14783799361661235,-0.0666826739907264,0.13654408603906631,0.6992602079716236,0.6845102140653786,-0.2005320263284115,-0.20322676002979273,,-0.10431578888527887,1.4882879630673074,-3.9001444066683266,-3.9001444066683266,0.0001359704484961281,3198122.0,-3.849344994848156,0.00011843555386602238,-0.2868018671659032,-0.16692272786711704,GCST90200764,cancerType_celltype,ESCA_Epi_ESCA,tissue,Tumor,Adjacent,group2_higher,0.0004587319834163926,0.0003820347887803155
43134,178,0.11254087770478366,-0.028055418452465113,0.11398537829518315,-0.029909113422036098,0.4797891293590466,0.5872253860338145,0.14059629615724878,0.14389449171721924,,0.11449705419904745,2.0040591810427006,3.189933887953335,3.189933887953335,0.0016819779015123024,4479657.0,3.8489064798191865,0.00011864774452667052,0.29273994619396415,0.16690371213198696,GCST90200218,cancerType_celltype,ESCA_Epi_ESCA,tissue,Tumor,Adjacent,group1_higher,0.004317393370548528,0.0003820347887803155
43134,178,-0.044908478849909866,-0.24172857925138866,-0.06423733383417125,-0.34478503465652466,0.6781439237470805,0.7558145582498244,0.1968201004014788,0.2805477008223534,,0.1178182361474498,-2.4283021337165844,3.4685184317360966,3.4685184317360966,0.0006561848885427206,4479590.0,3.848504007121365,0.00011884281030290079,0.29008999761854587,0.16688625933399082,GCST90199753,cancerType_celltype,ESCA_Epi_ESCA,tissue,Tumor,Adjacent,group1_higher,0.0018710878725601008,0.0003820347887803155
43134,178,0.19512344335865023,-0.1426720066425087,0.1685098931193351,-0.24482260644435877,1.1940759972708812,1.2599096242695684,0.33779545000115896,0.4133324995636939,,0.09598401686713154,0.45168211003464087,3.5704338833177296,3.5704338833177296,0.0004581699608868415,4478215.0,3.8402443062332368,0.00012291343586368173,0.2828272802422973,0.1665280862407872,GCST90199706,cancerType_celltype,ESCA_Epi_ESCA,tissue,Tumor,Adjacent,group1_higher,0.001363505800630491,0.00039419061901693693
43134,178,0.20077548241382007,0.09536505535276335,0.2058841213583946,0.0277230143547058,0.4514312485331488,0.5600830666207599,0.10541042706105672,0.17816110700368878,,0.08729606489956741,1.0740425427092497,2.507608671743553,2.507608671743553,0.013050410172241728,4478099.0,3.8395474878310383,0.0001232627949594652,0.23324583082540284,0.16649786945619693,GCST90199919,cancerType_celltype,ESCA_Epi_ESCA,tissue,Tumor,Adjacent,group1_higher,0.026059666621894087,0.0003943830740135002
43134,178,-0.2798946441789881,-0.5211959898346261,-0.311654269695282,-0.541040301322937,0.852125157853644,0.8910557219084482,0.24130134565563804,0.22938603162765503,,0.11785254067405308,-0.8969397162394147,3.6061760030444905,3.6061760030444905,0.0004032051781382322,4477059.0,3.8333001504320174,0.00012643706994197736,0.2831218789635674,0.1662269603529738,GCST90199947,cancerType_celltype,ESCA_Epi_ESCA,tissue,Tumor,Adjacent,group1_higher,0.00121768751258118,0.0004032887671209614
43134,178,-0.8354616062245813,-0.5264851241006275,-0.8934161067008972,-0.6612198650836945,0.9675547161996934,0.9987352453934659,-0.3089764821239538,-0.23219624161720276,,-0.1293403966183669,-0.6661797488005274,-4.119510898195594,-4.119510898195594,5.803037137196893e-05,3200858.0,-3.832909691844579,0.00012663799877312654,-0.319294750653941,-0.16621002853402222,GCST90200032,cancerType_celltype,ESCA_Epi_ESCA,tissue,Tumor,Adjacent,group2_higher,0.00021729504445053199,0.0004032887671209614
43134,178,-0.41591520575002044,-0.1173274437779184,-0.450856015086174,-0.0926633961498737,1.0471761182445918,1.031757482691174,-0.298587761972102,-0.3581926189363003,,-0.10881334035917234,-1.825740092817797,-3.852860236337169,-3.852860236337169,0.00016264118057098884,3201940.0,-3.8264100581275207,0.000130027212411359,-0.2851531785457015,-0.1659281788708613,GCST90200887,cancerType_celltype,ESCA_Epi_ESCA,tissue,Tumor,Adjacent,group2_higher,0.0005354587659861299,0.00041311676111114757
43134,178,-0.28043042923046896,0.028241356409657123,-0.33438946306705475,0.044854607433080604,1.214650116304352,1.1278092539283795,-0.3086717856401261,-0.37924407050013537,,-0.105845543965184,-3.3117156773828746,-3.6427918340805183,-3.6427918340805183,0.0003532060494948852,3202668.0,-3.822036921948206,0.0001323554789862954,-0.2541956597460317,-0.1657385424986051,GCST90200999,cancerType_celltype,ESCA_Epi_ESCA,tissue,Tumor,Adjacent,group2_higher,0.0010770018914128155,0.00041953608804260617
43134,178,0.2810367258255255,0.1278303247023625,0.2768617421388626,0.1212779730558395,0.525417570111334,0.5233577697484215,0.15320640112316303,0.15558376908302313,,0.12217035233357369,1.1365223994216183,3.8975073736289483,3.8975073736289483,0.00013735425280443587,4474798.0,3.8197181986443387,0.00013360585274979476,0.2915944568588153,0.1656379935429857,GCST90199707,cancerType_celltype,ESCA_Epi_ESCA,tissue,Tumor,Adjacent,group1_higher,0.0004622564112899904,0.00042251688468206557
43134,178,-0.4940944555356997,-0.8181827630575621,-0.5524503886699677,-0.9329636693000793,1.1251674167441088,1.1459847497993558,0.3240883075218624,0.3805132806301117,,0.11528444189242017,-0.7276351204794389,3.7655845511006376,3.7655845511006376,0.00022541704407612583,4474508.0,3.8179761526388427,0.00013455256557940308,0.2880136535630407,0.16556245158150995,GCST90200214,cancerType_celltype,ESCA_Epi_ESCA,tissue,Tumor,Adjacent,group1_higher,0.000717858483821868,0.00042452580297390366
43134,178,1.1179386927526123,0.6846155240357424,1.14425528049469,0.6774594485759735,1.4439472375655098,1.4608808743405284,0.4333231687168698,0.46679583191871643,,0.1112451575686279,0.7074743450634083,3.949420949591058,3.949420949591058,0.00011264984907040966,4474390.0,3.8172673201262612,0.00013493958585574726,0.3000817960094093,0.16553171381787513,GCST90200172,cancerType_celltype,ESCA_Epi_ESCA,tissue,Tumor,Adjacent,group1_higher,0.0003884386471554911,0.0004247636386175139
43134,178,-0.08064835495876556,0.18294113677968218,-0.1313155516982078,0.2180431932210922,1.0263007882158723,0.8903389523407171,-0.26358949173844776,-0.34935874491929997,,-0.1001048317872662,1.1816525073532331,-3.939084500948288,-3.939084500948288,0.00011709101776419281,3203772.0,-3.815405133016938,0.00013596133694892653,-0.2569644818679552,-0.16545096206595278,GCST90200598,cancerType_celltype,ESCA_Epi_ESCA,tissue,Tumor,Adjacent,group2_higher,0.0003999876120616411,0.00042699378401241214
43134,178,0.22218402819416508,0.35343869117092214,0.22398289293050766,0.36734881997108454,0.419638284291592,0.5293067424229565,-0.13125466297675706,-0.14336592704057688,,-0.09389101008559843,0.6697024583501736,-3.3041123783247666,-3.3041123783247666,0.001152032996983417,3208754.0,-3.785477984053552,0.00015341526955605983,-0.3124034427448037,-0.16415320326570504,GCST90199959,cancerType_celltype,ESCA_Epi_ESCA,tissue,Tumor,Adjacent,group2_higher,0.003090986171040152,0.0004807011779423208
43134,178,0.24587623097797265,-0.08529386129701154,0.2163484543561935,-0.09908080101013181,1.1669424086236115,1.0984703665746922,0.3311700922749842,0.31542925536632527,,0.11158778526770179,1.5274074107385252,4.0129506594771005,4.0129506594771005,8.809756025653434e-05,4468571.0,3.782312265967702,0.00015538014647664618,0.28385908457339937,0.16401592528743714,GCST90199940,cancerType_celltype,ESCA_Epi_ESCA,tissue,Tumor,Adjacent,group1_higher,0.0003135169050382671,0.0004857411459808916
43134,178,0.29624133619743714,-0.005692683547484069,0.25823868811130524,-0.08962964825332159,1.0028633074352973,0.9926815886616729,0.30193401974492123,0.34786833636462683,,0.11183084969245301,5.701271710752662,4.049481610966045,4.049481610966045,7.642834682863628e-05,4467966.0,3.7786779975769256,0.00015766503833961762,0.30108438760402556,0.1638583291264275,GCST90200860,cancerType_celltype,ESCA_Epi_ESCA,tissue,Tumor,Adjacent,group1_higher,0.0002777915646064833,0.000491756172212583
43134,178,-0.027471503739665695,0.12028646470947463,-0.053289635106921154,0.1473521068692207,0.5389419844129437,0.5991042154725421,-0.14775796844914033,-0.20064174197614187,,-0.11167618461638516,2.130426002226314,-3.2849940336148222,-3.2849940336148222,0.0012279393063204963,3211749.0,-3.7674868537554107,0.00016490120477825827,-0.2740310694944338,-0.1633730371463269,GCST90200117,cancerType_celltype,ESCA_Epi_ESCA,tissue,Tumor,Adjacent,group2_higher,0.003249866552455993,0.0005131514660108814
43134,178,-0.22160361780891513,0.1168877049192284,-0.27482806146144867,0.24665701389312744,1.2168043292642536,1.3499529143384672,-0.33849132272814353,-0.5214850753545761,,-0.11284013962483441,-0.9228524172194983,-3.3397356468939576,-3.3397356468939576,0.0010213265399119517,3212451.0,-3.7632699010110717,0.00016770804845741224,-0.27804945501276,-0.16319017350165121,GCST90200815,cancerType_celltype,ESCA_Epi_ESCA,tissue,Tumor,Adjacent,group2_higher,0.0028009417985915296,0.0005206971982857696
43134,178,0.24982182631740601,-0.04533046947038743,0.2179253920912742,-0.1604809910058975,0.9999183797007758,0.9118862658035968,0.29515229578779345,0.3784063830971717,,0.11249537442385663,2.4623204683763973,4.307652818845061,4.307652818845061,2.717658472493561e-05,4465090.0,3.7614017068465566,0.00016896584833467172,0.29527797008512147,0.1631091612602067,GCST90200762,cancerType_celltype,ESCA_Epi_ESCA,tissue,Tumor,Adjacent,group1_higher,0.00011575526556277262,0.0005234101165458126
43134,178,-0.0025398581572787403,0.22190656292178992,-0.02600683923810715,0.2129596024751663,0.8582889675055632,0.767694548004754,-0.22444642107906868,-0.23896644171327344,,-0.08964496733493008,6.448499187645563,-3.8906040941403397,-3.8906040941403397,0.00014091361208101543,3212952.5,-3.7602573628326015,0.00016974067812765547,-0.2616114108033259,-0.16305953800620276,GCST90200554,cancerType_celltype,ESCA_Epi_ESCA,tissue,Tumor,Adjacent,group2_higher,0.000471904799180403,0.0005246180142584907
43134,178,-0.01220372708943622,0.41149654907038374,-0.07277817651629445,0.3952339142560959,1.3450404342862956,1.4321679964299172,-0.42370027615982,-0.46801209077239037,,-0.1293203240120048,5.075371897394378,-3.939905778902496,-3.939905778902496,0.00011686900636398818,3215061.0,-3.747591486961606,0.00017854286196415696,-0.31492326414768723,-0.16251029584837007,GCST90200016,cancerType_celltype,ESCA_Epi_ESCA,tissue,Tumor,Adjacent,group2_higher,0.0003999876120616411,0.0005505744815772533
43134,178,0.3657463713907293,0.23506927902004524,0.38684163987636566,0.21998474746942515,0.49857569108561767,0.5563049898781736,0.13067709237068406,0.16685689240694052,,0.09395255690841336,0.6377553516428811,3.128800939599259,3.128800939599259,0.0020509781378472824,4462538.0,3.7460717019981904,0.0001796274191598633,0.26196970005570275,0.16244439199922067,GCST90200906,cancerType_celltype,ESCA_Epi_ESCA,tissue,Tumor,Adjacent,group1_higher,0.005176820744233048,0.0005526685605302341
43134,178,0.15940836008136233,0.028469707928594653,0.1525513157248497,0.041324065998196546,0.44283251060580164,0.5273405473187818,0.13093865215276768,0.11122724972665315,,0.11933916613655889,2.48518607144391,3.307925462954909,3.307925462954909,0.0011372344384192282,4459676.5,3.7288825135680965,0.0001923330827432315,0.2954320831305267,0.1616990012310735,GCST90200070,cancerType_celltype,ESCA_Epi_ESCA,tissue,Tumor,Adjacent,group1_higher,0.003063340987283415,0.0005904279094122174
43134,178,-0.33092313052519046,-0.02042185857871108,-0.3913981765508652,-0.0117152910679578,1.101963975170414,1.2060009294195966,-0.31050127194647936,-0.37968288548290735,,-0.10975150274030437,-4.018243775927732,-3.42908988184106,-3.42908988184106,0.0007523370537362128,3219059.0,-3.7235752803065245,0.0001964235941479954,-0.28165701992652825,-0.16146885873809502,GCST90200029,cancerType_celltype,ESCA_Epi_ESCA,tissue,Tumor,Adjacent,group2_higher,0.0021274593449013652,0.0006013379407485694
43134,178,-0.34456110555884323,-0.1508992309884817,-0.38529135286808014,-0.17502761632204056,0.6784579201599333,0.6931647267024479,-0.19366187457036152,-0.21026373654603958,,-0.09366430366443182,-1.1911690305245974,-3.7201538062820023,-3.7201538062820023,0.0002665534416747395,3219166.0,-3.722932525401048,0.00019692450542609539,-0.28541863667116146,-0.16144098635920567,GCST90200134,cancerType_celltype,ESCA_Epi_ESCA,tissue,Tumor,Adjacent,group2_higher,0.0008371252096835712,0.0006013379407485694
43134,178,-0.42559637236625947,-0.15868349506498805,-0.48233361542224884,-0.29897424578666687,0.9192239048692024,0.98884801607956,-0.26691287730127145,-0.18335936963558197,,-0.1292212881883431,-1.4233280732008458,-3.594818827029945,-3.594818827029945,0.0004199971753782051,3219227.0,-3.722566095034375,0.00019721060859472522,-0.29027440076433564,-0.16142509649834358,GCST90200942,cancerType_celltype,ESCA_Epi_ESCA,tissue,Tumor,Adjacent,group2_higher,0.0012581453847043814,0.0006013379407485694
43134,178,0.01573242947190939,0.202491258111458,-0.016165493987500598,0.13875016570091245,0.640056870365726,0.6648894750263363,-0.1867588286395486,-0.15491565968841303,,-0.10214243979322349,3.68596167093403,-3.740355294586523,-3.740355294586523,0.00024747404241361003,3220474.5,-3.715072293683146,0.00020314801975887187,-0.2917375908509489,-0.161100135819237,GCST90200563,cancerType_celltype,ESCA_Epi_ESCA,tissue,Tumor,Adjacent,group2_higher,0.0007790002766968834,0.0006165930671153812
43134,178,0.42747164139276916,0.1869304721227983,0.39587758481502533,0.06710571981966496,0.9189970914805562,0.9595437083015346,0.24054116926997085,0.3287718649953604,,0.09557538786191819,1.1933226049669001,3.338214533072111,3.338214533072111,0.0010264327694253649,4457373.0,3.7150452619347845,0.00020316973808137134,0.2616949002204785,0.16109896361638643,GCST90200312,cancerType_celltype,ESCA_Epi_ESCA,tissue,Tumor,Adjacent,group1_higher,0.0028092929010577754,0.0006165930671153812
43134,178,0.3268976568919982,0.2057134368132507,0.2996599078178406,0.15283667296171183,0.5243332527845774,0.6942328991179262,0.12118422007874749,0.14682323485612875,,0.08184281776571237,0.6682004054375135,2.3261639493850654,2.3261639493850654,0.02113748392324459,4457290.0,3.7145466763539012,0.00020357071181358882,0.23076577847773783,0.16107734298603305,GCST90200656,cancerType_celltype,ESCA_Epi_ESCA,tissue,Tumor,Adjacent,group1_higher,0.03909143906022032,0.0006165930671153812
43134,178,0.1810852697652508,-0.00031854842986985286,0.17082862555980674,0.00513076700735835,0.5876424615496558,0.6052477909931355,0.18140381819512066,0.1656978585524484,,0.1148153090983554,9.146426849193347,3.9909852931946896,3.9909852931946896,9.598272692999045e-05,4456506.0,3.70983714508387,0.0002073950708509637,0.3086592457893056,0.16087311920052638,GCST90200017,cancerType_celltype,ESCA_Epi_ESCA,tissue,Tumor,Adjacent,group1_higher,0.00033717643506592004,0.0006267837728821807
43134,178,-0.31380197640971286,-0.7829717334485455,-0.3714636415243149,-0.8547583222389221,1.6900411923278942,1.5669467351269784,0.4691697570388327,0.48329468071460724,,0.11717397206574982,-1.3191030311292522,3.9851608551931883,3.9851608551931883,9.81061507180917e-05,4453475.5,3.6916327643264353,0.0002228216663178496,0.2776881333638585,0.16008370570310548,GCST90200775,cancerType_celltype,ESCA_Epi_ESCA,tissue,Tumor,Adjacent,group1_higher,0.0003437498288657044,0.0006719157769717457
43134,178,0.3143128578063605,0.1806359943022083,0.31083540618419647,0.2005264461040496,0.4501011180414088,0.5098334891911295,0.13367686350415217,0.11030896008014687,,0.11728810444364877,0.7991124948338851,3.492533555302179,3.492533555302179,0.0006034091711915235,4453271.5,3.6904073250673965,0.00022389789253045176,0.29682134508952007,0.1600305658405501,GCST90199735,cancerType_celltype,ESCA_Epi_ESCA,tissue,Tumor,Adjacent,group1_higher,0.0017314667375453612,0.0006732750617631003
43134,178,0.0011404912251955638,-0.12234046363423505,0.00181006133789195,-0.1589544117450714,0.4417008867070381,0.5268249762487737,0.12348095485943061,0.16076447308296335,,0.10208641867128002,-6.743849861369082,3.12258756619668,3.12258756619668,0.002092700435486174,4453203.0,3.689995841786788,0.0002242603654001816,0.2793167745406635,0.16001272230827057,GCST90200222,cancerType_celltype,ESCA_Epi_ESCA,tissue,Tumor,Adjacent,group1_higher,0.005243291716117013,0.0006732750617631003
43134,178,-0.27157221828548783,0.06085623444968395,-0.3257448226213455,0.031115514226257752,1.2718959031380968,1.262024117634637,-0.3324284527351718,-0.35686033684760327,,-0.10000635423763192,-2.157840532747014,-3.5069717482790246,-3.5069717482790246,0.0005733582529311756,3225533.0,-3.6846856049976204,0.00022898781293386968,-0.26137277117314367,-0.1597824495705309,GCST90200540,cancerType_celltype,ESCA_Epi_ESCA,tissue,Tumor,Adjacent,group2_higher,0.0016687470157793962,0.0006859568989645372
43134,178,0.1826674954575149,0.028616771301427295,0.1877242475748062,0.0180102223530411,0.594740163515079,0.5254995388006303,0.15405072415608762,0.16971402522176512,,0.1002500663265293,2.6742446089624172,3.9008264944113717,3.9008264944113717,0.000135531187488668,4451830.0,3.6817481550090423,0.00023164290164941038,0.2591380400766348,0.15965507019411151,GCST90200456,cancerType_celltype,ESCA_Epi_ESCA,tissue,Tumor,Adjacent,group1_higher,0.0004583846365931873,0.000691845730240244
43134,178,0.16746829089379758,0.03378178139679589,0.17662337422370905,0.01710821839515115,0.4622130150157088,0.5179027284756385,0.1336865094970017,0.1595151558285579,,0.11139639832458233,2.3095365527691762,3.4382449410837315,3.4382449410837315,0.0007289410419478369,4451744.0,3.681231548262585,0.00023211282673936466,0.28908050391035844,0.15963266809519117,GCST90199827,cancerType_celltype,ESCA_Epi_ESCA,tissue,Tumor,Adjacent,group1_higher,0.002065585530509151,0.000691845730240244
43134,178,0.19029421589378007,-0.10739151460218002,0.1302151083946228,-0.14531595259904861,1.127315837424668,1.0170849394017507,0.2976857304959601,0.2755310609936714,,0.11112901126555572,0.8253458529653637,3.895047138468415,3.895047138468415,0.0001385627135919059,4451639.0,3.6806008074674916,0.00023268778544932516,0.26416637562200784,0.1596053166953466,GCST90200913,cancerType_celltype,ESCA_Epi_ESCA,tissue,Tumor,Adjacent,group1_higher,0.0004651748242013983,0.000691845730240244
43134,178,-0.00675995414099749,0.24037972288834078,-0.05184330791234965,0.16073913872241968,0.801729357392028,0.8137084035291366,-0.24713967702933826,-0.21258244663476933,,-0.1081172902891222,5.151950533356766,-4.044040591638137,-4.044040591638137,7.80835012471421e-05,3226267.0,-3.6802764264871577,0.00023298399866490978,-0.30823927335686674,-0.15959125026114074,GCST90200264,cancerType_celltype,ESCA_Epi_ESCA,tissue,Tumor,Adjacent,group2_higher,0.000282301889124283,0.000691845730240244
43134,178,-0.5042671330768895,-0.06955521048329184,-0.5816775560379028,-0.07524834200739855,1.652739067332675,1.6375281649018463,-0.4347119225935977,-0.5064292140305042,,-0.0941516146568595,-2.857939818010316,-3.5343688139996314,-3.5343688139996314,0.0005205869657302826,3226439.0,-3.6792432129942427,0.00023392985291854356,-0.2630349869470048,-0.15954644606330004,GCST90199742,cancerType_celltype,ESCA_Epi_ESCA,tissue,Tumor,Adjacent,group2_higher,0.00152593555761371,0.000693144325060815
43134,178,0.15343457978778927,0.009375546928076597,0.13914312422275538,0.0030220667831599994,0.5324325969984579,0.5470393892627157,0.14405903285971267,0.13612105743959538,,0.1135123285716532,4.032432530599368,3.506587429537549,3.506587429537549,0.0005742056862806579,4451306.5,3.6786034616163623,0.00023451731773574448,0.2705368966914282,0.1595187039291719,GCST90199915,cancerType_celltype,ESCA_Epi_ESCA,tissue,Tumor,Adjacent,group1_higher,0.0016687470157793962,0.0006933776661037305
43134,178,0.19803999612421946,0.06942229922089119,0.1973893940448761,0.0466046296060085,0.5387160170341838,0.5750013352313065,0.12861769690332828,0.1507847644388676,,0.09360667637902542,1.5123072775595343,2.978905518978254,2.978905518978254,0.0032959412908153784,4446338.0,3.6487574078980596,0.0002635148695428525,0.2386806995651942,0.1582244617374755,GCST90200911,cancerType_celltype,ESCA_Epi_ESCA,tissue,Tumor,Adjacent,group1_higher,0.007772262940106161,0.0007774259030019652
43134,178,0.24554753589356895,0.12493553823396417,0.2578050494194031,0.16543316096067423,0.40196231996013804,0.43451742523004655,0.12061199765960479,0.09237188845872885,,0.10051931755071448,0.9748127592593572,3.696815823387951,3.696815823387951,0.0002904155759967244,4446126.0,3.6474839121974902,0.00026482398171970425,0.2999546841816333,0.1581692379587416,GCST90200828,cancerType_celltype,ESCA_Epi_ESCA,tissue,Tumor,Adjacent,group1_higher,0.000905804187834177,0.0007796006200517428
43134,178,-0.05194765438341337,0.2661847629233818,-0.0761136412620544,0.14737069606781,1.0137897481537321,1.049256671734013,-0.31813241730679515,-0.2234843373298644,,-0.12748894228065277,2.357275125200808,-4.037395123180055,-4.037395123180055,8.014550814205487e-05,3235693.0,-3.623653924253341,0.00029047358238581267,-0.31375948247817853,-0.15713587602365875,GCST90200552,cancerType_celltype,ESCA_Epi_ESCA,tissue,Tumor,Adjacent,group2_higher,0.0002882277773024295,0.0008532661482583248
43134,178,-0.34033434390222383,-0.12046676218049245,-0.3666429817676544,-0.18258520960807795,0.805975311572045,0.7694807591625955,-0.21986758172173138,-0.18405777215957647,,-0.1048632093598852,-1.498309858118327,-3.8035799018414096,-3.8035799018414096,0.0001956411085593538,3237420.0,-3.613279739937852,0.0003023517060295883,-0.2728462707478496,-0.15668601061859488,GCST90200883,cancerType_celltype,ESCA_Epi_ESCA,tissue,Tumor,Adjacent,group2_higher,0.0006318929643753536,0.000886248118964148
43134,178,-0.29320143005414034,0.04825962162341169,-0.3368071317672729,-0.020334986038506,0.968048763370909,1.2826407713055277,-0.34146105167755203,-0.3164721457287669,,-0.13812877025343495,-2.6029786570469398,-3.5476135070165338,-3.5476135070165338,0.0004971779146774386,3237575.0,-3.61234864638319,0.0003034397336095342,-0.35218792160947815,-0.1566456347426337,GCST90200499,cancerType_celltype,ESCA_Epi_ESCA,tissue,Tumor,Adjacent,group2_higher,0.0014667824625656902,0.0008875286628965561
43134,178,0.057810246490207925,0.3210805191899116,0.03135168738663195,0.3524583876132965,0.8738922133059065,0.9552744955240161,-0.26327027269970366,-0.32110670022666454,,-0.11671644587341974,2.4735175445145288,-3.6705827155847235,-3.6705827155847235,0.00031957266542914533,3238257.0,-3.608251834742678,0.00030827075684351703,-0.30114179736311464,-0.15646798088840475,GCST90200947,cancerType_celltype,ESCA_Epi_ESCA,tissue,Tumor,Adjacent,group2_higher,0.0009854695542532241,0.0008997281404233699
43134,178,0.27636849105925626,0.15602857062692513,0.2986075431108475,0.17649860680103302,0.4124390211766715,0.4698495770822585,0.12033992043233113,0.12210893630981445,,0.1072138009169457,0.8247788890702212,3.411705125612409,3.411705125612409,0.0007988983741359528,4439491.0,3.6076271010027763,0.0003090137500476287,0.2915988982237683,0.15644088997808248,GCST90200140,cancerType_celltype,ESCA_Epi_ESCA,tissue,Tumor,Adjacent,group1_higher,0.002240531859973876,0.0008999695327241835
43134,178,-0.9069564263159682,-0.5640618998473614,-0.973789393901825,-0.7693305611610413,1.113354007404291,1.2018753611468707,-0.34289452646860674,-0.2044588327407837,,-0.127736426851926,-0.6851787809133456,-3.7996493759121206,-3.7996493759121206,0.0001986495731458264,3238772.0,-3.605158201319125,0.0003119664394293782,-0.30787937544427496,-0.15633382878440483,GCST90200336,cancerType_celltype,ESCA_Epi_ESCA,tissue,Tumor,Adjacent,group2_higher,0.0006370808663476738,0.0009066316779152291
43134,178,0.22840603606554483,0.029910257481185077,0.2086791470646858,-0.05931889638304705,0.7644455662099633,0.8184409068412279,0.19849577858435974,0.2679980434477328,,0.0917536297416434,2.9328466252033176,3.2299335889279677,3.2299335889279677,0.0014743705397419944,4437983.0,3.598568461774196,0.0003199773185188184,0.25958222724841445,0.15604807177840896,GCST90200666,cancerType_celltype,ESCA_Epi_ESCA,tissue,Tumor,Adjacent,group1_higher,0.0038423844085436684,0.0009279342237045735
43134,178,0.20940369858799665,0.11873984156213073,0.2203901335597038,0.06933645159006115,0.3901373489708682,0.5009984001360543,0.09066385702586592,0.15105368196964264,,0.08934894301800252,0.8184775703931234,2.4113771160717943,2.4113771160717943,0.01690982589171749,4437079.0,3.5931380838812013,0.00032672310260698265,0.23208197877327708,0.15581258925022268,GCST90200266,cancerType_celltype,ESCA_Epi_ESCA,tissue,Tumor,Adjacent,group1_higher,0.03222080160862143,0.0009454853266524784
43134,178,0.24357961321434474,0.13831506187378775,0.27359308302402496,0.11785195767879485,0.4204246957024124,0.5735000448348391,0.10526455134055698,0.1557411253452301,,0.09199037534379961,0.8164306141479707,2.44611937032173,2.44611937032173,0.015413895896165437,4436020.0,3.5867766124335443,0.00033479474987115494,0.24993748284410058,0.1555367308460751,GCST90200980,cancerType_celltype,ESCA_Epi_ESCA,tissue,Tumor,Adjacent,group1_higher,0.03003098076623136,0.0009667907713440343
43134,178,-0.05970328660356776,-0.2767950383621906,-0.10483933612704274,-0.26514056324958796,0.8766362286398849,0.9342006197954711,0.21709175175862283,0.16030122712254521,,0.10789925244651392,-2.2129168727209567,3.0947497585001345,3.0947497585001345,0.0022876955890053195,4434940.0,3.580288992826869,0.0003432183513622791,0.2475731642145053,0.15525540216195877,GCST90200900,cancerType_celltype,ESCA_Epi_ESCA,tissue,Tumor,Adjacent,group1_higher,0.005671420809386329,0.0009890203232701617
43134,178,0.058178336881512194,-0.10069457290097653,0.0494823548942804,-0.104998767375946,0.5901950803713577,0.5731265322866886,0.15887290978248872,0.1544811222702264,,0.11277620257249847,-0.7914214983469109,3.6902955118547203,3.6902955118547203,0.00029728022483348096,4434786.0,3.5793639063273988,0.0003444355212029964,0.2692184740233127,0.1552152867755201,GCST90200583,cancerType_celltype,ESCA_Epi_ESCA,tissue,Tumor,Adjacent,group1_higher,0.0009250980512512205,0.0009904337877630466
43134,178,0.0441736406662283,-0.1614640253318704,0.03184260986745355,-0.22237247973680496,0.6970396536802789,0.826012185362701,0.2056376659980987,0.25421508960425854,,0.12115229144366882,-1.8699313945153806,3.316569000624617,3.316569000624617,0.0011046202644483054,4433995.0,3.574612325671028,0.0003507512370580305,0.29477231356887634,0.1550092395633571,GCST90200549,cancerType_celltype,ESCA_Epi_ESCA,tissue,Tumor,Adjacent,group1_higher,0.002993235428316183,0.0010064714444423064
43134,178,-0.38572200587582417,-0.1598500845109484,-0.4425772577524185,-0.1757667586207389,0.9602759496690482,0.8359591823150649,-0.22587192136487577,-0.26681049913167965,,-0.08820578276416044,-1.2708366638083755,-3.595074954711236,-3.595074954711236,0.0004192264747859113,3244539.0,-3.5705155140305163,0.0003562834362741576,-0.23533211743604227,-0.15483158570912803,GCST90200163,cancerType_celltype,ESCA_Epi_ESCA,tissue,Tumor,Adjacent,group2_higher,0.0012581453847043814,0.0010201981589110856
43134,178,-0.12298383557617135,0.051601319410069714,-0.15191919356584543,0.07504076510667795,0.7099194208582321,0.6444013809130391,-0.17458515498624105,-0.2269599586725234,,-0.0860435236568935,-1.2529726194468065,-3.605587086409554,-3.605587086409554,0.00040381126609441924,3247249.0,-3.554236394461914,0.00037908264355871087,-0.24601101684516372,-0.15412565910361387,GCST90200848,cancerType_celltype,ESCA_Epi_ESCA,tissue,Tumor,Adjacent,group2_higher,0.00121768751258118,0.0010832067990996287
43134,178,0.22690336110326448,0.069103150343355,0.2104973420500755,0.015204033814370601,0.5273332410933448,0.6250636386211412,0.15780021075990946,0.1952933082357049,,0.1276732128852467,1.7152400723760068,3.363229401959955,3.363229401959955,0.0009431716611680804,4429079.0,3.5450816423502722,0.0003924959686528454,0.29899457516127637,0.153728673071583,GCST90200067,cancerType_celltype,ESCA_Epi_ESCA,tissue,Tumor,Adjacent,group1_higher,0.002607592239699987,0.001119188295551942
43134,178,0.20081154665678574,0.06099309829021857,0.20363295823335648,0.04659982770681375,0.5006964996671945,0.5085663068270315,0.13981844836656718,0.15703313052654272,,0.10718112768112079,1.71910784965089,3.6606655340652554,3.6606655340652554,0.0003311984683890853,4427933.5,3.5382005606285625,0.00040286851309199057,0.279229827765696,0.1534302823237541,GCST90199911,cancerType_celltype,ESCA_Epi_ESCA,tissue,Tumor,Adjacent,group1_higher,0.0010190147007095335,0.0011463669798421358
43134,178,0.5664506502672856,0.30280330997703364,0.5501274764537811,0.2713397443294525,0.9512099029438733,1.0030649333620036,0.26364734029025194,0.2787877321243286,,0.10569833826883632,0.9035670792973152,3.500257529430189,3.500257529430189,0.0005871614439845486,4425414.0,3.5230657850739155,0.000426590296738082,0.2771071039106933,0.15277397897224376,GCST90199931,cancerType_celltype,ESCA_Epi_ESCA,tissue,Tumor,Adjacent,group1_higher,0.0016955530681163978,0.0012113386967791786
43134,178,-0.09264364750992254,0.10421423395059667,-0.11578615754842755,0.08336144313216205,0.6365158451916162,0.732575935874341,-0.19685788146051922,-0.19914760068058962,,-0.12359458346141741,0.16978665006234195,-3.579601746555162,-3.579601746555162,0.0004435659042818781,3252619.0,-3.5219785080842785,0.00042834372052680416,-0.3090691869254939,-0.15272683036870205,GCST90200550,cancerType_celltype,ESCA_Epi_ESCA,tissue,Tumor,Adjacent,group2_higher,0.0013229328830113782,0.0012137889627401954
43134,178,0.031991942302611126,0.28213589202895173,0.0020335729932412,0.1882500723004341,0.8303392899421282,0.9215211280252023,-0.2501439497263406,-0.18621649930719292,,-0.11319948686666276,3.1405697397356076,-3.6155001691786204,-3.6155001691786204,0.0003900094343646375,3253068.0,-3.519281340303355,0.0004327224678099883,-0.3011125840158054,-0.152609870573176,GCST90200516,cancerType_celltype,ESCA_Epi_ESCA,tissue,Tumor,Adjacent,group2_higher,0.0011839261893964385,0.0012236529535788673
43134,178,0.11961744645601713,-0.13373270075443838,0.054180443286895696,-0.20720591396093363,0.9312386478313005,0.8713502150310379,0.2533501472104555,0.2613863572478293,,0.11583366387140921,-0.16092318306213713,3.87005659725691,3.87005659725691,0.00015237041622470995,4423718.0,3.5128778194693586,0.0004432862783947714,0.2721263964868596,0.1523321887423723,GCST90200843,cancerType_celltype,ESCA_Epi_ESCA,tissue,Tumor,Adjacent,group1_higher,0.0005042929112192381,0.0012509300154287233
43134,178,-0.21130144076848348,0.015092653334873266,-0.24461759626865381,-0.012594704516231951,0.8310119173147225,0.8278878923222207,-0.22639409410335676,-0.23202289175242186,,-0.10469561815510989,-3.8072954824768,-3.6408481281440053,-3.6408481281440053,0.00035581112442607365,3254385.0,-3.511370048616326,0.0004458084003398505,-0.2724360038059907,-0.15226680587226737,GCST90200865,cancerType_celltype,ESCA_Epi_ESCA,tissue,Tumor,Adjacent,group2_higher,0.0010825235772159339,0.0012554480364942483
43134,178,0.06854162802517622,-0.18633168780904139,0.0513059683144092,-0.22579076141118998,0.9785375668298272,0.9547722125113552,0.2548733158342176,0.2770967297255992,,0.10072514024594421,-1.442807371254847,3.553819552764216,3.553819552764216,0.00048590237661746207,4423057.0,3.508907155987866,0.00044995702698726617,0.26048903831301135,0.15216000516811223,GCST90199908,cancerType_celltype,ESCA_Epi_ESCA,tissue,Tumor,Adjacent,group1_higher,0.0014366267664416503,0.0012645184078013273
43134,178,0.2338370343890502,0.06518620403295153,0.2041805163025856,-0.0174392876215279,0.6742749535137319,0.7375190818388723,0.16865083035609868,0.2216198039241135,,0.10873932080654544,1.842848904662775,3.045632596233277,3.045632596233277,0.002674323776486073,4422475.0,3.5054110498664905,0.0004559079571718181,0.25002143425119955,0.15200840026611617,GCST90200402,cancerType_celltype,ESCA_Epi_ESCA,tissue,Tumor,Adjacent,group1_higher,0.006455760144076282,0.0012786060609571773
43134,178,0.4840953415059234,0.2239002622742457,0.47314316034317017,0.2827586531639099,0.8594568766695861,0.8676618466791063,0.26019507923167773,0.19038450717926025,,0.12113904479753666,1.1124315296572989,3.9928328141087928,3.9928328141087928,9.528809042174609e-05,4421956.0,3.5022933882221716,0.0004612765835419382,0.3027317446363978,0.1518732062040269,GCST90199694,cancerType_celltype,ESCA_Epi_ESCA,tissue,Tumor,Adjacent,group1_higher,0.00033560120735100755,0.0012910061260116258
43134,178,-0.26303205494261395,-0.5799366179435106,-0.2996537983417511,-0.5661442279815674,1.157901902248523,1.0703847775493123,0.31690456300089664,0.2664904296398163,,0.10892355391358292,-1.140653610355672,3.940510353916428,3.940510353916428,0.00011650434380019584,4421730.0,3.500935793748923,0.0004636327532615486,0.2737699923095334,0.15181433557198032,GCST90200267,cancerType_celltype,ESCA_Epi_ESCA,tissue,Tumor,Adjacent,group1_higher,0.0003999876120616411,0.0012949414809333827
43134,178,0.2022621023883157,0.09108443915048677,0.2102868780493736,0.0824877209961414,0.4528609159809873,0.5765458114302545,0.11117766323782895,0.1277991570532322,,0.07747237986386651,1.1509408124979943,2.569458231126909,2.569458231126909,0.011005549787670342,4419269.0,3.4861524309229712,0.0004900271998531054,0.24518982703476072,0.1511732708575262,GCST90199636,cancerType_celltype,ESCA_Epi_ESCA,tissue,Tumor,Adjacent,group1_higher,0.022427704655582373,0.0013658631357868765
43134,178,-0.10399188743185767,0.1599803959291554,-0.15061493963003156,0.14951816201210016,1.0463756570896208,1.0315398652388357,-0.2639722833610131,-0.3001331016421317,,-0.10095138558197501,0.6214192863890767,-3.406922141569087,-3.406922141569087,0.0008117984722412753,3258914.0,-3.484164095654629,0.0004936822503557053,-0.2522874744366902,-0.15108704882563506,GCST90200369,cancerType_celltype,ESCA_Epi_ESCA,tissue,Tumor,Adjacent,group2_higher,0.002267379749313234,0.001373242667826176
43134,178,-0.34212506628392936,-0.15053315287595875,-0.38750308752059937,-0.1840232759714126,0.812833032239452,0.7849115960428372,-0.1915919134079706,-0.20347981154918676,,-0.09874714430852323,-1.1844371861834542,-3.2494328570278403,-3.2494328570278403,0.0013818348934104643,3260605.0,-3.474006165326029,0.0005127549916009829,-0.2357413466218331,-0.15064656104337515,GCST90200545,cancerType_celltype,ESCA_Epi_ESCA,tissue,Tumor,Adjacent,group2_higher,0.0036289806545635123,0.001423391147764032
43134,178,-0.26077400586550736,-0.0813872442774349,-0.2945207357406616,-0.0492295548319816,0.7634575943871893,0.7240059075489046,-0.17938676158807246,-0.24529118090868002,,-0.08780554081671459,-1.6799132685370894,-3.2981024741160674,-3.2981024741160674,0.001174661577541173,3261737.0,-3.4672061788494024,0.0005259042143825109,-0.2350145960918379,-0.15035168690409761,GCST90200356,cancerType_celltype,ESCA_Epi_ESCA,tissue,Tumor,Adjacent,group2_higher,0.003139340647428664,0.00145692569960033
43134,178,1.2779091179515605,0.8997698483826446,1.2254337072372437,0.862093448638916,1.472057674156817,1.3782135223048553,0.37813926956891586,0.36334025859832764,,0.10498316034453935,0.5061568366225749,3.6519547782425774,3.6519547782425774,0.0003416991745637769,4415622.0,3.4642447006400587,0.0005317285240841863,0.256942843231061,0.15022326556958898,GCST90199957,cancerType_celltype,ESCA_Epi_ESCA,tissue,Tumor,Adjacent,group1_higher,0.0010489548984919548,0.0014700729783503974
43134,178,-0.2557926659187492,-0.04297142676561757,-0.2778656929731369,-0.06306764297187326,0.7047451023289121,0.751100294887877,-0.21282123915313164,-0.21479805000126365,,-0.12181615553836846,-2.5734973826820133,-3.7734583795212613,-3.7734583795212613,0.00021897332364863276,3263552.0,-3.456303373677073,0.0005476446902581128,-0.30189947016274726,-0.14987889842106883,GCST90200314,cancerType_celltype,ESCA_Epi_ESCA,tissue,Tumor,Adjacent,group2_higher,0.0006989710541758465,0.0015110115644166148
43134,178,-0.2820335297502284,0.17660983787389117,-0.36855956912040705,0.08047049865126604,1.6903211013556974,1.7243026852910435,-0.45864336762411956,-0.4490300677716731,,-0.11564375920684233,-0.6752979260273907,-3.541703434220716,-3.541703434220716,0.0005073110405159858,3263849.0,-3.4545192782852374,0.0005512809424853872,-0.2713125400630254,-0.14980153303293686,GCST90199651,cancerType_celltype,ESCA_Epi_ESCA,tissue,Tumor,Adjacent,group2_higher,0.0014934448125772976,0.0015179715648638036
43134,178,0.4539705545053779,0.19648662648749737,0.4164760112762451,0.12531165406107894,1.0272724915495421,1.1222083501416067,0.2574839280178805,0.2911643572151662,,0.10930322417575235,1.2081634384345965,3.0558851775742366,3.0558851775742366,0.0025889859480391496,4413669.5,3.4525159253789166,0.0005553908743216305,0.25054914736556066,0.14971465977723986,GCST90200462,cancerType_celltype,ESCA_Epi_ESCA,tissue,Tumor,Adjacent,group1_higher,0.00631267951194519,0.0015262051647185128
43134,178,0.13721559610455034,0.4367015211466239,0.12340081483125681,0.36307866871356964,1.0513954979544577,1.0250103835599071,-0.2994859250420736,-0.23967785388231283,,-0.10717592667100294,1.6701958765519789,-3.8897113178289544,-3.8897113178289544,0.00014146694961017874,3265675.0,-3.443550395505803,0.0005741359600479308,-0.2848749686490135,-0.14932587916516238,GCST90200891,cancerType_celltype,ESCA_Epi_ESCA,tissue,Tumor,Adjacent,group2_higher,0.00047259669685949414,0.0015745418783608242
43134,178,0.09717114230702993,-0.0763746113294024,0.09207386896014211,-0.12316691130399701,0.6459240751162855,0.7198318013774643,0.17354575363643232,0.21524078026413912,,0.1012867086197216,0.34743075293402853,3.2112389863867303,3.2112389863867303,0.0015681868413775428,4411498.0,3.439471605030865,0.0005828573906962455,0.2685455264664498,0.14914900677950027,GCST90200814,cancerType_celltype,ESCA_Epi_ESCA,tissue,Tumor,Adjacent,group1_higher,0.004040526776554992,0.0015952502480300857
43134,178,0.03345617004775839,-0.45849618496729083,-0.0184571677818894,-0.5705733597278595,1.800356894524551,1.9589090076118978,0.4919523550150492,0.5521161919459701,,0.09477692407015495,-3.7765255498813963,3.3447463588780044,3.3447463588780044,0.0010040821958295781,4410080.0,3.430953600769508,0.0006014701281218024,0.27315006463288266,0.14877963263683647,GCST90200776,cancerType_celltype,ESCA_Epi_ESCA,tissue,Tumor,Adjacent,group1_higher,0.002759201679265554,0.0016428933559719772
43134,178,-0.4621587616880567,-0.19053957098964183,-0.5252662003040314,-0.2989831119775772,1.0180101829979777,1.0710373793378938,-0.2716191906984149,-0.22628308832645416,,-0.10932336031529329,-1.2782934385495066,-3.3772076811633465,-3.3772076811633465,0.0008989955439094666,3268062.0,-3.429211554764012,0.0006053441864955577,-0.26675556576808085,-0.14870409067536072,GCST90200512,cancerType_celltype,ESCA_Epi_ESCA,tissue,Tumor,Adjacent,group2_higher,0.0024905100129036647,0.00165016825238689
43134,178,0.023538956201172294,0.15014222854476297,0.0184099832549691,0.11637809872627256,0.4750784883317334,0.5092699548853377,-0.12660327234359067,-0.09796811547130346,,-0.09313723518101578,2.673155869668403,-3.3107658229610504,-3.3107658229610504,0.0011261420600026987,3268376.0,-3.427325339433923,0.0006095650338196073,-0.26640800502748396,-0.14862229696534912,GCST90200271,cancerType_celltype,ESCA_Epi_ESCA,tissue,Tumor,Adjacent,group2_higher,0.003040073764669783,0.0016583575670581334
43134,178,-0.19672094654268832,-0.42437965996050686,-0.23478937894105906,-0.4856509864330292,0.9466569321357505,0.982870303473835,0.22765871341781854,0.2508616074919701,,0.0931390945031416,-1.1092009952637536,3.0843835046245336,3.0843835046245336,0.002364559825227277,4409168.0,3.4254751664349823,0.0006137318221333163,0.24044872239243356,0.14854206619247146,GCST90199798,cancerType_celltype,ESCA_Epi_ESCA,tissue,Tumor,Adjacent,group1_higher,0.005838577974247788,0.0016663674772265144
43134,178,0.052927058492511864,0.1901729859992485,0.04180748760700225,0.16958855837583542,0.5228446274491713,0.5219644214414791,-0.13724592750673664,-0.12778107076883316,,-0.09338906257184787,1.8452152735680671,-3.5008322559578136,-3.5008322559578136,0.0005858663428210272,3269952.0,-3.41785822045233,0.000631166724973147,-0.262500298915377,-0.14821176547815718,GCST90199712,cancerType_celltype,ESCA_Epi_ESCA,tissue,Tumor,Adjacent,group2_higher,0.0016954051491827177,0.0017102987000763407
43134,178,0.3143957751645658,0.16256872473514816,0.3157665878534317,0.11771063879132265,0.5676047119801163,0.6254897647867653,0.15182705042941763,0.19805594906210905,,0.09844896444758472,0.9515278094660248,3.2329745431052577,3.2329745431052577,0.0014597334025047795,4407787.0,3.4171794232157056,0.0006327426211804303,0.2673702067816446,0.1481823301621339,GCST90200838,cancerType_celltype,ESCA_Epi_ESCA,tissue,Tumor,Adjacent,group1_higher,0.0038115261065402575,0.0017111670489462826
43134,178,0.33448138902803404,0.1930823594847108,0.3393838554620743,0.23066438734531403,0.46428794775302923,0.5527949789235942,0.14139902954332323,0.10871946811676025,,0.09433296005563241,0.7927064191583851,3.407698288299706,3.407698288299706,0.0008100736401037745,4407536.0,3.415671652362673,0.0006362561671454902,0.3042907427199194,0.14811694729202918,GCST90199638,cancerType_celltype,ESCA_Epi_ESCA,tissue,Tumor,Adjacent,group1_higher,0.0022672081549516315,0.0017172616946916895
43134,178,0.16205916522226893,-0.03421510802974318,0.11808631569147104,-0.15245816111564636,0.8621027592209808,0.93618514282148,0.1962742732520121,0.2705444768071174,,0.08488397377858951,2.243781944091103,2.7922421182318535,2.7922421182318535,0.005805799076389213,4406057.0,3.4067872177346423,0.0006573307319113936,0.22758588766930904,0.14773168328850317,GCST90200253,cancerType_celltype,ESCA_Epi_ESCA,tissue,Tumor,Adjacent,group1_higher,0.012930235524703427,0.0017706359438640898
43134,178,0.275473543785504,0.15938337739253564,0.29107503592967987,0.10391577705740926,0.508890324181797,0.6750573339172351,0.11609016639296835,0.1871592588722706,,0.08640753708938337,0.7894087819934675,2.2916913851030336,2.2916913851030336,0.023095662238533182,4404857.0,3.399578751505003,0.0006749048287016356,0.22777083625071484,0.1474190958617072,GCST90200779,cancerType_celltype,ESCA_Epi_ESCA,tissue,Tumor,Adjacent,group1_higher,0.04214108116615894,0.0018102793828179298
43134,178,0.24449426489403764,0.4188958518534083,0.23449734598398203,0.4058680534362793,0.7028966913089325,0.6717404177713504,-0.17440158695937064,-0.17137070745229727,,-0.0915146066716487,0.7767885169481276,-3.4560499867124275,-3.4560499867124275,0.0006849309348924441,3273016.0,-3.3994526033459844,0.0006752162285640769,-0.24816234027415657,-0.1474136255817382,GCST90200719,cancerType_celltype,ESCA_Epi_ESCA,tissue,Tumor,Adjacent,group2_higher,0.0019489788397878943,0.0018102793828179298
43134,178,-0.19769802658674096,-0.46244626348900997,-0.2134129852056503,-0.47652907669544214,0.9960932317660086,1.0754277558881615,0.264748236902269,0.26311609148979187,,0.10563330318584722,-1.2259830854398095,3.2786452766074223,3.2786452766074223,0.0012541825556529104,4404781.0,3.399122215310459,0.0006760324327617947,0.26569669121461914,0.14739929865801016,GCST90200101,cancerType_celltype,ESCA_Epi_ESCA,tissue,Tumor,Adjacent,group1_higher,0.0033128891925482884,0.0018102793828179298
43134,178,-0.8234110061051486,-0.5300430825367318,-0.8804818689823151,-0.5278008580207825,1.2237611319229886,1.197465598336886,-0.2933679235684168,-0.3526810109615326,,-0.10044839895924047,-0.6355021343691849,-3.2615625368778325,-3.2615625368778325,0.001327311295887521,3273202.0,-3.3983352910803903,0.0006779801782110606,-0.2397472878159553,-0.14736517453058484,GCST90200728,cancerType_celltype,ESCA_Epi_ESCA,tissue,Tumor,Adjacent,group2_higher,0.003499275234612555,0.0018104554942927357
43134,178,0.5840033076334276,0.27985670631018916,0.5673125386238098,0.22800077497959137,1.213837278899099,1.293567649762765,0.3041466013232384,0.33931176364421844,,0.09021035478990128,1.0612855354106256,3.1312389912424523,3.1312389912424523,0.002034721604233639,4404598.0,3.398022924210439,0.000678754774456044,0.2504967633728702,0.14735162907542376,GCST90200160,cancerType_celltype,ESCA_Epi_ESCA,tissue,Tumor,Adjacent,group1_higher,0.005164479602552049,0.0018104554942927357
43134,178,-0.9293949619219246,-0.6759821608001393,-0.9667626619338989,-0.7379909455776215,0.856724533282157,0.9467531186285658,-0.2534128011217853,-0.22877171635627747,,-0.12225704110169362,-0.4593060681397676,-3.565079896547764,-3.565079896547764,0.00046705729114832696,3274353.5,-3.391418167027532,0.0006953268591384943,-0.2956590124330815,-0.1470652208456219,GCST90201010,cancerType_celltype,ESCA_Epi_ESCA,tissue,Tumor,Adjacent,group2_higher,0.0013869261172879512,0.00185103615040189
43134,178,0.2398265672207708,0.07194202083353937,0.25149884819984436,0.049377907067537294,0.7045811384538775,0.7124734280104913,0.16788454638723144,0.20212094113230705,,0.09852355216381696,1.7370708567737383,3.137454679805322,3.137454679805322,0.001994059032255575,4401888.0,3.381743804641837,0.0007202807278840706,0.2382647069180133,0.1466457024699095,GCST90200996,cancerType_celltype,ESCA_Epi_ESCA,tissue,Tumor,Adjacent,group1_higher,0.005070713546575277,0.0019137283276919848
43134,178,-0.18241820022062316,-0.5867868149967006,-0.26666368544101715,-0.7040809392929077,1.5684980876882302,1.4595055100649423,0.40436861477607744,0.43741725385189056,,0.11633952826611622,-1.6855813269975162,3.6876460589046496,3.6876460589046496,0.00030010612509926777,4401440.0,3.379052643916105,0.0007273687316580981,0.2578769518395083,0.1465290031639057,GCST90199761,cancerType_celltype,ESCA_Epi_ESCA,tissue,Tumor,Adjacent,group1_higher,0.0009317645751943098,0.0019288007417314935
43134,178,-0.1127412530831453,-0.4431119221650344,-0.16185324639081955,-0.5464559197425842,1.2895350745705556,1.1307388854266849,0.3303706690818891,0.3846026733517647,,0.1058914558068063,-1.9746460954207392,3.8876469286457187,3.8876469286457187,0.0001424854687009198,4400763.0,3.3749858675515503,0.0007382028726373634,0.25631470710287924,0.1463526517572884,GCST90200810,cancerType_celltype,ESCA_Epi_ESCA,tissue,Tumor,Adjacent,group1_higher,0.00047367730204720413,0.0019537291561256822
43134,178,0.02805267111430593,0.2135357276518212,0.0066577610559761,0.2083623483777046,0.7179739244731903,0.7632324637923075,-0.18548305653751526,-0.2017045873217285,,-0.09127562648595694,2.9282227503054328,-3.2364274951580243,-3.2364274951580243,0.0014430421451415735,3277467.0,-3.372715200689214,0.0007443170861045212,-0.2582737059622513,-0.14625418671784762,GCST90199966,cancerType_celltype,ESCA_Epi_ESCA,tissue,Tumor,Adjacent,group2_higher,0.003775175515984577,0.00196609338829547
43134,178,-0.15929856424128014,-0.5741249558965812,-0.21957882493734354,-0.5570320785045624,1.5908514804664147,1.515065276672825,0.41482639165530105,0.33745325356721884,,0.11093537344924986,-1.8496249600535513,3.64467903881133,3.64467903881133,0.00035084634594018685,4399671.0,3.3684261632825785,0.0007559946683592379,0.26080703222344837,0.14606819719890396,GCST90200873,cancerType_celltype,ESCA_Epi_ESCA,tissue,Tumor,Adjacent,group1_higher,0.0010722053128172078,0.0019930768529470818
43134,178,0.04517535716306796,-0.16515740926450725,0.03954234905540935,-0.1684317290782928,0.8544879963280878,0.8717871611256277,0.2103327664275752,0.20797407813370214,,0.08881989383031942,-1.8702105807712819,3.212530669010083,3.212530669010083,0.0015612108503866415,4399522.0,3.3675311120590647,0.0007584529436607223,0.2461300695806617,0.14602938426007683,GCST90200415,cancerType_celltype,ESCA_Epi_ESCA,tissue,Tumor,Adjacent,group1_higher,0.004030171191433698,0.001995697610443175
43134,178,-0.0034404465035308184,0.14209442273347397,-0.01541121583431955,0.15925792604684824,0.5058955327020157,0.5810773687239937,-0.1455348692370048,-0.17466914188116778,,-0.10190781634559867,5.3677011883350945,-3.336298830759241,-3.336298830759241,0.0010333655202873376,3279643.0,-3.359643848592801,0.0007804385862799703,-0.2874901922483857,-0.1456873615172577,GCST90200515,cancerType_celltype,ESCA_Epi_ESCA,tissue,Tumor,Adjacent,group2_higher,0.0028169544083032822,0.002049591123505972
43134,178,0.05049148847752066,0.3772077387659235,0.01114161219447845,0.4266207814216614,1.2549215220326153,1.320390089791528,-0.32671625028840284,-0.4154791692271829,,-0.10076685519387552,2.9012224130059425,-3.295114792147852,-3.295114792147852,0.0011868584696241662,3280004.0,-3.357475301668718,0.0007865862500915976,-0.26029101645837666,-0.14559332479969656,GCST90199662,cancerType_celltype,ESCA_Epi_ESCA,tissue,Tumor,Adjacent,group2_higher,0.0031595470587846455,0.0020617635747593225
43134,178,0.2546090520813214,0.17916561154618577,0.2650406211614609,0.119411539286375,0.43318664555536146,0.5762598167761205,0.07544344053513563,0.1456290818750859,,0.06348497181167573,0.5069875682602446,1.7446462029376462,1.7446462029376462,0.08277413378428419,4397335.0,3.354393682355547,0.0007953997543397503,0.17388594598229354,0.14545969367474143,GCST90200588,cancerType_celltype,ESCA_Epi_ESCA,tissue,Tumor,Adjacent,group1_higher,0.12832250299220674,0.0020808634648082146
43134,178,-0.4701722641614137,-0.2881673746768469,-0.49318987131118774,-0.34107911586761475,0.660356955984488,0.7264132443683585,-0.18200488948456683,-0.152110755443573,,-0.10685235487758671,-0.7062804899940589,-3.3371062096241704,-3.3371062096241704,0.0010304363560847945,3280859.0,-3.3523392694801,0.0008013262467597637,-0.27549768566446026,-0.1453706062581045,GCST90201013,cancerType_celltype,ESCA_Epi_ESCA,tissue,Tumor,Adjacent,group2_higher,0.0028145987040953404,0.002092351866539383
43134,178,-0.4483367001633235,-0.11382099092948471,-0.5005465447902679,-0.1564538106322288,1.318145229222207,1.280788024184098,-0.3345157092338388,-0.34409273415803915,,-0.08652881025550767,-1.9778064990751927,-3.4769800344818447,-3.4769800344818447,0.0006368129688377331,3287416.0,-3.3129510085903124,0.0009231814068590998,-0.25380656400353524,-0.1436625764601871,GCST90199714,cancerType_celltype,ESCA_Epi_ESCA,tissue,Tumor,Adjacent,group2_higher,0.0018234791523651895,0.002402566832684948
43134,178,0.04253804381928843,0.43726807781442834,-0.02182340808212755,0.3199445903301239,1.5966102720740836,1.5023149326680814,-0.3947300339951399,-0.3417679984122515,,-0.09365471289241518,3.3616618192472707,-3.497352635741907,-3.497352635741907,0.0005929240776837959,3287440.0,-3.3128068392657197,0.0009236573883543013,-0.24728797906033997,-0.14365632471165113,GCST90200378,cancerType_celltype,ESCA_Epi_ESCA,tissue,Tumor,Adjacent,group2_higher,0.0017049694470105778,0.002402566832684948
43134,178,0.35160972477733793,0.1763226600230431,0.322031170129776,0.1447036117315292,0.6833685345780204,0.7401072832211276,0.17528706475429484,0.1773275583982468,,0.08960646301726782,0.9957530000697614,3.154296866574865,3.154296866574865,0.0018885506638213652,4390051.0,3.3106382923416366,0.0009308444324402217,0.2564138397603135,0.1435622879940901,GCST90199681,cancerType_celltype,ESCA_Epi_ESCA,tissue,Tumor,Adjacent,group1_higher,0.0048385235992265425,0.0024166494503162325
43134,178,0.19589046690466633,0.10974786995407822,0.194877915084362,0.07241545617580411,0.41627598185613196,0.5538984912097308,0.08614259695058811,0.12246245890855789,,0.0733454831095727,0.8358484698056703,2.072489048288228,2.072489048288228,0.03966247432276303,4388078.5,3.298789375976667,0.0009710377817864251,0.20661121967073592,0.14304847241129415,GCST90200994,cancerType_celltype,ESCA_Epi_ESCA,tissue,Tumor,Adjacent,group1_higher,0.06749057740565044,0.0025162062672526566
43134,178,0.3113412382335482,0.14555778906594313,0.28830794990062714,0.11753993481397626,0.6781597885585094,0.7204174491804516,0.16578344916760507,0.17076801508665088,,0.09416114944219833,1.0968993589956073,3.064603850121881,3.064603850121881,0.0025182644117242646,4386900.0,3.2917100614336423,0.0009958128081220172,0.24439657961534356,0.14274148550922838,GCST90199997,cancerType_celltype,ESCA_Epi_ESCA,tissue,Tumor,Adjacent,group1_higher,0.006173371210755707,0.0025755082684446096
43134,178,0.10206246542578265,0.013095181801597057,0.10305187478661534,-0.0149467908777296,0.4034143256230505,0.44670996671993984,0.0889672836241856,0.11799866566434494,,0.07469099496959196,2.9622483726962803,2.652681473202169,2.652681473202169,0.008706518895541592,4386788.5,3.291040274779805,0.0009981868708113764,0.22043390776090954,0.14271244092748847,GCST90199818,cancerType_celltype,ESCA_Epi_ESCA,tissue,Tumor,Adjacent,group1_higher,0.0183130648448435,0.0025767589108255796
43134,178,0.4414854963138826,0.7455474128580412,0.3847673684358597,0.6748541593551636,1.2529702566833152,1.2227085423013115,-0.30406191654415854,-0.2900867909193039,,-0.09694365113763893,0.7559327272172639,-3.310625951774504,-3.310625951774504,0.0011263662884506533,3291250.0,-3.289919958986615,0.001002169551875143,-0.242696559772522,-0.14266385963157402,GCST90200007,cancerType_celltype,ESCA_Epi_ESCA,tissue,Tumor,Adjacent,group2_higher,0.003040073764669783,0.002582149525908922
43134,178,0.13753860945594698,-0.0036347017796308566,0.14445821195840836,0.0028111739084123997,0.5103025634338704,0.5832849659417989,0.14117331123557783,0.14164703804999595,,0.10588534340262679,5.241469477391886,3.224014749836526,3.224014749836526,0.0015036715919710924,4386402.5,3.2887215514759376,0.0010064461269757854,0.27647319401557613,0.1426118919718693,GCST90200440,cancerType_celltype,ESCA_Epi_ESCA,tissue,Tumor,Adjacent,group1_higher,0.003911267900489693,0.0025882756057886707
43134,178,0.40187835399329735,0.22167563620821332,0.372978538274765,0.2555288970470428,0.6871352490652933,0.6823903848507923,0.18020271778508404,0.11744964122772222,,0.10678247194641301,0.858305738614921,3.5158612969611207,3.5158612969611207,0.0005557112724939723,4385720.0,3.2846217363078303,0.001021204599221557,0.2622595567893516,0.14243410787287902,GCST90199937,cancerType_celltype,ESCA_Epi_ESCA,tissue,Tumor,Adjacent,group1_higher,0.001621915341347504,0.0026212841219189877
43134,178,-0.487813337837933,-0.17510688602087204,-0.5318320095539093,-0.27254121005535126,1.1508827378890958,1.1545438852522159,-0.31270645181706097,-0.25929079949855804,,-0.10848826950351775,-1.478088105134317,-3.6061832858010354,-3.6061832858010354,0.00040312937564935446,3292682.0,-3.2813178559525786,0.0010332433482809177,-0.27170655158058404,-0.14229083863559755,GCST90199790,cancerType_celltype,ESCA_Epi_ESCA,tissue,Tumor,Adjacent,group2_higher,0.00121768751258118,0.0026472005332836292
43134,178,-0.6972303466721139,-0.37873368536899116,-0.7736369967460632,-0.5026089251041412,1.2723286739748518,1.3861056608638138,-0.31849666130312276,-0.271028071641922,,-0.10662355287420641,-0.8804498802242642,-3.0603058611231297,-3.0603058611231297,0.002552959957522993,3293614.0,-3.2757192805142257,0.0010539438240334332,-0.250230255071565,-0.14204806240078605,GCST90200459,cancerType_celltype,ESCA_Epi_ESCA,tissue,Tumor,Adjacent,group2_higher,0.006247189267690914,0.002695169666336903
43134,178,0.176341133694866,-0.01419857439972209,0.15871725976467124,-0.06223128549754615,0.7279741518881,0.8312137434982292,0.1905397080945881,0.22094854526221738,,0.10671937738223757,3.634457627216461,3.053490291685598,3.053490291685598,0.0026089008303763223,4383979.5,3.2741664567472575,0.0010597529167633514,0.2615773559631828,0.1419807258592638,GCST90200984,cancerType_celltype,ESCA_Epi_ESCA,tissue,Tumor,Adjacent,group1_higher,0.006349878271076656,0.0027049498605776177
43134,178,-0.1814231043943495,-0.46692157903665893,-0.23731220513582224,-0.5270862281322479,1.181849568953536,1.1820064013081018,0.28549847464230943,0.2897740229964257,,0.0834699284727961,-1.3638172067127958,3.2158808493287547,3.2158808493287547,0.0015440147022728412,4382532.0,3.265471244357755,0.001092832596712951,0.24156908569368993,0.14160366727569107,GCST90200301,cancerType_celltype,ESCA_Epi_ESCA,tissue,Tumor,Adjacent,group1_higher,0.00400093543573742,0.0027841697744294433
43134,178,0.28333897366416877,0.1532673081381474,0.2616576701402664,0.10642326995730395,0.544258476007116,0.516653572099394,0.13007166552602137,0.15523440018296247,,0.10011953098743022,0.8864747354207352,3.3512059973729116,3.3512059973729116,0.000981905960320087,4381694.5,3.260440335634986,0.00111240546399115,0.23903707019640566,0.14138550730073973,GCST90200881,cancerType_celltype,ESCA_Epi_ESCA,tissue,Tumor,Adjacent,group1_higher,0.0027037127755884416,0.0028287474765297345
43134,178,0.22502100706717734,0.04543728470865093,0.22181728482246396,0.038362475112080546,0.6837115400691988,0.7641045732001615,0.1795837223585264,0.18345480971038342,,0.10147915413525917,2.3080858240024273,3.130458125562218,3.130458125562218,0.002040054750174244,4381242.0,3.2577221431608927,0.0011231150426481214,0.2625265343369633,0.14126763579188562,GCST90200094,cancerType_celltype,ESCA_Epi_ESCA,tissue,Tumor,Adjacent,group1_higher,0.005168391495329916,0.0028506625756599432
43134,178,-0.32955961783153376,-0.12100979690230713,-0.37387034296989435,-0.1867119595408439,0.8362787516036339,0.8627328874443112,-0.20854982092922664,-0.18715838342905045,,-0.10100150590905754,-1.4454080778907095,-3.218867593775175,-3.218867593775175,0.0015290303227522577,3296998.0,-3.255391405746643,0.001132373890079209,-0.24934561401033123,-0.14116656585722154,GCST90200307,cancerType_celltype,ESCA_Epi_ESCA,tissue,Tumor,Adjacent,group2_higher,0.003969653961735862,0.00286513425624614
43134,178,0.22188068372024117,0.13216332863660507,0.2485132366418838,0.147317424416542,0.407280462134426,0.5395130538479255,0.0897173550836361,0.1011958122253418,,0.0748548893308771,0.7474577346325251,2.2160238916475135,2.2160238916475135,0.027958718449797897,4380827.0,3.2552292152564757,0.0011330208100635872,0.21994501060962665,0.1411595326401187,GCST90200757,cancerType_celltype,ESCA_Epi_ESCA,tissue,Tumor,Adjacent,group1_higher,0.04981403038833272,0.00286513425624614
43134,178,-0.5097152403940622,-0.2540411762723155,-0.5660728812217712,-0.19673466682434076,1.1937498765699321,1.088382401300348,-0.25567406412174676,-0.3693382143974305,,-0.07653640011073663,-1.004626286409008,-3.1263661045479156,-3.1263661045479156,0.0020661178653642786,3298136.0,-3.248555376938868,0.0011599385316347468,-0.21425113661965892,-0.14087012878081007,GCST90199989,cancerType_celltype,ESCA_Epi_ESCA,tissue,Tumor,Adjacent,group2_higher,0.005205394917729227,0.0029277707752188146
43134,178,-0.2331043192341173,-0.03470553147993731,-0.2533382624387741,-0.0985061936080455,0.7496238555818199,0.7799134642026564,-0.19839878775418002,-0.15483206883072861,,-0.09424011420155155,-2.7477028290761,-3.38747678334705,-3.38747678334705,0.0008679496673735167,3299988.0,-3.237430310724458,0.001206126633614293,-0.26461987638135204,-0.14038770218545504,GCST90200381,cancerType_celltype,ESCA_Epi_ESCA,tissue,Tumor,Adjacent,group2_higher,0.0024145049339926662,0.0030387256961483945
43134,178,-0.14361820128069364,-0.25958232951528404,-0.1669974103569984,-0.3529339134693146,0.5902076695265112,0.6184751028946305,0.1159641282345904,0.1859365031123162,,0.07894155939756696,-0.8539490919055699,2.49687568964774,2.49687568964774,0.013435977041482635,4377609.0,3.23589851165066,0.0012126176506669114,0.1964408453369432,0.14032127735726085,GCST90200371,cancerType_celltype,ESCA_Epi_ESCA,tissue,Tumor,Adjacent,group1_higher,0.02661807660979772,0.003049442542175277
43134,178,-0.46637116236301607,-0.7948501813068484,-0.5492200553417206,-0.8656560480594635,1.3356639583047343,1.3916999726389978,0.3284790189438323,0.3164359927177429,,0.12086574583862911,-0.7692030952310819,3.1430276008289466,3.1430276008289466,0.001958594700590018,4377444.0,3.2349073475440844,0.0012168348987878974,0.24588634781008803,0.1402782965860765,GCST90200039,cancerType_celltype,ESCA_Epi_ESCA,tissue,Tumor,Adjacent,group1_higher,0.004989840330662046,0.0030544124623349982
43134,178,0.19296616429761498,-0.11436880255651692,0.1373134851455688,-0.08978227153420446,1.122661628152487,1.1857148221937506,0.3073349668541319,0.22709575667977325,,0.12354594363987388,0.7546491935532468,3.451754368813308,3.451754368813308,0.0006954695581178654,4377115.0,3.232931026386125,0.0012252843005400224,0.27369107538392684,0.14019259553322994,GCST90200659,cancerType_celltype,ESCA_Epi_ESCA,tissue,Tumor,Adjacent,group1_higher,0.0019748437660721883,0.003069967833889799
43134,178,0.10559841424058043,0.018225293015286827,0.10367300361394874,-0.02660755347460505,0.42244064460624703,0.5569640585983546,0.0873731212252936,0.1302805570885538,,0.07806947061037475,2.5345087606855308,2.0904788988754976,2.0904788988754976,0.037996561583319516,4376496.0,3.2292126592226693,0.0012413285593632728,0.2065180182313701,0.14003135251890764,GCST90200573,cancerType_celltype,ESCA_Epi_ESCA,tissue,Tumor,Adjacent,group1_higher,0.06522583556431297,0.0031044602319488823
43134,178,0.13513001738184327,0.06256852469804665,0.15971695631742477,0.041600346565246554,0.38232399912613024,0.4695544239048186,0.07256149268379662,0.11811660975217822,,0.07129089625854587,1.1108268126451017,2.0589082918018033,2.0589082918018033,0.04095986485817342,4375915.0,3.2257225601564854,0.0012565641614979534,0.18959372742973205,0.13988000810643397,GCST90200570,cancerType_celltype,ESCA_Epi_ESCA,tissue,Tumor,Adjacent,group1_higher,0.06935192025054705,0.0031368076046185177
43134,178,-0.6629536003913746,-0.23724569083097274,-0.717617392539978,-0.2876913696527481,1.4206620416644256,1.5918214538947821,-0.4257079095604019,-0.4299260228872299,,-0.11018930352052664,-1.4825221125658676,-3.562171176277753,-3.562171176277753,0.00047193388464471193,3302956.0,-3.2196013709164837,0.001283703101153568,-0.29949828801141737,-0.13961456928317972,GCST90200511,cancerType_celltype,ESCA_Epi_ESCA,tissue,Tumor,Adjacent,group2_higher,0.0013983606190668314,0.003198697124081011
43134,178,0.10109234353191505,0.2504847512006226,0.08751546218991274,0.26347504556179047,0.6168704041144555,0.6470273941040522,-0.14939240766870754,-0.17595958337187773,,-0.09098031586653046,1.3090405320796104,-3.0747008777953733,-3.0747008777953733,0.0024386820383778232,3303503.5,-3.2163125081992106,0.001298507083200246,-0.24212839358006435,-0.13947195126970413,GCST90200276,cancerType_celltype,ESCA_Epi_ESCA,tissue,Tumor,Adjacent,group2_higher,0.005999862126911504,0.003229680938689663
43134,178,0.14357561878410893,0.003823471802360054,0.13591090589761728,0.01086682453751555,0.5639985237529638,0.6217227651327318,0.13975214698174887,0.12504408136010173,,0.1020384011158926,5.230416506540452,2.9938879731239636,2.9938879731239636,0.0031459535020011884,4373297.0,3.209996089665489,0.0013273816499177655,0.24767926670850374,0.1391980465369742,GCST90199678,cancerType_celltype,ESCA_Epi_ESCA,tissue,Tumor,Adjacent,group1_higher,0.007457277605613251,0.0032932760205872475
43134,178,0.3332880624453919,0.1518790057698118,0.3379705250263214,0.0996877290308475,0.7427825550467126,0.7748693579119817,0.18140905667558008,0.23828279599547392,,0.09514590986588825,1.1338420143930328,3.117587253036137,3.117587253036137,0.002126072575509735,4373242.0,3.209665701629964,0.0013289081521078402,0.24418498536502714,0.13918371961324594,GCST90200152,cancerType_celltype,ESCA_Epi_ESCA,tissue,Tumor,Adjacent,group1_higher,0.005307393627142433,0.0032932760205872475
43134,178,0.16292028026165545,0.4397199019172302,0.1501539275050163,0.4052584171295166,1.0565988075410202,1.106545170106678,-0.27679962165557476,-0.2551044896245003,,-0.08767608449716252,1.4324130555526646,-3.3311244062339997,-3.3311244062339997,0.0010513571134744062,3305639.0,-3.2034844418380484,0.0013577679222788385,-0.2619205111931762,-0.1389156758947685,GCST90200839,cancerType_celltype,ESCA_Epi_ESCA,tissue,Tumor,Adjacent,group2_higher,0.0028602789334643028,0.0033552632066009475
43134,178,-0.5468595406008013,-0.27012935388582143,-0.6090672016143799,-0.35399977862834925,0.9099455898188518,1.0772654077980377,-0.2767301867149799,-0.25506742298603063,,-0.13349413269361207,-1.017517205345754,-3.4222001839714653,-3.4222001839714653,0.0007706031477647992,3305677.0,-3.2032561737407765,0.0013588446735463852,-0.3038680471145141,-0.13890577729291997,GCST90200090,cancerType_celltype,ESCA_Epi_ESCA,tissue,Tumor,Adjacent,group2_higher,0.0021746006012493195,0.0033552632066009475
43134,178,0.09944241135395773,-0.16625419247560622,0.016068263910710798,-0.4369920939207077,1.4420567597609093,1.5369665204111196,0.26569660382956395,0.4530603578314185,,0.07181843435741486,-0.7414517062650041,2.302206011092112,2.302206011092112,0.022479208106505243,4371712.0,3.200474907187174,0.0013720274541053925,0.1841971995695647,0.13878517064408125,GCST90200045,cancerType_celltype,ESCA_Epi_ESCA,tissue,Tumor,Adjacent,group1_higher,0.041237093740466545,0.0033797705449285843
43134,178,-0.005750311456799992,0.18081247419827837,-0.04240356944501395,0.15646070986986155,0.764936277255008,0.7464331572663085,-0.18656278565507836,-0.1988642793148755,,-0.0948634046755624,4.974467413374092,-3.3274003385416315,-3.3274003385416315,0.0010644424911517392,3306272.0,-3.1996819759019135,0.0013758073786632134,-0.24391706046489173,-0.13875078602713364,GCST90200219,cancerType_celltype,ESCA_Epi_ESCA,tissue,Tumor,Adjacent,group2_higher,0.0028901097917127896,0.0033797705449285843
43134,178,-1.0495640480745296,-0.7180816122550475,-1.1510940790176392,-0.7759654521942139,1.5194953806293499,1.4858311315274146,-0.3314824358194821,-0.3751286268234253,,-0.10211467273593072,-0.5475698477405282,-2.97006479547457,-2.97006479547457,0.0033870284207172417,3306286.0,-3.1995978771292344,0.0013762088425791374,-0.21817250974097807,-0.13874713917382098,GCST90200388,cancerType_celltype,ESCA_Epi_ESCA,tissue,Tumor,Adjacent,group2_higher,0.007973263795229016,0.0033797705449285843
43134,178,0.14418534547709475,0.3606444232118724,0.1252869516611099,0.2568688690662384,0.66149908706304,0.7584511298833838,-0.21645907773477766,-0.1315819174051285,,-0.11774238376804892,1.3226465682710398,-3.801698097342786,-3.801698097342786,0.00019718423420941346,3306386.0,-3.198997171610098,0.0013790795856428073,-0.32701489667828043,-0.13872109022158807,GCST90199702,cancerType_celltype,ESCA_Epi_ESCA,tissue,Tumor,Adjacent,group2_higher,0.0006338729038382796,0.003380729271998465
43134,178,-0.26005755685642473,-0.4506539765659071,-0.3062082678079605,-0.507578581571579,0.8716475592795296,0.8325481816226095,0.19059641970948238,0.20137031376361847,,0.09491755394561228,-0.793186813867389,3.0474412201518852,3.0474412201518852,0.0026583058847763513,4370790.0,3.1949364023007343,0.0013986311242814632,0.21870145068959804,0.13854499930449293,GCST90200051,cancerType_celltype,ESCA_Epi_ESCA,tissue,Tumor,Adjacent,group1_higher,0.0064521977991059375,0.003419143778444804
43134,178,-0.21609876416625337,-0.09166813151534187,-0.24657409638166425,-0.1047642938792705,0.5343946407665164,0.5897359811982192,-0.1244306326509115,-0.14180980250239375,,-0.07825618617541219,-1.2371895873638237,-2.810251070844113,-2.810251070844113,0.005503934151986714,3307101.0,-3.194702127148271,0.0013997668586736617,-0.23274050855779163,-0.13853484021312212,GCST90200437,cancerType_celltype,ESCA_Epi_ESCA,tissue,Tumor,Adjacent,group2_higher,0.012358916390704928,0.003419143778444804
43134,178,-0.28833467430162013,-0.13341202143726222,-0.3135351538658142,-0.08695670589804645,0.7904748129270353,0.7326542666649828,-0.1549226528643579,-0.22657844796776777,,-0.08320822605289187,-1.1118498612114787,-2.814396129895252,-2.814396129895252,0.005434894817857429,3307779.0,-3.1906293437285247,0.001419647555913647,-0.1960432994147444,-0.1383582283169824,GCST90200333,cancerType_celltype,ESCA_Epi_ESCA,tissue,Tumor,Adjacent,group2_higher,0.012224029103530818,0.0034615020012706632
43134,178,0.03641823907682847,0.1728632003801425,0.02836172562092535,0.13098131120204926,0.5305568086839039,0.5907521771085822,-0.13644496130331402,-0.10261958558112391,,-0.08958166291215923,2.246866437530914,-3.076384329235821,-3.076384329235821,0.0024259414662139616,3308182.5,-3.1882054969588087,0.0014316024394935402,-0.25704722408863195,-0.1382531207947223,GCST90200121,cancerType_celltype,ESCA_Epi_ESCA,tissue,Tumor,Adjacent,group2_higher,0.005979309617449602,0.00348441808041017
43134,178,-0.023447802701438317,0.38318283215107585,-0.14923275262117386,0.14509887993335718,1.5709899783324515,1.637507432868962,-0.40663063485251416,-0.29433163255453104,,-0.09785955879665878,4.030450524513962,-3.306767071324469,-3.306767071324469,0.0011413014163033936,3309092.5,-3.1827390767346655,0.0014589053143312465,-0.2587914667651356,-0.13801607532940208,GCST90200137,cancerType_celltype,ESCA_Epi_ESCA,tissue,Tumor,Adjacent,group2_higher,0.0030682324071430486,0.0035445417886514957
43134,178,0.10905887567076253,0.012531646131341653,0.0998127050697803,-0.07695513218641276,0.5415690652498502,0.5533277169171222,0.09652722953942088,0.17676783725619305,,0.06432818004621481,3.1213574546511453,2.3228474796101914,2.3228474796101914,0.021315678863806305,4368420.0,3.1806996814971966,0.0014692137161320933,0.1782202468548306,0.1379276391365709,GCST90200992,cancerType_celltype,ESCA_Epi_ESCA,tissue,Tumor,Adjacent,group1_higher,0.03936757492055284,0.0035632354005125325
43134,178,0.07124247289553896,0.24892135887629788,0.029886586591601302,0.22126022726297376,0.6992702463060542,0.8155532524497061,-0.17767888598075893,-0.19137364067137247,,-0.10916337168217174,1.8048660727727897,-2.902255998929646,-2.902255998929646,0.004172996875083917,3311591.0,-3.1677304493390372,0.0015363548056212689,-0.2539050385533495,-0.13736524225786062,GCST90200652,cancerType_celltype,ESCA_Epi_ESCA,tissue,Tumor,Adjacent,group2_higher,0.00964043584105284,0.0037194522203584184
43134,178,0.13860985546958912,-0.039804553168333985,0.11431589722633355,-0.07810509204864499,0.7371365235357059,0.694371399181813,0.1784144086379231,0.19242098927497853,,0.08984162445904721,1.799998631708044,3.4201139011634334,3.4201139011634334,0.0007756231702625582,4365391.0,3.162504311322549,0.001564200330204308,0.24209287108150565,0.1371386163734336,GCST90200391,cancerType_celltype,ESCA_Epi_ESCA,tissue,Tumor,Adjacent,group1_higher,0.002184244588983196,0.003780150797993745
43134,178,-0.23254033323909942,0.06678664208693283,-0.2766049057245254,0.022202649153769002,1.1740673774112396,1.2072226630024323,-0.29932697532603225,-0.2988075548782944,,-0.09824347441516351,-1.799834085542884,-3.3015857184697284,-3.3015857184697284,0.0011612966949470366,3313203.0,-3.158047076370555,0.0015883154310454568,-0.2549188862755627,-0.13694533314786483,GCST90200722,cancerType_celltype,ESCA_Epi_ESCA,tissue,Tumor,Adjacent,group2_higher,0.00310971983342399,0.003831635278787536
43134,178,-0.20898594496064202,-0.07019957918850339,-0.2362240925431251,-0.040953179821372004,0.6097980475434087,0.6067567785996937,-0.13878636577213863,-0.1952709127217531,,-0.08591701474071542,-1.573857983932361,-3.0453621606547867,-3.0453621606547867,0.002676085459576742,3313290.0,-3.1575244625689063,0.001591165250130495,-0.22759860933154857,-0.1369226705594221,GCST90200372,cancerType_celltype,ESCA_Epi_ESCA,tissue,Tumor,Adjacent,group2_higher,0.006455760144076282,0.0038317283320280296
43134,178,-0.2052307430634181,0.16581242960443449,-0.31352072954177856,-0.00626603153068565,1.4575333178358523,1.4993620109719241,-0.3710431726678526,-0.3072546980110929,,-0.11205356112657977,-0.30769303023150185,-3.295207703478087,-3.295207703478087,0.0011864153939567812,3313835.0,-3.1542506174896117,0.0016091249343950552,-0.25453897617519067,-0.13678070376975227,GCST90200483,cancerType_celltype,ESCA_Epi_ESCA,tissue,Tumor,Adjacent,group2_higher,0.0031595470587846455,0.003868143360812099
43134,178,0.14911807802481772,-0.018325608955523563,0.12295613437891001,-0.02572304569184775,0.6968396662197909,0.642247940307507,0.1674436869803413,0.14867918007075775,,0.09764149121550225,3.0244530770690785,3.469953897377527,3.469953897377527,0.000652477495078155,4362277.0,3.143798341456635,0.0016677203313170943,0.24036407392691664,0.13632745200089813,GCST90199841,cancerType_celltype,ESCA_Epi_ESCA,tissue,Tumor,Adjacent,group1_higher,0.0018644168255587531,0.004001941569692253
43134,178,0.08555325442238988,0.22992464504139287,0.0679220966994762,0.29143625497817993,0.6272008560506016,0.7001658000145848,-0.144371390619003,-0.22351415827870375,,-0.08470362055720156,1.4262558841874475,-2.7464542792590714,-2.7464542792590714,0.00664286680492893,3316782.0,-3.136547825840656,0.001709513038479311,-0.23006794709515224,-0.13601304114744595,GCST90199982,cancerType_celltype,ESCA_Epi_ESCA,tissue,Tumor,Adjacent,group2_higher,0.014417559641907851,0.00409501980922197
43134,178,0.3611779142814871,0.21393557096402463,0.35204508900642395,0.25210458040237427,0.555250755841782,0.5472156038875825,0.14724234331746247,0.09994050860404968,,0.09788822352630648,0.7555305481324597,3.582313567826306,3.582313567826306,0.0004390527194022432,4360578.0,3.133592354686504,0.0017268233506192272,0.26519727818105016,0.1358848803024595,GCST90200833,cancerType_celltype,ESCA_Epi_ESCA,tissue,Tumor,Adjacent,group1_higher,0.0013123439836518803,0.0041292284682350995
43134,178,0.31923739826828423,0.22404510492793797,0.34039388597011566,0.23969731479883188,0.4097855548078325,0.5344591973691751,0.09519229334034626,0.10069657117128378,,0.0734445128131498,0.5108385453352051,2.3734007884050725,2.3734007884050725,0.018691596885935025,4359141.0,3.1249602163765107,0.0017783092431136818,0.2319657674066099,0.13551055685887148,GCST90200180,cancerType_celltype,ESCA_Epi_ESCA,tissue,Tumor,Adjacent,group1_higher,0.035188738336366626,0.004244895793982397
43134,178,0.20478239653254804,-0.01317101170497245,0.1855060532689094,-0.0148227668832987,0.905440954683454,0.9579605166202616,0.2179534082375205,0.2003288201522081,,0.07961937530224805,3.9585511448013952,3.0298909266363077,3.0298909266363077,0.002810218540430607,4359045.0,3.12438353907814,0.0017817985873442956,0.24065651275382938,0.13548554986472783,GCST90200784,cancerType_celltype,ESCA_Epi_ESCA,tissue,Tumor,Adjacent,group1_higher,0.006731683428131666,0.00424578929117181
43134,178,0.1658906337138403,0.06975826621681008,0.1617553681135177,-0.0099756205454468,0.4860458082947096,0.5837429019644659,0.09613236749703022,0.1717309886589645,,0.07063353184174263,1.2497843598917409,2.1940052592492494,2.1940052592492494,0.02953022290219775,4358373.0,3.1203467979895416,0.0018064007616954594,0.1976060229007289,0.13531050090572205,GCST90200037,cancerType_celltype,ESCA_Epi_ESCA,tissue,Tumor,Adjacent,group1_higher,0.052091694971342715,0.004296900939251154
43134,178,0.03738291543354096,0.22122831801423448,0.0063239762093871,0.17974801361560822,0.7444274666339503,0.7780800017664239,-0.1838454025806935,-0.17342403740622112,,-0.10178007935053382,2.5650530048872153,-3.1464425646353824,-3.1464425646353824,0.001937081962344593,3319658.5,-3.1192685315826916,0.0018130249534162928,-0.24691549925080025,-0.13526374303646382,GCST90200799,cancerType_celltype,ESCA_Epi_ESCA,tissue,Tumor,Adjacent,group2_higher,0.004944274746583671,0.004305144619349141
43134,178,0.14734054591730528,-0.19204297214432547,0.09972855076193804,-0.260284960269928,1.4418810646541,1.4083706537180147,0.33938351806163075,0.360013511031866,,0.09455950687049214,-0.38227239675282165,3.208090124985543,3.208090124985543,0.001583979616436951,4356425.0,3.1086450544767605,0.0018794927184058912,0.2353976282607112,0.13480306731622327,GCST90200751,cancerType_celltype,ESCA_Epi_ESCA,tissue,Tumor,Adjacent,group1_higher,0.004073517390950121,0.004455214913369095
43134,178,0.574278338386506,0.24901734574421916,0.5205825865268707,0.17796019464731216,1.336483189526036,1.3312561595613415,0.3252609926422868,0.34262239187955856,,0.09997452126343197,1.205500624082156,3.2529626754992886,3.2529626754992886,0.001365866034107549,4352035.0,3.082274082186663,0.0020542766916014834,0.24337468964387754,0.13365951831319478,GCST90199782,cancerType_celltype,ESCA_Epi_ESCA,tissue,Tumor,Adjacent,group1_higher,0.003593967962333184,0.004861074879605593
43134,178,-0.02145093879808776,0.13934000501974245,-0.03564195893704885,0.06250712461769575,0.610278644556399,0.6320696181261537,-0.1607909438178302,-0.09814908355474461,,-0.1039226902443069,2.699439926500243,-3.3874500392262457,-3.3874500392262457,0.0008680171809658155,3327335.0,-3.0731553724061698,0.0021181030901198457,-0.2634322338530971,-0.13326409521829807,GCST90200868,cancerType_celltype,ESCA_Epi_ESCA,tissue,Tumor,Adjacent,group2_higher,0.0024145049339926662,0.005003422030907019
43134,178,-0.13503219465100783,-0.32010121819866677,-0.1520326137542724,-0.26822473108768463,0.698381656143534,0.7289603083007317,0.18506902354765895,0.11619211733341223,,0.09517091579898335,-1.2452185716787378,3.380795590437955,3.380795590437955,0.0008880218663779037,4349159.0,3.0649977914562943,0.0021767379048716175,0.2649485273617316,0.13291035044697397,GCST90199692,cancerType_celltype,ESCA_Epi_ESCA,tissue,Tumor,Adjacent,group1_higher,0.002465119763488967,0.0051330341943598866
43134,178,0.30106563653263196,0.11875175843355402,0.2557181417942047,0.0774182192981243,0.8441449641437688,0.8242218232221128,0.18231387809907795,0.1782999224960804,,0.09675516685240944,1.342121815695501,2.944745107654411,2.944745107654411,0.00366264349109903,4347352.0,3.054143042725496,0.0022570669488719518,0.2159951974371711,0.1324396458801238,GCST90199762,cancerType_celltype,ESCA_Epi_ESCA,tissue,Tumor,Adjacent,group1_higher,0.008548258695835578,0.005313268136981813
43134,178,0.35091121104584877,0.26828916643594464,0.3645542412996292,0.2512906640768051,0.4106439758017248,0.48524220419225594,0.08262204460990413,0.1132635772228241,,0.0674662005703926,0.3873159746551472,2.26833171601252,2.26833171601252,0.02450976890571021,4345659.0,3.043973098286513,0.002334783482792487,0.20103841536787836,0.1319986371188191,GCST90200591,cancerType_celltype,ESCA_Epi_ESCA,tissue,Tumor,Adjacent,group1_higher,0.04430612071416846,0.005486741184562344
43134,178,-0.25103031426047184,0.013784944854174436,-0.3305261731147766,0.03363666776567695,1.1848063018519475,1.195330660821123,-0.26481525911464626,-0.3641628408804536,,-0.09367619819317251,-4.1865972861531295,-2.949757687988667,-2.949757687988667,0.003606737091432276,3333832.0,-3.034127534827864,0.002412348293048237,-0.22350117748865964,-0.13157169479172037,GCST90200567,cancerType_celltype,ESCA_Epi_ESCA,tissue,Tumor,Adjacent,group2_higher,0.00843221724806551,0.005659261141867035
43134,178,0.14088986612497703,0.03649806332763996,0.14640428125858307,0.020779293961822952,0.4621209348207041,0.5369694820363744,0.10439180279733706,0.1256249872967601,,0.08364656170224502,1.9486467397569225,2.589787409082764,2.589787409082764,0.010398146589528026,4342161.5,3.02296342275471,0.0025031498068471625,0.22573568699825758,0.13108757501447021,GCST90199804,cancerType_celltype,ESCA_Epi_ESCA,tissue,Tumor,Adjacent,group1_higher,0.021408872811973866,0.005862187606069901
43134,178,0.1421495643272649,0.31406391989984195,0.12064236775040621,0.32871654629707336,0.821444087476211,0.6955574334184411,-0.17191435557257706,-0.20807417854666715,,-0.07904154217839376,1.1436429809033668,-3.2880841200490707,-3.2880841200490707,0.0012142639165672845,3336505.0,-3.0180706763013427,0.0025439208976190276,-0.20940422512877394,-0.13087540629853245,GCST90200750,cancerType_celltype,ESCA_Epi_ESCA,tissue,Tumor,Adjacent,group2_higher,0.003219925521947877,0.005947451429596457
43134,178,0.07981029559204714,-0.10559877694396072,0.07337352260947219,-0.0908499620854854,0.7415775540234638,0.7889539721407652,0.18540907253600786,0.1642234846949576,,0.10200161055059923,-0.4039419385063995,3.129673614530385,3.129673614530385,0.002045012367913506,4341215.0,3.017277745016082,0.0025505852692486613,0.24995246537325094,0.13084102168158496,GCST90199642,cancerType_celltype,ESCA_Epi_ESCA,tissue,Tumor,Adjacent,group1_higher,0.005171339253183875,0.005952821441756722
43134,178,0.02447843290021681,0.1483800365443059,0.0218085991218686,0.11698892340064046,0.4117665131759191,0.5087587422388531,-0.12390160364408909,-0.09518032427877186,,-0.11202800491337027,2.5996646823084713,-3.244806793950987,-3.244806793950987,0.0014040181562761603,3337314.0,-3.0132109686515274,0.002585017047713765,-0.3005793143533614,-0.13066467027496753,GCST90200672,cancerType_celltype,ESCA_Epi_ESCA,tissue,Tumor,Adjacent,group2_higher,0.0036801475903930894,0.006022868779545063
43134,178,0.27111419951137167,0.10647280041777184,0.22900829464197153,0.11260141804814335,0.6402549342228864,0.6087260526514287,0.16464139909359982,0.11640687659382819,,0.10056798632065723,1.348407521226508,3.6002950165679293,3.6002950165679293,0.00041163763128660314,4340374.0,3.0122258116001435,0.0025934216802348956,0.257200246994685,0.13062194999330545,GCST90200912,cancerType_celltype,ESCA_Epi_ESCA,tissue,Tumor,Adjacent,group1_higher,0.0012385476632309936,0.006032139505392769
43134,178,-0.03429670743544669,-0.1090089092793053,-0.02958878129720685,-0.1134856045246124,0.34325704035926524,0.38353542436145754,0.07471220184385861,0.08389682322740555,,0.08294654235154982,-1.6682752350818157,2.5946541192352455,2.5946541192352455,0.01025706737235809,4339946.0,3.009654791978239,0.0026154735413225884,0.21754630287229842,0.13051046047774828,GCST90200522,cancerType_celltype,ESCA_Epi_ESCA,tissue,Tumor,Adjacent,group1_higher,0.02118239822503648,0.006073067183684306
43134,178,-0.014302308355141931,-0.25697332836446884,-0.038352843374013845,-0.1796212270855903,0.9968573845888413,1.1067088645313938,0.24267102000932692,0.14126838371157646,,0.10417790953142025,-4.167203455874841,2.9205773310643366,2.9205773310643366,0.003945676320815575,4339523.0,3.0071138076322907,0.0026374360889853017,0.24332045419087403,0.13040027340980265,GCST90200189,cancerType_celltype,ESCA_Epi_ESCA,tissue,Tumor,Adjacent,group1_higher,0.009193088590207912,0.0061076122665732705
43134,178,0.0539416123090601,-0.0952845908115419,0.0360159687697887,-0.17581668496131891,0.7063041405074117,0.6550555685039116,0.149226203120602,0.2118326537311076,,0.08094646134747531,-0.8208326752845624,3.0320589770139517,3.0320589770139517,0.0027902769141865667,4339487.0,3.0068975536454015,0.0026393130044106063,0.2113379465937452,0.1303908957869988,GCST90200851,cancerType_celltype,ESCA_Epi_ESCA,tissue,Tumor,Adjacent,group1_higher,0.006707491065319736,0.0061076122665732705
43134,178,-0.0019785047105756893,-0.20294423791150865,-0.03528233431279655,-0.20741181820631024,0.8585943649386257,0.9173011537364164,0.20096573320093294,0.17212948389351368,,0.10171434269131249,-6.679807177005494,2.917671693291474,2.917671693291474,0.003980659010821605,4339117.0,3.0046749432245963,0.002658674406339121,0.2339960395991132,0.13029451466373665,GCST90200001,cancerType_celltype,ESCA_Epi_ESCA,tissue,Tumor,Adjacent,group1_higher,0.009258768313566293,0.0061419885014241055
43134,178,-0.10956380161707403,0.04222561941832681,-0.15739267319440836,0.0375448428094387,0.661320450836879,0.6530293408205786,-0.15178942103540083,-0.19493751600384707,,-0.08670711541171697,-1.3755597403631132,-3.0945802906290214,-3.0945802906290214,0.0022885410456071026,3339173.0,-3.002043853050778,0.0026817618682984283,-0.22953645234078543,-0.13018042025295617,GCST90200130,cancerType_celltype,ESCA_Epi_ESCA,tissue,Tumor,Adjacent,group2_higher,0.005671420809386329,0.0061848416691891
43134,178,0.20887473215961147,0.042898147304155185,0.17983726412057877,0.01639401260763405,0.7322883020556216,0.7598665252278901,0.1659765848554563,0.16344325151294473,,0.07861833728327704,2.2836240082615262,2.9086326302615895,2.9086326302615895,0.004091901129592049,4337308.5,2.9938111839110104,0.002755191023390439,0.22661916608912638,0.1298234193626029,GCST90200496,cancerType_celltype,ESCA_Epi_ESCA,tissue,Tumor,Adjacent,group1_higher,0.009485138162642796,0.006343455008245217
43134,178,0.5955703101203096,0.38042754141922536,0.5607144832611084,0.32354617118835444,0.967962704356936,0.9220361543978574,0.21514276870108423,0.23716831207275396,,0.09547006469026252,0.646648770469288,3.1060143256720942,3.1060143256720942,0.0022060698612026445,4333693.0,2.9720926758666266,0.0029578028162014483,0.22230557748533872,0.12888161949461896,GCST90199934,cancerType_celltype,ESCA_Epi_ESCA,tissue,Tumor,Adjacent,group1_higher,0.005497025997841324,0.0067984574004765165
43134,178,0.02512248768379943,-0.08020199194803619,0.01186760328710075,-0.1406309530138969,0.5596923252786724,0.5589137914288338,0.10532447963183562,0.15249855630099762,,0.08092142911899841,-1.6746193015545208,2.5089832215207664,2.5089832215207664,0.012998878887323921,4332764.0,2.9665121215938473,0.0030120142977978497,0.18818388819958254,0.12863962472837454,GCST90200957,cancerType_celltype,ESCA_Epi_ESCA,tissue,Tumor,Adjacent,group1_higher,0.026016845702529375,0.006911406545283617
43134,178,-0.2071611770590507,-0.3422010966754529,-0.21851069480180735,-0.36685641109943384,0.6646668115584766,0.6284183970413081,0.1350399196164022,0.1483457162976265,,0.06444867379758767,-0.7240879743747708,2.860376052186323,2.860376052186323,0.004735861413120864,4332649.0,2.9658213102468403,0.003018787757498096,0.20321340514506003,0.12860966843330668,GCST90200250,cancerType_celltype,ESCA_Epi_ESCA,tissue,Tumor,Adjacent,group1_higher,0.010740397847061127,0.0069153070814620245
43134,178,0.4233081237924685,0.31876811838782065,0.45587970316410065,0.3684108853340149,0.42957794222309964,0.45065710976643114,0.10454000540464786,0.08746881783008575,,0.08311634709943823,0.4091997129649162,3.089111519250731,3.089111519250731,0.0023292041475171956,4332025.0,2.962072907807428,0.0030557839827135805,0.24330516806953414,0.12844712297137262,GCST90200321,cancerType_celltype,ESCA_Epi_ESCA,tissue,Tumor,Adjacent,group1_higher,0.005761715522805694,0.0069883113564406215
43134,178,0.06161537317485972,0.2247834750111058,0.0335730426013469,0.2058972716331482,0.7670961463982298,0.7779865320096855,-0.16316810183624608,-0.17232422903180128,,-0.0798965992827541,1.8671567267086706,-2.792567904570678,-2.792567904570678,0.005799607692031218,3346127.0,-2.960270791250018,0.0030737174088033797,-0.21269637346718082,-0.1283689761146738,GCST90199750,cancerType_celltype,ESCA_Epi_ESCA,tissue,Tumor,Adjacent,group2_higher,0.012930235524703427,0.007017549125961485
43134,178,0.16423685548629463,0.32035320416600394,0.0813009552657604,0.34029093384742737,0.7422887320107426,0.7915506388143113,-0.1561163486797093,-0.25898997858166695,,-0.09447417905644247,0.9638812289382873,-2.6265947920673502,-2.6265947920673502,0.009374934233852113,3346213.0,-2.9597541845035606,0.0030788759952588693,-0.21025864097417732,-0.12834657401575333,GCST90200258,cancerType_celltype,ESCA_Epi_ESCA,tissue,Tumor,Adjacent,group2_higher,0.019598213743466916,0.007017571875481336
43134,178,0.2842055160804169,0.07694987130738544,0.26180399954319,0.043635584414005196,0.9297472528068217,0.9509036374716809,0.20725564477303143,0.2181684151291848,,0.0870428151386258,1.8849300647659921,2.9021835750666467,2.9021835750666467,0.0041730426604704145,4330701.0,2.954119566734059,0.003135655448506479,0.2228951511071778,0.1281022348438079,GCST90200060,cancerType_celltype,ESCA_Epi_ESCA,tissue,Tumor,Adjacent,group1_higher,0.00964043584105284,0.007135055720057314
43134,178,0.08113123236843299,-0.05206569455553558,0.0695088133215904,-0.04009942337870595,0.6038463250753191,0.5849119933661231,0.13319692692396856,0.10960823670029635,,0.08311294401723886,0.63991436456223,3.0315219925114083,3.0315219925114083,0.0027952968576156847,4328585.0,2.9414086379491287,0.0032672637501694407,0.22060866442260899,0.12755103901455778,GCST90200558,cancerType_celltype,ESCA_Epi_ESCA,tissue,Tumor,Adjacent,group1_higher,0.006707728198820736,0.007422134152468247
43134,178,0.11811221850079359,0.004827831136036581,0.11042436212301249,-0.028877405449747998,0.5699802766747387,0.681563266052953,0.11328438736475702,0.13930176757276047,,0.0681551478942823,4.612352607624729,2.2143592748965806,2.2143592748965806,0.02807366493305611,4328146.0,2.938771540720119,0.0032951906082992616,0.1985770681358105,0.1274366841142549,GCST90200273,cancerType_celltype,ESCA_Epi_ESCA,tissue,Tumor,Adjacent,group1_higher,0.04995353172814031,0.007473119466076363
43134,178,0.049707961848966184,0.20456060016666913,0.03505022078752515,0.1738234609365463,0.6484120857942922,0.7383969877881047,-0.15485263831770296,-0.13877324014902115,,-0.08574962366191223,2.0409574724815727,-2.7935007528096243,-2.7935007528096243,0.005784582767562231,3350607.0,-2.933359183992698,0.0033531896659222318,-0.23867353358324295,-0.1272019830546356,GCST90199785,cancerType_celltype,ESCA_Epi_ESCA,tissue,Tumor,Adjacent,group2_higher,0.012925223462602164,0.0075920224495880425
43134,178,0.425655708059109,0.21954537021896142,0.40657851099967957,0.2108026966452598,0.8392060558575681,1.0053081234887113,0.2061103378401476,0.19577581435441976,,0.09145598743779258,0.955164684053783,2.731410890258184,2.731410890258184,0.006941364846102803,4327031.0,2.9320736741817455,0.003367101165563348,0.24538354983386515,0.1271462382968569,GCST90200535,cancerType_celltype,ESCA_Epi_ESCA,tissue,Tumor,Adjacent,group1_higher,0.01497006374246538,0.007610877095626606
43134,178,0.16579132655889878,0.014924504587183484,0.14971145987510676,0.0054827702697366,0.6615765965376169,0.6788791975163563,0.1508668219717153,0.14422868960537016,,0.09507288213115359,3.4735256247916944,2.9591154172177774,2.9591154172177774,0.0035041393045196143,4326769.0,2.9304998257216077,0.0033842045502356557,0.22801666377123841,0.12707799004200648,GCST90200279,cancerType_celltype,ESCA_Epi_ESCA,tissue,Tumor,Adjacent,group1_higher,0.008220553996661334,0.007624765205132322
43134,178,0.20890710019045494,0.500204831516119,0.15738981217145914,0.4618796110153198,1.3890473597093183,1.2885498283547039,-0.2912977313256641,-0.3044897988438607,,-0.07851133242020882,1.259653444429174,-3.0088951201881655,-3.0088951201881655,0.003000763453252664,3351086.5,-2.9304788010284377,0.003384433565007377,-0.20977022864157518,-0.12707707832867843,GCST90200025,cancerType_celltype,ESCA_Epi_ESCA,tissue,Tumor,Adjacent,group2_higher,0.007150420606264652,0.007624765205132322
43134,178,-0.12304851557396229,0.07978767221479603,-0.1787788942456245,0.13107425719499585,1.1046720036133633,1.1050384823035437,-0.20283618778875834,-0.3098531514406203,,-0.07804328108585212,-0.6249831348553774,-2.4439053270493982,-2.4439053270493982,0.015501889403125914,3352853.0,-2.9198673380328897,0.003501837949576886,-0.18361641471121232,-0.12661692358748255,GCST90200138,cancerType_celltype,ESCA_Epi_ESCA,tissue,Tumor,Adjacent,group2_higher,0.03014133417469418,0.007876246081309069
43134,178,-0.12873358248958364,0.028230268461106538,-0.16467963904142374,-0.020751580595970147,0.7393569896612044,0.7791930173007099,-0.15696385095069018,-0.1439280584454536,,-0.08521378470155345,-2.189033805416309,-2.6826207316900215,-2.6826207316900215,0.007991661500588653,3353488.0,-2.9160528579863723,0.0035449385118627792,-0.21224979470281768,-0.12645151274080302,GCST90199716,cancerType_celltype,ESCA_Epi_ESCA,tissue,Tumor,Adjacent,group2_higher,0.017019741602034896,0.00796005138660456
43134,178,-0.13136526386815636,0.08093668151257058,-0.15403530001640314,0.02935081440955395,1.001403765402165,0.8790344175138001,-0.21230194538072694,-0.1833861144259571,,-0.08565675682488319,-0.6987113969124197,-3.213647572097324,-3.213647572097324,0.0015547751818993383,3354258.5,-2.9114244219614247,0.0035978839519849497,-0.2121038171081933,-0.12625080556384782,GCST90200190,cancerType_celltype,ESCA_Epi_ESCA,tissue,Tumor,Adjacent,group2_higher,0.004021173762673241,0.008065651030518893
43134,178,0.5175850842405297,0.25532200984366427,0.4832439422607422,0.1880743652582168,1.1387784058008406,1.2703397987041576,0.26226307439686547,0.2951695770025254,,0.09488911348255438,1.0194752696818803,2.749845764042475,2.749845764042475,0.006577314996851306,4323436.0,2.9104783107687844,0.0036087948143728897,0.2301871834716191,0.12620977846408077,GCST90200615,cancerType_celltype,ESCA_Epi_ESCA,tissue,Tumor,Adjacent,group1_higher,0.014320895112952604,0.008076826489310754
43134,178,0.012086534951045183,-0.13845450077938398,-0.0100235007703304,-0.24005994945764542,0.8040321297995277,0.9123569549296182,0.15054103573042915,0.23003644868731501,,0.0714331141946309,-3.5178304061505377,2.1978866271618887,2.1978866271618887,0.029246636457378912,4323050.0,2.908159587464917,0.0036356624572789964,0.18712267315084335,0.12610922950846137,GCST90199640,cancerType_celltype,ESCA_Epi_ESCA,tissue,Tumor,Adjacent,group1_higher,0.051703197783926666,0.008123619556182413
43134,178,-0.0525572356980467,0.18314108806086726,-0.1512631252408027,0.07121121510863301,1.1099222115719842,1.089715406639211,-0.23569832375891397,-0.22247434034943572,,-0.07845706638704095,1.8009746239293682,-2.8795574734104985,-2.8795574734104985,0.0044695715175220715,3354930.0,-2.9073906844004225,0.0036446120171225904,-0.21237137183361318,-0.12607588684960325,GCST90200585,cancerType_celltype,ESCA_Epi_ESCA,tissue,Tumor,Adjacent,group2_higher,0.010238699123332072,0.008130288345888855
43134,178,0.048970527388854386,-0.058497896423207574,0.04428498260676855,-0.08099148049950594,0.4994485248441746,0.5711602797068261,0.10746842381206195,0.1252764631062745,,0.08107739603107203,-0.25646621519932083,2.50639062498975,2.50639062498975,0.013093023974396586,4322528.0,2.905023904655024,0.003672285765397688,0.21503897443145956,0.12597325397780534,GCST90200543,cancerType_celltype,ESCA_Epi_ESCA,tissue,Tumor,Adjacent,group1_higher,0.02609033870921425,0.008178636435027857
43134,178,-0.7928440170288504,-1.1502560169613931,-0.8491072952747345,-1.2697152495384216,1.5636014246148981,1.5114699267847695,0.3574119999325427,0.42060795426368713,,0.09361825237022454,-0.53684547250849,3.147913250524621,3.147913250524621,0.001927502325255167,4322355.0,2.9039846841069177,0.0036844971825359825,0.2286131823752389,0.12592818929044225,GCST90200646,cancerType_celltype,ESCA_Epi_ESCA,tissue,Tumor,Adjacent,group1_higher,0.00492905378859811,0.008192446427074297
43134,178,-0.24271220300824767,-0.0549173735695619,-0.25564450025558466,-0.08302603289484975,0.7685639647256404,0.8008110440947142,-0.18779482943868575,-0.1726184673607349,,-0.08946350389437129,-2.1438917845093313,-3.122768295615752,-3.122768295615752,0.0020909226374772557,3356441.5,-2.8983110204786726,0.003751819258697032,-0.24430232148989914,-0.12568215693660156,GCST90200237,cancerType_celltype,ESCA_Epi_ESCA,tissue,Tumor,Adjacent,group2_higher,0.005243291716117013,0.008316202192187358
43134,178,-0.17015902535644342,0.027685987542702545,-0.19550070911645884,-0.009081515541765799,1.0426207933626808,0.9620430811641432,-0.19784501289914597,-0.18641919357469303,,-0.07162262128125117,-2.6196121571497595,-2.7370998424647857,-2.7370998424647857,0.006824775977354552,3356449.0,-2.898265967564737,0.003752358289211464,-0.18981504605620272,-0.12568020326518403,GCST90199873,cancerType_celltype,ESCA_Epi_ESCA,tissue,Tumor,Adjacent,group2_higher,0.014765348662117867,0.008316202192187358
43134,178,0.22411033337573744,-0.09359094839584961,0.17092539370059967,-0.19914226979017255,1.4508376931321456,1.3839088836010234,0.3177012817715871,0.37006766349077225,,0.0842385610014887,1.259759281284714,3.0558978396361898,3.0558978396361898,0.0025881138744230977,4321072.0,2.8962776322963952,0.0037762177220276973,0.2190181672135356,0.1255939812332929,GCST90199987,cancerType_celltype,ESCA_Epi_ESCA,tissue,Tumor,Adjacent,group1_higher,0.00631267951194519,0.008355494732343753
43134,178,0.04181948670086523,0.20222051158086973,0.00375165301375085,0.2140464335680008,0.6859879242364652,0.7589679940584085,-0.16040102488000452,-0.21029478055424994,,-0.08036711280519138,2.2736547169809915,-2.81489927714039,-2.81489927714039,0.005428364089864018,3357169.0,-2.8939408878269535,0.003804434145362356,-0.2337178545613842,-0.12549265080910654,GCST90199923,cancerType_celltype,ESCA_Epi_ESCA,tissue,Tumor,Adjacent,group2_higher,0.012224029103530818,0.008404284830030617
43134,178,0.170947405554719,-0.042648624045397626,0.13188167661428452,-0.12173713743686675,1.0550913636316284,0.9327584885770306,0.21359602960011662,0.2536188140511513,,0.09296384917354208,2.0029560373197266,3.0471260807727725,3.0471260807727725,0.0026604073096827122,4320548.0,2.8931299353761193,0.003814271170797003,0.20253358636618243,0.12545748472359186,GCST90200177,cancerType_celltype,ESCA_Epi_ESCA,tissue,Tumor,Adjacent,group1_higher,0.0064521977991059375,0.008412381239152613
43134,178,0.3005176468276628,0.6261712014413533,0.2424948364496231,0.45779426395893097,1.2417115969227552,1.3878128748742382,-0.3256535546136905,-0.21529942750930786,,-0.09319895913552767,1.0591049510327857,-3.1254945008572244,-3.1254945008572244,0.0020729545683611946,3358534.5,-2.8857382539631433,0.003905004964499619,-0.2621284006533946,-0.12513695236636502,GCST90200975,cancerType_celltype,ESCA_Epi_ESCA,tissue,Tumor,Adjacent,group2_higher,0.005212983536303152,0.008598581206159904
43134,178,0.10886461057030407,0.0176157873713155,0.11033872142434115,0.02971033751964565,0.42819927048615425,0.5251108911092276,0.09124882319898857,0.0806283839046955,,0.08236442623548297,2.627525533857121,2.3152143378864847,2.3152143378864847,0.02174213817760287,4319026.0,2.88398719737486,0.0039267846226997685,0.21287989847017552,0.1250610196706059,GCST90200125,cancerType_celltype,ESCA_Epi_ESCA,tissue,Tumor,Adjacent,group1_higher,0.04004666802171988,0.00863259264635449
43134,178,-0.34365206008318766,-0.08814236653374843,-0.3987628072500229,-0.163316398859024,1.0727012708603119,1.0912257437177453,-0.2555096935494392,-0.2354464083909989,,-0.09735416199122657,-1.9630289011561919,-3.1177304939203063,-3.1177304939203063,0.0021249706076487155,3359127.0,-2.882179073762259,0.003949389801442897,-0.2381758221789373,-0.12498261232438446,GCST90200982,cancerType_celltype,ESCA_Epi_ESCA,tissue,Tumor,Adjacent,group2_higher,0.005307393627142433,0.008668306440203975
43134,178,0.2275969506211759,0.06617955186174074,0.21141997724771494,0.00263816281221805,0.8084219635192574,0.8084368800118729,0.16141739875943517,0.2087818144354969,,0.07201820831316928,1.7820083400687452,2.6583980451260047,2.6583980451260047,0.008564724852907983,4317437.0,2.8744419866757793,0.0040474596787531585,0.19966971936855396,0.12464710181962357,GCST90200978,cancerType_celltype,ESCA_Epi_ESCA,tissue,Tumor,Adjacent,group1_higher,0.01810888453843892,0.008860427839636259
43134,178,-0.026053493608625067,0.1328659683761574,-0.05434578657150265,0.08825271204113955,0.7177995601642797,0.7293468416955856,-0.1589194619847825,-0.1425984986126422,,-0.08125329596677651,2.3503783653369563,-2.9012607624201876,-2.9012607624201876,0.004184738749486303,3360447.0,-2.8742497609096556,0.004049924096913712,-0.22138343303166383,-0.12463876615490899,GCST90200185,cancerType_celltype,ESCA_Epi_ESCA,tissue,Tumor,Adjacent,group2_higher,0.009651097995854199,0.008860427839636259
43134,178,-0.0073036774537079885,-0.09832321869253882,-0.0208205003291368,-0.15635997802019114,0.5390712664049233,0.6381622015576718,0.09101954123883084,0.13553947769105434,,0.06061355708386631,-3.7506543415011317,1.900094005189255,1.900094005189255,0.05903701411109886,4317196.0,2.8729942863746603,0.0040660533548116376,0.16870676964260356,0.12458432384474194,GCST90200801,cancerType_celltype,ESCA_Epi_ESCA,tissue,Tumor,Adjacent,group1_higher,0.0954453053735477,0.008881459491359394
43134,178,-0.13777208706704402,0.2594257469074487,-0.20530564337968826,0.36578626930713654,1.9200770837201668,1.7530470335380028,-0.3971978339744927,-0.5710919126868248,,-0.07772384540136074,0.9130331331969612,-3.015441904190073,-3.015441904190073,0.002939720330920324,3362198.0,-2.8637314072695736,0.004186868371494218,-0.2069359480498992,-0.12418264900130926,GCST90199920,cancerType_celltype,ESCA_Epi_ESCA,tissue,Tumor,Adjacent,group2_higher,0.007017230842459548,0.009130722544554591
43134,178,0.010506082032849912,0.14345134915869023,-0.007396036526188201,0.17575390636920923,0.6021833174850115,0.689397149697109,-0.13294526712584032,-0.18314994289539743,,-0.08640249999075664,3.771137620740082,-2.5688027707429164,-2.5688027707429164,0.011024623711841664,3363172.0,-2.857880535513183,0.0042648495917284,-0.22063208358220038,-0.12392893220655987,GCST90200932,cancerType_celltype,ESCA_Epi_ESCA,tissue,Tumor,Adjacent,group2_higher,0.022427704655582373,0.009285926507229727
43134,178,-0.09765232697744472,0.06595457126020213,-0.09994192421436304,0.0291273202747106,0.6618020213860901,0.7034384412041378,-0.16360689823764685,-0.12906924448907364,,-0.09565644766793649,-0.5661746675913217,-3.097375106312873,-3.097375106312873,0.0022685544646180904,3363363.0,-2.8567331879716322,0.004280295195889937,-0.24714872554710096,-0.12387917870779486,GCST90199758,cancerType_celltype,ESCA_Epi_ESCA,tissue,Tumor,Adjacent,group2_higher,0.0056424082760482795,0.009290916146503826
43134,178,0.07813779063582901,-0.06911989204648337,0.049801891669631004,-0.19356684386730189,0.7967534567786787,0.8521326111065693,0.14725768268231237,0.2433687355369329,,0.0720998697702717,0.17691709045205933,2.301435344702789,2.301435344702789,0.022523737004486222,4314471.0,2.8566250609781876,0.0042817534148816856,0.18476784384254638,0.12387448989639283,GCST90200631,cancerType_celltype,ESCA_Epi_ESCA,tissue,Tumor,Adjacent,group1_higher,0.04126324400149828,0.009290916146503826
43134,178,0.03036653802023361,-0.1253275497963003,0.0046123040374367996,-0.29485875368118286,0.8087940194808313,0.8081982325469241,0.15569408781653393,0.29947105771861965,,0.08147369696196194,-2.045113242376341,2.564889488691864,2.564889488691864,0.01114351393466993,4314399.0,2.856192553004409,0.0042875907968825434,0.19250211130697897,0.12385573465078514,GCST90200611,cancerType_celltype,ESCA_Epi_ESCA,tissue,Tumor,Adjacent,group1_higher,0.022615272678474636,0.009290916146503826
43134,178,0.14087356801210366,-0.03680939945716705,0.11440883949398989,-0.062631769105792,0.8193703377896026,0.8549745746393889,0.1776829674692707,0.17704060859978188,,0.09158326429628558,1.93622587573843,2.7674586404344237,2.7674586404344237,0.006245679713503843,4313099.0,2.8483833812556334,0.004394236932354921,0.21681372713014452,0.12351709827175616,GCST90199717,cancerType_celltype,ESCA_Epi_ESCA,tissue,Tumor,Adjacent,group1_higher,0.01377485671441058,0.009506896728253583
43134,178,-0.6211797714454215,-0.33164719710900875,-0.6765135824680328,-0.3298112452030182,1.2613841360469353,1.4398311041154446,-0.2895325743364127,-0.34670233726501465,,-0.08884124068409947,-0.9053594888320231,-2.6786083943185672,-2.6786083943185672,0.008084990863165303,3365660.0,-2.842934982197064,0.004470060940901371,-0.2293936446127683,-0.12328083427500292,GCST90200559,cancerType_celltype,ESCA_Epi_ESCA,tissue,Tumor,Adjacent,group2_higher,0.017164863779586148,0.009655614995956527
43134,178,0.32223001726588574,0.11800775668463472,0.2997787892818451,-0.051519153639674145,1.0046142476383433,0.9796523549739891,0.20422226058125104,0.3512979429215192,,0.07763874807331737,1.4492014546078753,2.775241548557379,2.775241548557379,0.0061036165809579615,4311460.0,2.8385378177969844,0.004532117510738674,0.20330464601378273,0.12309015594465733,GCST90201019,cancerType_celltype,ESCA_Epi_ESCA,tissue,Tumor,Adjacent,group1_higher,0.013527202276171872,0.009774171150532932
43134,178,0.05473868919487251,-0.07129831354541238,0.02124420367181295,-0.20508859306573865,0.663003479151119,0.6924867250982303,0.1260370027402849,0.2263327967375516,,0.07736334367580304,-0.38130094349216936,2.423688202686236,2.423688202686236,0.01636285153908673,4310358.0,2.8319180429760986,0.004627014116567489,0.19006475573177312,0.12280309649104981,GCST90200542,cancerType_celltype,ESCA_Epi_ESCA,tissue,Tumor,Adjacent,group1_higher,0.03136788558055586,0.009963065151471544
43134,178,-0.06882944074651069,0.05739314866702208,-0.07824394479393955,0.01956700347363945,0.4331200881615715,0.5888373667982326,-0.12622258941353276,-0.097810948267579,,-0.09935189592575575,-0.2621430864360973,-2.856718485038085,-2.856718485038085,0.004790806456721077,3368381.0,-2.826589785021357,0.004704699428357349,-0.29092245136448536,-0.12257204228474317,GCST90199669,cancerType_celltype,ESCA_Epi_ESCA,tissue,Tumor,Adjacent,group2_higher,0.010828970481775833,0.010114361704812409
43134,178,-0.25284150095145214,-0.4597598382826434,-0.2800785303115845,-0.6725974082946777,1.1599695767088132,1.2759790787320746,0.20691833733119125,0.39251887798309326,,0.07059778284769562,-0.8626445945079273,2.1598626121387423,2.1598626121387423,0.03211927827405114,4309285.0,2.825472472755763,0.004721138696063145,0.17830604926809865,0.1225235912335898,GCST90200455,cancerType_celltype,ESCA_Epi_ESCA,tissue,Tumor,Adjacent,group1_higher,0.056198429123917454,0.010125187429058897
43134,178,-0.09322128985763906,0.030756324891974166,-0.1152692213654518,0.00873357965610915,0.5710535872349508,0.5767280012691298,-0.12397761474961322,-0.12400280102156094,,-0.08989525321600442,-1.5997449199883398,-2.8622361523144164,-2.8622361523144164,0.004709971556937616,3368606.0,-2.8252381976032996,0.004724592226618825,-0.2170944340932052,-0.12251343214221899,GCST90200263,cancerType_celltype,ESCA_Epi_ESCA,tissue,Tumor,Adjacent,group2_higher,0.010699485386843285,0.010125187429058897
43134,178,0.1148563015368211,-0.06517425132392163,0.11038357764482495,-0.10042027011513704,0.7853172868910586,0.8621752758935546,0.1800305528607427,0.210803847759962,,0.08724860910063469,0.8174464263886555,2.781111929777313,2.781111929777313,0.00599998470058683,4309112.5,2.8244362557352525,0.004736431245506113,0.22914950768503273,0.1224786567909879,GCST90200773,cancerType_celltype,ESCA_Epi_ESCA,tissue,Tumor,Adjacent,group1_higher,0.013340912148286867,0.010134624470368654
43134,178,-0.03411232932599462,-0.14446355433208513,-0.05180257931351655,-0.1420800760388374,0.5361053755185109,0.5742093163721577,0.11035122500609051,0.09027749672532086,,0.07389353438776819,-2.082308089774612,2.5593943846410303,2.5593943846410303,0.01131564240832881,4308981.0,2.823646327977588,0.004748119146430016,0.20577679670087784,0.12244440241880161,GCST90199877,cancerType_celltype,ESCA_Epi_ESCA,tissue,Tumor,Adjacent,group1_higher,0.022849215707484695,0.010143709085555034
43134,178,-0.8266560923158304,-0.5508568325718299,-0.8925344944000244,-0.6178992390632629,1.3332879447985007,1.5198437674851428,-0.27579925974400044,-0.2746352553367615,,-0.08465149370622968,-0.5856089748070108,-2.4172169530898318,-2.4172169530898318,0.016648252919218842,3369691.0,-2.8187205427206674,0.004821592672509438,-0.20673003947199928,-0.122230801010491,GCST90199710,cancerType_celltype,ESCA_Epi_ESCA,tissue,Tumor,Adjacent,group2_higher,0.03178090858388695,0.010284555262332339
43134,178,-0.49123108898799833,-0.7502935318422786,-0.5736219584941864,-0.8344279527664185,1.1656951779893787,1.0267881792001272,0.2590624428542803,0.26080599427223206,,0.09696543586403125,-0.6110522382529611,3.3572347424072557,3.3572347424072557,0.0009617231868031403,4307991.0,2.8176993433381354,0.0048369531352422755,0.2223404320978287,0.12218651779169476,GCST90200448,cancerType_celltype,ESCA_Epi_ESCA,tissue,Tumor,Adjacent,group1_higher,0.0026534994000256685,0.010301198630211283
43134,178,-0.1520188503996616,-0.3289246562321597,-0.20033424347639078,-0.3357114493846893,0.7781986154082174,0.7964512808798946,0.17690580583249813,0.1353772059082985,,0.10007244052257232,-1.113501823167917,2.9575974209683173,2.9575974209683173,0.0035205994224183556,4306905.0,2.8111756814003117,0.004936128660441878,0.2273052770969531,0.12190362617044448,GCST90200375,cancerType_celltype,ESCA_Epi_ESCA,tissue,Tumor,Adjacent,group1_higher,0.008244977685148142,0.010487198141187376
43134,178,0.02536119811490047,0.24035102948337123,-0.0075013034511357,0.26730208098888397,0.9782156417871893,1.0419378047869368,-0.21498983136847075,-0.27480338444001967,,-0.0893048520341972,3.24439729248624,-2.7478796976422246,-2.7478796976422246,0.0066148368275455015,3370985.5,-2.810944409775444,0.004939678067969402,-0.2197171541159394,-0.12189359732383487,GCST90200732,cancerType_celltype,ESCA_Epi_ESCA,tissue,Tumor,Adjacent,group2_higher,0.014379621365142772,0.010487198141187376
43134,178,0.5678676623041109,0.3419734707567841,0.5502673983573914,0.292693942785263,1.099911543418959,1.1341797821641766,0.22589419154732682,0.25757345557212835,,0.085334786125187,0.7316686708150965,2.6521130369540855,2.6521130369540855,0.008719867266546905,4306566.0,2.8091392896904384,0.0049674613041361775,0.2053483193030613,0.12181532022237462,GCST90199851,cancerType_celltype,ESCA_Epi_ESCA,tissue,Tumor,Adjacent,group1_higher,0.0183130648448435,0.01052978189352661
43134,178,0.30457146967102305,0.42208012789906413,0.29686887562274933,0.41375885903835297,0.5281019699496433,0.544330363543374,-0.11750865822804107,-0.11688998341560364,,-0.08505328635850545,0.47073478252162604,-2.874587155673393,-2.874587155673393,0.004537713367645474,3371376.0,-2.8085986547232156,0.004975809863808732,-0.2224829361299552,-0.12179187616536502,GCST90199823,cancerType_celltype,ESCA_Epi_ESCA,tissue,Tumor,Adjacent,group2_higher,0.01035997206047032,0.01053110069001755
43134,178,0.39206442708135164,0.2127986022590377,0.385515421628952,0.24968722462654108,0.7285532788097572,0.7254182851768576,0.17926582482231393,0.13582819700241094,,0.09756912958537434,0.8815989741270968,3.2901600470815087,3.2901600470815087,0.001206537949882244,4306139.0,2.806574277123725,0.005007183406473218,0.24606157964984413,0.12170409119633985,GCST90200404,cancerType_celltype,ESCA_Epi_ESCA,tissue,Tumor,Adjacent,group1_higher,0.0032056749038781645,0.010581071291508521
43134,178,0.14325646927496297,0.006844425937742926,0.1328731775283813,-0.005429904893389849,0.6435910482261121,0.6729982650622461,0.13641204333722004,0.13830308242177114,,0.08061573750288815,4.387326239135843,2.6991736004926055,2.6991736004926055,0.007619766073913746,4304856.5,2.7988702288407983,0.0051282219728832346,0.2119140657978713,0.1213700133839517,GCST90200270,cancerType_celltype,ESCA_Epi_ESCA,tissue,Tumor,Adjacent,group1_higher,0.016304146246066617,0.010803851048645412
43134,178,0.4081039016485078,0.24643537676056032,0.3895072788000107,0.21617516875267023,0.8220012326407136,0.7478942831693076,0.16166852488794747,0.17333211004734045,,0.07677425497530423,0.7277248089116739,2.876838448862469,2.876838448862469,0.004505809391043569,4304854.0,2.7988552112028198,0.0051284604757693185,0.19674597707662717,0.12136936216014593,GCST90199641,cancerType_celltype,ESCA_Epi_ESCA,tissue,Tumor,Adjacent,group1_higher,0.010304392953007358,0.010803851048645412
43134,178,0.11384827388530286,-0.010942889739801126,0.10295470431447025,-0.0599178876727819,0.6088578629150064,0.6361967401304393,0.12479116362510398,0.16287259198725215,,0.08074439908731512,3.3789275848947278,2.6120603515576466,2.6120603515576466,0.009767057131059815,4304629.0,2.7975036237847624,0.005149966833322016,0.20492099023913968,0.12131075201762154,GCST90200072,cancerType_celltype,ESCA_Epi_ESCA,tissue,Tumor,Adjacent,group1_higher,0.02027656938226523,0.010832414805274549
43134,178,0.12389901873996567,0.31205626383614776,0.09698757156729695,0.23300136625766749,0.7346552923766974,0.8236420777404563,-0.1881572450961821,-0.13601379469037053,,-0.09621808412565946,1.3326343883744969,-3.042850831658074,-3.042850831658074,0.002698041038570344,3373966.0,-2.7930403817775775,0.005221565797139091,-0.25598201117480895,-0.12111720830253048,GCST90200207,cancerType_celltype,ESCA_Epi_ESCA,tissue,Tumor,Adjacent,group2_higher,0.006497226034578408,0.01096609272958487
43134,178,-0.2708427963744177,-0.08437270786759726,-0.3040186017751694,-0.1052348315715789,0.8767725616090621,0.9078926642661099,-0.18647008850682045,-0.19878377020359048,,-0.07545420710616285,-1.68259563820321,-2.7349573470624113,-2.7349573470624113,0.006868803906114596,3374452.0,-2.7901209529545734,0.005268884300030663,-0.2126464420881218,-0.12099061039467807,GCST90200621,cancerType_celltype,ESCA_Epi_ESCA,tissue,Tumor,Adjacent,group2_higher,0.014837051860593019,0.011048445078371992
43134,178,0.044748215073579456,-0.09324258918026357,0.009124948177486599,-0.18412792682647705,0.8182262341945977,0.9529413638169101,0.13799080425384302,0.19325287500396365,,0.05756715491420505,-1.0591421615804826,1.9290093161559523,1.9290093161559523,0.05531963814368945,4303208.0,2.7889675983578313,0.00528768452402538,0.16852358852157767,0.12094059640639077,GCST90200295,cancerType_celltype,ESCA_Epi_ESCA,tissue,Tumor,Adjacent,group1_higher,0.0905170069505987,0.01107083564707618
43134,178,0.05309946543999922,-0.04100251789767232,0.05467443540692325,-0.0557264033704996,0.43873680296261997,0.45300575381389213,0.09410198333767154,0.11040083877742285,,0.08329733310975723,0.37297681560685275,2.766088992818194,2.766088992818194,0.006270771537439518,4302272.0,2.7833449946987128,0.0053802061664727,0.21445494052226716,0.12069677821349001,GCST90199886,cancerType_celltype,ESCA_Epi_ESCA,tissue,Tumor,Adjacent,group1_higher,0.013807853966930635,0.011247271479911489
43134,178,0.21039900747958457,0.4560495099499604,0.1557282283902168,0.3974801748991012,1.1914758512583552,1.189277410556612,-0.24565050247037584,-0.2417519465088844,,-0.08530710568610324,1.1160588632509594,-2.75009016873138,-2.75009016873138,0.006571580913382334,3376815.0,-2.7759262815373753,0.005504519613326201,-0.20617484853942666,-0.12037507365341249,GCST90200400,cancerType_celltype,ESCA_Epi_ESCA,tissue,Tumor,Adjacent,group2_higher,0.014320895112952604,0.01148952562475285
43134,178,0.8476625520166248,0.6942081222771092,0.8612287044525146,0.6801597476005554,0.7814897515689772,0.79122061995705,0.15345442973951562,0.18106895685195923,,0.07444566878477488,0.2881214321023597,2.582375534970868,2.582375534970868,0.010614152880468831,4300664.0,2.773685649950996,0.005542571755127511,0.1963513564500443,0.12027791106158348,GCST90199776,cancerType_celltype,ESCA_Epi_ESCA,tissue,Tumor,Adjacent,group1_higher,0.02182064913435749,0.011551261930028743
43134,178,0.22237010188430703,0.09527892563779827,0.2095723003149032,0.04382789507508275,0.6296684714591465,0.7184935229922211,0.12709117624650876,0.16574440523982045,,0.07903147268801976,1.2227251232437597,2.3562176372633292,2.3562176372633292,0.019549133275681092,4300369.0,2.771913568669543,0.0055728345484489525,0.20171378586075786,0.12020106665249597,GCST90200948,cancerType_celltype,ESCA_Epi_ESCA,tissue,Tumor,Adjacent,group1_higher,0.036500641992812784,0.011596600747383088
43134,178,-0.3472812654541483,-0.18310200306063706,-0.38265629112720484,-0.172336146235466,0.7865840092346109,0.8756729994573728,-0.16417926239351122,-0.21032014489173884,,-0.0848907875157027,-0.9234532861036115,-2.4972642842314046,-2.4972642842314046,0.013422553968199143,3378844.0,-2.7637379665540935,0.005714393382263972,-0.20862237371932077,-0.11984654041260501,GCST90200287,cancerType_celltype,ESCA_Epi_ESCA,tissue,Tumor,Adjacent,group2_higher,0.02661807660979772,0.011873046006136881
43134,178,0.08898479164759472,-0.04126697351834021,0.06667632982134815,-0.0532945208251476,0.6648059092985326,0.7331992190285398,0.13025176516593492,0.11997085064649575,,0.0787458965551112,1.1085524035739875,2.3661166712194763,2.3661166712194763,0.01904956129182251,4298458.0,2.7604340861988423,0.005772513581800319,0.19583794539062835,0.11970327117532342,GCST90200023,cancerType_celltype,ESCA_Epi_ESCA,tissue,Tumor,Adjacent,group1_higher,0.03566559346257429,0.01197554948553095
43134,178,-0.42868605113913655,-0.2387632158103535,-0.4634113162755966,-0.2980773150920868,0.8244626067222799,0.8476574245096984,-0.18992283532878304,-0.16533400118350983,,-0.09077884312990532,-0.844338207476167,-2.9834635751741363,-2.9834635751741363,0.0032493409433915067,3380645.0,-2.752919260154443,0.005906700329465573,-0.2303326967471682,-0.11937739878288878,GCST90200565,cancerType_celltype,ESCA_Epi_ESCA,tissue,Tumor,Adjacent,group2_higher,0.007675652869744581,0.012235307825321545
43134,178,0.17616852408316083,0.08886831834273978,0.15986150503158564,0.0887157395482063,0.39927847527265115,0.4747545192569277,0.08730020574042105,0.07114576548337934,,0.07496600957799694,0.9872070437799083,2.4497584298946986,2.4497584298946986,0.015262786439838033,4296237.0,2.7470924166188184,0.00601267401892567,0.21846026716616243,0.11912472394622875,GCST90200533,cancerType_celltype,ESCA_Epi_ESCA,tissue,Tumor,Adjacent,group1_higher,0.029803979824497475,0.012435925171161894
43134,178,-0.1264995614538123,0.0041904776367578615,-0.1396935805678367,0.02354403957724565,0.6839347193788955,0.6628642446776175,-0.13069003909057017,-0.16323762014508236,,-0.06387558853682775,-4.915541045803663,-2.6246779026174454,-2.6246779026174454,0.009424690939830768,3382799.0,-2.739980063272241,0.0061443472793032165,-0.1911092382540713,-0.11881630435179003,GCST90199907,cancerType_celltype,ESCA_Epi_ESCA,tissue,Tumor,Adjacent,group2_higher,0.019672057811622262,0.012689008093470127
43134,178,0.12937908633731648,-0.08444489943049324,0.11394836753606791,-0.015467946417629651,0.7673266619680094,0.9498099581391478,0.21382398576780973,0.12941631395369757,,0.09291338448009223,0.6155163059208878,2.9994777396729244,2.9994777396729244,0.0030921166284568354,4294789.0,2.73839420070172,0.006174058602643014,0.27835841633966324,0.11874753511789504,GCST90199698,cancerType_celltype,ESCA_Epi_ESCA,tissue,Tumor,Adjacent,group1_higher,0.007355244266294357,0.012731076967325911
43134,178,-0.7333406494274077,-0.46297501098741306,-0.7945306897163391,-0.593257486820221,1.2391340259637031,1.3800438661595795,-0.27036563843999467,-0.20127320289611816,,-0.09471925244994661,-0.6635480357130066,-2.6094402573142688,-2.6094402573142688,0.009840042354626021,3383351.5,-2.736661165279011,0.006206675109437389,-0.21808209376855195,-0.11867238389070278,GCST90200769,cancerType_celltype,ESCA_Epi_ESCA,tissue,Tumor,Adjacent,group2_higher,0.020382944877439618,0.012779000263086347
43134,178,-0.19434516107841307,-0.3660624552716951,-0.22889215499162668,-0.44528019428253174,0.9899070371641114,0.9147957403455225,0.17171729419328205,0.21638803929090505,,0.0642327794959455,-0.9134651437775745,2.4983492078422262,2.4983492078422262,0.01338021678760821,4294217.0,2.7349581651322588,0.006238877386095249,0.1735198754172083,0.11859853511112228,GCST90200673,cancerType_celltype,ESCA_Epi_ESCA,tissue,Tumor,Adjacent,group1_higher,0.026584891372463546,0.012820172751114054
43134,178,0.024451088762928848,0.18061344212528024,0.00389165547676375,0.13863918930292124,0.7488761324182157,0.69612437839915,-0.1561623533623514,-0.13474753382615748,,-0.08186783174215463,2.88488364245064,-2.98582891140315,-2.98582891140315,0.003224803588015301,3383693.0,-2.7346097559311593,0.006245484010814184,-0.2085868909000171,-0.11858342671882705,GCST90199773,cancerType_celltype,ESCA_Epi_ESCA,tissue,Tumor,Adjacent,group2_higher,0.007630915434834819,0.012820172751114054
43134,178,-0.2573435801969564,-0.023999205766915437,-0.2907734513282776,0.021198265720158798,1.1243013406802436,1.1207820271555218,-0.23334437443004097,-0.3119717170484364,,-0.08530799087811702,-3.4225827189848355,-2.7719558763764134,-2.7719558763764134,0.006163175766615593,3384034.0,-2.732561350110904,0.006284453933014258,-0.20754876514285703,-0.11849459979171262,GCST90199740,cancerType_celltype,ESCA_Epi_ESCA,tissue,Tumor,Adjacent,group2_higher,0.013637026899183528,0.01288076798601268
43134,178,0.040133667752288306,-0.26271670177746353,-0.013904379215091401,-0.36420571804046625,1.5746652753287074,1.4056561983681046,0.30285036952975186,0.35030133882537484,,0.08538305502804922,-2.710592552090376,2.867063845299099,2.867063845299099,0.004640721617662787,4293385.0,2.729960295213042,0.006334253097297899,0.19240670731941623,0.11838180782854368,GCST90200479,cancerType_celltype,ESCA_Epi_ESCA,tissue,Tumor,Adjacent,group1_higher,0.010577430710492271,0.01296334380122678
43134,178,-0.1649415690549084,0.04180992797561241,-0.19582623243331904,-0.0394535586237907,0.899269765799057,0.8969016505004865,-0.20675149703052081,-0.15637267380952835,,-0.0830733049503871,-1.980011814637985,-3.0691270708422387,-3.0691270708422387,0.0024820097876872014,3385258.0,-2.7252087145566715,0.0064261435277239275,-0.2299128994266171,-0.11817576061638069,GCST90200647,cancerType_celltype,ESCA_Epi_ESCA,tissue,Tumor,Adjacent,group2_higher,0.006095458271383163,0.013131684600131503
43134,178,0.18283054819329655,0.3328197830869408,0.14925644546747205,0.38323916494846344,0.9099116547935003,0.8176117920685675,-0.14998923489364427,-0.2339827194809914,,-0.0609759365069813,0.8642304920711956,-2.4412706795610877,-2.4412706795610877,0.015609737720676697,3385912.0,-2.721280100461518,0.006503022538404157,-0.16490424619563782,-0.11800540046877694,GCST90199781,cancerType_celltype,ESCA_Epi_ESCA,tissue,Tumor,Adjacent,group2_higher,0.030242362714608177,0.01326889179617495
43134,178,-0.18748213456439783,-0.059219318558461964,-0.20815052092075345,-0.1074377261102199,0.45177704020845616,0.5658819850501965,-0.12826281600593586,-0.10071279481053355,,-0.10344031354657662,-1.6625966646033288,-3.0200525644413703,-3.0200525644413703,0.002899278462513007,3386741.0,-2.716300251707876,0.0066016616848738816,-0.2835778526641612,-0.11778945465476542,GCST90200903,cancerType_celltype,ESCA_Epi_ESCA,tissue,Tumor,Adjacent,group2_higher,0.006932836042816191,0.013450022236895516
43134,178,-0.1181132811817264,0.05039998064121085,-0.15122270584106445,0.0201625532936304,0.7190926061595633,0.837946761339118,-0.16851326182293724,-0.17138525913469485,,-0.09306776041658393,-1.2286597020203516,-2.6789754889788875,-2.6789754889788875,0.008076662228415092,3387738.0,-2.710311217682084,0.006722071098212977,-0.23417034268547338,-0.11752974660100246,GCST90200825,cancerType_celltype,ESCA_Epi_ESCA,tissue,Tumor,Adjacent,group2_higher,0.017164863779586148,0.013674899860991475
43134,178,-0.36243027030828606,-0.13340374851452835,-0.41066668927669525,-0.30194729566574097,1.0292218852655302,1.0801042423356753,-0.2290265217937577,-0.10871939361095428,,-0.09459363443287004,-1.4418974155714925,-2.8236962081014063,-2.8236962081014063,0.005287473836045481,3388134.0,-2.7079324238263025,0.006770441912136398,-0.2224778959940221,-0.11742659275015976,GCST90200534,cancerType_celltype,ESCA_Epi_ESCA,tissue,Tumor,Adjacent,group2_higher,0.011931832514122501,0.013752775448944725
43134,178,0.24866281120651973,0.48823895891395847,0.1475512310862541,0.31638695299625397,1.2993482300240684,1.272080260916347,-0.23957614770743874,-0.16883572190999988,,-0.07891088530668915,0.9733938110429118,-2.50729911256102,-2.50729911256102,0.013058512327772312,3388232.0,-2.7073437324175487,0.00678246065111138,-0.1843974359690779,-0.11740106477697143,GCST90200842,cancerType_celltype,ESCA_Epi_ESCA,tissue,Tumor,Adjacent,group2_higher,0.026059666621894087,0.013756687302775017
43134,178,-0.014023280343027173,-0.3109636639056497,-0.10177576541900629,-0.34752039611339564,1.4600352686881295,1.3701163118152795,0.29694038356262253,0.24574463069438934,,0.09065081190502405,-4.470752004915117,2.8847397000822257,2.8847397000822257,0.004399526419110153,4288045.0,2.6978826204911472,0.006978267063857067,0.20342854254406914,0.11699079377930177,GCST90200054,cancerType_celltype,ESCA_Epi_ESCA,tissue,Tumor,Adjacent,group1_higher,0.010095209611527168,0.014132805361125085
43134,178,-0.8099722537906795,-0.613816795635215,-0.8533957600593567,-0.6753610968589783,0.9764756095380993,1.0139258183308328,-0.19615545815546453,-0.17803466320037842,,-0.08246097435191795,-0.4000637967788564,-2.576170960498822,-2.576170960498822,0.010799734130709815,3390484.0,-2.6938158441265925,0.007063981857993323,-0.20084898065800866,-0.11681444237268446,GCST90200368,cancerType_celltype,ESCA_Epi_ESCA,tissue,Tumor,Adjacent,group2_higher,0.022110242246578073,0.014285173994725368
43134,178,-0.054456422481273505,0.24964192529533352,-0.1319356933236122,0.1586899310350418,1.536943652719947,1.6223416490977334,-0.30409834777660705,-0.290625624358654,,-0.08249234120055711,2.1966654172280515,-2.4961977615870055,-2.4961977615870055,0.013460894128812491,3391340.0,-2.688673804882783,0.00717371256826913,-0.1978129774810366,-0.11659146334157,GCST90200490,cancerType_celltype,ESCA_Epi_ESCA,tissue,Tumor,Adjacent,group2_higher,0.02662873541011818,0.014485585526741963
43134,178,0.633296129132452,0.39928903479882505,0.6062681078910828,0.2873343378305435,1.163037523687847,1.2012814317258174,0.23400709433362699,0.31893377006053925,,0.0781328539619997,0.6654454727371433,2.593916149619554,2.593916149619554,0.010277389833877175,4284962.0,2.6793628693361655,0.007376307131250873,0.20117591378741748,0.1161877045819586,GCST90199631,cancerType_celltype,ESCA_Epi_ESCA,tissue,Tumor,Adjacent,group1_higher,0.02119225770586171,0.014866669188555283
43134,178,0.12382541690561433,0.3064539308157446,0.1002411618828773,0.22012307494878763,0.8424559142560921,0.8510779665816315,-0.1826285139101303,-0.11988191306591034,,-0.07865631225502077,1.3073557883754523,-2.857149580432567,-2.857149580432567,0.0047827058002712685,3392950.0,-2.6790024460246835,0.0073842516805956914,-0.21677198005975032,-0.11617207521061879,GCST90199812,cancerType_celltype,ESCA_Epi_ESCA,tissue,Tumor,Adjacent,group2_higher,0.010828617949783619,0.014866669188555283
43134,178,-0.5040789076587037,-0.2813244009615456,-0.5656788647174835,-0.34671537578105927,1.1275325112473007,1.116619797318333,-0.22275450669715807,-0.21896348893642426,,-0.08516105449117994,-0.8414126305452638,-2.655946955912323,-2.655946955912323,0.008624673800417135,3393308.0,-2.6768519202661745,0.00743181388928989,-0.19756705297122348,-0.11607881996162472,GCST90200902,cancerType_celltype,ESCA_Epi_ESCA,tissue,Tumor,Adjacent,group2_higher,0.018169135069503174,0.014940357420504601
43134,178,0.38277433439284003,0.46839762284430897,0.3837246894836426,0.4755977541208267,0.47317067147118835,0.5123785294886704,-0.08562328845146894,-0.09187306463718414,,-0.06243664144603844,0.2912389669339509,-2.225605166284234,-2.225605166284234,0.027294434192588975,3393632.0,-2.6749056343841717,0.007475095688283165,-0.1808926728723937,-0.11599442135638982,GCST90200624,cancerType_celltype,ESCA_Epi_ESCA,tissue,Tumor,Adjacent,group2_higher,0.048694128016359646,0.014990151124827683
43134,178,0.47604509005083706,0.36532292677105266,0.4853043705224991,0.3330374807119369,0.48004258690921653,0.6043498487851019,0.1107221632797844,0.1522668898105622,,0.08652661273337853,0.38192501417812774,2.4411333538472464,2.4411333538472464,0.015620413317009654,4284194.0,2.6747494509491965,0.007478578697639637,0.23037550505438167,0.11598764862880917,GCST90199953,cancerType_celltype,ESCA_Epi_ESCA,tissue,Tumor,Adjacent,group1_higher,0.030242362714608177,0.014990151124827683
43134,178,-0.17338016461564543,-0.274100040935838,-0.1883400082588195,-0.3008146286010742,0.4744853817911284,0.49138363686170483,0.10071987632019258,0.11247462034225472,,0.0847064721179877,-0.6607606281187607,2.729421285314626,2.729421285314626,0.006980404439446448,4283143.0,2.6684360359430706,0.007620596864606451,0.21224038285321767,0.11571387414084033,GCST90200105,cancerType_celltype,ESCA_Epi_ESCA,tissue,Tumor,Adjacent,group1_higher,0.015030475909898117,0.015252384032978843
43134,178,0.2638883952819341,0.17238594947403738,0.2547486871480942,0.1535637229681015,0.49055417057360273,0.5403323643719876,0.09150244580789671,0.10118496417999268,,0.06692629010905717,0.6142828157968928,2.2555080446622378,2.2555080446622378,0.025317550581105772,4282931.0,2.667162540242501,0.007649535034185751,0.18644750308817998,0.11565865036210643,GCST90200033,cancerType_celltype,ESCA_Epi_ESCA,tissue,Tumor,Adjacent,group1_higher,0.04564526645773435,0.01527092852805419
43134,178,-0.09397598313405693,0.05020917326688055,-0.1180477291345596,0.06520355306565755,0.7682620965980218,0.7925008220928612,-0.1441851564009375,-0.18325128220021714,,-0.07188730007831665,-0.9043277513150121,-2.4226481322544204,-2.4226481322544204,0.016408039708854835,3394941.0,-2.6670423991386736,0.007652270128144543,-0.1876524643519258,-0.11565344057165994,GCST90200845,cancerType_celltype,ESCA_Epi_ESCA,tissue,Tumor,Adjacent,group2_higher,0.03141033444265329,0.01527092852805419
43134,178,0.38390015928742693,0.24859358673407012,0.3768145740032196,0.26524782180786133,0.6008630394468065,0.6678168615067492,0.13530657255335682,0.11156675219535828,,0.0900057135220655,0.6269400354184808,2.6986545875408545,2.6986545875408545,0.007631772339997623,4281248.0,2.657052666355432,0.007882782962272898,0.22507886170207528,0.11522024649602525,GCST90200800,cancerType_celltype,ESCA_Epi_ESCA,tissue,Tumor,Adjacent,group1_higher,0.01630424090817674,0.01570794324207304
43134,178,0.06910953422644783,-0.12362023227484478,0.008073718287050651,-0.1957277879118919,0.9708036759238526,0.9164032059184459,0.19272976650129262,0.20380150619894255,,0.08542616007494619,-0.8389490148362349,2.7994252414816994,2.7994252414816994,0.005682282522400806,4280400.0,2.6519586835531537,0.008002704568509286,0.1985702013674538,0.11499935138108941,GCST90199672,cancerType_celltype,ESCA_Epi_ESCA,tissue,Tumor,Adjacent,group1_higher,0.012717489454897042,0.01592362967427468
43134,178,-0.49643939815713295,-0.3256987114685452,-0.5432988107204437,-0.4143460839986801,0.8744895685476304,0.8698527336504926,-0.17074068668858777,-0.1289527267217636,,-0.07254753439515153,-0.6080780788063436,-2.6133495366811936,-2.6133495366811936,0.009731062372599238,3397780.5,-2.64998536592279,0.00804959730216183,-0.19525033005854944,-0.11491378057300405,GCST90200581,cancerType_celltype,ESCA_Epi_ESCA,tissue,Tumor,Adjacent,group2_higher,0.02024952368527139,0.01599358764263349
43134,178,0.0018014465824140403,0.14711476988263764,-0.00479448563419275,0.11936916410923,0.711162556988103,0.7983775700893159,-0.1453133233002236,-0.12416364974342275,,-0.0762958716137771,6.350851588299596,-2.42436084139873,-2.42436084139873,0.016334585358944866,3398487.0,-2.6457413814300894,0.008151283210756862,-0.2042234749272788,-0.11472974472547792,GCST90200373,cancerType_celltype,ESCA_Epi_ESCA,tissue,Tumor,Adjacent,group2_higher,0.03136788558055586,0.016172050969813105
43134,178,0.08017197583282881,0.20274261048546302,0.05854973569512365,0.19325169175863266,0.642750948838301,0.6364182047295959,-0.12257063465263421,-0.13470195606350902,,-0.07111336722618303,1.3384685184744787,-2.564140048783161,-2.564140048783161,0.011166601990178599,3398895.0,-2.6432905029120124,0.008210528580193891,-0.19070457420217968,-0.11462346500036724,GCST90199840,cancerType_celltype,ESCA_Epi_ESCA,tissue,Tumor,Adjacent,group2_higher,0.022615272678474636,0.01626591635872714
43134,178,0.40515343464693115,0.2684716343048442,0.38413330912590027,0.285654217004776,0.7389810724568773,0.8477983927714403,0.13668180034208693,0.09847909212112427,,0.07997236721108296,0.5936968914792882,2.1475750117853245,2.1475750117853245,0.03309923012204135,4278676.0,2.6416025204032385,0.008251556172511599,0.18484042439375808,0.11455026744459262,GCST90200229,cancerType_celltype,ESCA_Epi_ESCA,tissue,Tumor,Adjacent,group1_higher,0.05761717836059049,0.016323470338364746
43134,178,-0.12905995481020624,0.0958536128968712,-0.16556221246719355,0.0750493369996547,1.1354008509819042,1.162575270867693,-0.22491356770707743,-0.24061154946684826,,-0.0746324470250731,-0.4291328371106223,-2.5760338067188036,-2.5760338067188036,0.010803684032443871,3399841.0,-2.63760782870098,0.008349381595203242,-0.19807216817184842,-0.11437704191224318,GCST90200342,cancerType_celltype,ESCA_Epi_ESCA,tissue,Tumor,Adjacent,group2_higher,0.022110242246578073,0.016493053788785534
43134,178,0.45973288929678746,0.28623644315658575,0.4493718594312668,0.0914015658199787,1.1050891945060841,1.1224562038048254,0.1734964461402017,0.35797029361128807,,0.0542008720800168,0.6835866128326182,2.058089851099901,2.058089851099901,0.0410355889415242,4275850.0,2.624626582432438,0.008674480760745963,0.15698752417645934,0.1138141240544881,GCST90199625,cancerType_celltype,ESCA_Epi_ESCA,tissue,Tumor,Adjacent,group1_higher,0.06939393018275121,0.017110444684365768
43134,178,-0.020613395972427073,0.13121407749549893,-0.05683242343366145,0.15048088878393165,0.7969352545448366,0.8205226859890699,-0.151827473467926,-0.20731331221759308,,-0.07578764496976137,2.670209410661151,-2.4639171334633283,-2.4639171334633283,0.014690563404726067,3403175.0,-2.6175803066929655,0.008855642736098058,-0.19049080732855345,-0.11350856984479518,GCST90200083,cancerType_celltype,ESCA_Epi_ESCA,tissue,Tumor,Adjacent,group2_higher,0.028810414274304506,0.017442544868933027
43134,178,0.1789095767709098,0.28235303262886957,0.18077619373798365,0.29511465132236475,0.40776337591267875,0.5397022269034284,-0.10344345585795978,-0.1143384575843811,,-0.07448240438973522,0.6582665576493947,-2.5541587915940087,-2.5541587915940087,0.011483084471180736,3403533.0,-2.6154297809344564,0.008911602668418004,-0.25329617006573396,-0.11341531459580101,GCST90200008,cancerType_celltype,ESCA_Epi_ESCA,tissue,Tumor,Adjacent,group2_higher,0.023118824422775987,0.017527437860106406
43134,178,0.26400497967574826,0.18541752468968553,0.2755178064107895,0.1441137939691543,0.41598510478896367,0.4902041179349045,0.07858745498606273,0.1314040124416352,,0.05845351563442324,0.5097852195414532,2.1357083003503,2.1357083003503,0.03406970248278235,4273975.0,2.6133633539486265,0.008965671567010192,0.18876905362417615,0.11332570620011961,GCST90200786,cancerType_celltype,ESCA_Epi_ESCA,tissue,Tumor,Adjacent,group1_higher,0.05923087306636778,0.01760837225624624
43134,178,-0.09167742124255518,-0.24102666019143215,-0.1200672127306461,-0.2735582441091537,0.7189663244127723,0.7154696386218665,0.14934923894887697,0.1534910313785076,,0.09114984429046193,-1.3945446134369812,2.7791936564484807,2.7791936564484807,0.006033140831471228,4272824.0,2.6064492334233638,0.009148718701240881,0.20773184395553929,0.11302588275991776,GCST90200532,cancerType_celltype,ESCA_Epi_ESCA,tissue,Tumor,Adjacent,group1_higher,0.013392786568884828,0.017942019553656575
43134,178,-0.3933229772515574,-0.1771865229974527,-0.4476281702518463,-0.20912928879261014,1.142421239550707,1.1225934726232434,-0.21613645425410472,-0.23849888145923617,,-0.07593564172310144,-1.1504411191606434,-2.5632411011426477,-2.5632411011426477,0.011194398043552758,3406178.0,-2.599541119953293,0.009334931084849203,-0.18920486243414117,-0.1127263198092383,GCST90200491,cancerType_celltype,ESCA_Epi_ESCA,tissue,Tumor,Adjacent,group2_higher,0.022637929574721678,0.01828090670782969
43134,178,-0.006030452818407015,0.1190358638983178,-0.01788274291902775,0.12782137095928187,0.6545516600693734,0.6122010190545386,-0.12506631671672483,-0.14570411387830962,,-0.06822173831483011,4.30275906182879,-2.719157459790824,-2.719157459790824,0.007190520014737457,3406350.0,-2.598507906460378,0.009363070791306256,-0.1911206362009914,-0.11268151561139761,GCST90200112,cancerType_celltype,ESCA_Epi_ESCA,tissue,Tumor,Adjacent,group2_higher,0.015434139811160872,0.018309706583286123
43134,178,0.3013478015625463,0.2235933419426882,0.3061273396015167,0.2032433524727821,0.4445698819698898,0.5059021985567215,0.07775445961985811,0.10288398712873462,,0.05800813926240721,0.4305506461046248,2.047282854652858,2.047282854652858,0.04209883117660309,4270416.0,2.5919842445225543,0.009542497471975053,0.17479285531287286,0.11239862399014733,GCST90200198,cancerType_celltype,ESCA_Epi_ESCA,tissue,Tumor,Adjacent,group1_higher,0.07092794424438816,0.018633845350002863
43134,178,0.022970072199543185,0.11902734792001253,0.01808301638811825,0.12005200237035746,0.41756385406995633,0.5138874856923298,-0.09605727572046935,-0.1019689859822392,,-0.08269548775666151,2.373415105520135,-2.49047037589934,-2.49047037589934,0.013674007339647014,3408242.0,-2.5871425580383134,0.00967763879661932,-0.22980061900658105,-0.11218866943514927,GCST90200329,cancerType_celltype,ESCA_Epi_ESCA,tissue,Tumor,Adjacent,group2_higher,0.026933052028813412,0.018870703404566713
43134,178,-0.08935084150619327,-0.20825627665924892,-0.11278061196207995,-0.2014837563037872,0.6112495892218297,0.6670931023783938,0.11890543515305566,0.08870314434170726,,0.07667205756186986,-1.2207975372140907,2.3739644428593545,2.3739644428593545,0.01866176072014372,4269360.0,2.5856407942404718,0.009719901355467839,0.19445254561904257,0.11212354705456673,GCST90200085,cancerType_celltype,ESCA_Epi_ESCA,tissue,Tumor,Adjacent,group1_higher,0.03518116163424051,0.018926036496432375
43134,178,-0.34012281240240616,-0.17234996605790062,-0.3606263399124145,-0.22779687494039536,0.7735075006765721,0.7980203528895284,-0.16777284634450554,-0.13282946497201914,,-0.08459316705431005,-0.9807106287886062,-2.799480476280897,-2.799480476280897,0.005682218842148388,3410185.0,-2.575470849801489,0.010010458026072512,-0.21687026620644637,-0.11168253829326225,GCST90199738,cancerType_celltype,ESCA_Epi_ESCA,tissue,Tumor,Adjacent,group2_higher,0.012717489454897042,0.019463986147698766
43134,178,0.5862971216731425,0.8711444847338069,0.546910434961319,0.9067090749740601,1.4753356428049493,1.523603475235053,-0.2848473630606644,-0.3597986400127411,,-0.07752682465105072,0.5712792399393041,-2.489497260011913,-2.489497260011913,0.01370808464210699,3410441.0,-2.573933043672499,0.010055060260900322,-0.19304668969209043,-0.11161585297554577,GCST90200733,cancerType_celltype,ESCA_Epi_ESCA,tissue,Tumor,Adjacent,group2_higher,0.026961211208069012,0.019522859167531537
43134,178,0.463992884156724,0.3547680520954845,0.4885278046131134,0.3965228348970413,0.5215719244620773,0.6071781233602838,0.10922483206123951,0.09200496971607208,,0.08122821372973908,0.3872256263558326,2.3963764814137036,2.3963764814137036,0.01759363570584521,4266980.0,2.5713440028850205,0.010130552223240963,0.2092628752573885,0.11150358199142163,GCST90199874,cancerType_celltype,ESCA_Epi_ESCA,tissue,Tumor,Adjacent,group1_higher,0.03330572981537086,0.019641454737236747
43134,178,0.4979394259226371,0.3448817566445286,0.47316431999206543,0.3479099422693252,0.8802852975270028,0.8330070866765713,0.15305766927810854,0.12525437772274023,,0.06799626155635514,0.5298671480559465,2.4457834340594276,2.4457834340594276,0.015423100907088738,4264777.0,2.558110460298441,0.010524356550692945,0.17390995085824368,0.11092972357372877,GCST90200809,cancerType_celltype,ESCA_Epi_ESCA,tissue,Tumor,Adjacent,group1_higher,0.03003098076623136,0.020375991446867164
43134,178,-0.2159533218541607,-0.06401908990084665,-0.2615942806005478,-0.00962175161112095,1.002126459477633,0.9523425984536823,-0.15193423195331404,-0.25197252898942685,,-0.06026115939840917,-1.7541295813082152,-2.123647609879964,-2.123647609879964,0.035076190749742775,3413167.0,-2.5575578112208355,0.010541094555823723,-0.15164186097748747,-0.11090575853767437,GCST90199784,cancerType_celltype,ESCA_Epi_ESCA,tissue,Tumor,Adjacent,group2_higher,0.06074821854116824,0.020379449474592533
43134,178,0.03394020530167874,0.14175324487431876,0.0429864358156919,0.14174465835094452,0.42537682006325184,0.5618666339391072,-0.10781303957264002,-0.09875822253525263,,-0.08564252942098215,2.0622822346527148,-2.5570254032289226,-2.5570254032289226,0.01139226750629728,3413994.0,-2.5525899765775755,0.010692620982518743,-0.2530682158137282,-0.11069033370270742,GCST90200261,cancerType_celltype,ESCA_Epi_ESCA,tissue,Tumor,Adjacent,group2_higher,0.02296991214657277,0.02064311954557089
43134,178,0.09759371488480172,-0.12089951450444675,0.07306421548128125,-0.1134891957044601,0.9510125187400224,1.0002910359355859,0.21849322938924848,0.18655341118574137,,0.09029679791072749,-0.3089454563982205,2.9087951328330552,2.9087951328330552,0.004089969743754688,4263749.0,2.5519352075617165,0.01071273620303168,0.22969810839973723,0.1106619403447735,GCST90200382,cancerType_celltype,ESCA_Epi_ESCA,tissue,Tumor,Adjacent,group1_higher,0.009485138162642796,0.02065270077048399
43134,178,0.8010057156126045,0.5757077262394151,0.7644873857498169,0.5166142582893372,1.1016044552309818,1.1502585671808263,0.22529798937318934,0.24787312746047974,,0.08905001059511161,0.4764752582841606,2.6082637141404357,2.6082637141404357,0.009871939517942902,4262854.0,2.546558893165444,0.010879178889783918,0.20448032440563083,0.11042880222228812,GCST90200453,cancerType_celltype,ESCA_Epi_ESCA,tissue,Tumor,Adjacent,group1_higher,0.020417987197202087,0.020943955970021865
43134,178,-0.2244088070228223,-0.3497613374109871,-0.2364831045269966,-0.40383583307266235,0.7433446307372025,0.8138268814489702,0.1253525303881648,0.16735272854566574,,0.05839471518836909,-0.6402392223584763,2.051468045170321,2.051468045170321,0.04168449499129146,4262610.0,2.545093171698751,0.010924952354920225,0.1685647260618412,0.11036524277883974,GCST90200562,cancerType_celltype,ESCA_Epi_ESCA,tissue,Tumor,Adjacent,group1_higher,0.0703167904370424,0.02100241193195524
43134,178,0.11273037547959487,0.008241701536299138,0.0928988382220268,-0.01070602796971795,0.5419167949996918,0.613081421873563,0.10448867394329574,0.10360486619174475,,0.08329858893228193,3.7736280365068766,2.270189190011949,2.270189190011949,0.02439385150788605,4262296.0,2.5432069563686617,0.010984109356650519,0.19270295172984972,0.11028344906882803,GCST90199739,cancerType_celltype,ESCA_Epi_ESCA,tissue,Tumor,Adjacent,group1_higher,0.04415513891799294,0.021068326255527334
43134,178,-0.4243746983360225,-0.11257003308430816,-0.48897363245487213,-0.4070900231599808,1.5448080357365142,1.5434739542313765,-0.31180466525171435,-0.08188360929489136,,-0.07664927968286378,-1.9145064042779232,-2.6896607734628732,-2.6896607734628732,0.007830991161498192,3415588.0,-2.543014730602538,0.010990154048187773,-0.20184110778329117,-0.11027511340411356,GCST90200849,cancerType_celltype,ESCA_Epi_ESCA,tissue,Tumor,Adjacent,group2_higher,0.016703663463414765,0.021068326255527334
43134,178,0.2718686824677974,0.0987866389502384,0.2464037239551544,0.11103914305567736,0.8640368055622978,0.8370164335249911,0.173082043517559,0.13536458089947703,,0.06986142529649281,1.4605128408770844,2.752803671241693,2.752803671241693,0.0065192818385439,4262135.0,2.542239820482852,0.011014551696281133,0.20034311177068606,0.11024151025573303,GCST90200605,cancerType_celltype,ESCA_Epi_ESCA,tissue,Tumor,Adjacent,group1_higher,0.014277273460994033,0.021085440957908968
43134,178,0.06363611304447017,0.008722547104247335,0.08199802786111825,-0.00801864755339915,0.39664180042285146,0.5747081003176773,0.054913565940222835,0.0900166754145174,,0.051025352718285434,2.8668816105756068,1.2735497540254896,1.2735497540254896,0.20448640362235793,4260068.0,2.529823237402298,0.011412097994113546,0.1381362582840862,0.10970307841307703,GCST90200766,cancerType_celltype,ESCA_Epi_ESCA,tissue,Tumor,Adjacent,group1_higher,0.27871496813727387,0.021815833893375547
43134,178,0.24525632271470382,0.05880794076123432,0.1769939735531807,0.035881401970982496,0.9151297574989036,0.9932100582007273,0.1864483819534695,0.1411125715821982,,0.09348210989894905,2.0601888013192164,2.5001616995778013,2.5001616995778013,0.01331672493529866,4259895.0,2.5287840168541917,0.011445941742864296,0.20366579767314325,0.10965801372571393,GCST90200953,cancerType_celltype,ESCA_Epi_ESCA,tissue,Tumor,Adjacent,group1_higher,0.026497366550090617,0.021849885988128898
43134,178,-0.2906470694204614,-0.11168586855147326,-0.3325062543153763,-0.19986942410469055,0.8593797140111722,0.924625608061734,-0.17896120086898815,-0.13263683021068573,,-0.06638014843381679,-1.3798137530822778,-2.577687425582678,-2.577687425582678,0.010754618563088219,3419515.0,-2.5194250248660435,0.011754767394886146,-0.20817758422319999,-0.10925217104992391,GCST90200592,cancerType_celltype,ESCA_Epi_ESCA,tissue,Tumor,Adjacent,group2_higher,0.02207612214079705,0.022408039103817924
43134,178,-0.06564669017417256,0.1271256668953581,-0.09602223336696619,0.115783866494894,0.9127438896090775,1.0210374430562243,-0.19277235706953066,-0.2118060998618602,,-0.07373121155099827,0.9534505353049495,-2.5147694499325306,-2.5147694499325306,0.012796322504574265,3420120.0,-2.515790756475267,0.0118766681831699,-0.21109252879274157,-0.10909457488891428,GCST90200197,cancerType_celltype,ESCA_Epi_ESCA,tissue,Tumor,Adjacent,group2_higher,0.0256490993731393,0.022608797114051078
43134,178,0.1419584940980828,0.07298683093630531,0.1427447572350502,0.049109295010566656,0.43707976640947543,0.5486047011877409,0.0689716631617775,0.09363546222448355,,0.0568609749043403,0.9597514856675962,1.6751477638356438,1.6751477638356438,0.09566181492846125,4255595.0,2.5029536795313176,0.012316270717962095,0.15761586887074788,0.10853790877969516,GCST90200340,cancerType_celltype,ESCA_Epi_ESCA,tissue,Tumor,Adjacent,group1_higher,0.1455212653431838,0.02339223201893239
43134,178,0.31509765785281485,0.459332695314556,0.28082120418548584,0.42244791984558105,0.7425669430830261,0.7916158391315015,-0.14423503746174116,-0.14162671566009521,,-0.081613712856113,0.5437390098548627,-2.4264940709494005,-2.4264940709494005,0.016241284440775328,3422325.0,-2.5025451997783046,0.012330492591513094,-0.19418428718148673,-0.10852019549217673,GCST90200628,cancerType_celltype,ESCA_Epi_ESCA,tissue,Tumor,Adjacent,group2_higher,0.03131099107889218,0.02339223201893239
43134,178,-0.14760567022836635,-0.35537993351750996,-0.2071733549237251,-0.38243821263313293,1.161585656404301,1.1425455417559183,0.2077742632891436,0.17526485770940783,,0.07514457509023922,-1.2676083645385399,2.4210512937546538,2.4210512937546538,0.016477148269371193,4255483.0,2.5022808893498847,0.01233970273045663,0.17888312242269377,0.10850873395319427,GCST90199747,cancerType_celltype,ESCA_Epi_ESCA,tissue,Tumor,Adjacent,group1_higher,0.031498391432192054,0.02339223201893239
43134,178,0.07272839678987424,-0.12939917233647005,0.02544489409774535,-0.2554883062839508,1.1657818914132971,1.1085706163065725,0.20212756912634428,0.28093320038169617,,0.06656571824185503,-0.8312290228297613,2.427076532231621,2.427076532231621,0.016214219689332652,4255204.0,2.5006049209514933,0.012398245342321462,0.1734176235404714,0.10843605737646422,GCST90200078,cancerType_celltype,ESCA_Epi_ESCA,tissue,Tumor,Adjacent,group1_higher,0.03130308985348499,0.023470567224422433
43134,178,-0.04810447653706944,0.16115074967076018,-0.10898793861269945,0.0227543320506811,0.9363577537033761,1.0237748586785982,-0.2092552262078296,-0.13174227066338057,,-0.09580584359193066,1.7441468010885366,-2.722284721647378,-2.722284721647378,0.0071272083769240305,3423155.0,-2.497559343969471,0.01250525917201816,-0.22338866677619906,-0.10830398918864281,GCST90200073,cancerType_celltype,ESCA_Epi_ESCA,tissue,Tumor,Adjacent,group2_higher,0.015322373845027529,0.023640316576228504
43134,178,-0.14433666893026753,-0.3566396604082809,-0.20040084421634669,-0.4359857887029648,1.0166358290274942,1.0269876144668677,0.21230299147801335,0.2355849444866181,,0.0888207436943628,-1.3050233328432403,2.7524824419714222,2.7524824419714222,0.0065258557345556,4253811.0,2.4922370930699205,0.012694234287224857,0.20882021497756204,0.10807319547185856,GCST90200892,cancerType_celltype,ESCA_Epi_ESCA,tissue,Tumor,Adjacent,group1_higher,0.014277273460994033,0.02396432317657546
43134,178,-0.3078781768172189,-0.16028447423308168,-0.34450972080230713,-0.1610739007592201,0.6632273697027907,0.7495267044600374,-0.14759370258413723,-0.18343582004308703,,-0.07904818633654609,-0.9417206069431321,-2.6229512806573516,-2.6229512806573516,0.009472545152132037,3424140.0,-2.491642394605975,0.012715506227808678,-0.2224126850937399,-0.10804740700914783,GCST90200905,cancerType_celltype,ESCA_Epi_ESCA,tissue,Tumor,Adjacent,group2_higher,0.019741711073938788,0.023971279375523135
43134,178,0.027281604612939356,0.32857511608908474,-0.041609391570091206,0.24818692356348032,1.501268253500355,1.457830988041179,-0.30129351147614536,-0.2897963151335715,,-0.08734422914996805,3.5901743287427346,-2.7513407753147376,-2.7513407753147376,0.006547284964024873,3425251.5,-2.4849655527607717,0.012956506438784073,-0.20071604690516393,-0.1077578729050781,GCST90199691,cancerType_celltype,ESCA_Epi_ESCA,tissue,Tumor,Adjacent,group2_higher,0.014301200971099203,0.024391876071909794
43134,178,-0.063059648004085,-0.14438383327077634,-0.07639109715819355,-0.21025638282299036,0.5131026786245321,0.5703824176888209,0.08132418526669133,0.13386528566479683,,0.06329833219991342,-1.1951073038568294,1.8990641945852613,1.8990641945852613,0.059171887777437863,4251713.0,2.4796342912784346,0.013151830284721238,0.15841866283154213,0.10752668845401026,GCST90200193,cancerType_celltype,ESCA_Epi_ESCA,tissue,Tumor,Adjacent,group1_higher,0.0954453053735477,0.024725440935275927
43134,178,-0.2514282980032508,-0.40966371540764995,-0.2887151837348938,-0.47939227521419525,1.0168109965549377,1.1318951436959037,0.15823541740439917,0.19067709147930145,,0.05575984404010237,-0.7042908674794406,1.8620252352860986,1.8620252352860986,0.06424620528628855,4250945.0,2.475020872891465,0.013322950965990323,0.15554330207015948,0.10732663250086083,GCST90200168,cancerType_celltype,ESCA_Epi_ESCA,tissue,Tumor,Adjacent,group1_higher,0.1026583561608573,0.025012647612458416
43134,178,0.11303442545965632,-0.11527339893581576,0.0443884432315826,-0.2767738103866577,1.4328430098662788,1.5570655413437722,0.2283078243954721,0.3211622536182403,,0.06584387984769555,-0.028297157123774196,1.952838853348713,1.952838853348713,0.05240464690038362,4248532.0,2.460525848714699,0.01387347391705783,0.15928016584110405,0.10669807128347886,GCST90199673,cancerType_celltype,ESCA_Epi_ESCA,tissue,Tumor,Adjacent,group1_higher,0.08636405486825503,0.02601037819662974
43134,178,-0.07313906113196025,-0.2915613901058442,-0.13140456378459925,-0.33754004538059235,1.1399214774517468,1.055755466394185,0.21842232897388394,0.2061354815959931,,0.0840026826893178,-1.995070894565036,2.753604318112247,2.753604318112247,0.006503503044480219,4247292.0,2.453077100277405,0.014164115905097679,0.19166744084534695,0.10637506427578969,GCST90199813,cancerType_celltype,ESCA_Epi_ESCA,tissue,Tumor,Adjacent,group1_higher,0.01427419428281246,0.02651880491572546
43134,178,-0.2710129204793823,-0.4942962835062808,-0.3520242571830749,-0.6621323227882385,1.2440989927942432,1.266691756984528,0.2232833630268985,0.31010806560516363,,0.07876384681124908,-0.8670120212154306,2.347106098833321,2.347106098833321,0.020016871117957417,4246710.0,2.44958099415603,0.014302373227437031,0.17946051275529093,0.10622345937379363,GCST90199676,cancerType_celltype,ESCA_Epi_ESCA,tissue,Tumor,Adjacent,group1_higher,0.03724047385589676,0.026740925526744407
43134,178,0.62276130027721,0.8262152999974368,0.5923084616661072,0.710925966501236,0.9641446038293289,0.9896574886784738,-0.20345399972022682,-0.11861750483512878,,-0.07625420682781929,0.4078379110183293,-2.7374266399356193,-2.7374266399356193,0.006819462804319728,3431933.0,-2.4448294134996593,0.0144921876073984,-0.21099709435152197,-0.10601741216163063,GCST90199737,cancerType_celltype,ESCA_Epi_ESCA,tissue,Tumor,Adjacent,group2_higher,0.014765348662117867,0.027058700971074
43134,178,-0.21752459157789586,-0.08059335449086555,-0.23400568217039106,-0.0312672704458236,0.8652803865927555,0.7907068987286184,-0.1369312370870303,-0.20273841172456747,,-0.059497181824423574,-1.4324344531132762,-2.304764495255109,-2.304764495255109,0.022329100188727514,3432904.0,-2.4389965629088426,0.014728230752894454,-0.15830407577159739,-0.1057644768354482,GCST90200772,cancerType_celltype,ESCA_Epi_ESCA,tissue,Tumor,Adjacent,group2_higher,0.04101693201783774,0.027444808689164404
43134,178,-0.29657963377469737,-0.13058212751344767,-0.3368508666753769,-0.1008013226091861,0.9377049814924058,1.0270704948110934,-0.1659975062612497,-0.23604954406619078,,-0.06238902267260605,-1.1834558952054879,-2.152611480123041,-2.152611480123041,0.03269397331963685,3432949.0,-2.438726245425231,0.014739251621766944,-0.17695311095583666,-0.10575275480694335,GCST90200418,cancerType_celltype,ESCA_Epi_ESCA,tissue,Tumor,Adjacent,group2_higher,0.056984508484226384,0.027444808689164404
43134,178,-0.2878026805921158,-0.11469658901274016,-0.33554622530937195,-0.1698484271764755,0.909619504720865,0.9288437731640548,-0.17310609157937562,-0.16569779813289645,,-0.07879522155744278,-1.3272499765056045,-2.4815440408869494,-2.4815440408869494,0.014006939359234985,3433503.0,-2.4353983368492145,0.014875527489613499,-0.19028943758200956,-0.10560844361157262,GCST90200642,cancerType_celltype,ESCA_Epi_ESCA,tissue,Tumor,Adjacent,group2_higher,0.02750930597498168,0.027660769397466846
43134,178,0.2665821578893321,0.1698813123413979,0.2707028239965439,0.1134617961943149,0.574341271354205,0.6669155903349805,0.0967008455479342,0.15724102780222898,,0.0696849186563259,0.6500499860762403,1.9315494410959566,1.9315494410959566,0.055002659320552316,4242671.5,2.4253215017656977,0.015294961643533543,0.16824854950994486,0.10517147243786407,GCST90200536,cancerType_celltype,ESCA_Epi_ESCA,tissue,Tumor,Adjacent,group1_higher,0.09010652001672213,0.02840195193479049
43134,178,0.21310025445182593,0.3482670487673807,0.1674476414918899,0.3273855298757553,0.7859970057531923,0.7595170685537158,-0.13516679431555476,-0.1599378883838654,,-0.07185056146388225,0.7086590357237046,-2.369108346138419,-2.369108346138419,0.018898748807177807,3435868.0,-2.421191651321634,0.015469846823413968,-0.17199186989464582,-0.10499238589126225,GCST90199883,cancerType_celltype,ESCA_Epi_ESCA,tissue,Tumor,Adjacent,group2_higher,0.035515119572135566,0.028687620707909166
43134,178,-0.3010044231951222,-0.13504532974192432,-0.3319886773824692,-0.2048199251294136,0.7543119616395023,0.7982769145661899,-0.1659590934531979,-0.12716875225305557,,-0.08093380131883313,-1.1563350490159854,-2.7685912747381938,-2.7685912747381938,0.006225046119204391,3436330.0,-2.4184163918232224,0.015588356101876998,-0.21995995482669073,-0.10487203973194581,GCST90200946,cancerType_celltype,ESCA_Epi_ESCA,tissue,Tumor,Adjacent,group2_higher,0.01375160107046286,0.028868110552796665
43134,178,0.07659956084132764,0.22457529658326106,0.04106854088604445,0.183921180665493,0.7877892200313501,0.7815594212588188,-0.1479757357419334,-0.14285263977944856,,-0.07302041502903171,1.551778803052141,-2.5207511339755184,-2.5207511339755184,0.012586783315579744,3436854.5,-2.415265691375351,0.015723865049146746,-0.1878427574665576,-0.10473541297748379,GCST90199789,cancerType_celltype,ESCA_Epi_ESCA,tissue,Tumor,Adjacent,group2_higher,0.025266252811686585,0.02907954960920897
43134,178,0.17123739840724264,0.05392278127079265,0.150343045592308,0.07695011049509046,0.5827257155251997,0.5914392173239079,0.11731461713645,0.07339293509721753,,0.08492709252815205,1.667012676609361,2.64109401628018,2.64109401628018,0.008997152174274685,4240798.0,2.4140672838646737,0.015775678922910374,0.2013080802163672,0.10468344531777896,GCST90200129,cancerType_celltype,ESCA_Epi_ESCA,tissue,Tumor,Adjacent,group1_higher,0.018866336020825224,0.029135840612366994
43134,178,-0.4891720534364579,-0.3115533093314911,-0.5635182559490204,-0.3071869760751724,1.07006979639557,1.0980900268929235,-0.1776187441049668,-0.25633127987384796,,-0.07221177709680018,-0.6508612618304055,-2.1538307058082387,-2.1538307058082387,0.03259542481716001,3437267.0,-2.4127877811089125,0.015831164704887712,-0.16597000597409373,-0.10462796104952266,GCST90200358,cancerType_celltype,ESCA_Epi_ESCA,tissue,Tumor,Adjacent,group2_higher,0.056885485308308704,0.029198751681680585
43134,178,0.4984613455609762,0.30744410496142305,0.4584249258041382,0.18625436723232264,1.2078160398576303,1.2779645190703486,0.19101724059955316,0.27217055857181555,,0.06756655282389222,0.6971556889473762,1.9905121011842086,1.9905121011842086,0.04806231430548426,4238105.0,2.397890284234325,0.01648993880053076,0.1581123245806628,0.10398194703414454,GCST90200596,cancerType_celltype,ESCA_Epi_ESCA,tissue,Tumor,Adjacent,group1_higher,0.0795011339786105,0.03037268457449111
43134,178,-0.7023634810761871,-0.5135854959456522,-0.783129870891571,-0.47874848544597626,1.1567402514045964,1.2209134709622391,-0.1887779851305349,-0.3043813854455948,,-0.06635972155776446,-0.4516126196403545,-2.0590816912400953,-2.0590816912400953,0.040940239611463695,3439905.0,-2.396941169514089,0.016532713406970396,-0.16316023581884811,-0.10394078968961629,GCST90199715,cancerType_celltype,ESCA_Epi_ESCA,tissue,Tumor,Adjacent,group2_higher,0.06935192025054705,0.03041037567301032
43134,178,-0.23172793597395938,-0.46013964052845757,-0.30119217932224274,-0.5433934032917023,1.2210676870511645,1.1441950269160832,0.2284117045544982,0.24220122396945953,,0.0848400132067128,-0.98963667907133,2.6571137183621163,2.6571137183621163,0.008595320909125976,4237854.0,2.3963825133812917,0.01655793640134104,0.18710563360894183,0.1039165641640396,GCST90201000,cancerType_celltype,ESCA_Epi_ESCA,tissue,Tumor,Adjacent,group1_higher,0.018135328791236385,0.030415724144242366
43134,178,-0.07699879003798539,-0.3384336456126701,-0.1139567010104656,-0.29201641678810114,1.2767818198726764,1.3329398642055117,0.2614348555746847,0.17805971577763555,,0.07131676289663733,-2.1359508479527447,2.6118143657376605,2.6118143657376605,0.009773812240754408,4237179.0,2.3923277511271195,0.016742021504145246,0.20472318534279735,0.10374073373646686,GCST90200357,cancerType_celltype,ESCA_Epi_ESCA,tissue,Tumor,Adjacent,group1_higher,0.02027656938226523,0.030712483593741548
43134,178,-0.03547656247302676,0.1251983384580843,-0.07496936619281765,0.17121022194623944,1.075419026696092,1.1520186405470638,-0.1606749009311111,-0.2461795881390571,,-0.05285642389664946,1.8192481430965233,-1.857458178831497,-1.857458178831497,0.06489539307180413,3441801.0,-2.385551792871259,0.017053660136237964,-0.14936176647969604,-0.10344690155527869,GCST90200612,cancerType_celltype,ESCA_Epi_ESCA,tissue,Tumor,Adjacent,group2_higher,0.1033247896950527,0.03124212199689831
43134,178,0.8976043666106617,0.6030293229255783,0.884602814912796,0.3202656656503677,1.7477642920017262,1.732464776904727,0.29457504368508336,0.5643371492624283,,0.05781320826631845,0.5738507527871434,2.263765594657553,2.263765594657553,0.024792147160585934,4235847.0,2.38432635361222,0.017110560603284957,0.1685499228336867,0.10339376169272341,GCST90199909,cancerType_celltype,ESCA_Epi_ESCA,tissue,Tumor,Adjacent,group1_higher,0.04475721401308427,0.03130428738560725
43134,178,-0.017738056423641377,-0.13091291639930308,-0.030770886689424452,-0.1695924028754234,0.5953033102195503,0.5850445741175787,0.1131748599756617,0.13882151618599894,,0.08006089915117372,-2.883617289753076,2.5754029562980656,2.5754029562980656,0.010822136340573864,4233004.0,2.3672482957031664,0.017921050820778023,0.19012621091653661,0.10265318998073947,GCST90200489,cancerType_celltype,ESCA_Epi_ESCA,tissue,Tumor,Adjacent,group1_higher,0.0221148003481292,0.03274315317522848
43134,178,-0.21163029790647397,-0.3287160132247745,-0.2271330282092094,-0.3485693335533142,0.6917043708760832,0.6340192858868963,0.11708571531830053,0.12143630534410482,,0.0658841025511321,-0.6352931253988596,2.4578053408965967,2.4578053408965967,0.014932426448042204,4232773.0,2.3658606659539605,0.017988358775162066,0.16932663787955202,0.10259301690108114,GCST90200634,cancerType_celltype,ESCA_Epi_ESCA,tissue,Tumor,Adjacent,group1_higher,0.029200713412742503,0.032822132544238145
43134,178,-0.019507493099091812,-0.13902229783282186,-0.0405497010797262,-0.14848572015762324,0.6541249029065979,0.6779106366178455,0.11951480473373005,0.10793601907789704,,0.07060357382303649,-2.833152424447576,2.3476131904981976,2.3476131904981976,0.019990788075697177,4232361.0,2.363385759215118,0.018108955659076633,0.18268181594271263,0.1024856952178812,GCST90199743,cancerType_celltype,ESCA_Epi_ESCA,tissue,Tumor,Adjacent,group1_higher,0.03724047385589676,0.03299800342690033
43134,178,0.04960000067847347,-0.10731514286134769,0.01795498654246325,-0.1561421230435371,0.8061446399011737,0.8224650711886246,0.15691514353982117,0.17409710958600036,,0.07121638124331199,-1.1134259757825637,2.5403772362886974,2.5403772362886974,0.011925944687735716,4231829.0,2.360190005853311,0.018265724884327202,0.19463260461188833,0.10234711479200165,GCST90200431,cancerType_celltype,ESCA_Epi_ESCA,tissue,Tumor,Adjacent,group1_higher,0.023975018597911183,0.03322502561333646
43134,178,-0.03343013797175113,0.06312418649538179,-0.0581067726016044,0.042557312175631495,0.5685464050191095,0.5493385717558971,-0.09655432446713291,-0.1006640847772359,,-0.06392612319429115,0.9170232809315422,-2.339827794983376,-2.339827794983376,0.02039804222583894,3446079.0,-2.3598536107625945,0.0182822958253869,-0.16984969440169856,-0.1023325273787512,GCST90199658,cancerType_celltype,ESCA_Epi_ESCA,tissue,Tumor,Adjacent,group2_higher,0.03787810838394888,0.03322502561333646
43134,178,-0.20454023437111904,-0.08958340442237141,-0.23012828826904294,-0.09776996821165085,0.7124815875799155,0.6941308342712345,-0.11495682994874763,-0.1323583200573921,,-0.06300374551569525,-1.191072208519788,-2.2047603363939032,-2.2047603363939032,0.02874882949201153,3446350.0,-2.358225698805734,0.01836267343545266,-0.1613638561275,-0.10226193471819978,GCST90200765,cancerType_celltype,ESCA_Epi_ESCA,tissue,Tumor,Adjacent,group2_higher,0.050955337578168676,0.033326662972732325
43134,178,-0.23594637996513912,-0.4656969396815389,-0.29522235691547394,-0.48173826932907104,1.1830445869511779,1.0678091276596222,0.2297505597163998,0.1865159124135971,,0.08655276694961414,-0.9809293480517992,2.8633588900271505,2.8633588900271505,0.0046930076490425835,4231276.0,2.3568681043324857,0.018429940586826656,0.19427637506770992,0.10220306408615332,GCST90200985,cancerType_celltype,ESCA_Epi_ESCA,tissue,Tumor,Adjacent,group1_higher,0.01067874695433229,0.03340426731362331
43134,178,-0.32074857100974996,-0.08441569662346829,-0.39242908358573914,-0.0462211929261684,1.2339688393365753,1.3411505416523573,-0.23633287438628167,-0.34620789065957075,,-0.08230006750678658,-1.9258470554950122,-2.346925693242372,-2.346925693242372,0.020027342139671552,3446841.0,-2.3552762347067735,0.0185090904169155,-0.19145166314143067,-0.10213403436273583,GCST90200058,cancerType_celltype,ESCA_Epi_ESCA,tissue,Tumor,Adjacent,group2_higher,0.03724047385589676,0.033503174287192336
43134,178,-0.48259986406847877,-0.2542620609433317,-0.5531805455684662,-0.3830888420343399,1.2323150965826284,1.317408478793361,-0.22833780312514707,-0.17009170353412628,,-0.07981923811763567,-0.9245086145074969,-2.3082598799828835,-2.3082598799828835,0.022132593556969036,3449916.5,-2.3368015364657273,0.01944966216158513,-0.18523766441685416,-0.10133289883681007,GCST90200320,cancerType_celltype,ESCA_Epi_ESCA,tissue,Tumor,Adjacent,group2_higher,0.04071082998400647,0.03515900467671158
43134,178,-0.16640822904664004,-0.053212837200988544,-0.17440751940011973,-0.0981281958520412,0.5182082152026727,0.6176613834146362,-0.1131953918456515,-0.07627932354807852,,-0.07455550762448662,-1.6448621036844586,-2.4415097085800395,-2.4415097085800395,0.015604087601006927,3450188.0,-2.3351706209812715,0.019534666089037755,-0.21824859521555046,-0.10126217593149756,GCST90200669,cancerType_celltype,ESCA_Epi_ESCA,tissue,Tumor,Adjacent,group2_higher,0.030242362714608177,0.035265893879944984
43134,178,0.04045244286888222,0.313416298311413,-0.004306330112740351,0.13581832870841026,1.2054282717603466,1.2535371498961638,-0.27296385544253077,-0.1401246588211506,,-0.08306649298620931,2.953750411720519,-2.899685375933619,-2.899685375933619,0.004205035117113224,3450391.0,-2.333951188777424,0.01959843522101609,-0.2264078774198724,-0.10120929655846456,GCST90199824,cancerType_celltype,ESCA_Epi_ESCA,tissue,Tumor,Adjacent,group2_higher,0.009681525109164398,0.03533421588127637
43134,178,0.13068184020134688,-0.06893918712445524,0.06948731094598765,-0.12222828343510625,1.0773346454401613,1.113705372391502,0.19962102732580211,0.1917155943810939,,0.08173441414961544,0.9226525953739926,2.3867617221676496,2.3867617221676496,0.018043712485789735,4226961.0,2.330947661181741,0.01975627806885476,0.18526557865073007,0.10107905179729948,GCST90200895,cancerType_celltype,ESCA_Epi_ESCA,tissue,Tumor,Adjacent,group1_higher,0.03406313035752273,0.0355717397725879
43134,178,0.29586542201605004,0.20764729042087546,0.2885954678058624,0.18833903223276136,0.5239817470266374,0.4843628958036141,0.08821813159517458,0.10025643557310107,,0.057905264071541805,0.5108039798275601,2.4241016572321574,2.4241016572321574,0.016342740919086475,4225321.0,2.3210960906679006,0.020281820404293317,0.16841115819336194,0.10065184898067847,GCST90200475,cancerType_celltype,ESCA_Epi_ESCA,tissue,Tumor,Adjacent,group1_higher,0.03136788558055586,0.03646981690112373
43134,178,0.04019264939232768,0.17366891017322966,0.00162869598716495,0.17056314647197715,0.798465794336077,0.8531944774740104,-0.13347626078090197,-0.1689344504848122,,-0.06872615191892698,2.1113083378909354,-2.0834476382779137,-2.0834476382779137,0.038636801205679146,3453421.0,-2.3157498115475845,0.02057209705538445,-0.16711749934603395,-0.10042001330580486,GCST90200411,cancerType_celltype,ESCA_Epi_ESCA,tissue,Tumor,Adjacent,group2_higher,0.06599243113200585,0.03694304122067063
43134,178,0.07307373731275861,-0.06693658727650227,0.021244758740067447,-0.1211476176977157,0.8671398517747444,0.7757554840563691,0.14001032458926088,0.14239237643778316,,0.06986562984351041,0.12655618695601234,2.4017535072919656,2.4017535072919656,0.017340992549136645,4223941.0,2.3128063545038153,0.020733453471499123,0.1615281356212656,0.10029237343986308,GCST90200131,cancerType_celltype,ESCA_Epi_ESCA,tissue,Tumor,Adjacent,group1_higher,0.03291890368311037,0.03718381194954382
43134,178,0.12869172472790671,0.016253246470574252,0.10003928840160364,-0.03132203873246905,0.618769035349968,0.5677410888882684,0.11243847825733247,0.1313613271340727,,0.07929363360854727,2.9850419163628534,2.635802217852187,2.635802217852187,0.009131867957965608,4223765.0,2.311749112790135,0.020791678789361497,0.18177190795523807,0.10024652728393302,GCST90200609,cancerType_celltype,ESCA_Epi_ESCA,tissue,Tumor,Adjacent,group1_higher,0.019119410179273613,0.037202808889423414
43134,178,0.4296152063650922,0.5272564263805077,0.386959433555603,0.544717401266098,0.7271683381382861,0.690409139479279,-0.09764122001541553,-0.157757967710495,,-0.05940889646025046,0.29545909343450244,-1.882542881584343,-1.882542881584343,0.06138825202817207,3454108.0,-2.311622964631116,0.02079863563737391,-0.1343029983476403,-0.10024105700396413,GCST90200364,cancerType_celltype,ESCA_Epi_ESCA,tissue,Tumor,Adjacent,group2_higher,0.09843786766399827,0.037202808889423414
43134,178,-0.08091473897995761,-0.18658751153368816,-0.11149356141686435,-0.2512620687484741,0.7065682805799245,0.7250149591089778,0.10567277255373055,0.13976850733160978,,0.06048005879568312,-1.2053679058163147,1.9407818512908888,1.9407818512908888,0.053860892006220684,4223059.5,2.3075111353526263,0.021026509432760944,0.14954160162931798,0.1000627519259294,GCST90200062,cancerType_celltype,ESCA_Epi_ESCA,tissue,Tumor,Adjacent,group1_higher,0.08834223321838602,0.03756111711252053
43134,178,0.294987664605295,0.1670288470314732,0.2875633239746094,0.17989629507064814,0.7258677642189452,0.6640532654279928,0.12795881757382183,0.10766702890396124,,0.07272127132448852,0.8205535928005134,2.5645386205564065,2.5645386205564065,0.011153050896763246,4221098.0,2.2957282965947616,0.02169159331447711,0.1763426929961959,0.09955180172787914,GCST90200571,cancerType_celltype,ESCA_Epi_ESCA,tissue,Tumor,Adjacent,group1_higher,0.022615272678474636,0.03869848388433547
43134,178,-0.27909349026395974,-0.12305558636114838,-0.3286890834569931,-0.08143796399235725,1.0573232689650938,1.0329746559230142,-0.15603790390281136,-0.24725111946463585,,-0.06039161537247459,-1.1814317664914435,-2.011007211397729,-2.011007211397729,0.04582915148132786,3457773.0,-2.2896071073547595,0.022044276886911074,-0.14759196801850516,-0.09928636290462489,GCST90200285,cancerType_celltype,ESCA_Epi_ESCA,tissue,Tumor,Adjacent,group2_higher,0.07645671171242334,0.03923492324994686
43134,178,-0.45708520878087133,-0.1955044078863006,-0.5207439363002777,-0.2690402418375015,1.3412174747711638,1.5468754710825516,-0.2615808008945707,-0.2517036944627762,,-0.07690567829474436,-1.2252577760046988,-2.252619783017368,-2.252619783017368,0.025503642840767272,3457789.0,-2.289510994471698,0.022049854152207848,-0.19490089754287376,-0.09928219507226765,GCST90200432,cancerType_celltype,ESCA_Epi_ESCA,tissue,Tumor,Adjacent,group2_higher,0.045799031873472715,0.03923492324994686
43134,178,-0.46732760754655506,-0.3029794681417034,-0.5061637163162231,-0.33556240797042847,1.0530124976094772,0.9083719255399275,-0.16434813940485166,-0.17060130834579468,,-0.06055931567106977,-0.6252125622616249,-2.4071892120673253,-2.4071892120673253,0.017092388475190845,3458313.0,-2.286363297551422,0.022233189211384993,-0.15615591408051374,-0.09914569856256672,GCST90201007,cancerType_celltype,ESCA_Epi_ESCA,tissue,Tumor,Adjacent,group2_higher,0.03249222523247576,0.03950956570419524
43134,178,0.08655143007267822,0.03222522673947904,0.08569324389100069,-0.0107909846119582,0.4938866758973261,0.5494740798537627,0.05432620333319918,0.09648422850295889,,0.0438549773068214,1.425339047735863,1.3168896649824562,1.3168896649824562,0.18956676620701685,4218900.0,2.282524789284139,0.022458552767472783,0.10994390061929048,0.09897924575779782,GCST90199948,cancerType_celltype,ESCA_Epi_ESCA,tissue,Tumor,Adjacent,group1_higher,0.26217000849058003,0.03985808258081432
43134,178,-0.32565183433441885,-0.4749461115923909,-0.352485328912735,-0.4987724870443344,0.8250260829855004,0.8166819720219992,0.14929427725797206,0.14628715813159943,,0.06950889866870671,-0.5444320857487914,2.4338152763624503,2.4338152763624503,0.015925916513871048,4218644.0,2.2809869831551493,0.02254939488626585,0.18096448136483934,0.09891256044008134,GCST90200317,cancerType_celltype,ESCA_Epi_ESCA,tissue,Tumor,Adjacent,group1_higher,0.030790105260150694,0.03996726297786782
43134,178,-0.04886120721521432,-0.12857465072158264,-0.06676106899976725,-0.13158451020717615,0.4784089560559294,0.4893768476369303,0.07971344350636832,0.0648234412074089,,0.06646823378760093,-1.3958265152384794,2.168919618530989,2.168919618530989,0.03141222692608706,4218102.0,2.2777311592414287,0.022742779128863157,0.16660618355234133,0.09877137511897849,GCST90200089,cancerType_celltype,ESCA_Epi_ESCA,tissue,Tumor,Adjacent,group1_higher,0.05503196054017566,0.04022572147113873
43134,178,0.2694210575434505,0.05297258258221692,0.20328693091869354,0.0647002756595611,1.167228602410782,1.0656872863704985,0.2164484749612336,0.13858665525913244,,0.07736762883891467,2.3465229829257583,2.7031018069306665,2.7031018069306665,0.007532271659663753,4218070.0,2.277538933475305,0.022754241565845903,0.1855010389841074,0.09876303945426401,GCST90200494,cancerType_celltype,ESCA_Epi_ESCA,tissue,Tumor,Adjacent,group1_higher,0.016142274012769964,0.04022572147113873
43134,178,-0.5114995687998112,-0.37676092723300786,-0.5395437479019165,-0.45009341835975647,0.7931207649212706,0.8493081354501801,-0.13473864156680332,-0.08945032954216003,,-0.06372417766261665,-0.4410826600280382,-2.112792427263782,-2.112792427263782,0.03601067836766839,3461943.0,-2.264557687206763,0.023540020459123075,-0.16983323828357952,-0.09820012159650904,GCST90199995,cancerType_celltype,ESCA_Epi_ESCA,tissue,Tumor,Adjacent,group2_higher,0.06220856098242335,0.041560942857234134
43134,178,-0.12850797780996923,-0.25582115873275846,-0.14511618763208384,-0.28652703762054443,0.655470107446153,0.6793795452608954,0.12731318092278923,0.1414108499884606,,0.0669555628325459,-0.9932720810354108,2.4953896418629857,2.4953896418629857,0.013490278580783235,4215431.0,2.26168631482529,0.023716976552339963,0.19420238796273484,0.09807560760483525,GCST90199775,cancerType_celltype,ESCA_Epi_ESCA,tissue,Tumor,Adjacent,group1_higher,0.026648187979141372,0.04181358981767919
43134,178,-0.029085745972886164,-0.12513541971271847,-0.055741215124726254,-0.1733717396855354,0.6455721343698141,0.6780030918199464,0.09604967373983231,0.11763052456080915,,0.055585497083918814,-2.1050679210076173,1.886528265171185,1.886528265171185,0.06084908268792446,4215357.0,2.261241792741129,0.02374447433520447,0.1487509453847939,0.09805633138018299,GCST90200308,cancerType_celltype,ESCA_Epi_ESCA,tissue,Tumor,Adjacent,group1_higher,0.09780341946184083,0.04181358981767919
43134,178,-0.017386318941577505,0.11043616881125784,-0.022884798236191252,0.08209360018372536,0.6594410570276513,0.6920150184308315,-0.12782248775283533,-0.1049783984199166,,-0.07533129987117206,2.667118411481405,-2.459741944615214,-2.459741944615214,0.014857020914299943,3464240.0,-2.250759481432195,0.024400965468233476,-0.19379450716136729,-0.0976017771637171,GCST90200945,cancerType_celltype,ESCA_Epi_ESCA,tissue,Tumor,Adjacent,group2_higher,0.029094999290504058,0.04291421410735771
43134,178,0.4087688703190334,0.0961864512162597,0.23650013655424115,0.0839029978960752,1.5363378915970098,1.4022658732931261,0.31258241910277373,0.15259713865816596,,0.08982865713360881,2.0873682669196327,2.9666833799176584,2.9666833799176584,0.00342216172640067,4213179.0,2.2481584265343333,0.024566281027347134,0.20352885398104464,0.09748898520054827,GCST90200470,cancerType_celltype,ESCA_Epi_ESCA,tissue,Tumor,Adjacent,group1_higher,0.008042080057041575,0.043149279691074925
43134,178,0.03547298529417186,-0.029995343493548838,0.023730440065264702,-0.07501291111111635,0.45979817861309175,0.5669392204945833,0.0654683287877207,0.09874335117638106,,0.054296497615182134,0.24197476849020771,1.5385660467103064,1.5385660467103064,0.12568639826959307,4212269.0,2.2426920063101905,0.02491687629197296,0.14223377424900255,0.09725193973522805,GCST90200331,cancerType_celltype,ESCA_Epi_ESCA,tissue,Tumor,Adjacent,group1_higher,0.18400704709071466,0.043708754679484096
43134,178,0.1280594819614283,0.22796689712421528,0.1168418005108833,0.24346394091844556,0.6001662066934329,0.5908718596430348,-0.09990741516278698,-0.12662214040756226,,-0.06631877414661594,0.8320053308810689,-2.2510848784064486,-2.2510848784064486,0.025599800816966233,3465709.0,-2.2419351173560784,0.024965760136996723,-0.16647670058788377,-0.0972191180554145,GCST90199893,cancerType_celltype,ESCA_Epi_ESCA,tissue,Tumor,Adjacent,group2_higher,0.045911221728322335,0.04373821473872305
43134,178,0.009196750549779104,-0.08422363629261179,-0.0148901492357254,-0.16714797914028165,0.6718462254269518,0.6989035633961361,0.09342038684239089,0.15225782990455625,,0.053990393879624135,-3.194889317029943,1.7799505059369494,1.7799505059369494,0.07678673587121926,4210906.0,2.2345043900843584,0.025450101414841633,0.13902691075594423,0.0968968925162923,GCST90199863,cancerType_celltype,ESCA_Epi_ESCA,tissue,Tumor,Adjacent,group1_higher,0.11933902051593141,0.04452950992096168
43134,178,0.3894793151446498,0.46779386146946317,0.3875081539154053,0.530950516462326,0.5733752868227762,0.564105670533528,-0.07831454632481338,-0.14344236254692078,,-0.05354360017422412,0.2643255999817157,-1.8482816508463091,-1.8482816508463091,0.06621589993004232,3468106.0,-2.2275362060623736,0.025911659329124377,-0.13659409655103166,-0.09659472467038954,GCST90199913,cancerType_celltype,ESCA_Epi_ESCA,tissue,Tumor,Adjacent,group2_higher,0.10494450186586939,0.045241286595975455
43134,178,0.41895376793915884,0.2708974694990124,0.3842023015022278,0.2154669314622879,0.8667633968059941,0.8508450636626961,0.14805629844014645,0.16873537003993988,,0.0648710001707375,0.6290422503701242,2.316639467520751,2.316639467520751,0.021658956993505885,4209717.0,2.2273620014618243,0.02592329041192724,0.17082782983424205,0.09658717047424203,GCST90200150,cancerType_celltype,ESCA_Epi_ESCA,tissue,Tumor,Adjacent,group1_higher,0.03994744030060693,0.045241286595975455
43134,178,-0.29983755939130274,-0.18452738051752696,-0.32649049162864685,-0.18650557100772855,0.760570131073878,0.7467569468873595,-0.11531017887377579,-0.1399849206209183,,-0.059926570201167664,-0.7003432062737295,-2.0557523983822557,-2.0557523983822557,0.0412622689009879,3468440.0,-2.2255298496284572,0.026045890970403406,-0.15162133781967815,-0.09650772116993134,GCST90200941,cancerType_celltype,ESCA_Epi_ESCA,tissue,Tumor,Adjacent,group2_higher,0.06969079617353967,0.04539712198549852
43134,178,-0.12277354076172568,0.07468706889214057,-0.1687547042965889,0.08020340651273719,1.1733197503709218,1.1519576698216523,-0.19746060965386625,-0.2489581108093261,,-0.06515400122126781,-0.7170617241308216,-2.282056010074423,-2.282056010074423,0.02366604822515627,3468721.0,-2.2238418671196833,0.026159287583857344,-0.16830464999183287,-0.09643452361415672,GCST90200476,cancerType_celltype,ESCA_Epi_ESCA,tissue,Tumor,Adjacent,group2_higher,0.04300909830785066,0.04550411714323973
43134,178,-0.16031252110737224,-0.3746106372779926,-0.20343977212905884,-0.36683130264282227,1.1062417461965077,1.0732299603254651,0.21429811617062036,0.16339153051376343,,0.07283893938923394,-1.224499607564678,2.658187290002549,2.658187290002549,0.008569501487375718,4209094.5,2.2236226096051985,0.02617404830542916,0.19374053328763072,0.09642501574659157,GCST90200087,cancerType_celltype,ESCA_Epi_ESCA,tissue,Tumor,Adjacent,group1_higher,0.01810888453843892,0.04550411714323973
43134,178,-0.08100615694741443,-0.28695662968414,-0.14497910439968104,-0.3464810848236084,1.1576486616221053,1.0273352983306976,0.20595047273672556,0.20150198042392736,,0.07301735887426646,-1.8247164533397038,2.6676307084761843,2.6676307084761843,0.008340252340160276,4206737.5,2.209463980519149,0.02714259379053111,0.17798141268331355,0.09581104194246004,GCST90200296,cancerType_celltype,ESCA_Epi_ESCA,tissue,Tumor,Adjacent,group1_higher,0.017679259626187334,0.04712784119298586
43134,178,-0.061712152166783586,-0.20996914631320854,-0.10538036003708834,-0.29986928403377533,0.9051452537056534,0.8973195456316982,0.14825699414642496,0.194488923996687,,0.05776353282377593,-1.766534328044173,2.1997239268419957,2.1997239268419957,0.02911107889017472,4205046.0,2.199303046662953,0.02785659464894984,0.16379935668164808,0.09537042391543893,GCST90200791,cancerType_celltype,ESCA_Epi_ESCA,tissue,Tumor,Adjacent,group1_higher,0.051530390295205376,0.04825721755224077
43134,178,0.28822599701543106,0.12455675332922111,0.25042252242565155,0.11189441010355944,0.912125886739737,0.9545758616867629,0.16366924368620994,0.1385281123220921,,0.0660857048338342,1.210390645430433,2.2832317583235113,2.2832317583235113,0.023596442435888303,4205029.0,2.1992009267247,0.027863851954228528,0.17940220893674522,0.0953659955935593,GCST90200188,cancerType_celltype,ESCA_Epi_ESCA,tissue,Tumor,Adjacent,group1_higher,0.042959280523783644,0.04825721755224077
43134,178,0.18233341496799343,0.07703723572685091,0.1900534704327583,0.0879958905279636,0.6287158391583854,0.6728924580579637,0.10529617924114253,0.1020575799047947,,0.05468158983513621,1.2429403214729136,2.083992066381003,2.083992066381003,0.03858665613376096,4204449.5,2.195719838241303,0.028112217446654566,0.167428411288107,0.095215041915369,GCST90199622,cancerType_celltype,ESCA_Epi_ESCA,tissue,Tumor,Adjacent,group1_higher,0.065989475922605,0.04862557408602814
43134,178,-0.562977395109408,-0.3547142333026682,-0.6300630569458008,-0.4056607782840729,1.2271559511960155,1.256225964199783,-0.20826316180673982,-0.2244022786617279,,-0.06849774865033179,-0.666418270047928,-2.2075028312579614,-2.2075028312579614,0.028554475215802417,3473662.5,-2.194158003891548,0.02822426837313897,-0.16969543549166574,-0.09514731463956327,GCST90200623,cancerType_celltype,ESCA_Epi_ESCA,tissue,Tumor,Adjacent,group2_higher,0.05067675744679517,0.04875751304510573
43134,178,0.21911473543366708,0.15754967231010453,0.23200800269842145,0.13605543971061707,0.41287228868821035,0.4977131900986731,0.06156506312356255,0.09595256298780439,,0.05285233833015814,0.4758771820762613,1.6479704476421668,1.6479704476421668,0.10112269514868498,4204031.0,2.1932058856437164,0.02829276499167023,0.1489761593782732,0.09510602705027393,GCST90199809,cancerType_celltype,ESCA_Epi_ESCA,tissue,Tumor,Adjacent,group1_higher,0.15196277121020688,0.04881397301727408
43134,178,0.2763686880414552,0.19584583336215342,0.2659700065851211,0.1753316149115562,0.5686703105585813,0.6503640848590911,0.08052285467930179,0.09063839167356491,,0.05406506714333328,0.49687358940242143,1.6492579223452333,1.6492579223452333,0.10085731697761023,4202485.5,2.1839219818454603,0.028968202195205132,0.1415094653769493,0.09470344049351298,GCST90200626,cancerType_celltype,ESCA_Epi_ESCA,tissue,Tumor,Adjacent,group1_higher,0.15173126163408693,0.049916130963419215
43134,178,-0.03597426440371139,-0.1099013973281227,-0.035926818847656194,-0.171214684844017,0.6003248131862107,0.625971978010377,0.0739271329244113,0.1352878659963608,,0.04951370543560103,-1.611145661148476,1.5726655065298656,1.5726655065298656,0.11756863925426536,4200354.0,2.171117943705063,0.02992248496471018,0.12312326862355537,0.09414820707666682,GCST90200241,cancerType_celltype,ESCA_Epi_ESCA,tissue,Tumor,Adjacent,group1_higher,0.17305189557620268,0.051489780632251805
43134,178,0.45120031040120306,0.698541603469698,0.40799032151699066,0.49077641963958735,1.1348294006291828,1.194310708418803,-0.2473412930684949,-0.08278609812259669,,-0.07952956130389699,0.6305768492699457,-2.757920509928982,-2.757920509928982,0.006423105680263655,3477574.0,-2.1706614075105195,0.02995700369873491,-0.21790670909035514,-0.09412840987296966,GCST90200995,cancerType_celltype,ESCA_Epi_ESCA,tissue,Tumor,Adjacent,group2_higher,0.014120472648708648,0.051489780632251805
43134,178,0.3283184053870319,0.4631814857378466,0.3225023150444031,0.38778984546661377,0.6242373004218891,0.7406166251499416,-0.13486308035081473,-0.0652875304222107,,-0.0668738920461651,0.4964806786863394,-2.425905896158745,-2.425905896158745,0.016268170683264294,3477931.0,-2.168516888807202,0.03011960931932534,-0.2158648426543642,-0.09403541511349789,GCST90199759,cancerType_celltype,ESCA_Epi_ESCA,tissue,Tumor,Adjacent,group2_higher,0.03131852632950457,0.05170406486428267
43134,178,0.563124767364853,0.4620490679151138,0.5823180079460144,0.4559191763401031,0.4763490065765602,0.5975063410872123,0.10107569944973915,0.1263988316059113,,0.06684127516171276,0.2854079757944082,2.2539560783094377,2.2539560783094377,0.025418909818796097,4199715.0,2.1672794354377802,0.030213782457691383,0.21194015280929193,0.09398175427189792,GCST90200816,cancerType_celltype,ESCA_Epi_ESCA,tissue,Tumor,Adjacent,group1_higher,0.04570708981928638,0.051800484892872145
43134,178,0.16204215014549966,0.2570572350294528,0.1499998643994331,0.25477437674999237,0.515976888332988,0.5863994966824461,-0.09501508488395316,-0.10477451235055926,,-0.07065552218884015,0.6657171938735209,-2.158322256381507,-2.158322256381507,0.0322412188860611,3478290.0,-2.1663603559935014,0.03028389022715459,-0.18403638397102295,-0.09394189937498143,GCST90200482,cancerType_celltype,ESCA_Epi_ESCA,tissue,Tumor,Adjacent,group2_higher,0.056339463258591384,0.051855455250768484
43134,178,0.0758441924964429,0.18164091896830817,0.0794349797070026,0.1532034575939178,0.4543508659407666,0.631848915512328,-0.10579672647186526,-0.07376847788691519,,-0.08639470333885571,1.2599675412124316,-2.231547465118254,-2.231547465118254,0.026894632106199245,3478975.0,-2.1622455231874156,0.030599487712785135,-0.23240936720301453,-0.09376346405218539,GCST90199979,cancerType_celltype,ESCA_Epi_ESCA,tissue,Tumor,Adjacent,group2_higher,0.04804375302850534,0.052330115122366544
43134,178,0.26716496080799546,0.3646592124250163,0.26233112812042236,0.4073624759912491,0.6135952056549577,0.7252170008846709,-0.09749425161702086,-0.14503134787082672,,-0.05813221560209329,0.4488165897562775,-1.7909377925081718,-1.7909377925081718,0.07500205038511122,3480037.0,-2.155866030574185,0.03109436224620105,-0.15876146335049288,-0.09348682417947107,GCST90200220,cancerType_celltype,ESCA_Epi_ESCA,tissue,Tumor,Adjacent,group2_higher,0.11696544013147207,0.05310979416237097
43134,178,-0.1620765026892964,-0.01986234822425614,-0.1783906668424606,-0.10902160406112665,0.6963401988657649,0.7371269235198166,-0.14221415446504027,-0.06936906278133395,,-0.0673517313378133,-3.028503116808704,-2.569285379095376,-2.569285379095376,0.011008955732098185,3480180.0,-2.1550070216818193,0.031161519785955924,-0.20418055405592167,-0.09344957417777788,GCST90200993,cancerType_celltype,ESCA_Epi_ESCA,tissue,Tumor,Adjacent,group2_higher,0.022427704655582373,0.05315788669368952
43134,178,-0.07509411396123677,0.005460835360199885,-0.0865946412086486,-0.047486903145909254,0.41340269316176387,0.48953295510514244,-0.08055494932143666,-0.039107738062739344,,-0.07149596308852646,-3.7812613105791373,-2.192210134663015,-2.192210134663015,0.02966155580870468,3481861.0,-2.144909161905133,0.031960350757445036,-0.19469834982072382,-0.09301169129074116,GCST90200325,cancerType_celltype,ESCA_Epi_ESCA,tissue,Tumor,Adjacent,group2_higher,0.0521660652480832,0.05439922495008018
43134,178,0.03662930437326067,-0.14089490761561843,0.016394329257309402,-0.16007028520107264,1.1130739348145515,0.9467991895035093,0.1775242119888791,0.17646461445838205,,0.06082431788419725,-1.9435201144990977,2.494449761900123,2.494449761900123,0.013521411900707405,4195895.0,2.144332484606762,0.03200649622458701,0.15958021784176368,0.09298668429659762,GCST90200385,cancerType_celltype,ESCA_Epi_ESCA,tissue,Tumor,Adjacent,group1_higher,0.02667103389387003,0.05439922495008018
43134,178,0.18819488178251942,0.11590697796324666,0.18367783725261683,0.0377257270738482,0.6416713705105064,0.7663423806462749,0.07228790381927276,0.14595211017876863,,0.04681611780147255,0.6992551878011091,1.256682141260676,1.256682141260676,0.21051515163249254,4195869.0,2.1441763011717865,0.032019003779055935,0.11255763365981189,0.09297991156901686,GCST90200651,cancerType_celltype,ESCA_Epi_ESCA,tissue,Tumor,Adjacent,group1_higher,0.28582296988698547,0.05439922495008018
43134,178,-0.5194263066693302,-0.32301187580922264,-0.5580548942089081,-0.34001222252845764,1.0696729733487709,1.1601382703199226,-0.19641443086010757,-0.21804267168045044,,-0.06293459616167787,-0.6853301853377316,-2.254826760920986,-2.254826760920986,0.025360906181883948,3482045.0,-2.143803863749922,0.03204884639392104,-0.18355489556358753,-0.09296376121863248,GCST90199895,cancerType_celltype,ESCA_Epi_ESCA,tissue,Tumor,Adjacent,group2_higher,0.04566303187041984,0.05439922495008018
43134,178,0.016055551864189426,0.17042748101861374,-0.011973269283771449,0.12027247250080106,0.9005504830411876,0.992803973153284,-0.15437192915442433,-0.13224574178457252,,-0.06975423299676592,3.4079324372816893,-2.0709936911497304,-2.0709936911497304,0.0398006362680064,3482697.0,-2.139887263765151,0.03236412142406246,-0.17134412498624105,-0.09279392205007342,GCST90199720,cancerType_celltype,ESCA_Epi_ESCA,tissue,Tumor,Adjacent,group2_higher,0.06764123096420539,0.05483612743522496
43134,178,0.34955706201315007,0.24550520137522705,0.3556920886039734,0.2458091452717781,0.599196433941104,0.6570539528532461,0.10405186063792302,0.10988294333219528,,0.06946661650120077,0.5097726420581903,2.1091859232160584,2.1091859232160584,0.036325401969963284,4195108.5,2.1396079356987525,0.03238670769285113,0.1735805462756621,0.09278180928728497,GCST90200572,cancerType_celltype,ESCA_Epi_ESCA,tissue,Tumor,Adjacent,group1_higher,0.06267281377855691,0.05483612743522496
43134,178,0.2747516633778629,0.13913581526074348,0.2449301555752754,0.06954203173518175,0.9406040912444227,1.0060334918100844,0.1356158481171194,0.17538812384009364,,0.05772803304147835,0.9816292623686722,1.795254765774522,1.795254765774522,0.07430692339423388,4192777.0,2.1256024865200827,0.03353662270570519,0.14413712715674645,0.09217447796597278,GCST90199757,cancerType_celltype,ESCA_Epi_ESCA,tissue,Tumor,Adjacent,group1_higher,0.11601413125583136,0.05671267586585133
43134,178,0.49613961081611924,0.2899224561837952,0.4502737373113632,0.2376005798578262,1.2024634713125082,1.2053094280849739,0.20621715463232404,0.21267315745353702,,0.06924764584675483,0.7750769926189041,2.2779605299890493,2.2779605299890493,0.023914604823190237,4192529.0,2.1241127368326236,0.033660968805998503,0.171493906112376,0.09210987656443503,GCST90200977,cancerType_celltype,ESCA_Epi_ESCA,tissue,Tumor,Adjacent,group1_higher,0.0433452212420323,0.056852416954864884
43134,178,0.23471058990121907,0.34321803479812507,0.21609794348478314,0.3679706007242203,0.6672671136100046,0.7184436824007727,-0.108507444896906,-0.15187265723943713,,-0.06560087360149977,0.5482404834431224,-2.011431281402206,-2.011431281402206,0.045786226282202885,3485823.0,-2.121109209236941,0.033912865840599236,-0.16256180611486,-0.09197963180326996,GCST90200004,cancerType_celltype,ESCA_Epi_ESCA,tissue,Tumor,Adjacent,group2_higher,0.07645671171242334,0.05720697542170391
43134,178,-0.2644021684477553,-0.3982147375485347,-0.2978150993585586,-0.5338282287120819,0.9713727289162993,0.9988299847024257,0.13381256910077938,0.2360131293535233,,0.05979868929814969,-0.5908107723852959,1.7838957934534216,1.7838957934534216,0.07614055867075013,4191625.0,2.118682358939629,0.034117574199265026,0.13774001616880846,0.09187439403624875,GCST90200036,cancerType_celltype,ESCA_Epi_ESCA,tissue,Tumor,Adjacent,group1_higher,0.11846984185871283,0.05748115405883588
43134,178,0.10262986569954433,0.18746033556408803,0.12163497135043139,0.22492913901805875,0.5290957876707687,0.5367493605372345,-0.0848304698645437,-0.10329416766762736,,-0.06090247510724731,0.869128387078838,-2.1043663851340155,-2.1043663851340155,0.03674741724311006,3487747.0,-2.1095516350487524,0.03489725294329418,-0.16032147877120553,-0.09147844996230714,GCST90199643,cancerType_celltype,ESCA_Epi_ESCA,tissue,Tumor,Adjacent,group2_higher,0.06324082033126137,0.05872216760704934
43134,178,0.052069135409850954,0.2045715120464061,0.0300694545730948,0.15617536008358002,0.8890054931931792,0.906796493514886,-0.15250237663655516,-0.12610590551048523,,-0.06390290297157357,1.9740842427661645,-2.239325396993888,-2.239325396993888,0.026370052202778882,3488439.0,-2.105394752856327,0.03525722140549512,-0.17152850229199818,-0.09129819121285487,GCST90199988,cancerType_celltype,ESCA_Epi_ESCA,tissue,Tumor,Adjacent,group2_higher,0.04716847920260842,0.05925473831774335
43134,178,0.19103885527998665,0.06365349604695868,0.17825675010681152,0.0949601493775844,0.78439801084936,0.7102467345659382,0.12738535923302796,0.08329660072922712,,0.06647103406197134,1.585539325485897,2.386877007611532,2.386877007611532,0.018035773358846173,4189311.0,2.1047820332268077,0.035310547399744964,0.16245868933872007,0.09127162128157718,GCST90200741,cancerType_celltype,ESCA_Epi_ESCA,tissue,Tumor,Adjacent,group1_higher,0.03406313035752273,0.05927127599242905
43134,178,-0.09817971011709874,-0.21341782856439606,-0.10900788009166709,-0.2726728022098541,0.679725219798882,0.699585066208294,0.11523811844729732,0.16366492211818703,,0.06835216513763212,-1.1201759549245154,2.193417639600904,2.193417639600904,0.0295705426108227,4189155.0,2.1038449326169544,0.0353922379333394,0.1695157932071088,0.09123098491609372,GCST90200000,cancerType_celltype,ESCA_Epi_ESCA,tissue,Tumor,Adjacent,group1_higher,0.052091694971342715,0.05933532632612743
43134,178,-0.030424344890101988,-0.09757389034225679,-0.049254775047302204,-0.15788902342319483,0.5592361512494312,0.5612449611631597,0.0671495454521548,0.10863424837589263,,0.04609455735939615,-1.68123631944662,1.5929888943889499,1.5929888943889499,0.11293239104302662,4188801.0,2.101718435079211,0.03557821098126971,0.12007191915644091,0.09113877162518902,GCST90199956,cancerType_celltype,ESCA_Epi_ESCA,tissue,Tumor,Adjacent,group1_higher,0.166767983739594,0.059573834849472505
43134,178,0.12615946473913128,0.08886003649395922,0.12841690331697458,0.042530668899416896,0.3960445514943969,0.5008576367643779,0.03729942824517206,0.08588623441755769,,0.03510022137540427,0.5056370052681078,0.9922892943618485,0.9922892943618485,0.3224040477849791,4187542.0,2.094155552593281,0.036246393198902487,0.09406474969670543,0.09081081531657542,GCST90200028,cancerType_celltype,ESCA_Epi_ESCA,tissue,Tumor,Adjacent,group1_higher,0.41030505801206957,0.060618201141232016
43134,178,0.4344461539617156,0.3309493065721679,0.45067866146564484,0.399653822183609,0.49434301400887637,0.5926317727805303,0.10349684738954767,0.05102483928203583,,0.06774802027735692,0.39256609143257803,2.3266420701233157,2.3266420701233157,0.021110210833855846,4184901.0,2.078290919832883,0.03768284873991108,0.20917563163900635,0.09012286248810208,GCST90200928,cancerType_celltype,ESCA_Epi_ESCA,tissue,Tumor,Adjacent,group1_higher,0.03909143906022032,0.06294328778492501
43134,178,0.221859340455819,0.17313682750976656,0.2419652938842773,0.18581762909889216,0.4099598556901246,0.4529341143204766,0.048722512946052454,0.05614766478538513,,0.04264365056823114,0.35773083365284586,1.4327544514131783,1.4327544514131783,0.15367998786565115,4182979.0,2.0667453597550773,0.03875843772988904,0.11879348735588546,0.08962220162618406,GCST90200670,cancerType_celltype,ESCA_Epi_ESCA,tissue,Tumor,Adjacent,group1_higher,0.21979624707332898,0.06466064948083079
43134,178,-0.39795698844460753,-0.6226437579463707,-0.4944346398115158,-0.6962770223617554,1.406871263288247,1.564685792081653,0.2246867695017632,0.20184238255023956,,0.06199317866142991,-0.6457931500031269,1.912657100149942,1.912657100149942,0.057395843384407286,4182629.0,2.0646428904380993,0.03895708627177639,0.1596294364858541,0.08953103029336851,GCST90200435,cancerType_celltype,ESCA_Epi_ESCA,tissue,Tumor,Adjacent,group1_higher,0.09368926291370915,0.06491260218634623
43134,178,-0.18049832970453708,-0.03885755342106973,-0.20280012488365168,-0.0100520406849682,1.0673802316204943,1.019684358676968,-0.14164077628346736,-0.19274808419868347,,-0.04810460731620548,-2.2156893794442993,-1.8490679391693685,-1.8490679391693685,0.06610084289956819,3496383.0,-2.057674706416115,0.03962165848262221,-0.13272315458473294,-0.08922886244746575,GCST90200869,cancerType_celltype,ESCA_Epi_ESCA,tissue,Tumor,Adjacent,group2_higher,0.10488410811654418,0.06593934128426626
43134,178,-0.36107587526891693,-0.16495908080129962,-0.4002728015184402,-0.10243531316518781,1.439156766091567,1.4236265603520648,-0.19611679446761732,-0.2978374883532524,,-0.05133405610484321,-1.1301890831042856,-1.8340656505926576,-1.8340656505926576,0.06830931320226807,3496998.0,-2.0539803674734247,0.039977882621860014,-0.13627799420403763,-0.08906866139123282,GCST90199629,cancerType_celltype,ESCA_Epi_ESCA,tissue,Tumor,Adjacent,group2_higher,0.10776110404478169,0.06642079539793327
43134,178,0.116409559788566,0.051148749876170935,0.12447658553719515,0.0540085900574922,0.4138999317103602,0.4767678271018236,0.06526080991239507,0.07046799547970295,,0.05336691078065452,1.1864228430850796,1.8233969061377877,1.8233969061377877,0.06991973575502713,4180801.5,2.053664997075878,0.04000841747740515,0.15756771403508385,0.08905498569131054,GCST90200926,cancerType_celltype,ESCA_Epi_ESCA,tissue,Tumor,Adjacent,group1_higher,0.10991995367255131,0.06642079539793327
43134,178,-0.19308455731573607,-0.054465926144228925,-0.22913716733455655,-0.0412923824042081,0.8476801352453677,0.8837023275693838,-0.13861863117150713,-0.18784478493034845,,-0.0627046109198125,-1.8257878998957622,-2.0888278029608953,-2.0888278029608953,0.038142854978766655,3499361.0,-2.0397856960562266,0.041371974392330924,-0.163498053840532,-0.08845312464996724,GCST90200277,cancerType_celltype,ESCA_Epi_ESCA,tissue,Tumor,Adjacent,group2_higher,0.0653946054541622,0.06860097457025188
43134,178,0.3435101573364067,0.25079352782353803,0.35307253897190094,0.2838151305913925,0.4945429867427148,0.563092333834784,0.09271662951286869,0.06925740838050842,,0.06892355653986354,0.4538510891354195,2.193299401677506,2.193299401677506,0.02958105055599359,4178310.5,2.038701422594185,0.041480135645685846,0.18736595362331515,0.08840610629118673,GCST90200030,cancerType_celltype,ESCA_Epi_ESCA,tissue,Tumor,Adjacent,group1_higher,0.052091694971342715,0.06869674955658543
43134,178,0.5462737354034114,0.45577899257199883,0.5034902095794678,0.33622935414314264,0.7471858303863839,0.8386245774634924,0.09049474283141257,0.16726085543632513,,0.055357407637419774,0.2612891057048516,1.437327016421711,1.437327016421711,0.15237904713669426,4178117.0,2.0375390574146555,0.041596352751825515,0.12104987601127812,0.08835570156861583,GCST90200507,cancerType_celltype,ESCA_Epi_ESCA,tissue,Tumor,Adjacent,group1_higher,0.2183939445292474,0.068805617476624
43134,178,0.36424057491534784,0.16238648311517548,0.30244114995002747,-0.09626305475831025,1.6868782649235214,1.86573978628034,0.20185409180017236,0.39870420470833773,,0.04947054412871643,1.165455169075307,1.4410040380581712,1.4410040380581712,0.1513384110156444,4177775.0,2.0354846445392085,0.041802433987479314,0.11960676263535311,0.088266614151979,GCST90200829,cancerType_celltype,ESCA_Epi_ESCA,tissue,Tumor,Adjacent,group1_higher,0.21735959348190023,0.06901196492833263
43134,178,-0.10578995805187118,0.032783080136672894,-0.1661356911063194,0.05140106379985805,1.022301599768699,1.0055346458846537,-0.13857303818854408,-0.21753675490617747,,-0.05664890872189385,-1.690149004574702,-1.8347100567471226,-1.8347100567471226,0.06821309323559621,3500110.0,-2.0352864117178933,0.041822364659429755,-0.13555906723290753,-0.08825801799774202,GCST90199899,cancerType_celltype,ESCA_Epi_ESCA,tissue,Tumor,Adjacent,group2_higher,0.10773400472783039,0.06901196492833263
43134,178,0.20722642466247346,0.1588614096693705,0.21579039096832275,0.14993724972009653,0.41643533682828043,0.5499120872919302,0.048365014993102945,0.06585314124822622,,0.038295324277209525,0.3834371514322608,1.1720193649698236,1.1720193649698236,0.2427569882329726,4177643.5,2.034694716781544,0.041881902536451854,0.11596440221810746,0.08823235977979249,GCST90199836,cancerType_celltype,ESCA_Epi_ESCA,tissue,Tumor,Adjacent,group1_higher,0.3237551614105104,0.06902664226987168
43134,178,0.31371969344469885,0.23730042887317918,0.3299718052148819,0.2757324278354645,0.43324801824902104,0.5021582291458215,0.07641926457151968,0.05423937737941742,,0.06650746670687602,0.40275990693320224,2.0272451097862176,2.0272451097862176,0.04412817360087359,4177085.0,2.0313397764571657,0.0422208434929374,0.17626323161809584,0.0880868763815712,GCST90200503,cancerType_celltype,ESCA_Epi_ESCA,tissue,Tumor,Adjacent,group1_higher,0.07416362591614142,0.06950121942134502
43134,178,0.27166661329765235,0.12622492382135453,0.24382648617029185,0.08069860190153115,0.9617146504920571,1.044341062752022,0.14544168947629782,0.16312788426876068,,0.05870018168124073,1.1058343495163176,1.854803785838298,1.854803785838298,0.06527603800416606,4176340.0,2.026864520339598,0.04267657709869356,0.15117629448381786,0.08789281168743557,GCST90200935,cancerType_celltype,ESCA_Epi_ESCA,tissue,Tumor,Adjacent,group1_higher,0.1036960836826088,0.0700972762151707
43134,178,0.4911266003848687,0.22171874399711589,0.42225769162178034,0.19896274805068964,1.6723823392107837,1.64840445763643,0.26940785638775283,0.2232949435710907,,0.0654996305592002,1.1473606544070671,2.1758856872378898,2.1758856872378898,0.030877867732341933,4176325.0,2.0267744145117277,0.042685795494197855,0.16110163580262177,0.0878889043446005,GCST90200255,cancerType_celltype,ESCA_Epi_ESCA,tissue,Tumor,Adjacent,group1_higher,0.054165423062010366,0.0700972762151707
43134,178,-0.07374374741189622,0.03778719123036946,-0.1118463650345802,-0.0069077619700692,0.7360870280121882,0.7110675253585275,-0.11153093864226568,-0.104938603064511,,-0.05878787199740745,-0.9646048305422085,-2.0880282269093713,-2.0880282269093713,0.038214067716690704,3501964.0,-2.0241493313931005,0.04295509806910621,-0.15153937920305766,-0.08777507042334232,GCST90200186,cancerType_celltype,ESCA_Epi_ESCA,tissue,Tumor,Adjacent,group2_higher,0.06543438982141889,0.07045463136966518
43134,178,-0.5868226260028278,-0.4669791896712412,-0.6271953582763672,-0.4922529309988022,0.916109059277772,0.7959994554615218,-0.11984343633158656,-0.134942427277565,,-0.05257644800350226,-0.32956560734189083,-2.003216047197437,-2.003216047197437,0.04666331071757367,3503656.0,-2.013985394009309,0.044011382347234757,-0.13088341911484255,-0.08733432215156012,GCST90200233,cancerType_celltype,ESCA_Epi_ESCA,tissue,Tumor,Adjacent,group2_higher,0.07756352744884501,0.07210037757125118
43134,178,0.08265490620608998,0.01347948065396461,0.07139398902654645,-0.00691902916878455,0.5233104701554265,0.5531920679590577,0.06917542555212537,0.078313018195331,,0.044699114585952264,2.6162459739458073,1.6652731162474517,1.6652731162474517,0.09761429135369964,4172849.0,2.005893890666539,0.04486789073792752,0.1321563998668652,0.0869834427649816,GCST90200005,cancerType_celltype,ESCA_Epi_ESCA,tissue,Tumor,Adjacent,group1_higher,0.14766734640964774,0.07340639421161668
43134,178,0.14830820078919146,0.251504402033451,0.14408823102712626,0.22859668731689448,0.6666905905952235,0.707261356279533,-0.10319620124425952,-0.08450845628976822,,-0.0504766957155586,0.7619812853989568,-1.9431172167537216,-1.9431172167537216,0.05357672761819737,3505078.5,-2.005440357999591,0.044916311645259215,-0.15474909526475913,-0.08696377580604575,GCST90200870,cancerType_celltype,ESCA_Epi_ESCA,tissue,Tumor,Adjacent,group2_higher,0.08798202378747351,0.07340639421161668
43134,178,0.04245319297791485,0.11553489703297866,0.044574046507477746,0.1059664785861969,0.430058343865271,0.46898339938138406,-0.07308170405506381,-0.06139243207871915,,-0.06634744546094715,1.444362213663516,-2.075434258616618,-2.075434258616618,0.03938227613679876,3505486.0,-2.002992483009109,0.04517841771456212,-0.16986872826006716,-0.08685762632569627,GCST90200929,cancerType_celltype,ESCA_Epi_ESCA,tissue,Tumor,Adjacent,group2_higher,0.0671815298804214,0.07374632735921936
43134,178,-0.31559592767234423,-0.4739771470940264,-0.4046908020973205,-0.4834277182817459,1.2394477374493063,1.1526658321722056,0.15838121942168215,0.07873691618442541,,0.058327206982773966,-0.5867373839431341,1.8288438313919417,1.8288438313919417,0.0690900176634747,4169913.0,1.9882571766246881,0.046783586321114255,0.12781900048203967,0.08621864552742098,GCST90199679,cancerType_celltype,ESCA_Epi_ESCA,tissue,Tumor,Adjacent,group1_higher,0.10886669835296649,0.07627515329626643
43134,178,0.1334539597116731,0.08478392927588246,0.12503465265035624,0.0560696367174387,0.44154003843276113,0.4769064654566219,0.04867003043579063,0.06896501593291754,,0.035320490453883004,0.6544731725100208,1.3591633192105794,1.3591633192105794,0.17581192733299505,4169414.0,1.9852596560841966,0.04711592413229492,0.11019038975790633,0.0860886612557783,GCST90200795,cancerType_celltype,ESCA_Epi_ESCA,tissue,Tumor,Adjacent,group1_higher,0.24649233796529524,0.07672521456668814
43134,178,-0.9265548307395227,-0.7281149620493728,-1.0049396753311157,-0.749975860118866,1.3736198962439106,1.5592316627468534,-0.19843986869014996,-0.25496381521224976,,-0.06379043685087527,-0.34770967330744507,-1.6952507583124,-1.6952507583124,0.09177506541251532,3509337.0,-1.9798593134671585,0.04771967689797538,-0.1443798122038869,-0.08585448117520367,GCST90201003,cancerType_celltype,ESCA_Epi_ESCA,tissue,Tumor,Adjacent,group2_higher,0.1402347692345946,0.07761565586150411
43134,178,0.010488747135586302,0.09493641033565908,0.00205995165742925,0.06506753712892525,0.47713165325953855,0.5280658742862266,-0.08444766320007278,-0.063007585471496,,-0.06667186705880407,3.1779967961268745,-2.1299980036215316,-2.1299980036215316,0.03454405958906726,3509827.5,-1.9769128528957933,0.04805182129970996,-0.17690899526661288,-0.0857267110645008,GCST90199998,cancerType_celltype,ESCA_Epi_ESCA,tissue,Tumor,Adjacent,group2_higher,0.059979048687769015,0.07806273233790784
43134,178,0.3205368386720112,0.17762224870901344,0.2845982760190964,0.20431187003850937,0.8848745172040117,0.9035584624062276,0.14291458996299777,0.080286405980587,,0.06559052328089834,0.8516742481883893,2.1060689595749293,2.1060689595749293,0.03659742707854068,4167846.0,1.9758405935441345,0.04817317452262956,0.16149423018680545,0.08568021368476497,GCST90200663,cancerType_celltype,ESCA_Epi_ESCA,tissue,Tumor,Adjacent,group1_higher,0.06306231745644873,0.07816671056469535
43134,178,0.04248037974556298,-0.024230918054680833,0.03043295256793495,-0.1492306739091873,0.6164039440612739,0.7363320177387245,0.06671129780024382,0.17966362647712225,,0.04091540205811818,0.8099220194738053,1.2070038154876548,1.2070038154876548,0.2290319916073554,4166980.0,1.9706384837484114,0.048765585285703135,0.10813228869353693,0.08545462975842733,GCST90200425,cancerType_celltype,ESCA_Epi_ESCA,tissue,Tumor,Adjacent,group1_higher,0.3078605567661,0.07903387960096715
43134,178,-0.07399707229518075,-0.0029355419277778587,-0.08232263103127474,-0.00013763137394559997,0.4325219308880058,0.5019273400076348,-0.0710615303674029,-0.08218499965732914,,-0.06166285774017623,-4.655297546139902,-1.8859896828338583,-1.8859896828338583,0.060924276151201356,3511210.0,-1.9686080990937298,0.04899845698188046,-0.16417951936934702,-0.08536658429987976,GCST90200236,cancerType_celltype,ESCA_Epi_ESCA,tissue,Tumor,Adjacent,group2_higher,0.0978089380377944,0.07931697965119129
43134,178,0.46621761467981965,0.777224886921768,0.4094928950071335,0.785892128944397,2.1699147908412453,2.074319251423884,-0.3110072722419484,-0.3763992339372635,,-0.050495495422649014,0.7373273452994675,-1.9958438581072957,-1.9958438581072957,0.04747065997292019,3511956.0,-1.9641268359209707,0.04951573303670213,-0.14335219510034788,-0.08517225911622162,GCST90199799,cancerType_celltype,ESCA_Epi_ESCA,tissue,Tumor,Adjacent,group2_higher,0.07871351525923384,0.080059245704656
43134,178,-0.6560828607159996,-0.37284481095338473,-0.7172253727912903,-0.6682688295841217,1.5234524718890805,1.5922845202058478,-0.2832380497626149,-0.04895654320716858,,-0.07153261119207356,-0.8153010996221115,-2.368766061839422,-2.368766061839422,0.018917077629765532,3512107.0,-1.9632197705870744,0.049620991902241875,-0.1858834384588702,-0.0851329251983497,GCST90200202,cancerType_celltype,ESCA_Epi_ESCA,tissue,Tumor,Adjacent,group2_higher,0.035515119572135566,0.0801343743634546
43134,178,0.09554713919589919,-0.020761758256494324,0.081135019659996,-0.0379016418009996,0.6945959077005399,0.7630331922413398,0.1163088974523935,0.1190366614609956,,0.06332912888918266,2.2022296637417647,2.0301971574763398,2.0301971574763398,0.04382308681912826,4164714.0,1.957026496684776,0.05034470631359084,0.16737758796651445,0.08486436050082768,GCST90199656,cancerType_celltype,ESCA_Epi_ESCA,tissue,Tumor,Adjacent,group1_higher,0.07374181152403929,0.0812069049768335
43134,178,0.05153007122155018,-0.04275460104036846,0.02244781423360105,-0.08868387714028356,0.6807085476915232,0.7284388026050064,0.09428467226191864,0.11113169137388461,,0.054000706846854325,0.269329156028965,1.723760481471725,1.723760481471725,0.08648467346630477,4163277.0,1.948394358374783,0.05136815346543071,0.1384685405094956,0.08449003705723945,GCST90200079,cancerType_celltype,ESCA_Epi_ESCA,tissue,Tumor,Adjacent,group1_higher,0.13310943337766507,0.08275980280541614
43134,178,-0.31244960891730605,-0.5171672661443439,-0.35967202484607697,-0.4987521916627884,1.2232730050347085,1.1954743176882388,0.20471765722703789,0.13908016681671143,,0.05949358216025965,-0.7270056012610706,2.2797583740690777,2.2797583740690777,0.02380488774884854,4162954.0,1.9464540795479717,0.05160057934045038,0.16736775481391014,0.08440589894152684,GCST90200879,cancerType_celltype,ESCA_Epi_ESCA,tissue,Tumor,Adjacent,group1_higher,0.04320381092101273,0.08303611527867044
43134,178,-0.21931748844065807,-0.024731100076453738,-0.28505006432533264,-0.1667590662837028,1.3878660844322144,1.3934380678714302,-0.19458638836420433,-0.11829099804162985,,-0.051012085247612866,-3.1485707820351827,-1.8592922463421224,-1.8592922463421224,0.06463204823300112,3515237.0,-1.9444176878380985,0.05184546449261144,-0.1402031446004468,-0.08431759299345698,GCST90199810,cancerType_celltype,ESCA_Epi_ESCA,tissue,Tumor,Adjacent,group2_higher,0.10303331197845675,0.08333180200876107
43134,178,0.07120940403150545,0.1762494859442617,0.0558356568217277,0.18754011392593378,0.7564937758515646,0.7339493312812692,-0.10504008191275625,-0.13170445710420609,,-0.05617918635327483,1.3074672918761339,-1.9052372450869908,-1.9052372450869908,0.058356339532054595,3515479.0,-1.942963980481788,0.05202087343646368,-0.1388678796398302,-0.08425455452905317,GCST90199994,cancerType_celltype,ESCA_Epi_ESCA,tissue,Tumor,Adjacent,group2_higher,0.0949160987854301,0.08351525382084805
43134,178,-0.8282712406808721,-0.5872277141328943,-0.9052136540412903,-0.6423747539520264,1.3362926951972682,1.5903947133100726,-0.24104352654797778,-0.2628389000892639,,-0.07189505794527254,-0.49618252355127124,-2.0191512064122827,-2.0191512064122827,0.04497152363525684,3516524.0,-1.9366866078068103,0.052784031165621255,-0.18022897053011888,-0.08398234297821838,GCST90200284,cancerType_celltype,ESCA_Epi_ESCA,tissue,Tumor,Adjacent,group2_higher,0.07521004504890193,0.08464074644557856
43134,178,0.0073844752983251325,0.12350796417364579,-0.0355662945657968,0.23724154382944107,0.9760900045371792,1.0710327530115396,-0.11612348887532066,-0.27280783839523787,,-0.042860618878916644,4.0637811751398845,-1.4440569799761918,-1.4440569799761918,0.1504786426612553,3517111.0,-1.9331604664094784,0.05321680306450095,-0.1189184525688194,-0.08382943562861067,GCST90200882,cancerType_celltype,ESCA_Epi_ESCA,tissue,Tumor,Adjacent,group2_higher,0.21681013736500102,0.08523443311035817
43134,178,0.3100591210192377,0.19817532633267423,0.28263919055461884,0.1414374858140945,0.8394139012097622,0.8217869192530074,0.11188379468656348,0.14120170474052435,,0.05210144607053691,0.6457633509383163,1.812529240470332,1.812529240470332,0.07158446072588454,4160280.5,1.9303942174938544,0.053558382742842206,0.13329931366619535,0.08370948020357782,GCST90200458,cancerType_celltype,ESCA_Epi_ESCA,tissue,Tumor,Adjacent,group1_higher,0.11214898847055245,0.08568083999823231
43134,178,-0.22284565038128357,-0.05011869306686554,-0.26267731189727783,-0.11591662466526031,1.1384347489572106,1.1087566537650733,-0.17272695731441803,-0.14676068723201752,,-0.06325904847923304,-2.1526017911638435,-2.073916295980651,-2.073916295980651,0.039522260997536016,3517884.0,-1.9285170127465525,0.05379122342906889,-0.15173915133220459,-0.0836280772278497,GCST90199766,cancerType_celltype,ESCA_Epi_ESCA,tissue,Tumor,Adjacent,group2_higher,0.06733605217455199,0.08590858102724454
43134,178,0.44970336266932454,0.2851470352642322,0.4049748629331589,0.27981798350811005,1.0706119851105298,1.0632755803960419,0.16455632740509235,0.12515687942504883,,0.0640674354328377,0.6572657876993847,2.0604977193099434,2.0604977193099434,0.040801826726301206,4159870.0,1.9279283213377985,0.0538644160986633,0.1537073398239342,0.08360254925466126,GCST90199756,cancerType_celltype,ESCA_Epi_ESCA,tissue,Tumor,Adjacent,group1_higher,0.06925640078200317,0.08590858102724454
43134,178,0.01683548220880367,-0.08263415123304624,0.007011248730123,-0.1169011294841766,0.7643712928372554,0.8185298489447707,0.0994696334418499,0.1239123782142996,,0.051911792097162096,-2.295164868752091,1.618400345822806,1.618400345822806,0.10734417512982646,4159836.0,1.9277240814612921,0.05388982889089808,0.13009361332579406,0.08359369261090221,GCST90200575,cancerType_celltype,ESCA_Epi_ESCA,tissue,Tumor,Adjacent,group1_higher,0.15990176033000378,0.08590858102724454
43134,178,-0.3060681504614655,-0.15145041571741694,-0.33211836218833923,-0.23194286227226257,0.7946180840101392,0.9322895212889473,-0.15461773474404858,-0.10017549991607666,,-0.0689043605518186,-1.0150025750233058,-2.209370215813277,-2.209370215813277,0.028424485988698803,3519460.0,-1.9190498937649594,0.054978399882467166,-0.1944316551185009,-0.08321754574065765,GCST90200419,cancerType_celltype,ESCA_Epi_ESCA,tissue,Tumor,Adjacent,group2_higher,0.05051183103337219,0.087541540934349
43134,178,0.1452840783532003,0.06660612464327825,0.1272069215774536,0.0522338449954986,0.6230553800387862,0.7777556452031746,0.07867795370992206,0.07497307658195501,,0.04635535352792556,1.1251381283647204,1.347862449150041,1.347862449150041,0.1794161115071967,4157824.0,1.9156378864162635,0.05541158621739881,0.12613382591872055,0.08306958769197426,GCST90200894,cancerType_celltype,ESCA_Epi_ESCA,tissue,Tumor,Adjacent,group1_higher,0.25030108493788034,0.08812834540760162
43134,178,0.19622295354016542,0.28999005463183597,0.17741906642913813,0.2954605668783188,0.6145928712892867,0.6616355765786209,-0.09376710109167055,-0.11804150044918066,,-0.05865341796972799,0.5635072324065878,-1.8874254831981534,-1.8874254831981534,0.0607282281660759,3520149.0,-1.9149110327381083,0.05550423367574428,-0.1525183024652408,-0.08303806845977235,GCST90200176,cancerType_celltype,ESCA_Epi_ESCA,tissue,Tumor,Adjacent,group2_higher,0.09772440966984823,0.08817280944060542
43134,178,-0.44393318713971053,-0.27668549883498367,-0.5034199953079224,-0.3473241478204727,1.0049677487086424,1.0215732539947482,-0.16724768830472686,-0.15609584748744965,,-0.06898908352539854,-0.682093566060811,-2.1798927989114922,-2.1798927989114922,0.030575184487127784,3520269.0,-1.9141901861151442,0.0555962428988976,-0.1664096210480817,-0.08300680971709273,GCST90199958,cancerType_celltype,ESCA_Epi_ESCA,tissue,Tumor,Adjacent,group2_higher,0.053703577907158725,0.08821615724237186
43134,178,-0.6427959869520615,-0.5392864250912843,-0.6766111254692078,-0.5822508037090302,0.8628655033117494,0.799346693564276,-0.1035095618607772,-0.09436032176017761,,-0.049690584290630765,-0.2533087725365017,-1.7235092671276366,-1.7235092671276366,0.08652601465341984,3520801.0,-1.9109944327533375,0.056005682330812726,-0.11999502676553112,-0.08286822929121318,GCST90200660,cancerType_celltype,ESCA_Epi_ESCA,tissue,Tumor,Adjacent,group2_higher,0.13310943337766507,0.08876249420569506
43134,178,-0.12697161054941875,-0.21422083046302995,-0.15091577172279355,-0.2483810931444168,0.6753866765666462,0.670576652869122,0.0872492199136112,0.09746532142162326,,0.05601663763145876,-0.7545881820139602,1.7322717575134718,1.7322717575134718,0.08495270300931934,4156343.0,1.9067414376778504,0.05655446731435905,0.1291878467077507,0.08268380270940368,GCST90199852,cancerType_celltype,ESCA_Epi_ESCA,tissue,Tumor,Adjacent,group1_higher,0.13113310781619736,0.08952815208997837
43134,178,0.05599257994093445,0.18300696296533675,0.02834477555006735,0.13089815527200693,0.6135543448145143,0.704722808158443,-0.1270143830244023,-0.10255337972193959,,-0.06905805698014719,1.7085730972153224,-2.400857564862282,-2.400857564862282,0.01738633481580365,3521702.0,-1.9055820760259168,0.05670483943568255,-0.20687915178485683,-0.08263352823159398,GCST90200269,cancerType_celltype,ESCA_Epi_ESCA,tissue,Tumor,Adjacent,group2_higher,0.03295907420575852,0.08966206049980896
43134,178,-0.016537522229464998,-0.14493827009377372,-0.0373005792498588,-0.1732371002435684,0.735981212413861,0.7089728952630635,0.12840074786430872,0.1359365209937096,,0.06638094737414309,-3.131546298214925,2.410928846120411,2.410928846120411,0.01692596768288551,4153409.0,1.8891167377463822,0.05887659051171441,0.17448768162864994,0.08191952645088763,GCST90199727,cancerType_celltype,ESCA_Epi_ESCA,tissue,Tumor,Adjacent,group1_higher,0.03222080160862143,0.09298817249996147
43134,178,0.28443769535212143,0.24006202277528604,0.29984973371028895,0.2214426845312118,0.3835441394022466,0.46458705938833356,0.04437567257683539,0.07840704917907715,,0.03336295473686498,0.24470454366762356,1.2725591134979255,1.2725591134979255,0.2048343086046426,4153238.0,1.8880895313086588,0.05901433517874243,0.11558868896593733,0.0818749827425691,GCST90200954,cancerType_celltype,ESCA_Epi_ESCA,tissue,Tumor,Adjacent,group1_higher,0.2789102523757521,0.09309784588961334
43134,178,0.009192950503112425,-0.06476273760722762,-0.0075158886611461,-0.17577365040779108,0.6429725717229483,0.694278073553958,0.07395568811034003,0.16825776174664497,,0.04551716644524221,-2.8164294436792012,1.4186685455261903,1.4186685455261903,0.15774171543813545,4151795.0,1.8794213506675175,0.06018739307601085,0.11498254300653234,0.08149909636184693,GCST90199830,cancerType_celltype,ESCA_Epi_ESCA,tissue,Tumor,Adjacent,group1_higher,0.22466244319976866,0.09483863209549456
43134,178,0.42037883527673264,0.3322887180747171,0.430833637714386,0.37009158730506897,0.4940288874972834,0.5800450237272827,0.08809011720201554,0.06074205040931702,,0.06164057164547378,0.3392518150493281,2.023142256029727,2.023142256029727,0.044553970848775576,4151707.0,1.8788927298106772,0.06025955194398167,0.1781718843267741,0.08147617328388201,GCST90200226,cancerType_celltype,ESCA_Epi_ESCA,tissue,Tumor,Adjacent,group1_higher,0.07478702249615901,0.09484268972245613
43134,178,-0.01731546780127976,-0.17918636536832605,-0.0463297944515943,-0.239216536283493,1.1689120712124097,1.0652827884195781,0.16187089756704628,0.1928867418318987,,0.049837672584055456,-3.3712523300529247,2.0222629222768465,2.0222629222768465,0.044639738966094675,4151597.0,1.8782319537396268,0.06034985137045536,0.138527934774799,0.0814475194364257,GCST90200286,cancerType_celltype,ESCA_Epi_ESCA,tissue,Tumor,Adjacent,group1_higher,0.07483882436751174,0.0948752565374056
43134,178,0.3086662016790147,0.4204992505171064,0.25976672768592834,0.34456901252269745,0.7709918883083839,0.8200376366313238,-0.1118330488380917,-0.0848022848367691,,-0.0642755666077998,0.4460544665928107,-1.8161667062250864,-1.8161667062250864,0.07102450645820452,3526493.0,-1.8768022746040818,0.06054561041964506,-0.14501198223371287,-0.08138552293011114,GCST90199639,cancerType_celltype,ESCA_Epi_ESCA,tissue,Tumor,Adjacent,group2_higher,0.11152811325176586,0.09503436970355125
43134,178,-0.17120274270523672,-0.30870753824920133,-0.2015110850334167,-0.3054598718881607,0.9890769852800925,0.9176069405805056,0.1375047955439646,0.10394878685474401,,0.05653168648532877,-0.850531144499858,1.9944930276264183,1.9944930276264183,0.04761849014772302,4151304.5,1.8764748900961523,0.06059051157181661,0.13906293830530306,0.08137132625114418,GCST90199801,cancerType_celltype,ESCA_Epi_ESCA,tissue,Tumor,Adjacent,group1_higher,0.07886269996518407,0.09503436970355125
43134,178,0.1961088572766205,0.1401044739687585,0.20377080142498016,0.1504040583968162,0.41713094889116437,0.45988011047972327,0.056004383307862005,0.053366743028163965,,0.042102712753144304,0.485148729596963,1.6220020547316127,1.6220020547316127,0.10657078800653907,4150911.0,1.8741111138783497,0.06091552570095683,0.13420184075736322,0.08126882362410748,GCST90199867,cancerType_celltype,ESCA_Epi_ESCA,tissue,Tumor,Adjacent,group1_higher,0.15894909066480026,0.09530863570521204
43134,178,-0.1842894027080632,-0.35315042919429607,-0.23477959632873535,-0.4625325947999954,1.1136410755607593,1.1798395969086872,0.16886102648623286,0.22775299847126007,,0.06440018122561461,-0.9383059933713068,1.905985366467369,1.905985366467369,0.05826081599415305,4150900.0,1.8740450362712446,0.06092463194079721,0.15159175134812108,0.08126595823936178,GCST90199633,cancerType_celltype,ESCA_Epi_ESCA,tissue,Tumor,Adjacent,group1_higher,0.0949160987854301,0.09530863570521204
43134,178,0.34239841258392023,0.41631087578383136,0.33119334280490875,0.4274308532476425,0.5987835560686257,0.60051860390473,-0.07391246319991113,-0.09623751044273376,,-0.044753351363103946,0.2819844869589153,-1.6387477479282222,-1.6387477479282222,0.103027630563672,3527013.0,-1.8736786059045714,0.06097515064926259,-0.12343623321593675,-0.08125006837849957,GCST90199661,cancerType_celltype,ESCA_Epi_ESCA,tissue,Tumor,Adjacent,group2_higher,0.1544847749816116,0.09530863570521204
43134,178,-0.1535518437723301,-0.055099927280699894,-0.18215408176183695,-0.08500752970576281,0.5952365139493181,0.6717002796555112,-0.09845191649163021,-0.09714655205607414,,-0.059128534375145994,-1.4785867281329867,-1.9523428773878817,-1.9523428773878817,0.05246473766024591,3527423.0,-1.8712157132761114,0.06131560379970838,-0.1653073260005707,-0.08114326767434432,GCST90200420,cancerType_celltype,ESCA_Epi_ESCA,tissue,Tumor,Adjacent,group2_higher,0.08636405486825503,0.09573100570332477
43134,178,-0.25591206304136593,-0.1284669216439714,-0.2894938141107559,-0.158900611102581,0.9886798376564176,0.8936630494044722,-0.12744514139739455,-0.13059320300817492,,-0.05408590001589941,-0.9942456270153395,-1.897865655780436,-1.897865655780436,0.05932516355710563,3527990.0,-1.8678097129826068,0.06178901791990696,-0.12895258265872955,-0.08099557011518321,GCST90200578,cancerType_celltype,ESCA_Epi_ESCA,tissue,Tumor,Adjacent,group2_higher,0.09557943017533686,0.09628486951558302
43134,178,-0.30425147767390687,-0.18879986856279246,-0.32518117129802704,-0.213625356554985,0.747009998568193,0.7784352976883826,-0.1154516091111144,-0.11155581474304205,,-0.059511492714016,-0.6884036098304424,-1.974985124732683,-1.974985124732683,0.0498130200429712,3528017.0,-1.8676475224924398,0.061811636702960485,-0.15452450193178133,-0.08098853689808039,GCST90200302,cancerType_celltype,ESCA_Epi_ESCA,tissue,Tumor,Adjacent,group2_higher,0.08229714705281181,0.09628486951558302
43134,178,0.12257886217306331,0.17049246119662956,0.12355512753129005,0.17647859454154965,0.3657895710322635,0.3982405929059853,-0.04791359902356625,-0.0529234670102596,,-0.04515681649641675,0.47599442198600805,-1.602391286700187,-1.602391286700187,0.11083985774919014,3528841.0,-1.8626977090147543,0.06250523121306716,-0.13093721337868316,-0.08077389353168052,GCST90200921,cancerType_celltype,ESCA_Epi_ESCA,tissue,Tumor,Adjacent,group2_higher,0.1643903439740437,0.0972541439993271
43134,178,9.854163632084093e-05,0.10091568112080351,-0.02403511758893725,0.09971157088875765,0.7053540083677629,0.8036856702566665,-0.10081713948448268,-0.1237466884776949,,-0.04680245772883272,9.985576942348633,-1.6709713656507394,-1.6709713656507394,0.0964833329964201,3529134.0,-1.8609376418436838,0.06275340748861445,-0.14284423403399663,-0.0806975701016378,GCST90200126,cancerType_celltype,ESCA_Epi_ESCA,tissue,Tumor,Adjacent,group2_higher,0.146281182284895,0.09752895599427765
43134,178,-0.08882742104147244,-0.19893160416859756,-0.11301076784729955,-0.1763573810458183,0.6433371665670562,0.6276373119004668,0.11010418312712512,0.06334661319851875,,0.06812437406144628,-1.163186494716537,2.335423331988064,2.335423331988064,0.020632586614862457,4148240.0,1.858066269462211,0.063160030580156,0.17116224207736924,0.08057305610996401,GCST90200619,cancerType_celltype,ESCA_Epi_ESCA,tissue,Tumor,Adjacent,group1_higher,0.03826151776334358,0.09804911353160892
43134,178,0.12944874829550704,0.015244861923451172,0.11145364120602605,0.03373464010655875,0.7357578331349538,0.8000363727843951,0.11420388637205586,0.0777190010994673,,0.059327107294666975,3.0859025396356503,1.9011858967336615,1.9011858967336615,0.058891186883008935,4147985.0,1.8565344703884126,0.06337784214813016,0.155161587918212,0.08050663128176994,GCST90199828,cancerType_celltype,ESCA_Epi_ESCA,tissue,Tumor,Adjacent,group1_higher,0.09533098304221044,0.09827531154482527
43134,178,0.10252735186837889,0.24604729513619408,0.060226479545235606,0.1714953631162643,0.9762936965570034,1.0237294203423517,-0.1435199432678152,-0.11126888357102868,,-0.05356981264715807,1.2629186109128798,-1.8669110215809417,-1.8669110215809417,0.06355540051648939,3530468.0,-1.8529242302184015,0.06389365016713018,-0.146974995142133,-0.08035007707884967,GCST90200192,cancerType_celltype,ESCA_Epi_ESCA,tissue,Tumor,Adjacent,group2_higher,0.10167372171828057,0.09896255133840731
43134,178,0.14042630693358032,0.044177517123530845,0.13306944072246546,0.0125702606746926,0.6533179972878543,0.7071464546291882,0.09624878981004947,0.12049918004777285,,0.05651722189626282,1.6684066038834295,1.8127269386776197,1.8127269386776197,0.07155643789744848,4147039.0,1.8508517961773803,0.0641913093345358,0.1472714109487773,0.08026020819364588,GCST90200424,cancerType_celltype,ESCA_Epi_ESCA,tissue,Tumor,Adjacent,group1_higher,0.11214898847055245,0.09931073169463371
43134,178,0.20496812569106537,0.27500509189211586,0.20010308921337125,0.28703702986240387,0.5877309463758937,0.6489751000685205,-0.07003696620105049,-0.08693394064903262,,-0.04544856928695248,0.42405696306468293,-1.437393203766942,-1.437393203766942,0.15235989359681246,3531501.0,-1.8467189422057204,0.0647883204499167,-0.11911165722294563,-0.08008099140228286,GCST90200244,cancerType_celltype,ESCA_Epi_ESCA,tissue,Tumor,Adjacent,group2_higher,0.2183939445292474,0.10007189651577739
43134,178,0.024267206420881562,-0.12759032234545598,-0.04584101960062975,-0.15785484015941614,1.1012391307153564,1.121179440830852,0.15185752876633754,0.11201382055878639,,0.059458425715748726,-2.394390819896026,1.803467892936515,1.803467892936515,0.07300194654488981,4146303.0,1.8464306035565348,0.06483014279048528,0.13788666467594377,0.08006848790521093,GCST90199626,cancerType_celltype,ESCA_Epi_ESCA,tissue,Tumor,Adjacent,group1_higher,0.11410740039069359,0.10007189651577739
43134,178,0.2571932799951115,0.061443076992219084,0.2231320664286613,0.15808582305908198,1.185110998616744,1.161786699726301,0.19575020300289242,0.06504624336957932,,0.06501823964360853,2.0655127061256273,2.2431348382454477,2.2431348382454477,0.026117776224118427,4145636.0,1.8424238977438936,0.06541360783409236,0.16518772920561425,0.07989474139381691,GCST90200022,cancerType_celltype,ESCA_Epi_ESCA,tissue,Tumor,Adjacent,group1_higher,0.04677861891389411,0.10085831162654739
43134,178,-1.0905659649716073,-0.8273361733790194,-1.175588607788086,-1.0205572843551636,1.7000041578080767,1.658051575309027,-0.26322979159258786,-0.15503132343292236,,-0.06252769176722722,-0.39853104871494577,-2.1135232344023858,-2.1135232344023858,0.03594522774678733,3532730.0,-1.8393362713755315,0.06586618274198121,-0.15485610111461093,-0.07976084977933928,GCST90200885,cancerType_celltype,ESCA_Epi_ESCA,tissue,Tumor,Adjacent,group2_higher,0.062174296216841535,0.10136491094833114
43134,178,0.1466811768742915,0.2762482932695512,0.1115698888897895,0.25904789566993713,0.9090965143369243,0.9053453609310578,-0.1295671163952597,-0.14747800678014764,,-0.0575803997586363,0.9132771916470946,-1.905411804207159,-1.905411804207159,0.058334224632220134,3532758.0,-1.8391680738301732,0.06589091056509273,-0.14252534776560616,-0.07975355607271406,GCST90199992,cancerType_celltype,ESCA_Epi_ESCA,tissue,Tumor,Adjacent,group2_higher,0.0949160987854301,0.10136491094833114
43134,178,-0.04491728087355422,-0.27411059418881545,-0.1154075860977172,-0.21691502630710602,1.3905000892789874,1.289879145900899,0.22919331331526122,0.10150744020938882,,0.06701166347602185,-2.6093887329703924,2.3649614032265758,2.3649614032265758,0.019104193468310625,4144918.5,1.8381138356440885,0.06604607535087824,0.16487497632371453,0.0797078401615452,GCST90199705,cancerType_celltype,ESCA_Epi_ESCA,tissue,Tumor,Adjacent,group1_higher,0.0357188143995986,0.10148906505439349
43134,178,-0.413635215728701,-0.29757341589475195,-0.4908198863267898,-0.3303625136613846,1.2779346510787915,1.161222809546034,-0.11606179983394904,-0.16045737266540522,,-0.03877904911052248,-0.4751120103145823,-1.3301516881336672,-1.3301516881336672,0.1851627183522588,3533445.0,-1.8350412269137046,0.06650002614622381,-0.09085219101072073,-0.07957459977087344,GCST90200012,cancerType_celltype,ESCA_Epi_ESCA,tissue,Tumor,Adjacent,group2_higher,0.25726481663010065,0.10207154914110704
43134,178,0.14067514007145854,0.20272046000213725,0.13162307441234583,0.22227560728788376,0.5468366143441336,0.5781780521313341,-0.062045319930678716,-0.09065253287553793,,-0.04201353504725704,0.5271211645621593,-1.4290825763007926,-1.4290825763007926,0.15473003967060706,3535121.0,-1.8249734024129751,0.06800549642055281,-0.11343493509001693,-0.07913801933144848,GCST90200405,cancerType_celltype,ESCA_Epi_ESCA,tissue,Tumor,Adjacent,group2_higher,0.22106608393190505,0.10426489496199493
43134,178,0.13967985752618226,0.24650287021767725,0.1133285872638225,0.26749134063720703,0.8939914592040329,0.9429459147715769,-0.106823012691495,-0.15416275337338453,,-0.041217758413138725,0.8194759766445215,-1.5086345971888924,-1.5086345971888924,0.13316196123953464,3536835.0,-1.8146773098149735,0.06957397583588877,-0.11946250650993602,-0.07869154029017489,GCST90200246,cancerType_celltype,ESCA_Epi_ESCA,tissue,Tumor,Adjacent,group2_higher,0.19349653856021928,0.10654980793743415
43134,178,0.15735624613812463,0.032196780671941094,0.1281401291489601,0.0346809877082705,0.7974501457344961,0.8465909925938835,0.12515946546618353,0.09345914144068962,,0.058331639207901506,2.289010459956478,1.968821861067233,1.968821861067233,0.050523316740282105,4139577.0,1.8060271503394065,0.07091456788451034,0.15690885190397874,0.07831643537801969,GCST90200625,cancerType_celltype,ESCA_Epi_ESCA,tissue,Tumor,Adjacent,group1_higher,0.08336958924576818,0.10837227167861122
43134,178,-0.013610969996415818,0.08111635300842915,-0.052495572715997654,0.18044529855251312,1.0250096375162643,0.8908467468497315,-0.09472732300484496,-0.23294087126851076,,-0.03980593704786497,2.5751346991942325,-1.4148134138661599,-1.4148134138661599,0.15886102377062594,3538284.0,-1.8059730868426842,0.07092301271997153,-0.09246226621578796,-0.07831409097231878,GCST90199767,cancerType_celltype,ESCA_Epi_ESCA,tissue,Tumor,Adjacent,group2_higher,0.22602043361102628,0.10837227167861122
43134,178,0.1445220843427681,0.038826201290279375,0.13542880862951273,0.01203009299933905,0.693643330776454,0.696913187645756,0.10569588305248871,0.12339871563017368,,0.05848630551179628,1.8961603245471093,2.0193123084442632,2.0193123084442632,0.04495109721741923,4138842.0,1.8016119647737525,0.07160695037896579,0.15237491279888254,0.07812497557910736,GCST90200260,cancerType_celltype,ESCA_Epi_ESCA,tissue,Tumor,Adjacent,group1_higher,0.07521004504890193,0.1092948189994741
43134,178,0.11585923002721568,0.27846960571667784,0.06745652481913565,0.2152083441615104,1.0252715774548296,1.0812934783265227,-0.16261037568946216,-0.14775181934237475,,-0.06330226698314512,1.2651396158458097,-2.0026751720646887,-2.0026751720646887,0.04672723689595395,3540378.0,-1.7933943132719636,0.07291037616594213,-0.15856587450024753,-0.07776862591255995,GCST90200194,cancerType_celltype,ESCA_Epi_ESCA,tissue,Tumor,Adjacent,group2_higher,0.07757518135101733,0.11115977932234802
43134,178,0.07613283095215059,0.25129060773178935,0.031428743153810446,0.11979243904352185,0.9657161177154276,1.0217001550022742,-0.17515777677963876,-0.08836369588971141,,-0.07177245225856285,1.722752911393379,-2.2830575274816547,-2.2830575274816547,0.023607117470516473,3541036.0,-1.7894416709560448,0.07354419669026074,-0.18133185117302664,-0.07759722380686684,GCST90199860,cancerType_celltype,ESCA_Epi_ESCA,tissue,Tumor,Adjacent,group2_higher,0.042959280523783644,0.1120008269148887
43134,178,-0.33987720081701145,-0.47884820328026045,-0.38185842335224146,-0.4373247623443603,0.8773223188196697,0.8805403257460009,0.138971002463249,0.055466338992118835,,0.057106426219042924,-0.4945535684527541,2.1013442223213636,2.1013442223213636,0.0370149761523652,4135469.0,1.7813501676132746,0.07485575400955656,0.15840120840345842,0.07724634442028844,GCST90199792,cancerType_celltype,ESCA_Epi_ESCA,tissue,Tumor,Adjacent,group1_higher,0.06362094892266554,0.11387097401230535
43134,178,-0.0748198068705879,-0.21657085352252875,-0.11325442045927045,-0.2606882154941559,1.0327716098740398,0.9935067276818788,0.14175104665194085,0.14743379503488543,,0.05135133259100226,-1.533334327989948,1.8993250224664813,1.8993250224664813,0.05913377460816913,4133248.0,1.7680084980332504,0.07705998510995324,0.13727396873381892,0.07666779719119354,GCST90200118,cancerType_celltype,ESCA_Epi_ESCA,tissue,Tumor,Adjacent,group1_higher,0.0954453053735477,0.1170933775973983
43134,178,0.4946681949346843,0.6154438023399196,0.47963452339172363,0.558356910943985,0.851308017846424,0.9375875331494838,-0.1207756074052353,-0.07872238755226135,,-0.049953124520676635,0.31516541110901086,-1.7156942650426736,-1.7156942650426736,0.08795597026417919,3545390.0,-1.7632869526528367,0.07785261105039007,-0.14180893328623095,-0.0764630524266422,GCST90200760,cancerType_celltype,ESCA_Epi_ESCA,tissue,Tumor,Adjacent,group2_higher,0.13485262932517011,0.11816604550298626
43134,178,0.18261365541187158,0.26413474874466325,0.1976094916462898,0.2355430945754051,0.44751968371359624,0.5110632282483073,-0.08152109333279167,-0.037933602929115295,,-0.06667649224676955,0.5324770215383394,-2.1248062365954588,-2.1248062365954588,0.03498184543902927,3545831.5,-1.7606348377858487,0.07830073690639298,-0.182048922527074,-0.07634804630253356,GCST90200952,cancerType_celltype,ESCA_Epi_ESCA,tissue,Tumor,Adjacent,group2_higher,0.060661902459792486,0.11871402047098291
43134,178,-0.11841048853987274,-0.02547204894997347,-0.14803644269704816,-0.0010644199792295504,0.7732990920720171,0.7469000912792306,-0.09293843958989927,-0.14697202271781862,,-0.043381771089171337,-2.216765505362323,-1.6564732361415777,-1.6564732361415777,0.09938209778595866,3546560.0,-1.7562586980789385,0.07904475871710687,-0.12020082303341986,-0.07615827968551625,GCST90200998,cancerType_celltype,ESCA_Epi_ESCA,tissue,Tumor,Adjacent,group2_higher,0.14967712627874216,0.11970889570157406
43134,178,-0.22379695137950942,-0.321748499107139,-0.25780080258846283,-0.2961407303810119,0.6850481536225408,0.7467458450979968,0.09795154772762957,0.03833992779254908,,0.058637985983602536,-0.5237410723787213,1.7470110698722705,1.7470110698722705,0.08235791555164847,4130674.0,1.7525463379706743,0.07968042525449669,0.14292994173659168,0.07599729716071635,GCST90200523,cancerType_celltype,ESCA_Epi_ESCA,tissue,Tumor,Adjacent,group1_higher,0.12785175272995086,0.12053764663915537
43134,178,0.141635341977328,0.0784970833538159,0.1295215785503387,0.040985273197293254,0.5755356229385573,0.5861537245829538,0.06313825862351209,0.08853630535304544,,0.04431546743148189,0.851462155007519,1.4342632185107758,1.4342632185107758,0.15324758549015222,4129658.0,1.7464431698962462,0.0807344955543226,0.1096951296228558,0.07573263980602918,GCST90200901,cancerType_celltype,ESCA_Epi_ESCA,tissue,Tumor,Adjacent,group1_higher,0.21940804519230828,0.12199680425780678
43134,178,0.0848294413306634,-0.005929583380145304,0.0656907558441162,-0.1406328752636909,0.7885749734753097,0.7105147510554555,0.09075902471080871,0.2063236311078071,,0.04498987438309592,3.838336135554499,1.6999091384607878,1.6999091384607878,0.09088684543063928,4129196.5,1.7436709139254307,0.08121701402514689,0.11513673040222301,0.07561242389147371,GCST90200081,cancerType_celltype,ESCA_Epi_ESCA,tissue,Tumor,Adjacent,group1_higher,0.13903341225809354,0.12259002227715969
43134,178,-0.6460081607240812,-0.8173961165907866,-0.715028315782547,-0.9970729053020477,1.476313209203753,1.3719079564472445,0.1713879558667054,0.28204458951950073,,0.045215511537253415,-0.33948253100705095,1.6627621162040225,1.6627621162040225,0.0981130513753155,4127712.0,1.7347534404938478,0.08278501844445213,0.11612424646914044,0.07522572719557497,GCST90200103,cancerType_celltype,ESCA_Epi_ESCA,tissue,Tumor,Adjacent,group1_higher,0.14809312184336101,0.12481856210153568
43134,178,-0.01848721812649928,0.14489504749483817,-0.0347323063760995,0.10862737521529195,1.2118711237423616,1.1153153062533128,-0.16338226562133745,-0.14335968159139145,,-0.04873156945498166,2.9703401500472646,-1.9496733474661516,-1.9496733474661516,0.052779763730078935,3554276.0,-1.7099082602223576,0.08728339423499035,-0.13486035526074483,-0.07414834253121838,GCST90200011,cancerType_celltype,ESCA_Epi_ESCA,tissue,Tumor,Adjacent,group2_higher,0.08677782625343497,0.1314555429196595
43134,178,-0.20255683898510468,-0.313969861468159,-0.2405149787664413,-0.3287878036499023,0.8103099514678198,0.8878867435323056,0.11141302248305429,0.088272824883461,,0.06080291221455193,-0.6322967554952159,1.6712572970029578,1.6712572970029578,0.09642586922223205,4122881.0,1.7057333568643582,0.08805829556170278,0.1374379917258583,0.07396730231319903,GCST90200817,cancerType_celltype,ESCA_Epi_ESCA,tissue,Tumor,Adjacent,group1_higher,0.146281182284895,0.13247622168940495
43134,178,-0.16652022945494344,-0.03293275949283597,-0.21139674633741373,-0.061937220394611296,1.0260259919100374,1.0231042610415915,-0.13358746996210746,-0.14945952594280243,,-0.05160975149569614,-2.3380670006467734,-1.7384270700654831,-1.7384270700654831,0.08386017873263925,3555394.0,-1.7031923725184104,0.08853263551881614,-0.13020042716172983,-0.07385711524525351,GCST90199648,cancerType_celltype,ESCA_Epi_ESCA,tissue,Tumor,Adjacent,group2_higher,0.12974054893596743,0.13304297928571818
43134,178,-0.01760327527270755,0.06530050649059141,-0.0274907434359192,0.0315656559541821,0.4453738634545581,0.550164023741828,-0.08290378176329896,-0.0590563993901013,,-0.06606782676471755,1.8911904387894103,-2.0077318224477168,-2.0077318224477168,0.04618459617340073,3555931.0,-1.6999665838806468,0.08913777619739115,-0.1859445196826277,-0.07371723237176231,GCST90200471,cancerType_celltype,ESCA_Epi_ESCA,tissue,Tumor,Adjacent,group2_higher,0.07695550682682786,0.13377967220222742
43134,178,-0.47161243681235443,-0.3418726811468015,-0.5531194806098938,-0.38255748152732844,1.1763605352095459,1.1664947794511507,-0.1297397556655529,-0.17056199908256536,,-0.048464834867050166,-0.46414146055247896,-1.4807811130805701,-1.4807811130805701,0.14042797520320505,3556003.0,-1.6995340759068684,0.08921916510038498,-0.11029287379745693,-0.07369847712615452,GCST90200654,cancerType_celltype,ESCA_Epi_ESCA,tissue,Tumor,Adjacent,group2_higher,0.20290151646229496,0.13377967220222742
43134,178,-0.25162612312410493,-0.29529353709148476,-0.2595974951982498,-0.311163067817688,0.44074267811305073,0.4871304570702873,0.04366741396737983,0.05156557261943817,,0.0390655352523491,-0.2308672270044658,1.1939602522458792,1.1939602522458792,0.2340804809531633,4121134.0,1.6952390314450416,0.09003065490350025,0.0990320617546225,0.07351222711768868,GCST90200040,cancerType_celltype,ESCA_Epi_ESCA,tissue,Tumor,Adjacent,group1_higher,0.31402725938893855,0.13484811278403389
43134,178,0.005367908563732256,0.1310377757443021,-0.0256324131041765,0.0794661976397037,1.1112897558913184,1.1278434310295475,-0.12566986718056983,-0.10509861074388019,,-0.04645761868290678,4.609221138263152,-1.483624841095605,-1.483624841095605,0.1396728216676346,3557841.5,-1.6884901049375418,0.09131776292936011,-0.11307776379426134,-0.07321956713935096,GCST90199722,cancerType_celltype,ESCA_Epi_ESCA,tissue,Tumor,Adjacent,group2_higher,0.20222384265107368,0.13662580776368588
43134,178,0.64586155877726,0.5492874893292476,0.6365145742893219,0.5467381477355957,0.7846725331430296,0.7972471349199333,0.09657406944801239,0.0897764265537262,,0.04872908677486646,0.23366312871451692,1.612914123767301,1.612914123767301,0.10853053090520823,4119869.0,1.6876401066279636,0.09148091231099714,0.12306750963549049,0.07318270787194137,GCST90200844,cancerType_celltype,ESCA_Epi_ESCA,tissue,Tumor,Adjacent,group1_higher,0.1614924821220511,0.1367198283770714
43134,178,-0.05214863689184116,0.031722612496206455,-0.048435214906930896,-0.00445525813847775,0.3974107233856721,0.48568422715037995,-0.08387124938804762,-0.04397995676845315,,-0.07820044382525294,-0.7171001416420997,-2.3007528913128366,-2.3007528913128366,0.02256514846683319,3558551.0,-1.6842280992792675,0.09213817499860891,-0.21083171818181695,-0.07303474982325786,GCST90199797,cancerType_celltype,ESCA_Epi_ESCA,tissue,Tumor,Adjacent,group2_higher,0.04128362061784381,0.1375512952060284
43134,178,0.14069609348280215,0.24657400314476383,0.12388039007782935,0.18523423373699185,0.669598473085521,0.7413847971348878,-0.10587790966196167,-0.06135384365916251,,-0.06418432343749128,0.8094340263824024,-1.9021376715261313,-1.9021376715261313,0.05876624585330239,3560622.0,-1.6717874879779484,0.09456682741990984,-0.15804854968183682,-0.0724952760225126,GCST90199926,cancerType_celltype,ESCA_Epi_ESCA,tissue,Tumor,Adjacent,group2_higher,0.09533098304221044,0.14102252272793994
43134,178,0.06713560477718558,0.1696705748876452,0.05139098875224585,0.20980548858642573,0.674451342894632,0.7944518533263857,-0.10253497011045962,-0.15841449983417988,,-0.05599667828644176,1.337573405914834,-1.7193708229647235,-1.7193708229647235,0.08728465357258434,3560855.0,-1.6703878441183602,0.09484324699646648,-0.15190699458815396,-0.0724345819638097,GCST90199961,cancerType_celltype,ESCA_Epi_ESCA,tissue,Tumor,Adjacent,group2_higher,0.13412512155516626,0.14128015918708614
43134,178,0.13746010939483833,0.27766113142284116,0.1037428565323352,0.16895966976881022,1.1009402166195033,1.043822511278119,-0.14020102202800283,-0.06521681323647502,,-0.05256499025484559,1.0143069225953252,-1.7878865430165884,-1.7878865430165884,0.07548947171059717,3561362.0,-1.6673422671363376,0.0954469634923404,-0.12737293472706104,-0.0723025137759884,GCST90200560,cancerType_celltype,ESCA_Epi_ESCA,tissue,Tumor,Adjacent,group2_higher,0.11759102850462164,0.1420242480786681
43134,178,-0.0691587906757128,0.05877961984866958,-0.0874540768563747,-0.0362035576254129,0.8518266231283044,0.9344644267764673,-0.12793841052438237,-0.0512505192309618,,-0.05725579083921559,-0.23459292995487954,-1.8234960967219462,-1.8234960967219462,0.06990358831392512,3562703.0,-1.6592868061247157,0.0970586175936945,-0.15013062018794698,-0.07195319732654393,GCST90200974,cancerType_celltype,ESCA_Epi_ESCA,tissue,Tumor,Adjacent,group2_higher,0.10991995367255131,0.1442648808944445
43134,178,0.023078367912934824,-0.09876464945107197,0.00214492261875415,-0.10663690790534014,1.0662652844782257,1.0263142771475924,0.1218430173640068,0.10878183052409429,,0.038897101908501264,-2.097405649154959,1.5803933947288678,1.5803933947288678,0.11578637117072366,4113499.0,1.6493751650589616,0.09907141430187448,0.11428800225654273,0.07152338961469962,GCST90200600,cancerType_celltype,ESCA_Epi_ESCA,tissue,Tumor,Adjacent,group1_higher,0.1706127826007528,0.14709622842424283
43134,178,0.15009269269143952,0.08106973061986854,0.1507884636521339,0.12515816092491144,0.5254881643111216,0.5803649387385584,0.06902296207157098,0.025630302727222443,,0.04544327338282704,0.8886103026199501,1.58405048970401,1.58405048970401,0.11495529664044571,4112342.0,1.642425002202551,0.10050257898965995,0.13129122860382791,0.07122200323736383,GCST90200638,cancerType_celltype,ESCA_Epi_ESCA,tissue,Tumor,Adjacent,group1_higher,0.16957150359407738,0.1490587760205729
43134,178,0.18854886013224834,0.13082235472033513,0.18415369093418116,0.12367417290806765,0.5147978092926871,0.533292620379643,0.05772650541191321,0.06047951802611351,,0.045956206139277075,0.5273259650416662,1.4414058358353135,1.4414058358353135,0.15122341872370232,4111360.5,1.6365290775322252,0.1017295332809295,0.11211757003121856,0.0709663327711969,GCST90200441,cancerType_celltype,ESCA_Epi_ESCA,tissue,Tumor,Adjacent,group1_higher,0.21735959348190023,0.1507145150672901
43134,178,-0.2889304429926122,-0.41653191561488895,-0.32190175354480743,-0.5443344116210938,1.1739597941600204,1.104408420321618,0.12760147262227672,0.22243265807628632,,0.04064475505170091,-0.5277032920829756,1.5378919244384652,1.5378919244384652,0.12584425690341966,4111207.5,1.6356099980879462,0.10192186554503921,0.10871876872411189,0.07092647787428041,GCST90200430,cancerType_celltype,ESCA_Epi_ESCA,tissue,Tumor,Adjacent,group1_higher,0.18404047441991525,0.15083550785872796
43134,178,-0.031556680724709185,0.08116147002948218,-0.057718789204955046,0.060830136761069256,0.7900432914752621,0.8824107184239631,-0.11271815075419137,-0.1185489259660243,,-0.05570802354692742,1.3628215905585388,-1.70143731093098,-1.70143731093098,0.09060526488803333,3567198.0,-1.632285093039525,0.1026200745062366,-0.14260128429407515,-0.07078229692367088,GCST90200272,cancerType_celltype,ESCA_Epi_ESCA,tissue,Tumor,Adjacent,group2_higher,0.13875840004762857,0.15170407977440398
43134,178,0.2824386207063204,0.22409489180034634,0.2989065200090408,0.20511054247617716,0.4957608837074563,0.5088391410752553,0.058343728905974085,0.09379597753286362,,0.04496620912268858,0.3338262833253621,1.526773838947219,1.526773838947219,0.12858833109065962,4110514.0,1.6314441053127338,0.10279727815479721,0.11767236748591414,0.07074582839054466,GCST90200481,cancerType_celltype,ESCA_Epi_ESCA,tissue,Tumor,Adjacent,group1_higher,0.1876508514738427,0.15180139775188364
43134,178,0.2801016188910483,0.36944668715966217,0.2770839184522629,0.41897399723529816,0.6531752463863295,0.731982899898671,-0.08934506826861388,-0.14189007878303528,,-0.050310290040332675,0.3994146246117591,-1.6258006415043391,-1.6258006415043391,0.10575959556081345,3567925.0,-1.627917963915402,0.10354291876347131,-0.13671429340009209,-0.07059292104093695,GCST90200092,cancerType_celltype,ESCA_Epi_ESCA,tissue,Tumor,Adjacent,group2_higher,0.15805957099713677,0.1527370111197093
43134,178,-0.1800234587646457,-0.2988678023553966,-0.21983364224433896,-0.35344986617565155,0.9261639106419991,0.9465513692181936,0.11884434359075091,0.1336162239313126,,0.052611005559502974,-0.7313193785071449,1.6718145833176221,1.6718145833176221,0.09631391499741646,4109047.0,1.6226317553469998,0.104668790404332,0.12830724078099828,0.07036369026128653,GCST90200934,cancerType_celltype,ESCA_Epi_ESCA,tissue,Tumor,Adjacent,group1_higher,0.146281182284895,0.15423087710389677
43134,178,0.18711177864952575,0.11678163446172067,0.18094543367624275,0.14578662067651746,0.5064283346195104,0.5419084959918,0.07033014418780507,0.035158812999725286,,0.05677106813574761,0.6800823272211476,1.7284003995915653,1.7284003995915653,0.08564785372414618,4108683.0,1.6204451872573424,0.10513732448671978,0.1388336834161136,0.07026887207515853,GCST90200525,cancerType_celltype,ESCA_Epi_ESCA,tissue,Tumor,Adjacent,group1_higher,0.13205658894345165,0.15475396682008538
43134,178,0.21416881561345225,0.09513117897316416,0.20892300456762308,0.045944094657897894,1.0257033844248653,0.9450192515540523,0.11903763664028809,0.1629789099097252,,0.041864142400097365,1.1707498376021706,1.676488413722455,1.676488413722455,0.09539085560178989,4107586.0,1.6138554477124138,0.10655943589885612,0.11609049785820597,0.06998311506916255,GCST90200627,cancerType_celltype,ESCA_Epi_ESCA,tissue,Tumor,Adjacent,group1_higher,0.14527121361479287,0.15667800553413258
43134,178,-0.11234333082115575,-0.2372468409196832,-0.1664523035287857,-0.3106307238340378,1.0961866770324002,1.0927113551004934,0.12490351009852746,0.14417842030525208,,0.047550362697200504,-1.0784676337043748,1.5218759380067364,1.5218759380067364,0.12980995782264562,4106578.0,1.6078003360795168,0.10787957285576852,0.11394512314675755,0.06972054163065389,GCST90200835,cancerType_celltype,ESCA_Epi_ESCA,tissue,Tumor,Adjacent,group1_higher,0.18902881678660896,0.15844812263191
43134,178,0.3041956108299514,0.38013317212730574,0.29291015863418574,0.38125891983509064,0.5861905637285298,0.6309855970553969,-0.07593756129735435,-0.0883487612009049,,-0.04570150699595771,0.32150464243258275,-1.602784722439521,-1.602784722439521,0.11075260329591975,3572299.0,-1.6016431045083666,0.10923521779600949,-0.12950217267152273,-0.06945353987026581,GCST90200387,cancerType_celltype,ESCA_Epi_ESCA,tissue,Tumor,Adjacent,group2_higher,0.1643903439740437,0.16026652514096978
43134,178,0.01973020774606129,-0.025121868410137263,-0.00157828326337035,-0.08793859556317325,0.5170688545872955,0.5004891430874907,0.04485207615619855,0.0863603122998029,,0.03139659764183349,-0.34852192767863005,1.1930085107788013,1.1930085107788013,0.2344488195980731,4104743.0,1.5967773898033601,0.11031600740353234,0.0867541337954317,0.06924254335717861,GCST90200864,cancerType_celltype,ESCA_Epi_ESCA,tissue,Tumor,Adjacent,group1_higher,0.3142121348202297,0.1616781914957146
43134,178,0.08909880169191876,0.04214031158919803,0.07163231074810025,-0.00056923939337135,0.5120024611279496,0.57176961155949,0.04695849010272073,0.0722015501414716,,0.03496377004699438,1.0801870040532326,1.0939203276256573,1.0939203276256573,0.27546662325480537,4104129.5,1.593092061443457,0.11114021367638194,0.09166908741995569,0.06908273303522905,GCST90200057,cancerType_celltype,ESCA_Epi_ESCA,tissue,Tumor,Adjacent,group1_higher,0.3617158068365122,0.16271118285811878
43134,178,-0.3671424609781533,-0.17378291622160025,-0.391100063920021,-0.26682743430137634,1.3083400771196056,1.3528689301125896,-0.19335954475655304,-0.12427262961864466,,-0.05570883832714619,-1.0790493387637519,-1.9031956144849798,-1.9031956144849798,0.05862560007635192,3573934.0,-1.5918215692704831,0.11142547732096154,-0.14776907109923892,-0.06902763950125634,GCST90199701,cancerType_celltype,ESCA_Epi_ESCA,tissue,Tumor,Adjacent,group2_higher,0.09524039678673143,0.16295378282024742
43134,178,-0.04138626732331468,-0.095992858615819,-0.06812960654497144,-0.13722027838230128,0.6404931475482795,0.6818948113039428,0.054606591292504315,0.06909067183732984,,0.03540769520604002,-1.2137551148078465,1.066469729589088,1.066469729589088,0.28765336465981584,4102480.0,1.5831834239052986,0.11338034783179049,0.08523386357478686,0.06865305556814594,GCST90200919,cancerType_celltype,ESCA_Epi_ESCA,tissue,Tumor,Adjacent,group1_higher,0.3759075129734698,0.16563495615726737
43134,178,0.1900978394935555,0.25940513430992884,0.16517037898302073,0.26269225776195526,0.5612296430168293,0.6867928953065174,-0.06930729481637335,-0.09752187877893453,,-0.04401293760472273,0.4484628714261169,-1.344514803735649,-1.344514803735649,0.18049305415562797,3577618.5,-1.5696885744178948,0.11648827971191379,-0.12336651088187563,-0.0680678658562317,GCST90200555,cancerType_celltype,ESCA_Epi_ESCA,tissue,Tumor,Adjacent,group2_higher,0.2513747894174067,0.16999306771663653
43134,178,-0.03391667383408807,0.09094102218439096,-0.0884729921817779,-0.00721214523946395,0.8489761553492087,0.9571339666134394,-0.12485769601847903,-0.08126084694231395,,-0.056375304637134575,1.4229098548062236,-1.737595620725067,-1.737595620725067,0.08401020660733118,3577839.0,-1.5683640187481984,0.11679690381636247,-0.14698717310035672,-0.06801042791655787,GCST90200846,cancerType_celltype,ESCA_Epi_ESCA,tissue,Tumor,Adjacent,group2_higher,0.12982529660520678,0.1702611549750824
43134,178,-0.255323579728069,-0.17557619367935434,-0.2943410277366638,-0.2186188623309135,0.7813621636120036,0.7172533538198848,-0.07974738604871467,-0.07572216540575033,,-0.034755397814842756,-0.5402269701333894,-1.479765926406791,-1.479765926406791,0.1406961099871078,3578681.0,-1.5633060782770682,0.11798132544362458,-0.10209483577169953,-0.06779109573875608,GCST90200836,cancerType_celltype,ESCA_Epi_ESCA,tissue,Tumor,Adjacent,group2_higher,0.20292994488087612,0.1715423666409817
43134,178,0.04512641952383261,-0.05906822291017102,0.02426427882164715,-0.03149795904755585,0.6995348333630804,0.7296929014663724,0.10419464243400363,0.055762237869202994,,0.06287009891490042,-0.3884023478777897,1.901486604874829,1.901486604874829,0.05885058891217639,4099169.0,1.5632940641666855,0.11798414997265183,0.14892166742368473,0.0677905747597114,GCST90200290,cancerType_celltype,ESCA_Epi_ESCA,tissue,Tumor,Adjacent,group1_higher,0.09533098304221044,0.1715423666409817
43134,178,-0.4673905930481359,-0.3551647292902651,-0.502102255821228,-0.33424496650695795,1.1512312590021758,1.1030768490648457,-0.1122258637578708,-0.16785728931427008,,-0.03557161619646283,-0.39613940502473677,-1.3543263669162868,-1.3543263669162868,0.17734330629667772,3578732.0,-1.5629997184623086,0.11805336750494559,-0.09749965605248623,-0.06777781077311729,GCST90200785,cancerType_celltype,ESCA_Epi_ESCA,tissue,Tumor,Adjacent,group2_higher,0.24791684767422742,0.1715423666409817
43134,178,0.2907324636621972,0.3428538886129103,0.26515093445777893,0.3444063067436218,0.6409589440039887,0.7648759550899427,-0.05212142495071309,-0.0792553722858429,,-0.03233351203416601,0.23790095666280706,-0.9078349931274762,-0.9078349931274762,0.36519264849025934,3579143.0,-1.560530818778657,0.11863520208736411,-0.08124751473873859,-0.06767074957943964,GCST90200803,cancerType_celltype,ESCA_Epi_ESCA,tissue,Tumor,Adjacent,group2_higher,0.45540492213378175,0.17220423902564141
43134,178,0.2089883683944376,0.26588220203169777,0.2101208940148353,0.25739388912916183,0.42515697504277244,0.5639767352864954,-0.056893833637260166,-0.04727299511432653,,-0.04542045270326635,0.3473630813988147,-1.3443283486146191,-1.3443283486146191,0.18055459929540804,3579941.5,-1.5557341852083513,0.11977202855650503,-0.13361117985421733,-0.06746274869585922,GCST90200068,cancerType_celltype,ESCA_Epi_ESCA,tissue,Tumor,Adjacent,group2_higher,0.2513747894174067,0.17366944140693227
43134,178,-0.12562768782485834,-0.246924653188901,-0.1628811731934547,-0.28896248340606684,1.1320406258219713,1.2174834596050024,0.12129696536404266,0.12608131021261215,,0.039490903308536954,-0.9749107791728523,1.3268551431057196,1.3268551431057196,0.18625368890410987,4097652.0,1.554181361441383,0.12014187834999136,0.10711466884594113,0.06739541215433698,GCST90199832,cancerType_celltype,ESCA_Epi_ESCA,tissue,Tumor,Adjacent,group1_higher,0.25825409763611573,0.1740205953145996
43134,178,-0.16380365066380256,-0.25238615754217414,-0.1866004094481468,-0.29586069285869593,0.8288356197097966,0.8373583328003968,0.08858250687837158,0.10926028341054914,,0.040903788751219916,-0.6236621842800674,1.408544082831957,1.408544082831957,0.16071010841474512,4096874.0,1.5495078725025002,0.12126040197203462,0.10687133045805393,0.06719275130596425,GCST90199675,cancerType_celltype,ESCA_Epi_ESCA,tissue,Tumor,Adjacent,group1_higher,0.22793743784526285,0.1754121661213516
43134,178,0.21204291140371775,0.16497114367960963,0.22402173280715942,0.1606899499893188,0.41525431951477726,0.48935798520858315,0.04707176772410812,0.06333178281784063,,0.04055266514169368,0.3621406189953724,1.2814437117872925,1.2814437117872925,0.20170416096904678,4096805.0,1.549093385694296,0.12135999460926968,0.11326653832197409,0.06717477752892353,GCST90200041,cancerType_celltype,ESCA_Epi_ESCA,tissue,Tumor,Adjacent,group1_higher,0.2759907310699229,0.1754121661213516
43134,178,-0.36166860065379186,-0.5118778039795462,-0.4089819937944412,-0.5738346874713898,1.172283222256099,1.1986766690359938,0.15020920332575433,0.16485269367694855,,0.0543207412481294,-0.5011299275294544,1.6685879769085494,1.6685879769085494,0.09695314479077775,4096589.0,1.547795861772961,0.1216721765219411,0.12812196374886478,0.06711851179210027,GCST90200298,cancerType_celltype,ESCA_Epi_ESCA,tissue,Tumor,Adjacent,group1_higher,0.14683015149981118,0.17567709385530264
43134,178,0.2790477569377821,0.36578499744489285,0.26773363351821894,0.379402607679367,0.6300576762456124,0.6954057289919785,-0.08673724050711074,-0.11166897416114807,,-0.0477110320942097,0.3904826290108026,-1.6612805728688744,-1.6612805728688744,0.09841540673732302,3581706.0,-1.5451347363231858,0.12231440277191048,-0.13760421827826744,-0.06700311493370803,GCST90200187,cancerType_celltype,ESCA_Epi_ESCA,tissue,Tumor,Adjacent,group2_higher,0.14838517630859654,0.17641749309853333
43134,178,0.3788130654356384,0.31910507537011223,0.3807085156440735,0.32758013904094696,0.43571242801152177,0.5302603688413156,0.059707990065526184,0.053128376603126526,,0.047217980911234664,0.24745382339131983,1.5001997745530162,1.5001997745530162,0.13533441530480472,4095965.0,1.5440474593335485,0.1225775632948962,0.13690080237632332,0.0669559663301662,GCST90200742,cancerType_celltype,ESCA_Epi_ESCA,tissue,Tumor,Adjacent,group1_higher,0.19644388504840132,0.17661016783397837
43134,178,0.1915950330039246,0.15676696740190257,0.19870067387819285,0.1563242152333259,0.45460533809881193,0.541596965859015,0.034828065602022035,0.04237645864486694,,0.02736580756328494,0.28943688852669563,0.8567077523957184,0.8567077523957184,0.3927581070464513,4095256.0,1.53978845720287,0.12361265881872668,0.07654608983268257,0.06677127925883442,GCST90200517,cancerType_celltype,ESCA_Epi_ESCA,tissue,Tumor,Adjacent,group1_higher,0.4844426167096043,0.17791346776127187
43134,178,0.1335200579519404,0.2687478113861943,0.09092181548476215,0.17555704712867734,1.1839686002524537,1.2634927724518246,-0.1352277534342539,-0.08463523164391519,,-0.04388861999743954,1.009191082980644,-1.4253372951767125,-1.4253372951767125,0.15580808842722207,3583184.0,-1.5362563087503467,0.12447626697489522,-0.11418326713055617,-0.06661811141970442,GCST90200727,cancerType_celltype,ESCA_Epi_ESCA,tissue,Tumor,Adjacent,group2_higher,0.22237321939927088,0.1788486861174368
43134,178,-0.17877215615426953,-0.06338828598054942,-0.21013172715902326,-0.14031358808279035,0.8736964322092077,0.8945090344681105,-0.11538387017372011,-0.06981813907623291,,-0.05108067358399922,-1.4958192009751268,-1.717580765547741,-1.717580765547741,0.08760837185420589,3583217.0,-1.5360580759290317,0.12452487389981476,-0.13205102001211713,-0.06660951526546743,GCST90200718,cancerType_celltype,ESCA_Epi_ESCA,tissue,Tumor,Adjacent,group2_higher,0.13447095815009305,0.1788486861174368
43134,178,-0.16126516577132288,-0.22185358514334336,-0.17069721966981885,-0.27881377935409546,0.6677574292340279,0.6793082340851413,0.060588419372020474,0.10811655968427661,,0.033257746728921164,-0.46017058256070154,1.1875956160702157,1.1875956160702157,0.23657142537724934,4094357.0,1.5343881145858318,0.1249349382903944,0.09072770580724816,0.06653709917825967,GCST90200002,cancerType_celltype,ESCA_Epi_ESCA,tissue,Tumor,Adjacent,group1_higher,0.3167454349599124,0.1792487588313764
43134,178,-0.6717640127277623,-0.8839586541119419,-0.7586557865142822,-0.8677108883857727,1.6163623715277102,1.4674157060804105,0.21219464138417954,0.10905510187149048,,0.0620232674921442,-0.39602386509121745,1.9244504008626355,1.9244504008626355,0.05588604872225287,4093459.0,1.5289937790239851,0.12626673073080022,0.13132631409208376,0.06630317958720755,GCST90200976,cancerType_celltype,ESCA_Epi_ESCA,tissue,Tumor,Adjacent,group1_higher,0.09133415396694324,0.1809690367887284
43134,178,0.1973200450425957,0.12282215670703418,0.1457291096448898,0.10910489782690999,0.6779348916886007,0.7761631780641083,0.07449788833556152,0.03662421181797981,,0.0446132868618168,0.6839622454815694,1.2785519145749773,1.2785519145749773,0.20271833536726777,4093127.0,1.5269994367004516,0.12676189831235443,0.10981972490906368,0.06621669706579403,GCST90200576,cancerType_celltype,ESCA_Epi_ESCA,tissue,Tumor,Adjacent,group1_higher,0.2765816727783643,0.18148788592409568
43134,178,-0.042710853171198125,0.138099827861225,-0.11428793147206301,-0.022928019054234,1.270722658295471,1.2810036801722053,-0.18081068103242312,-0.09135991241782901,,-0.06170019378362183,1.693013568280383,-1.8793329189954524,-1.8793329189954524,0.06182930328983776,3585991.0,-1.519394504828182,0.12866397991162867,-0.1422849253786332,-0.06588691733052421,GCST90199650,cancerType_celltype,ESCA_Epi_ESCA,tissue,Tumor,Adjacent,group2_higher,0.09902860209641465,0.1840178432524133
43134,178,0.31636195095759423,0.22111896611750126,0.3022100329399109,0.227603867650032,0.7541232628722672,0.6825853319281486,0.09524298484009297,0.0746061652898789,,0.04682048157310626,0.5167513569298177,1.856927825865123,1.856927825865123,0.06496650386548801,4090749.0,1.512714659455383,0.13035291753544628,0.12634297594408797,0.06559725298169328,GCST90199865,cancerType_celltype,ESCA_Epi_ESCA,tissue,Tumor,Adjacent,group1_higher,0.1033247896950527,0.18623797337611456
43134,178,0.11334024322919341,0.2221325007993257,0.06372923776507375,0.18225333839654922,0.9056188424624521,0.9365561115793305,-0.10879225757013229,-0.11852410063147548,,-0.0457054745872421,0.9707540551975761,-1.5468134076670605,-1.5468134076670605,0.12368064976680575,3587873.0,-1.508089226958031,0.1315324606714495,-0.12011323932442494,-0.06539667604949928,GCST90200653,cancerType_celltype,ESCA_Epi_ESCA,tissue,Tumor,Adjacent,group2_higher,0.18165595434499596,0.1877264333981002
43134,178,0.23241269216228408,0.123269169898102,0.18457469344139094,0.05151823163032525,1.0487840470946648,0.9793228879517812,0.10914352226418209,0.13305646181106567,,0.045255141434577165,0.9148713398336453,1.4833948462398439,1.4833948462398439,0.139731286210551,4089311.0,1.5040765140901986,0.13256244002151718,0.10409397190942898,0.06522266904858287,GCST90200156,cancerType_celltype,ESCA_Epi_ESCA,tissue,Tumor,Adjacent,group1_higher,0.20222384265107368,0.1889985415787949
43134,178,-0.08040167879371485,-0.025936270875626066,-0.10182055830955505,-0.04735619947314255,0.7090801032858399,0.6830089445297638,-0.05446540791808878,-0.054464358836412506,,-0.028961166910301903,-1.6322168818527323,-1.0615506010578406,-1.0615506010578406,0.2898732757790696,3589067.0,-1.5009168030595401,0.13337785848626854,-0.07682269335701457,-0.06508565155983725,GCST90200867,cancerType_celltype,ESCA_Epi_ESCA,tissue,Tumor,Adjacent,group2_higher,0.37808351663815487,0.1899624045107461
43134,178,0.08978046189448638,0.023309631278382592,0.07526386529207225,0.00925445859320455,0.5771647023901083,0.5783567446783935,0.06647083061610379,0.0660094066988677,,0.044416361999114966,1.945429512757123,1.5302229987712808,1.5302229987712808,0.1277322115789403,4087399.0,1.4925910245643066,0.1355450609101898,0.1151668989980634,0.06472461308188793,GCST90199842,cancerType_celltype,ESCA_Epi_ESCA,tissue,Tumor,Adjacent,group1_higher,0.1866012908704133,0.1928475135914287
43134,178,-0.10569122465505326,-0.1428351898604397,-0.1329538375139236,-0.16227637231349945,0.49165903592301424,0.5826604353535334,0.03714396520538643,0.02932253479957586,,0.03193951735156915,-0.43449230837208286,0.8492696929981652,0.8492696929981652,0.3968717293219858,4087040.0,1.4904344917506063,0.1361108182414212,0.07548586201522788,0.06463109734337147,GCST90200923,cancerType_celltype,ESCA_Epi_ESCA,tissue,Tumor,Adjacent,group1_higher,0.4877523559615401,0.193450516436973
43134,178,0.1216376572628514,0.078133810246154,0.13257227092981333,0.08164432272315025,0.4090069511754634,0.4220728935863448,0.043503847016697406,0.050927948206663076,,0.037892451370938815,0.6385644567602118,1.3724936822074942,1.3724936822074942,0.17163309419579661,4086349.0,1.4862836166133722,0.13720491247986494,0.1063504609238723,0.06445109908344149,GCST90199890,cancerType_celltype,ESCA_Epi_ESCA,tissue,Tumor,Adjacent,group1_higher,0.24166932581494915,0.19480239136464159
43134,178,0.15322943085479954,0.08647242959803285,0.1406384482979774,0.09336168318986884,0.6129264842611722,0.6302905085001307,0.06675700125676669,0.04727676510810855,,0.042454274215750355,0.8253740244139838,1.4103285586938434,1.4103285586938434,0.16018402532551074,4085650.0,1.4820846850346072,0.13831856235725795,0.10890239834672721,0.064269016907333,GCST90200389,cancerType_celltype,ESCA_Epi_ESCA,tissue,Tumor,Adjacent,group1_higher,0.22766509543135677,0.196179188858421
43134,178,-0.0709844323681592,-0.15327354709963115,-0.0913407728075981,-0.20933552831411362,0.8204116218436251,0.8344599002711915,0.08228911473147195,0.11799475550651552,,0.03936460770987445,-1.1105232515324985,1.3130536295296693,1.3130536295296693,0.19085117560967566,4085500.0,1.4811836267559024,0.1385584482082555,0.10029515090597924,0.06422994347898348,GCST90200075,cancerType_celltype,ESCA_Epi_ESCA,tissue,Tumor,Adjacent,group1_higher,0.2635563853657426,0.19631514023685265
43134,178,0.06557602649423194,0.13596966307024272,0.05332697369158265,0.0868085548281669,0.5558834295427506,0.5581518298198683,-0.07039363657601078,-0.033481581136584254,,-0.04437976947525637,1.0520330190563567,-1.6792062302782522,-1.6792062302782522,0.09486189014413027,3592846.0,-1.4782161414913675,0.13935073846892365,-0.12663169381572184,-0.06410126165495245,GCST90200122,cancerType_celltype,ESCA_Epi_ESCA,tissue,Tumor,Adjacent,group2_higher,0.14462724414591674,0.1972326651434506
43134,178,-0.09426936632811297,-0.0005376301915123222,-0.09602935239672655,-0.02973836287856095,0.5336429748541969,0.6772831766867218,-0.09373173613660066,-0.0662909895181656,,-0.06213799568079566,-7.451365425467783,-1.8440418682541395,-1.8440418682541395,0.06684017866539015,3594143.0,-1.4704249909081657,0.1414475000012061,-0.17542621776481399,-0.06376340674449055,GCST90200792,cancerType_celltype,ESCA_Epi_ESCA,tissue,Tumor,Adjacent,group2_higher,0.10581087516948522,0.199992678943614
43134,178,0.07959520112677933,0.014654435353416411,0.07237964123487464,0.0142872943542897,0.6302256207858867,0.6743894217855718,0.06494076577336291,0.05809234688058494,,0.03831128993531912,2.4412637519019267,1.2824353782653706,1.2824353782653706,0.20135493988704029,4082537.0,1.4633847222238847,0.1433629581527426,0.10301314680756524,0.06345811302431992,GCST90200644,cancerType_celltype,ESCA_Epi_ESCA,tissue,Tumor,Adjacent,group1_higher,0.2758259126291818,0.20249089322506547
43134,178,0.29771261969230567,0.35435445103114155,0.279636412858963,0.44598910212516785,0.6907935633707538,0.8151005897400123,-0.05664183133883588,-0.16635268926620483,,-0.031409337117685045,0.2512720191453027,-0.9257493449363762,-0.9257493449363762,0.355829308058091,3595421.0,-1.4627479743735998,0.14353717577654782,-0.08192966135466286,-0.06343050113495285,GCST90200048,cancerType_celltype,ESCA_Epi_ESCA,tissue,Tumor,Adjacent,group2_higher,0.44698258500833365,0.20252709170127814
43134,178,0.8825106382497602,1.0942336612726362,0.8371961712837219,0.8895460069179535,1.7696932889749324,1.7633275571880591,-0.21172302302287604,-0.05234983563423157,,-0.04949322508007839,0.31023495138341767,-1.598616847751185,-1.598616847751185,0.11167461738701433,3595727.5,-1.4609068119574462,0.14404184132717357,-0.11964001404674458,-0.06335066109635867,GCST90200386,cancerType_celltype,ESCA_Epi_ESCA,tissue,Tumor,Adjacent,group2_higher,0.16526873344028287,0.20302898627604712
43134,178,-0.11010065023028218,-0.16353302672008324,-0.11368770897388455,-0.20760589838027949,0.5900649349319617,0.7599811355348853,0.053432376489801064,0.09391818940639493,,0.02937002034318379,-0.5707547577080497,0.936854522778563,0.936854522778563,0.35010359820590653,4080124.0,1.4488896980471182,0.1473692275021639,0.09043171821017573,0.06282955180693772,GCST90200114,cancerType_celltype,ESCA_Epi_ESCA,tissue,Tumor,Adjacent,group1_higher,0.44061976394704583,0.20750439781554691
43134,178,-0.28290033501217576,-0.46350516052916646,-0.3884703069925308,-0.63751420378685,1.6345071884696145,1.47686619257742,0.1806048255169907,0.24904389679431915,,0.04547959886872505,-0.7122895292200451,1.627433914104537,1.627433914104537,0.10540595588385263,4078486.0,1.4390501416436607,0.1501371676808454,0.11053644700609384,0.062402869969361285,GCST90199787,cancerType_celltype,ESCA_Epi_ESCA,tissue,Tumor,Adjacent,group1_higher,0.15770397131689476,0.21118365278533774
43134,178,-0.33343657449634534,-0.4576187436573542,-0.3720811754465103,-0.6169270575046539,1.4021986324178535,1.315398869313685,0.12418216916100888,0.24484588205814362,,0.035682284268994446,-0.4567326091814577,1.2565966525854775,1.2565966525854775,0.21054017737823436,4077838.0,1.4351575698796555,0.15124305713955088,0.08858418578762532,0.06223407275889148,GCST90200774,cancerType_celltype,ESCA_Epi_ESCA,tissue,Tumor,Adjacent,group1_higher,0.28582296988698547,0.2125198833826885
43134,178,0.2614566455121902,0.3058435249605394,0.24226626753807065,0.3747356235980987,0.6431040652386698,0.6949145139425735,-0.04438687944834918,-0.13246935606002805,,-0.025629735524458845,0.22622119216094505,-0.8506817737534197,-0.8506817737534197,0.3960873992806353,3600135.0,-1.4344307162015002,0.1514502439914886,-0.06899611858213801,-0.062202553526689464,GCST90200566,cancerType_celltype,ESCA_Epi_ESCA,tissue,Tumor,Adjacent,group2_higher,0.4872446978515397,0.2125918460972183
43134,178,-0.4717497128599426,-0.533685889095068,-0.5104301571846008,-0.5885837972164154,0.8272287190990081,0.836539248192256,0.06193617623512537,0.07815364003181458,,0.028484839916650163,-0.1779688716854297,0.9858108008343338,0.9858108008343338,0.3255608317041887,4077583.0,1.433625770805857,0.15167994280056366,0.0748684252189413,0.06216764793069718,GCST90200917,cancerType_celltype,ESCA_Epi_ESCA,tissue,Tumor,Adjacent,group1_higher,0.4139360201612026,0.21261842248193047
43134,178,0.642002850361302,0.5457263897366696,0.633505791425705,0.5935001373291016,0.686596857462983,0.6893912348998399,0.09627646062463235,0.040005654096603394,,0.054460039626332286,0.23440149626629547,1.8594192712544004,1.8594192712544004,0.06461395668840426,4077524.0,1.4332713545495666,0.15178116293097457,0.1402203563874967,0.062152279048879766,GCST90200492,cancerType_celltype,ESCA_Epi_ESCA,tissue,Tumor,Adjacent,group1_higher,0.10303331197845675,0.21261842248193047
43134,178,0.07746041961721956,0.15802097377063853,0.05655411817133425,0.16664937138557429,0.6920245008493782,0.8151242533745636,-0.08056055415341898,-0.11009525321424003,,-0.04614202310045915,1.0285753398858426,-1.3166298961628067,-1.3166298961628067,0.18965489975914301,3601291.0,-1.4274865604002809,0.15344056144795878,-0.11632081676709788,-0.06190142763887607,GCST90200783,cancerType_celltype,ESCA_Epi_ESCA,tissue,Tumor,Adjacent,group2_higher,0.26217000849058003,0.21472226412070616
43134,178,0.15375522646972237,0.13103770621884825,0.158522292971611,0.1434552669525146,0.3760303575663715,0.5091191054263339,0.022717520250874118,0.015067026019096402,,0.0201082231688102,0.23065181657782263,0.5946524948827556,0.5946524948827556,0.5528317603162674,4076120.0,1.4248374490608884,0.15420506274384313,0.06031147079038331,0.06178655175952863,GCST90200291,cancerType_celltype,ESCA_Epi_ESCA,tissue,Tumor,Adjacent,group1_higher,0.6385675333144681,0.21544693563838982
43134,178,-0.06679156677579798,-0.12915196937495474,-0.10641793534159655,-0.1802774518728256,0.7045292153345277,0.6843809058765626,0.06236040259915676,0.07385951653122905,,0.03697010705807446,-0.9513213512334736,1.2130353646257612,1.2130353646257612,0.2267186787678647,4076080.0,1.4245971668532338,0.15427454819007225,0.08852377827458334,0.06177613217863542,GCST90200759,cancerType_celltype,ESCA_Epi_ESCA,tissue,Tumor,Adjacent,group1_higher,0.3056553503072202,0.21544693563838982
43134,178,0.26848991749297996,0.23955736070965533,0.2765918225049972,0.22560802102088923,0.4368563913663316,0.5322523781347059,0.028932556783324626,0.05098380148410797,,0.023405054791143735,0.16449612042254308,0.7242297756375736,0.7242297756375736,0.46987557097709487,4075790.0,1.4228551208477376,0.1547790293794905,0.06616352695353904,0.06170059021715968,GCST90200878,cancerType_celltype,ESCA_Epi_ESCA,tissue,Tumor,Adjacent,group1_higher,0.5622830581578405,0.21593021191836803
43134,178,0.5443372542208318,0.4779673289151841,0.5137559175491333,0.3600988835096359,0.7916353866417212,0.8732678805831608,0.06636992530564767,0.15365703403949738,,0.035191636000747026,0.18758840159960202,1.0122754292897156,1.0122754292897156,0.31277883953153773,4074283.0,1.413802488674349,0.15742078479357102,0.08380187864627331,0.06130803250700856,GCST90200874,cancerType_celltype,ESCA_Epi_ESCA,tissue,Tumor,Adjacent,group1_higher,0.4010513248179548,0.21939113463562096
43134,178,-0.1698152039887049,-0.10363713518475716,-0.1955387219786644,-0.1250335797667503,0.5544657292862141,0.5783612543437822,-0.06617806880394773,-0.07050514221191409,,-0.04124542019921356,-0.7124191667982307,-1.5237119651369835,-1.5237119651369835,0.12935191506241167,3604011.5,-1.4111443667521695,0.15820293570157773,-0.11933319155413301,-0.06119276589337752,GCST90200551,cancerType_celltype,ESCA_Epi_ESCA,tissue,Tumor,Adjacent,group2_higher,0.1885632729733338,0.22025597687563886
43134,178,0.13537805489441349,0.1213753779295811,0.136665865778923,0.10284735262393944,0.3891341317950657,0.5434801930968587,0.014002676964832386,0.03381851315498356,,0.014831467911038046,0.1575168763225911,0.3433827234812883,0.3433827234812883,0.7317163582238335,4070820.0,1.3930000565466483,0.16362068183959277,0.03591449594122931,0.060405957291179924,GCST90199945,cancerType_celltype,ESCA_Epi_ESCA,tissue,Tumor,Adjacent,group1_higher,0.7950868218944813,0.22756631566057647
43134,178,0.010065135689325952,-0.06490137084227662,-0.01139528024941675,-0.07423468865454196,0.7453372390933887,0.8069616791899935,0.07496650653160257,0.06283940840512521,,0.03775092199287809,-2.68876122962334,1.2372607781316332,1.2372607781316332,0.21761773979343288,4070557.0,1.391420201031319,0.1640989526307729,0.10054528114392543,0.060337448546807115,GCST90200339,cancerType_celltype,ESCA_Epi_ESCA,tissue,Tumor,Adjacent,group1_higher,0.29455112148803275,0.22799885059708816
43134,178,-0.32931906097244523,-0.25127679978110146,-0.3579295575618744,-0.293932780623436,0.8140701511279628,0.812301617875993,-0.07804226119134378,-0.06399677693843842,,-0.04097591251582756,-0.3902071825651833,-1.27915856973156,-1.27915856973156,0.20250184811358754,3608517.0,-1.3840795795874696,0.16633500845159865,-0.09586760211391815,-0.06001913035051987,GCST90200217,cancerType_celltype,ESCA_Epi_ESCA,tissue,Tumor,Adjacent,group2_higher,0.2765631452693585,0.23087028158811504
43134,178,-0.20010474650343363,-0.24708350722186184,-0.2285511195659637,-0.27489253878593445,0.6643628703772816,0.7429133632147195,0.046978760718428214,0.04634141921997076,,0.029040073412115577,-0.304241954946715,0.8422828282326426,0.8422828282326426,0.4007588529828202,4068969.0,1.3818809973874295,0.1670091659244235,0.07067634127731363,0.059923791185347186,GCST90200495,cancerType_celltype,ESCA_Epi_ESCA,tissue,Tumor,Adjacent,group1_higher,0.4903360113245816,0.23157018632247123
43134,178,-0.2094861430962227,-0.1102187883977391,-0.2330055609345436,-0.16551116853952405,0.9039810469651064,0.892726527219732,-0.0992673546984836,-0.06749439239501956,,-0.04013929198291394,-0.9264784412095054,-1.4804069525247854,-1.4804069525247854,0.14052753597975526,3608995.0,-1.3812082072059966,0.16721587525064474,-0.10981687587350988,-0.05989461635884619,GCST90200003,cancerType_celltype,ESCA_Epi_ESCA,tissue,Tumor,Adjacent,group2_higher,0.20290151646229496,0.23162117679535446
43134,178,-0.039435968886750244,0.04052162981180741,-0.0663090758025646,-0.03259002603590485,0.670710286314589,0.6470898566464182,-0.07995759869855765,-0.033719049766659744,,-0.04416587245898581,0.03917913339910584,-1.6449192002834507,-1.6449192002834507,0.10174563026112245,3610951.0,-1.3694584072516844,0.17085696591146227,-0.11923017736928071,-0.05938509885316878,GCST90199894,cancerType_celltype,ESCA_Epi_ESCA,tissue,Tumor,Adjacent,group2_higher,0.15273050005056157,0.2364244106977899
43134,178,0.23723622167599004,0.1105781661600314,0.1972451955080032,0.007088900078088,1.4412335195920496,1.462415255327463,0.12665805551595866,0.19015629542991522,,0.0332152052741951,1.1012507833919312,1.1531970489749026,1.1531970489749026,0.2503720588715829,4066741.0,1.3684972784210658,0.17115741282705843,0.08787638577023799,0.05934342052959596,GCST90199788,cancerType_celltype,ESCA_Epi_ESCA,tissue,Tumor,Adjacent,group1_higher,0.332609275089637,0.23659995302563958
43134,178,-0.18702271164484582,-0.27780033346119054,-0.20298535376787186,-0.3095287531614303,0.7890457496356523,0.7265555542394498,0.09077762181634472,0.10654339939355845,,0.04386203747290853,-0.5708323317559122,1.6628982230727363,1.6628982230727363,0.09808544941063814,4066634.5,1.3678575270431854,0.17135761699742047,0.11508312798286167,0.05931567839546781,GCST90200124,cancerType_celltype,ESCA_Epi_ESCA,tissue,Tumor,Adjacent,group1_higher,0.14809312184336101,0.23663670918691398
43134,178,-0.046909765327235384,0.011621419977917652,-0.07368542253971094,0.00903335632756345,0.590748071871208,0.5734982167493884,-0.058531185305153034,-0.0827187788672744,,-0.03646087910197766,-2.0130085451998307,-1.3586778991392123,-1.3586778991392123,0.17596261543670746,3611457.5,-1.3664158337972576,0.17180942397345433,-0.09909142687625404,-0.05925316091010868,GCST90200153,cancerType_celltype,ESCA_Epi_ESCA,tissue,Tumor,Adjacent,group2_higher,0.24649233796529524,0.23702049076499826
43134,178,-0.0930640575022268,-0.19698661380562554,-0.14103166013956064,-0.2991474568843841,1.0297645607455808,1.030186002202069,0.10392255630339875,0.15811579674482346,,0.04200556061502063,-1.081793422936082,1.3431071326119681,1.3431071326119681,0.1809428538298565,4065139.0,1.3588739760044974,0.17418747854268724,0.1009185850940886,0.05892611631482336,GCST90200979,cancerType_celltype,ESCA_Epi_ESCA,tissue,Tumor,Adjacent,group1_higher,0.2516582752756065,0.2400581731584254
43134,178,-0.2868451899498951,-0.3843538755998329,-0.35593861341476435,-0.5324066579341888,0.9925794584523661,0.9369942765944349,0.09750868564993781,0.1764680445194245,,0.0427157257951488,-0.42216161394319346,1.3852020291214473,1.3852020291214473,0.16771794070021379,4063370.5,1.3482504988985664,0.17757879314243863,0.09825952319751907,0.05846544059458303,GCST90200139,cancerType_celltype,ESCA_Epi_ESCA,tissue,Tumor,Adjacent,group1_higher,0.2368907286781258,0.2444847424779231
43134,178,-0.30239867895554806,-0.1652401237842742,-0.3410217016935348,-0.3027210384607315,0.9253470253328333,1.047463682383082,-0.13715855517127387,-0.03830066323280329,,-0.05402081249101633,-0.8718838309847877,-1.744197727798687,-1.744197727798687,0.08284945167508578,3615234.0,-1.3437301898670635,0.17903662271987997,-0.14813876782519034,-0.058269422229029644,GCST90199892,cancerType_celltype,ESCA_Epi_ESCA,tissue,Tumor,Adjacent,group2_higher,0.12832250299220674,0.24624310470958263
43134,178,0.257700888721069,0.30078573407490183,0.2532739043235779,0.3552427440881729,0.48379715429411585,0.607158445785423,-0.043084845353832835,-0.10196883976459503,,-0.02787701548663486,0.22303782878498643,-0.9455059999938981,-0.9455059999938981,0.34568282411195417,3616902.5,-1.3337074182802693,0.1823007473792545,-0.08895114832738857,-0.057834795461022215,GCST90199941,cancerType_celltype,ESCA_Epi_ESCA,tissue,Tumor,Adjacent,group2_higher,0.43704443787047004,0.25047975673177814
43134,178,0.011983468452959325,-0.06145798102083513,-0.00764593691565095,-0.0669929571449756,0.7564778506775769,0.758509189659603,0.07344144947379445,0.05934702022932466,,0.039603159312149167,-2.35845792493396,1.2891424675389853,1.2891424675389853,0.19901704355869934,4060339.0,1.3300401110859401,0.18350604542478444,0.09708234336409305,0.057675766607639734,GCST90200639,cancerType_celltype,ESCA_Epi_ESCA,tissue,Tumor,Adjacent,group1_higher,0.27289761606690865,0.2518819133071311
43134,178,0.04134274697603754,-0.14419456402865355,-0.021475031040608848,-0.12260870635509491,1.5902228194945136,1.3665325547506395,0.1855373110046911,0.10113367531448605,,0.0455874441582951,-1.80228573181891,1.8063885869600378,1.8063885869600378,0.07253751722052534,4059760.0,1.3265620261301392,0.1846545985520759,0.11673618782050962,0.05752494317421064,GCST90200568,cancerType_celltype,ESCA_Epi_ESCA,tissue,Tumor,Adjacent,group1_higher,0.11351163716598857,0.25320343845722276
43134,178,-0.3642215923007853,-0.23699869669115778,-0.4248040020465851,-0.41157181560993195,1.0884823291431678,1.0623355477158702,-0.12722289560962755,-0.013232186436653137,,-0.045569567118982475,-0.6199352009897436,-1.5943176194604678,-1.5943176194604678,0.11263364971767544,3618264.0,-1.3255288126372242,0.1849968150451038,-0.116892331232935,-0.05748013897636994,GCST90200343,cancerType_celltype,ESCA_Epi_ESCA,tissue,Tumor,Adjacent,group2_higher,0.16650722837873277,0.2534177476447
43134,178,-0.46523821467427506,-0.5714823752955607,-0.5557226836681366,-0.6378052532672882,1.2964411611992346,1.3251896176259057,0.10624416062128561,0.08208256959915161,,0.0359128413346016,-0.29673882476289537,1.0675324792438983,1.0675324792438983,0.2871739081036826,4058537.0,1.3192153976310985,0.1870981158960927,0.08194311476265072,0.05720636448840111,GCST90200309,cancerType_celltype,ESCA_Epi_ESCA,tissue,Tumor,Adjacent,group1_higher,0.37564111012026813,0.2560388875164401
43134,178,-0.6641134861195885,-0.5055381902231929,-0.7128496766090393,-0.6123670041561127,1.4836120366297734,1.6488960732736175,-0.15857529589639563,-0.10048267245292664,,-0.041484809248794066,-0.3936090314190991,-1.2809376914318902,-1.2809376914318902,0.20188023395210059,3619840.0,-1.3160616936556313,0.18815434473880555,-0.10683327323811902,-0.057069607489178,GCST90200211,cancerType_celltype,ESCA_Epi_ESCA,tissue,Tumor,Adjacent,group2_higher,0.2759907310699229,0.25722605002907917
43134,178,-0.05177504334888615,-0.09802938345558104,-0.07116604596376415,-0.18698770552873606,0.6149370785156365,0.5872944607107987,0.046254340106694894,0.11582165956497191,,0.03057839520845416,-0.9209442454779293,1.048398439763133,1.048398439763133,0.2958716865089137,4057401.0,1.3123913829337066,0.1893891257428365,0.07523151615640512,0.05691044839103432,GCST90199901,cancerType_celltype,ESCA_Epi_ESCA,tissue,Tumor,Adjacent,group1_higher,0.38443575663646273,0.25865468776301215
43134,178,0.11752413433282756,0.06459657091966547,0.12191158533096311,0.06605361402034755,0.5164130152386891,0.5701088610249168,0.052927563413162085,0.05585797131061555,,0.03388799731573708,0.8634175085616907,1.2365170409618782,1.2365170409618782,0.21789366161398685,4057105.0,1.3106132945970623,0.18998946059533106,0.10244497586529235,0.05683334349242464,GCST90200662,cancerType_celltype,ESCA_Epi_ESCA,tissue,Tumor,Adjacent,group1_higher,0.29463200474192863,0.2592148496410773
43134,178,-0.2883601518558353,-0.192996012005076,-0.3195997476577759,-0.2221071198582649,0.8315966218792437,0.9388189387711957,-0.09536413985075931,-0.09749262779951098,,-0.039008453126467585,-0.579298305396357,-1.3530420446579443,-1.3530420446579443,0.17775675780491848,3621503.0,-1.3060719608723894,0.19152910843343396,-0.11461169032036525,-0.05663641341354331,GCST90200645,cancerType_celltype,ESCA_Epi_ESCA,tissue,Tumor,Adjacent,group2_higher,0.24824022631977857,0.26105417479477044
43134,178,0.14422533729199055,0.1988280863482165,0.12279986217617986,0.21614089608192438,0.6066309041011347,0.7270492759044619,-0.05460274905622595,-0.09334103390574452,,-0.03312193149586325,0.4631941812092323,-1.0005475061709639,-1.0005475061709639,0.3184036961781203,3621966.0,-1.303290694318787,0.19247656188375506,-0.08992967700550024,-0.05651580676470447,GCST90200069,cancerType_celltype,ESCA_Epi_ESCA,tissue,Tumor,Adjacent,group2_higher,0.40635228266926776,0.262083470377181
43134,178,0.13815303964541012,0.22295811509954208,0.11457566544413561,0.2919425666332245,1.088121988984689,1.0168401972650525,-0.08480507545413196,-0.17736690118908888,,-0.03219602665610575,0.6905014342736596,-1.1100829239766021,-1.1100829239766021,0.26845500933125943,3622152.0,-1.3021733820531929,0.19285814875414797,-0.07795729290478115,-0.056467355713551104,GCST90200346,cancerType_celltype,ESCA_Epi_ESCA,tissue,Tumor,Adjacent,group2_higher,0.35318936073214924,0.2623409748022991
43134,178,0.06910868231327116,0.12893293751142082,0.07405139133334154,0.10397229343652725,0.40874720117422053,0.48742828712918984,-0.059824255198149656,-0.02992090210318571,,-0.047762352638362315,0.8996723020694073,-1.6351113634985062,-1.6351113634985062,0.10379259196578754,3622575.0,-1.299632397707245,0.19372802016666313,-0.1462339783948918,-0.05635716864560558,GCST90200807,cancerType_celltype,ESCA_Epi_ESCA,tissue,Tumor,Adjacent,group2_higher,0.1554607723619433,0.26326150696626305
43134,178,-0.10016589652887878,-0.009993044539155919,-0.11849754676222796,-0.05520878732204435,0.7050880042944511,0.8431650068233,-0.09017285198972286,-0.06328875944018361,,-0.04572977911724673,-3.3251933431200333,-1.4247789764394632,-1.4247789764394632,0.1559718212440447,3623809.5,-1.2922166880735035,0.19628315388828055,-0.12777656471200502,-0.05603559433028926,GCST90199689,cancerType_celltype,ESCA_Epi_ESCA,tissue,Tumor,Adjacent,group2_higher,0.222374050581206,0.2664680664837912
43134,178,0.3504130400483124,0.24574107655815863,0.30167941749095917,0.1535196155309677,1.0972878883128494,1.2477114817662862,0.10467196349015379,0.14815980195999146,,0.040901078389023834,0.5119156799797013,1.1174658236305157,1.1174658236305157,0.26530009423023176,4053177.0,1.2870175818053762,0.19808920693948207,0.09533446873972358,0.05581014064871259,GCST90199936,cancerType_celltype,ESCA_Epi_ESCA,tissue,Tumor,Adjacent,group1_higher,0.35005230245479757,0.268652327421407
43134,178,-0.27791941767648315,-0.1615552117242321,-0.3385027050971985,-0.19579207897186274,1.0932254962868648,1.1403710621590246,-0.11636420595225105,-0.14271062612533575,,-0.043209724312558984,-0.7826356050435544,-1.3588178603759653,-1.3588178603759653,0.1759203286904445,3625083.0,-1.284566703287299,0.1989447905092534,-0.10642201559094976,-0.05570386092360202,GCST90200159,cancerType_celltype,ESCA_Epi_ESCA,tissue,Tumor,Adjacent,group2_higher,0.24649233796529524,0.2695444825687002
43134,178,0.2618569187799653,0.2017566541005763,0.2296054139733314,0.10514630004763595,0.831452898824286,0.9796784140602005,0.060100264679389004,0.12445911392569545,,0.02891352321287134,0.37616082741832596,0.8172564443137957,0.8172564443137957,0.41487409030190325,4050132.0,1.2687260987476665,0.20453984231467404,0.07222613723615698,0.05501695005321805,GCST90200221,cancerType_celltype,ESCA_Epi_ESCA,tissue,Tumor,Adjacent,group1_higher,0.5036367201906249,0.27684985608232443
43134,178,0.3779136894193478,0.3028275150847569,0.3594469577074051,0.3077433705329895,0.8058772581341139,0.8658179012953972,0.07508617433459086,0.05170358717441559,,0.03643599817706106,0.3195595373017244,1.1549640991127565,1.1549640991127565,0.2496509180287788,4049920.0,1.267452603047097,0.20499457426002998,0.09314385240807838,0.054961726274484146,GCST90200505,cancerType_celltype,ESCA_Epi_ESCA,tissue,Tumor,Adjacent,group1_higher,0.3322990246808843,0.2771900840440683
43134,178,0.04137600662706628,-0.05085590298632892,0.0191036844626069,-0.06898756138980386,0.9144182994817347,0.8931835181675569,0.0922319096133952,0.08809124585241077,,0.0425306415040691,-0.2976143306208373,1.3747170400749438,1.3747170400749438,0.17094211165662448,4049601.0,1.2655363524410512,0.20568020154190114,0.10087348699730125,0.054878630116860894,GCST90200908,cancerType_celltype,ESCA_Epi_ESCA,tissue,Tumor,Adjacent,group1_higher,0.24094529285209842,0.27784154083410434
43134,178,0.32748588789137106,0.22504075791090308,0.2721556425094604,0.07432165741920466,1.2178237782322052,1.3197066096703314,0.10244512998046798,0.19783398509025574,,0.03363875956029139,0.5412444169477927,1.0338610816084048,1.0338610816084048,0.3026017626592613,4049251.0,1.263433883124073,0.2064343724773533,0.08409152453821954,0.05478745878404534,GCST90200206,cancerType_celltype,ESCA_Epi_ESCA,tissue,Tumor,Adjacent,group1_higher,0.3909442677768466,0.2780714256671802
43134,178,0.1292328480236906,0.3045796189101392,0.0558208357542753,0.1700127944350242,1.5638297040507394,1.7141560414866637,-0.1753467708864486,-0.11419195868074891,,-0.03947742111257996,1.2368401630023853,-1.3624258651873056,-1.3624258651873056,0.17478281065859883,3628604.0,-1.263415861958499,0.2064408454676835,-0.11208037454539449,-0.05478667731547837,GCST90201015,cancerType_celltype,ESCA_Epi_ESCA,tissue,Tumor,Adjacent,group2_higher,0.24559687724502083,0.2780714256671802
43134,178,0.3555069287572332,0.3095428413520842,0.35540173947811127,0.27483630180358887,0.4950698531213568,0.6119130117376227,0.04596408740514901,0.0805654376745224,,0.03422395011447417,0.1997379802031719,1.0008135839890502,1.0008135839890502,0.3182758429762546,4049238.0,1.2633557914065852,0.20646242316594743,0.09274368258156056,0.05478407242025507,GCST90200520,cancerType_celltype,ESCA_Epi_ESCA,tissue,Tumor,Adjacent,group1_higher,0.40635228266926776,0.2780714256671802
43134,178,-0.16055115197444067,-0.2761644894967452,-0.20224402099847788,-0.18578393012285233,0.8639830622866099,0.8349773014727827,0.11561333752230454,-0.016460090875625555,,0.05401105937859341,-0.7824910446960892,1.843257239204241,1.843257239204241,0.06694904402352535,4048717.5,1.2602291191794792,0.2075878043753886,0.13383241173605648,0.054648487623882414,GCST90200239,cancerType_celltype,ESCA_Epi_ESCA,tissue,Tumor,Adjacent,group1_higher,0.10586026334578312,0.2793111326393432
43134,178,-1.6135664869251896e-05,0.06972283897188943,-0.0354727692902088,0.00263581098988655,0.7631167669383325,0.7157970893053412,-0.06973897463675868,-0.03810858028009535,,-0.036500904148029964,11.990434120662222,-1.296819469305801,-1.296819469305801,0.1963656041320103,3629266.0,-1.2594391914218146,0.20787282538425988,-0.09140947896433486,-0.0546142332516959,GCST90200046,cancerType_celltype,ESCA_Epi_ESCA,tissue,Tumor,Adjacent,group2_higher,0.27007701153575175,0.2794187978291383
43134,178,0.17487727765818328,0.08442385580254656,0.15166383981704712,0.09768377244472495,0.8554422238995663,0.875189238170496,0.09045342185563672,0.053980067372322166,,0.037629313157502106,1.050611382144475,1.3761906464379332,1.3761906464379332,0.1704876277442217,4048107.0,1.2565618119851503,0.208913438379148,0.10572869645293474,0.05448945877049982,GCST90200650,cancerType_celltype,ESCA_Epi_ESCA,tissue,Tumor,Adjacent,group1_higher,0.24055345405318235,0.2805409029662845
43134,178,0.5797022817573659,0.4216507010664163,0.505668044090271,0.45405443012714386,1.4062966393669751,1.296983346421173,0.15805158069094966,0.051613613963127136,,0.04496813972681724,0.459262878168893,1.6218977826051566,1.6218977826051566,0.10658801824477435,4047389.0,1.2522487463577494,0.21048033265346455,0.1124228386767051,0.054302427293466904,GCST90199826,cancerType_celltype,ESCA_Epi_ESCA,tissue,Tumor,Adjacent,group1_higher,0.15894909066480026,0.28236682421916554
43134,178,-0.2694453075941907,-0.33373401238317496,-0.2992743849754333,-0.38632065057754517,0.7056666188451524,0.6899854487280405,0.06428870478898424,0.08704626560211187,,0.03814703395646344,-0.308705232014599,1.2404220357952302,1.2404220357952302,0.21644702358417442,4046778.0,1.2485784356358247,0.21182040281095593,0.09111169133399133,0.054143268195323335,GCST90200111,cancerType_celltype,ESCA_Epi_ESCA,tissue,Tumor,Adjacent,group1_higher,0.29325774666523835,0.28388516128941294
43134,178,-0.07908280069608839,-0.27467319262580253,-0.1980037838220596,-0.400626003742218,1.8410362087792798,1.8993457107282057,0.19559039192971414,0.20262221992015841,,0.04816319570107573,-1.796267254008067,1.371239152334196,1.371239152334196,0.17202302852681517,4042400.0,1.222279548008024,0.22160306612069902,0.10622533022616412,0.05300284506656294,GCST90200104,cancerType_celltype,ESCA_Epi_ESCA,tissue,Tumor,Adjacent,group1_higher,0.24196840854700627,0.29670430169205575
43134,178,-0.29601689131995046,-0.1835747760932453,-0.35545970499515533,-0.18337334692478174,1.2801378991534138,1.341341818348735,-0.11244211522670516,-0.1720863580703736,,-0.035999919491917255,-0.6893086757824367,-1.11631018559462,-1.11631018559462,0.26579123536976307,3635991.0,-1.2190417452598776,0.22282948845065453,-0.08781837215741337,-0.052862441214027056,GCST90200580,cancerType_celltype,ESCA_Epi_ESCA,tissue,Tumor,Adjacent,group2_higher,0.3503611738965059,0.2980535748363515
43134,178,0.29130663506256665,0.2543463609894225,0.31494176387786865,0.32070204615592957,0.3537299659107069,0.4074783606391085,0.03696027407314417,-0.005760282278060913,,0.035592107404707876,0.19574338903504762,1.2082766797880153,1.2082766797880153,0.2285427067361472,4038155.0,1.1967795987206749,0.23139364311051025,0.10441751330851136,0.051897067044272216,GCST90200142,cancerType_celltype,ESCA_Epi_ESCA,tissue,Tumor,Adjacent,group1_higher,0.30750612959661267,0.30920542701924064
43134,178,-0.21423550003566744,-0.10131433282800939,-0.247299775481224,-0.18955727666616434,0.9744417392316416,1.1387580475745978,-0.11292116720765805,-0.05774249881505966,,-0.04271116822456365,-1.0803517719848048,-1.3209875955974104,-1.3209875955974104,0.18820050406121022,3641750.5,-1.1844441108852046,0.23623849596534052,-0.11579643712860792,-0.05136215181016779,GCST90200393,cancerType_celltype,ESCA_Epi_ESCA,tissue,Tumor,Adjacent,group2_higher,0.2606882998327536,0.3153702938303224
43134,178,-0.045844834276683843,-0.09505010739471136,-0.06822573021054265,-0.18138783425092692,0.661875209465015,0.7205678785073174,0.04920527311802751,0.11316210404038426,,0.02722423913707969,-1.0519127839884825,0.9094775884002685,0.9094775884002685,0.3643262887086036,4035998.0,1.1838223806728982,0.23648457006160284,0.07431410053228726,0.051335191144606496,GCST90200614,cancerType_celltype,ESCA_Epi_ESCA,tissue,Tumor,Adjacent,group1_higher,0.45474059662072047,0.3153898913835271
43134,178,0.03998573417474655,0.12874126514639664,0.03796534240245815,0.09046372398734084,0.7901250072262817,0.7655246601418227,-0.08875553097165009,-0.052498381584882695,,-0.03871034550161917,1.6868923953290031,-1.543454105845271,-1.543454105845271,0.12449103663687579,3642233.0,-1.1815457067553705,0.23738719973372435,-0.11234507182018734,-0.051236465615643545,GCST90200191,cancerType_celltype,ESCA_Epi_ESCA,tissue,Tumor,Adjacent,group2_higher,0.18245299240436744,0.31607058468735383
43134,178,0.19867070312876517,0.23265299822067778,0.2023939564824104,0.2631644010543823,0.4307785096959643,0.5250025073688174,-0.03398229509191261,-0.06077044457197192,,-0.026608734085304606,0.2277995766798931,-0.8623803612196327,-0.8623803612196327,0.3896386990352758,3642263.0,-1.1813654950996295,0.2374587518120692,-0.07880765908074036,-0.05122865092997364,GCST90200077,cancerType_celltype,ESCA_Epi_ESCA,tissue,Tumor,Adjacent,group2_higher,0.48104850252271825,0.31607058468735383
43134,178,0.15883723304521535,0.10806652602659188,0.15850933641195294,0.10928884521126744,0.5672886993096984,0.6580130796471247,0.050770707018623476,0.0492204912006855,,0.03237438910041996,0.555625154593187,1.0278356464417615,1.0278356464417615,0.30542114274979903,4034844.0,1.1768902389820617,0.239240517503702,0.08943401896304701,0.0510345862358379,GCST90200746,cancerType_celltype,ESCA_Epi_ESCA,tissue,Tumor,Adjacent,group1_higher,0.393840130149457,0.3181315369341911
43134,178,0.1382223509536982,0.183748054422773,0.12828758358955378,0.2176845371723175,0.608081579097079,0.5620955725935485,-0.04552570346907481,-0.08939695358276373,,-0.029220978400817176,0.4107354658182487,-1.0779790237299738,-1.0779790237299738,0.282495986928992,3644857.0,-1.1657831939332257,0.243703328439572,-0.07489003024425862,-0.05055294110904973,GCST90199978,cancerType_celltype,ESCA_Epi_ESCA,tissue,Tumor,Adjacent,group2_higher,0.370232721330977,0.3237501331999382
43134,178,0.13896045507976768,0.22358828997684202,0.11527409031987185,0.13946297019720075,0.7530260202772017,0.7816493212452957,-0.08462783489707434,-0.0241888798773289,,-0.048212555833219574,0.6861663182741566,-1.4417209040664496,-1.4417209040664496,0.15113463954830664,3646192.0,-1.157763775252752,0.246961676036069,-0.112365893750468,-0.05020518759673931,GCST90200247,cancerType_celltype,ESCA_Epi_ESCA,tissue,Tumor,Adjacent,group2_higher,0.21735959348190023,0.32775926430103414
43134,178,0.3838503130770847,0.3947303100499544,0.2114798948168754,0.3690098524093628,1.1382657030927585,0.9510142187137866,-0.010879996972869677,-0.1575299575924874,,-0.00512623966765574,0.040323374930527706,-0.15218499428289933,-0.15218499428289933,0.8792123312388047,3646534.0,-1.155709362377305,0.24780128630364506,-0.009564301367147284,-0.050116100180102485,GCST90199660,cancerType_celltype,ESCA_Epi_ESCA,tissue,Tumor,Adjacent,group2_higher,0.9057947146473854,0.3285536510037629
43134,178,0.3196946012580298,0.3536201010489564,0.3052930682897568,0.4506038427352905,0.7054584195046741,0.697212293415652,-0.03392549979092663,-0.14531077444553375,,-0.019243853485405728,0.1455054708731447,-0.6478220615639683,-0.6478220615639683,0.5179324218714767,3646958.5,-1.15315936744857,0.24884621037511256,-0.048092290272818104,-0.05000552237787337,GCST90200557,cancerType_celltype,ESCA_Epi_ESCA,tissue,Tumor,Adjacent,group2_higher,0.6085705956989851,0.32938162407233734
43134,178,0.1316190474304011,0.1000782850278892,0.14401473104953766,0.0873288139700889,0.4319586383969537,0.4168865719273591,0.0315407624025119,0.056685917079448755,,0.028491508306278418,0.39523585890947477,1.0071736249579537,1.0071736249579537,0.3152141421747353,4030868.0,1.15300618754119,0.24890907761886094,0.07302824792345869,0.049998879895053916,GCST90200916,cancerType_celltype,ESCA_Epi_ESCA,tissue,Tumor,Adjacent,group1_higher,0.40303646884067934,0.32938162407233734
43134,178,0.1202112463244595,0.08703932813185612,0.1203909888863563,0.00662166532129045,0.4690512962738534,0.5020104339994408,0.03317191819260337,0.11376932356506585,,0.028003144577034005,0.46582797401236764,0.8800086786621989,0.8800086786621989,0.3800393086345887,4030719.0,1.1521111363176766,0.24927664157528506,0.07070028833168149,0.04996006695622679,GCST90200106,cancerType_celltype,ESCA_Epi_ESCA,tissue,Tumor,Adjacent,group1_higher,0.4723519353010744,0.32948470404714203
43134,178,-0.040845483269569924,-0.0886365920266011,-0.0467507559806108,-0.07224411517381665,0.46389007094451484,0.518111678055399,0.04779110875703117,0.025493359193205854,,0.04208270438752885,-1.1177068159049692,1.2286171088277094,1.2286171088277094,0.2208357240675862,4030640.5,1.1516395824851544,0.24947044356320658,0.10297043790011563,0.04993961852872397,GCST90200452,cancerType_celltype,ESCA_Epi_ESCA,tissue,Tumor,Adjacent,group1_higher,0.29831426353232904,0.32948470404714203
43134,178,0.5101454632550108,0.42381435660959293,0.5032615065574646,0.46682263910770416,0.6474727222786101,0.7152318548331474,0.08633110664541782,0.03643886744976044,,0.04902885789788199,0.26747564132581203,1.6076716304093774,1.6076716304093774,0.10967746761073133,4029505.0,1.1448185713153582,0.2522855650934529,0.13327554150441093,0.04964383267611816,GCST90199927,cancerType_celltype,ESCA_Epi_ESCA,tissue,Tumor,Adjacent,group1_higher,0.1630211432425592,0.33285024848804007
43134,178,0.07512135496248082,0.05226755118732644,0.0841186977922916,0.02189486939460035,0.42216847420552595,0.4518295950075456,0.022853803775154377,0.06222382839769125,,0.018792574395304237,0.5232991195004744,0.6736168169527392,0.6736168169527392,0.5014273384303243,4029364.0,1.1439715765333756,0.2526366705364185,0.0541182384186779,0.049607103653469764,GCST90200667,cancerType_celltype,ESCA_Epi_ESCA,tissue,Tumor,Adjacent,group1_higher,0.5931125116496803,0.33285024848804007
43134,178,-0.6597055024716613,-0.7935778460507229,-0.7342667281627655,-0.8344017267227173,1.4815440693195763,1.4044755334180883,0.13387234357906164,0.10013499855995178,,0.040140079466230695,-0.2665492441211801,1.2687960957259892,1.2687960957259892,0.20616466640249267,4029318.0,1.1436952519945727,0.252751289204051,0.09037873051653365,0.04959512113544262,GCST90200988,cancerType_celltype,ESCA_Epi_ESCA,tissue,Tumor,Adjacent,group1_higher,0.2804415571922131,0.33285024848804007
43134,178,0.28170294824123404,0.1843696677183544,0.25849129259586334,0.17395336180925364,1.1494069118361192,1.0631016328015461,0.09733328052287965,0.0845379307866097,,0.03498604059770936,0.611570634263068,1.2185731337778125,1.2185731337778125,0.22461241676997828,4028845.0,1.1408539148890566,0.2539319701228959,0.08470632912602645,0.04947190959138048,GCST90199869,cancerType_celltype,ESCA_Epi_ESCA,tissue,Tumor,Adjacent,group1_higher,0.303115568373743,0.3340823120439258
43134,178,0.20722814483133256,0.10004090694082754,0.18546759337186805,0.12485859915614125,1.1716898501584148,1.2128339300092812,0.10718723789050502,0.0606089942157268,,0.03224824558105724,1.0506224560804895,1.176838912241974,1.176838912241974,0.24082789816450995,4028304.0,1.1376040980305275,0.2552870894017223,0.09146754055359964,0.04933098475980002,GCST90200466,cancerType_celltype,ESCA_Epi_ESCA,tissue,Tumor,Adjacent,group1_higher,0.32181218156688923,0.3355412756553013
43134,178,0.11048482764206935,0.07621224657168058,0.10287259146571155,0.060375615954399095,0.47067211085277905,0.5092658441589422,0.034272581070388775,0.04249697551131246,,0.02924365096356293,0.535747644088731,0.8962892452664868,0.8962892452664868,0.3713071452922777,4026993.0,1.1297288486746466,0.25859176330703737,0.0727908679655269,0.048989482996025346,GCST90200019,cancerType_celltype,ESCA_Epi_ESCA,tissue,Tumor,Adjacent,group1_higher,0.46218414523595847,0.33938671863373615
43134,178,0.19347185018053187,0.12412061649531628,0.1699590533971786,0.1800298243761062,0.5552075210236389,0.6105237213694462,0.06935123368521559,-0.010070770978927612,,0.05432818716989484,0.6403767378496465,1.512940468305884,1.512940468305884,0.13206616981410144,4026946.0,1.1294465170806522,0.25871078551757287,0.12485711233501891,0.04897723998847603,GCST90200805,cancerType_celltype,ESCA_Epi_ESCA,tissue,Tumor,Adjacent,group1_higher,0.19210906025252963,0.33938671863373615
43134,178,0.18769726070014667,0.24860711694496235,0.16911610960960385,0.27391646802425385,0.9322140285575284,0.8760903788291274,-0.06090985624481568,-0.10480035841464999,,-0.026411229672428482,0.40545811896992845,-0.9254148057835873,-0.9254148057835873,0.35599849813371154,3651240.0,-1.1274401606467361,0.2595576964519066,-0.06535451628659321,-0.04889023648801771,GCST90200212,cancerType_celltype,ESCA_Epi_ESCA,tissue,Tumor,Adjacent,group2_higher,0.44698258500833365,0.3401703271768738
43134,178,0.09428460012817981,0.15397884903915143,0.0804442800581455,0.14199168235063545,0.46663679483814724,0.6120837900864741,-0.05969424891097162,-0.06154740229248995,,-0.04701804715138521,0.7076322056996868,-1.2996051240119637,-1.2996051240119637,0.19541833966461067,3651851.0,-1.1237698499248114,0.26111194967493534,-0.12773650175072548,-0.048731077389874145,GCST90200886,cancerType_celltype,ESCA_Epi_ESCA,tissue,Tumor,Adjacent,group2_higher,0.26904565349784276,0.34149622474719027
43134,178,0.22909587240595344,0.1890828484993721,0.22010051459074015,0.19045074284076685,0.5820672405169284,0.606703017269804,0.040013023906581346,0.029649771749973297,,0.02829146039633328,0.2769316294753269,0.8782375108639078,0.8782375108639078,0.3809964617971958,4025946.0,1.1234394618892862,0.2612521729732361,0.06873081897622503,0.0487167504661461,GCST90200294,cancerType_celltype,ESCA_Epi_ESCA,tissue,Tumor,Adjacent,group1_higher,0.47294915977192886,0.34149622474719027
43134,178,0.12885733780498024,0.07182185895207306,0.11313432827591896,0.061594882979989,0.6218332388760374,0.663141602413946,0.057035478852907176,0.05153944529592996,,0.0383521412985067,0.8432709034925887,1.145413535342839,1.145413535342839,0.253573085370507,4025919.0,1.1232772713991193,0.261321028915128,0.09169578483094695,0.04870971724904316,GCST90200374,cancerType_celltype,ESCA_Epi_ESCA,tissue,Tumor,Adjacent,group1_higher,0.3362063378988337,0.34149622474719027
43134,178,0.011321309303595761,-0.10087442803301253,-0.0068596981000155,-0.05705428123474115,0.8563945359908364,1.0076501782564797,0.11219573733660829,0.05019458313472565,,0.05019787091769588,-3.155334649074862,1.4833043450705088,1.4833043450705088,0.13976145251453514,4025778.0,1.1224302766171368,0.2616808137826717,0.1309066098613485,0.04867298822639454,GCST90200509,cancerType_celltype,ESCA_Epi_ESCA,tissue,Tumor,Adjacent,group1_higher,0.20222384265107368,0.3416250074861636
43134,178,0.0512145766102849,0.06639014576338402,0.06859823316335675,0.00724193191854275,0.39161445580016424,0.5574094642266729,-0.015175569153099124,0.061356301244814004,,-0.013983370222383195,0.3744081942278641,-0.3628597477035599,-0.3628597477035599,0.7171408425242589,4025684.0,1.1218656134291483,0.26192086047178353,-0.03867031381964602,0.048648502211295463,GCST90200228,cancerType_celltype,ESCA_Epi_ESCA,tissue,Tumor,Adjacent,group2_higher,0.7844807129699558,0.3416250074861636
43134,178,0.008099940824488054,0.0529018863986555,0.00399549282155925,0.045628760010004,0.48915537460422764,0.5263469630363002,-0.044801945574167445,-0.041633267188444754,,-0.03225904519786253,2.707185064298666,-1.13360615589279,-1.13360615589279,0.2584820146246818,3652335.0,-1.12086243521219,0.26234770158537946,-0.0915608911831231,-0.04860500046106642,GCST90199754,cancerType_celltype,ESCA_Epi_ESCA,tissue,Tumor,Adjacent,group2_higher,0.3413866142765904,0.3418546054119237
43134,178,0.3943030119477827,0.27219555194207123,0.32166410982608795,0.23815891891717905,1.2787702380907178,1.1726502580772233,0.12210746000571149,0.0835051909089089,,0.04040907663157699,0.5346595980176285,1.3858642145739175,1.3858642145739175,0.16751498877385182,4024765.0,1.116345129708283,0.26427571604946587,0.09551924962607511,0.04840911234027434,GCST90200147,cancerType_celltype,ESCA_Epi_ESCA,tissue,Tumor,Adjacent,group1_higher,0.23684951213564318,0.3440380143031729
43134,178,0.17212168463159916,0.2685291109452275,0.12465293332934375,0.2434025928378105,1.2174527254468546,1.1635071642526995,-0.09640742631362836,-0.11874965950846673,,-0.03075409983305635,0.6416466226684694,-1.1029924039611179,-1.1029924039611179,0.27151444102043676,3653452.0,-1.1141525545634343,0.2652150340242935,-0.07920184515973372,-0.048314033664623945,GCST90200208,cancerType_celltype,ESCA_Epi_ESCA,tissue,Tumor,Adjacent,group2_higher,0.3568699933566589,0.34493138489991604
43134,178,-1.1128882850211181,-0.985722265996332,-1.167131781578064,-1.0908068418502808,1.4496631230594907,1.3103210175948132,-0.1271660190247862,-0.0763249397277832,,-0.03950095153775695,-0.17505549100764348,-1.2915443251762195,-1.2915443251762195,0.19818215660601757,3653721.0,-1.1125366567169568,0.2659087689491637,-0.08775390435304853,-0.0482439619831172,GCST90200335,cancerType_celltype,ESCA_Epi_ESCA,tissue,Tumor,Adjacent,group2_higher,0.27202646470695063,0.34550395812937096
43134,178,-0.18179282633461835,-0.225725537151611,-0.23833885043859482,-0.3495074212551117,0.8324991817940839,0.9400299345392422,0.043932710816992654,0.11116857081651688,,0.01925404733313253,-0.3122728295977406,0.6225219120584009,0.6225219120584009,0.5343947510218606,4023716.0,1.1100437288125398,0.26698147769173297,0.052742445496429244,0.0481358588313503,GCST90200328,cancerType_celltype,ESCA_Epi_ESCA,tissue,Tumor,Adjacent,group1_higher,0.6230795942196715,0.34656738485126865
43134,178,-0.30684875872683,-0.2506777700664622,-0.33144789934158325,-0.29410441219806666,0.7625376820650952,0.8278997947191158,-0.05617098866036779,-0.037343487143516596,,-0.027989156404076967,-0.2916926292992034,-0.903619163359182,-0.903619163359182,0.36741699902603897,3654679.0,-1.1067818978436281,0.26838953545254474,-0.07363633398470452,-0.047994413020725046,GCST90201005,cancerType_celltype,ESCA_Epi_ESCA,tissue,Tumor,Adjacent,group2_higher,0.4577599357152569,0.3480636886982098
43134,178,0.15152354471829177,0.20748891928259366,0.12920533865690226,0.17295379936695093,0.6061295733506077,0.6384957564289555,-0.055965374564301895,-0.043748460710048676,,-0.031064258391710623,0.4534897383513766,-1.1672539397273456,-1.1672539397273456,0.24466631894620663,3656442.0,-1.0961914595412496,0.27299631046035866,-0.0923116804161608,-0.04753516999285734,GCST90199811,cancerType_celltype,ESCA_Epi_ESCA,tissue,Tumor,Adjacent,group2_higher,0.3259825930827758,0.3537014934956928
43134,178,0.20651292402410187,0.16237194323650656,0.18453644961118695,0.0236282451078295,0.9268977291794659,0.96410667119022,0.04414098078759532,0.16090820450335747,,0.018666573608784178,0.34692780609882484,0.6096775520933363,0.6096775520933363,0.5428513623209584,4020439.0,1.0903586089504331,0.2755565296877647,0.04761430971701066,0.04728223466667503,GCST90199986,cancerType_celltype,ESCA_Epi_ESCA,tissue,Tumor,Adjacent,group1_higher,0.6304401242061115,0.3566795346290819
43134,178,-0.3255467906792215,-0.3904997506519005,-0.37034159898757935,-0.40978059172630305,0.7397305216765375,0.8302962394585854,0.06495295997267903,0.0394389927387237,,0.03863107459584739,-0.26245597389641395,1.041995319056954,1.041995319056954,0.29882573802981255,4019579.0,1.0851925414858583,0.2778377169149405,0.08775965940877052,0.04705821367747132,GCST90199864,cancerType_celltype,ESCA_Epi_ESCA,tissue,Tumor,Adjacent,group1_higher,0.3875351864268644,0.3592910893311802
43134,178,-0.05531230624872238,0.019594797084966066,-0.08830474689602849,-0.04761872999370095,0.8618231746590985,0.8315034471632219,-0.07490710333368844,-0.04068601690232754,,-0.033817629417138326,-1.497082321347837,-1.1992464462645325,-1.1992464462645325,0.23202099505424306,3658848.0,-1.081738484750823,0.27937008243739403,-0.08692930094896953,-0.04690843220213159,GCST90200858,cancerType_celltype,ESCA_Epi_ESCA,tissue,Tumor,Adjacent,group2_higher,0.31157105050141215,0.3609302581631925
43134,178,-0.42993819764724206,-0.2843884704013229,-0.47296707332134247,-0.46078020334243774,1.1063533814387263,1.2123968634500397,-0.14554972724591914,-0.012186869978904724,,-0.04919314039899525,-0.5962645973644111,-1.598938193176341,-1.598938193176341,0.1116056883025627,3659788.0,-1.0760918528709387,0.28188752209209056,-0.13150411014071475,-0.046663572051141355,GCST90199889,cancerType_celltype,ESCA_Epi_ESCA,tissue,Tumor,Adjacent,group2_higher,0.16526873344028287,0.3637638168905437
43134,178,0.3361325449292827,0.25858111282433854,0.31955768167972565,0.3460593521595001,0.6425771479867852,0.6578586201648825,0.07755143210494414,-0.026501670479774475,,0.049897684047081295,0.3784120441312273,1.56969033261855,1.56969033261855,0.11825915055673279,4017986.0,1.0756233025660122,0.28209710524820597,0.1206762589763982,0.046643253868399626,GCST90200423,cancerType_celltype,ESCA_Epi_ESCA,tissue,Tumor,Adjacent,group1_higher,0.17388049860714866,0.3637638168905437
43134,178,-0.31619374094008906,-0.4179284370646896,-0.4096159487962723,-0.4645995050668716,0.9611801241043164,0.875885700040933,0.10173469612460051,0.05498355627059931,,0.04241576205033241,-0.4024460066766781,1.5458067915206692,1.5458067915206692,0.12391969878725839,4017195.0,1.0708717219096415,0.2842284630342071,0.10588023004118105,0.04643720665623663,GCST90200416,cancerType_celltype,ESCA_Epi_ESCA,tissue,Tumor,Adjacent,group1_higher,0.18181114041661267,0.36616577988244264
43134,178,0.12352873340590206,0.17187688992949976,0.12299206480383865,0.14853347092866895,0.4237707316151639,0.5591343252789917,-0.048348156523597696,-0.0255414061248303,,-0.04048710813572564,0.47652563303215056,-1.152284286924321,-1.152284286924321,0.25075085780679396,3661097.0,-1.0682286176254405,0.2854187533146806,-0.11391802892762513,-0.04632259126641147,GCST90199952,cancerType_celltype,ESCA_Epi_ESCA,tissue,Tumor,Adjacent,group2_higher,0.332788139426154,0.3673519931708306
43134,178,-0.24260838650428684,-0.18943939832061413,-0.266785591840744,-0.23338633030653,0.5873183711066337,0.584991116867336,-0.053168988183672716,-0.03339926153421402,,-0.03403621303813797,-0.3568913495770299,-1.2100902416794044,-1.2100902416794044,0.2278445168070328,3661941.0,-1.0631586630439276,0.2877113667047654,-0.09052985592699712,-0.046102738109565,GCST90200259,cancerType_celltype,ESCA_Epi_ESCA,tissue,Tumor,Adjacent,group2_higher,0.30686964071935346,0.3699533894515049
43134,178,-0.47757170793444836,-0.4355300446590304,-0.553266704082489,-0.3390429019927978,0.8405584903724408,0.8415356533828218,-0.04204166327541797,-0.21422380208969122,,-0.020306605141425516,-0.132944834794029,-0.6651585673581282,-0.6651585673581282,0.5068077749756463,3662187.0,-1.0616809274668515,0.2883819246494872,-0.05001610703208992,-0.04603865768707183,GCST90200056,cancerType_celltype,ESCA_Epi_ESCA,tissue,Tumor,Adjacent,group2_higher,0.5980770539322995,0.3704661294036296
43134,178,-0.2638161238466035,-0.18962205005051003,-0.41843959689140314,-0.1783084943890571,1.4239034499676666,1.4042870013875026,-0.0741940737960935,-0.24013110250234604,,-0.023567848829478193,-0.4764038652122763,-0.7034026268513033,-0.7034026268513033,0.482721313766981,3662395.0,-1.0604314599870472,0.28894972192332546,-0.052109026533258114,-0.04598447586642718,GCST90200521,cancerType_celltype,ESCA_Epi_ESCA,tissue,Tumor,Adjacent,group2_higher,0.5746610431515893,0.3708460178733452
43134,178,0.22833314903778668,0.21745390239632112,0.2653502821922302,0.2422782033681869,0.36798283688539407,0.5608147370412248,0.010879246641465556,0.02307207882404333,,0.009081942806644807,0.07043040736471236,0.2585853645705568,0.2585853645705568,0.7962545655004462,4015111.5,1.0583560224184303,0.2898945297874713,0.029484967077359217,0.045894476736462186,GCST90199846,cancerType_celltype,ESCA_Epi_ESCA,tissue,Tumor,Adjacent,group1_higher,0.8480595816757726,0.3717086021639919
43134,178,-0.04480152333313655,-0.1699003813123812,-0.08589547872543335,-0.06551286112517116,1.0804222805766326,0.9875974441817886,0.12509885797924464,-0.020382617600262193,,0.05033325810817986,-1.9230456877603919,1.685829180919789,1.685829180919789,0.09357343640212046,4014077.0,1.0521417238229622,0.29273590955934026,0.11582593144849976,0.04562500032561201,GCST90199764,cancerType_celltype,ESCA_Epi_ESCA,tissue,Tumor,Adjacent,group1_higher,0.14282261345586805,0.37499910218926763
43134,178,0.0801379346752418,0.04560892627668682,0.069164115935564,0.03658249974250785,0.6922785396769309,0.7420938344682546,0.03452900839855498,0.03258161619305615,,0.018243925309251362,0.8131554932253511,0.6196648380874669,0.6196648380874669,0.536269647732101,4013915.0,1.0511685808819609,0.2931825498310451,0.049862145879454256,0.04558280102299439,GCST90199990,cancerType_celltype,ESCA_Epi_ESCA,tissue,Tumor,Adjacent,group1_higher,0.6247312221015843,0.3750818061526318
43134,178,-0.2694026352403629,-0.19322251922482353,-0.34746353328227997,-0.23451086878776545,1.217293765843314,1.1612774695059773,-0.07618011601553937,-0.11295266449451452,,-0.02706807409555573,-0.47949860802838706,-0.8732392050570956,-0.8732392050570956,0.3837052177665127,3663998.0,-1.0508021505152876,0.29335084765862474,-0.06259303962697042,-0.045566911162132295,GCST90200734,cancerType_celltype,ESCA_Epi_ESCA,tissue,Tumor,Adjacent,group2_higher,0.4754456471052334,0.3750818061526318
43134,178,0.18152616101500157,0.27418350216179166,0.15872996300458903,0.2534570023417473,0.8974392920195219,0.9476266104476043,-0.09265734114679008,-0.09472703933715826,,-0.04025113955636873,0.5949615996787742,-1.302118105583998,-1.302118105583998,0.194555490030084,3664181.0,-1.0497028594152675,0.29385613003865774,-0.10322211321936889,-0.0455192415795459,GCST90200853,cancerType_celltype,ESCA_Epi_ESCA,tissue,Tumor,Adjacent,group2_higher,0.2681285469272037,0.375375731249007
43134,178,0.24604846712098857,0.1684576524997109,0.2215180769562721,0.1537104323506355,0.8090574565601518,0.8785611584783515,0.07759081462127768,0.0678076446056366,,0.037569299266383936,0.5465538608220779,1.176223136341358,1.176223136341358,0.24107427186981142,4013513.0,1.0487537446950317,0.2942928540594999,0.09586762773293843,0.04547808423501776,GCST90199671,cancerType_celltype,ESCA_Epi_ESCA,tissue,Tumor,Adjacent,group1_higher,0.3218258888918247,0.3755816105646988
43134,178,0.7565936340083187,0.6365728401788249,0.6844428777694702,0.4358057230710983,1.728974371162778,1.606012503603303,0.12002079382949382,0.2486371546983719,,0.028267254012492984,0.24919267335698878,0.9946756450285865,0.9946756450285865,0.3212390183230609,4013402.0,1.04808696156879,0.29459992660496437,0.06943680214133133,0.045449169898039266,GCST90200445,cancerType_celltype,ESCA_Epi_ESCA,tissue,Tumor,Adjacent,group1_higher,0.4092044691348897,0.3756217960360771
43134,178,0.5121394293342283,0.41958633524475597,0.46209196746349335,0.2676279991865158,1.2280001255305724,1.1562519446770096,0.09255309408947232,0.19446396827697754,,0.02706180773390708,0.28756832015571193,1.0654671291213285,1.0654671291213285,0.2881024436113344,4011955.0,1.0393947527068832,0.29862257973111084,0.07538643834369604,0.04507224155922773,GCST90199875,cancerType_celltype,ESCA_Epi_ESCA,tissue,Tumor,Adjacent,group1_higher,0.37613374582590886,0.38039493100327487
43134,178,0.014514536449271495,-0.022556230259713917,0.018263160251080948,-0.016134976409375598,0.5116575208043328,0.5108340789396182,0.03707076670898541,0.034398136660456546,,0.02648972363117664,-0.6359920435633477,0.9661945324507366,0.9661945324507366,0.3352542988754711,4011567.5,1.037067018820229,0.2997060242234063,0.07245278106617367,0.044971301869324964,GCST90200238,cancerType_celltype,ESCA_Epi_ESCA,tissue,Tumor,Adjacent,group1_higher,0.42509710371253184,0.38141859105182335
43134,178,-0.9386689025178376,-0.7850337500129355,-1.0151960253715515,-1.0294533371925354,1.6643935863151642,1.6385367369765982,-0.15363515250490212,0.014257311820983887,,-0.03517660015808339,-0.25786138437306955,-1.2483080640977513,-1.2483080640977513,0.21355303729042535,3666621.0,-1.0350456447483343,0.30064899774469767,-0.09231279980633439,-0.04488364714506088,GCST90199697,cancerType_celltype,ESCA_Epi_ESCA,tissue,Tumor,Adjacent,group2_higher,0.2896246664943779,0.38226173873696173
43134,178,0.3090371599739837,0.2617367955560409,0.2951389998197555,0.20776193588972086,0.6380204245190826,0.6668016403415369,0.047300364417942775,0.08737706393003464,,0.025408852156949664,0.23966272484069528,0.9446239776908925,0.9446239776908925,0.3461288912368654,4010406.0,1.0300898242154573,0.30296925137786224,0.0741221570406882,0.04466874328913861,GCST90200777,cancerType_celltype,ESCA_Epi_ESCA,tissue,Tumor,Adjacent,group1_higher,0.43704443787047004,0.38485283283133853
43134,178,0.24283928685699355,0.2713862211453948,0.2200931087136268,0.3090590685606003,0.7565744677747887,0.8194690811488913,-0.028546934288401243,-0.08896595984697347,,-0.013945563127875243,0.1603450074408698,-0.4639534638474548,-0.4639534638474548,0.6432471820951959,3668764.5,-1.022169521945641,0.30670209454023234,-0.03771847874842562,-0.04432528785394663,GCST90200590,cancerType_celltype,ESCA_Epi_ESCA,tissue,Tumor,Adjacent,group2_higher,0.7198242275827192,0.3892318015440751
43134,178,0.16953754853332587,0.14717827458850244,0.1686393544077873,0.0971054807305336,0.44395143713751023,0.5186703188678397,0.022359273944823427,0.0715338736772537,,0.018737176217610733,0.20403881189430256,0.5742761503440014,0.5742761503440014,0.56650566332035,4008706.0,1.0198778303901348,0.30778782963579243,0.05032671855601507,0.044225911101177795,GCST90201011,cancerType_celltype,ESCA_Epi_ESCA,tissue,Tumor,Adjacent,group1_higher,0.6505031331976724,0.39024633655217217
43134,178,-0.5855339976451133,-0.6807658663961325,-0.6594581007957458,-0.7797711789608002,1.4372046134605097,1.5441538901370222,0.09523186875101919,0.12031307816505432,,0.028027073071496936,-0.21740541759879184,0.8213473230589798,0.8213473230589798,0.4125455266802537,4008164.0,1.0166220064764144,0.30933471062704465,0.06624098099657617,0.04408472578007494,GCST90200205,cancerType_celltype,ESCA_Epi_ESCA,tissue,Tumor,Adjacent,group1_higher,0.5021423931316407,0.3918431325136263
43134,178,0.035848958938004175,-0.012646973259966778,0.015664543956518152,-0.0226317020133137,0.6481312834362706,0.6839244119368536,0.04849593219797095,0.03829624596983185,,0.030603420757411477,1.5030652437853842,0.9442868431390572,0.9442868431390572,0.34630080183426826,4007201.0,1.010837212327129,0.3120957871456378,0.0748068945848086,0.043833874370071246,GCST90200351,cancerType_celltype,ESCA_Epi_ESCA,tissue,Tumor,Adjacent,group1_higher,0.43704443787047004,0.3949690686221542
43134,178,0.2830702170478242,0.2446671619565289,0.2968478202819824,0.2709451764822006,0.4348565782920365,0.5299132312563866,0.038403055091295296,0.0259026437997818,,0.03299154861379461,0.2103386826818135,0.9655358547065616,0.9655358547065616,0.33558656169822765,4007101.5,1.010239510335588,0.3123819926446678,0.08822461575903658,0.04380795566259943,GCST90200166,cancerType_celltype,ESCA_Epi_ESCA,tissue,Tumor,Adjacent,group1_higher,0.42509710371253184,0.3949690686221542
43134,178,-0.08607493731558195,-0.13445888095786482,-0.11439207196235651,-0.1833977401256561,0.8613893571601317,0.9518666203851857,0.048383943642282864,0.06900566816329959,,0.0212212692671253,-0.6434938863319444,0.6770216618491965,0.6770216618491965,0.4992701399430496,4006341.0,1.0056711448625542,0.31457523328359693,0.056144294974222485,0.043609853380867536,GCST90199848,cancerType_celltype,ESCA_Epi_ESCA,tissue,Tumor,Adjacent,group1_higher,0.5927745651065998,0.39737353379568363
43134,178,-0.016738782545568362,0.0499362861214394,-0.0592526830732822,0.01638238131999965,1.141682518343409,1.2291531778841636,-0.06667506866700776,-0.07563506439328185,,-0.023649775367306548,1.5768366320728175,-0.7224299488780453,-0.7224299488780453,0.4709768492958597,3671951.0,-1.003028040578353,0.31584878128309835,-0.05838173181573662,-0.04349523799104227,GCST90200794,cancerType_celltype,ESCA_Epi_ESCA,tissue,Tumor,Adjacent,group2_higher,0.5631065312195235,0.3986128600822806
43134,178,0.278913501727243,0.20955138079680796,0.26850542426109314,0.24359838664531705,0.6654615610249975,0.6551574756203635,0.06936212093043503,0.02490703761577609,,0.03694234604668636,0.41251203449187895,1.4094968915027748,1.4094968915027748,0.1604280438383589,4005690.0,1.0017605519329746,0.3164607047821355,0.104238141926872,0.04344027470183076,GCST90200862,cancerType_celltype,ESCA_Epi_ESCA,tissue,Tumor,Adjacent,group1_higher,0.22777439974133665,0.3986834523446485
43134,178,-0.383235775625475,-0.32577631624122516,-0.4201130121946335,-0.37952786684036255,1.045958080764301,0.9788792482129804,-0.057459459384249845,-0.040585145354270935,,-0.020927671621272393,-0.23434985656071144,-0.7813069753388652,-0.7813069753388652,0.4356559952416753,3672172.0,-1.001700481381061,0.3164897251921568,-0.05494870477220069,-0.04343766980660735,GCST90199645,cancerType_celltype,ESCA_Epi_ESCA,tissue,Tumor,Adjacent,group2_higher,0.5273526834053316,0.3986834523446485
43134,178,-0.020669399382997954,0.03350304150522237,-0.05367570184171195,0.01675542630255215,0.7253244321499284,0.6968471359278192,-0.05417244088822032,-0.0704311281442641,,-0.030996493561638614,0.6967688705547305,-1.0348614703052679,-1.0348614703052679,0.3021329015317783,3672466.0,-0.9999344071547994,0.3173437056292263,-0.07469893756233935,-0.04336108588704235,GCST90200384,cancerType_celltype,ESCA_Epi_ESCA,tissue,Tumor,Adjacent,group2_higher,0.39070886602259375,0.3993900930495249
43134,178,0.08128177046022195,0.1298396371441025,0.06827748194336886,0.1617367565631866,0.5847211241293129,0.6348960306007004,-0.04855786668388054,-0.09345927461981773,,-0.030909362215585393,0.6757205032964422,-1.0186107528889075,-1.0186107528889075,0.3097684034597753,3673306.0,-0.9948884807940519,0.3197919669310444,-0.08301413282622415,-0.04314227468828524,GCST90199632,cancerType_celltype,ESCA_Epi_ESCA,tissue,Tumor,Adjacent,group2_higher,0.39869153344256253,0.40180342431591
43134,178,0.32898070086046555,0.36511933842341654,0.3271435797214508,0.4191824346780777,0.5004780453201703,0.5696434508222357,-0.03613863756295099,-0.09203885495662689,,-0.025025742335343982,0.15036469561660926,-0.8450610136895763,-0.8450610136895763,0.39921039355798804,3673365.0,-0.9945340645377613,0.31996439125950427,-0.07216467622412952,-0.04312690580646772,GCST90200518,cancerType_celltype,ESCA_Epi_ESCA,tissue,Tumor,Adjacent,group2_higher,0.4897603658141653,0.40180342431591
43134,178,0.28281265443532194,0.2349153060330015,0.29056705534458155,0.2622756212949752,0.427908045550082,0.4709995886392104,0.04789734840232043,0.028291434049606323,,0.03889248635370928,0.26770491881399755,1.3544487345987064,1.3544487345987064,0.17730806819371628,4004425.0,0.9941616271158966,0.32014564842779036,0.11188538620254337,0.04311075545608323,GCST90200831,cancerType_celltype,ESCA_Epi_ESCA,tissue,Tumor,Adjacent,group1_higher,0.24791684767422742,0.40180342431591
43134,178,-0.4295916465321407,-0.34932418963401,-0.46560703217983246,-0.49115137755870814,0.9938863983828261,1.058008464776169,-0.0802674568981307,0.025544345378875677,,-0.02869714993778239,-0.2983986201104678,-1.010348100649374,-1.010348100649374,0.3136977403466703,3673910.5,-0.9912572159308711,0.3215614647993875,-0.08073922668740266,-0.04298480877203681,GCST90201018,cancerType_celltype,ESCA_Epi_ESCA,tissue,Tumor,Adjacent,group2_higher,0.401851522643338,0.40320908603639855
43134,178,-0.09245018634721608,-0.011469434318917521,-0.1353059783577919,-0.10826585814356801,0.9793934503006906,0.9503939589337339,-0.08098075202829856,-0.02704012021422389,,-0.03339258012000805,-3.010771813729233,-1.1343278705534876,-1.1343278705534876,0.25817760346457147,3674851.0,-0.9856075805233913,0.3243271911525939,-0.08269445549684638,-0.04273981837628549,GCST90199771,cancerType_celltype,ESCA_Epi_ESCA,tissue,Tumor,Adjacent,group2_higher,0.34131529924559745,0.4063032734751705
43134,178,-0.1059624848051408,-0.02679063238496526,-0.17645063996314994,0.0527641754597425,1.3671198909414448,1.4797714127480475,-0.07917185242017553,-0.22921481542289243,,-0.023717252244023733,-1.9837128044869505,-0.7125620101027114,-0.7125620101027114,0.47704853168035644,3677434.0,-0.9700913569640927,0.33200245377491877,-0.057891123859127196,-0.042066973940107166,GCST90199943,cancerType_celltype,ESCA_Epi_ESCA,tissue,Tumor,Adjacent,group2_higher,0.5693670303680611,0.4155365881498754
43134,178,0.18534680456197392,0.08669142774567845,0.15859506279230115,0.0986743383109569,1.0807243725332332,1.0165409241067778,0.09865537681629546,0.05992072448134425,,0.036259432237617475,1.0962571364576963,1.2918004234661618,1.2918004234661618,0.19809490472134725,3999748.0,0.9660666299858774,0.3340123440294889,0.09130785003908333,0.041892445960146185,GCST90200880,cancerType_celltype,ESCA_Epi_ESCA,tissue,Tumor,Adjacent,group1_higher,0.27202646470695063,0.4176686467084343
43134,178,0.06725697465520038,0.17137396084066228,0.03748227842152115,0.058711577206849996,1.2981412038626265,1.334116669864302,-0.1041169861854619,-0.021229298785328844,,-0.030101688801416716,1.3493790957079321,-1.0391805558168088,-1.0391805558168088,0.30012724503757643,3679336.0,-0.9586659379901143,0.33772857675063683,-0.08019546135400744,-0.041571522868635635,GCST90200251,cancerType_celltype,ESCA_Epi_ESCA,tissue,Tumor,Adjacent,group2_higher,0.38885307508195505,0.42192855188920075
43134,178,-0.029385095751240334,0.014856561717545892,-0.0776167213916778,0.04819370247423645,1.0462922142796123,0.9743832258255553,-0.04424165746878622,-0.12581042386591423,,-0.01760386045478106,-0.983936320823288,-0.6043392513674292,-0.6043392513674292,0.5463846698156305,3679549.0,-0.9573864352343534,0.3383737579725359,-0.04229570015735982,-0.041516038600379335,GCST90200256,cancerType_celltype,ESCA_Epi_ESCA,tissue,Tumor,Adjacent,group2_higher,0.6338062169861314,0.42234746530821105
43134,178,-0.008949493769611969,-0.05179880154835782,-0.0243787011131644,-0.01881602779030795,0.5446799594437886,0.6170869020901677,0.042849307778745856,-0.0055626733228564505,,0.030850117839952132,-2.5329073922987204,0.9249333936973051,0.9249333936973051,0.35625180332705064,3996981.0,0.9494451082713674,0.3423958044215688,0.07862323939618988,0.04117167145185929,GCST90199897,cancerType_celltype,ESCA_Epi_ESCA,tissue,Tumor,Adjacent,group1_higher,0.44698258500833365,0.42697665272332874
43134,178,0.046359122694163056,-0.023750706701382494,0.0090353298000991,-0.1115804426372051,1.0367707161267172,1.0963372939351888,0.07010982939554555,0.1206157724373042,,0.025831411852802043,0.9648532011202062,0.8516179985511968,0.8516179985511968,0.39556844059571483,3996476.0,0.9464115453997276,0.34394025030272435,0.06760694479851292,0.041040124243082676,GCST90199803,cancerType_celltype,ESCA_Epi_ESCA,tissue,Tumor,Adjacent,group1_higher,0.48704587581929476,0.4285105677903229
43134,178,-0.20414433299363793,-0.11450169543379897,-0.2447092086076736,-0.15621143579483024,0.853192743350496,0.8985151888909645,-0.08964263755983896,-0.08849777281284335,,-0.03890979169767205,-0.8342150259351258,-1.3285953518332259,-1.3285953518332259,0.18567921783172517,3681890.0,-0.9433239190313654,0.3455167808195312,-0.10504386846525349,-0.04090623262860493,GCST90200303,cancerType_celltype,ESCA_Epi_ESCA,tissue,Tumor,Adjacent,group2_higher,0.25771972902712975,0.4300816184995626
43134,178,0.42588148595523384,0.36495828164448396,0.41800037026405334,0.2763611227273941,0.9489047467433408,0.9625949331957623,0.06092320431074988,0.14163924753665924,,0.02537676808703822,0.2227198894518774,0.8427138275093602,0.8427138275093602,0.40051675591282243,3995819.0,0.942464910139,0.34595620527348947,0.06419989654245725,0.04086898262691174,GCST90200715,cancerType_celltype,ESCA_Epi_ESCA,tissue,Tumor,Adjacent,group1_higher,0.4903360113245816,0.43023568228810777
43134,178,0.04451589517771181,-0.04498647978422075,0.021105504594743203,-0.0060709681711159,0.9640989906061626,0.8490717244433212,0.08950237496193256,0.027176472765859102,,0.030643925562170903,-0.015170573153554592,1.40264544890471,1.40264544890471,0.16245568207291425,3995206.5,0.9387855888342883,0.3478423818122993,0.09287784973537934,0.0407094327944848,GCST90200859,cancerType_celltype,ESCA_Epi_ESCA,tissue,Tumor,Adjacent,group1_higher,0.2301736950783598,0.4321870249864758
43134,178,-0.013806665142925454,0.014211035173993254,-0.021609041839838,0.0391987599432468,0.5251544814100664,0.5522491815556183,-0.028017700316918706,-0.0608078017830848,,-0.019835573026247985,0.04164378189137229,-0.6756139221286229,-0.6756139221286229,0.5001609808265046,3683060.0,-0.936295664457467,0.3491225257949022,-0.05333981375723995,-0.040601459887478986,GCST90200743,cancerType_celltype,ESCA_Epi_ESCA,tissue,Tumor,Adjacent,group2_higher,0.5927994929274137,0.43338251608237865
43134,178,0.1160865976624812,0.1653000418766496,0.09994772076606745,0.172505110502243,0.5856405946483615,0.6315153200753193,-0.0492134442141684,-0.07255738973617554,,-0.03076542973639735,0.5098819691952325,-1.0378643614942171,-1.0378643614942171,0.30073897495005186,3683265.5,-0.9350612146156413,0.34975830100396776,-0.08400558471824421,-0.040547929290640106,GCST90199854,cancerType_celltype,ESCA_Epi_ESCA,tissue,Tumor,Adjacent,group2_higher,0.38927561524873755,0.4337766735836288
43134,178,-0.6214076253615167,-0.6798284636359803,-0.6954493820667267,-0.7505341172218323,1.1709214342671128,1.243761076581802,0.05842083827446354,0.05508473515510559,,0.02230594736401149,-0.12963062257757726,0.625529882436936,0.625529882436936,0.532423186415375,3994152.0,0.9324511491349927,0.35110497308151867,0.049879973457642834,0.0404347465931878,GCST90199844,cancerType_celltype,ESCA_Epi_ESCA,tissue,Tumor,Adjacent,group1_higher,0.6218447327199281,0.4349632335809748
43134,178,-0.2533511935442296,-0.18319149637919213,-0.2668319195508957,-0.1863548904657364,1.327294238286392,1.2384945654455275,-0.07015969716503745,-0.0804770290851593,,-0.019173466220861055,-0.4677839084734813,-0.7540095224780426,-0.7540095224780426,0.4518359924341171,3683780.0,-0.9319705847196835,0.35135327965711904,-0.05287316392534767,-0.040413907431401386,GCST90199684,cancerType_celltype,ESCA_Epi_ESCA,tissue,Tumor,Adjacent,group2_higher,0.5440392735757081,0.4349632335809748
43134,178,-0.31784382829910235,-0.2614214348199966,-0.35885705053806305,-0.3150756508111954,0.7687397019597985,0.8127376290629881,-0.05642239347910577,-0.043781399726867676,,-0.026773718764689678,-0.2819396582820153,-0.9245085117753449,-0.9245085117753449,0.3564710710961546,3684388.0,-0.9283182951633329,0.35324404421113376,-0.07337831404935108,-0.040255529801824785,GCST90200866,cancerType_celltype,ESCA_Epi_ESCA,tissue,Tumor,Adjacent,group2_higher,0.44698258500833365,0.4369071073137707
43134,178,0.26069779192843934,0.3078356344812665,0.2481334581971168,0.31135496497154236,0.6774001855304119,0.7575637196928718,-0.04713784255282716,-0.06322150677442556,,-0.029051015415129305,0.23978103412244184,-0.8287913879716166,-0.8287913879716166,0.4083313625126104,3684850.0,-0.9255430356649218,0.3546850702872497,-0.0695507850730776,-0.04013518364250834,GCST90199664,cancerType_celltype,ESCA_Epi_ESCA,tissue,Tumor,Adjacent,group2_higher,0.49870577697552687,0.43829170516910365
43134,178,-0.1916440085989487,-0.13815106396802723,-0.21707894653081888,-0.0811256319284439,0.7707988801117508,0.8720178129969386,-0.05349294463092147,-0.13595331460237498,,-0.023345460623740343,-0.4721793076575025,-0.8171130269018803,-0.8171130269018803,0.41495527276160804,3686491.0,-0.91568545809589,0.35983347012411415,-0.06935969855935754,-0.03970772033636494,GCST90200162,cancerType_celltype,ESCA_Epi_ESCA,tissue,Tumor,Adjacent,group2_higher,0.5036367201906249,0.4442509237130141
43134,178,-0.13950014211845965,-0.09636724777938274,-0.16739179939031595,-0.07404372096061701,0.6289658966728564,0.6905014121783198,-0.04313289433907691,-0.09334807842969894,,-0.02603564256470359,-0.5336471551122564,-0.8319779260399999,-0.8319779260399999,0.40653482942564967,3687843.0,-0.9075639194771631,0.3641102516886573,-0.06854873393118673,-0.03935553850217488,GCST90200093,cancerType_celltype,ESCA_Epi_ESCA,tissue,Tumor,Adjacent,group2_higher,0.49695692601539065,0.44912422900600896
43134,178,0.3878873588922852,0.4068244391832543,0.3907761573791504,0.4309547692537308,0.5079392079159564,0.6011008457629128,-0.018937080290969077,-0.04017861187458038,,-0.012910628642770131,0.06876841602403545,-0.4196978706964272,-0.4196978706964272,0.6752121742514454,3688081.0,-0.9061342403416179,0.36486639358051254,-0.03725170779676634,-0.039293541995860326,GCST90199980,cancerType_celltype,ESCA_Epi_ESCA,tissue,Tumor,Adjacent,group2_higher,0.7476151043905119,0.4495531046263999
43134,178,0.45841386720331084,0.3401778099320703,0.40801262855529785,0.39146119356155396,1.4659044677059274,1.4977573704850358,0.11823605727124054,0.016551434993743896,,0.033947288619203826,0.4303605570731964,1.0511429463779498,1.0511429463779498,0.2946146776121149,3989692.0,0.9056596829815,0.36511759854836734,0.08065017024890576,0.0392729633235962,GCST90200582,cancerType_celltype,ESCA_Epi_ESCA,tissue,Tumor,Adjacent,group1_higher,0.3831677534210998,0.4495531046263999
43134,178,0.28841017435399324,0.2999234254723101,0.29649586975574493,0.35321319103240967,0.42982839173467413,0.47563470662924506,-0.011513251118316858,-0.056717321276664734,,-0.008642071218963876,0.05647195608561568,-0.322406554716304,-0.322406554716304,0.7475226672284552,3688399.0,-0.9042239967907635,0.36587823055731283,-0.02677341341444884,-0.03921070632775936,GCST90200395,cancerType_celltype,ESCA_Epi_ESCA,tissue,Tumor,Adjacent,group2_higher,0.8060707242344813,0.4500830579870193
43134,178,0.016757617156000555,-0.07466149191487204,-0.03843230009078975,-0.12621606886386866,1.176311375797186,1.1940584674378187,0.09141910907087258,0.0877837687730789,,0.033854094866828666,-2.1554805510489086,1.0194207583713142,1.0194207583713142,0.3093835500151455,3988067.0,0.8958982182955301,0.37030873012988574,0.0777119326001203,0.03884966784981003,GCST90200135,cancerType_celltype,ESCA_Epi_ESCA,tissue,Tumor,Adjacent,group1_higher,0.398572569631988,0.45494492314299373
43134,178,0.23916940891204985,0.21324243985660626,0.2380039989948272,0.1925573945045471,0.4987682134162985,0.5124825692825382,0.02592696905544359,0.045446604490280096,,0.019318920783739185,0.16553754508502969,0.6736518841025989,0.6736518841025989,0.501404560261441,3988008.0,0.8955438020392396,0.3704980665361137,0.05197607890350296,0.03883429896799262,GCST90199868,cancerType_celltype,ESCA_Epi_ESCA,tissue,Tumor,Adjacent,group1_higher,0.5931125116496803,0.45494492314299373
43134,178,-0.5047217482629219,-0.47922639820065477,-0.5440884232521057,-0.3960360586643219,0.8986425981388394,1.0845145993804728,-0.025495350062267164,-0.1480523645877838,,-0.01034786938815448,-0.07478071985628582,-0.31319959304819345,-0.31319959304819345,0.7544956997266151,3690583.0,-0.89110458825282,0.3728746748460293,-0.028344531252956082,-0.038641797210990814,GCST90199888,cancerType_celltype,ESCA_Epi_ESCA,tissue,Tumor,Adjacent,group2_higher,0.8123046119489545,0.4574511087444986
43134,178,-0.25594995142285165,-0.3089944618032052,-0.27821496129035944,-0.34378616511821747,0.8712483840210689,0.7703671587752501,0.05304451038035357,0.06557120382785803,,0.02289490615097041,-0.27171828037807355,0.9162406293727098,0.9162406293727098,0.36077430965367785,3985080.0,0.8779551444389196,0.3799696914882691,0.060910499373026936,0.038071585646610506,GCST90200513,cancerType_celltype,ESCA_Epi_ESCA,tissue,Tumor,Adjacent,group1_higher,0.45113337986969076,0.46573623156340893
43134,178,-0.6535666203890426,-0.6038290361044509,-0.6893693506717682,-0.6562875807285309,0.7008636788096531,0.724380119060525,-0.04973758428459163,-0.033081769943237305,,-0.02908040627588584,-0.11419398790470994,-0.9143046417677752,-0.9143046417677752,0.3617910733979828,3693227.0,-0.875221934326848,0.3814547946781982,-0.07095623934679518,-0.0379530629139504,GCST90200544,cancerType_celltype,ESCA_Epi_ESCA,tissue,Tumor,Adjacent,group2_higher,0.45199013111040376,0.4671364646418546
43134,178,0.19830342112553795,0.15093092678188022,0.18720205873250956,0.15640995651483536,0.48642763533557093,0.5323410955626041,0.04737249434365773,0.0307921022176742,,0.03757500524106895,0.3938188294154977,1.1852210527517733,1.1852210527517733,0.2375080137656485,3984369.0,0.8736841281978583,0.38229193297577135,0.09734925830768779,0.03788637759623392,GCST90200989,cancerType_celltype,ESCA_Epi_ESCA,tissue,Tumor,Adjacent,group1_higher,0.3176873628680853,0.46740589416308825
43134,178,0.21615914963277333,0.2428643113352735,0.2292646914720535,0.29289408028125763,0.45613689885141,0.5028375400593947,-0.026705161702500174,-0.06362938880920413,,-0.019342825590357108,0.16805586483954943,-0.707361457102069,-0.707361457102069,0.48026590029516425,3693504.0,-0.8735579800388397,0.3823606544327538,-0.058520640447849014,-0.03788090731626503,GCST90200896,cancerType_celltype,ESCA_Epi_ESCA,tissue,Tumor,Adjacent,group2_higher,0.5727055311481267,0.46740589416308825
43134,178,-0.039279136492518615,-0.001231696409581416,-0.05424588546156875,-0.035691097378730746,0.6392440088348564,0.5755291115102117,-0.0380474400829372,-0.018554788082838003,,-0.020749368134741028,-4.993910503421735,-0.8797625384169621,-0.8797625384169621,0.3801687989914003,3693727.0,-0.872218406731165,0.383090878017331,-0.059542481529669324,-0.03782281815278543,GCST90200524,cancerType_celltype,ESCA_Epi_ESCA,tissue,Tumor,Adjacent,group2_higher,0.4723519353010744,0.4678789128473317
43134,178,0.4773977154615352,0.4424581937596537,0.4621049463748932,0.4060768783092499,0.6284027418134038,0.763838405794541,0.034939521701881526,0.05602806806564331,,0.022022337897803203,0.10965027721806896,0.609424367711691,0.609424367711691,0.5430203270858216,3983887.0,0.8707887275956199,0.38387116152724543,0.05554635253162018,0.03776082164647088,GCST90199862,cancerType_celltype,ESCA_Epi_ESCA,tissue,Tumor,Adjacent,group1_higher,0.6304401242061115,0.46835323101246745
43134,178,-0.09537871055880746,-0.21010717137434173,-0.18024037033319468,-0.22619131207466125,1.4953538481311697,1.582086697604017,0.11472846081553427,0.04595094174146658,,0.03291396201851947,-1.1393779615292572,0.9657213289885059,0.9657213289885059,0.33549161315456943,3983797.0,0.8702480926283969,0.38416648002343257,0.07670457870371193,0.03773737758946116,GCST90200173,cancerType_celltype,ESCA_Epi_ESCA,tissue,Tumor,Adjacent,group1_higher,0.42509710371253184,0.46835323101246745
43134,178,0.08631795686531454,0.05949532586343461,0.07247241213917724,0.0076740363147109,0.5709046771878115,0.6259678287388136,0.026822631001879933,0.06479837582446633,,0.01866808045006891,0.5368768514908706,0.5707097066277373,0.5707097066277373,0.5689153270237284,3983538.0,0.868692265333833,0.38501711639645775,0.04696327850327261,0.03766991080317772,GCST90200793,cancerType_celltype,ESCA_Epi_ESCA,tissue,Tumor,Adjacent,group1_higher,0.6527201942199846,0.46897080397531005
43134,178,0.13931082083305055,0.11744562039947075,0.1404470577836036,0.12253359705209725,0.49593906359873463,0.485379209475351,0.0218652004335798,0.01791346073150636,,0.015464300838609729,0.24631247864959227,0.5997203591128539,0.5997203591128539,0.5494530080790958,3982867.5,0.8646645348280221,0.38722458940231264,0.04409227809534436,0.03749525257845554,GCST90200622,cancerType_celltype,ESCA_Epi_ESCA,tissue,Tumor,Adjacent,group1_higher,0.6352030958539505,0.471238495852993
43134,178,0.39374241598729887,0.3476343559483171,0.366575226187706,0.3431611955165863,0.8039904221899082,0.8237897554806779,0.04610806003898177,0.02341403067111969,,0.021905747367175835,0.17968098191331425,0.7452785090890459,0.7452785090890459,0.4570841543160974,3982290.0,0.8611954604550082,0.3891320538156533,0.05734317459411235,0.03734481987931004,GCST90200306,cancerType_celltype,ESCA_Epi_ESCA,tissue,Tumor,Adjacent,group1_higher,0.5489037024958949,0.47313736784186927
43134,178,0.0027951686101134886,-0.01602623468327723,-0.04134116321802135,-0.10806331783533091,0.8136867952108756,0.8793753780549696,0.01882140329339072,0.06672215461730956,,0.009493038067389244,-2.5190022628222195,0.2850505159182969,0.2850505159182969,0.7759363602003042,3981102.0,0.8540590788876653,0.3930739199912411,0.023123081742022763,0.03703535832678195,GCST90199910,cancerType_celltype,ESCA_Epi_ESCA,tissue,Tumor,Adjacent,group1_higher,0.8314475306234391,0.4775042361390924
43134,178,0.3258372735854416,0.24114296543333427,0.27779521048068995,0.1777616813778877,1.5518204602602095,1.4481196102818656,0.08469430815210735,0.10003352910280225,,0.019175699529025675,0.4342613680560871,0.7784544223601916,0.7784544223601916,0.4373308068979411,3980609.0,0.8510976006783219,0.3947168064559714,0.0545918014205396,0.03690693699227343,GCST90199734,cancerType_celltype,ESCA_Epi_ESCA,tissue,Tumor,Adjacent,group1_higher,0.5289102837638809,0.479073025110854
43134,178,-0.16692321791507658,-0.21711045289621428,-0.20798730105161664,-0.2640974521636963,0.9371149536257712,0.9127282385743978,0.050187234981137696,0.05611015111207965,,0.021288687509550243,-0.3792425510666588,0.7320137038350387,0.7320137038350387,0.46511997392982596,3978282.0,0.8371191832480129,0.40252726661519966,0.05356066902794798,0.036300777873811585,GCST90200249,cancerType_celltype,ESCA_Epi_ESCA,tissue,Tumor,Adjacent,group1_higher,0.5570813044519796,0.48809739130893864
43134,178,-0.17840505149448735,-0.09063715153384243,-0.22418006509542465,-0.2521705105900764,1.057752770583227,1.0258119394500351,-0.08776789996064492,0.02799044549465174,,-0.029939109424137945,-0.9769742076097753,-1.1390093107456216,-1.1390093107456216,0.2562250535272534,3699671.0,-0.836512470673685,0.402868353061303,-0.0829859038582618,-0.036274468432056284,GCST90199954,cancerType_celltype,ESCA_Epi_ESCA,tissue,Tumor,Adjacent,group2_higher,0.3390628620948023,0.48809739130893864
43134,178,0.2298579260305122,0.26559443165956254,0.1689536496996879,0.39494872093200684,1.014845508530014,1.0227278765039582,-0.03573650562905034,-0.22599507123231893,,-0.014422441936426545,0.20848164109608253,-0.465244709153765,-0.465244709153765,0.6423234978355863,3700312.5,-0.8326589447684236,0.40503879946689514,-0.035212617693862726,-0.03610736440348161,GCST90199700,cancerType_celltype,ESCA_Epi_ESCA,tissue,Tumor,Adjacent,group2_higher,0.7193812058750239,0.4902911933156111
43134,178,0.2184937674979449,0.26740993747260067,0.19252573698759073,0.2857152223587036,0.887487229033975,0.8630730894060252,-0.048916169974655754,-0.09318948537111288,,-0.019972138621490745,0.29145974428685545,-0.7545176832443273,-0.7545176832443273,0.451532436129624,3700525.0,-0.8313824455402583,0.4057593089224304,-0.05512371677390703,-0.03605201037998651,GCST90200594,cancerType_celltype,ESCA_Epi_ESCA,tissue,Tumor,Adjacent,group2_higher,0.5440392735757081,0.49072754042703876
43134,178,0.2787150457357141,0.21893940470443013,0.2500381767749786,0.27057396620512003,0.7780971405288001,0.7706008722275023,0.059775641031283966,-0.02053578943014145,,0.032669006755261236,0.3482578375253207,1.0327448753976007,1.0327448753976007,0.30312057169961826,3976632.0,0.8272075421822589,0.4081211395976776,0.07682586177613844,0.035870970161967275,GCST90200610,cancerType_celltype,ESCA_Epi_ESCA,tissue,Tumor,Adjacent,group1_higher,0.3912436924494126,0.4931463770138604
43134,178,0.016324617853917332,0.09028905678509075,-2.002323958549823e-05,0.008200806099921451,0.8519418160357284,0.853600418188924,-0.07396443893117341,-0.00822082933950695,,-0.03316960208124732,2.4674295267414736,-1.1536858383570179,-1.1536858383570179,0.2501717515353711,3701559.0,-0.8251711504723858,0.4092761347282229,-0.08681795925669167,-0.03578266421389731,GCST90200893,cancerType_celltype,ESCA_Epi_ESCA,tissue,Tumor,Adjacent,group2_higher,0.332609275089637,0.49410396070378015
43134,178,0.4760963790940056,0.4338696169865768,0.45181261003017426,0.4595852196216583,0.6395603943275299,0.8482863363689485,0.04222676210742882,-0.00777260959148407,,0.027480303894172796,0.13399180106262187,0.6633558114184147,0.6633558114184147,0.5079616984978923,3975491.5,0.8203564957365058,0.41201462011480705,0.06592247349680647,0.03557388186174992,GCST90200537,cancerType_celltype,ESCA_Epi_ESCA,tissue,Tumor,Adjacent,group1_higher,0.5989202379347985,0.49696984709423186
43134,178,0.025189485643608452,0.005956334085465314,0.01104041188955305,-0.0304825641214847,0.4727707707689446,0.5329134692698444,0.01923315155814314,0.04152297601103775,,0.016819642937151737,2.0801401634849093,0.4807282584354628,0.4807282584354628,0.6312994760561523,3974719.0,0.8157160456011755,0.41466427794485394,0.04065929258248014,0.035372653705749935,GCST90200546,cancerType_celltype,ESCA_Epi_ESCA,tissue,Tumor,Adjacent,group1_higher,0.7087818664452518,0.499723617010465
43134,178,0.29509851729280717,0.2578432769540781,0.30392052233219147,0.287650391459465,0.4361786924378671,0.4919156453631694,0.03725524033872907,0.01627013087272644,,0.03328870131247753,0.19470153669175264,1.0087959758707243,1.0087959758707243,0.31444068808071607,3974489.0,0.8143344229071613,0.4154551150054506,0.08536537717338258,0.035312741115614,GCST90200920,cancerType_celltype,ESCA_Epi_ESCA,tissue,Tumor,Adjacent,group1_higher,0.40242503084884135,0.5002343831735241
43134,178,0.06237185862645316,-0.00893103006018556,-0.0087970956228673,-0.1033813618123531,1.3200680084306946,1.2520914662175473,0.07130288868663873,0.0945842661894858,,0.022770142904808305,2.8038583693778305,0.7580316021038147,0.7580316021038147,0.4494309731374071,3974344.0,0.8134633999044133,0.4159541437750778,0.054025635064413144,0.03527497013487624,GCST90199885,cancerType_celltype,ESCA_Epi_ESCA,tissue,Tumor,Adjacent,group1_higher,0.542101253439191,0.5003932020877591
43134,178,-0.5999091062280308,-0.6842350273633774,-0.6505086123943329,-0.570080041885376,1.5858883939574593,1.6717261025567316,0.08432592113534654,-0.08042857050895691,,0.020616648061815002,-0.18974773323036817,0.6717397213590173,0.6717397213590173,0.5026187534517869,3974002.0,0.811408987028966,0.41713256411323474,0.05316059443128018,0.035185882718239414,GCST90200914,cancerType_celltype,ESCA_Epi_ESCA,tissue,Tumor,Adjacent,group1_higher,0.5936476264772838,0.5013683288239321
43134,178,0.28700854094877365,0.20905444683936122,0.2714318931102752,0.15430670976638788,1.2730955202289547,1.126167854042542,0.07795409410941243,0.11712518334388733,,0.025336170192844433,0.4572130640606574,0.9210933395433093,0.9210933395433093,0.35824231314372623,3973687.0,0.8095167646436857,0.41821969063576747,0.06125916085604697,0.03510382851870553,GCST90199817,cancerType_celltype,ESCA_Epi_ESCA,tissue,Tumor,Adjacent,group1_higher,0.4483785792606968,0.5022321042612785
43134,178,0.044830050117799246,0.11343013764073905,0.012056577019393399,0.07404407486319539,0.897787755227237,0.8368992306562566,-0.0686000875229398,-0.06198749784380199,,-0.027938996959484833,1.3392465260932085,-1.0910200029889692,-1.0910200029889692,0.2767330673955167,3705367.0,-0.8022962843036637,0.4223833282685495,-0.07643060807085324,-0.03479072011286488,GCST90200826,cancerType_celltype,ESCA_Epi_ESCA,tissue,Tumor,Adjacent,group2_higher,0.3630290383638972,0.5067856306602403
43134,178,0.0756818290940154,0.028696551422910305,0.0380397774279117,-0.01270675612613555,1.1318313732805036,1.168367367569132,0.046985277671105094,0.05074653355404725,,0.017792092044120526,1.399038372674333,0.5354921092022406,0.5354921092022406,0.5929766326431521,3970885.0,0.792684995997478,0.42796312447677765,0.04150704911425803,0.03437393687713697,GCST90199974,cancerType_celltype,ESCA_Epi_ESCA,tissue,Tumor,Adjacent,group1_higher,0.6752106518735308,0.5130287938978434
43134,178,0.24093731443769065,0.2745034591179718,0.19736878573894495,0.26999726891517634,0.9768459402437168,1.0454240074730807,-0.03356614468028116,-0.07262848317623138,,-0.013228931439420683,0.18816575317254713,-0.4276003115551042,-0.4276003115551042,0.6694581841667981,3707493.0,-0.7895252849668194,0.4298068122190143,-0.03435155868529259,-0.03423691938839146,GCST90200410,cancerType_celltype,ESCA_Epi_ESCA,tissue,Tumor,Adjacent,group2_higher,0.7418467520482487,0.5147861907333185
43134,178,0.2774565817923455,0.2729520132775638,0.23918829858303065,0.18547861278057096,0.5750358477883515,0.8414315002605565,0.004504568514781704,0.05370968580245969,,0.003064981592145204,0.023614602670339362,0.0713553142996807,0.0713553142996807,0.9431952241981678,3970004.0,0.7873927803738844,0.4310537294310667,0.007815340890879997,0.03414444560796426,GCST90199833,cancerType_celltype,ESCA_Epi_ESCA,tissue,Tumor,Adjacent,group1_higher,0.9549952038272541,0.5157270156095662
43134,178,0.10021464528020353,0.04511461179347688,0.06343769654631609,-0.0359727703034877,0.9101177256794198,0.9327541057904073,0.05510003348672665,0.09941046684980379,,0.024751655396768525,1.1514090993322914,0.7865806087553372,0.7865806087553372,0.43257106565999925,3969920.0,0.7868881877378097,0.4313490812875316,0.060535425697727276,0.0341225644880887,GCST90199872,cancerType_celltype,ESCA_Epi_ESCA,tissue,Tumor,Adjacent,group1_higher,0.5240838777729591,0.5157270156095662
43134,178,-0.19309144434938924,-0.12448330769142701,-0.2359487861394882,-0.23187478631734845,1.1042071894176777,1.083747238644057,-0.06860813665796223,-0.00407399982213974,,-0.0236136219958791,-0.6333278234178741,-0.8428093761919498,-0.8428093761919498,0.40046283599074917,3708112.0,-0.7858069178033638,0.43198237305773557,-0.06213805263290939,-0.034075676374069164,GCST90200915,cancerType_celltype,ESCA_Epi_ESCA,tissue,Tumor,Adjacent,group2_higher,0.4903360113245816,0.515766798465334
43134,178,-0.2734578761909819,-0.2977778473398073,-0.31784701347351074,-0.3708605468273163,0.7646041382175931,0.750618220961758,0.024319971148825392,0.05301353335380554,,0.01195120767326141,-0.12291738476907965,0.43134636121067765,0.43134636121067765,0.6667369831438859,3969618.0,0.7850740570700171,0.43241191023909575,0.03180962741592896,0.03404389665234486,GCST90200332,cancerType_celltype,ESCA_Epi_ESCA,tissue,Tumor,Adjacent,group1_higher,0.7394324719488335,0.515766798465334
43134,178,-0.2399018903811517,-0.20568157277943755,-0.3044344484806061,-0.17157036811113355,1.1660867349341466,1.0407641474715796,-0.03422031760171415,-0.13286408036947253,,-0.011871141333257158,-0.22203097817229825,-0.4375419756934824,-0.4375419756934824,0.6622462787984866,3708264.0,-0.7848938454142761,0.4325175720072464,-0.02935849287526189,-0.03403608196667507,GCST90199786,cancerType_celltype,ESCA_Epi_ESCA,tissue,Tumor,Adjacent,group2_higher,0.7350502263862682,0.515766798465334
43134,178,-0.07916630173302504,-0.10280073368974198,-0.10001796856522555,-0.14734453707933426,0.6131577085731852,0.6440489857968061,0.02363443195671694,0.04732656851410871,,0.015155039294726398,-0.3768880091076376,0.4886811505656785,0.4886811505656785,0.625667880907465,3969340.0,0.7834040957268174,0.433391614989195,0.03853730350060023,0.03397148056513721,GCST90199745,cancerType_celltype,ESCA_Epi_ESCA,tissue,Tumor,Adjacent,group1_higher,0.7036182522086425,0.5163573175089797
43134,178,0.15272888013607477,0.03773521306974227,0.0762143693864345,0.07579183951020241,1.9995430738109405,2.067012279424491,0.1149936670663325,0.0004225298762320917,,0.02122329524703893,2.0169607821988804,0.7408050445101154,0.7408050445101154,0.45978575731919047,3968624.0,0.7791030442097993,0.4359207861760208,0.057501909792052386,0.03378497006714909,GCST90199837,cancerType_celltype,ESCA_Epi_ESCA,tissue,Tumor,Adjacent,group1_higher,0.5516619605863174,0.5189170581291845
43134,178,0.08933048068719113,0.052927856469589675,0.07961295917630196,0.0493019670248031,0.5791949756281636,0.611393971193884,0.03640262421760145,0.030310992151498857,,0.023759131848460152,0.7551141902820309,0.792900754852727,0.792900754852727,0.428889366698574,3968053.0,0.7756730156955292,0.43794385036652783,0.06283570864092063,0.033636230549898505,GCST90199723,cancerType_celltype,ESCA_Epi_ESCA,tissue,Tumor,Adjacent,group1_higher,0.5200855932474701,0.5204325487761832
43134,178,0.5771758753663129,0.7299890891502329,0.5163293480873108,0.4490800052881241,1.864224299978841,1.8281390580671724,-0.15281321378392,0.0672493427991867,,-0.031263317137731506,0.3388633777962896,-1.1128377661476618,-1.1128377661476618,0.2672743359644998,3709879.0,-0.7751924512802199,0.4382277226097232,-0.08197789656246825,-0.033615391388112204,GCST90200274,cancerType_celltype,ESCA_Epi_ESCA,tissue,Tumor,Adjacent,group2_higher,0.35197576803827363,0.5204325487761832
43134,178,-0.7837742705248312,-0.7106569224466266,-0.8324421346187592,-0.7296464443206787,1.0809697662596194,1.1899417654098516,-0.07311734807820458,-0.10279569029808044,,-0.026116859329179596,-0.1412847732421917,-0.8184016463844855,-0.8184016463844855,0.41422086955923976,3709927.0,-0.7749041126310343,0.43839809672679664,-0.06761125880792952,-0.03360288789104038,GCST90200232,cancerType_celltype,ESCA_Epi_ESCA,tissue,Tumor,Adjacent,group2_higher,0.5036367201906249,0.5204325487761832
43134,178,0.21804870311170946,0.2815684907954563,0.17567300051450724,0.1081171669065952,0.964869791839073,0.846346477293376,-0.06351978768374686,0.06755583360791204,,-0.0235756848614726,0.36883399444109866,-0.99864080974891,-0.99864080974891,0.3193175155633954,3710018.0,-0.77435747060862,0.4387212021598199,-0.06586353825559883,-0.03357918334450838,GCST90200322,cancerType_celltype,ESCA_Epi_ESCA,tissue,Tumor,Adjacent,group2_higher,0.40713730001207477,0.5204325487761832
43134,178,0.16926640954570626,0.18602709077871563,0.1631681770086288,0.2598581910133362,0.6591512652951257,0.6634773619356331,-0.01676068123300936,-0.09669001400470739,,-0.009191195690508542,0.13621626293575603,-0.33635114173617137,-0.33635114173617137,0.7370012866068827,3710830.0,-0.7694797417932308,0.44161034858166537,-0.025426986335569467,-0.03336766585237638,GCST90200468,cancerType_celltype,ESCA_Epi_ESCA,tissue,Tumor,Adjacent,group2_higher,0.7991509575538434,0.5234042653189651
43134,178,-0.15792583689038273,-0.24458139976800491,-0.21756675094366068,-0.26604945957660675,1.4349677372906764,1.3206036434838915,0.08665556287762219,0.04848270863294607,,0.021609648294860485,-0.6310642380807683,0.8733302570405762,0.8733302570405762,0.3836549481789764,3965779.5,0.7620159757179583,0.4460522619313232,0.06040740380585426,0.033044007620881555,GCST90199791,cancerType_celltype,ESCA_Epi_ESCA,tissue,Tumor,Adjacent,group1_higher,0.4754456471052334,0.528209585588526
43134,178,0.20180847933914017,0.19499346228863185,0.18346387147903442,0.11205494776368136,0.5211364407969566,0.5124239196376531,0.006815017050508326,0.07140892371535307,,0.005238788403459537,0.04956078891957724,0.17706091290570747,0.17706091290570747,0.8596612752962732,3964692.0,0.7554833031973477,0.4499608484003492,0.013078108351899419,0.03276072526534768,GCST90200210,cancerType_celltype,ESCA_Epi_ESCA,tissue,Tumor,Adjacent,group1_higher,0.8924202612878634,0.5323755524042326
43134,178,-0.1898567509555078,-0.24466094994764473,-0.23342455923557281,-0.24405686557292935,0.798944280828743,0.7478217228244879,0.05480419899213693,0.01063230633735654,,0.026068342447926853,-0.36587085131594005,0.9754507767366505,0.9754507767366505,0.3306555258637581,3964208.0,0.7525758884847266,0.45170661664897116,0.06861314194892924,0.03263464833654006,GCST90200110,cancerType_celltype,ESCA_Epi_ESCA,tissue,Tumor,Adjacent,group1_higher,0.4200218842053144,0.5339775528990006
43134,178,-0.38156955655373276,-0.3183166164698163,-0.4277098476886749,-0.31253959238529205,1.229458252548895,1.4390423897298303,-0.06325294008391646,-0.11517025530338287,,-0.019347153505076712,-0.2614828503308561,-0.5855500574565394,-0.5855500574565394,0.5589192753151068,3713972.0,-0.7506055743819585,0.4528918734889853,-0.051408961170446625,-0.03254920777321568,GCST90200539,cancerType_celltype,ESCA_Epi_ESCA,tissue,Tumor,Adjacent,group2_higher,0.643817661573672,0.53491475178985
43134,178,0.03540017505384437,0.06562788364623956,0.0315706171095371,0.1153600215911865,0.5414942620298291,0.6357935706856979,-0.030227708592395187,-0.0837894044816494,,-0.02029868654189818,0.8905336451532866,-0.6333591832697726,-0.6333591832697726,0.5273117635793458,3714937.0,-0.7448087661222902,0.45638915073323993,-0.05577962943436333,-0.032297835384167306,GCST90200606,cancerType_celltype,ESCA_Epi_ESCA,tissue,Tumor,Adjacent,group2_higher,0.617462142404337,0.5385787120774078
43134,178,0.18424813339105017,0.22340309459799795,0.15804801881313318,0.1825068444013595,0.7558025468204702,0.7711223140949406,-0.03915496120694778,-0.02445882558822632,,-0.020232567289896784,0.2779977944128234,-0.6761053708336507,-0.6761053708336507,0.4998492669445658,3715531.0,-0.7412405753386188,0.4585494062183214,-0.05180147301324862,-0.03214310460790337,GCST90199884,cancerType_celltype,ESCA_Epi_ESCA,tissue,Tumor,Adjacent,group2_higher,0.5927994929274137,0.5406598967781765
43134,178,-0.5008162103175009,-0.41822787567847564,-0.5298566818237305,-0.4399086087942123,0.96343310906225,1.0518912153819175,-0.08258833463902526,-0.08994807302951818,,-0.033494030817384425,-0.25999146754878794,-1.0457008474875895,-1.0457008474875895,0.2971153168895257,3716148.0,-0.7375342222855459,0.4607993655346151,-0.08568933367293172,-0.031982382572625756,GCST90199866,cancerType_celltype,ESCA_Epi_ESCA,tissue,Tumor,Adjacent,group2_higher,0.385683978019451,0.5428431592253072
43134,178,0.23106462982134024,0.196988515551771,0.2247344553470611,0.2240176424384117,0.55579865211036,0.5217581750230182,0.034076114269569246,0.0007168129086493891,,0.02406638133700589,0.23018383346686724,0.8693133352352086,0.8693133352352086,0.3858421223720139,3961052.0,0.7336176223007752,0.4631836487041022,0.061325059454204224,0.031812543404066584,GCST90200434,cancerType_celltype,ESCA_Epi_ESCA,tissue,Tumor,Adjacent,group1_higher,0.4772257829338066,0.5451807540446384
43134,178,-0.13301467876145998,-0.18445766992177656,-0.15680636465549466,-0.17532375454902643,0.7315533204606097,0.6751694145709116,0.05144299116031659,0.01851738989353177,,0.027827958414685276,-0.4717012917224536,1.0140841174793211,1.0140841174793211,0.31191352409364664,3960494.0,0.7302656855039928,0.46522963437308607,0.0703415271084592,0.03166719025060649,GCST90199779,cancerType_celltype,ESCA_Epi_ESCA,tissue,Tumor,Adjacent,group1_higher,0.4010513248179548,0.5471164725198587
43134,178,-0.5189168961152388,-0.5525375332636235,-0.5546983778476715,-0.6183896660804749,0.7897876316474298,0.8878320602936783,0.0336206371483847,0.06369128823280334,,0.017432325490376585,-0.0905687880473281,0.504402420944267,0.504402420944267,0.6146018757502476,3960371.0,0.7295268177154549,0.4656813060597499,0.042546293029191655,0.031635150039359905,GCST90199950,cancerType_celltype,ESCA_Epi_ESCA,tissue,Tumor,Adjacent,group1_higher,0.6934622157678705,0.5471269237861976
43134,178,-0.22947906145848518,-0.13666598748263975,-0.2652937173843384,-0.28071998059749603,0.9435769472054801,0.9452314404602935,-0.09281307397584543,0.015426263213157654,,-0.038756815753284816,-0.7477040138428119,-1.3073439706631682,-1.3073439706631682,0.19277777821682204,3717579.0,-0.728938126306701,0.46604134887437676,-0.09836231012477496,-0.03160962206617168,GCST90200771,cancerType_celltype,ESCA_Epi_ESCA,tissue,Tumor,Adjacent,group2_higher,0.26594748148737696,0.5471269237861976
43134,178,0.14015997708414496,0.19085348226925294,0.10728354379534716,0.16625395417213434,1.1892033250353982,1.2581884295296215,-0.050693505185107984,-0.058970410376787186,,-0.015526042475688237,0.4453883316953757,-0.5365591205536063,-0.5365591205536063,0.592240995897867,3718297.0,-0.7246250606793001,0.4686839234394863,-0.04261772729415436,-0.031422590589138766,GCST90200730,cancerType_celltype,ESCA_Epi_ESCA,tissue,Tumor,Adjacent,group2_higher,0.6749368540207298,0.5497557552908948
43134,178,-0.06552935545620232,-0.09520390437225278,-0.09428098797798154,-0.0807185173034668,0.5705820010803652,0.641822770382723,0.029674548916050453,-0.013562470674514743,,0.02073798077713306,-0.5388725368822714,0.6158457536681247,0.6158457536681247,0.5387823178974259,3958578.0,0.7187561677573354,0.47229301997078565,0.051979338241117466,0.031168092325822405,GCST90200910,cancerType_celltype,ESCA_Epi_ESCA,tissue,Tumor,Adjacent,group1_higher,0.6271223734365428,0.5535127998453834
43134,178,0.13341239951574646,0.09328525417752163,0.1159100532531738,0.06742844544351095,1.021680779102931,1.0503431514698323,0.040127145338224826,0.04848160780966285,,0.012741277645525535,0.516167153101436,0.5087106759655974,0.5087106759655974,0.6115836297993302,3957596.0,0.7128572395594139,0.47593596032371177,0.03927105391158234,0.030912291614894283,GCST90199946,cancerType_celltype,ESCA_Epi_ESCA,tissue,Tumor,Adjacent,group1_higher,0.6912010675095249,0.5573030188326625
43134,178,0.08255736330815137,0.07052902333645067,0.05219943448901175,-0.05579589866101735,0.8346557331529926,0.8502536750457045,0.012028339971700705,0.1079953331500291,,0.0059641364087123965,0.2271768530392049,0.1883672383328472,0.1883672383328472,0.8508028660909879,3956315.0,0.705162201859274,0.4807111697145119,0.014410028429743328,0.030578604536789733,GCST90199935,cancerType_celltype,ESCA_Epi_ESCA,tissue,Tumor,Adjacent,group1_higher,0.8881407615543105,0.5620196393381551
43134,178,0.21781997605266068,0.19943938022832586,0.21591312438249585,0.22556950151920316,0.4841632293849169,0.4832727216415219,0.018380595824334822,-0.009656377136707306,,0.013915910178798053,0.12718535315792825,0.5063837497622832,0.5063837497622832,0.6132122663269834,3956247.0,0.7047537221062611,0.48096538214209306,0.03796391949219891,0.030560891249271194,GCST90199699,cancerType_celltype,ESCA_Epi_ESCA,tissue,Tumor,Adjacent,group1_higher,0.6924675385283169,0.5620196393381551
43134,178,-0.1910883038579508,-0.1563211785540445,-0.22973493486642835,-0.16057432442903516,0.7173280368848384,0.7194792690114413,-0.0347671253039063,-0.06916061043739319,,-0.019145697446732935,-0.2897245479359104,-0.6433859544253799,-0.6433859544253799,0.520799604048179,3721668.0,-0.704375277629205,0.48120096779723187,-0.04846694507051974,-0.030544480409364527,GCST90200064,cancerType_celltype,ESCA_Epi_ESCA,tissue,Tumor,Adjacent,group2_higher,0.6114124550539776,0.5620196393381551
43134,178,0.17688484137954008,0.2398540549048254,0.13583698123693466,0.15476626902818674,1.2718987550764076,1.196483092872795,-0.06296921352528531,-0.01892928779125208,,-0.01969708888824525,0.43934427060320486,-0.7005214497450927,-0.7005214497450927,0.4845130178224424,3723185.5,-0.695259571376307,0.4868945274831087,-0.04951968463677708,-0.030149187559228796,GCST90200589,cancerType_celltype,ESCA_Epi_ESCA,tissue,Tumor,Adjacent,group2_higher,0.5757552251891795,0.5681825693146209
43134,178,0.09716910002706065,0.06993502722215954,0.08315236866474145,0.09026814997196195,0.6136058901337048,0.672166864520924,0.027234072804901116,-0.007115781307220501,,0.017942416705958465,0.47447660917135015,0.5396348882138596,0.5396348882138596,0.5901224370529852,3954350.0,0.6933583384082397,0.4880865849745325,0.04436552994580659,0.030066742625411313,GCST90200863,cancerType_celltype,ESCA_Epi_ESCA,tissue,Tumor,Adjacent,group1_higher,0.6730852566554132,0.5689644925927333
43134,178,0.14012340303736398,0.08798116006073542,0.081460315734148,0.03398214932531115,0.8802150095621131,0.8106444288379638,0.05214224297662856,0.04747816640883685,,0.021920186289310938,0.6714253002491901,0.8560819992537634,0.8560819992537634,0.3930987043879841,3954267.0,0.6928597528273562,0.48839945438994714,0.05925646237782159,0.030045121995057933,GCST90199805,cancerType_celltype,ESCA_Epi_ESCA,tissue,Tumor,Adjacent,group1_higher,0.4844426167096043,0.5689644925927333
43134,178,-0.7787678024380084,-0.8324162385209327,-0.8314889371395111,-0.8512015342712402,1.0522814492576187,1.0163691156680263,0.053648436082924356,0.019712597131729126,,0.01951091689631507,-0.09611175144365018,0.702679341841403,0.702679341841403,0.48317062028739644,3953971.0,0.6910816644907118,0.48951610954147295,0.05098996335326581,0.029968017096448252,GCST90200714,cancerType_celltype,ESCA_Epi_ESCA,tissue,Tumor,Adjacent,group1_higher,0.5746610431515893,0.5697783580743191
43134,178,0.1732212226513836,0.2137584356052194,0.17968437820672983,0.2081439197063446,0.46953284078042296,0.5730434295159793,-0.040537212953835805,-0.02845954149961477,,-0.03172848366068461,0.3033640786881041,-0.9424874525346675,-0.9424874525346675,0.3472206654571425,3725449.5,-0.6816595984230541,0.49545611957778346,-0.08624897377699203,-0.029559439280673838,GCST90199653,cancerType_celltype,ESCA_Epi_ESCA,tissue,Tumor,Adjacent,group2_higher,0.4377999694894405,0.5762002482803061
43134,178,0.5259733482002072,0.633987321005611,0.5035063922405243,0.6209353804588318,1.311922539736102,1.367027178980642,-0.1080139728054037,-0.1174289882183075,,-0.03123437307874952,0.26946382314007217,-1.0521775886552287,-1.0521775886552287,0.2941415669054869,3725739.0,-0.6799205559451537,0.4965566670099508,-0.08231815797446043,-0.029484027563959292,GCST90199904,cancerType_celltype,ESCA_Epi_ESCA,tissue,Tumor,Adjacent,group2_higher,0.3829178182351276,0.5766421120752675
43134,178,-0.4358491349558501,-0.3948963737491979,-0.4764469861984253,-0.38468341529369354,1.0332970283331033,1.068115550798539,-0.0409527612066522,-0.09176357090473175,,-0.014878190779062776,-0.14235438304097048,-0.510549600971039,-0.510549600971039,0.610297738279697,3725772.0,-0.6797223231238386,0.4966822007163346,-0.0396275481328064,-0.02947543140972242,GCST90200254,cancerType_celltype,ESCA_Epi_ESCA,tissue,Tumor,Adjacent,group2_higher,0.6903201803113916,0.5766421120752675
43134,178,-0.04487796202335201,-0.0714889946158222,-0.06049089506268495,-0.08553831651806826,0.6981768600346323,0.6713332444086157,0.02661103259247019,0.025047421455383308,,0.015546807820035004,-0.6717020344277504,0.5276750257102235,0.5276750257102235,0.5983799010620356,3951399.0,0.6756315185385183,0.4992765324742443,0.038120906158400254,0.02929803804501563,GCST90199666,cancerType_celltype,ESCA_Epi_ESCA,tissue,Tumor,Adjacent,group1_higher,0.6802266932006293,0.5791607776701234
43134,178,-0.1945822459681483,-0.12001110233949874,-0.2235052809119224,-0.18202099204063416,0.8711883931042395,0.8716710211071284,-0.07457114362864956,-0.041484288871288244,,-0.03235137798130465,-0.6972075979774445,-1.1390293958096962,-1.1390293958096962,0.25621750472214383,3726817.0,-0.673444950448861,0.5006661699191697,-0.08559684144107935,-0.02920321985888763,GCST90200661,cancerType_celltype,ESCA_Epi_ESCA,tissue,Tumor,Adjacent,group2_higher,0.3390628620948023,0.5802789027209424
43134,178,0.0948670572775742,0.15159983859983472,0.07167997211217875,0.11734181270003315,0.7358394441121239,0.7854885259908452,-0.05673278132226052,-0.0456618405878544,,-0.02857326585028589,0.6762834251338362,-0.9618763707160206,-0.9618763707160206,0.33741446722974267,3728591.0,-0.6627884345393776,0.507467985710222,-0.07707743439717922,-0.028741111446274337,GCST90200607,cancerType_celltype,ESCA_Epi_ESCA,tissue,Tumor,Adjacent,group2_higher,0.42701570922389903,0.5876625866805715
43134,178,0.2012784889088177,0.13437477575112763,0.18161034584045405,0.1238588467240333,0.791523921445193,0.8271401911715685,0.06690371315769006,0.057751499116420746,,0.02993512264182969,0.5829270806245423,1.0771149628639152,1.0771149628639152,0.2828837519191653,3948851.0,0.6603255419109175,0.5090468695900824,0.08450930520456294,0.028634310742118974,GCST90199703,cancerType_celltype,ESCA_Epi_ESCA,tissue,Tumor,Adjacent,group1_higher,0.37038477796908964,0.5889905630316489
43134,178,0.17024739426262092,0.1893490167868355,0.19229300320148465,0.22126905620098108,0.3609838067998312,0.434994432387005,-0.019101622524214573,-0.028976052999496432,,-0.01925905168418459,0.15341435793728844,-0.5850329494158947,-0.5850329494158947,0.5592664059451414,3729119.0,-0.6596167093983363,0.5095017565472288,-0.05286664006440383,-0.028603572978484038,GCST90199921,cancerType_celltype,ESCA_Epi_ESCA,tissue,Tumor,Adjacent,group2_higher,0.643817661573672,0.5890168737691882
43134,178,0.6085469488073724,0.6528294210127957,0.5951227247714996,0.6661411225795746,0.8664656738133086,1.0124000836532914,-0.04428247220542336,-0.07101839780807495,,-0.01835902084488709,0.10133734603328501,-0.5826856210339044,-0.5826856210339044,0.5608420654294851,3729852.0,-0.6552135379430649,0.5123322127679748,-0.05106891485957976,-0.02841263415861628,GCST90200608,cancerType_celltype,ESCA_Epi_ESCA,tissue,Tumor,Adjacent,group2_higher,0.645086696354758,0.5917871237311437
43134,178,0.11882192384573902,0.16442238392695532,0.0794637911021709,0.12715780735015864,1.1269090164126154,1.066209954509952,-0.04560046008121631,-0.04769401624798773,,-0.016022657136675382,0.468602296362264,-0.5692955165355897,-0.5692955165355897,0.5698707456164513,3731135.0,-0.6475064861325422,0.5173061412927387,-0.040473747411583806,-0.028078426101466936,GCST90199665,cancerType_celltype,ESCA_Epi_ESCA,tissue,Tumor,Adjacent,group2_higher,0.6532664644871515,0.5970264780541937
43134,178,0.3480603873588826,0.3633483306405375,0.3643786311149597,0.4421500861644745,0.5346984779662524,0.5852436369893478,-0.015287943281654892,-0.07777145504951477,,-0.010479769219211201,0.062015472908184384,-0.34791700258035035,-0.34791700258035035,0.728313095009138,3731340.0,-0.6462750398183122,0.5181031944288315,-0.028580148165071383,-0.028025025749389254,GCST90199794,cancerType_celltype,ESCA_Epi_ESCA,tissue,Tumor,Adjacent,group2_higher,0.7941525987979641,0.5974404856230942
43134,178,-0.05717818133299777,-0.11915037439864003,-0.12748830020427698,-0.16880607604980463,1.3929755274199374,1.3980531712494926,0.06197219306564226,0.04131777584552765,,0.016209496163212933,-1.0592337236200566,0.5901948232489718,0.5901948232489718,0.5558066556168879,3946208.0,0.6444488950401369,0.5192863339733634,0.044488411298999136,0.027945836934601065,GCST90200347,cancerType_celltype,ESCA_Epi_ESCA,tissue,Tumor,Adjacent,group1_higher,0.6414601791751212,0.5982986248568845
43134,178,-0.05451440534341881,-0.12206728028145283,-0.08263844996690745,-0.1261200085282325,1.1112538205635683,1.0389603927352213,0.06755287493803402,0.043481558561325045,,0.02217580102609712,-1.1629524820150123,0.8654303437847753,0.8654303437847753,0.3879631384374407,3945775.0,0.6418478401422754,0.5209739343004147,0.06080542223563301,0.02783304497143213,GCST90200230,cancerType_celltype,ESCA_Epi_ESCA,tissue,Tumor,Adjacent,group1_higher,0.4794141048868828,0.5997360409218456
43134,178,0.05636950759742947,0.05907341430560173,0.0635767318308353,0.03660431131720535,0.4144863828731315,0.5101802433251876,-0.002703906708172256,0.026972420513629948,,-0.0021199221750071925,0.0675928621223426,-0.07061344640903139,-0.07061344640903139,0.9437846951983209,3945542.0,0.6404481962826871,0.521883209894061,-0.006516656668364211,0.027772350912729227,GCST90200310,cancerType_celltype,ESCA_Epi_ESCA,tissue,Tumor,Adjacent,group2_higher,0.9549952038272541,0.6002757933211859
43134,178,0.30634138328587196,0.35585396398078606,0.2792752236127853,0.26983772218227386,0.7609424707886039,0.7962221411680968,-0.0495125806949141,0.009437501430511419,,-0.02439859772627623,0.21614437945647152,-0.8280840264553428,-0.8280840264553428,0.4087297141423939,3732754.0,-0.6377810637777206,0.523618163310291,-0.06505483184943889,-0.027656693564814705,GCST90200204,cancerType_celltype,ESCA_Epi_ESCA,tissue,Tumor,Adjacent,group2_higher,0.4987453897726794,0.6017635384417594
43134,178,0.3862530650340095,0.2276271592087918,0.24589549005031586,0.2833372950553894,1.779895280173821,1.519554981976249,0.1586259058252177,-0.03744180500507355,,0.03889181681144913,0.7628710761423277,1.388806420311163,1.388806420311163,0.1666170953159682,3944552.0,0.6345012116432347,0.5257557358502234,0.0891703390792208,0.027514466285622596,GCST90199802,cancerType_celltype,ESCA_Epi_ESCA,tissue,Tumor,Adjacent,group1_higher,0.23582461154274625,0.603711093482607
43134,178,0.2103113816267925,0.1842929226832904,0.221301220357418,0.20424692332744596,0.44138059515306294,0.5659146885093628,0.026018458943502104,0.01705429702997205,,0.021813352420650564,0.19052529058417875,0.6126270717088257,0.6126270717088257,0.5409053107356725,3944016.5,0.6312844335882581,0.5278565267271846,0.058870491441513885,0.027374974146414877,GCST90200729,cancerType_celltype,ESCA_Epi_ESCA,tissue,Tumor,Adjacent,group1_higher,0.6290562615466908,0.6056131699740341
43134,178,0.09621572604281746,0.008004557845258583,0.0294105391949415,0.0017536861414555,1.3266934302008342,1.3841565035966779,0.08821116819755888,0.027656853053486,,0.029324148836712548,3.587213868222419,0.8486462485792261,0.8486462485792261,0.3972157851190825,3943401.0,0.6275870911179723,0.5302764354336498,0.06647746789347543,0.027214642845420745,GCST90199806,cancerType_celltype,ESCA_Epi_ESCA,tissue,Tumor,Adjacent,group1_higher,0.4877523559615401,0.6078778650093059
43134,178,-0.030011776113283355,0.049537777359168346,-0.03475422784686085,-0.0045891366899013,0.999021046481199,1.0458934980039944,-0.0795495534724517,-0.03016509115695955,,-0.030641289583415342,0.7229814915102521,-1.0128479233552103,-1.0128479233552103,0.31250501025941946,3735105.0,-0.6236584770228188,0.5328538709460724,-0.07961188319588265,-0.027044282697817,GCST90200500,cancerType_celltype,ESCA_Epi_ESCA,tissue,Tumor,Adjacent,group2_higher,0.4010513248179548,0.6103191815962157
43134,178,-0.17281514165195677,-0.15139371263166743,-0.20756646990776062,-0.14001743122935295,0.7091713733609677,0.7180756762644894,-0.021421429020289345,-0.06754903867840767,,-0.011857687505553478,-0.19092315576785113,-0.3972061538876582,-0.3972061538876582,0.6916901771409011,3735931.0,-0.6186966494347504,0.5361181967147923,-0.030204720319736405,-0.02682911835237256,GCST90200854,cancerType_celltype,ESCA_Epi_ESCA,tissue,Tumor,Adjacent,group2_higher,0.7621452800671368,0.6135424870883811
43134,178,0.12732623092316747,0.08366157237461276,0.08300990611314771,0.0398275721818208,0.9050761223701375,0.8831719415470123,0.04366465854855471,0.04318233393132691,,0.017853317796487377,0.6058867328276959,0.6581967646576862,0.6581967646576862,0.5112595246926392,3940431.0,0.609746137199615,0.5420319766926855,0.04824889815861377,0.026440988964100853,GCST90200421,cancerType_celltype,ESCA_Epi_ESCA,tissue,Tumor,Adjacent,group1_higher,0.6016455706007409,0.6197899196578276
43134,178,0.21433354066766294,0.2389281613862121,0.19442289322614664,0.21124137938022608,0.5745275194816801,0.5971635793666682,-0.02459462071854915,-0.016818486154079437,,-0.017232850376069687,0.15671858249136225,-0.548439781859936,-0.548439781859936,0.584075801139875,3737614.0,-0.6085867755476814,0.5428003635974256,-0.04280140233828832,-0.026390714486291267,GCST90199670,cancerType_celltype,ESCA_Epi_ESCA,tissue,Tumor,Adjacent,group2_higher,0.6667464966110969,0.6201482779407301
43134,178,-1.088596832921769,-1.039876089246912,-1.2201643586158752,-1.0113372802734375,1.699181456215213,1.7843785290302336,-0.0487207436748569,-0.20882707834243774,,-0.0131683897423612,-0.06605805353535563,-0.3636016696629174,-0.3636016696629174,0.7165861702913119,3738134.0,-0.605463106848171,0.544873326111736,-0.02866704606961283,-0.026255259934679698,GCST90200158,cancerType_celltype,ESCA_Epi_ESCA,tissue,Tumor,Adjacent,group2_higher,0.7844807129699558,0.6218889935411245
43134,178,0.08045236254945058,0.07702996631939713,0.09591578319668764,0.07110715657472605,0.3248252756907751,0.39263476219214677,0.0034223962300534566,0.024808626621961594,,0.0037171239463833837,0.06271419626920526,0.1161285762647028,0.1161285762647028,0.9076815522163131,3939627.0,0.6049164648257567,0.5452364983724459,0.010526201162475221,0.026231555388147587,GCST90200297,cancerType_celltype,ESCA_Epi_ESCA,tissue,Tumor,Adjacent,group1_higher,0.9281094941266577,0.6218889935411245
43134,178,-0.23081774994845256,-0.28781470292237366,-0.26224736869335175,-0.3058971762657165,1.0213527468362626,0.8719914692746701,0.0569969529739211,0.04364980757236475,,0.020749540338340488,-0.3183848839055784,0.8696079546304388,0.8696079546304388,0.38567920994881744,3938913.0,0.6006274274191213,0.5480901666662197,0.05583629447848377,0.026045565869204035,GCST90199646,cancerType_celltype,ESCA_Epi_ESCA,tissue,Tumor,Adjacent,group1_higher,0.4772257829338066,0.6246211514766367
43134,178,-0.30250213891744065,-0.3151802605834235,-0.3534049391746521,-0.4516178220510483,1.1400460954513147,1.2115568446689,0.012678121665982867,0.09821288287639618,,0.004430391550498263,-0.0592316479103205,0.13935710991439182,0.13935710991439182,0.8893252501220913,3938030.0,0.5953231976851451,0.5516294597677629,0.011117770651896747,0.025815553620986753,GCST90200363,cancerType_celltype,ESCA_Epi_ESCA,tissue,Tumor,Adjacent,group1_higher,0.9135113661984409,0.6281294516820892
43134,178,-0.6421582736210324,-0.745344602555204,-0.739301860332489,-0.7275013029575348,1.3116946968368104,1.2975252571179596,0.10318632893417157,-0.011800557374954224,,0.03428260822821573,-0.21497836010348698,1.0587721128917693,1.0587721128917693,0.291134254978144,3936620.0,0.5868532498653188,0.5573042873549692,0.07866987667446379,0.025448263394501458,GCST90200059,cancerType_celltype,ESCA_Epi_ESCA,tissue,Tumor,Adjacent,group1_higher,0.3793651907602392,0.6340615556467637
43134,178,-0.11305114450601454,-0.1212513722259266,-0.1352159902453422,-0.19174634665250775,0.5994932133639986,0.634292769275447,0.008200227719912065,0.056530356407165555,,0.005169486308458785,-0.10102461390632125,0.17216590819556593,0.17216590819556593,0.8635023504247211,3935885.0,0.5824380642996648,0.5602736711667005,0.013675261780150959,0.025256803595588906,GCST90200289,cancerType_celltype,ESCA_Epi_ESCA,tissue,Tumor,Adjacent,group1_higher,0.8957029707982457,0.6364464331966846
43134,178,-0.08819075053808331,-0.11833861394160103,-0.10131237283349034,-0.09815471991896625,0.5789608327420254,0.5568786114697547,0.030147863403517716,-0.0031576529145240922,,0.018550446020598837,-0.42421747629408807,0.7206752110252025,0.7206752110252025,0.472051673646981,3935870.0,0.5823479584717943,0.5603343505766849,0.05208033507449578,0.025252896252754065,GCST90200170,cancerType_celltype,ESCA_Epi_ESCA,tissue,Tumor,Adjacent,group1_higher,0.5638969598429755,0.6364464331966846
43134,178,0.05226650248750166,0.005840186008744025,0.020374983549118,0.02880979795008895,0.9304013157016413,1.0304574191856477,0.04642631647875764,-0.00843481440097095,,0.019023934359408502,3.1615809919469053,0.6000879130023712,0.6000879130023712,0.5492100138070917,3935328.0,0.5790921345580738,0.5625290334927961,0.04987614390711124,0.02511171093165121,GCST90200151,cancerType_celltype,ESCA_Epi_ESCA,tissue,Tumor,Adjacent,group1_higher,0.6352030958539505,0.6381083737990656
43134,178,0.14272806939668267,0.15229782278471615,0.1144507192075252,0.17148631811141965,0.6771387314481185,0.6256732845808535,-0.00956975338803348,-0.05703559890389445,,-0.006026818501924733,0.09362559426816093,-0.20357108262072326,-0.20357108262072326,0.8389203016864306,3742681.0,-0.5781490268930294,0.563165536995619,-0.014136858191642482,-0.025070814076645354,GCST90199825,cancerType_celltype,ESCA_Epi_ESCA,tissue,Tumor,Adjacent,group2_higher,0.8788995935423558,0.6381083737990656
43134,178,-0.2838954071660718,-0.3202816247155241,-0.3178660571575165,-0.2785172760486603,0.9554133028219468,1.0758222915300604,0.036386217549452315,-0.0393487811088562,,0.015075050622706244,-0.17398094300793818,0.45050621589553125,0.45050621589553125,0.6528932460151153,3935162.0,0.5780949633963071,0.5632020349818605,0.038063434939975,0.02506846967094445,GCST90200107,cancerType_celltype,ESCA_Epi_ESCA,tissue,Tumor,Adjacent,group1_higher,0.726443668831512,0.6381083737990656
43134,178,-0.35166713003398203,-0.3745321082003582,-0.38603363931179047,-0.4007440656423569,0.6431318397866584,0.6721370467969885,0.02286497816637617,0.014710426330566406,,0.014878926981580928,-0.09087866005716223,0.45300613074854024,0.45300613074854024,0.6510949753900676,3934949.0,0.5768154606405461,0.5640661534579321,0.03554585323623649,0.025012985402688148,GCST90199733,cancerType_celltype,ESCA_Epi_ESCA,tissue,Tumor,Adjacent,group1_higher,0.7250346825626324,0.6385566172451507
43134,178,-0.3276093634629778,-0.3477475630705444,-0.35990408062934875,-0.4934455156326294,1.007005562760037,1.107987029857455,0.020138199607566576,0.13354143500328064,,0.008534091054668186,-0.08606355823278322,0.24207894875428804,0.24207894875428804,0.8089973422241867,3934276.0,0.5727727124967568,0.5668006312739635,0.01998950062269022,0.0248376759541602,GCST90201001,cancerType_celltype,ESCA_Epi_ESCA,tissue,Tumor,Adjacent,group1_higher,0.8574365299001294,0.6411197181961927
43134,178,-0.16852372744368646,-0.18092824509262703,-0.21872970461845395,-0.30835631489753723,1.2403845310186414,1.3182443037208478,0.012404517648940572,0.08962661027908328,,0.004275050683835575,-0.10246532959864424,0.12531471060542,0.12531471060542,0.900415591499205,3933763.0,0.5696910931835859,0.5688892696583998,0.00999789711141232,0.024704044829204852,GCST90200618,cancerType_celltype,ESCA_Epi_ESCA,tissue,Tumor,Adjacent,group1_higher,0.9241464241064884,0.6429486521927023
43134,178,-0.06427637642510715,-0.08295175991429204,-0.11831697449088091,-0.24334979057312006,1.12643575204791,1.1064574950989248,0.01867538348918489,0.12503281608223915,,0.00674661041525702,-0.3679789372530223,0.22470773752612522,0.22470773752612522,0.8224636424041145,3932042.0,0.5593529511992449,0.5759229135987314,0.016580373309264453,0.024255742361275034,GCST90199649,cancerType_celltype,ESCA_Epi_ESCA,tissue,Tumor,Adjacent,group1_higher,0.8669899030137727,0.6503586837075981
43134,178,0.1134577385533732,0.09673259364737961,0.114197451621294,0.07236888632178304,0.36522489154227067,0.47226155188361524,0.016725144905993583,0.041828565299510956,,0.01634712461849115,0.23007882812993102,0.4719130944449363,0.4719130944449363,0.6375672086667514,3931664.0,0.5570822843369085,0.5774732629323691,0.04573134238539065,0.02415727732183437,GCST90199969,cancerType_celltype,ESCA_Epi_ESCA,tissue,Tumor,Adjacent,group1_higher,0.7152297163891211,0.6513800200849211
43134,178,0.13294915918650602,0.17585974473380642,0.0694412291049957,0.17093551158905024,1.5931013175670938,1.6664979616967024,-0.0429105855473004,-0.10149428248405454,,-0.010104606166869002,0.4035479787959937,-0.34288800571323363,-0.34288800571323363,0.7320865454714409,3746263.5,-0.5566287516699604,0.5777831579476667,-0.026930065203729498,-0.02413761036289841,GCST90200749,cancerType_celltype,ESCA_Epi_ESCA,tissue,Tumor,Adjacent,group2_higher,0.7950868218944813,0.6513800200849211
43134,178,0.09287756794490078,0.10445047283708724,0.05157470330595965,0.1068760678172111,0.7291797313033485,0.7256381528736568,-0.011572904892186459,-0.05530136451125144,,-0.006045647006723194,0.16941520234666044,-0.21233876722860873,-0.21233876722860873,0.8320850622131807,3746552.0,-0.5548957162472512,0.5789680466527257,-0.015871442333779778,-0.02406245913570615,GCST90199795,cancerType_celltype,ESCA_Epi_ESCA,tissue,Tumor,Adjacent,group2_higher,0.8737534204904202,0.6521764029650126
43134,178,-0.7443122149937671,-0.7197605535293814,-0.8208118677139282,-0.5749238133430481,1.5442051297258537,1.488827232989213,-0.0245516614643857,-0.24588805437088013,,-0.006817639146781164,-0.048390808723489616,-0.2195253711009193,-0.2195253711009193,0.8264915466646959,3746685.0,-0.5540967779067996,0.5795146705662657,-0.01590151174523537,-0.02402781402923626,GCST90200548,cancerType_celltype,ESCA_Epi_ESCA,tissue,Tumor,Adjacent,group2_higher,0.8697837313697662,0.6522530932963007
43134,178,0.4657644795901384,0.5157445796210779,0.4229743033647537,0.44147375226020813,1.0187049299032782,1.0404078469904903,-0.0499801000309395,-0.018499448895454407,,-0.018089024019650665,0.1470558334949725,-0.639655439152815,-0.639655439152815,0.523217174125157,3746995.0,-0.552234590797476,0.5807896954989986,-0.04905807477753246,-0.023947062277314024,GCST90199654,cancerType_celltype,ESCA_Epi_ESCA,tissue,Tumor,Adjacent,group2_higher,0.6137220381519699,0.6526288463692397
43134,178,0.10335269151329021,0.13754281453432493,0.07806389778852454,0.11931347101926801,0.7479822308891276,0.6913586638674024,-0.03419012302103472,-0.041249573230743464,,-0.017299772882122137,0.4123013430206827,-0.6582045636722014,-0.6582045636722014,0.5112536890492292,3746999.0,-0.5522105625767106,0.5808061560131238,-0.04572341894009082,-0.02394602031922466,GCST90199685,cancerType_celltype,ESCA_Epi_ESCA,tissue,Tumor,Adjacent,group2_higher,0.6016455706007409,0.6526288463692397
43134,178,0.24288389608468156,0.2738078025004858,0.2229203656315803,0.2092865332961082,0.9490629944165722,0.9303483941447279,-0.030923906415804253,0.013633832335472107,,-0.013023484263379242,0.1728960495318324,-0.4425152335101593,-0.4425152335101593,0.6586520788360795,3748172.0,-0.5451642868372382,0.5856425970037631,-0.03258621863806071,-0.023640466109531633,GCST90200964,cancerType_celltype,ESCA_Epi_ESCA,tissue,Tumor,Adjacent,group2_higher,0.7322534938446789,0.6575213012488708
43134,178,0.17354593184684347,0.16274586664198826,0.1629319414496421,0.11576437950134275,0.7537647796476705,0.7868087893803951,0.010800065204855214,0.04716756194829935,,0.00465228009600454,0.09269609232912018,0.18278742734292583,0.18278742734292583,0.8551724361677244,3927380.0,0.5313480598970962,0.5951796881452815,0.014325541180527509,0.023041340208172834,GCST90199667,cancerType_celltype,ESCA_Epi_ESCA,tissue,Tumor,Adjacent,group1_higher,0.891131521786398,0.6676789423391101
43134,178,0.5367326423078576,0.49228640787010447,0.4864964783191681,0.40515759587287903,1.2819236301559542,1.2978557647803606,0.044446234437753085,0.08133888244628906,,0.01317705022148408,0.12470548103748301,0.4559802872181093,0.4559802872181093,0.6489586355879552,3926330.0,0.5250406519461618,0.5995570192753754,0.034669743201882666,0.022767826209726394,GCST90200174,cancerType_celltype,ESCA_Epi_ESCA,tissue,Tumor,Adjacent,group1_higher,0.7238384781557962,0.6719425510156889
43134,178,-0.6092643108388945,-0.5619985427265317,-0.6906526684761047,-0.6542106866836548,1.4027634109645353,1.426802083159337,-0.04726576811236283,-0.03644198179244995,,-0.014699465343104316,-0.11650164474307398,-0.4410913625923506,-0.4410913625923506,0.6596809012289813,3751620.0,-0.524451960537408,0.5999663129758572,-0.033692374284907504,-0.02274229823653806,GCST90200904,cancerType_celltype,ESCA_Epi_ESCA,tissue,Tumor,Adjacent,group2_higher,0.732799566727874,0.6719425510156889
43134,178,0.1281357168678048,0.1487118897402366,0.12164089456200594,0.13336042314767835,0.45931966374618977,0.6034954890063343,-0.020576172872431797,-0.011719528585672406,,-0.017524155496512445,0.21484576768560573,-0.4543411884018738,-0.4543411884018738,0.6501372956300706,3752000.0,-0.5221692795646888,0.6015545643975722,-0.044730727565803714,-0.022643312218052603,GCST90200637,cancerType_celltype,ESCA_Epi_ESCA,tissue,Tumor,Adjacent,group2_higher,0.7245602076400541,0.6731682030163307
43134,178,0.0873639205565159,0.10472445301920845,0.044173343107104246,0.02351467963308095,0.7926286783369163,0.7377646809246828,-0.01736053246269255,0.020658663474023297,,-0.00924964579063067,0.26148610604367717,-0.3132011220565085,-0.3132011220565085,0.754493133962026,3752148.0,-0.5212802353963666,0.6021736594052489,-0.021908462147226113,-0.022604759768747873,GCST90200235,cancerType_celltype,ESCA_Epi_ESCA,tissue,Tumor,Adjacent,group2_higher,0.8123046119489545,0.673308201615549
43134,178,0.16396846992543684,0.15094224845184787,0.18422908335924143,0.1254755333065986,0.48625143167430324,0.6234397449355027,0.013026221473588978,0.05875355005264282,,0.009741246546071058,0.11942099127272032,0.27841302077560254,0.27841302077560254,0.7810186834942298,3925374.0,0.5192979071832158,0.6035551067512267,0.02675388892752346,0.022518798226379033,GCST90199652,cancerType_celltype,ESCA_Epi_ESCA,tissue,Tumor,Adjacent,group1_higher,0.8355796433301689,0.6742996807392803
43134,178,0.3039682372993762,0.3315099616524544,0.29714882373809814,0.3058132976293564,0.6166458197904899,0.6908044298819711,-0.027541724353078167,-0.00866447389125824,,-0.015485269376611656,0.12513124938682907,-0.5310472410795489,-0.5310472410795489,0.5960474250771496,3752895.0,-0.5167929651684161,0.6053027882671933,-0.04464051220674712,-0.022410174095567337,GCST90199808,cancerType_celltype,ESCA_Epi_ESCA,tissue,Tumor,Adjacent,group2_higher,0.6781407682639022,0.6755150013287885
43134,178,-0.1738866648906723,-0.08287131495438935,-0.2318538948893547,-0.27526941895484924,1.1971216062247783,1.1969435504345736,-0.09101534993628296,0.04341552406549454,,-0.032456542246747475,-1.0691934674053134,-1.0124100733308623,-1.0124100733308623,0.3127126535316888,3752974.0,-0.5163184078082982,0.6056341391223621,-0.0760285377721577,-0.02238959542330332,GCST90200827,cancerType_celltype,ESCA_Epi_ESCA,tissue,Tumor,Adjacent,group2_higher,0.4010513248179548,0.6755150013287885
43134,178,-0.5025735430061674,-0.6159360139013341,-0.5843499004840851,-0.6093191504478455,1.6071831192890107,1.6348441510490763,0.11336247089516671,0.024969249963760376,,0.02869874449132309,-0.2934452315869563,0.923291079841039,0.923291079841039,0.3571024946585466,3924642.0,0.5149007427831358,0.6066244807540011,0.0705298780950361,0.02232811989603345,GCST90200123,cancerType_celltype,ESCA_Epi_ESCA,tissue,Tumor,Adjacent,group1_higher,0.4473627759371314,0.676066367348899
43134,178,0.14350960679435545,0.12294185314418388,0.12074087932705874,0.0695179998874664,0.9555353553075049,0.911622762055631,0.020567753650171577,0.051222879439592334,,0.008816440861613442,0.22316949837673045,0.3003304888664696,0.3003304888664696,0.7642743550383315,3923619.0,0.5087555253223683,0.610925702608716,0.021528799243577,0.022061639114689946,GCST90200620,cancerType_celltype,ESCA_Epi_ESCA,tissue,Tumor,Adjacent,group1_higher,0.8200052905256234,0.6803037031500654
43134,178,-0.3479979330092939,-0.3117534105147345,-0.3910415321588516,-0.38589632511138916,0.8662589484559888,0.866962049189354,-0.036244522494559395,-0.005145207047462463,,-0.017850107525831327,-0.158672912085158,-0.5566208772619685,-0.5566208772619685,0.5784838061798827,3755313.0,-0.5022679057156929,0.6154811944246208,-0.04184014755088874,-0.0217803104305736,GCST90200365,cancerType_celltype,ESCA_Epi_ESCA,tissue,Tumor,Adjacent,group2_higher,0.6624279814324469,0.6848170351026597
43134,178,-0.22989465243086554,-0.20640963766190193,-0.2537105977535248,-0.21798811852931976,0.8627382374480508,0.8840426481776756,-0.023485014768963614,-0.03572247922420502,,-0.009456306013834669,-0.1554618594391717,-0.35373323664501477,-0.35373323664501477,0.7239565151304723,3755509.0,-0.5010905228981851,0.6163095300334414,-0.027218702910393053,-0.021729254484196936,GCST90199891,cancerType_celltype,ESCA_Epi_ESCA,tissue,Tumor,Adjacent,group2_higher,0.790034211467441,0.6848369685686619
43134,178,0.21460887513258314,0.19878647032617644,0.20488138496875757,0.15509661287069315,0.6604613338984592,0.6472783298947942,0.015822404806406704,0.04978477209806442,,0.009477946085891774,0.11048963631262113,0.3254321493005005,0.3254321493005005,0.7452351208356174,3922297.0,0.5008141983593823,0.6165040061876362,0.02395853014473807,0.021717271966169793,GCST90199871,cancerType_celltype,ESCA_Epi_ESCA,tissue,Tumor,Adjacent,group1_higher,0.8042402768796093,0.6848369685686619
43134,178,-0.020601968765763902,-0.03911554126403807,-0.0539279449731111,-0.08090532198548316,0.6324943501864462,0.6963866177829993,0.01851357249827417,0.02697737701237206,,0.010636416905868806,-0.924926574741527,0.35408853263074586,0.35408853263074586,0.7236911376489992,3921918.5,0.49854052796945025,0.6181052275516896,0.029258045737222436,0.02161867668196793,GCST90200927,cancerType_celltype,ESCA_Epi_ESCA,tissue,Tumor,Adjacent,group1_higher,0.790034211467441,0.6860565351408412
43134,178,0.17173854008169645,0.1561488446183084,0.1567863598465919,0.1381395012140274,0.6373011999728037,0.6665200804466309,0.015589695463388037,0.01864685863256449,,0.009183493347777743,0.1372910995947638,0.31147033076950936,0.31147033076950936,0.7558068991259844,3921733.0,0.49742621923145186,0.6188906375792558,0.024457365360873614,0.021570355875575542,GCST90200899,cancerType_celltype,ESCA_Epi_ESCA,tissue,Tumor,Adjacent,group1_higher,0.8130740359184819,0.6863693564040079
43134,178,0.10058725479006818,0.08952635295657713,0.0928321033716201,0.04806297272443765,0.5072555870201504,0.5557238929280471,0.011060901833491052,0.044769130647182444,,0.008706906499221225,0.16806142232383,0.2650917100197399,0.2650917100197399,0.7912451744309992,3921413.0,0.4955039615702147,0.6202465459174051,0.02179646574152612,0.021486999228430115,GCST90200031,cancerType_celltype,ESCA_Epi_ESCA,tissue,Tumor,Adjacent,group1_higher,0.8445318502344964,0.6873138553540026
43134,178,0.14453012791462658,0.1667544906278758,0.16162096709012985,0.1734986007213592,0.3138290529911636,0.42144611280115124,-0.022224362713249235,-0.011877633631229345,,-0.024181090962586645,0.20635402281237739,-0.7027501494744399,-0.7027501494744399,0.4831304909688149,3756979.5,-0.49225714823928135,0.6225396922045339,-0.07070080308160992,-0.021346204641610744,GCST90199627,cancerType_celltype,ESCA_Epi_ESCA,tissue,Tumor,Adjacent,group2_higher,0.5746610431515893,0.6889957992779416
43134,178,0.1682767268631701,0.1973436052997314,0.12667270004749295,0.17315820604562754,0.7302309497734278,0.7405786478552092,-0.029066878436561305,-0.046485505998134585,,-0.017117685264626512,0.22987284654176648,-0.5225979748190661,-0.5225979748190661,0.601902342545483,3757035.0,-0.4919237566761605,0.6227753666254029,-0.03980272726865166,-0.021331747473121387,GCST90199849,cancerType_celltype,ESCA_Epi_ESCA,tissue,Tumor,Adjacent,group2_higher,0.682523205398913,0.6889957992779416
43134,178,0.12307425745116742,0.11737328149205639,0.13016842305660245,0.09451114758849141,0.3694474448880503,0.4036289340756134,0.005700975959111024,0.03565727546811104,,0.006051059008754104,0.0684244310002384,0.18811674892261235,0.18811674892261235,0.850999144966933,3917972.0,0.474833684656724,0.6349076626582056,0.015424986784303303,0.020590654782092654,GCST90200593,cancerType_celltype,ESCA_Epi_ESCA,tissue,Tumor,Adjacent,group1_higher,0.8881407615543105,0.7018484543415525
43134,178,0.30153793898541686,0.2810236797249468,0.322478324174881,0.3900303989648819,0.40882839250065,0.5218651823430133,0.02051425926047007,-0.06755207479000092,,0.017434252678475617,0.10164748121037336,0.523791284200698,0.523791284200698,0.6010756378398849,3760332.0,-0.4721184957102265,0.6368443550621654,0.050113753194244465,-0.020472913517999514,GCST90199939,cancerType_celltype,ESCA_Epi_ESCA,tissue,Tumor,Adjacent,group1_higher,0.682393022986092,0.7034188459884372
43134,178,-0.03953782307516924,0.02820974462822582,-0.1165887229144573,-0.07520305365324015,1.133668316038148,1.171347697093285,-0.06774756770339506,-0.041385669261217145,,-0.02565342320534103,-0.48702518135052053,-0.770158523041811,-0.770158523041811,0.4422246739876744,3760638.0,-0.4702803368216685,0.6381568895280912,-0.059751351830274614,-0.020393203724166642,GCST90199704,cancerType_celltype,ESCA_Epi_ESCA,tissue,Tumor,Adjacent,group2_higher,0.5338815151861827,0.7042978464994238
43134,178,0.19649878019048928,0.16048163240984753,0.17428022623062128,0.11630365625023839,0.8627766287880709,0.8331089599632452,0.036017147780641745,0.05797656998038289,,0.01646332365677515,0.29211052274796195,0.5755175614678263,0.5755175614678263,0.5656658359791968,3917009.0,0.4690488905074384,0.6390368369932137,0.041751389744292884,0.02033980337208896,GCST90200313,cancerType_celltype,ESCA_Epi_ESCA,tissue,Tumor,Adjacent,group1_higher,0.6500864539963283,0.7043274200923814
43134,178,-0.7665880386785534,-0.706701349181887,-0.8431091904640198,-0.8433318138122559,1.3819503700409075,1.4407321716258568,-0.05988668949666642,0.00022262334823608398,,-0.018889838429235004,-0.11735066470426322,-0.5535210584349077,-0.5535210584349077,0.5805999179094786,3760885.0,-0.46879659418940106,0.6392171816979278,-0.04332721482520872,-0.02032886281215107,GCST90200038,cancerType_celltype,ESCA_Epi_ESCA,tissue,Tumor,Adjacent,group2_higher,0.6633341895311143,0.7043274200923814
43134,178,0.34288236166801334,0.34268000672749255,0.362225279211998,0.41635589301586146,0.4432923449336353,0.5614532435843465,0.00020235494052078806,-0.05413061380386347,,0.00015397372109865164,0.000851667592789418,0.004802333611237674,0.004802333611237674,0.9961736874155085,3762146.0,-0.46122169759308845,0.6446417109289161,0.00045591941659934025,-0.020000385524493014,GCST90199725,cancerType_celltype,ESCA_Epi_ESCA,tissue,Tumor,Adjacent,group1_higher,0.9975547789053809,0.7097307366689116
43134,178,0.5157645899784592,0.445301676770735,0.501019150018692,0.45786401629447937,1.5028962098047587,1.502202217161881,0.07046291320772419,0.043155133724212646,,0.017989673704666885,0.21192924089423396,0.6245211060235543,0.6245211060235543,0.5330829970871648,3914717.0,0.45528072000882736,0.6489094554523474,0.04688483854918266,0.01974276138690878,GCST90200553,cancerType_celltype,ESCA_Epi_ESCA,tissue,Tumor,Adjacent,group1_higher,0.6220822988268884,0.71385277464209
43134,178,0.10587418193821818,0.07360816694268946,0.10491531714797014,0.08478965610265725,0.48000976975246507,0.5728133312356775,0.032266014995528725,0.020125661045312895,,0.02391698181305102,0.5244070996163549,0.7504363594738381,0.7504363594738381,0.4539826175774637,3913631.0,0.4487570580710038,0.6536090861056193,0.06716132545571686,0.0194598697656585,GCST90200082,cancerType_celltype,ESCA_Epi_ESCA,tissue,Tumor,Adjacent,group1_higher,0.545659883384553,0.7184428906144832
43134,178,0.08013730903817072,0.016323124225973408,0.0213956972584128,0.01749312505126,1.2084694803255513,1.0323279602639728,0.0638141848121973,0.0039025722071527984,,0.020535687850829244,2.2954864738356417,0.8224036285466401,0.8224036285466401,0.4119413414992765,3913384.0,0.4472733154387364,0.6546798997953789,0.052834976354232586,0.01939552885364293,GCST90200538,cancerType_celltype,ESCA_Epi_ESCA,tissue,Tumor,Adjacent,group1_higher,0.5021423931316407,0.7190400511048359
43134,178,0.13877817308320595,0.16088284918543977,0.12453066185116765,0.1721074506640434,0.9587046942201295,0.8553921504126518,-0.022104676102233822,-0.04757678881287575,,-0.007930555864937504,0.21322842847675724,-0.34387941438089703,-0.34387941438089703,0.7313409432046679,3765583.0,-0.44057544890036315,0.6595225546782107,-0.023066427538208256,-0.01910508303624503,GCST90199815,cancerType_celltype,ESCA_Epi_ESCA,tissue,Tumor,Adjacent,group2_higher,0.7950868218944813,0.7237755571871185
43134,178,0.34633900000090867,0.3272310043423531,0.31907811760902405,0.3041723072528839,0.7262948087337199,0.7481548669181638,0.019107995658555588,0.014905810356140137,,0.010552103459036203,0.08187516358833992,0.3400875800119463,0.3400875800119463,0.7341907102403809,3911596.0,0.4365327007565738,0.6624524575433024,0.026305585723341067,0.01892977358771697,GCST90199876,cancerType_celltype,ESCA_Epi_ESCA,tissue,Tumor,Adjacent,group1_higher,0.7967372118293305,0.7264060334927764
43134,178,0.11674291525200912,0.13697023732127267,0.1107070632278919,0.08635043352842325,0.5221926396697187,0.6710652884991687,-0.020227322069263545,0.02435662969946864,,-0.01425142327258216,0.2305256145774216,-0.40164437031861855,-0.40164437031861855,0.6884278869603195,3911344.0,0.43501892284834953,0.6635508723459728,-0.03868390245402551,0.01886413022808986,GCST90200196,cancerType_celltype,ESCA_Epi_ESCA,tissue,Tumor,Adjacent,group2_higher,0.7597791173497291,0.7270255940575249
43134,178,0.278675299494479,0.29642276743589113,0.28516943752765656,0.3156632035970688,0.47720990494514,0.6268707083558441,-0.01774746794141213,-0.03049376606941223,,-0.013779330698011164,0.08907081726113852,-0.37726780499089657,-0.37726780499089657,0.7064243985565359,3768158.0,-0.4251072817825955,0.6707606592724231,-0.03713504783546442,-0.01843432251624544,GCST90200074,cancerType_celltype,ESCA_Epi_ESCA,tissue,Tumor,Adjacent,group2_higher,0.7758714385435604,0.7343347619183235
43134,178,-0.1433895218178082,-0.17875582527557618,-0.19491149485111237,-0.25883500277996063,1.2640991107876913,1.3615673274856035,0.03536630345776798,0.06392350792884827,,0.011618568323865918,-0.31804866342524296,0.34593103461393565,0.34593103461393565,0.7298024684720446,3909541.0,0.4241882023383165,0.6714307543484078,0.027968325261797287,0.018394467619329058,GCST90200635,cancerType_celltype,ESCA_Epi_ESCA,tissue,Tumor,Adjacent,group1_higher,0.7950868218944813,0.734397282081281
43134,178,0.033437872032457634,0.08829802534480193,-0.0153103275224566,-0.05038261041045185,1.2297228166068006,1.2142111187811333,-0.05486015331234429,0.03507228288799524,,-0.018258603985173944,1.4008713303948939,-0.6015276770767116,-0.6015276770767116,0.5482517673545253,3768465.5,-0.42326011231125044,0.6721076841314413,-0.044614089489922744,-0.01835422198812897,GCST90200484,cancerType_celltype,ESCA_Epi_ESCA,tissue,Tumor,Adjacent,group2_higher,0.6352030958539505,0.734397282081281
43134,178,0.10074686396086464,0.12683643664369423,0.0809175297617912,0.1190775111317634,0.5123283509141563,0.5160498141233587,-0.02608957268282959,-0.0381599813699722,,-0.017270867890300183,0.33223137500222977,-0.6731376992916794,-0.6731376992916794,0.5017305399354962,3768540.0,-0.4228125866994937,0.6724341951852081,-0.05092202171774735,-0.01833481551871541,GCST90200209,cancerType_celltype,ESCA_Epi_ESCA,tissue,Tumor,Adjacent,group2_higher,0.5931125116496803,0.734397282081281
43134,178,0.18079386484488327,0.13565612001294855,0.13486905395984644,0.12398597598075858,1.0767552497757449,1.082089408192356,0.04513774483193472,0.010883077979087857,,0.01697928907054135,0.4143889311826692,0.5553940678817181,0.5553940678817181,0.5793207291764318,3909151.0,0.4218454508136837,0.6731400206517839,0.041919302235026115,0.018292876705620298,GCST90200804,cancerType_celltype,ESCA_Epi_ESCA,tissue,Tumor,Adjacent,group1_higher,0.6624279814324469,0.7345795421524272
43134,178,0.09865698019447458,0.08259429260460513,0.0862713009119033,0.06077562086284155,0.6119438088356735,0.6473140402688305,0.01606268758986945,0.025495680049061747,,0.009771972715424591,0.25637619188373406,0.33045613307481964,0.33045613307481964,0.7414432933146823,3907945.0,0.4146009422528962,0.6784362573961902,0.026242254344072444,0.0179787263416904,GCST90200324,cancerType_celltype,ESCA_Epi_ESCA,tissue,Tumor,Adjacent,group1_higher,0.8014172948357748,0.7397668950648058
43134,178,-0.3614272538176666,-0.3405335282519711,-0.38476137816905975,-0.5004976838827133,1.5908627056309197,1.57128211053197,-0.02089372556569552,0.11573630571365356,,-0.004880801999437518,-0.0859082032852286,-0.17703335094030184,-0.17703335094030184,0.859682907608925,3907440.0,0.4115673793812563,0.680658747203034,-0.01313423847421888,0.017847179132913782,GCST90200508,cancerType_celltype,ESCA_Epi_ESCA,tissue,Tumor,Adjacent,group2_higher,0.8924202612878634,0.741597020333921
43134,178,-0.41299857315951466,-0.43432830234340736,-0.5469478666782379,-0.5497625172138214,1.8074081799640813,1.565964740920084,0.0213297291838927,0.002814650535583496,,0.005139212640599579,-0.07264899794802847,0.18122700390175364,0.18122700390175364,0.8563944957973286,3770933.0,-0.40843770362655457,0.6829545622108102,0.011807296593573253,-0.017711464091779816,GCST90199687,cancerType_celltype,ESCA_Epi_ESCA,tissue,Tumor,Adjacent,group1_higher,0.8916551796736337,0.7435040481576153
43134,178,0.23426494865800865,0.25780263637307654,0.1933316141366958,0.22635287046432495,0.8716329939269967,0.9420318364600146,-0.023537687715067895,-0.033021256327629145,,-0.01110264718844067,0.13812534447896138,-0.33276864706213544,-0.33276864706213544,0.7396999622869196,3771331.0,-0.40604689566039087,0.6847103504522212,-0.026994857941092378,-0.017607789261892548,GCST90200097,cancerType_celltype,ESCA_Epi_ESCA,tissue,Tumor,Adjacent,group2_higher,0.8012453509471594,0.7446152620791162
43134,178,-0.008618678455335352,-0.07171974027283448,-0.09366285428404805,-0.16491677612066263,1.5532880814616437,1.6051117886904873,0.06310106181749912,0.07125392183661458,,0.01751302689579985,-3.0566844214306967,0.5234845096224031,0.5234845096224031,0.6012868823230348,3906440.0,0.40556032418989024,0.6850678933581891,0.040618554215182345,0.01758668961058385,GCST90200350,cancerType_celltype,ESCA_Epi_ESCA,tissue,Tumor,Adjacent,group1_higher,0.682393022986092,0.7446152620791162
43134,178,0.30699842314002757,0.2747753903353482,0.3080306649208069,0.26288720965385437,0.5597736848509974,0.6803821690313906,0.032223032804679363,0.045143455266952515,,0.022011503322321754,0.15997789621845393,0.630983171823738,0.630983171823738,0.5288609325962437,3905632.0,0.40070662359526643,0.6886383452224882,0.05750832726173527,0.01737621407654122,GCST90200510,cancerType_celltype,ESCA_Epi_ESCA,tissue,Tumor,Adjacent,group1_higher,0.6187445932435022,0.747899653018527
43134,178,0.08563527856558537,0.12536787766122176,0.07149643823504445,0.0735313631594181,0.8387840850112832,0.8295801495510652,-0.039732599095636395,-0.0020349249243736545,,-0.015864573116439355,0.5498852410916225,-0.6376530796889772,-0.6376530796889772,0.5245166439570041,3773030.0,-0.3958409088902599,0.6922246115083701,-0.047371393823615986,-0.017165217563453905,GCST90199898,cancerType_celltype,ESCA_Epi_ESCA,tissue,Tumor,Adjacent,group2_higher,0.6147172706048123,0.7511959757053411
43134,178,-0.5674348000390784,-0.537039148757297,-0.6103549003601074,-0.6899916529655457,1.1840393479253049,1.2408952854014192,-0.030395651281781455,0.07963675260543823,,-0.009677219024168805,-0.07942722727652843,-0.3261910096854751,-0.3261910096854751,0.7446623120548967,3774380.0,-0.3877313843819157,0.6982170507503416,-0.025665992451564555,-0.01681355670830853,GCST90199922,cancerType_celltype,ESCA_Epi_ESCA,tissue,Tumor,Adjacent,group2_higher,0.8042402768796093,0.7565866458613353
43134,178,0.3548809952581766,0.3994106124102902,0.30548346042633057,0.3145859539508819,1.1151953379094082,1.2089464288216083,-0.044529617152113565,-0.009102493524551336,,-0.016856772025626257,0.17053689608745173,-0.49055842285465945,-0.49055842285465945,0.6243421496974939,3774454.0,-0.3872868622977546,0.6985460738240541,-0.03991559349047883,-0.016794280483656054,GCST90200344,cancerType_celltype,ESCA_Epi_ESCA,tissue,Tumor,Adjacent,group2_higher,0.7027071428882611,0.7565866458613353
43134,178,0.06969025980739747,0.06919887500522093,0.06814498081803315,0.11477227881550786,0.408464059618424,0.521050881962606,0.0004913848021765449,-0.04662729799747471,,0.00040996305019302357,0.01020830272646178,0.0125661314875996,0.0125661314875996,0.9899880226218989,3774524.0,-0.38686636843435895,0.6988573640054447,0.001201467262144448,-0.016776046217093055,GCST90200095,cancerType_celltype,ESCA_Epi_ESCA,tissue,Tumor,Adjacent,group1_higher,0.9929018946531628,0.7565866458613353
43134,178,0.1389088542632571,0.14806920616479402,0.13073047250509257,0.1307139471173286,0.44537970016498757,0.5114573605751697,-0.009160351901536912,1.652538776397705e-05,,-0.008081010287608758,0.09213243131310561,-0.238580132624128,-0.238580132624128,0.8117054492192765,3902849.0,0.3839889889976946,0.7009888347367227,-0.020554128316772516,0.016651271735896866,GCST90200315,cancerType_celltype,ESCA_Epi_ESCA,tissue,Tumor,Adjacent,group2_higher,0.8583263681384479,0.7582918902747247
43134,178,-0.11897381281148642,-0.1170699316485042,-0.15170172601938245,-0.26867784559726715,0.7809554481397536,0.8593685577087339,-0.001903881162982221,0.1169761195778847,,-0.0009192764914653024,-0.023273281070308002,-0.02950744514224496,-0.02950744514224496,0.976492900262121,3902278.5,0.38056196401102027,0.7035305385319188,-0.002436837122069819,0.016502662463407702,GCST90199695,cancerType_celltype,ESCA_Epi_ESCA,tissue,Tumor,Adjacent,group2_higher,0.9822581719979858,0.7604378461689177
43134,178,0.11951997192033224,0.14378737644180414,0.11971463635563845,0.17320830374956125,0.41618456688373945,0.5146896669341633,-0.0242674045214719,-0.053493667393922806,,-0.021098235654493074,0.2666832709837815,-0.6282069750809434,-0.6282069750809434,0.5306737515458294,3776501.0,-0.3749904203210282,0.7076698249354783,-0.05824626222446617,-0.016261058431446762,GCST90199726,cancerType_celltype,ESCA_Epi_ESCA,tissue,Tumor,Adjacent,group2_higher,0.6203330388996273,0.7643058410357028
43134,178,0.030527286419389954,0.01869260937006872,-0.0065699906554072506,-0.033618735149502754,0.79117838233415,0.8351649180648345,0.011834677049321233,0.027048744494095504,,0.005172223101656626,0.7076014598744134,0.18870850074805692,0.18870850074805692,0.8505358921698629,3899892.0,0.3662261267968251,0.7141985890751633,0.014954799773755143,0.015881004218367245,GCST90200569,cancerType_celltype,ESCA_Epi_ESCA,tissue,Tumor,Adjacent,group1_higher,0.8881407615543105,0.7707463791840441
43134,178,-0.13993207686729506,-0.12926841078959195,-0.1657403782010078,-0.14280211180448527,0.5860966984989591,0.6067091764985099,-0.01066366607770311,-0.022938266396522522,,-0.007449344313855045,-0.114356093285698,-0.23404606220207425,-0.23404606220207425,0.8152176402144754,3778160.0,-0.36502471575855183,0.7150951988460261,-0.018191719577698502,-0.015828906313901325,GCST90200201,cancerType_celltype,ESCA_Epi_ESCA,tissue,Tumor,Adjacent,group2_higher,0.8613501113273876,0.7711034462239982
43134,178,-0.33264624645617835,-0.2893847936680645,-0.3808516412973404,-0.3286285996437073,1.044207202473081,1.0367547106600796,-0.04326145278811383,-0.05222304165363312,,-0.016088791746145806,-0.2009989918199376,-0.5555561449919185,-0.5555561449919185,0.5792099957600886,3778369.0,-0.36376924122355636,0.7160325762698725,-0.04143115472493412,-0.01577446400373439,GCST90200601,cancerType_celltype,ESCA_Epi_ESCA,tissue,Tumor,Adjacent,group2_higher,0.6624279814324469,0.7715038746686452
43134,178,0.25839285074610596,0.24965188638673405,0.2712366580963135,0.30887190997600555,0.4174135889736985,0.5322301384012422,0.008740964359371911,-0.03763525187969208,,0.0077256880024878455,0.04964815057337142,0.21883632416677537,0.21883632416677537,0.827028404882771,3899280.0,0.362549809019709,0.7169434532835853,0.020914048891619432,0.0157215846307015,GCST90200171,cancerType_celltype,ESCA_Epi_ESCA,tissue,Tumor,Adjacent,group1_higher,0.8697837313697662,0.771875139672612
43134,178,-0.030731742038297802,0.0011426119965741834,-0.04402695968747135,-0.02722857706248755,0.5135806174250822,0.5472495114764829,-0.03187435403487199,-0.016798382624983798,,-0.022785908100946977,-4.748106928633986,-0.7756721810751688,-0.7756721810751688,0.43897024119835126,3778802.0,-0.3611681863256948,0.7179759680751174,-0.06204583450073204,-0.015661672040565566,GCST90200487,cancerType_celltype,ESCA_Epi_ESCA,tissue,Tumor,Adjacent,group2_higher,0.5304223747813411,0.7722454411172988
43134,178,-0.002530332822959423,-0.01703157005543831,-0.051818329840898444,-0.18895561248064036,1.1432888722460948,1.0694824551632574,0.014501237232478887,0.1371372826397419,,0.004976654765517179,-2.750327028154738,0.18047612426340423,0.18047612426340423,0.8569833348293913,3898951.0,0.3605734878617496,0.7184205571069221,0.012687030692623872,0.015635883577854948,GCST90200951,cancerType_celltype,ESCA_Epi_ESCA,tissue,Tumor,Adjacent,group1_higher,0.8916551796736337,0.7722454411172988
43134,178,-0.01854584729838248,0.04180372557001125,-0.04058590158820145,-0.1172089613974094,1.0495234385605103,1.0691390199616142,-0.060349572868393736,0.07662305980920794,,-0.022245158023762153,1.1724920625801694,-0.751602503267764,-0.751602503267764,0.4532804667511795,3781058.5,-0.34761326628637723,0.7281328978412123,-0.05749744927848985,-0.015073877433428029,GCST90200096,cancerType_celltype,ESCA_Epi_ESCA,tissue,Tumor,Adjacent,group2_higher,0.5452968015726899,0.7820686680516724
43134,178,0.02652831475594858,0.03390877522473234,0.0111754266545176,0.0295392423868179,0.4945699811367144,0.5068682664691861,-0.00738046046878376,-0.018363815732300302,,-0.005930889171039342,0.35411380962896044,-0.19388619590746378,-0.19388619590746378,0.8464855881687974,3781385.0,-0.3456519627663962,0.729606547044958,-0.014921449947070647,-0.014988827604387245,GCST90200146,cancerType_celltype,ESCA_Epi_ESCA,tissue,Tumor,Adjacent,group2_higher,0.8854642031266852,0.7830344280490376
43134,178,-0.7040352082862792,-0.6622916893468479,-0.7484004497528076,-0.8188574612140656,1.1248361882829534,1.2035788011205983,-0.04174351893943129,0.07045701146125793,,-0.014924314956742462,-0.08818069469943822,-0.4618949942650135,-0.4618949942650135,0.6447197633265906,3783711.0,-0.33167955239127866,0.7401335104935503,-0.03709977005405695,-0.014382928975447795,GCST90200616,cancerType_celltype,ESCA_Epi_ESCA,tissue,Tumor,Adjacent,group2_higher,0.7202893749296254,0.7937072972483942
43134,178,0.20885723476459922,0.19547512574288783,0.23132569342851633,0.2545127719640731,0.3841338953806661,0.5040622122202724,0.013382109021711386,-0.023187078535556793,,0.009989039317667946,0.0955316101729603,0.35377784262426154,0.35377784262426154,0.723924419423249,3893975.0,0.33068238122951193,0.7408866809868139,0.03478582038867316,0.014339687714741034,GCST90200641,cancerType_celltype,ESCA_Epi_ESCA,tissue,Tumor,Adjacent,group1_higher,0.790034211467441,0.793890366497663
43134,178,0.07318567661038852,0.07170099953942921,0.0748687945306301,0.04291365481913085,0.49651757120630063,0.545285185710398,0.0014846770709593116,0.03195513971149925,,0.0011508467300139636,0.02956768296889693,0.03626407406081052,0.03626407406081052,0.9711123835512765,3892945.0,0.32449511438240486,0.7455654940530203,0.002988921900872024,0.014071383506741197,GCST90200738,cancerType_celltype,ESCA_Epi_ESCA,tissue,Tumor,Adjacent,group1_higher,0.9776308145590428,0.7979562399183112
43134,178,0.3975023707163733,0.3762543499515538,0.3735233545303345,0.4068699777126312,0.9011049052428522,0.9404102640276956,0.021248020764819464,-0.03334662318229675,,0.008950534382261203,0.07925499848579966,0.30087764585124793,0.30087764585124793,0.7638582761834795,3892882.0,0.32411666990534876,0.7458519806719944,0.02357566954876141,0.01405497266683442,GCST90200924,cancerType_celltype,ESCA_Epi_ESCA,tissue,Tumor,Adjacent,group1_higher,0.8200052905256234,0.7979562399183112
43134,178,-0.5458794317879783,-0.5220413778207442,-0.6020891070365906,-0.5568475127220154,1.2520404645516952,1.2419716074645402,-0.02383805396723404,-0.045241594314575195,,-0.007042375081660343,-0.06441805645919534,-0.2555408599391576,-0.2555408599391576,0.7985996300818626,3785849.0,-0.318836468392138,0.7498528002771403,-0.01903998711843806,-0.013826002376706392,GCST90199624,cancerType_celltype,ESCA_Epi_ESCA,tissue,Tumor,Adjacent,group2_higher,0.849057173012152,0.8016073464923468
43134,178,-0.3942889252470763,-0.3809904202405531,-0.4508069157600403,-0.42538532614707947,1.0398223456796887,0.9591950605743945,-0.013298505006523242,-0.025421589612960815,,-0.00523299837478994,-0.04949833847138734,-0.1845250618544285,-0.1845250618544285,0.8538107839033027,3786003.0,-0.3179113818926676,0.750554437040817,-0.01279310613928809,-0.013785886990267615,GCST90200109,cancerType_celltype,ESCA_Epi_ESCA,tissue,Tumor,Adjacent,group2_higher,0.8903933423566959,0.8017286032026909
43134,178,-0.09867651842401763,-0.04981731907778493,-0.13505060225725168,-0.15067989379167554,1.028270982152369,1.1053891373633622,-0.0488591993462327,0.015629291534423856,,-0.018814564244022922,-0.9860450903462734,-0.5886635045339758,-0.5886635045339758,0.5568321555896019,3787236.0,-0.31050468284171323,0.756179482642379,-0.04750077612433513,-0.01346470340923478,GCST90200417,cancerType_celltype,ESCA_Epi_ESCA,tissue,Tumor,Adjacent,group2_higher,0.6421000237467237,0.8071046474875195
43134,178,0.2475243413021586,0.24457454371914852,0.2589041143655777,0.23533783107995984,0.45562795073739104,0.49227999253198607,0.0029497975830100887,0.023566283285617856,,0.0022290187141890574,0.017296084791116068,0.07980383401424421,0.07980383401424421,0.9364827973172265,3889865.0,0.3059933843929973,0.7596119697025578,0.006471923700642561,0.01326907577796499,GCST90200630,cancerType_celltype,ESCA_Epi_ESCA,tissue,Tumor,Adjacent,group1_higher,0.9504289298163661,0.8101338925700988
43134,178,0.022474707734798226,0.02860310143435353,0.0036624112399294,-0.0013489874545484,0.7472683993055645,0.7270663008246,-0.006128393699555305,0.0050113986944778,,-0.0031505465979544713,0.3478554791412133,-0.11221169294070235,-0.11221169294070235,0.9107816124990751,3788838.0,-0.30088138042514473,0.7635072394856177,-0.00820195496029739,-0.013047399194462184,GCST90200318,cancerType_celltype,ESCA_Epi_ESCA,tissue,Tumor,Adjacent,group2_higher,0.9284931472223181,0.8136515773408106
43134,178,-0.0012796596200726979,-0.04237599349812882,-0.023745056241750648,-0.051391443237662246,1.12119086645306,0.9100519218386428,0.04109633387805612,0.027646386995911598,,0.01583898533381903,-5.048322251839159,0.6006078721280766,0.6006078721280766,0.5488599447952487,3887855.0,0.29391920345835143,0.7688219388191431,0.03667976203575716,0.012745491838081824,GCST90200648,cancerType_celltype,ESCA_Epi_ESCA,tissue,Tumor,Adjacent,group1_higher,0.6352030958539505,0.818675236414447
43134,178,0.38294713264131747,0.4128121877026357,0.3593449145555496,0.47738316655158997,1.0352012057372724,1.0190245940429536,-0.029865055061318257,-0.11803825199604034,,-0.010674361916336158,0.10834005622509214,-0.3901807565757635,-0.3901807565757635,0.6968680689057756,3790244.0,-0.292435460826084,0.7699559949150607,-0.02885134545764612,-0.012681150926066254,GCST90200216,cancerType_celltype,ESCA_Epi_ESCA,tissue,Tumor,Adjacent,group2_higher,0.767230353730672,0.8192427955263292
43134,178,0.19185026550157416,0.19505925691853998,0.16773600876331324,0.17513824254274363,0.8136819150245124,0.9371755581794159,-0.0032089914169658174,-0.007402233779430389,,-0.0015811986908268977,0.02393158070224406,-0.045612424425720326,-0.045612424425720326,0.9636702679447584,3887262.0,0.2903570197298714,0.7715454187985565,-0.00394116182283897,0.012591021551340065,GCST90200556,cancerType_celltype,ESCA_Epi_ESCA,tissue,Tumor,Adjacent,group2_higher,0.9715107804798119,0.8202010474718799
43134,178,0.4380734358492422,0.4324417615079143,0.4352572858333587,0.5342953503131866,0.6881023289500748,0.7621297728251435,0.005631674341327886,-0.09903806447982794,,0.0032159124658180894,0.01866683856205728,0.09842135998119882,0.09842135998119882,0.9217083392699983,3790702.0,-0.28968422954843837,0.7720601202541614,0.008180566551837576,-0.012561846724839176,GCST90200116,cancerType_celltype,ESCA_Epi_ESCA,tissue,Tumor,Adjacent,group1_higher,0.9375287062873192,0.8202010474718799
43134,178,0.009763079682496739,0.016208537961513305,-0.00722585618495935,-0.0379509245976805,0.5096128408742833,0.5367628302740222,-0.006445458279016566,0.03072506841272115,,-0.005151969738245086,0.7312869949052111,-0.1599098181033031,-0.1599098181033031,0.8731331057245009,3886539.0,0.28601391882651367,0.7748697614200852,-0.012644928670469636,0.012402687626695608,GCST90200595,cancerType_celltype,ESCA_Epi_ESCA,tissue,Tumor,Adjacent,group2_higher,0.9008935829693374,0.822544770105589
43134,178,-0.39287827971398886,-0.37079737561537746,-0.43334969878196716,-0.428225502371788,0.9158774173077431,0.885043536271674,-0.02208090409861141,-0.005124196410179138,,-0.007721244266692245,-0.08345115882696869,-0.3321274037408103,-0.3321274037408103,0.7401825860492475,3791860.0,-0.2827280596368364,0.7773876075490527,-0.024112278764968246,-0.012260199857981102,GCST90200474,cancerType_celltype,ESCA_Epi_ESCA,tissue,Tumor,Adjacent,group2_higher,0.8012453509471594,0.8245753378127305
43134,178,0.09052728814862133,0.08405969261578965,0.0461259055882692,-0.08393540978431696,1.327475902563445,1.3165827836914223,0.006467595532831688,0.13006131537258617,,0.001977984459096741,0.10693733032050003,0.0654026885856955,0.0654026885856955,0.9479265788772175,3885857.0,0.281917107186002,0.7780093748271072,0.004872262869887912,0.012225033772466531,GCST90200633,cancerType_celltype,ESCA_Epi_ESCA,tissue,Tumor,Adjacent,group1_higher,0.9584747233009254,0.8245931398828515
43134,178,0.12213377402723934,0.13858357188749662,0.1108223535120487,0.11655133962631226,0.6457574010176492,0.6608506641576274,-0.016449797860257284,-0.005728986114263562,,-0.008110677280923117,0.1822926357112152,-0.3314463844116498,-0.3314463844116498,0.7406963625777115,3792205.0,-0.28065562559581514,0.7789768508050084,-0.025471188407140077,-0.01217033097277731,GCST90199983,cancerType_celltype,ESCA_Epi_ESCA,tissue,Tumor,Adjacent,group2_higher,0.8012453509471594,0.8249770377989327
43134,178,0.1794039076590609,0.17824847831945406,0.1551902294158935,0.1857286095619201,1.01546365450395,1.0847055314856708,0.0011554293396068283,-0.03053838014602661,,0.00042558504149249127,0.009321501666293473,0.01418592341338787,0.01418592341338787,0.9886975126283417,3794377.0,-0.267608301720168,0.7890031523001044,0.001137506515131553,-0.011604547730276638,GCST90200526,cancerType_celltype,ESCA_Epi_ESCA,tissue,Tumor,Adjacent,group1_higher,0.9929018946531628,0.8349466588393185
43134,178,0.3506300284700482,0.3208592488375503,0.32878012955188746,0.351447656750679,0.7641977948149669,0.7903796187623905,0.029770779632497912,-0.02266752719879156,,0.015201886136463668,0.12800860431865513,0.5015663317912398,0.5015663317912398,0.6165911064351706,3882111.0,0.2594146784391446,0.7953176226853099,0.03895135648643785,0.011249240021818707,GCST90199906,cancerType_celltype,ESCA_Epi_ESCA,tissue,Tumor,Adjacent,group1_higher,0.6945567587364773,0.8403974187018627
43134,178,0.29621816222125696,0.31802212657260426,0.27398809790611267,0.3233833312988281,0.6576859528915214,0.7222277863512682,-0.021803964351347294,-0.049395233392715454,,-0.012792230375415478,0.10246671116261938,-0.40209571655449644,-0.40209571655449644,0.6880954191059283,3795756.0,-0.2593245726112741,0.7953871387567153,-0.0331386071061176,-0.011245332678983644,GCST90200806,cancerType_celltype,ESCA_Epi_ESCA,tissue,Tumor,Adjacent,group2_higher,0.7597791173497291,0.8403974187018627
43134,178,0.22504746209033116,0.20409369160515373,0.1998098567128181,0.2965225577354431,0.7339011274626108,0.808909093636045,0.020953770485177436,-0.09671270102262502,,0.012467805196144443,0.14099704671313015,0.3450135089305462,0.3450135089305462,0.7304910852885536,3881664.0,0.256729524768604,0.7973898965640938,0.028538690432854875,0.011132801205337106,GCST90200149,cancerType_celltype,ESCA_Epi_ESCA,tissue,Tumor,Adjacent,group1_higher,0.7950868218944813,0.8418609055126722
43134,178,0.12856495024509595,0.13564288955918588,0.08370440453290935,0.1092525944113731,0.9854480146928949,0.8799354500625964,-0.007077939314089926,-0.025548189878463745,,-0.002809315224632842,0.07731545305072099,-0.10703973828943385,-0.10703973828943385,0.9148774371776158,3796899.0,-0.2524585085275427,0.8006890022882213,-0.007185434822334756,-0.010947593154960522,GCST90199856,cancerType_celltype,ESCA_Epi_ESCA,tissue,Tumor,Adjacent,group2_higher,0.9318765511680771,0.8446897137142768
43134,178,0.2624639279463331,0.2803924046456814,0.2660532295703888,0.2739514410495758,0.4875416206178538,0.5848109463842857,-0.017928476699348272,-0.007898211479187012,,-0.012766945665374202,0.09532776042380375,-0.4084284563025734,-0.4084284563025734,0.6834500100747078,3797532.0,-0.24865604259140794,0.8036291774192353,-0.03674029281003615,-0.010782703287325668,GCST90199644,cancerType_celltype,ESCA_Epi_ESCA,tissue,Tumor,Adjacent,group2_higher,0.7561220484836256,0.8471357840853966
43134,178,-0.3891973785737962,-0.3795706219186358,-0.4336787611246109,-0.5310527682304382,1.037425711686774,1.0826196286607574,-0.00962675665516044,0.09737400710582733,,-0.003764869239047903,-0.03613356422630023,-0.11841120768687077,-0.11841120768687077,0.9058751081071807,3879816.0,0.24562848677495944,0.8059721606780568,-0.00927777843012156,0.010651416568071337,GCST90199861,cancerType_celltype,ESCA_Epi_ESCA,tissue,Tumor,Adjacent,group2_higher,0.9271242527589234,0.8486899738676166
43134,178,0.14505099002162425,0.18365098457532317,0.1518376916646957,0.1450360789895057,0.4092688333100101,0.5490263732223829,-0.03859999455369892,0.00680161267519,,-0.03394413417081953,0.3404043976318197,-0.9369289492394638,-0.9369289492394638,0.35006590924404524,3798117.0,-0.24514191530445878,0.8063488746577869,-0.09416080322032086,-0.010630316916762639,GCST90199880,cancerType_celltype,ESCA_Epi_ESCA,tissue,Tumor,Adjacent,group2_higher,0.44061976394704583,0.8486899738676166
43134,178,-0.3780601126998584,-0.3624556829127368,-0.42425163090229034,-0.42821282148361206,0.9942239035055666,0.9011981199812562,-0.015604429787121621,0.003961190581321716,,-0.006642673464444968,-0.060810872209622835,-0.23043567464297876,-0.23043567464297876,0.8180167096077539,3798434.0,-0.24323767880879574,0.8078236063192088,-0.015700810086772415,-0.010547741738184069,GCST90199732,cancerType_celltype,ESCA_Epi_ESCA,tissue,Tumor,Adjacent,group2_higher,0.8636380907787516,0.8495860921397234
43134,178,-0.14250203959930427,-0.15144308069406937,-0.19460878521203995,-0.25194866210222244,0.8576228755509367,0.8207690403841635,0.008941041094765095,0.057339876890182495,,0.004471003421984569,-0.08779249802657155,0.145011000246051,0.145011000246051,0.8848657040497743,3878907.0,0.24016807360600767,0.8102022913295867,0.01042716819307141,0.010414631592273516,GCST90200345,cancerType_celltype,ESCA_Epi_ESCA,tissue,Tumor,Adjacent,group1_higher,0.9109304793201225,0.851430781096551
43134,178,0.11870566835036242,0.09223351507641249,0.08465470746159551,0.0874824710190296,0.7195843982869031,0.6901685361238791,0.02647215327394993,-0.002827763557434096,,0.012927981115968617,0.36402235299666336,0.510589856015313,0.510589856015313,0.6102688184850519,3876765.5,0.22730396491369717,0.8201897255937969,0.03679413640774139,0.009856793280203835,GCST90199896,cancerType_celltype,ESCA_Epi_ESCA,tissue,Tumor,Adjacent,group1_higher,0.6903201803113916,0.8612624006042721
43134,178,-0.5014507247597977,-0.4637688236792436,-0.5418033599853516,-0.5271271765232086,1.0141269581772887,1.0681875884360283,-0.03768190108055408,-0.014676183462142944,,-0.014266037150074209,-0.11270186733489528,-0.46977412057120643,-0.46977412057120643,0.6390903706641803,3801272.5,-0.2261866526481031,0.8210585872197032,-0.037148677967816325,-0.00980834222905047,GCST90200076,cancerType_celltype,ESCA_Epi_ESCA,tissue,Tumor,Adjacent,group2_higher,0.7163488283020376,0.8615110503313745
43134,178,0.032705869964468386,0.07947068258837452,0.00782953063026065,-0.01856530364602795,0.6909457320792219,0.7584516443384706,-0.04676481262390613,0.026394834276288602,,-0.028268750891228427,1.2808471891067579,-0.8212188171362971,-0.8212188171362971,0.4126188410179292,3801796.0,-0.22304195925542294,0.8235051877747825,-0.06765399669387819,-0.009671975964110846,GCST90200143,cancerType_celltype,ESCA_Epi_ESCA,tissue,Tumor,Adjacent,group2_higher,0.5021423931316407,0.8634135161054066
43134,178,0.23380111655725103,0.20622545108983942,0.23954777419567105,0.2843641489744186,0.4263463500493018,0.5009006616336441,0.02757566546741161,-0.04481637477874753,,0.021709097088239652,0.18105860228343681,0.733392001537678,0.733392001537678,0.4642838531068555,3875804.0,0.22152818134719868,0.8246835344698769,0.06462881718858397,0.009606332604483736,GCST90200755,cancerType_celltype,ESCA_Epi_ESCA,tissue,Tumor,Adjacent,group1_higher,0.5565689461606368,0.8635264140085516
43134,178,-0.5353912182887711,-0.5467333929689099,-0.5510163903236389,-0.555516242980957,0.8857481459618959,0.990889870778068,0.011342174680138761,0.004499852657318115,,0.00510004282228119,-0.03024396268043423,0.15246357643379654,0.15246357643379654,0.8789938340771877,3875762.0,0.22127588502916132,0.8248799640786016,0.01279861586209863,0.009595392044545736,GCST90200021,cancerType_celltype,ESCA_Epi_ESCA,tissue,Tumor,Adjacent,group1_higher,0.9057947146473854,0.8635264140085516
43134,178,0.04821173105360918,0.06213993539646519,0.0323152374476194,0.0328550916165113,0.7227313713467888,0.6770727420211431,-0.013928204342856007,-0.0005398541688919067,,-0.007743001439592715,0.36612980344554485,-0.273811172887516,-0.273811172887516,0.7845460208229917,3802920.0,-0.21629002922032745,0.8287640217259818,-0.019276440272329408,-0.00937918574101193,GCST90200225,cancerType_celltype,ESCA_Epi_ESCA,tissue,Tumor,Adjacent,group2_higher,0.838037794970014,0.8669266013910308
43134,178,0.0837019827297338,0.10609441011453445,0.0668878965079784,0.00789053039625285,0.8081450838846765,0.814041328355089,-0.022392427384800656,0.05899736611172555,,-0.009024730697063672,0.34201130512953226,-0.36625482146400345,-0.36625482146400345,0.7146088113054401,3874381.0,0.21298014180988473,0.8313447946071616,-0.027707595751635655,0.009235656014208171,GCST90200178,cancerType_celltype,ESCA_Epi_ESCA,tissue,Tumor,Adjacent,group2_higher,0.7838110324357233,0.8689593213570256
43134,178,-0.1466796685133675,-0.12169574178347176,-0.19049608707427976,-0.18338049203157425,0.6995328086790903,0.719742612930529,-0.024983926729895745,-0.007115595042705508,,-0.012366331691866872,-0.2693882034766413,-0.462219910194651,-0.462219910194651,0.6444868873826005,3803762.0,-0.21123208874919722,0.83270851601572,-0.035710883745817594,-0.00915985356321014,GCST90199693,cancerType_celltype,ESCA_Epi_ESCA,tissue,Tumor,Adjacent,group2_higher,0.7202893749296254,0.8697177833941965
43134,178,0.30746278875979793,0.30245711561198396,0.3123522996902466,0.3323640376329422,0.47603979030188653,0.579808983167903,0.0050056731478139715,-0.020011737942695618,,0.0036427491134344123,0.02368113662500754,0.11502290733754668,0.11502290733754668,0.9085566243816394,3873792.0,0.20944198630217012,0.8341055636370488,0.010504867804555167,0.009082227685555777,GCST90200485,cancerType_celltype,ESCA_Epi_ESCA,tissue,Tumor,Adjacent,group1_higher,0.9283078553464577,0.8705098646533672
43134,178,0.057032849775690245,0.03293520926570309,0.041987299919128404,0.037658205255866,0.6186790507049312,0.6644506009172448,0.024097640509987153,0.004329094663262402,,0.015206275706785238,0.7921438974730151,0.4829990977432872,0.4829990977432872,0.6296890083782896,3872939.0,0.20431796822393483,0.838107376488273,0.03893794125375909,0.0088600301230084,GCST90200348,cancerType_celltype,ESCA_Epi_ESCA,tissue,Tumor,Adjacent,group1_higher,0.7075565691835192,0.874017103407434
43134,178,-0.26349782143382294,-0.28835296044858655,-0.3199426978826523,-0.3415174186229706,1.4872038731786204,1.5183329738798788,0.024855139014763605,0.0215747207403183,,0.006944283555064531,-0.1300443284292044,0.21797221746288217,0.21797221746288217,0.8276998736197568,3872797.0,0.20346496638676084,0.838773973089203,0.01671121984209507,0.008823040610837607,GCST90200366,cancerType_celltype,ESCA_Epi_ESCA,tissue,Tumor,Adjacent,group1_higher,0.8698187569342549,0.8740435208872963
43134,178,0.19630501514201304,0.200835987418011,0.1875149384140968,0.22806805372238154,0.4485715162336154,0.5345557901921966,-0.004530972275997969,-0.04055311530828473,,-0.0031930495398216625,0.032920609608739104,-0.1129219266180317,-0.1129219266180317,0.9102196823819008,3806665.5,-0.19379060400106576,0.8463421963579689,-0.010092231564938494,-0.008403522235125083,GCST90200319,cancerType_celltype,ESCA_Epi_ESCA,tissue,Tumor,Adjacent,group2_higher,0.9284931472223181,0.8812562365438592
43134,178,0.07216473861068197,0.08541937057436391,0.062057681381702354,0.0535116400569677,0.5430596961160594,0.5854211057042618,-0.013254631963681943,0.008546041324734653,,-0.009055959906814353,0.24326609066836233,-0.30153627166562724,-0.30153627166562724,0.7633570663431067,3807741.5,-0.18732701261515586,0.8514065996355665,-0.024399240007614603,-0.008123235509098103,GCST90200963,cancerType_celltype,ESCA_Epi_ESCA,tissue,Tumor,Adjacent,group2_higher,0.8200052905256234,0.8858528208421963
43134,178,-0.5620667507682483,-0.5889316056583606,-0.6145950555801392,-0.6821569502353668,1.4224613748364543,1.409613174697748,0.026864854890112255,0.06756189465522766,,0.007467366555068738,-0.06735850795551294,0.253737090798281,0.253737090798281,0.7999907186538678,3869698.0,0.18484910234871735,0.8533497492072362,0.018886869352525797,0.00801578358113697,GCST90200316,cancerType_celltype,ESCA_Epi_ESCA,tissue,Tumor,Adjacent,group1_higher,0.849873226442106,0.8867560806933541
43134,178,0.020114952806541516,0.014165476498225422,-0.0405603609979152,-0.0773650668561458,1.3593354197915728,1.371565924770367,0.0059494763083160936,0.036804705858230605,,0.0017304484778679922,0.5058590997087844,0.05775553972309171,0.05775553972309171,0.9540079783475723,3869650.0,0.18456076369953175,0.853575919200059,0.004376592033739716,0.008003280084065256,GCST90199912,cancerType_celltype,ESCA_Epi_ESCA,tissue,Tumor,Adjacent,group1_higher,0.9639087283081846,0.8867560806933541
43134,178,0.049613601563957235,0.06016692540378132,0.04037668183445925,0.00335778226144605,0.5594297037749202,0.6294818204298795,-0.010553323839824082,0.0370188995730132,,-0.0069359203666965775,0.2782298454865577,-0.22331067077815528,-0.22331067077815528,0.8235495682959258,3868389.0,0.17698586710321912,0.8595218499767621,-0.01885418240338251,0.0076748027964070875,GCST90200049,cancerType_celltype,ESCA_Epi_ESCA,tissue,Tumor,Adjacent,group2_higher,0.8674637261107782,0.891578929055209
43134,178,-0.5507239804142013,-0.5769417476369424,-0.6338335871696472,-0.5932440161705017,1.1830284687252481,1.259126834817628,0.02621776722274105,-0.04058957099914551,,0.0083274612258448,-0.06709611212146412,0.27729791756334,0.27729791756334,0.7818726103759717,3868388.0,0.17697986004802777,0.8595265684362029,0.022155558288955258,0.007674542306884691,GCST90199976,cancerType_celltype,ESCA_Epi_ESCA,tissue,Tumor,Adjacent,group1_higher,0.8358371513274113,0.891578929055209
43134,178,-0.05091557583625853,-0.046595095868714236,-0.0802725777029991,-0.12590283900499338,0.7433009899938414,0.7816823865596056,-0.004320479967544297,0.04563026130199428,,-0.002293511351329037,-0.12792631923646886,-0.07360425489343217,-0.07360425489343217,0.9414077821977986,3868152.0,0.17556219502286535,0.8606402647859148,-0.0058112999245291865,0.007613066779614819,GCST90200918,cancerType_celltype,ESCA_Epi_ESCA,tissue,Tumor,Adjacent,group2_higher,0.9540065480562079,0.8920552706488227
43134,178,-0.26744488514015,-0.27617494727411634,-0.31121933460235596,-0.2961687296628952,1.0078607912288362,1.02608186809508,0.008730062133966321,-0.015050604939460754,,0.0035098799659537406,-0.04634067093058487,0.11328762861168949,0.11328762861168949,0.9099298988666915,3867292.0,0.17039612755829053,0.8647009793006529,0.008661326472842543,0.007389045790411108,GCST90200167,cancerType_celltype,ESCA_Epi_ESCA,tissue,Tumor,Adjacent,group1_higher,0.9284931472223181,0.8955831571328192
43134,178,0.07314681430004648,0.08591363734691247,0.08727404475212089,0.10798553749918935,0.3798185668720788,0.46551026508772014,-0.012766823046865994,-0.02071149274706846,,-0.012636353648795865,0.23208918900943404,-0.3653994115975007,-0.3653994115975007,0.7152471760396875,3810844.0,-0.16869012388394256,0.8660427500627977,-0.0335785159777233,-0.007315066766069522,GCST90199879,cancerType_celltype,ESCA_Epi_ESCA,tissue,Tumor,Adjacent,group2_higher,0.7838110324357233,0.8962917755015894
43134,178,0.04270337358352593,0.01542366963151968,0.00189190084347495,-0.00560326431877905,1.0397759284530237,0.9557930337514433,0.027279703952006254,0.007495165162254,,0.011247415596625005,1.4691442417439546,0.37986377938184274,0.37986377938184274,0.7044975230863775,3866603.5,0.16626027005903496,0.86795449430598,0.026244451797997264,0.007209698754286897,GCST90200061,cancerType_celltype,ESCA_Epi_ESCA,tissue,Tumor,Adjacent,group1_higher,0.7743791322312359,0.897057235375661
43134,178,-0.07209501204473236,-0.07642868079056733,-0.1193522326648235,-0.2647217661142349,1.2781284295812363,1.1568722313513524,0.004333668745834976,0.14536953344941142,,0.001361459528603986,-0.08421354522418965,0.04985276776521448,0.04985276776521448,0.9602953661712865,3866573.0,0.1660770548756983,0.8680986745858377,0.003391889317602296,0.007201753823856016,GCST90199688,cancerType_celltype,ESCA_Epi_ESCA,tissue,Tumor,Adjacent,group1_higher,0.9688250067294326,0.897057235375661
43134,178,-0.08242973621475425,-0.06885061280153106,-0.1017526015639305,-0.07812958583235735,0.6320726949473632,0.7520930240299822,-0.01357912341322319,-0.023623015731573146,,-0.008426077623067199,-0.25969193119136413,-0.2405349459762828,-0.2405349459762828,0.8101923333018746,3865488.0,0.1595593999930661,0.8732305294016978,-0.02146525244713682,0.00691912269212791,GCST90200311,cancerType_celltype,ESCA_Epi_ESCA,tissue,Tumor,Adjacent,group2_higher,0.8580358588115424,0.901676675435238
43134,178,-0.506486603908371,-0.5053742484587214,-0.531821995973587,-0.6024394035339355,0.901133739082029,0.943244503777308,-0.0011123554496496046,0.07061740756034851,,-0.0004812816581903606,-0.003171952273216291,-0.015704097055057216,-0.015704097055057216,0.987488013442783,3865301.5,0.15843908419987632,0.8741131845485708,-0.0012341543360901242,0.006870541396213348,GCST90200506,cancerType_celltype,ESCA_Epi_ESCA,tissue,Tumor,Adjacent,group2_higher,0.9925856654295822,0.901904822513022
43134,178,0.24663313353098681,0.2162067940552834,0.1969206258654594,0.249783419072628,0.8303261399220281,0.8074671531299732,0.030426339475703418,-0.05286279320716861,,0.014268055185226449,0.18995394725545464,0.5016367598431336,0.5016367598431336,0.6165410331504033,3864975.0,0.1564777806798953,0.8756587992533827,0.03664790825909562,0.0067854915671727856,GCST90200477,cancerType_celltype,ESCA_Epi_ESCA,tissue,Tumor,Adjacent,group1_higher,0.6945567587364773,0.9028161447672924
43134,178,-0.3880517152962423,-0.39766357013735965,-0.5324110388755798,-0.4999147355556488,1.6934185800389074,1.4988982494980894,0.009611854841117318,-0.03249630331993103,,0.002475833252394692,-0.035299381523771496,0.08533049860895398,0.08533049860895398,0.932094081186359,3813621.0,-0.15200853161751893,0.8791825755358318,0.005678519693861301,-0.006591687362559218,GCST90199916,cancerType_celltype,ESCA_Epi_ESCA,tissue,Tumor,Adjacent,group1_higher,0.9473857066793492,0.9057640593010875
43134,178,-0.01537358218112498,-0.03010171086768086,-0.05654571205377575,-0.10456394404172895,0.9567166960810606,0.9508906949172032,0.014728128686555882,0.04801823198795319,,0.0061248443260029295,-0.9693462088296444,0.20621571240967673,0.20621571240967673,0.8368574561797905,3863051.0,0.14492020649170692,0.8847762438148792,0.01539483337458332,0.006284309726209969,GCST90200020,cancerType_celltype,ESCA_Epi_ESCA,tissue,Tumor,Adjacent,group1_higher,0.8774128559792725,0.910838383927251
43134,178,0.20022557403388067,0.20651118634687213,0.1903302520513534,0.1721129566431045,0.4755067210502477,0.5061428423986799,-0.006285612312991462,0.0182172954082489,,-0.004399828264220163,0.044593456929190846,-0.16538458543770979,-0.16538458543770979,0.8688286604852037,3862467.0,0.14141208625994914,0.887546779389808,-0.013215175243771929,0.006132183845169115,GCST90200602,cancerType_celltype,ESCA_Epi_ESCA,tissue,Tumor,Adjacent,group2_higher,0.8991749918309283,0.9130009511760816
43134,178,-0.23296170520344597,-0.2539920949437943,-0.29191555082798,-0.2148877382278442,0.8752618496829617,0.934108938795758,0.02103038974034835,-0.07702781260013578,,0.010615965904177153,-0.12469026285137826,0.29982957446484326,0.29982957446484326,0.7646564374600642,3862120.0,0.1393276381085451,0.8891936241439377,0.024020719602418635,0.006041793980920751,GCST90200223,cancerType_celltype,ESCA_Epi_ESCA,tissue,Tumor,Adjacent,group1_higher,0.8200052905256234,0.9140052109413175
43134,178,-0.2030792096967902,-0.19784380598098375,-0.249880276620388,-0.20589143782854075,1.158917929205984,1.2571859762131175,-0.0052354037158064415,-0.04398883879184726,,-0.0017688388460737163,-0.03768046414081496,-0.055462634902127564,-0.055462634902127564,0.9558320162435093,3861347.0,0.1346841844456191,0.892863953059212,-0.004515862124417537,0.005840435580159564,GCST90200983,cancerType_celltype,ESCA_Epi_ESCA,tissue,Tumor,Adjacent,group2_higher,0.9650363245480764,0.9170863361113082
43134,178,-0.5935480503558744,-0.6149508432547949,-0.6228677928447723,-0.5757126212120056,1.3356423690239838,1.3719002000254754,0.021402792898920442,-0.047155171632766724,,0.006354968806345914,-0.05110617993507049,0.20773526642643958,0.20773526642643958,0.835672646631447,3860542.0,0.12984850501656942,0.8966886626348793,0.016022542485430512,0.005630741514684123,GCST90200501,cancerType_celltype,ESCA_Epi_ESCA,tissue,Tumor,Adjacent,group1_higher,0.8768451249874228,0.9202234707002577
43134,178,0.06273408546249631,0.0795155634915226,0.0067158874589949,-0.031430000439286204,0.824981000572573,0.9370464755742991,-0.016781478029026284,0.038145887898281106,,-0.007918589018950178,0.3419828927019877,-0.2385533996280545,-0.2385533996280545,0.8117261104405423,3860420.0,0.12911564428322275,0.8972685198537362,-0.020329604923437047,0.005598961792959711,GCST90200127,cancerType_celltype,ESCA_Epi_ESCA,tissue,Tumor,Adjacent,group2_higher,0.8583263681384479,0.9202234707002577
43134,178,-0.06602911295590658,-0.0640783590425507,-0.0974260866641998,-0.09985860064625735,0.7043461696144199,0.7178355463468854,-0.0019507539133558766,0.0024325139820575437,,-0.0011118158851319692,-0.04326439675241316,-0.03618482719051175,-0.03618482719051175,0.9711754386742067,3860265.0,0.128184550728561,0.898005302797067,-0.002769376578992233,0.0055585859169986485,GCST90200278,cancerType_celltype,ESCA_Epi_ESCA,tissue,Tumor,Adjacent,group2_higher,0.9776308145590428,0.9202866373777462
43134,178,-1.0685985685158803,-1.0819732501809851,-1.158999502658844,-1.1887639164924622,1.4610262287828206,1.4900294231127433,0.013374681665104804,0.029764413833618164,,0.0038073409245811514,-0.017944825253590303,0.11951949916392512,0.11951949916392512,0.9049982717495955,3818006.0,-0.12566759460337862,0.8999974318436353,0.00915355638374925,-0.0054494408071423805,GCST90200352,cancerType_celltype,ESCA_Epi_ESCA,tissue,Tumor,Adjacent,group1_higher,0.9271242527589234,0.9213653910220141
43134,178,-0.06371537525926595,-0.054780284377087034,-0.07171906530857085,-0.037392925471067345,0.45706751816410185,0.46245928984518153,-0.008935090882178913,-0.0343261398375035,,-0.006327564546437809,-0.217981104963621,-0.2572538624501966,-0.2572538624501966,0.7972792297839595,3859740.0,0.1250308467530938,0.9005015075821465,-0.01954778508225944,0.005421828917775429,GCST90200145,cancerType_celltype,ESCA_Epi_ESCA,tissue,Tumor,Adjacent,group2_higher,0.8483150587006532,0.9213653910220141
43134,178,-0.12875491712696246,-0.1294693484342542,-0.1693095043301582,-0.15925081074237818,0.7371683261214251,0.7264032186014164,0.0007144313072917352,-0.010058693587780027,,0.00042274045535041813,-0.007982992215956152,0.013093984476816237,0.013093984476816237,0.9895674331241551,3818275.0,-0.12405169675690114,0.901276721149631,0.0009692136957747696,-0.005379369125635636,GCST90199711,cancerType_celltype,ESCA_Epi_ESCA,tissue,Tumor,Adjacent,group1_higher,0.9929018946531628,0.9213653910220141
43134,178,0.2977141118876842,0.297820214971539,0.31319853663444513,0.3266128897666931,0.3904882354579802,0.4542595493878893,-0.00010610308385478051,-0.01341435313224798,,-9.927938838640684e-05,0.0005140724003429325,-0.0031115213876417936,-0.0031115213876417936,0.9975208519420281,3859475.0,0.12343897712738179,0.901761872064099,-0.0002715230798009185,0.005352799194358049,GCST90200613,cancerType_celltype,ESCA_Epi_ESCA,tissue,Tumor,Adjacent,group2_higher,0.9975547789053809,0.9213653910220141
43134,178,0.3789533342126189,0.35442133320055985,0.35789215564727783,0.3874274641275406,0.7131584888078164,0.7123400243729785,0.024532001012059046,-0.029535308480262756,,0.013523844430973016,0.09655449205984906,0.45852109846408456,0.45852109846408456,0.6471359802450924,3857713.0,0.11285454588019474,0.9101482544178107,0.03439924840525112,0.004893816656012628,GCST90199816,cancerType_celltype,ESCA_Epi_ESCA,tissue,Tumor,Adjacent,group1_higher,0.7223966757363317,0.9292375061958621
43134,178,-0.23001680196068752,-0.21250590177127318,-0.2664749324321747,-0.30634482204914093,1.5196395123903317,1.313046435400627,-0.01751090018941434,0.03986988961696625,,-0.004822259142837309,-0.11423582352655935,-0.17743587522492,-0.17743587522492,0.8593666960264238,3820422.0,-0.11115454926103814,0.911496174356233,-0.011529033553384582,-0.004820098121193217,GCST90200811,cancerType_celltype,ESCA_Epi_ESCA,tissue,Tumor,Adjacent,group2_higher,0.8924202612878634,0.9299171299757076
43134,178,0.18311869764257468,0.1643644204713781,0.16265451908111567,0.1296871863305568,0.9223291595114549,0.952124490141036,0.0187542771711966,0.03296733275055888,,0.007832391033358832,0.15588017205720123,0.2622873405684,0.2622873405684,0.7934025848534706,3856377.0,0.10482912014452965,0.9165137861522813,0.020330878090793342,0.004545802654179809,GCST90200796,cancerType_celltype,ESCA_Epi_ESCA,tissue,Tumor,Adjacent,group1_higher,0.8461719273515496,0.9343367917169481
43134,178,-0.2521269530117386,-0.2220311342677091,-0.29914790391921997,-0.29244406521320343,1.2599524585733302,1.4107791819326572,-0.0300958187440295,-0.0067038387060165405,,-0.009548187368734706,-0.18338758623107404,-0.28414731750769834,-0.28414731750769834,0.7766274446117138,3821619.0,-0.10396410419697293,0.9172002184130361,-0.023874096001114183,-0.0045082921629643335,GCST90200748,cancerType_celltype,ESCA_Epi_ESCA,tissue,Tumor,Adjacent,group2_higher,0.8315343338615601,0.934337741178601
43134,178,0.02120730398688956,0.047089052671734036,0.0358346868306398,0.03792420774698255,0.41072533635127706,0.5243768760460827,-0.025881748684844476,-0.002089520916342749,,-0.023290005929870572,1.150793082162516,-0.6576745300296617,-0.6576745300296617,0.5115973707456043,3853203.0,0.08576272696713368,0.9316574245114829,-0.06293377229003566,0.003719008910304522,GCST90200088,cancerType_celltype,ESCA_Epi_ESCA,tissue,Tumor,Adjacent,group2_higher,0.6016455706007409,0.9483562879829359
43134,178,-0.08151668368329378,-0.09450320137652904,-0.11633710190653801,-0.10806325450539585,0.7437857965722975,0.7103094254100468,0.012986517693235264,-0.008273847401142162,,0.007116494158193898,-0.213265410649456,0.24337434752143264,0.24337434752143264,0.8079947132241592,3824932.0,-0.08406273034797707,0.93300894461208,0.017463163942538357,-0.0036452903754852217,GCST90199853,cancerType_celltype,ESCA_Epi_ESCA,tissue,Tumor,Adjacent,group1_higher,0.8570403067116957,0.9490232772434812
43134,178,-0.6775426290832364,-0.6771106635602295,-0.7256083190441132,-0.6689554750919342,1.3732034811366927,1.4337574601177283,-0.00043196552300683866,-0.056652843952178955,,-0.0001018796307225097,-0.0009200784027990608,-0.0040120186716434076,-0.0040120186716434076,0.9968033650304557,3852747.0,0.08302350979987073,0.9338352342516688,-0.00031450982137469854,0.0036002256881222383,GCST90199635,cancerType_celltype,ESCA_Epi_ESCA,tissue,Tumor,Adjacent,group2_higher,0.9975547789053809,0.9491554245227626
43134,178,0.331526191211282,0.3266638828483358,0.3192332237958908,0.33989995718002314,0.5544714510520772,0.6092545728448934,0.0048623083629462105,-0.02066673338413233,,0.0036505085089302046,0.021315831807866385,0.10629498539013427,0.10629498539013427,0.9154678664813318,3825480.0,-0.08077086410310845,0.9356265680826932,0.008765553812780656,-0.0035025421172484306,GCST90199777,cancerType_celltype,ESCA_Epi_ESCA,tissue,Tumor,Adjacent,group1_higher,0.9318765511680771,0.950267520340321
43134,178,0.23821644428794628,0.24278909974637325,0.2208580076694488,0.1704728901386261,0.75675361404731,0.7918862635427562,-0.004572655458426972,0.0503851175308227,,-0.002211009337040167,0.027430530652919925,-0.076895134544396,-0.076895134544396,0.9387931681064848,3825668.0,-0.07964153772713163,0.9365247466734196,-0.0060412899419328555,-0.003453570087050384,GCST90200850,cancerType_celltype,ESCA_Epi_ESCA,tissue,Tumor,Adjacent,group2_higher,0.952064797715133,0.950471503883746
43134,178,-0.6545950684609195,-0.6543458408958623,-0.718841016292572,-0.7655200958251953,1.1702538345638578,1.0808660997912687,-0.00024922756505718624,0.04667907953262329,,-8.278836219461571e-05,-0.000549388936577218,-0.003068924985991102,-0.003068924985991102,0.9975547789053809,3850801.0,0.07133378039747232,0.9431345012079241,-0.00021303277973051368,0.003093313077668025,GCST90199772,cancerType_celltype,ESCA_Epi_ESCA,tissue,Tumor,Adjacent,group2_higher,0.9975547789053809,0.9564675038291671
43134,178,0.22685670979412972,0.2535501258742729,0.203900933265686,0.19978307932615275,0.8430028913995886,0.8728233460769054,-0.026693416080143167,0.004117853939533261,,-0.011844408887193045,0.1604889898606405,-0.4072428770149684,-0.4072428770149684,0.6843179284896788,3827240.0,-0.07019844696630413,0.944038100990332,-0.03166002153458857,-0.0030440805579476926,GCST90199768,cancerType_celltype,ESCA_Epi_ESCA,tissue,Tumor,Adjacent,group2_higher,0.7564682372517698,0.9565616814285266
43134,178,-0.04221408165940704,-0.06267581955958786,-0.08584192022681231,-0.10567172989249224,1.1705096486472302,1.1096483536529378,0.020461737900180813,0.01982980966567993,,0.006582184103159454,-0.5701734694778182,0.2454552574731668,0.2454552574731668,0.8063857245325038,3850488.0,0.06945357212257473,0.9446309781385157,0.017484669385036584,0.003011779857178709,GCST90200407,cancerType_celltype,ESCA_Epi_ESCA,tissue,Tumor,Adjacent,group1_higher,0.85599979948427,0.9565616814285266
43134,178,-0.23333649510469376,-0.23831914953385178,-0.2825309485197067,-0.29701609909534454,0.8961330759913846,0.8279933108949518,0.004982654429158018,0.014485150575637817,,0.0020428784881946567,-0.030482780667765715,0.08009341585706434,0.08009341585706434,0.936252576631105,3849901.0,0.06592743072524285,0.9474379927913852,0.00556183532461888,0.0028588725075711086,GCST90199834,cancerType_celltype,ESCA_Epi_ESCA,tissue,Tumor,Adjacent,group1_higher,0.9504289298163661,0.9586918961949948
43134,178,0.16085757683491808,0.15128801573915512,0.13608293235301971,0.1529559642076492,0.7952556987079861,0.7951432781640069,0.009569561095762957,-0.01687303185462949,,0.004962149409746581,0.08848561601725767,0.16023674864169898,0.16023674864169898,0.8728758053165723,3849512.0,0.06359068625580143,0.9492985396523512,0.01203332040189677,0.0027575420833847453,GCST90200227,cancerType_celltype,ESCA_Epi_ESCA,tissue,Tumor,Adjacent,group1_higher,0.9008935829693374,0.9594307259362019
43134,178,0.23402327824654284,0.22741211605121922,0.20208989828824991,0.26392970979213715,0.6691010369987012,0.7417753381190931,0.006611162195323622,-0.06183981150388723,,0.0035693404690108474,0.04134274219265872,0.11871006262626152,0.11871006262626152,0.9056387822338118,3849454.0,0.0632422770547022,0.949575971597899,0.009876042641171777,0.0027424336910897296,GCST90200184,cancerType_celltype,ESCA_Epi_ESCA,tissue,Tumor,Adjacent,group1_higher,0.9271242527589234,0.9594307259362019
43134,178,0.1942960640647682,0.20142876274433782,0.1852083876729011,0.20366104692220685,0.5357765537585177,0.5626981023812265,-0.007132698679569616,-0.018452659249305753,,-0.004916432703000878,0.052012766833926284,-0.1688019821392921,-0.1688019821392921,0.8661437112713029,3829175.0,-0.058574795171010746,0.9532931791044342,-0.013310021839762867,-0.0025400333322392887,GCST90199985,cancerType_celltype,ESCA_Epi_ESCA,tissue,Tumor,Adjacent,group2_higher,0.8970774152452781,0.9619392324296965
43134,178,0.19495023054488314,0.22429473682442744,0.17562221735715866,0.1436543613672256,0.7222157791920822,0.7520947101813299,-0.029344506279544297,0.03196785598993307,,-0.014758214788802215,0.20228893831746367,-0.5195645738173518,-0.5195645738173518,0.6040113077904524,3829212.0,-0.058352534128930204,0.9534702149761702,-0.04062420725084024,-0.002530395219913051,GCST90199751,cancerType_celltype,ESCA_Epi_ESCA,tissue,Tumor,Adjacent,group2_higher,0.6843453138141202,0.9619392324296965
43134,178,0.1861346553936905,0.1672694635468933,0.16585519164800638,0.16772826015949244,0.6284240363136182,0.6879668372559321,0.01886519184679722,-0.0018730685114860535,,0.011594623043868265,0.1541717204981358,0.36522232036197544,0.36522232036197544,0.7153785211665735,3847769.0,0.05312038905725034,0.9576383793577119,0.030007676809342285,0.002303508845963753,GCST90200034,cancerType_celltype,ESCA_Epi_ESCA,tissue,Tumor,Adjacent,group1_higher,0.7838110324357233,0.965429815876155
43134,178,-0.11169878969135555,-0.13085785462636124,-0.15276638418436045,-0.1573669761419296,1.0797370832994233,1.113079063663709,0.019159064935005687,0.00460059195756915,,0.007129980050750386,-0.228385078818002,0.2292011086152972,0.2292011086152972,0.8189751942801773,3846222.0,0.043827474676207,0.9650443206644663,0.01774192116080403,0.0019005315549192048,GCST90200655,cancerType_celltype,ESCA_Epi_ESCA,tissue,Tumor,Adjacent,group1_higher,0.863980797061828,0.9721769468334572
43134,178,0.3048881652069351,0.3321582859936641,0.3015176057815552,0.25905202329158783,0.9223362044174044,0.9330639414610296,-0.02727012078672897,0.042465582489967346,,-0.011832038979913103,0.12359036515201904,-0.3891453164754067,-0.3891453164754067,0.6976326682087641,3834445.0,-0.02691761431251145,0.9785278400180938,-0.029564942755723352,-0.0011672535495604874,GCST90200603,cancerType_celltype,ESCA_Epi_ESCA,tissue,Tumor,Adjacent,group2_higher,0.7674522411368406,0.9844689892148797
43134,178,0.31952896649222884,0.335689846687202,0.3275187760591507,0.31643034517765045,0.492403080077447,0.5400864665018049,-0.016160880194973137,0.011088430881500244,,-0.01262453711104066,0.07118196162854998,-0.3985365348321921,-0.3985365348321921,0.6907118031282375,3834479.0,-0.026713374436005004,0.9786907412957901,-0.032806819283937694,-0.0011583969058012178,GCST90199793,cancerType_celltype,ESCA_Epi_ESCA,tissue,Tumor,Adjacent,group2_higher,0.7616829997279837,0.9844689892148797
43134,178,-0.27695416559269803,-0.26405408495011623,-0.3356788158416748,-0.4100807607173919,1.3266716232204459,1.2327330695791103,-0.012900080642581802,0.07440194487571711,,-0.00401244619323736,-0.0688135231070607,-0.13928295790994855,-0.13928295790994855,0.8893834064162369,3834890.0,-0.024244474752353543,0.980659998585668,-0.009726357873424596,-0.00105133571212368,GCST90200353,cancerType_celltype,ESCA_Epi_ESCA,tissue,Tumor,Adjacent,group2_higher,0.9135113661984409,0.9857224027081604
43134,178,-0.03599686157876853,-0.025246578289635394,-0.06725232675671569,-0.02325374446809285,0.7594942460679157,0.8405489910325011,-0.010750283289133137,-0.04399858228862284,,-0.005782518867565238,-0.5117661937470419,-0.17034778939734602,-0.17034778939734602,0.8649298848439235,3835714.0,-0.019294661274667883,0.9846084388451394,-0.014148030453352882,-0.0008366923457238107,GCST90200756,cancerType_celltype,ESCA_Epi_ESCA,tissue,Tumor,Adjacent,group2_higher,0.89650146999412,0.9889619028341378
43134,178,-0.7356621835682393,-0.7598357870546955,-0.8013787567615509,-0.6793224215507507,1.537161363538447,1.6129434078034546,0.02417360348645614,-0.12205633521080017,,0.005655576441962603,-0.04664416777042012,0.1995813318776547,0.1995813318776547,0.8420354213785445,3841275.5,0.014113576172114629,0.9887417655453294,0.015722887036641018,0.0006120201327142194,GCST90199686,cancerType_celltype,ESCA_Epi_ESCA,tissue,Tumor,Adjacent,group1_higher,0.8814856216121015,0.9923821991445391
43134,178,0.18355694744957743,0.1954146906029789,0.1684648990631103,0.1384262293577194,0.9704033171046981,0.9728336565155894,-0.011857743153401462,0.030038669705390902,,-0.0045922854144751155,0.09031073124715214,-0.16228697086115523,-0.16228697086115523,0.871263481830337,3840755.0,0.01098690394500858,0.9912362916577243,-0.012219271540974581,0.000476435336341563,GCST90200973,cancerType_celltype,ESCA_Epi_ESCA,tissue,Tumor,Adjacent,group2_higher,0.9003276161749426,0.9941538377700355
43134,178,0.12384302134142292,0.1171305647057421,0.1000941172242164,0.1315941885113716,0.5797156273241676,0.6303208716646718,0.006712456635680819,-0.03150007128715521,,0.004273441529679211,0.08039431631029847,0.1418316449892703,0.1418316449892703,0.8873731733345489,3840271.0,0.008079489232387391,0.9935559668076487,0.011574569524964603,0.00035035840753372405,GCST90199972,cancerType_celltype,ESCA_Epi_ESCA,tissue,Tumor,Adjacent,group1_higher,0.9128223662301812,0.995747634381489
43134,178,0.26824907301205575,0.27554447867311116,0.2634459584951401,0.27356515824794764,0.5462711386286669,0.5925772479170007,-0.00729540566105541,-0.010119199752807562,,-0.0053138880833282125,0.03871189104612677,-0.16396618301540583,-0.16396618301540583,0.8699435423505189,3840013.0,0.00652966899301494,0.9947925113625201,-0.013350096880055876,0.00028315211077267755,GCST90200969,cancerType_celltype,ESCA_Epi_ESCA,tissue,Tumor,Adjacent,group2_higher,0.8996457118541404,0.9962543666327075
43134,178,-0.12820576701973355,-0.11113715243625213,-0.14385166019201273,-0.1175739988684654,0.8078529150106608,0.8798456057040183,-0.017068614583481412,-0.026277661323547336,,-0.007609299211430696,-0.20611825021253824,-0.25837331891178356,-0.25837331891178356,0.7964169218965436,3838150.0,-0.004661474828500086,0.9962830911157278,-0.021120335857240446,-0.00020213986932804406,GCST90200933,cancerType_celltype,ESCA_Epi_ESCA,tissue,Tumor,Adjacent,group2_higher,0.8480595816757726,0.9970145764983385
43134,178,-0.0916855072745466,-0.09702349166003882,-0.11637656018137926,-0.09914535284042356,0.5969885481816792,0.6012679156103128,0.005337984385492225,-0.017231207340955706,,0.0035176856775390873,-0.08163952907460698,0.11820549778616835,0.11820549778616835,0.90603778772919,3838542.0,-0.0023067091934845787,0.9981619104423607,0.008941256025902644,-0.00010002797657471252,GCST90200907,cancerType_celltype,ESCA_Epi_ESCA,tissue,Tumor,Adjacent,group1_higher,0.9271242527589234,0.9981619104423608
