n_group1,n_group2,mean_group1,mean_group2,median_group1,median_group2,sd_group1,sd_group2,mean_diff,median_diff,log2FC,pseudo_log2FC_shifted,signed_log2FC_absmean,t_welch,z_welch_approx,p_ttest,u_stat,z_wilcoxon,p_wilcoxon,cohen_d,cliffs_delta,trait,celltype_key,celltype,group_col,group1,group2,direction,q_ttest,q_wilcoxon
45289,1109,1.027784152447716,-0.19745292115485844,1.051171064376831,-0.2609048783779144,0.8691402230129678,0.7390130486773026,1.2252370736025744,1.3120759427547455,,0.8393127380717847,2.3799507929249457,54.30012678383306,54.30012678383306,1e-323,43058288.0,40.72214487691307,0.0,1.4143979931592787,0.7145986458153997,GCST90199949,cancerType_celltype,HNSC_Epi_HNSC,tissue,Tumor,Adjacent,group1_higher,1.347e-320,0.0
45289,1109,0.39338748781608945,-0.5059274205588631,0.4406269788742065,-0.7071623206138611,0.5643776673097711,0.8515504598692146,0.8993149083749525,1.1477892994880676,,0.7227149318970371,-0.36297854592586615,34.98194700889039,34.98194700889039,2.3548361863299566e-182,41782855.0,37.82792298989543,0.0,1.569715226661458,0.663810381901417,GCST90200413,cancerType_celltype,HNSC_Epi_HNSC,tissue,Tumor,Adjacent,group1_higher,1.5284008199846335e-180,0.0
45289,1109,-1.0810662605013175,0.5831702646120839,-1.162988305091858,0.4373744130134582,1.1057305613787574,1.2849698002088956,-1.6642365251134015,-1.6003627181053162,,-0.569222202269114,-0.8904647470135364,-42.74504762163079,-42.74504762163079,1.1260506841843027e-239,7916729.5,-39.02133655614604,0.0,-1.498841830963505,-0.6847525921145117,GCST90200616,cancerType_celltype,HNSC_Epi_HNSC,tissue,Tumor,Adjacent,group2_higher,5.116023608477348e-237,0.0
45289,1109,0.4749891173705745,-0.4213418433767289,0.5172193646430969,-0.6044062972068787,0.5820080230789931,0.8638874817040586,0.8963309607473033,1.1216256618499756,,0.6856559853403288,0.17290287626397277,34.36187568739781,34.36187568739781,7.381914784699491e-178,41449026.0,37.07039578280481,8.429158270115461e-301,1.518405619616982,0.6505171745325149,GCST90200909,cancerType_celltype,HNSC_Epi_HNSC,tissue,Tumor,Adjacent,group1_higher,4.374586891976264e-176,2.8722356805418436e-298
45289,1109,0.7819540933182005,-0.2187312035273418,0.8099827170372009,-0.4271416664123535,0.7208176753198512,0.9016103364233422,1.0006852968455424,1.2371243834495544,,0.6939958526374014,1.8379201165016013,36.67516563738722,36.67516563738722,2.798432326666939e-195,41307184.0,36.74852687953952,1.2274043207869335e-295,1.378999375342719,0.644868968056685,GCST90200492,cancerType_celltype,HNSC_Epi_HNSC,tissue,Tumor,Adjacent,group1_higher,2.542842174164692e-193,3.3459041784651805e-293
45289,1109,0.2834043610844264,-0.43957362066132644,0.3138185143470764,-0.6011924147605896,0.5276078392974818,0.8841571586619911,0.7229779817457529,0.915010929107666,,0.5614471890756044,-0.6332410435655471,27.112909333123017,27.112909333123017,4.772975879437938e-125,40670585.0,35.30395177519963,5.107336399353566e-273,1.3416321522100612,0.6195193354069279,GCST90200454,cancerType_celltype,HNSC_Epi_HNSC,tissue,Tumor,Adjacent,group1_higher,9.709800184587924e-124,1.1602165853864851e-270
45289,1109,1.3742094830454648,-0.20612683126538517,1.385529398918152,-0.4276212751865387,1.4015621387231678,1.2401045351541775,1.58033631431085,1.8131506741046908,,0.48592342752171225,2.736991778642684,41.7896755947845,41.7896755947845,7.308908092098061e-235,40638779.0,35.231777367497706,6.524558342979395e-272,1.1304882641819334,0.6182528074732396,GCST90200733,cancerType_celltype,HNSC_Epi_HNSC,tissue,Tumor,Adjacent,group1_higher,2.4905104323824144e-232,1.2704247173544165e-269
45289,1109,0.5635988001274083,-0.2571042037001711,0.5742408037185669,-0.4014023244380951,0.6988754700872416,0.7402843565523953,0.8207030038275793,0.975643128156662,,0.6157929792209984,1.1323122900143106,36.52288708906821,36.52288708906821,7.173753465635415e-195,40390713.0,34.668864186934776,2.3218939164688566e-263,1.172612227202688,0.6083747178549797,GCST90200948,cancerType_celltype,HNSC_Epi_HNSC,tissue,Tumor,Adjacent,group1_higher,6.111141233538169e-193,3.9559267601838143e-261
45289,1109,0.27584419442476116,-0.43838097364410783,0.2704171538352966,-0.5978689789772034,0.5399972695748763,0.7054775992738699,0.7142251680688689,0.8682861328125,,0.6423354313422001,-0.6683296285031072,33.47529861428318,33.47529861428318,1.131111253408259e-171,40335922.0,34.544532049212464,1.7220653815433375e-261,1.3116224988476455,0.606192917816788,GCST90200738,cancerType_celltype,HNSC_Epi_HNSC,tissue,Tumor,Adjacent,group1_higher,5.9296332245979126e-170,2.60797235004841e-259
45289,1109,0.3802356789528898,-0.42328795436450606,0.4236183166503906,-0.6082291007041931,0.5939411096991611,0.8681958237793541,0.8035236333173958,1.0318474173545837,,0.5814419444346686,-0.15474513624444802,30.645897701667877,30.645897701667877,9.877378246696926e-151,40271806.0,34.39903955332438,2.6063577118186945e-259,1.3348702787135713,0.6036397924631951,GCST90200334,cancerType_celltype,HNSC_Epi_HNSC,tissue,Tumor,Adjacent,group1_higher,3.638612581148084e-149,3.55246556120888e-257
45289,1109,0.6559031354744232,-0.37859355888567314,0.5973039269447327,-0.5850744843482971,0.9151654812278958,0.9155586851182241,1.0344966943600964,1.1823784112930298,,0.6948628955841847,0.7928312943177405,37.17576260186133,37.17576260186133,5.394235858511718e-200,40177782.0,34.18567960520876,3.947275324441325e-256,1.13038144334845,0.5998957183124962,GCST90200282,cancerType_celltype,HNSC_Epi_HNSC,tissue,Tumor,Adjacent,group1_higher,6.12695289595956e-198,4.891032970194114e-254
45289,1109,0.3058151075433704,-0.4835020703689982,0.3285857737064361,-0.6342425346374512,0.6001911758336022,1.042644671239766,0.7893171779123687,0.9628283083438873,,0.4989805308111306,-0.6608606547825558,25.108810259314406,25.108810259314406,7.633832535511101e-111,40145306.0,34.111984828609145,4.899755453314886e-255,1.2845241977091217,0.5986025107046717,GCST90199955,cancerType_celltype,HNSC_Epi_HNSC,tissue,Tumor,Adjacent,group1_higher,1.0617258924389419e-109,5.565305569056825e-253
45289,1109,0.6113064450628293,-0.3650053546153432,0.573153018951416,-0.5507961511611938,0.8761144731960372,0.893702128856015,0.9763117996781725,1.1239491701126099,,0.612762519130911,0.7439765567156811,35.95924967681399,35.95924967681399,6.70523757078658e-191,40100455.0,34.01020861154825,1.5739800733993506e-253,1.1138263569774411,0.5968165255335134,GCST90199689,cancerType_celltype,HNSC_Epi_HNSC,tissue,Tumor,Adjacent,group1_higher,5.077354893878949e-189,1.6502575692640884e-251
45289,1109,-0.9834687991945558,0.2989239192899901,-1.0780853033065796,0.1982206553220749,1.1874595016063942,1.0608985988755169,-1.2823927184845458,-1.2763059586286545,,-0.4180824948064298,-1.718097580822598,-39.65075062209879,-39.65075062209879,4.6593185143924976e-219,10165379.0,-33.918684673113944,3.5334412871534485e-252,-1.0825582412317665,-0.5952104489709321,GCST90200330,cancerType_celltype,HNSC_Epi_HNSC,tissue,Tumor,Adjacent,group2_higher,9.072358764452819e-217,3.237170159975373e-250
45289,1109,0.8665848529578913,-0.06541311926858956,0.8767950534820557,-0.1641630828380584,0.7450762690705771,0.8189542957322898,0.9319979722264808,1.0409581363201141,,0.6114503142018135,3.7276687127260772,37.520087509909295,37.520087509909295,5.028324045971193e-202,40060015.5,33.918443002535426,3.562549699165854e-252,1.2477786041072672,0.5952062080973568,GCST90200874,cancerType_celltype,HNSC_Epi_HNSC,tissue,Tumor,Adjacent,group1_higher,7.615117416287484e-200,3.237170159975373e-250
45289,1109,0.33162341500839937,-0.3960727850160296,0.3061260282993316,-0.6108267307281494,0.6591499092656762,0.8401330948350335,0.7276962000244289,0.9169527590274811,,0.5123222663068715,-0.2562189910541131,28.629849502937127,28.629849502937127,2.567833093985077e-136,39824879.5,33.38487067249082,2.2732631206199025e-244,1.0958501025148935,0.5858429963695135,GCST90199736,cancerType_celltype,HNSC_Epi_HNSC,tissue,Tumor,Adjacent,group1_higher,6.603691522833321e-135,1.9365360208780795e-242
45289,1109,-0.7631874226902371,0.3773376370398697,-0.8324934840202332,0.233271449804306,1.0083092478400812,1.0614707262413137,-1.1405250597301069,-1.0657649338245392,,-0.39965836875442134,-1.0161794559466788,-35.39295109239425,-35.39295109239425,1.4651041031878985e-186,10509820.5,-33.13707550344592,8.695501644541895e-241,-1.1296673256689804,-0.5814946475098377,GCST90199626,cancerType_celltype,HNSC_Epi_HNSC,tissue,Tumor,Adjacent,group2_higher,9.984684463225528e-185,6.971746318535649e-239
45289,1109,0.26887936589771655,-0.4219424338773337,0.2889666259288788,-0.5647095441818237,0.5340556957284699,0.868104294600313,0.6908217997750503,0.8536761701107025,,0.5017452536706325,-0.650085191871072,26.378903104183763,26.378903104183763,7.510431274509042e-120,39564564.5,32.79416197158768,7.132201342719721e-236,1.2688959269563316,0.5754771465594739,GCST90200231,cancerType_celltype,HNSC_Epi_HNSC,tissue,Tumor,Adjacent,group1_higher,1.3294438736566004e-118,5.400661350070544e-234
45289,1109,0.4710847489213736,-0.20794093986004053,0.5014287233352661,-0.3469872772693634,0.6147292932509542,0.9037064629296909,0.6790256887814141,0.8484160006046295,,0.5016355169773801,1.179808923835997,24.881583816320752,24.881583816320752,2.195674642567336e-109,39553877.5,32.76991095306569,1.5805469821187575e-235,1.0895891223644505,0.5750515858467993,GCST90199874,cancerType_celltype,HNSC_Epi_HNSC,tissue,Tumor,Adjacent,group1_higher,2.9340240566855677e-108,1.133834492962035e-233
45289,1109,-0.8688589791599247,0.32216946701107957,-0.9374156594276428,0.2971666157245636,1.1387113970290406,1.0052124993247649,-1.1910284461710043,-1.2345822751522064,,-0.39040304883640925,-1.4312994487905613,-38.851838916032676,-38.851838916032676,2.9706484625288886e-213,10679947.5,-32.75102207141723,2.9363139543350255e-235,-1.0487117784099709,-0.5747201207609656,GCST90199657,cancerType_celltype,HNSC_Epi_HNSC,tissue,Tumor,Adjacent,group2_higher,5.061242318033594e-211,2.0010979598793198e-233
45289,1109,0.19273912533889254,-0.48562194275108356,0.2151482999324798,-0.6494452953338623,0.5390053699569853,0.9978954346156473,0.6783610680899761,0.8645935952663422,,0.4926887889114129,-1.333179633439366,22.557752116109583,22.557752116109583,3.0538138846957795e-93,39519438.5,32.69176172251653,2.0451245035803487e-234,1.2235746848269373,0.573680210775797,GCST90200816,cancerType_celltype,HNSC_Epi_HNSC,tissue,Tumor,Adjacent,group1_higher,2.685386016026031e-92,1.327383189704769e-232
45289,1109,0.2503186947554704,-0.4118169243757613,0.2460435330867767,-0.551558792591095,0.5695714952531166,0.8260354880574173,0.6621356191312318,0.7976023256778717,,0.5142511029252788,-0.7182348201973527,26.539976458053605,26.539976458053605,4.125819000900854e-121,39480817.0,32.60412153239329,3.5852373494724734e-233,1.1474963830152733,0.5721422868434902,GCST90200768,cancerType_celltype,HNSC_Epi_HNSC,tissue,Tumor,Adjacent,group1_higher,7.703412737298444e-120,2.221217503332264e-231
45289,1109,0.3771973262282224,-0.39213333225347574,0.4053921401500702,-0.5644393563270569,0.6278339410678838,0.9775430127731333,0.7693306584816981,0.9698314964771271,,0.5092128888864604,-0.056024684376218686,26.077177019872536,26.077177019872536,9.447519591776829e-118,39479565.0,32.601280484841176,3.9335309269599435e-233,1.205050114413083,0.5720924316912239,GCST90200798,cancerType_celltype,HNSC_Epi_HNSC,tissue,Tumor,Adjacent,group1_higher,1.5703620979990023e-116,2.3310446319332188e-231
45289,1109,-0.5298879233127283,0.8472009268839155,-0.5979655385017395,0.6653527617454529,1.0807581504584212,1.3834759203969684,-1.3770888501966438,-1.2633183002471924,,-0.438884980299887,0.6770159007120219,-32.90297707362446,-32.90297707362446,1.5852530148358984e-167,10755400.5,-32.579803572255656,7.9259281704342546e-233,-1.2645807057787903,-0.5717155514287453,GCST90199845,cancerType_celltype,HNSC_Epi_HNSC,tissue,Tumor,Adjacent,group2_higher,7.716785211504748e-166,4.5012667067924536e-231
45289,1109,-0.7701412384976388,0.4641360986745405,-0.8672032356262207,0.3446597754955292,1.0373286787821656,1.1874364855462232,-1.2342773371721794,-1.2118630111217499,,-0.41355852368252866,-0.7305739061595629,-34.29633037140696,-34.29633037140696,4.0128554189243874e-178,10864616.0,-32.331970961290146,2.486926602627519e-229,-1.1854763361098148,-0.5673665455323184,GCST90199974,cancerType_celltype,HNSC_Epi_HNSC,tissue,Tumor,Adjacent,group2_higher,2.4861463345427e-176,1.3558723837525233e-227
45289,1109,0.3540627091309509,-0.3434473959457405,0.3783239722251892,-0.5172733664512634,0.5911904902609618,0.8843847545425433,0.6975101050766914,0.8955973386764526,,0.5175412404896014,0.043915631280218866,26.12232516246232,26.12232516246232,4.132543529292021e-118,39344477.0,32.29473780774764,8.292286551355798e-229,1.1627785008919533,0.5667131722588492,GCST90199647,cancerType_celltype,HNSC_Epi_HNSC,tissue,Tumor,Adjacent,group1_higher,7.129945354968386e-117,4.347071757499213e-227
45289,1109,-0.8985732206976769,0.2847238985828008,-1.0103224515914917,0.3079599142074585,1.155245845376037,1.056919123806403,-1.1832971192804775,-1.3182823657989502,,-0.3936160541885304,-1.6580690136166973,-36.74990952683549,-36.74990952683549,2.125667686916415e-197,10889081.0,-32.27645480445095,1.4971802563540774e-228,-1.0262808610690712,-0.5663923392222608,GCST90200769,cancerType_celltype,HNSC_Epi_HNSC,tissue,Tumor,Adjacent,group2_higher,2.0694893266193384e-195,7.557987738557805e-227
45289,1109,0.24022640281915839,-0.5321194071354591,0.2467292845249176,-0.7515316009521484,0.6432990766873653,1.0491742287102284,0.7723458099546175,0.998260885477066,,0.5362406657172833,-1.1473520036682696,24.40282180562689,24.40282180562689,5.807855281777227e-106,39230608.5,32.036346575168686,3.401773583074685e-225,1.1774896796297354,0.5621788819986087,GCST90200537,cancerType_celltype,HNSC_Epi_HNSC,tissue,Tumor,Adjacent,group1_higher,7.262483256020514e-105,1.6559347834752842e-223
45289,1109,0.6052448372248015,-0.3311760810386399,0.5804059505462646,-0.4554557204246521,0.9292167150424184,0.8272477628094047,0.9364209182634413,1.0358616709709167,,0.5495816699614304,0.8699184164251721,37.12734215350537,37.12734215350537,2.1537666464177276e-200,39222932.0,32.01892700525346,5.94617058217144e-225,1.0102583662461742,0.561873200627705,GCST90200782,cancerType_celltype,HNSC_Epi_HNSC,tissue,Tumor,Adjacent,group1_higher,2.6687126718794207e-198,2.7947001736205768e-223
45289,1109,0.7747911717836845,-0.21462218415532078,0.7401356101036072,-0.3233047723770141,0.9198727963226222,0.9180899251453422,0.9894133559390053,1.0634403824806213,,0.5099923911435715,1.8520034493644784,35.45560322182368,35.45560322182368,2.758078675192095e-187,39177219.0,31.91519473149134,1.6435058523904269e-223,1.075647757885458,0.5600528902638522,GCST90200213,cancerType_celltype,HNSC_Epi_HNSC,tissue,Tumor,Adjacent,group1_higher,1.978558544361487e-185,7.46699492269384e-222
45289,1109,0.29756939730657384,-0.18921393706489312,0.304093599319458,-0.3444045782089233,0.4265796797086463,0.6517228214406369,0.4867833343714669,0.6484981775283813,,0.46580472458103883,0.6532050295321601,24.744138569282413,24.744138569282413,2.1685092342952895e-108,39162524.5,31.881849864674518,4.766093098693542e-223,1.123375521723841,0.5594677492614757,GCST90200142,cancerType_celltype,HNSC_Epi_HNSC,tissue,Tumor,Adjacent,group1_higher,2.869590375091728e-107,2.095543514038483e-221
45289,1109,0.6662408026993909,-0.09951766580608304,0.5853036642074585,-0.2002431005239486,0.783080240204714,0.6746504866070182,0.7657584685054739,0.785546764731407,,0.5623557652516117,2.7430068280968776,37.19037038046659,37.19037038046659,4.157261143180263e-201,39075582.5,31.684560442728333,2.5356670049951516e-220,0.9809036531098605,0.5560056832484359,GCST90200294,cancerType_celltype,HNSC_Epi_HNSC,tissue,Tumor,Adjacent,group1_higher,5.666346938154698e-199,1.0800356649401223e-218
45289,1109,0.3527187092944866,-0.2253097787327954,0.379183828830719,-0.3317355513572693,0.5612792658120686,0.733027896986233,0.578028488027282,0.7109193801879883,,0.4406387900131315,0.6466058601308569,26.073489237281077,26.073489237281077,6.374381496709754e-118,39043228.5,31.61114250942053,2.595311699120382e-219,1.0212722526408333,0.5547173337305287,GCST90199953,cancerType_celltype,HNSC_Epi_HNSC,tissue,Tumor,Adjacent,group1_higher,1.0860352475019245e-116,1.071942377545782e-217
45289,1109,0.46851205978761584,-0.26030104783988706,0.5127469897270203,-0.4357408881187439,0.5468824099677813,0.9413421717522646,0.7288131076275028,0.9484878778457642,,0.5461819515700705,0.8479026018157216,25.677168579089344,25.677168579089344,7.662179598835163e-115,39014308.5,31.545517034015276,2.0658430394961608e-218,1.3024911419724718,0.5535657274976709,GCST90199968,cancerType_celltype,HNSC_Epi_HNSC,tissue,Tumor,Adjacent,group1_higher,1.1603945325791476e-113,8.281600184803726e-217
45289,1109,0.3934951760829299,-0.21145612789588325,0.3787007927894592,-0.3315770626068115,0.5241520988088796,0.6865943631596264,0.6049513039788131,0.7102778553962708,,0.4918224165041316,0.8959844237529084,29.134593457118132,29.134593457118132,6.279802146062127e-140,38940198.0,31.37734494566738,4.123231406771382e-216,1.1444111897856002,0.5506146170647457,GCST90200916,cancerType_celltype,HNSC_Epi_HNSC,tissue,Tumor,Adjacent,group1_higher,1.8607326793657996e-138,1.605704116408398e-214
45289,1109,0.3002307988811031,-0.48124756644575667,0.2742909789085388,-0.7264000773429871,0.7271715636273023,1.0492235697076104,0.7814783653268598,1.0006910562515259,,0.5542155099339933,-0.6807054558881857,24.659004481600803,24.659004481600803,7.595300965930994e-108,38851995.5,31.17719518790694,2.1714733765712404e-213,1.0610620452983905,0.5471023574259617,GCST90200115,cancerType_celltype,HNSC_Epi_HNSC,tissue,Tumor,Adjacent,group1_higher,9.766410581664099e-107,8.221439478518335e-212
45289,1109,0.29769296359005465,-0.36337472161767725,0.3290074169635772,-0.5656794309616089,0.6194516588214868,0.8987466135080979,0.661067685207732,0.8946868479251862,,0.4833770897500248,-0.28763206336342356,24.353591266154936,24.353591266154936,1.0330970445839047e-105,38738647.0,30.919983943129193,6.43636418825095e-210,1.0533733967009389,0.5425887737784836,GCST90199794,cancerType_celltype,HNSC_Epi_HNSC,tissue,Tumor,Adjacent,group1_higher,1.2685687133043803e-104,2.3710174023205528e-208
45289,1109,0.7770575003935024,-0.2800016709434835,0.7405075430870056,-0.4935352802276611,1.1379617785425864,1.07305882623754,1.057059171336986,1.2340428233146667,,0.3835036471727598,1.4725826260781023,32.36252490296153,32.36252490296153,1.2986478855894724e-164,38640430.0,30.697109208762736,6.220647303833213e-207,0.9301372791727253,0.5386777326521841,GCST90200379,cancerType_celltype,HNSC_Epi_HNSC,tissue,Tumor,Adjacent,group1_higher,5.709861509865971e-163,2.231247967138071e-205
45289,1109,0.2471588834255335,-0.29059756717514623,0.253536969423294,-0.4426213204860687,0.44507939642616345,0.7531735112644965,0.5377564506006798,0.6961582899093628,,0.3845563155056969,-0.2335829915405163,23.675949390326288,23.675949390326288,6.51496063196708e-101,38572335.0,30.542587536988158,7.093433701514809e-205,1.1822048056820247,0.5359661618905505,GCST90200100,cancerType_celltype,HNSC_Epi_HNSC,tissue,Tumor,Adjacent,group1_higher,7.278599460140271e-100,2.4790641372217142e-203
45289,1109,0.21552255077679816,-0.3846332729389728,0.2265278995037078,-0.6110276579856873,0.5665309657563331,0.9871643773433006,0.6001558237157709,0.837555557489395,,0.4018451265062202,-0.8356417954444868,20.164898639991524,20.164898639991524,1.9040270641940465e-77,38562469.5,30.520200672271333,1.4060976911656523e-204,1.0344982486431737,0.5355733136439993,GCST90200262,cancerType_celltype,HNSC_Epi_HNSC,tissue,Tumor,Adjacent,group1_higher,1.067978966459459e-76,4.7912778826469606e-203
45289,1109,0.42405781633610035,-0.19309867117813234,0.4124471545219421,-0.3945598006248474,0.5986766545185717,0.8013901352153082,0.6171564875142327,0.8070069551467896,,0.42904598189149357,1.1349186707717462,25.472389075878528,25.472389075878528,1.2348574732441214e-113,38473155.0,30.317527555982167,6.735434257858241e-202,1.0212567248326165,0.5320167737102315,GCST90200031,cancerType_celltype,HNSC_Epi_HNSC,tissue,Tumor,Adjacent,group1_higher,1.7905433362039759e-112,2.23912119352702e-200
45289,1109,0.8846590653284228,0.030174036322708098,0.8833198547363281,-0.0147411674261093,0.914230807954861,0.7784771739207536,0.8544850290057147,0.8980610221624374,,0.39038314146455033,4.873695786801577,35.951079337626034,35.951079337626034,5.980577669186005e-192,38466695.0,30.302868476759556,1.0508499972208634e-201,0.9377326348760459,0.5317595338670689,GCST90199967,cancerType_celltype,HNSC_Epi_HNSC,tissue,Tumor,Adjacent,group1_higher,4.795016095941485e-190,3.4102584433619924e-200
45289,1109,-1.4101466251814505,-0.07291534138969175,-1.549198031425476,-0.182794839143753,1.5753480228516137,1.1027123831225596,-1.3372312837917588,-1.366403192281723,,-0.3426947001715024,-4.273460217483302,-39.41125135203245,-39.41125135203245,7.227461639256151e-220,11802487.5,-30.20374609764771,2.1150178318570736e-200,-0.8540654311126769,-0.5300201186644211,GCST90200855,cancerType_celltype,HNSC_Epi_HNSC,tissue,Tumor,Adjacent,group2_higher,1.6418383690510222e-217,6.704114662374863e-199
45289,1109,0.2143553163031453,-0.37675627430758324,0.1755264848470688,-0.6377549767494202,0.6313823476382235,0.9166446261457261,0.5911115906107285,0.813281461596489,,0.4379536414058771,-0.8136244384099477,21.351384080881417,21.351384080881417,2.740552804271552e-85,38404728.0,30.162252507380668,7.410040727640763e-200,0.9240749940387573,0.5292919825727571,GCST90200129,cancerType_celltype,HNSC_Epi_HNSC,tissue,Tumor,Adjacent,group1_higher,1.9445906113477973e-84,2.2954285254032635e-198
45289,1109,0.22204786551223366,-0.415832965957241,0.2413777261972427,-0.523395836353302,0.589426370227628,0.9366910832225938,0.6378808314694746,0.7647735625505447,,0.429218770487582,-0.9051304042225571,22.569064646729355,22.569064646729355,2.1464118159682204e-93,38401117.0,30.15405839978425,9.489882273497384e-200,1.0630169415517587,0.5291481910752867,GCST90199638,cancerType_celltype,HNSC_Epi_HNSC,tissue,Tumor,Adjacent,group1_higher,1.9121302648135192e-92,2.874379897505985e-198
45289,1109,0.38345982946218765,-0.28599854588319235,0.3833915591239929,-0.407431960105896,0.6301698074987299,0.7239740055400488,0.66945837534538,0.7908235192298889,,0.5018996928622761,0.423066357642925,30.51227701745362,30.51227701745362,2.864022026396311e-150,38372431.5,30.088965053493194,6.756515661100209e-199,1.058311521204552,0.5280059227283767,GCST90200475,cancerType_celltype,HNSC_Epi_HNSC,tissue,Tumor,Adjacent,group1_higher,9.759155054945428e-149,2.00198496653904e-197
45289,1109,0.6024218203835788,-0.12952831689417624,0.5986745357513428,-0.3043340742588043,0.7277835568108322,0.9670635417149046,0.731950137277755,0.9030086100101471,,0.4593573501318421,2.2174977559135702,25.032338217677193,25.032338217677193,1.518762905214894e-110,38290084.0,29.902101504532812,1.847881030666704e-196,0.9966544590069972,0.5247268115852144,GCST90199850,cancerType_celltype,HNSC_Epi_HNSC,tissue,Tumor,Adjacent,group1_higher,2.090983676573637e-109,5.358854988933442e-195
45289,1109,0.28740866117378194,-0.3043353275686286,0.3362301290035248,-0.4082683622837066,0.5867656157091071,0.9393684003398762,0.5917439887424105,0.7444984912872314,,0.4244569000113217,-0.08255799532695708,20.87847876499109,20.87847876499109,4.0324283293414044e-82,38252796.0,29.817487302357463,2.318323935975473e-195,0.9901742386813208,0.5232419881685202,GCST90200226,cancerType_celltype,HNSC_Epi_HNSC,tissue,Tumor,Adjacent,group1_higher,2.60483403454613e-81,6.583074009863687e-194
45289,1109,-0.8966230257458268,0.2901696539553378,-0.9512995481491088,0.2117148041725158,1.3342189307904433,1.0570958109867379,-1.1867926797011645,-1.1630143523216245,,-0.32888117944804596,-1.627601536423578,-36.67892805909905,-36.67892805909905,5.648515129136764e-198,11986465.0,-29.786263009771837,5.885150420298239e-195,-0.893484223928342,-0.5226940593385021,GCST90200781,cancerType_celltype,HNSC_Epi_HNSC,tissue,Tumor,Adjacent,group2_higher,5.922250862318008e-196,1.637032657727857e-193
45289,1109,0.0997833309724029,-0.45902810488586926,0.1102114766836166,-0.6275770664215088,0.5756098063868998,0.9234184424683648,0.5588114358582722,0.7377885431051254,,0.41592578056161045,-2.201700437486331,20.057471164110453,20.057471164110453,8.747026363734081e-77,38215456.5,29.732756236005645,2.897871293909312e-194,0.953073453138629,0.5217551140007544,GCST90200928,cancerType_celltype,HNSC_Epi_HNSC,tissue,Tumor,Adjacent,group1_higher,4.866202830110021e-76,7.899597147196783e-193
45289,1109,0.37167065291970736,-0.17457014504703378,0.359411358833313,-0.2895430326461792,0.5519060272498937,0.6969407059951781,0.5462407979667412,0.6489543914794922,,0.4395910647540329,1.09021354439477,25.902692584866653,25.902692584866653,9.367780815956188e-117,38120419.0,29.517096446281343,1.737399582073869e-191,0.9827816582457948,0.5179706818653735,GCST90199827,cancerType_celltype,HNSC_Epi_HNSC,tissue,Tumor,Adjacent,group1_higher,1.5383476207407573e-115,4.643285549738595e-190
45289,1109,-0.5096072109037169,0.42745454606811734,-0.5939409732818604,0.2942492365837097,0.9482805160431601,1.0139670890853003,-0.9370617569718342,-0.8881902098655701,,-0.3355543277869459,-0.2536141303643779,-30.451488270123967,-30.451488270123967,4.999795468203624e-150,12142798.0,-29.43151102337731,2.1711829287451039e-190,-0.986482409149246,-0.5164688153135595,GCST90199696,cancerType_celltype,HNSC_Epi_HNSC,tissue,Tumor,Adjacent,group2_higher,1.6621271276003755e-148,5.691004484383801e-189
45289,1109,-0.5278195593897202,0.4716258343076438,-0.6037297248840332,0.4699837565422058,1.1156642088066424,0.9635168701111767,-0.9994453936973641,-1.073713481426239,,-0.3523007413998141,-0.1624017407106884,-33.98997458037354,-33.98997458037354,3.3590793686534732e-177,12163272.5,-29.385050138308678,8.526534987571504e-190,-0.8985609661495444,-0.5156535123462482,GCST90200982,cancerType_celltype,HNSC_Epi_HNSC,tissue,Tumor,Adjacent,group2_higher,1.9076771581144515e-175,2.1927673939735773e-188
45289,1109,0.3232284476484641,-0.2789092971103533,0.3207500874996185,-0.3583993911743164,0.6115307519955787,0.6323745416945121,0.6021377447588174,0.6791494786739349,,0.5071615578791446,0.2127574417317894,31.3523974840456,31.3523974840456,9.070607822651808e-157,38023151.0,29.29637518965208,1.1535155016534774e-188,0.9838260390373812,0.5140974303073651,GCST90200440,cancerType_celltype,HNSC_Epi_HNSC,tissue,Tumor,Adjacent,group1_higher,3.532353846364118e-155,2.911558571766092e-187
45289,1109,-0.6752730350559011,0.20661890976487654,-0.7170460820198059,0.166296511888504,0.8782444742914073,0.9149272322274087,-0.8818919448207776,-0.8833425939083099,,-0.42302578562550514,-1.7084938074605194,-31.743116320345145,-31.743116320345145,1.261810625687617e-159,12212247.5,-29.273915710301335,2.2284549038031753e-188,-1.003132152882872,-0.513703307807721,GCST90200307,cancerType_celltype,HNSC_Epi_HNSC,tissue,Tumor,Adjacent,group2_higher,5.211660250946127e-158,5.522516425243142e-187
45289,1109,0.19942494436676686,-0.3766009512136865,0.2119498401880264,-0.55369633436203,0.5023034675327642,0.7835048026302273,0.5760258955804534,0.7656461745500565,,0.46149713274717774,-0.9171873650155619,24.360802226540464,24.360802226540464,1.0552327507656969e-105,37963834.5,29.16177375424835,5.92451433278272e-187,1.127635387005266,0.5117354230075275,GCST90200831,cancerType_celltype,HNSC_Epi_HNSC,tissue,Tumor,Adjacent,group1_higher,1.2841805707978972e-104,1.4419844706397944e-185
45289,1109,-0.7681632953895616,0.10012793638800145,-0.7755833268165588,-0.0432897880673408,0.9536069116276034,0.8494752705063269,-0.8682912317775631,-0.732293538749218,,-0.2988895459218644,-2.9395559476400015,-33.52593513696141,-33.52593513696141,1.4815861332861089e-173,12286805.0,-29.104729286285867,3.127887500117041e-186,-0.9127868746539209,-0.510734397651902,GCST90200403,cancerType_celltype,HNSC_Epi_HNSC,tissue,Tumor,Adjacent,group2_higher,8.077607598675865e-172,7.47949239063075e-185
45289,1109,-0.7051890399375544,0.09654413248522323,-0.7642980217933655,-0.0331405289471149,0.8219461237818884,0.8884630359949508,-0.8017331724227776,-0.7311574928462505,,-0.36606309984629065,-2.868736668478853,-29.74078006953999,-29.74078006953999,8.777120450025044e-145,12348823.0,-28.96399758733417,1.870261866355801e-184,-0.9734529420912258,-0.5082648155167233,GCST90200858,cancerType_celltype,HNSC_Epi_HNSC,tissue,Tumor,Adjacent,group2_higher,2.8483845650914606e-143,4.395115385936133e-183
45289,1109,0.3719978476566864,-0.23502387345043776,0.3762718737125397,-0.3702993988990783,0.6281018457955169,0.8687707639856348,0.6070217211071242,0.746571272611618,,0.47757213150046773,0.6624847022927189,23.12081273747395,23.12081273747395,3.02346900874103e-97,37871416.0,28.952057018468942,2.643926507320596e-184,0.9560698876772025,0.5080552805237324,GCST90199777,cancerType_celltype,HNSC_Epi_HNSC,tissue,Tumor,Adjacent,group1_higher,2.9435630420814455e-96,6.10791835504741e-183
45289,1109,0.1581850656580448,-0.3207144379861736,0.1505545228719711,-0.4475922584533691,0.47503071836717625,0.6868420779652205,0.4788995036442184,0.5981467813253402,,0.4257939981448579,-1.01967128029384,23.08471938554742,23.08471938554742,5.782663733268722e-97,37826233.0,28.849527424581126,5.1366730577992926e-183,0.9952667537040771,0.5062560749767335,GCST90200070,cancerType_celltype,HNSC_Epi_HNSC,tissue,Tumor,Adjacent,group1_higher,5.589908275493098e-96,1.1668808962967394e-181
45289,1109,0.18184981638454142,-0.30542780350479304,0.1924556493759155,-0.4992828667163849,0.5628774368853039,0.796870970926065,0.4872776198893345,0.6917385160923004,,0.44386096259288027,-0.748080719590022,20.240314767704966,20.240314767704966,5.071247310256243e-78,37814997.5,28.8240317458496,1.0724178524603582e-182,0.855492809390776,0.5058086727696356,GCST90200498,cancerType_celltype,HNSC_Epi_HNSC,tissue,Tumor,Adjacent,group1_higher,2.892096269405548e-77,2.3962385785302757e-181
45289,1109,-1.0907098253292027,0.2933447140278324,-1.288947582244873,0.0836355611681938,1.702533623332441,1.3922020079524136,-1.3840545393570352,-1.3725831434130669,,-0.31450628467647995,-1.8945948393222978,-32.51672510621556,-32.51672510621556,1.6356604294567906e-166,12448909.0,-28.736881704505322,1.3212383075578445e-181,-0.8161735800377449,-0.5042793500457068,GCST90199687,cancerType_celltype,HNSC_Epi_HNSC,tissue,Tumor,Adjacent,group2_higher,7.687604018446916e-165,2.904593247098939e-180
45289,1109,0.2084442203953859,-0.2863216203038234,0.2039089947938919,-0.4583752453327179,0.5239376590609768,0.8021071711017992,0.4947658406992093,0.6622842401266098,,0.3705614246484629,-0.4579733600288868,20.43506845831162,20.43506845831162,3.018272104666156e-79,37762580.0,28.705085571677575,3.296594563248121e-181,0.9295255638386615,0.5037213864725809,GCST90200370,cancerType_celltype,HNSC_Epi_HNSC,tissue,Tumor,Adjacent,group1_higher,1.8043442450263028e-78,7.132156174138395e-180
45289,1109,0.37880701450394844,-0.22593693698344272,0.428104430437088,-0.3634417951107025,0.5785888410593604,0.84414911490863,0.6047439514873911,0.7915462255477905,,0.366081271929416,0.7455403221042936,23.721075830067658,23.721075830067658,2.5128863947855995e-101,37757873.5,28.69440554747305,4.480681618478592e-181,1.031397787916901,0.5035339717168774,GCST90199636,cancerType_celltype,HNSC_Epi_HNSC,tissue,Tumor,Adjacent,group1_higher,2.8306315339609687e-100,9.542451634353627e-180
45289,1109,0.08907722806025535,-0.3544026313003088,0.0945874080061912,-0.5570436120033264,0.4803479840039241,0.8755997048623665,0.44347985936056417,0.6516310200095177,,0.3436623636626743,-1.9922486206458174,16.80504436374576,16.80504436374576,1.0313426639253946e-56,37660342.0,28.4730863547176,2.524076530100044e-178,0.8986587952566927,0.4996502274810559,GCST90200742,cancerType_celltype,HNSC_Epi_HNSC,tissue,Tumor,Adjacent,group1_higher,3.7788173412105186e-56,5.292794323886708e-177
45289,1109,0.12435493710863182,-0.3832620389557887,0.0876120254397392,-0.5917289853096008,0.5969617958534992,0.9140669143261734,0.5076169760644205,0.6793410107493401,,0.39025482201823236,-1.623859486918545,18.397878641596765,18.397878641596765,2.469283229910796e-66,37643796.0,28.43554005056631,7.356217034280019e-178,0.837002159270971,0.4989913589911228,GCST90200053,cancerType_celltype,HNSC_Epi_HNSC,tissue,Tumor,Adjacent,group1_higher,1.1144480272743096e-65,1.5191702754126768e-176
45289,1109,0.2783371383685857,-0.2446312075987052,0.287738174200058,-0.408868670463562,0.5738893987699863,0.875349738728758,0.5229683459672909,0.69660684466362,,0.38580779859177206,0.18622424515814032,19.791831585931195,19.791831585931195,4.2360515723710776e-75,37626538.5,28.396379205413954,2.241462163196488e-177,0.8971702848776655,0.4983041582800738,GCST90200074,cancerType_celltype,HNSC_Epi_HNSC,tissue,Tumor,Adjacent,group1_higher,2.3187703988521202e-74,4.559870042443004e-176
45289,1109,0.24293928583255694,-0.2342083348128004,0.2714054584503174,-0.4007247984409332,0.48168292378722083,0.7357269192255339,0.4771476206453573,0.6721302568912506,,0.3930084959985151,0.052803168200537036,21.484960909075514,21.484960909075514,3.801732765057722e-86,37606533.0,28.35098257857371,8.14002915717627e-177,0.9751843657178252,0.4975075310846575,GCST90200099,cancerType_celltype,HNSC_Epi_HNSC,tissue,Tumor,Adjacent,group1_higher,2.7709955929270994e-85,1.6315970207693025e-175
45289,1109,-1.1331848648122216,-0.24085250807261,-1.21664297580719,-0.3115667998790741,1.1140408425206112,0.8804428817316294,-0.8923323567396115,-0.9050761759281158,,-0.300092236945886,-2.2341566686918126,-33.10858852748526,-33.10858852748526,3.608733017822771e-171,12657307.0,-28.263983439515545,9.583098382314875e-176,-0.8046019116303175,-0.495980856417938,GCST90199844,cancerType_celltype,HNSC_Epi_HNSC,tissue,Tumor,Adjacent,group2_higher,1.82174189010831e-169,1.8930091442166919e-174
45289,1109,0.37385535648558,-0.267254568590754,0.3727575540542602,-0.3964798152446747,0.6644827259483008,0.9455401358522237,0.641109925076334,0.7692373692989349,,0.4527161048379552,0.48426405410319373,22.444401110554068,22.444401110554068,1.2712254893441704e-92,37540850.5,28.20193536943451,5.536755505891146e-175,0.9532310221745999,0.49489202706011826,GCST90200604,cancerType_celltype,HNSC_Epi_HNSC,tissue,Tumor,Adjacent,group1_higher,1.0966331278329774e-91,1.0780853935042331e-173
45289,1109,0.35344345415653844,-0.3056691973455193,0.361855000257492,-0.4728966951370239,0.7054824949379811,1.0604260614265562,0.6591126515020578,0.834751695394516,,0.42540951744000344,0.20950760775465227,20.58752981673425,20.58752981673425,3.011388224378757e-80,37476804.0,28.056600583454475,3.318633758746363e-173,0.9205319283481439,0.49234166922496203,GCST90200510,cancerType_celltype,HNSC_Epi_HNSC,tissue,Tumor,Adjacent,group1_higher,1.840592892299662e-79,6.370841990382103e-172
45289,1109,0.14601297064905297,-0.3521033706873272,0.1397011131048202,-0.4698280394077301,0.5093427832921811,0.7633485918928862,0.49811634133638016,0.6095291525125504,,0.39514465769953033,-1.269896722459868,21.61320075578969,21.61320075578969,5.20795409281695e-87,37463910.5,28.027342559002964,7.546218413095828e-173,0.9637247608550215,0.49182824477947973,GCST90200753,cancerType_celltype,HNSC_Epi_HNSC,tissue,Tumor,Adjacent,group1_higher,3.900242543137089e-86,1.4285410690346686e-171
45289,1109,0.21354654385067112,-0.3393456169523339,0.2248269915580749,-0.4636289477348327,0.6027950990883378,0.9076447350759697,0.5528921608030051,0.6884559392929076,,0.4178640777724444,-0.668202325838471,20.177045562801585,20.177045562801585,1.3932346056935445e-77,37449570.5,27.994802126177536,1.8797007898648296e-172,0.9036426346324296,0.4912572201121499,GCST90200218,cancerType_celltype,HNSC_Epi_HNSC,tissue,Tumor,Adjacent,group1_higher,7.847019700662403e-77,3.509633118610634e-171
45289,1109,-0.7341244160137012,0.30976329586265827,-0.775664746761322,0.1859950870275497,1.145838754795153,1.125446519200139,-1.0438877118763594,-0.9616598337888718,,-0.30301547918549687,-1.2448556848702856,-30.50364404142951,-30.50364404142951,1.0824393270380558e-150,12797342.0,-27.94621499385943,7.329094884663483e-172,-0.9114089585374634,-0.49040460542145714,GCST90200038,cancerType_celltype,HNSC_Epi_HNSC,tissue,Tumor,Adjacent,group2_higher,3.8825389546128158e-149,1.349940044296801e-170
45289,1109,-0.9350352433700007,0.02686785812725563,-1.083650827407837,-0.1071703433990478,1.1803191978479155,0.96851971715223,-0.9619031014972563,-0.9764804840087891,,-0.36058813420708186,-5.121015370938279,-32.48864581498641,-32.48864581498641,2.784183606452998e-166,12809597.0,-27.91840585827536,1.5952546280009246e-171,-0.8181493956800237,-0.48991660630722234,GCST90200084,cancerType_celltype,HNSC_Epi_HNSC,tissue,Tumor,Adjacent,group2_higher,1.2649474185318123e-164,2.8991094106203467e-170
45289,1109,0.3910204764216048,-0.08513147291620081,0.3820964097976684,-0.2756924033164978,0.54065700190218,0.8879671071431029,0.47615194933780564,0.6577888131141663,,0.41662049100859067,2.199466404777739,17.776739111870693,17.776739111870693,1.611826392774189e-62,37406207.0,27.89640135499027,2.9503044413352264e-171,0.8633660833175932,0.4895304677996144,GCST90200482,cancerType_celltype,HNSC_Epi_HNSC,tissue,Tumor,Adjacent,group1_higher,6.718407869575594e-62,5.2911380967630446e-170
45289,1109,-0.4023794084692061,0.1902127034660878,-0.4668777883052826,0.1697302758693695,0.6057382534092687,0.6966726317921426,-0.5925921119352939,-0.6366080641746521,,-0.3768441320762934,-1.080938878098334,-28.06789431869667,-28.06789431869667,1.9028249495095632e-132,12823447.5,-27.886976202428176,3.8386810573128875e-171,-0.9745484199726532,-0.48936507373017546,GCST90200324,cancerType_celltype,HNSC_Epi_HNSC,tissue,Tumor,Adjacent,group2_higher,4.322584010302558e-131,6.794964001451254e-170
45289,1109,0.23158804607067845,-0.2540392291396638,0.2396968752145767,-0.3565979301929474,0.43317541434994555,0.7191279560132589,0.48562727521034227,0.5962948054075241,,0.36768392668486355,-0.13348995955036808,22.389368998757817,22.389368998757817,3.7145428689970124e-92,37377396.0,27.831023223181806,1.828216684148012e-170,1.0982940748875178,0.488383201991355,GCST90200395,cancerType_celltype,HNSC_Epi_HNSC,tissue,Tumor,Adjacent,group1_higher,3.106087073891367e-91,3.194691462171462e-169
45289,1109,0.14362503099345017,-0.3717831797275639,0.1674941331148147,-0.5397205352783203,0.5076322969208787,0.8087307232063763,0.5154082107210141,0.7072146683931351,,0.44941590069618886,-1.3721481325358185,21.121667752934513,21.121667752934513,1.0108080837205103e-83,37376627.5,27.82927933736407,1.9192531144609787e-170,0.9971691409836158,0.4883526000069167,GCST90200041,cancerType_celltype,HNSC_Epi_HNSC,tissue,Tumor,Adjacent,group1_higher,6.753585382897332e-83,3.311318981025714e-169
45289,1109,0.056285762386807735,-0.3075849930277116,0.0640284493565559,-0.4949717819690704,0.4233608545725727,0.7728033684578083,0.3638707554145193,0.5590002313256263,,0.3208614318688123,-2.4501222348581786,15.622623311844198,15.622623311844198,6.110554744260051e-50,37349088.0,27.766786502650273,1.0928305254163903e-169,0.8365030583588642,0.4872559658489022,GCST90199969,cancerType_celltype,HNSC_Epi_HNSC,tissue,Tumor,Adjacent,group1_higher,1.9550906376587913e-49,1.861910007678175e-168
45289,1109,0.6062365870707619,-0.13810435637686666,0.5908319354057312,-0.2298623174428939,0.8503433337101586,0.8889890680946563,0.7443409434476286,0.8206942528486251,,0.3939647060669533,2.134114027600921,27.575912492886875,27.575912492886875,4.239318851069406e-129,37322779.0,27.707085927531434,5.736383420492188e-169,0.8743716393983711,0.48620833070435676,GCST90199906,cancerType_celltype,HNSC_Epi_HNSC,tissue,Tumor,Adjacent,group1_higher,8.889525529242462e-128,9.652704447075128e-168
45289,1109,-0.7410415947918902,0.05541823702806404,-0.8102096319198608,-0.0300580710172653,0.9340869571421819,0.8593276374545145,-0.7964598318199543,-0.7801515609025955,,-0.3177404354483057,-3.7410977162826065,-30.428271962992437,-30.428271962992437,2.195013818903475e-150,12912873.0,-27.684051204127602,1.0865778225926978e-168,-0.8542301600441409,-0.48580411373099097,GCST90199648,cancerType_celltype,HNSC_Epi_HNSC,tissue,Tumor,Adjacent,group2_higher,7.671291885039581e-149,1.80610435633396e-167
45289,1109,0.24765916561342805,-0.23539102590291525,0.265146940946579,-0.3095831573009491,0.4595838058633684,0.7051421074027505,0.4830501915163433,0.5747300982475281,,0.3502105847777387,0.07329639121541814,22.695214597904847,22.695214597904847,2.854051787314436e-94,37264785.0,27.575485518795183,2.190241355368671e-167,1.0344670522194208,0.4838989858956311,GCST90200755,cancerType_celltype,HNSC_Epi_HNSC,tissue,Tumor,Adjacent,group1_higher,2.646307881707195e-93,3.5967457438162634e-166
45289,1109,0.18455133760185444,-0.27498449698605765,0.1679242849349975,-0.4082648754119873,0.4832489406607801,0.6778751005514562,0.4595358345879121,0.5761891603469849,,0.3952607509900281,-0.575325520085517,22.43622766893503,22.43622766893503,1.4100385333888745e-92,37206848.0,27.444014454875603,8.190124802530639e-166,0.940128759790029,0.48159191085022734,GCST90200325,cancerType_celltype,HNSC_Epi_HNSC,tissue,Tumor,Adjacent,group1_higher,1.2087311452887019e-91,1.3289452506963407e-164
45289,1109,0.1817425063734803,-0.24630677192218936,0.1952982693910598,-0.3894980847835541,0.43923582816306916,0.6569769690165455,0.42804927829566963,0.5847963541746138,,0.3207972350858853,-0.4385583328060396,21.57970650599856,21.57970650599856,8.679965344462883e-87,37193745.5,27.414282166096303,1.853278943805188e-165,0.9604463888765309,0.48107016393923074,GCST90200140,cancerType_celltype,HNSC_Epi_HNSC,tissue,Tumor,Adjacent,group1_higher,6.4297786763602774e-86,2.9717872945958483e-164
45289,1109,-0.3585386187843569,0.5074513942005664,-0.4333746433258056,0.3695584833621979,0.8124208158612326,1.0754023701766229,-0.8659900129849233,-0.8029331266880035,,-0.43088012572390594,0.5011399384511226,-26.631399812950992,-26.631399812950992,7.071915472783755e-122,13061564.5,-27.346639365392456,1.1840328541330851e-164,-1.0564909999713863,-0.47988315736263143,GCST90200337,cancerType_celltype,HNSC_Epi_HNSC,tissue,Tumor,Adjacent,group2_higher,1.338752887417258e-120,1.8765543955620872e-163
45289,1109,0.22599171999121742,-0.23878216506287125,0.2400258481502533,-0.3610153794288635,0.45425327022670586,0.6932209402482071,0.4647738850540887,0.6010412275791168,,0.42794185434581267,-0.07942482663202519,22.210816672455376,22.210816672455376,5.320299279577858e-91,37140237.5,27.292861421352722,5.1556306952006814e-164,1.0073014769585384,0.4789394534859892,GCST90200637,cancerType_celltype,HNSC_Epi_HNSC,tissue,Tumor,Adjacent,group1_higher,4.316409475038465e-90,8.077154755814401e-163
45289,1109,0.037764352814542025,-0.4179239179768975,0.0567398332059383,-0.5992578268051147,0.48945537139832007,0.7907274720062696,0.45568827079143953,0.6559976600110531,,0.3676877086246293,-3.4681086090458244,19.102004528861436,19.102004528861436,1.0585616161980575e-70,37139629.5,27.291481743308243,5.353734110787764e-164,0.9136135999196798,0.47891524267722096,GCST90199939,cancerType_celltype,HNSC_Epi_HNSC,tissue,Tumor,Adjacent,group1_higher,5.208734595227265e-70,8.292204082958775e-163
45289,1109,0.272096419025158,-0.17203464251841108,0.271695464849472,-0.3530814349651336,0.4576272428394833,0.7459435319739399,0.4441310615435691,0.6247768998146056,,0.34814040873398444,0.6614157770839522,19.736896668266887,19.736896668266887,1.0089109475266692e-74,37132451.5,27.275193373237048,8.354420307572224e-164,0.9518581076638192,0.47862941178028273,GCST90200570,cancerType_celltype,HNSC_Epi_HNSC,tissue,Tumor,Adjacent,group1_higher,5.478667814656773e-74,1.2794466156428023e-162
45289,1109,-0.6791078999846052,0.2881122888880467,-0.766049861907959,0.1478805691003799,1.015295711959648,1.1226654510030767,-0.9672201888726519,-0.9139304310083389,,-0.348968071985339,-1.2370067348702456,-28.407620837728867,-28.407620837728867,5.343009694779706e-135,13099439.5,-27.260693138526136,1.2412607443633877e-163,-0.9501256703192912,-0.47837495936576124,GCST90200512,cancerType_celltype,HNSC_Epi_HNSC,tissue,Tumor,Adjacent,group2_higher,1.3004503953544178e-133,1.8798204384081082e-162
45289,1109,-0.8638837694640674,0.10727698544817754,-0.9287859201431274,0.0180268604308366,1.1627625044371481,1.0398073725156634,-0.971160754912245,-0.946812780573964,,-0.3250051795356547,-3.0094848387016824,-30.63758822909301,-30.63758822909301,4.714346380751919e-152,13109762.5,-27.237268111464985,2.3520635294253555e-163,-0.8372233653375816,-0.47796389328202027,GCST90200251,cancerType_celltype,HNSC_Epi_HNSC,tissue,Tumor,Adjacent,group2_higher,1.7849039213791297e-150,3.522925923743692e-162
45289,1109,0.42455538614044697,-0.07039248737318876,0.4047752916812897,-0.2475033551454544,0.5432695906812157,0.7683477932265784,0.4949478735136357,0.6522786468267441,,0.34911066170534455,2.5924423079080943,21.32186560780436,21.32186560780436,4.1484780452036616e-85,37069293.0,27.131873643348293,4.144067507053962e-162,0.9003636755787638,0.47611441446845904,GCST90200667,cancerType_celltype,HNSC_Epi_HNSC,tissue,Tumor,Adjacent,group1_higher,2.914626585367315e-84,6.13952610012451e-161
45289,1109,0.14160067996325618,-0.30701729405736544,0.1503785252571106,-0.413721889257431,0.4491881014152159,0.7076530619636983,0.44861797402062165,0.5641004145145416,,0.3212041889314942,-1.1164862412244128,21.008261361500278,21.008261361500278,5.571627002440098e-83,37044571.5,27.075775434834082,1.8995799743648514e-161,0.981513967760505,0.47512999422345237,GCST90200828,cancerType_celltype,HNSC_Epi_HNSC,tissue,Tumor,Adjacent,group1_higher,3.6686606784182867e-82,2.7840080699562284e-160
45289,1109,-0.39780540129483605,0.6143914142496815,-0.6095001697540283,0.520173966884613,1.4436083620096263,1.121573947282564,-1.0121968155445176,-1.1296741366386414,,-0.3559369493643621,0.6270939121114338,-29.462366637106697,-29.462366637106697,5.415552746401791e-144,13188467.0,-27.05867128473494,3.0199033503617722e-161,-0.7044999280948,-0.47482984788942173,GCST90200567,cancerType_celltype,HNSC_Epi_HNSC,tissue,Tumor,Adjacent,group2_higher,1.677590543942191e-142,4.3788598580245694e-160
45289,1109,0.2590221014173398,-0.23641559206932067,0.2501886785030365,-0.4096730351448059,0.598487991000828,0.7965689267651763,0.49543769348666045,0.6598617136478424,,0.38580845315684403,0.1317494833092498,20.57076215680879,20.57076215680879,3.326142784269102e-80,37011888.5,27.001610932321288,1.4149501470334554e-160,0.8202935579522376,0.473828543790932,GCST90200069,cancerType_celltype,HNSC_Epi_HNSC,tissue,Tumor,Adjacent,group1_higher,2.0238984888208864e-79,2.0300811056911577e-159
45289,1109,0.24246644489781616,-0.3546596434774281,0.2563385367393493,-0.4983774125576019,0.614272694737915,0.9763814699373592,0.5971260883752443,0.7547159492969512,,0.3992186653666519,-0.5486481883749462,20.268321780992366,20.268321780992366,3.777528461405933e-78,37006804.0,26.990073147753584,1.932844440550667e-160,0.9548380256849969,0.4736260769205667,GCST90200813,cancerType_celltype,HNSC_Epi_HNSC,tissue,Tumor,Adjacent,group1_higher,2.1633492827295324e-77,2.7442364296568325e-159
45289,1109,0.21903150245871703,-0.2313961979872238,0.251163512468338,-0.3870028555393219,0.5337151903048241,0.8584334006029624,0.4504277004459408,0.6381663680076599,,0.3478508583194161,-0.07922642609103295,17.39155886123184,17.39155886123184,3.2998524074869834e-60,36998240.0,26.97063965635073,3.2675273636520597e-160,0.8283958164395273,0.47328505493653505,GCST90199952,cancerType_celltype,HNSC_Epi_HNSC,tissue,Tumor,Adjacent,group1_higher,1.3189732643415715e-59,4.591381233667791e-159
45289,1109,0.2641167743810812,-0.23677365872742334,0.2584003508090973,-0.3722888529300689,0.5151157238615613,0.7100433392313737,0.5008904331085046,0.6306892037391663,,0.4070214910267439,0.15766671211739902,23.342264319486503,23.342264319486503,9.117597002491609e-99,36976841.5,26.922082023727654,1.2113033940216373e-159,0.9620996103996714,0.47243295791116147,GCST90200937,cancerType_celltype,HNSC_Epi_HNSC,tissue,Tumor,Adjacent,group1_higher,9.559449780304664e-98,1.6847005367872364e-158
45289,1109,-0.3211356029280686,0.5587897913946582,-0.3987260162830353,0.5170900821685791,1.0343955908230587,1.0077643213018168,-0.8799253943227268,-0.9158160984516144,,-0.3241434828345844,0.7991211341987297,-28.709234955928416,-28.709234955928416,1.5425699310322903e-137,13262530.0,-26.890606983734273,2.8284865737411585e-159,-0.851182990926313,-0.4718806289259315,GCST90200400,cancerType_celltype,HNSC_Epi_HNSC,tissue,Tumor,Adjacent,group2_higher,4.1225937568568856e-136,3.8941688888981805e-158
45289,1109,0.2923028394496766,-0.12323499675237592,0.2935287654399872,-0.3029386699199676,0.4445436669149247,0.6934230554742247,0.41553783620205254,0.5964674353599548,,0.32071275485394657,1.2460450560931968,19.856542105047954,19.856542105047954,1.6655747463624807e-75,36949232.5,26.85943147910581,6.545258326992599e-159,0.9191545496748672,0.4713335562347103,GCST90200929,cancerType_celltype,HNSC_Epi_HNSC,tissue,Tumor,Adjacent,group1_higher,9.191005584178386e-75,8.921187099690912e-158
45289,1109,0.38713764541691253,-0.15908947802372406,0.4191307723522186,-0.325110912322998,0.5508413426758813,0.8906614964123651,0.5462271234406366,0.7442416846752166,,0.36826843752689187,1.283002840022497,20.328342231034203,20.328342231034203,1.56881914354568e-78,36880424.0,26.703290727915547,4.3104677245521957e-157,0.9730433006601406,0.4685935736111422,GCST90200261,cancerType_celltype,HNSC_Epi_HNSC,tissue,Tumor,Adjacent,group1_higher,9.177255333273657e-78,5.816997533232319e-156
45289,1109,0.4365234893216105,-0.10050691570553906,0.4424631595611572,-0.2365425378084182,0.6252989947477062,0.8018039741590992,0.5370304050271496,0.6790056973695754,,0.3344721050948509,2.1187534640369208,22.140445054839113,22.140445054839113,1.1928481112750977e-90,36857989.5,26.65238219651931,1.6794959009829274e-156,0.8523064670693532,0.4677002226418807,GCST90200821,cancerType_celltype,HNSC_Epi_HNSC,tissue,Tumor,Adjacent,group1_higher,9.620425891526379e-90,2.244267561803657e-155
45289,1109,0.6614206352846005,-0.058298680709836195,0.6808779835700989,-0.2278877198696136,0.8562696393977792,1.0260200878510322,0.7197193159944367,0.9087657034397125,,0.35852501662097525,3.504010349909981,23.163323792531013,23.163323792531013,1.1292170381288222e-97,36852428.5,26.63976313466839,2.351878498017856e-156,0.8361888811458948,0.4674787813465515,GCST90200958,cancerType_celltype,HNSC_Epi_HNSC,tissue,Tumor,Adjacent,group1_higher,1.1234473160361933e-96,3.112243099804212e-155
45289,1109,-0.8794476608175777,0.06041713211264686,-0.9452269673347472,-0.0109330294653773,1.1512678849131814,1.0512104256591552,-0.9398647929302246,-0.9342939378693699,,-0.33623547521443836,-3.8635458730911383,-29.346453370844216,-29.346453370844216,1.967105364626085e-142,13391228.0,-26.59856454135165,7.052835927410094e-156,-0.8179993060022835,-0.4667558219080782,GCST90199963,cancerType_celltype,HNSC_Epi_HNSC,tissue,Tumor,Adjacent,group2_higher,5.958143582189675e-141,9.243284008711499e-155
45289,1109,0.1469338743506194,-0.3606930783028337,0.1588317900896072,-0.5004777312278748,0.5100885016031752,0.8571186298856173,0.5076269526534531,0.659309521317482,,0.3694531296318084,-1.2955988839629755,19.637871103203494,19.637871103203494,4.427139763330372e-74,36833823.0,26.597543398062147,7.247296498433876e-156,0.9741882661733241,0.4667379027239569,GCST90199918,cancerType_celltype,HNSC_Epi_HNSC,tissue,Tumor,Adjacent,group1_higher,2.3298036669572576e-73,9.407681073681306e-155
45289,1109,0.185395043806431,-0.2816287792775158,0.1761853098869323,-0.4312097728252411,0.550790489535646,0.8573635232524405,0.46702382308394674,0.6073950827121734,,0.3427339940891059,-0.6031894328972742,18.04913187225284,18.04913187225284,3.447661916539904e-64,36800158.0,26.521150533970935,5.528166017560449e-155,0.8338650258991134,0.4653973486496432,GCST90200520,cancerType_celltype,HNSC_Epi_HNSC,tissue,Tumor,Adjacent,group1_higher,1.5109849492745624e-63,7.108387058429142e-154
45289,1109,-0.8499536902041044,0.5613322586459494,-0.919634997844696,0.3364091217517853,1.5370664479581033,1.6572044840442584,-1.4112859488500538,-1.2560441195964813,,-0.3466618008569106,-0.5985283948000386,-28.065829879306396,-28.065829879306396,1.412538702376899e-132,13460366.0,-26.44167608635274,4.5487809499877994e-154,-0.9163928201180235,-0.46400271845969243,GCST90200780,cancerType_celltype,HNSC_Epi_HNSC,tissue,Tumor,Adjacent,group2_higher,3.2632038158300227e-131,5.794381714797543e-153
45289,1109,0.3987956575397047,-0.15520509888461687,0.4313001334667206,-0.3712696731090545,0.6436631888899624,0.8300958702591529,0.5540007564243216,0.8025698065757751,,0.38340442768254857,1.361468068126039,22.06348446002346,22.06348446002346,3.977612095729077e-90,36754410.0,26.41733883795297,8.662461787551107e-154,0.8539639457958063,0.4635756445714698,GCST90199929,cancerType_celltype,HNSC_Epi_HNSC,tissue,Tumor,Adjacent,group1_higher,3.1520263293481e-89,1.0932347607807555e-152
45289,1109,0.33527944234967355,-0.4243613049033962,0.318194717168808,-0.6005235314369202,0.9225450391674928,0.9686729797323268,0.7596407472530697,0.9187182486057281,,0.35347805804385624,-0.3399281807757805,25.83013388108749,25.83013388108749,1.5198415149670725e-116,36752027.0,26.411931316933234,9.994558307241388e-154,0.822412635331959,0.4634807525364455,GCST90200987,cancerType_celltype,HNSC_Epi_HNSC,tissue,Tumor,Adjacent,group1_higher,2.4661237915477616e-115,1.24977825438257e-152
45289,1109,0.04778722555121085,-0.3389634769223043,0.0281969625502824,-0.5515873432159424,0.5383627811930083,0.8582423852134556,0.3867507024735151,0.5797843057662248,,0.3387893376299007,-2.8264069842916557,14.934979970914402,14.934979970914402,3.656052161169544e-46,36745271.0,26.39660055234686,1.499050958803452e-153,0.7055152922552188,0.4632117258521722,GCST90200033,cancerType_celltype,HNSC_Epi_HNSC,tissue,Tumor,Adjacent,group1_higher,1.0976209461837197e-45,1.8574604153173683e-152
45289,1109,0.510285829797897,-0.16434459509542154,0.4921976327896118,-0.3811559081077575,0.8614360224782404,0.9634301102854453,0.6746304248933186,0.8733535408973694,,0.3689702323901966,1.6345756182711393,23.09412342320783,23.09412342320783,2.8043033212782457e-97,36734477.0,26.3721067286427,2.8634053288088806e-153,0.7808112925325934,0.46278190435571753,GCST90199910,cancerType_celltype,HNSC_Epi_HNSC,tissue,Tumor,Adjacent,group1_higher,2.7498312423757187e-96,3.516055372222076e-152
45289,1109,0.10838481483439742,-0.2619492568829325,0.0939451158046722,-0.3873734176158905,0.46012117370707234,0.7576680286217686,0.37033407171732996,0.4813185334205627,,0.3030122905948783,-1.2731169227519716,16.20422534290951,16.20422534290951,2.9916902043450116e-53,36671605.0,26.22943712664826,1.226998432636782e-151,0.7889009275534732,0.46027831559111765,GCST90199809,cancerType_celltype,HNSC_Epi_HNSC,tissue,Tumor,Adjacent,group1_higher,1.0219733705569552e-52,1.4932132711463693e-150
45289,1109,-1.2625624837614966,-0.09796142372855081,-1.3264315128326416,-0.1628713905811309,1.5458054369927403,1.190169042170239,-1.1646010600329457,-1.1635601222515106,,-0.3230134780288558,-3.6879836518805433,-31.9333706230793,-31.9333706230793,1.627546267177933e-162,13567492.0,-26.198584984061476,2.757991762177632e-151,-0.7570844669672644,-0.45973691730820165,GCST90200173,cancerType_celltype,HNSC_Epi_HNSC,tissue,Tumor,Adjacent,group2_higher,6.932329881761009e-161,3.326675019334613e-150
45289,1109,-0.38342430352742873,0.3439276915775676,-0.4492804408073425,0.2996142506599426,0.8056384642914981,0.8978214241671892,-0.7273519951049963,-0.7488946914672852,,-0.3377584735660049,-0.15683607355989168,-26.71656555444672,-26.71656555444672,9.087141875438352e-123,13570417.0,-26.191947552679718,3.282563648430603e-151,-0.9002298763190804,-0.45962044261141366,GCST90200217,cancerType_celltype,HNSC_Epi_HNSC,tissue,Tumor,Adjacent,group2_higher,1.7814398118937155e-121,3.924679169132378e-150
45289,1109,-0.4154864749530557,0.38650524904613437,-0.4582570791244507,0.2785860598087311,1.004832375775377,0.9105042405191368,-0.80199172399919,-0.7368431389331818,,-0.2860458645523982,-0.10431324711347705,-28.90495098933212,-28.90495098933212,3.2528855558763643e-139,13602784.5,-26.118498985073234,2.2476905270186052e-150,-0.7998456365179907,-0.45833155551798277,GCST90199958,cancerType_celltype,HNSC_Epi_HNSC,tissue,Tumor,Adjacent,group2_higher,9.048332678896907e-138,2.664001902892486e-149
45289,1109,1.721435744862654,0.15080930394125974,1.3824743032455444,-0.0293140411376953,2.165858630917401,1.1511463539256916,1.5706264409213944,1.4117883443832397,,0.4652575152045767,3.5128062616884907,43.58695586648628,43.58695586648628,4.4184421598614e-257,36618907.5,26.109855574429435,2.8177785503513107e-150,0.7314689533798093,0.4581798795794989,GCST90199662,cancerType_celltype,HNSC_Epi_HNSC,tissue,Tumor,Adjacent,group1_higher,3.011168331945544e-254,3.31088979666279e-149
45289,1109,0.027264351339653978,-0.3901248529739321,0.0266710687428712,-0.5458998680114746,0.538831650189684,0.72973086036146,0.4173892043135861,0.5725709367543458,,0.3417581793604271,-3.8387989552967197,18.921879990393744,18.921879990393744,1.222930054867787e-69,36615457.0,26.102025674606274,3.457876842719275e-150,0.767017474848204,0.45804247925769825,GCST90200743,cancerType_celltype,HNSC_Epi_HNSC,tissue,Tumor,Adjacent,group1_higher,5.931863575746597e-69,4.028278749253309e-149
45289,1109,-0.9769272178035012,-0.1706831927271224,-1.0357344150543213,-0.166255921125412,1.0256891310944136,0.892298043283634,-0.8062440250763788,-0.8694784939289093,,-0.3131785024107468,-2.516923105740778,-29.61472248281631,-29.61472248281631,1.3345927568461737e-144,13623415.5,-26.071682969060586,7.63971443301864e-150,-0.788343600614338,-0.45751002065663815,GCST90200985,cancerType_celltype,HNSC_Epi_HNSC,tissue,Tumor,Adjacent,group2_higher,4.230348668793802e-143,8.824517603563056e-149
45289,1109,0.3240461178558947,-0.1434422873907006,0.3280264735221863,-0.1999607235193252,0.47550306761939154,0.6653892041562757,0.4674884052465953,0.5279871970415115,,0.37495703991212287,1.1757231455216974,23.25210176735984,23.25210176735984,3.898990135557046e-98,36591885.0,26.04853591989491,1.3977661580236382e-149,0.9720862316587999,0.457103832573019,GCST90200624,cancerType_celltype,HNSC_Epi_HNSC,tissue,Tumor,Adjacent,group1_higher,3.9659131005703386e-97,1.6009708179716125e-148
45289,1109,-0.7271142749299483,0.13105131808482284,-0.8065447807312012,0.0395949706435203,0.9867968882201246,1.0589249842077175,-0.8581655930147711,-0.8461397513747215,,-0.333333021431467,-2.4720412307002553,-26.70560779956122,-26.70560779956122,9.148993898206902e-123,13653946.0,-26.00240293528257,4.651897973959139e-149,-0.8680784010599897,-0.45629428365483105,GCST90200214,cancerType_celltype,HNSC_Epi_HNSC,tissue,Tumor,Adjacent,group2_higher,1.7814398118937155e-121,5.283780782088589e-148
45289,1109,-0.7311768543629112,0.12513065584674915,-0.7466239929199219,0.0569933429360389,0.9819990654158022,1.0009587534876385,-0.8563075102096604,-0.8036173358559607,,-0.2894785212641347,-2.5467755661234355,-28.159239826383814,-28.159239826383814,2.137083303297184e-133,13671086.5,-25.963507587385486,1.2799215723492269e-148,-0.8715987396939592,-0.45561174193165344,GCST90200109,cancerType_celltype,HNSC_Epi_HNSC,tissue,Tumor,Adjacent,group2_higher,5.1102535831474773e-132,1.4417628951338811e-147
45289,1109,-0.7159567504831026,0.0773325165655175,-0.7871999740600586,-0.0133382631465792,0.9470460772678484,0.9432242459295846,-0.7932892670486201,-0.7738617109134794,,-0.34370923549128535,-3.2107087319312937,-27.668587553150658,-27.668587553150658,6.812053540830435e-130,13675268.0,-25.95401889701871,1.6380031572682e-148,-0.8377264794743623,-0.455445232890758,GCST90200671,cancerType_celltype,HNSC_Epi_HNSC,tissue,Tumor,Adjacent,group2_higher,1.4737823771669657e-128,1.829998609308653e-147
45289,1109,0.1689614338519351,-0.2005072243828066,0.1618111282587051,-0.342176079750061,0.43722025810543963,0.6587230534339382,0.36946865823474173,0.5039872080087661,,0.3639768760794293,-0.24695889236447155,18.57849431695398,18.57849431695398,1.862811819085961e-67,36538243.0,25.92681110137179,3.321130229139001e-148,0.8325107266305966,0.45496778618495015,GCST90200920,cancerType_celltype,HNSC_Epi_HNSC,tissue,Tumor,Adjacent,group1_higher,8.63609697079648e-67,3.6802443108263895e-147
45289,1109,-0.3576934948086937,0.4237326980892626,-0.4347216784954071,0.3414616584777832,0.8241007938167577,0.9979099238274095,-0.7814261928979563,-0.7761833369731903,,-0.35351930238477014,0.24442995153189448,-25.862230702411296,-25.862230702411296,1.5793262764633836e-116,13689840.0,-25.920952008097363,3.8667754109467065e-148,-0.9429808751436111,-0.45486496988850345,GCST90200621,cancerType_celltype,HNSC_Epi_HNSC,tissue,Tumor,Adjacent,group2_higher,2.532496135081873e-115,4.2503345847744846e-147
45289,1109,0.4820101755565397,-0.1273219972183152,0.4816054999828338,-0.3488494157791137,0.7132076776072669,0.843119197399796,0.6093321727748549,0.8304549157619475,,0.4432122248329116,1.9205735721853414,23.859367210935044,23.859367210935044,1.7111677940733235e-102,36497506.0,25.83437040318424,3.6462566614791195e-147,0.8503281853606741,0.4533456221770691,GCST90200746,cancerType_celltype,HNSC_Epi_HNSC,tissue,Tumor,Adjacent,group1_higher,1.9934373532666153e-101,3.9758782636768317e-146
45289,1109,-0.5322539124589029,0.495881919290558,-0.5632128715515137,0.4107542932033539,1.1856195912400258,1.2163930776000098,-1.0281358317494609,-0.9739671647548676,,-0.3004519170510355,-0.10211782761424391,-27.82585460409543,-27.82585460409543,5.877732221072622e-131,13744104.5,-25.797814608023767,9.38244704239633e-147,-0.8666277786232375,-0.4527041352957335,GCST90200007,cancerType_celltype,HNSC_Epi_HNSC,tissue,Tumor,Adjacent,group2_higher,1.2921530673099975e-129,1.0149424856179522e-145
45289,1109,0.3019391763492665,-0.19315422611643634,0.3291924893856048,-0.3129596412181854,0.49918156188315815,0.7961226281182444,0.4950934024657028,0.6421521306037903,,0.35175162259240234,0.6445020230649597,20.610685777888676,20.610685777888676,2.2639327509370325e-80,36471154.0,25.77457225215107,1.7099874490875384e-146,0.9740203493525201,0.45229627475492973,GCST90200878,cancerType_celltype,HNSC_Epi_HNSC,tissue,Tumor,Adjacent,group1_higher,1.389973125913142e-79,1.8352070024459172e-145
45289,1109,0.23803831266877984,-0.22648138702889892,0.2449487000703811,-0.4638028144836426,0.4668096650539107,0.8634629153357358,0.46451969969767876,0.7087515145540237,,0.3682449512066553,0.07180099734888608,17.851619919981808,17.851619919981808,6.034120912246344e-63,36441444.0,25.707154102970915,9.723042392816616e-146,0.9675133332954166,0.4511132103988371,GCST90200591,cancerType_celltype,HNSC_Epi_HNSC,tissue,Tumor,Adjacent,group1_higher,2.5462869360346027e-62,1.0353520922975818e-144
45289,1109,0.12154574441319206,-0.32967290208009753,0.0905607119202613,-0.4653522968292236,0.5184573901011723,0.7121362943350031,0.4512186464932896,0.5559130087494849,,0.36517551872641657,-1.4395284318978594,20.964740266327222,20.964740266327222,9.08978232295332e-83,36405694.5,25.626031076242004,7.824158496931988e-145,0.8612392479361234,0.4496896506816328,GCST90200896,cancerType_celltype,HNSC_Epi_HNSC,tissue,Tumor,Adjacent,group1_higher,5.927929811571951e-82,8.266920954510309e-144
45289,1109,0.28520823415603724,-0.19480398349534062,0.2475774139165878,-0.2994328141212463,0.6273207514848016,0.5970789978009811,0.48001221765137786,0.5470102280378341,,0.4101621464120292,0.549990107480617,26.417674991010916,26.417674991010916,5.696299300913993e-121,36383791.5,25.57632862853103,2.7982882119455004e-144,0.766039429696802,0.4488174642598388,GCST90199913,cancerType_celltype,HNSC_Epi_HNSC,tissue,Tumor,Adjacent,group1_higher,1.0491967496142935e-119,2.933897563755167e-143
45289,1109,-0.7046186572415615,-0.04699671146531469,-0.7839044332504272,-0.1490965336561203,0.7810051869823506,0.8237781714246504,-0.6576219457762468,-0.634807899594307,,-0.3360639977773395,-3.906182311056325,-26.296875686663444,-26.296875686663444,7.190144794230325e-120,13854598.0,-25.547081950116073,5.916490799371091e-144,-0.8408907865924916,-0.44830423891640225,GCST90200056,cancerType_celltype,HNSC_Epi_HNSC,tissue,Tumor,Adjacent,group2_higher,1.2894957045442016e-118,6.15586027446015e-143
45289,1109,-0.5154458867239209,0.2564894281478046,-0.6093392372131348,0.2368554472923278,1.0148125622061672,0.9357427773100062,-0.7719353148717255,-0.8461946845054625,,-0.3164606438138905,-1.0069187878535355,-27.084738754961403,-27.084738754961403,7.137419065305137e-126,13872096.5,-25.507374226002003,1.6328668318051943e-143,-0.7620317928267103,-0.4476074414867459,GCST90200629,cancerType_celltype,HNSC_Epi_HNSC,tissue,Tumor,Adjacent,group2_higher,1.4739851796986213e-124,1.6860587058715758e-142
45289,1109,0.37463157846733336,-0.07223844591560089,0.3983186185359955,-0.1397006213665008,0.5293324301457811,0.7536748704387554,0.4468700243829342,0.5380192399024963,,0.3334872324104488,2.3746176310617937,19.627083683583106,19.627083683583106,4.464993649860196e-74,36333779.0,25.462839897939563,5.088796994612283e-143,0.8340456848594855,0.44682594604681003,GCST90199928,cancerType_celltype,HNSC_Epi_HNSC,tissue,Tumor,Adjacent,group1_higher,2.3406870556767104e-73,5.21506037868913e-142
45289,1109,0.19807193500124276,-0.2404720217986868,0.2462015002965927,-0.3507132232189178,0.414936691361443,0.7073837836131821,0.4385439567999295,0.5969147235155106,,0.4151493882642364,-0.27984328835391636,20.558996319152786,20.558996319152786,5.2294615333649555e-80,36326699.0,25.44677391018475,7.664714600168966e-143,1.0336270522838158,0.4465440175499693,GCST90199921,cancerType_celltype,HNSC_Epi_HNSC,tissue,Tumor,Adjacent,group1_higher,3.1538743672462103e-79,7.796273134350971e-142
45289,1109,0.3266521104868975,-0.14438022831353575,0.3420463502407074,-0.3189245462417602,0.6208368380540766,0.7931468489499991,0.47103233880043327,0.6609708964824677,,0.33778901076670476,1.1778761947596774,19.630400906144665,19.630400906144665,3.7429096046759465e-74,36281432.0,25.344053702882892,1.0450989156493974e-141,0.753042882898776,0.44474146708860096,GCST90200626,cancerType_celltype,HNSC_Epi_HNSC,tissue,Tumor,Adjacent,group1_higher,1.9773588337881065e-73,1.0551628311334286e-140
45289,1109,-0.02143675843768242,-0.4006731872045916,-0.032409057021141,-0.598374605178833,0.4870882509825358,0.8457377831430829,0.3792364287669092,0.565965548157692,,0.31924674303803796,-4.224203600873559,14.87248237196226,14.87248237196226,8.199194669846776e-46,36273131.5,25.325218147606222,1.6854702802286218e-141,0.7604974489959735,0.4444109377823826,GCST90200068,cancerType_celltype,HNSC_Epi_HNSC,tissue,Tumor,Adjacent,group1_higher,2.4400660120089858e-45,1.6891882293761849e-140
45289,1109,0.25209987980141896,-0.218135750331753,0.2597788870334625,-0.4518218636512756,0.541114912626642,0.8388591241518617,0.47023563013317193,0.7116007506847382,,0.37908178030341527,0.2087683062346682,18.573378724997713,18.573378724997713,2.0483205103082758e-67,36266506.5,25.310184649177458,2.4676102829962508e-141,0.8548075782948676,0.44414712757170904,GCST90200906,cancerType_celltype,HNSC_Epi_HNSC,tissue,Tumor,Adjacent,group1_higher,9.463935103559931e-67,2.4550020552729126e-140
45289,1109,-0.7290583513540752,0.17238942228324944,-0.7922821044921875,0.0856625065207481,1.1892499703941073,1.0211282378708384,-0.9014477736373245,-0.8779446110129356,,-0.31068652047675044,-2.0803566434430465,-28.922169185082513,-28.922169185082513,1.5185512568421575e-139,13981465.0,-25.25919442631806,8.975803592972426e-141,-0.7603862947775825,-0.44325234306771777,GCST90200358,cancerType_celltype,HNSC_Epi_HNSC,tissue,Tumor,Adjacent,group2_higher,4.403798644842257e-138,8.86523209943581e-140
45289,1109,0.11816807978894298,-0.3319105920833229,0.0654474794864654,-0.5695320963859558,0.663165789291861,0.9006955482737126,0.4500786718722659,0.6349795758724213,,0.34902859176017104,-1.48994642851281,16.53151195598397,16.53151195598397,3.496958723340512e-55,36224998.0,25.215993257550245,2.674994492975109e-140,0.6719389157655101,0.44249424211816235,GCST90199927,cancerType_celltype,HNSC_Epi_HNSC,tissue,Tumor,Adjacent,group1_higher,1.2380142181592515e-54,2.62303416829142e-139
45289,1109,1.5811120683728157,0.16880121328964548,1.3198609352111816,0.076311856508255,2.0131531705647965,1.1202915678181526,1.4123108550831702,1.2435490787029266,,0.40163963881934706,3.22753481570968,40.41471429812748,40.41471429812748,2.053213278048436e-231,36219445.5,25.20339348396146,3.676944005980205e-140,0.707396936994771,0.44227313929631085,GCST90200450,cancerType_celltype,HNSC_Epi_HNSC,tissue,Tumor,Adjacent,group1_higher,5.5970593959600375e-229,3.5797676286793e-139
45289,1109,0.21810163491627804,-0.22325484005194132,0.2112779319286346,-0.4168292284011841,0.5532212441340186,0.8439518580284848,0.4413564749682194,0.6281071603298187,,0.3206398926849622,-0.03369071526503082,17.324659206219156,17.324659206219156,8.028201694731936e-60,36205076.0,25.17078610952039,8.370029109486293e-140,0.7854432467335647,0.44170093992691073,GCST90199915,cancerType_celltype,HNSC_Epi_HNSC,tissue,Tumor,Adjacent,group1_higher,3.17172142316511e-59,8.091028139170083e-139
45289,1109,0.4849734339468315,-0.2151552064355204,0.4832247197628021,-0.2999548614025116,0.832915683891836,1.1240524404237326,0.7001286403823519,0.7831795811653137,,0.3716332574949981,1.172524238640296,20.604254512431854,20.604254512431854,2.049205757414197e-80,36201759.5,25.163260283476767,1.0118425722154078e-139,0.8324519605411593,0.4415688755399374,GCST90200666,cancerType_celltype,HNSC_Epi_HNSC,tissue,Tumor,Adjacent,group1_higher,1.2638314241427831e-79,9.712263562884513e-139
45289,1109,0.1776054134638411,-0.2959779242396471,0.1976629495620727,-0.3893530964851379,0.5409346338867371,0.7340107399530713,0.47358333770348815,0.5870160460472106,,0.36710296701671186,-0.7368107704505447,21.344743267151323,21.344743267151323,2.7535288920772185e-85,36178761.0,25.111071919157688,3.764858003160017e-139,0.8668267075634069,0.4406530658599104,GCST90200222,cancerType_celltype,HNSC_Epi_HNSC,tissue,Tumor,Adjacent,group1_higher,1.9445906113477973e-84,3.5884625582567154e-138
45289,1109,-0.9998696315588379,-0.1210411109555218,-1.0749093294143677,-0.1845989227294922,1.1582703790535172,1.0088647476913062,-0.8788285206033161,-0.8903104066848755,,-0.3167207937005321,-3.046232390342185,-28.552152107300337,-28.552152107300337,9.08558006343777e-137,14048013.5,-25.1081820836484,4.0486664699111665e-139,-0.7609381505284402,-0.44060235456884744,GCST90200884,cancerType_celltype,HNSC_Epi_HNSC,tissue,Tumor,Adjacent,group2_higher,2.3814703127818616e-135,3.832175276728417e-138
45289,1109,-0.45745954389065707,0.4031995806198087,-0.5056453347206116,0.3591355681419372,0.9582689896303931,1.1242238285395338,-0.8606591245104658,-0.8647809028625488,,-0.3133681940066033,-0.18214959952241527,-25.270555774802528,-25.270555774802528,2.196434446131208e-112,14057692.0,-25.08621956069855,7.031905532223327e-139,-0.8941302047312312,-0.4402169527388089,GCST90200343,cancerType_celltype,HNSC_Epi_HNSC,tissue,Tumor,Adjacent,group2_higher,3.1184793229967045e-111,6.609991200289927e-138
45289,1109,0.21020838553258908,-0.174828283519009,0.1890325546264648,-0.33560711145401,0.5331652462984176,0.7091416590139897,0.38503666905159806,0.5246396660804749,,0.33544643827401577,0.2658802315869234,17.957659910881148,17.957659910881148,1.102236700678642e-63,36158564.0,25.06524073911758,1.1909673272474298e-138,0.7156295646870913,0.43984881305614065,GCST90200595,cancerType_celltype,HNSC_Epi_HNSC,tissue,Tumor,Adjacent,group1_higher,4.739270104179776e-63,1.111841415779621e-137
45289,1109,0.19309385652829764,-0.2816931839723298,0.1740368455648422,-0.3835005462169647,0.6088126336793838,0.608741785815914,0.4747870405006274,0.557537391781807,,0.37678180722849847,-0.5448200415675687,25.661204784215002,25.661204784215002,1.9327648804059043e-115,36149115.0,25.04379899924537,2.039758520093116e-138,0.7798595719589276,0.43947255001000385,GCST90199719,cancerType_celltype,HNSC_Epi_HNSC,tissue,Tumor,Adjacent,group1_higher,2.9599534067339857e-114,1.8912863012836168e-137
45289,1109,-0.4576419463456343,0.250106032120391,-0.5061637163162231,0.2079309970140457,0.9345770671699729,0.9067209741117646,-0.7077479784660253,-0.7140947133302689,,-0.26462042291733395,-0.8716768229953339,-25.66220206794174,-25.66220206794174,1.6352379613256679e-115,14078308.0,-25.03943758279555,2.2755504178199816e-138,-0.7578238332515044,-0.4393960151836016,GCST90200183,cancerType_celltype,HNSC_Epi_HNSC,tissue,Tumor,Adjacent,group2_higher,2.5618728060768795e-114,2.0956589320869153e-137
45289,1109,0.7403288941178258,0.008675522975738238,0.7582651376724243,-0.1235563680529594,0.8994399640099514,1.032087744013024,0.7316533711420875,0.8818215057253838,,0.35447736175761835,6.4149074609817305,23.391241324897408,23.391241324897408,2.7205782834020568e-99,36134478.5,25.01058574645253,4.689794386138254e-138,0.8103954815092974,0.4388897185913585,GCST90200355,cancerType_celltype,HNSC_Epi_HNSC,tissue,Tumor,Adjacent,group1_higher,2.896990781466409e-98,4.2900602337627113e-137
45289,1109,0.5551764474789672,-0.016683825709591673,0.5545613765716553,-0.1259200572967529,0.712840585178049,0.7552224715555304,0.5718602731885589,0.6804814338684082,,0.3361328117601735,5.0563404424244744,24.94562910570125,24.94562910570125,2.961486231116093e-110,36095795.0,24.92280486547607,4.2118702472299966e-137,0.801057083701039,0.437349325793684,GCST90199828,cancerType_celltype,HNSC_Epi_HNSC,tissue,Tumor,Adjacent,group1_higher,4.036505733011235e-109,3.82718609798299e-136
45289,1109,0.0036790522267601835,-0.34042105120980426,-0.0058161769993603,-0.4870902597904205,0.4619588870677523,0.821395575299274,0.34410010343656444,0.48127408279106015,,0.29798014571859754,-6.531454441027373,13.897056298281319,13.897056298281319,1.2235710161324954e-40,36072118.5,24.869077978600814,1.6081013762584662e-136,0.7263600836572671,0.43640651787624773,GCST90199725,cancerType_celltype,HNSC_Epi_HNSC,tissue,Tumor,Adjacent,group1_higher,3.3024302871061214e-40,1.4515511098280063e-135
45289,1109,0.45848628525349405,-0.03252980913728605,0.4647466540336609,-0.1470930278301239,0.6090764274412885,0.7200165191859912,0.4910160943907801,0.6118396818637848,,0.36276676334980495,3.8170031136043514,22.51370739321637,22.51370739321637,2.988497414776012e-93,36053950.0,24.827849885589043,4.486903404235116e-136,0.8023659433663314,0.43568304077245545,GCST90200932,cancerType_celltype,HNSC_Epi_HNSC,tissue,Tumor,Adjacent,group1_higher,2.6450142703504576e-92,4.023453513139779e-135
45289,1109,0.42084095246048414,-0.06283666676509121,0.4423405230045318,-0.1545057594776153,0.594356417165377,0.6674694876337788,0.48367761922557534,0.5968462824821471,,0.3201305889425274,2.743577011889627,23.900915064109554,23.900915064109554,7.557669511348025e-103,36036436.0,24.78810698876167,1.2045613130412603e-135,0.8112579099192837,0.4349856261264571,GCST90199965,cancerType_celltype,HNSC_Epi_HNSC,tissue,Tumor,Adjacent,group1_higher,8.880261675833929e-102,1.0730830520753187e-134
45289,1109,0.4281409977930695,-0.18482956899829903,0.3739081621170044,-0.3295512497425079,0.8203736888178423,0.9477091247546143,0.6129705667913685,0.7034594118595123,,0.34067308422737885,1.2118859781538247,21.344304798884117,21.344304798884117,2.0783250566796788e-85,36024421.5,24.76084359753565,2.3694278977135146e-135,0.7442177444257837,0.4345072038206248,GCST90200725,cancerType_celltype,HNSC_Epi_HNSC,tissue,Tumor,Adjacent,group1_higher,1.483118875525865e-84,2.0970975484308573e-134
45289,1109,-0.3792270490078728,1.4647163118481825,-0.525198757648468,0.658496081829071,1.6284215729304177,2.7268151112174226,-1.8439433608560554,-1.183694839477539,,-0.43185418528144814,1.94948467365395,-22.42175246964848,-22.42175246964848,2.2693096672957857e-92,14202775.0,-24.756996156541543,2.6066396590708684e-135,-1.1087190679740049,-0.43443968831689705,GCST90199686,cancerType_celltype,HNSC_Epi_HNSC,tissue,Tumor,Adjacent,group2_higher,1.9331681728275974e-91,2.292161196976512e-134
45289,1109,-0.618957593325915,0.3963249052993469,-0.6515880227088928,0.31220543384552,1.312124298517777,1.1749428955094572,-1.015282498625262,-0.9637934565544128,,-0.31215240164741,-0.6431556300577983,-28.346777242345638,-28.346777242345638,3.669414773778876e-135,14213945.0,-24.73164911088882,4.8855330080824165e-135,-0.7756075248537775,-0.433994894346599,GCST90200898,cancerType_celltype,HNSC_Epi_HNSC,tissue,Tumor,Adjacent,group2_higher,9.09347697574656e-134,4.2685778782155983e-134
45289,1109,0.17847493437717388,-0.2895889116368845,0.1856095790863037,-0.4587557315826416,0.505777479166591,0.83116499364313,0.46806384601405837,0.6443653106689453,,0.3669664124433014,-0.6982817895785407,18.669106623607924,18.669106623607924,5.437512967542907e-68,35990881.0,24.684733249754533,1.5601655525505932e-134,0.9071961630332378,0.43317160738725136,GCST90199941,cancerType_celltype,HNSC_Epi_HNSC,tissue,Tumor,Adjacent,group1_higher,2.5381267721784185e-67,1.3544621962588909e-133
45289,1109,-0.8229886696767461,0.20075885377373132,-0.9243744611740112,-0.0964672267436981,1.211187449327002,1.3888548265846719,-1.0237475234504774,-0.8279072344303131,,-0.34444406283111156,-2.0354035213741426,-24.321763563737974,-24.321763563737974,9.42877000841755e-106,14298545.0,-24.53967417246266,5.575069284914806e-133,-0.8420824942886236,-0.43062608773180777,GCST90200580,cancerType_celltype,HNSC_Epi_HNSC,tissue,Tumor,Adjacent,group2_higher,1.1683103201339201e-104,4.8093793894549874e-132
45289,1109,1.6126547292439903,0.08513896918214851,1.480592966079712,-0.223768338561058,2.098283845552025,1.8008811438282377,1.5275157600618419,1.70436130464077,,0.32654453876058914,4.243458105784712,27.788508332227718,27.788508332227718,3.1664543473709104e-131,35926765.0,24.53924075386645,5.634780566572449e-133,0.7302837245582512,0.4306184820336585,GCST90200788,cancerType_celltype,HNSC_Epi_HNSC,tissue,Tumor,Adjacent,group1_higher,7.075208648305822e-130,4.8303181837976396e-132
45289,1109,0.47948642561552723,-0.11110468961815353,0.4709424674510956,-0.2103453576564788,0.7570904671657102,0.771773175397494,0.5905911152336808,0.6812878251075744,,0.3925031201723024,2.1095602839047918,25.18868133754838,25.18868133754838,4.815514533322079e-112,35905085.0,24.490044339385612,1.8859011440093107e-132,0.7797154400047175,0.42975517556310683,GCST90200945,cancerType_celltype,HNSC_Epi_HNSC,tissue,Tumor,Adjacent,group1_higher,6.766542586513395e-111,1.6065520370529314e-131
45289,1109,-0.9201741305637138,0.09756961144844735,-1.0187281370162964,0.0158869046717882,1.4234480936554625,1.2715452111291639,-1.0177437420121611,-1.0346150416880846,,-0.2551727460015509,-3.237389891069806,-26.254814115964084,-26.254814115964084,5.741187393978175e-120,14331387.0,-24.46514886598758,3.4722430548084674e-132,-0.7167159713602738,-0.42931830585423125,GCST90200123,cancerType_celltype,HNSC_Epi_HNSC,tissue,Tumor,Adjacent,group2_higher,1.043365122398967e-118,2.939544896710522e-131
45289,1109,0.12090018551257765,-0.27635399766545155,0.1257256865501403,-0.4322888851165771,0.5024875986786601,0.7530716101246296,0.3972541831780292,0.5580145716667174,,0.3486258639899392,-1.1926943116134883,17.472030962084695,17.472030962084695,1.0430987635605674e-60,35889124.5,24.453826656114327,4.5822841736163747e-132,0.779068439610119,0.429119621922736,GCST90199867,cancerType_celltype,HNSC_Epi_HNSC,tissue,Tumor,Adjacent,group1_higher,4.231379805753135e-60,3.855341560888345e-131
45289,1109,0.5491932010164159,-0.17115518262640703,0.5616568922996521,-0.3402760326862335,0.9890889930958918,0.990313564937683,0.7203483836428229,0.9019329249858856,,0.28500412795891616,1.6820029846839275,23.932892771361004,23.932892771361004,3.0233882926450597e-103,35886668.5,24.44825348296096,5.252450087052313e-132,0.7282732674705171,0.4290218229978433,GCST90200453,cancerType_celltype,HNSC_Epi_HNSC,tissue,Tumor,Adjacent,group1_higher,3.61480547620633e-102,4.3920794286210446e-131
45289,1109,-0.5155947051474264,0.1501833676613323,-0.5967210531234741,0.1137252002954483,0.9101617052524059,0.8480290382324808,-0.6657780728087588,-0.7104462534189224,,-0.2587039340938651,-1.779505592343819,-25.783643762164164,-25.783643762164164,1.7838267127634063e-116,14340419.5,-24.444652250959987,5.736669510841388e-132,-0.7326488301128931,-0.42895862800850904,GCST90200461,cancerType_celltype,HNSC_Epi_HNSC,tissue,Tumor,Adjacent,group2_higher,2.827157918019212e-115,4.767732038583421e-131
45289,1109,0.35439276418611615,-0.1496804984958466,0.3362409472465515,-0.3956092298030853,0.6828645243980047,0.879982631922283,0.5040732626819627,0.7318501770496368,,0.309315518311354,1.2434573119415777,18.93680756162912,18.93680756162912,9.340741514355316e-70,35862746.5,24.393969505691096,1.9817890474519172e-131,0.732419427618208,0.42806923916995876,GCST90200824,cancerType_celltype,HNSC_Epi_HNSC,tissue,Tumor,Adjacent,group1_higher,4.546939530023677e-69,1.6370778616224018e-130
45289,1109,0.9475240295231403,0.04941614562682505,0.912865161895752,-0.0709712207317352,1.2447585364413953,1.0698109923949672,0.8981078838963152,0.9838363826274872,,0.3071181537093362,4.261080466579182,27.504601243696165,27.504601243696165,3.7912409419767134e-129,35810188.0,24.27470337328836,3.627565274296388e-130,0.7237738676001416,0.42597633819521286,GCST90199631,cancerType_celltype,HNSC_Epi_HNSC,tissue,Tumor,Adjacent,group1_higher,8.074158443616031e-128,2.9785370294373355e-129
45289,1109,-0.41763801690509045,0.69487045057917,-0.5072348117828369,0.5030340552330017,1.447797408362152,1.3735686688340691,-1.1125084674842605,-1.0102688670158386,,-0.2784281283433178,0.7344896092055708,-26.612770864256863,-26.612770864256863,2.2004607919367303e-122,14427172.0,-24.24779284379905,6.9765195660039384e-130,-0.7693328347731552,-0.42550410796300464,GCST90200472,cancerType_celltype,HNSC_Epi_HNSC,tissue,Tumor,Adjacent,group2_higher,4.224264872408117e-121,5.6940096817145914e-129
45289,1109,0.11045784134292216,-0.3055991276626696,0.129703402519226,-0.407600462436676,0.5826244426585645,0.6341527186941891,0.41605696900559175,0.537303864955902,,0.31415752306959316,-1.4681362465876124,21.62629693095503,21.62629693095503,2.382868531393479e-87,35782385.0,24.21161260244838,1.678817532879137e-129,0.7125385523762597,0.42486921135938505,GCST90200326,cancerType_celltype,HNSC_Epi_HNSC,tissue,Tumor,Adjacent,group1_higher,1.8043610046051733e-86,1.3620406531632524e-128
45289,1109,0.38642423156411004,-0.13143059997968426,0.4372204840183258,-0.2834220826625824,0.5183229303071841,0.8582501598607948,0.5178548315437943,0.7206425666809082,,0.3621326765377341,1.5558771145375798,20.004565704619775,20.004565704619775,1.968650173485543e-76,35769193.5,24.181678354218487,3.4681835618827246e-129,0.9789446056887682,0.42434392043197344,GCST90200180,cancerType_celltype,HNSC_Epi_HNSC,tissue,Tumor,Adjacent,group1_higher,1.0907602383986972e-75,2.7971208253527537e-128
45289,1109,0.4008028268862863,-0.17716428558480724,0.3828417360782623,-0.3775532245635986,0.7997327722220838,0.9683504998887196,0.5779671124710936,0.7603949606418609,,0.33139183459372906,1.1778003388596654,19.71240082272055,19.71240082272055,1.0380274005726372e-74,35750283.5,24.138767643986352,9.797559491618565e-129,0.7187110035536179,0.4235909164947902,GCST90200449,cancerType_celltype,HNSC_Epi_HNSC,tissue,Tumor,Adjacent,group1_higher,5.614410107065494e-74,7.855337404162414e-128
45289,1109,0.8497778177866296,0.14397417632113416,0.788529098033905,0.0606313236057758,0.9179002930644808,0.8633915841821371,0.7058036414654955,0.7278977744281292,,0.3985597490353447,2.561267293568108,26.854285570082634,26.854285570082634,3.77373134631797e-124,35721027.0,24.07237858032128,4.867786332053761e-128,0.769993090058523,0.42242591069425073,GCST90200984,cancerType_celltype,HNSC_Epi_HNSC,tissue,Tumor,Adjacent,group1_higher,7.564111507399108e-123,3.87999577227443e-127
45289,1109,0.11617862776145924,-0.2592931158653384,0.1288607716560363,-0.4021173119544983,0.4235555868845712,0.6805233192020195,0.3754717436267976,0.5309780836105346,,0.36852906230984445,-1.158232355036848,18.287313724691497,18.287313724691497,1.2243583728131886e-65,35668536.0,23.953265619411972,8.544055143748658e-127,0.8701954992583503,0.4203356975971231,GCST90199879,cancerType_celltype,HNSC_Epi_HNSC,tissue,Tumor,Adjacent,group1_higher,5.453596281517569e-65,6.770666954028733e-126
45289,1109,-5.87025998065123e-05,-0.29803314044389484,0.0193733293563127,-0.4631904065608978,0.40309647609318033,0.6653934101627441,0.29797443784408834,0.4825637359172105,,0.3309532295250967,-12.28539622709871,14.846482400625256,14.846482400625256,1.1176627788163442e-45,35666338.0,23.94827790174459,9.630189917841116e-127,0.7244438921130483,0.4202481723377931,GCST90200297,cancerType_celltype,HNSC_Epi_HNSC,tissue,Tumor,Adjacent,group1_higher,3.304499712639213e-45,7.58725367515459e-126
45289,1109,-0.637784812719386,0.02904686184618471,-0.6849611401557922,-0.0347148440778255,0.9264785117314477,0.8409596486711082,-0.6668316745655707,-0.6502462960779667,,-0.25159405927094763,-4.456568126981277,-26.022385838329395,-26.022385838329395,2.9771504373907022e-118,14588295.5,-23.88217021978596,4.6929081979570315e-126,-0.7212668291577317,-0.41908810426798926,GCST90200418,cancerType_celltype,HNSC_Epi_HNSC,tissue,Tumor,Adjacent,group2_higher,5.202379546363496e-117,3.6761114217330077e-125
45289,1109,0.019702755600906976,-0.34936941600800636,0.0262960139662027,-0.4518023133277893,0.41303881061090497,0.6989536401500198,0.3690721716089133,0.478098327293992,,0.3144856636085529,-4.148214905435403,17.509741755470426,17.509741755470426,6.648535506789536e-61,35631574.0,23.869391178819683,6.370611163749526e-126,0.8743091499849874,0.41886385563381445,GCST90200921,cancerType_celltype,HNSC_Epi_HNSC,tissue,Tumor,Adjacent,group1_higher,2.721307476202444e-60,4.961796009251774e-125
45289,1109,-0.36029142707713874,0.4577080009421594,-0.4515435397624969,0.4244765639305115,1.0772094080285588,1.1971731804710453,-0.8179994280192981,-0.8760201036930084,,-0.2881185990931146,0.3452623347826293,-22.531953742639537,-22.531953742639537,1.9235829812853372e-93,14624480.5,-23.800058953273542,3.335169478928062e-125,-0.7572458939923453,-0.4176472027625966,GCST90199679,cancerType_celltype,HNSC_Epi_HNSC,tissue,Tumor,Adjacent,group2_higher,1.7363202672131883e-92,2.5828613635107663e-124
45289,1109,0.19169592742518685,-0.21173259679427936,0.1986934691667556,-0.3180685937404632,0.4558047740066327,0.7505115053482991,0.4034285242194662,0.5167620629072188,,0.3247488584838388,-0.14342299366158784,17.820609752475495,17.820609752475495,8.757059956768633e-63,35598708.0,23.79481141136916,3.7796116474487404e-125,0.867541992062291,0.4175551180664181,GCST90200980,cancerType_celltype,HNSC_Epi_HNSC,tissue,Tumor,Adjacent,group1_higher,3.683911333665323e-62,2.910514505916742e-124
45289,1109,-0.6399212748840493,0.31456210382239275,-0.7200296521186829,0.2460340410470962,1.2430118621893698,1.3000965294865285,-0.954483378706442,-0.9660636931657791,,-0.2636466944886771,-1.0245472235982733,-24.179733887643764,-24.179733887643764,6.749980868988169e-105,14654009.0,-23.73305266522015,1.6442041543358168e-124,-0.7670194868490705,-0.41647136581076616,GCST90200435,cancerType_celltype,HNSC_Epi_HNSC,tissue,Tumor,Adjacent,group2_higher,8.141791083567145e-104,1.2590170013256844e-123
45289,1109,0.04884443373407576,-0.2498851855244736,0.0557510145008564,-0.3762421905994415,0.3974035281012691,0.7162266824076423,0.29872961925854935,0.4319932051002979,,0.2596063923116986,-2.3549755422934133,13.837660651124315,13.837660651124315,2.4882100630830456e-40,35550603.0,23.68565119372152,5.068813718657186e-124,0.7323021513635176,0.4156395572838587,GCST90200593,cancerType_celltype,HNSC_Epi_HNSC,tissue,Tumor,Adjacent,group1_higher,6.662927929238097e-40,3.859660948899299e-123
45289,1109,0.20461795573975242,-0.25952095388596697,0.2373251616954803,-0.4988499283790588,0.5792299611157355,0.9000576247650562,0.46413890962571935,0.7361750900745391,,0.3234234697373112,-0.3429167850423416,17.0864696078684,17.0864696078684,2.111584805958247e-58,35550474.5,23.685359600582185,5.10400541816598e-124,0.7881021965424642,0.4156344403612817,GCST90200779,cancerType_celltype,HNSC_Epi_HNSC,tissue,Tumor,Adjacent,group1_higher,8.039357794751651e-58,3.864866324977906e-123
45289,1109,-0.3868787859568403,0.4072219715779101,-0.4780648946762085,0.3209335803985595,1.1143663158227493,1.0240247916176113,-0.7941007575347504,-0.7989984750747681,,-0.3016172131233116,0.0739335950755126,-25.457957996706476,-25.457957996706476,3.5014538554629156e-114,14676158.0,-23.682791992510918,5.424604842231873e-124,-0.7139303978443249,-0.4155893835683192,GCST90200888,cancerType_celltype,HNSC_Epi_HNSC,tissue,Tumor,Adjacent,group2_higher,5.1317006505332834e-113,4.08493723754809e-123
45289,1109,0.5040258746761631,0.003983917951372236,0.4933202564716339,-0.1601025462150573,0.6338928002197626,0.8420780132059894,0.5000419567247909,0.6534228026866912,,0.36013947960634757,6.982806830212868,19.63936580124181,19.63936580124181,3.4456918948526152e-74,35536515.0,23.653682601138215,1.0817211754764247e-123,0.781737231904976,0.41507856735963666,GCST90199658,cancerType_celltype,HNSC_Epi_HNSC,tissue,Tumor,Adjacent,group1_higher,1.8274233668031576e-73,8.101021770188829e-123
45289,1109,0.19382484724728127,-0.20246946338267713,0.2338282316923141,-0.3969862759113312,0.5324373039339451,0.6802829713888513,0.3962943106299584,0.6308145076036453,,0.33589053431480387,-0.06295049017085573,19.2557726750051,19.2557726750051,9.033253653904564e-72,35526200.0,23.630275727735544,1.8831102248184946e-123,0.7387442196156857,0.4146678198391689,GCST90200292,cancerType_celltype,HNSC_Epi_HNSC,tissue,Tumor,Adjacent,group1_higher,4.526589974364676e-71,1.4025569597965073e-122
45289,1109,0.41927782214389947,-0.28174312646472216,0.3845508992671966,-0.5286968350410461,0.9899124967736774,1.072498796291229,0.7010209486086216,0.9132477343082428,,0.31590269351789024,0.5735244264449602,21.54351740262023,21.54351740262023,8.438817801520694e-87,35519511.5,23.615098134642597,2.69689339482671e-123,0.7066993383453481,0.41440148103251384,GCST90200526,cancerType_celltype,HNSC_Epi_HNSC,tissue,Tumor,Adjacent,group1_higher,6.285305280586178e-86,1.9977530962765252e-122
45289,1109,0.3838212338537869,-0.0922436094968819,0.3656992316246032,-0.2269174605607986,0.5802299237423597,0.8241948483313527,0.4760648433506688,0.5926166921854018,,0.32461255975191494,2.0569017737357673,19.119764107911177,19.119764107911177,7.326333051303958e-71,35514740.5,23.604271746566578,3.4839441959424605e-123,0.8106837535220259,0.41421149786041944,GCST90199919,cancerType_celltype,HNSC_Epi_HNSC,tissue,Tumor,Adjacent,group1_higher,3.618040561205542e-70,2.5668194265240937e-122
45289,1109,0.27193232700584696,-0.1232999577240538,0.2610994577407837,-0.3824823200702667,0.5822659444933836,1.0211291185051252,0.3952322847299008,0.6435817778110504,,0.29907623199247274,1.1410689671106902,12.83853451502573,12.83853451502573,2.6193267410872573e-35,35509034.0,23.591322515052052,4.731702902323588e-123,0.6625613424507891,0.4139842626955579,GCST90199980,cancerType_celltype,HNSC_Epi_HNSC,tissue,Tumor,Adjacent,group1_higher,6.363890103568505e-35,3.4673715354123923e-122
45289,1109,-0.01046986991688072,-0.4777067536983649,-0.0241133105009794,-0.5854501724243164,0.5510174615875073,0.8907940008526242,0.4672368837814842,0.561336861923337,,0.35191201707318787,-5.511675082402042,17.386034063640064,17.386034063640064,3.570550522851291e-60,35504017.5,23.579939036581425,6.19196566596413e-123,0.8320734260975962,0.4137845036130152,GCST90200024,cancerType_celltype,HNSC_Epi_HNSC,tissue,Tumor,Adjacent,group1_higher,1.4230001060369326e-59,4.513181391823053e-122
45289,1109,0.11198858337801909,-0.3727959909610863,0.1037271693348884,-0.4893250167369842,0.5999850592928582,0.9810614206664083,0.4847845743391054,0.5930521860718726,,0.33841895293016433,-1.7350256679030558,16.380934090675474,16.380934090675474,2.8749810613447074e-54,35477874.5,23.520615149876047,2.509971581842304e-122,0.7923151030481759,0.41274347865639016,GCST90200555,cancerType_celltype,HNSC_Epi_HNSC,tissue,Tumor,Adjacent,group1_higher,9.945683214753391e-54,1.8197293968356703e-121
45289,1109,0.5019282137059053,-0.03553464645391785,0.4911306500434875,-0.2539452016353607,0.7374223497433758,0.932263286257475,0.5374628601598233,0.7450758516788483,,0.32372500459998044,3.8201450677602815,19.053462620648162,19.053462620648162,1.6880767795742323e-70,35472958.5,23.50945972674008,3.2643618955013545e-122,0.7236885972563916,0.412547721524968,GCST90199776,cancerType_celltype,HNSC_Epi_HNSC,tissue,Tumor,Adjacent,group1_higher,8.276433994818987e-70,2.354140351094363e-121
45289,1109,0.47164595643630425,-0.08839367000311378,0.4872303605079651,-0.3619952499866485,0.6280539165677349,1.0887064129629458,0.5600396264394181,0.8492256104946136,,0.4107177477279708,2.4156760718059034,17.06127015910326,17.06127015910326,3.14393159749223e-58,35467187.5,23.496364131354056,4.443330051017019e-122,0.8710963280507191,0.41231791794371553,GCST90199808,cancerType_celltype,HNSC_Epi_HNSC,tissue,Tumor,Adjacent,group1_higher,1.1936431106913398e-57,3.187504662913788e-121
45289,1109,0.24515389316215982,-0.19534831819020543,0.2817449569702148,-0.4316854774951935,0.5262905253372756,0.8637813279559182,0.4405022113523652,0.7134304344654083,,0.3108986578988485,0.3276373371175643,16.90616176155464,16.90616176155464,2.514597856048164e-57,35459192.5,23.478221818910594,6.809287911739116e-122,0.8205634190885549,0.411999553772495,GCST90199836,cancerType_celltype,HNSC_Epi_HNSC,tissue,Tumor,Adjacent,group1_higher,9.390128432311363e-57,4.8591934155499555e-121
45289,1109,0.1068212152289799,-0.27363031033855123,0.101027138531208,-0.4209907948970794,0.4526760893725747,0.7300135002100663,0.38045152556753115,0.5220179334282874,,0.3114267776338348,-1.3570216128635202,17.274249415520906,17.274249415520906,1.6553383628142941e-59,35450883.0,23.459365840768132,1.0608071244396656e-121,0.8248324562942503,0.4116686660825941,GCST90200171,cancerType_celltype,HNSC_Epi_HNSC,tissue,Tumor,Adjacent,group1_higher,6.502092762293611e-59,7.5306255761003346e-121
45289,1109,0.0810691128477265,-0.319675094816906,0.128126710653305,-0.5057314038276672,0.43985257221453933,0.9175442315424315,0.4007442076646325,0.6338581144809723,,0.3214080393839172,-1.9793688079155753,14.50399004784946,14.50399004784946,8.174349341422057e-44,35449086.5,23.455289209835712,1.1674595719261215e-121,0.8766787529364779,0.4115971287175413,GCST90199846,cancerType_celltype,HNSC_Epi_HNSC,tissue,Tumor,Adjacent,group1_higher,2.3756158107373697e-43,8.244805163395355e-121
45289,1109,0.3117543384590848,-0.2317018622336817,0.2977449297904968,-0.3110820949077606,0.6547038143316248,0.8051599216065449,0.5434562006927665,0.6088270246982574,,0.3409318665117896,0.428138398818475,22.29772604716315,22.29772604716315,9.507616587569121e-92,35438248.5,23.430695541009914,2.0801178391459244e-121,0.8250465878191011,0.4111655551230837,GCST90200182,cancerType_celltype,HNSC_Epi_HNSC,tissue,Tumor,Adjacent,group1_higher,7.85386752051922e-91,1.4614436158535541e-120
45289,1109,-1.091970469992558,-0.189035591923101,-1.1780236959457395,-0.3193974494934082,1.3004840821014458,1.1556139658436098,-0.902934878069457,-0.8586262464523313,,-0.28391278890910604,-2.5301977334562347,-25.625813270082833,-25.625813270082833,1.821401514798783e-115,14798819.0,-23.404448754658777,3.8504009806879266e-121,-0.6960575463715094,-0.4107049723605545,GCST90199770,cancerType_celltype,HNSC_Epi_HNSC,tissue,Tumor,Adjacent,group2_higher,2.8211025734894785e-114,2.6913315572705866e-120
45289,1109,-0.45788503886614956,0.2879645426874049,-0.4954913258552551,0.2200945317745208,0.9879208331814631,1.0031339003124282,-0.7458495815535544,-0.7155858576297759,,-0.23628065356400207,-0.6690923849822209,-24.47153091860224,-24.47153091860224,5.4261970110996874e-107,14823028.5,-23.349512380287287,1.3940040158215016e-120,-0.7546893549061622,-0.4097409401650369,GCST90200473,cancerType_celltype,HNSC_Epi_HNSC,tissue,Tumor,Adjacent,group2_higher,6.912062173952219e-106,9.694017722268911e-120
45289,1109,-0.20411205660833226,0.2585296151632396,-0.2617004215717315,0.2526670694351196,0.5970262293174112,0.6423825619131199,-0.46264167177157184,-0.5143674910068511,,-0.3260895597897094,0.3409666634611178,-23.73404273874569,-23.73404273874569,9.491500769742241e-102,14823310.0,-23.34887359842952,1.4149900389769152e-120,-0.7734549317439672,-0.40972973071985885,GCST90200901,cancerType_celltype,HNSC_Epi_HNSC,tissue,Tumor,Adjacent,group2_higher,1.0963487753524301e-100,9.79000722398749e-120
45289,1109,0.11324030056120309,-0.25667211035563803,0.1111753359436988,-0.4338785111904144,0.574450684617553,0.8502628157844307,0.36991241091684113,0.5450538471341132,,0.31350356806291413,-1.1805319402859764,14.407805182783324,14.407805182783324,2.437899579544382e-43,35365259.0,23.26506723405653,1.0013933777759396e-119,0.6349757721538055,0.4082590833688249,GCST90199793,cancerType_celltype,HNSC_Epi_HNSC,tissue,Tumor,Adjacent,group1_higher,7.010247103204625e-43,6.893430171255585e-119
45289,1109,-0.5572307707417405,0.00531523129575526,-0.6222119927406311,-0.0703146159648895,0.7659599037429704,0.7524022527864767,-0.5625460020374958,-0.5518973767757416,,-0.2871035080257302,-6.711729831777031,-24.588487413437324,-24.588487413437324,7.092602277435503e-108,14861464.0,-23.262294262723707,1.0682488141446456e-119,-0.7347405969615758,-0.40821042282883346,GCST90200375,cancerType_celltype,HNSC_Epi_HNSC,tissue,Tumor,Adjacent,group2_higher,9.206873242042468e-107,7.316699164216844e-119
45289,1109,-0.8500481372199284,0.1646928719069697,-0.9066419005393982,0.0442012585699558,1.5955325389407713,1.1669518946197965,-1.0147410091268982,-0.950843159109354,,-0.2638877044685382,-2.3677593640333563,-28.31708576925024,-28.31708576925024,8.469601377463477e-136,14870649.0,-23.24145159358134,1.7359327160796148e-119,-0.6395504407492635,-0.40784467237071464,GCST90200885,cancerType_celltype,HNSC_Epi_HNSC,tissue,Tumor,Adjacent,group2_higher,2.1377901254597626e-134,1.1830381460082574e-118
45289,1109,0.43427082452459564,-0.24270907302844322,0.3883078098297119,-0.4246685802936554,0.9532982747709213,1.0791123816818236,0.6769798975530389,0.8129763901233673,,0.3278547879312685,0.8393643691346089,20.694946893321667,20.694946893321667,3.9056392533275172e-81,35347342.0,23.224409846683226,2.5810734727577147e-119,0.7077709072484715,0.4075456210979358,GCST90200964,cancerType_celltype,HNSC_Epi_HNSC,tissue,Tumor,Adjacent,group1_higher,2.4759936289699562e-80,1.7502503200839628e-118
45289,1109,0.1978750008035181,-0.21416505739127784,0.1926851123571396,-0.3632973730564117,0.5486389796550012,0.7100100224654116,0.41204005819479594,0.5559824854135513,,0.3074015340151366,-0.11413320216212211,19.186191120004715,19.186191120004715,2.5262575511439116e-71,35345479.5,23.220183448068347,2.8477619162301104e-119,0.7450432095668376,0.4074714555858785,GCST90200911,cancerType_celltype,HNSC_Epi_HNSC,tissue,Tumor,Adjacent,group1_higher,1.2612780374392496e-70,1.9215344018919013e-118
45289,1109,0.3382664420876188,-0.15377394045059417,0.3479944467544555,-0.2871243357658386,0.6143577572768375,0.8634219336355277,0.492040382538213,0.6351187825202942,,0.334883765574244,1.1373439085616748,18.861138494564607,18.861138494564607,3.0456074521216866e-69,35334504.0,23.19527776323742,5.081502593398081e-119,0.7917360139339227,0.4070344066851619,GCST90200310,cancerType_celltype,HNSC_Epi_HNSC,tissue,Tumor,Adjacent,group1_higher,1.4616770976203728e-68,3.411866026995854e-118
45289,1109,-0.7991640447673662,-0.0031814148049231373,-0.836268424987793,-0.061504129320383,1.1202798380720405,1.0054822370909873,-0.7959826299624431,-0.77476429566741,,-0.2623217281208417,-7.972227778382246,-25.97122808739023,-25.97122808739023,6.472672202916799e-118,14891852.5,-23.193336456383715,5.315981487164173e-119,-0.7121767006779517,-0.4070003403251269,GCST90200058,cancerType_celltype,HNSC_Epi_HNSC,tissue,Tumor,Adjacent,group2_higher,1.089166939824148e-116,3.5518052779435136e-118
45289,1109,-1.0603034402473597,-0.17419922355532216,-1.1225285530090332,-0.3693507015705108,1.239182494041815,1.1417922584155176,-0.8861042166920375,-0.7531778514385223,,-0.26949479774635965,-2.605660178042072,-25.479388597792244,-25.479388597792244,2.4996653634353336e-114,14893612.0,-23.189343786121768,5.832726484913393e-119,-0.7163644769011329,-0.40693027631521284,GCST90200103,cancerType_celltype,HNSC_Epi_HNSC,tissue,Tumor,Adjacent,group2_higher,3.703308576480826e-113,3.8780518043594897e-118
45289,1109,-0.7538940458018136,0.13572182095184673,-0.8308728337287903,-0.0152861811220645,1.1146436966777178,1.2270387749462828,-0.8896158667536603,-0.8155866526067258,,-0.32840406708782066,-2.473700369954509,-23.90374410162256,-23.90374410162256,6.776629155065741e-103,14894445.0,-23.187453536432535,6.09456648093805e-119,-0.7961056076775924,-0.406897105914384,GCST90200132,cancerType_celltype,HNSC_Epi_HNSC,tissue,Tumor,Adjacent,group2_higher,8.031778729004004e-102,4.032472870640078e-118
45289,1109,-0.2655687494300713,0.6566165107508325,-0.3266203999519348,0.538261353969574,1.0511435947372514,1.3079243813740224,-0.9221852601809037,-0.8648817539215088,,-0.3343727586868054,1.305962403119798,-23.296666443224144,-23.296666443224144,1.5027484867121735e-98,14917312.5,-23.135562438271066,2.0317971436724244e-118,-0.8716286115759233,-0.4059865127079568,GCST90200530,cancerType_celltype,HNSC_Epi_HNSC,tissue,Tumor,Adjacent,group2_higher,1.5635467079302996e-97,1.3378451723794755e-117
45289,1109,1.0057345254111232,0.15104216816847701,1.0262751579284668,0.0062183183617889,1.1032874173605416,1.249976300685179,0.8546923572426461,1.0200568395666778,,0.323293117377587,2.7352181386498886,22.55642616098445,22.55642616098445,1.378601029206256e-93,35305101.0,23.128556260701437,2.3899913743224528e-118,0.7720678724601863,0.40586356719468064,GCST90200832,cancerType_celltype,HNSC_Epi_HNSC,tissue,Tumor,Adjacent,group1_higher,1.2526888018720845e-92,1.560444364502454e-117
45289,1109,0.14645192699629025,-0.24453370794966714,0.1815342605113983,-0.3907141387462616,0.4227590831464538,0.7564713086835119,0.3909856349459574,0.5722483992576599,,0.28903765609027304,-0.7396022210439855,17.146667282018285,17.146667282018285,9.961928806162682e-59,35305079.0,23.128506338140618,2.392757682912787e-118,0.9014459868022223,0.4058626911456791,GCST90200664,cancerType_celltype,HNSC_Epi_HNSC,tissue,Tumor,Adjacent,group1_higher,3.8464897911613985e-58,1.560444364502454e-117
45289,1109,-0.5820600711749928,0.3086473278774813,-0.6490495800971985,0.1032467931509018,1.0700328422366616,1.2812548302320264,-0.8907073990524741,-0.7522963732481003,,-0.2827708235125469,-0.9152065564417359,-22.95556452375526,-22.95556452375526,2.9917034956732354e-96,14925612.5,-23.11672801759805,3.143383048353867e-118,-0.8281330855176094,-0.40565600331194307,GCST90200301,cancerType_celltype,HNSC_Epi_HNSC,tissue,Tumor,Adjacent,group2_higher,2.8716139891567743e-95,2.040205283288724e-117
45289,1109,-0.45327571204689426,0.24935265719495686,-0.5191801190376282,0.1971152871847152,1.129135348634248,0.8190295592769729,-0.7026283692418511,-0.7162954062223433,,-0.24286852301292225,-0.8621986791948411,-27.92632861463271,-27.92632861463271,6.006522279646659e-133,14984957.0,-22.982063044389644,7.04614943295871e-117,-0.6258222226788829,-0.4032928810406491,GCST90200598,cancerType_celltype,HNSC_Epi_HNSC,tissue,Tumor,Adjacent,group2_higher,1.4115327357169648e-131,4.5516121692524747e-116
45289,1109,0.3304551830137734,-0.1122412973025453,0.3020724356174469,-0.2792673408985138,0.6980239996312451,0.8145643473117655,0.4426964803163187,0.5813397765159607,,0.29617515221301266,1.5578425470973243,17.938101499213282,17.938101499213282,1.269835408377401e-63,35212041.5,22.917384963036316,3.117551409326346e-116,0.6314916505993594,0.40215789982861505,GCST90200557,cancerType_celltype,HNSC_Epi_HNSC,tissue,Tumor,Adjacent,group1_higher,5.442722206347162e-63,2.0043502692980235e-115
45289,1109,-0.7345563478439123,-0.14998174603946374,-0.7623949646949768,-0.1070904284715652,0.8926742828764148,0.786778853381742,-0.5845746018044486,-0.6553045362234116,,-0.2151144509412596,-2.2920785850954184,-24.362042795159333,-24.362042795159333,1.654241314463775e-106,15031612.0,-22.876193177341506,8.020491407720014e-116,-0.6566098380282962,-0.4014350598513692,GCST90200771,cancerType_celltype,HNSC_Epi_HNSC,tissue,Tumor,Adjacent,group2_higher,2.0877138070501164e-105,5.132361403156047e-115
45289,1109,0.128048528904237,-0.28934196566479914,0.1417054384946823,-0.4455562233924866,0.5434669054218791,0.7074802397640635,0.41739049456903615,0.5872616618871689,,0.37511561853876646,-1.176078625332537,19.506473925394996,19.506473925394996,2.3666813998680395e-73,35173220.5,22.82929206605473,2.34732904678225e-115,0.761722281456696,0.4006120317246811,GCST90200027,cancerType_celltype,HNSC_Epi_HNSC,tissue,Tumor,Adjacent,group1_higher,1.2218889197045978e-72,1.4950511639085078e-114
45289,1109,-0.3862125697130618,0.20928262923180466,-0.4537751376628876,0.1341453492641449,0.7209979835181317,0.8755762379607481,-0.5954951989448665,-0.5879204869270325,,-0.3121806051113981,-0.8839393903939705,-22.463328720450384,-22.463328720450384,6.987122681024955e-93,15053122.5,-22.82738139349971,2.452183762934077e-115,-0.8212891686917947,-0.4005785029401697,GCST90199695,cancerType_celltype,HNSC_Epi_HNSC,tissue,Tumor,Adjacent,group2_higher,6.065890582316569e-92,1.5545704506414637e-114
45289,1109,0.06760580327855854,-0.3040831494869624,0.0391574837267398,-0.5100094079971313,0.6097439069168578,0.9014132002958559,0.37168895276552094,0.5491668917238711,,0.25717877667325634,-2.169230279794178,13.655325358169634,13.655325358169634,2.0545818598881883e-39,35126582.0,22.723459640927206,2.6268905253867865e-114,0.6011319538142268,0.39875486757215217,GCST90200628,cancerType_celltype,HNSC_Epi_HNSC,tissue,Tumor,Adjacent,group1_higher,5.406168098508881e-39,1.6576165676399027e-113
45289,1109,0.08046396213291893,-0.27526672195730945,0.0718801170587539,-0.417224109172821,0.5307868531024221,0.7221361425861048,0.35573068409022834,0.4891042262315749,,0.31794205689832006,-1.7744028343572533,16.297242283910332,16.297242283910332,7.931314658993555e-54,35117257.5,22.702300417365095,4.2516865434889126e-114,0.663487137365019,0.3983835621669558,GCST90200787,cancerType_celltype,HNSC_Epi_HNSC,tissue,Tumor,Adjacent,group1_higher,2.729894414193994e-53,2.670529381924142e-113
45289,1109,0.2432709776502594,-0.1889827279615442,0.2608780562877655,-0.4030985832214355,0.5428987243908462,0.8865916712430524,0.4322537056118036,0.663976639509201,,0.3175917300378308,0.3643081270583882,16.162038615347672,16.162038615347672,5.199527397042025e-53,35112938.0,22.692498576389543,5.313348374451365e-114,0.7808062259685992,0.3982115579095966,GCST90200340,cancerType_celltype,HNSC_Epi_HNSC,tissue,Tumor,Adjacent,group1_higher,1.7629243388478308e-52,3.3220613919161517e-113
45289,1109,-0.2405086051667507,0.5367097039350096,-0.3489452302455902,0.3440316617488861,1.0118167290317412,1.1866575145821432,-0.7772183091017604,-0.6929768919944763,,-0.29579062724636057,1.1580501492419373,-21.61979399835224,-21.61979399835224,3.119483859849726e-87,15129530.0,-22.65399693596074,1.2741583939640692e-113,-0.7647206336837543,-0.39753592502740787,GCST90199654,cancerType_celltype,HNSC_Epi_HNSC,tissue,Tumor,Adjacent,group2_higher,2.349091989489048e-86,7.930036031840303e-113
45289,1109,0.44457826561679714,-0.06484936833230702,0.4479842483997345,-0.1791068166494369,0.6507419627317563,0.7963472828511943,0.5094276339491042,0.6270910650491714,,0.3022657212116453,2.7772539914878758,21.13118506029623,21.13118506029623,6.027746646417935e-84,35087458.0,22.634679174130696,1.975010241760861e-113,0.7782311443575394,0.3971969338842434,GCST90200014,cancerType_celltype,HNSC_Epi_HNSC,tissue,Tumor,Adjacent,group1_higher,4.047201319737756e-83,1.223608617963661e-112
45289,1109,0.1286835723825966,-0.27220198720793,0.1246858313679695,-0.4879706501960754,0.5430735224702026,0.8236356429005685,0.4008855595905266,0.6126564815640448,,0.27032766334576563,-1.0808437959092703,16.123210572421673,16.123210572421673,8.386540638969842e-53,35079204.0,22.61594913699394,3.019741312235211e-113,0.7269794565124253,0.3968682562270509,GCST90200793,cancerType_celltype,HNSC_Epi_HNSC,tissue,Tumor,Adjacent,group1_higher,2.8224333063989866e-52,1.8624015423423495e-112
45289,1109,1.0731936708264498,0.16012238095634357,1.047162413597107,0.0733682662248611,1.4332395048168478,1.0360162554819314,0.9130712898701062,0.9737941473722458,,0.26817880376187037,2.7446559073855847,28.685252132969104,28.685252132969104,1.3615138929631262e-138,35032340.5,22.509606140221663,3.342350232543608e-112,0.6407318191864283,0.3950021324824615,GCST90200422,cancerType_celltype,HNSC_Epi_HNSC,tissue,Tumor,Adjacent,group1_higher,3.711486872217482e-137,2.0520825977283502e-111
45289,1109,0.31502343647160014,-0.14196237441553247,0.3139630556106567,-0.2465973943471908,0.5682129141967152,0.8265683637642111,0.45698581088713264,0.5605604499578475,,0.35289699689227355,1.149944970694237,18.30591065408326,18.30591065408326,8.750472145460018e-66,34993860.5,22.42228704293279,2.3861154072064336e-111,0.7937424094183212,0.39346984313805056,GCST90200949,cancerType_celltype,HNSC_Epi_HNSC,tissue,Tumor,Adjacent,group1_higher,3.910456896479346e-65,1.4584194170503896e-110
45289,1109,-0.28411874783645563,0.33957838233706444,-0.3499766886234283,0.2675761878490448,0.7853139172014999,0.927451160929016,-0.6236971301735201,-0.6175528764724731,,-0.30964611746976994,0.25724975788716564,-22.200827221674796,-22.200827221674796,3.9324097875681475e-91,15236478.5,-22.411308617967002,3.053399690565161e-111,-0.7904837940156066,-0.3932771919985427,GCST90199950,cancerType_celltype,HNSC_Epi_HNSC,tissue,Tumor,Adjacent,group2_higher,3.2095057128475357e-90,1.857939186714426e-110
45289,1109,-0.9421207470248705,-0.17869964650915254,-1.000267505645752,-0.3442280888557434,1.0379052329319167,1.06783910370885,-0.7634211005157179,-0.6560394167900085,,-0.26855037366970563,-2.398368652388056,-23.537370615085607,-23.537370615085607,1.8819863957790068e-100,15244298.0,-22.393564551406442,4.547396459235148e-111,-0.7350269009780999,-0.3929658163091295,GCST90199976,cancerType_celltype,HNSC_Epi_HNSC,tissue,Tumor,Adjacent,group2_higher,2.0854857377616147e-99,2.754711721750003e-110
45289,1109,-0.7837133163970051,-0.07557281300447731,-0.8710898756980896,-0.1459380835294723,1.0238519449094245,1.0075010195583964,-0.7081405033925279,-0.7251517921686172,,-0.23600895415473414,-3.374369531956846,-23.11621272832758,-23.11621272832758,1.3077960467297952e-97,15248922.0,-22.383071736804993,5.754246729312009e-111,-0.6919052868590493,-0.3927816867371816,GCST90200649,cancerType_celltype,HNSC_Epi_HNSC,tissue,Tumor,Adjacent,group2_higher,1.2916855157193557e-96,3.4703709256868446e-110
45289,1109,-0.24636910543953436,0.6838702920933619,-0.3558987975120544,0.4935053884983063,1.2146455621114935,1.356673817069796,-0.9302393975328963,-0.8494041860103607,,-0.3068841644442156,1.4728976184614635,-22.61330684665183,-22.61330684665183,5.443062125988078e-94,15259704.0,-22.358605143588555,9.957894716525868e-111,-0.763598900788101,-0.39235234308563693,GCST90199704,cancerType_celltype,HNSC_Epi_HNSC,tissue,Tumor,Adjacent,group2_higher,5.0127659984606415e-93,5.979123567676105e-110
45289,1109,0.22193224095623473,-0.1445532260105523,0.2346334755420684,-0.3144899606704712,0.4999986093428461,0.7608596462491285,0.366485466966787,0.5491234362125396,,0.27058092862240646,0.6185149829531255,15.956358034845042,15.956358034845042,7.49734117019525e-52,34964718.0,22.35615666890106,1.0519348074650582e-110,0.7217226329360029,0.392309376864155,GCST90201002,cancerType_celltype,HNSC_Epi_HNSC,tissue,Tumor,Adjacent,group1_higher,2.480309712372846e-51,6.288540099012607e-110
45289,1109,0.053468204713308966,0.8794051206196577,-0.0329071171581745,0.804807722568512,1.098780578718249,1.1898651438325174,-0.8259369159063488,-0.8377148397266865,,-0.2639531221698485,4.03974944991851,-22.87848196829644,-22.87848196829644,7.699065767027636e-96,15288850.0,-22.29246682733124,4.372367179086497e-110,-0.7501400422223009,-0.39119173744030944,GCST90199936,cancerType_celltype,HNSC_Epi_HNSC,tissue,Tumor,Adjacent,group2_higher,7.338340308013055e-95,2.6024176703471157e-109
45289,1109,-0.005381869931423778,-0.41285508793464065,-0.0143701052293181,-0.4532938599586487,0.4815226651474565,0.7497197789831385,0.4074732180032169,0.4389237547293306,,0.30534455460192494,-6.261119603662082,18.008743951802906,18.008743951802906,6.080746388498538e-64,34930887.0,22.27938711639639,5.855506985671768e-110,0.8321846280948298,0.390962212601921,GCST90199818,cancerType_celltype,HNSC_Epi_HNSC,tissue,Tumor,Adjacent,group1_higher,2.6564286306165087e-63,3.470024357161139e-109
45289,1109,0.42290009119759975,-0.10761712549637294,0.3829395174980163,-0.2188348919153213,0.7771255967977836,0.9010121229470746,0.5305172166939727,0.6017744094133376,,0.3132371321374078,1.974399199796562,19.431870180000587,19.431870180000587,6.028230261898961e-73,34918906.0,22.252199743615254,1.0739699828262516e-109,0.6798770533993729,0.39048512427979554,GCST90199727,cancerType_celltype,HNSC_Epi_HNSC,tissue,Tumor,Adjacent,group1_higher,3.077332526954413e-72,6.3368878207453715e-109
45289,1109,0.015133349285999692,-0.5262502080880985,0.0220527127385139,-0.642100989818573,0.6851499596727899,0.9813308997388253,0.5413835573740983,0.664153702557087,,0.3471653410510228,-5.119853088372249,18.263277478537105,18.263277478537105,1.5805190574904672e-65,34890043.0,22.18670361302667,4.616265084887819e-109,0.7804304505125772,0.3893357878102599,GCST90200079,cancerType_celltype,HNSC_Epi_HNSC,tissue,Tumor,Adjacent,group1_higher,6.994309984933464e-65,2.7120557373715935e-108
45289,1109,-0.4876508887235227,0.2637742306221263,-0.5634308457374573,0.1894094496965408,1.0224926255641114,1.0906054703777046,-0.7514251193456489,-0.7528402954339981,,-0.2911623745581729,-0.8865425474073998,-22.701759265911495,-22.701759265911495,1.1914927381724281e-94,15338536.0,-22.179718992926485,5.391592761062395e-109,-0.7336903182004677,-0.3892132205908707,GCST90200159,cancerType_celltype,HNSC_Epi_HNSC,tissue,Tumor,Adjacent,group2_higher,1.1123319192664517e-93,3.153966065806028e-108
45289,1109,0.20773320515854787,-0.14963382351259652,0.2468557357788086,-0.339148610830307,0.48694376268314404,0.8424557330100159,0.3573670286711444,0.5860043466091156,,0.2609936482464822,0.4732928243609634,14.06902258392963,14.06902258392963,1.5515712256579357e-41,34881288.0,22.166836703027606,7.1782962651574e-109,0.7170308299645779,0.3889871601280792,GCST90200954,cancerType_celltype,HNSC_Epi_HNSC,tissue,Tumor,Adjacent,group1_higher,4.3071111620606235e-41,4.181204192055357e-108
45289,1109,-0.5331662354850566,0.47865119966836517,-0.5787182450294495,0.3933380842208862,1.453387134021585,1.4161633513904681,-1.0118174351534217,-0.9720563292503357,,-0.23610906508663823,-0.15561038645843522,-23.492273916880265,-23.492273916880265,3.1590552113283993e-100,15345721.0,-22.16341473840412,7.745128778489928e-109,-0.6965996270297566,-0.38892711095106847,GCST90200211,cancerType_celltype,HNSC_Epi_HNSC,tissue,Tumor,Adjacent,group2_higher,3.472413107290813e-99,4.492174691524159e-108
45289,1109,0.06339119528147864,-0.30573372293273754,0.0603331699967384,-0.3775097727775574,0.46719878692965044,0.7152051338700107,0.36912491821421617,0.43784294277429575,,0.329339862970445,-2.2699032767039493,17.098235010366622,17.098235010366622,1.7835165884170107e-58,34853071.5,22.102807614964934,2.9702032245884483e-108,0.7777037577800818,0.3878635675530644,GCST90199838,cancerType_celltype,HNSC_Epi_HNSC,tissue,Tumor,Adjacent,group1_higher,6.828463792169622e-58,1.7154182182686673e-107
45289,1109,0.21587126848249505,-0.12566746927544967,0.2370679825544357,-0.2813633382320404,0.5143770170984485,0.7233046514144985,0.34153873775794474,0.5184313207864761,,0.29982023014544956,0.7805552057051962,15.628304238953794,15.628304238953794,5.128241059863461e-50,34808551.0,22.001781370919996,2.7689501031250556e-107,0.6563695681062307,0.38609074302713275,GCST90199981,cancerType_celltype,HNSC_Epi_HNSC,tissue,Tumor,Adjacent,group1_higher,1.6446570740220933e-49,1.5924383926411186e-106
45289,1109,-0.44365657711075446,0.33479222661807617,-0.568075954914093,0.2856706380844116,1.2114468501887823,1.1000568343320376,-0.7784488037288306,-0.8537465929985046,,-0.2626514728839243,-0.4061762678658838,-23.223405926893474,-23.223405926893474,1.7287029047544057e-98,15430303.0,-21.97148064570954,5.3981243679862704e-107,-0.6439281352440253,-0.38555902110364215,GCST90200267,cancerType_celltype,HNSC_Epi_HNSC,tissue,Tumor,Adjacent,group2_higher,1.7850167115001932e-97,3.091446854439196e-106
45289,1109,0.13058974470770768,-0.27905888340723656,0.1553068310022354,-0.3586648106575012,0.48805379818780337,0.7025253411297229,0.40964862811494424,0.5139716416597366,,0.35796982396878674,-1.0955220898244271,19.304743979845632,19.304743979845632,5.04426934842467e-72,34791949.0,21.964107991159345,6.349313771589439e-107,0.8288093740223526,0.38542964459428686,GCST90201020,cancerType_celltype,HNSC_Epi_HNSC,tissue,Tumor,Adjacent,group1_higher,2.5370255062372047e-71,3.620968481454563e-106
45289,1109,0.38914690474579555,-0.061586201785306965,0.4087109863758087,-0.1559851318597793,0.5247287110757336,0.8331966293457601,0.45073310653110255,0.5646961182355881,,0.32195431227160215,2.6596161034544803,17.92829316422456,17.92829316422456,1.9023541578847516e-63,34747237.0,21.86264719391454,5.892741263592645e-106,0.8437920301462543,0.38364919446000156,GCST90200952,cancerType_celltype,HNSC_Epi_HNSC,tissue,Tumor,Adjacent,group1_higher,8.128240492780301e-63,3.346585975948656e-105
45289,1109,0.1833138919268527,-0.36344033670778586,0.1629766523838043,-0.5156130194664001,0.7778221743798757,0.9641229680363026,0.5467542286346385,0.6785896718502045,,0.3174477811519762,-0.9873985259738618,18.736647489469668,18.736647489469668,1.5980552491277284e-68,34739837.5,21.845856194424183,8.51169535886467e-106,0.6984701470859469,0.3833545433424348,GCST90200575,cancerType_celltype,HNSC_Epi_HNSC,tissue,Tumor,Adjacent,group1_higher,7.536848804709666e-68,4.813875839889023e-105
45289,1109,-0.46482025847258446,0.5171603336974364,-0.5601362586021423,0.4130465686321258,1.5541918806689692,1.3808741306113077,-0.9819805921700209,-0.9731828272342682,,-0.23312166511010052,0.15393836252120105,-23.32282037586635,-23.32282037586635,3.211329449154656e-99,15502878.0,-21.806792925186155,2.0001974369116147e-105,-0.6334219824685564,-0.3826690549089794,GCST90200564,cancerType_celltype,HNSC_Epi_HNSC,tissue,Tumor,Adjacent,group2_higher,3.3930558443393767e-98,1.126557482029145e-104
45289,1109,0.6371060377400871,-0.07432571438347335,0.641325831413269,-0.1876369416713714,1.1692703021487827,0.9117426542219496,0.7114317521235605,0.8289627730846405,,0.26259643326073007,3.0995830339964114,25.47726974147334,25.47726974147334,8.718770221393276e-115,34720322.5,21.801572613769494,2.24186684919373e-105,0.6113087915199963,0.38257744805771066,GCST90200408,cancerType_celltype,HNSC_Epi_HNSC,tissue,Tumor,Adjacent,group1_higher,1.3058993199735204e-113,1.2574751092391169e-104
45289,1109,-0.4831249141635921,0.3267447226772142,-0.5362011790275574,0.1742390096187591,1.112510424769818,1.1360818561202888,-0.8098696368408063,-0.7104401886463165,,-0.26289635575329684,-0.5642308885967096,-23.465577435095952,-23.465577435095952,5.760363728253567e-100,15516922.0,-21.774924177724486,4.011437327822666e-105,-0.7275939261976416,-0.3821098170827604,GCST90200754,cancerType_celltype,HNSC_Epi_HNSC,tissue,Tumor,Adjacent,group2_higher,6.231250604452072e-99,2.240815195828809e-104
45289,1109,-0.5529678635922218,0.2542100733806773,-0.6228756308555603,0.1945497542619705,1.1672988751291262,1.1477656985964964,-0.8071779369728991,-0.8174253851175308,,-0.2556437892348398,-1.1211713726968784,-23.12865937541636,-23.12865937541636,1.0702502138118416e-97,15519449.0,-21.76918989085211,4.546051735745204e-105,-0.6917662752160144,-0.38200919090881746,GCST90200466,cancerType_celltype,HNSC_Epi_HNSC,tissue,Tumor,Adjacent,group2_higher,1.0726110598717207e-96,2.5290891901309032e-104
45289,1109,-0.42807071330741114,0.19290142378084613,-0.4991559982299804,0.0846218094229698,0.9130685220262558,0.8980254335443763,-0.6209721370882573,-0.5837778076529502,,-0.23114491490449468,-1.1499812356817076,-22.741584150412663,-22.741584150412663,4.908197994723884e-95,15530999.0,-21.74298054642159,8.049994918442936e-105,-0.6803592224695756,-0.3815492651830392,GCST90199882,cancerType_celltype,HNSC_Epi_HNSC,tissue,Tumor,Adjacent,group2_higher,4.6137061150404515e-94,4.460220761722651e-104
45289,1109,-0.44688913412161074,0.19482027183001738,-0.5370556116104126,0.1606821715831756,0.9664552507480628,0.92562062200327,-0.6417094059516282,-0.6977377831935883,,-0.2556488620024036,-1.1977689864037133,-22.78506912071094,-22.78506912071094,2.2471939537608286e-95,15535309.0,-21.73320026291548,9.961465170253456e-105,-0.6646393341811991,-0.381377639219567,GCST90200718,cancerType_celltype,HNSC_Epi_HNSC,tissue,Tumor,Adjacent,group2_higher,2.1270314992888954e-94,5.496954261965773e-104
45289,1109,-0.2793414479217729,0.27619675394263943,-0.3118078708648681,0.2813687622547149,0.7704340190975149,0.8213824461524929,-0.5555382018644124,-0.593176633119583,,-0.24129392866848437,-0.01633322971630221,-22.28465036278111,-22.28465036278111,8.229806612195142e-92,15542630.0,-21.71658739619896,1.4301985863812866e-104,-0.7198982001883367,-0.3810861140041192,GCST90200941,cancerType_celltype,HNSC_Epi_HNSC,tissue,Tumor,Adjacent,group2_higher,6.839772202696328e-91,7.860325295313282e-104
45289,1109,0.19783525760966555,-0.1807865805706408,0.2170383632183075,-0.29958575963974,0.5141519098257616,0.7613562863844427,0.37862183818030637,0.5166241228580475,,0.29370567497391403,0.1300112807927278,16.469180877471285,16.469180877471285,8.463327305106723e-55,34682076.5,21.714784510991162,1.4874256394722037e-104,0.7261314248764934,0.3810544766890429,GCST90201011,cancerType_celltype,HNSC_Epi_HNSC,tissue,Tumor,Adjacent,group1_higher,2.965428050606803e-54,8.142012636950256e-104
45289,1109,0.4473143626036288,-0.1628428010221292,0.4308448731899261,-0.2595890462398529,0.8740452316722702,0.9515324708256583,0.610157163625758,0.690433919429779,,0.31992947075504413,1.4578035054460807,21.136984680867226,21.136984680867226,4.354439007138615e-84,34667693.0,21.68214536764775,3.024555169395415e-104,0.6965458216560102,0.38048171983391454,GCST90200197,cancerType_celltype,HNSC_Epi_HNSC,tissue,Tumor,Adjacent,group1_higher,2.9381684983811543e-83,1.6489874783543803e-103
45289,1109,0.0260462897045848,-0.4004203015796852,-0.0035077517386525,-0.4983397424221039,0.6752228287493073,0.661888263924726,0.42646659128427,0.4948319906834514,,0.25445953540347027,-3.942313555731124,21.188573126237475,21.188573126237475,1.5197143485978908e-84,34665442.5,21.67703851659659,3.379450217846274e-104,0.6318889947303084,0.38039210400310397,GCST90200093,cancerType_celltype,HNSC_Epi_HNSC,tissue,Tumor,Adjacent,group1_higher,1.0408897774567463e-83,1.835135715906164e-103
45289,1109,-0.6769615009130822,0.1101104841081832,-0.7104752063751221,0.0272479597479105,1.256961081553018,1.017513427454545,-0.7870719850212653,-0.7377231661230326,,-0.24541310861182078,-2.620110977553379,-25.29144325659367,-25.29144325659367,2.4631972843368766e-113,15562391.5,-21.671744455942356,3.7912728278409135e-104,-0.6287638800898503,-0.3802992029885376,GCST90199676,cancerType_celltype,HNSC_Epi_HNSC,tissue,Tumor,Adjacent,group2_higher,3.5340398932117504e-112,2.050597168391732e-103
45289,1109,-0.5963205028272036,0.01824714382816479,-0.6535742878913879,-0.0979702994227409,0.8373892079041085,0.9121315146667581,-0.6145676466553684,-0.555603988468647,,-0.29348479261991295,-5.030268732060655,-22.209665992569732,-22.209665992569732,2.8111894455489393e-91,15566230.0,-21.663034103682914,4.5806123613604207e-104,-0.7322804521049693,-0.38014635234798355,GCST90200295,cancerType_celltype,HNSC_Epi_HNSC,tissue,Tumor,Adjacent,group2_higher,2.3082236230621716e-90,2.4677370152309303e-103
45289,1109,0.1918907518844834,-0.20692068785309856,0.1907013356685638,-0.3600073754787445,0.5384270157679414,0.7581882824920233,0.39881143973758193,0.5507087111473083,,0.3109425015536739,-0.10879216345432424,17.40969420541443,17.40969420541443,2.3621388301803964e-60,34655937.0,21.655468566511367,5.3980856415413186e-104,0.7321542345129651,0.3800135911038498,GCST90199835,cancerType_celltype,HNSC_Epi_HNSC,tissue,Tumor,Adjacent,group1_higher,9.497331048778408e-60,2.8966892635515025e-103
45289,1109,0.5137631231200457,-0.024353268485859784,0.4814239740371704,-0.1454556584358215,0.8685458870352544,0.7630608509012713,0.5381163916059055,0.6268796324729919,,0.29869890568112883,4.398859592707362,23.120689296410184,23.120689296410184,7.687365519805901e-98,34636734.0,21.6118929785374,1.3884184983879581e-103,0.6212548945463736,0.3792489197867832,GCST90199935,cancerType_celltype,HNSC_Epi_HNSC,tissue,Tumor,Adjacent,group1_higher,7.761392002589217e-97,7.421232993344262e-103
45289,1109,0.2917999177751678,-0.13898904459960687,0.2822998762130737,-0.2546473443508148,0.6584509470103753,0.906249462035754,0.43078896237477465,0.5369472205638885,,0.2815921346356108,1.0700028696997912,15.72872623240569,15.72872623240569,1.3827564301223074e-50,34636462.0,21.61127575414908,1.4071029757143595e-103,0.6473696497380477,0.37923808863549224,GCST90199982,cancerType_celltype,HNSC_Epi_HNSC,tissue,Tumor,Adjacent,group1_higher,4.466106668854751e-50,7.491724046479188e-103
45289,1109,0.22496261180122654,-0.20059805170538844,0.2090458571910858,-0.3809058368206024,0.6259718150525129,0.803934631421353,0.425560663506615,0.5899516940116882,,0.288009920157707,0.165376876350428,17.498727157822156,17.498727157822156,6.415966177291279e-61,34630984.5,21.598846171108544,1.8416238669339692e-103,0.6746286623917328,0.3790199723443277,GCST90200963,cancerType_celltype,HNSC_Epi_HNSC,tissue,Tumor,Adjacent,group1_higher,2.634024668568678e-60,9.767055761210116e-103
45289,1109,0.20161332057051778,-0.20541955011918203,0.2233800292015075,-0.459426611661911,0.5178908482080754,0.8756307969660924,0.40703287068969984,0.6828066408634186,,0.28272106720281887,-0.026982398586880084,15.414238945472109,15.414238945472109,8.654656133602021e-49,34622782.0,21.580232998148254,2.7548307588418507e-103,0.7690602154344505,0.3786933454382069,GCST90200485,cancerType_celltype,HNSC_Epi_HNSC,tissue,Tumor,Adjacent,group1_higher,2.724317854526456e-48,1.4553621412021096e-102
45289,1109,0.09021292378483711,-0.31050305907890396,0.1073077097535133,-0.3368032276630401,0.46178971169644817,0.7482155407490311,0.4007159828637411,0.4441109374165534,,0.29240625286835675,-1.7831901042524723,17.75250406280161,17.75250406280161,2.241132621221694e-62,34621251.0,21.576758841756643,2.9697666848740627e-103,0.8513808080083572,0.3786323803917855,GCST90200321,cancerType_celltype,HNSC_Epi_HNSC,tissue,Tumor,Adjacent,group1_higher,9.284692287918448e-62,1.5628540507657711e-102
45289,1109,-0.5555224564713781,-0.054177556375446384,-0.6650874614715576,-0.1376350224018097,0.8664139054636202,0.6941430681795266,-0.5013449000959317,-0.5274524390697479,,-0.26195910027892605,-3.358053971810766,-23.606053238933793,-23.606053238933793,2.009264794448995e-101,15605447.0,-21.57404260060657,3.1494024635166125e-103,-0.581134094159165,-0.378584715362023,GCST90200013,cancerType_celltype,HNSC_Epi_HNSC,tissue,Tumor,Adjacent,group2_higher,2.2821899290283167e-100,1.6510136760665933e-102
45289,1109,-0.42572617975646077,0.2502079658439828,-0.4947239756584167,0.1415743678808212,1.0209924910939296,0.9569632315767312,-0.6759341456004435,-0.6362983435392379,,-0.2563558709561739,-0.7667957120963903,-23.20091146368084,-23.20091146368084,2.8228472352753088e-98,15613180.0,-21.556494820478324,4.601790919205696e-103,-0.6629988679369364,-0.3782767841380019,GCST90200930,cancerType_celltype,HNSC_Epi_HNSC,tissue,Tumor,Adjacent,group2_higher,2.892887805774621e-97,2.403157480029641e-102
45289,1109,0.07421811095242803,-0.22428275872586223,0.0885046049952507,-0.38271164894104,0.46779726454780257,0.703983829910453,0.29850086967829026,0.4712162539362907,,0.2785950617670966,-1.5954625282941683,14.04472932651722,14.04472932651722,2.0030538686255095e-41,34546242.0,21.40654787064071,1.1610377054985885e-101,0.6286755700836357,0.3756454913212315,GCST90200266,cancerType_celltype,HNSC_Epi_HNSC,tissue,Tumor,Adjacent,group1_higher,5.526644580843259e-41,6.040054933567084e-101
45289,1109,-0.013638000825947827,-0.4109610274010628,-0.0679339990019798,-0.5539427399635315,0.632379943015204,0.9768145169961973,0.3973230265751149,0.48600874096155167,,0.302404805212524,-4.91319523253722,13.476595618343694,13.476595618343694,1.6917066164705156e-38,34542532.5,21.398130246124257,1.390777062362929e-101,0.6181510655441798,0.3754977775134587,GCST90200576,cancerType_celltype,HNSC_Epi_HNSC,tissue,Tumor,Adjacent,group1_higher,4.3423655710909846e-38,7.207715346010161e-101
45289,1109,-0.09668757786000168,-0.3652811202222876,-0.1280072033405304,-0.4969672858715057,0.46391397613669144,0.6968559469545242,0.26859354236228594,0.3689600825309753,,0.2895387285919738,-1.9175937640284961,12.766576320156224,12.766576320156224,5.717018192836368e-35,34537643.5,21.38703609158566,1.764225168255494e-101,0.5704776950825694,0.37530309553308383,GCST90200010,cancerType_celltype,HNSC_Epi_HNSC,tissue,Tumor,Adjacent,group1_higher,1.3816127299354556e-34,9.108480698228175e-101
45289,1109,-0.09537442497585712,-0.3734898800833396,-0.0886281430721283,-0.5182343125343323,0.47201706521223724,0.7584121985238543,0.2781154551074825,0.429606169462204,,0.21748171024166196,-1.9693835301884097,12.154458707673456,12.154458707673456,4.936066827738554e-32,34537385.0,21.386449501496024,1.786546015905312e-101,0.5783843315867797,0.3752928019573165,GCST90200926,cancerType_celltype,HNSC_Epi_HNSC,tissue,Tumor,Adjacent,group1_higher,1.1520306654465151e-31,9.188914036524303e-101
45289,1109,-0.5417739952738245,0.18508648553823698,-0.61166912317276,0.0898318216204643,1.0955718310812381,1.022455212115897,-0.7268604808120616,-0.7015009447932243,,-0.25328981651684185,-1.5494864574175524,-23.348112285248362,-23.348112285248362,2.654013551517054e-99,15694453.5,-21.372068400168885,2.4312637476482158e-101,-0.664477553497706,-0.37504044011427584,GCST90199946,cancerType_celltype,HNSC_Epi_HNSC,tissue,Tumor,Adjacent,group2_higher,2.848362575368303e-98,1.2457941684377888e-100
45289,1109,-0.6592512489391411,0.036172886106395144,-0.6901448965072632,0.1071312800049781,1.1331102482962434,1.071349700789349,-0.6954241350455362,-0.7972761765122413,,-0.20483793629242864,-4.187810089634767,-21.326335194476854,-21.326335194476854,1.6492659628200708e-85,15699134.5,-21.36144624075077,3.0522140766161444e-101,-0.614508914564416,-0.37485404077900586,GCST90201009,cancerType_celltype,HNSC_Epi_HNSC,tissue,Tumor,Adjacent,group2_higher,1.1831313196440824e-84,1.5581152758156572e-100
45289,1109,-0.40995831864455584,0.06761807740402857,-0.4482296109199524,0.0256320592015981,0.6901120632585375,0.7210738399399793,-0.47757639604858443,-0.4738616701215505,,-0.2590522299333452,-2.5999785170409875,-21.81283993051188,-21.81283993051188,1.2001057690616423e-88,15731755.5,-21.287422429091198,1.4847615743061486e-100,-0.6912704608723486,-0.3735550592118534,GCST90200162,cancerType_celltype,HNSC_Epi_HNSC,tissue,Tumor,Adjacent,group2_higher,9.189573950736058e-88,7.551231439474927e-100
45289,1109,0.39739893808926474,-0.1555699785618669,0.3681010901927948,-0.2546521127223968,0.7918642076517749,0.8818897753696973,0.5529689166511317,0.6227532029151917,,0.3099938227342147,1.353018694125827,20.677919177775255,20.677919177775255,4.891309168093371e-81,34491379.0,21.282052349992078,1.6649683531301464e-100,0.6963176768260146,0.3734608242135802,GCST90200741,cancerType_celltype,HNSC_Epi_HNSC,tissue,Tumor,Adjacent,group1_higher,3.0581900899592958e-80,8.436252287421522e-100
45289,1109,0.5156524913344966,0.033976622935358476,0.4941458404064178,-0.0585560612380504,0.6861822135092158,0.861608373475094,0.4816758683991382,0.5527019016444682,,0.339148153121126,3.923745098848622,18.474137433788858,18.474137433788858,6.962895047799918e-67,34481285.0,21.259146971404917,2.7130931727308457e-100,0.6971806989640073,0.37305887700353657,GCST90200599,cancerType_celltype,HNSC_Epi_HNSC,tissue,Tumor,Adjacent,group1_higher,3.1954296128455517e-66,1.3696096275674602e-99
45289,1109,0.008582627049912271,0.7900451764802812,-0.0868178457021713,0.7152549028396606,1.1340933133549815,1.2278998922409412,-0.7814625494303689,-0.802072748541832,,-0.2663135150508295,6.524205774128814,-20.97595742910014,-20.97595742910014,5.011101697299364e-83,15746693.5,-21.25352501029439,3.0582871066474295e-100,-0.6876506372886807,-0.3729602219398469,GCST90199688,cancerType_celltype,HNSC_Epi_HNSC,tissue,Tumor,Adjacent,group2_higher,3.3155978705917637e-82,1.538171707144076e-99
45289,1109,0.10792251380284129,-0.22589034176153627,0.087120272219181,-0.3188481330871582,0.5101193173775744,0.6845115322015897,0.33381285556437756,0.4059684053063392,,0.25802436142687374,-1.0656197486007606,16.130761951582798,16.130761951582798,7.104770011082353e-53,34468272.0,21.229617776679863,5.08758231841402e-100,0.6482144865280971,0.3725406940191598,GCST90199729,cancerType_celltype,HNSC_Epi_HNSC,tissue,Tumor,Adjacent,group1_higher,2.40292841814026e-52,2.5494024632346726e-99
45289,1109,-0.5619068171287004,0.22070680930543937,-0.6330727934837341,0.1094981133937835,1.254898784512826,1.084204912531994,-0.7826136264341398,-0.7425709068775176,,-0.22849349763829324,-1.3481957934680755,-23.65335479434601,-23.65335479434601,1.4039104609972589e-101,15765821.0,-21.210120747472327,7.701706236634187e-100,-0.6255434990020594,-0.37219855706367166,GCST90199650,cancerType_celltype,HNSC_Epi_HNSC,tissue,Tumor,Adjacent,group2_higher,1.6080083683523226e-100,3.84521084268586e-99
45289,1109,-0.4385549030375017,0.2498200826570441,-0.5647870898246765,0.2269714474678039,1.078294630994813,1.0358658864729162,-0.6883749856945458,-0.7917585372924805,,-0.2712615669994674,-0.8118655231745354,-21.84241241171434,-21.84241241171434,5.926038799493974e-89,15780010.0,-21.17792296495071,1.526182885956922e-99,-0.6389811952983192,-0.37163354527812476,GCST90199796,cancerType_celltype,HNSC_Epi_HNSC,tissue,Tumor,Adjacent,group2_higher,4.589313002108118e-88,7.591924356055784e-99
45289,1109,0.2025542064230704,-0.2795831543671402,0.2147063612937927,-0.3486271500587463,0.5198424587277505,0.9670716484571527,0.48213736079021063,0.563333511352539,,0.3218881127342145,-0.4649674291164284,16.54424165512099,16.54424165512099,3.436976939409948e-55,34372292.0,21.01181925906588,5.113887748371671e-98,0.9013612613121744,0.36871873114814724,GCST90200830,cancerType_celltype,HNSC_Epi_HNSC,tissue,Tumor,Adjacent,group1_higher,1.2199478042749371e-54,2.5346287276474864e-97
45289,1109,-0.009348526430773567,-0.2902356564606657,0.007522793021053,-0.4458362460136413,0.38023818320749386,0.6977460880055067,0.28088713002989213,0.4533590390346943,,0.23810197552366988,-4.956192639015282,13.357550261786386,13.357550261786386,7.000321894814492e-38,34367348.5,21.000601432728885,6.476210659702152e-98,0.7186778194530131,0.36852187895547317,GCST90199627,cancerType_celltype,HNSC_Epi_HNSC,tissue,Tumor,Adjacent,group1_higher,1.757171039158776e-37,3.198215626512331e-97
45289,1109,0.2813430759305678,-0.04675026336513507,0.2233565002679824,-0.2608518004417419,0.6702571437014224,0.9604663253114116,0.32809333929570283,0.4842083007097243,,0.2395998575898658,2.5892583291092706,11.308549072775685,11.308549072775685,3.5919722867058725e-28,34364635.5,20.994445073296852,7.372049373544517e-98,0.48346012709634373,0.3684138461854267,GCST90199862,cancerType_celltype,HNSC_Epi_HNSC,tissue,Tumor,Adjacent,group1_higher,7.909302466526824e-28,3.627474114130389e-97
45289,1109,0.05930294309034614,-0.24262203270635788,0.0484147109091281,-0.3747730851173401,0.49382237898935605,0.7133952303803889,0.301924975796704,0.42318779602646817,,0.26840671681974476,-2.032516577819169,14.012047177781382,14.012047177781382,2.928786360149514e-41,34342695.0,20.944657530311755,2.0990746936467905e-97,0.6036196188760276,0.36754016649828936,GCST90200518,cancerType_celltype,HNSC_Epi_HNSC,tissue,Tumor,Adjacent,group1_higher,8.015935359204393e-41,1.0291506501584803e-96
45289,1109,-0.49049027083743013,0.39089190447241123,-0.575481116771698,0.3087406158447265,1.4926057362625025,1.1731000459961953,-0.8813821753098414,-0.8842217326164246,,-0.23817768095543168,-0.3274540644361853,-24.53878256067808,-24.53878256067808,4.703457363603736e-108,15890146.0,-20.92800154865634,2.9772608273131604e-97,-0.5932131458346792,-0.36724788469506753,GCST90199765,cancerType_celltype,HNSC_Epi_HNSC,tissue,Tumor,Adjacent,group2_higher,6.164242679415281e-107,1.4544826192214472e-96
45289,1109,-0.6638891324264127,0.08021116968332702,-0.7314114570617676,-0.0143532445654273,1.1522449378346817,1.118938799211392,-0.7441003021097397,-0.7170582124963403,,-0.25283281604969343,-3.0490514666987716,-21.863732276476348,-21.863732276476348,4.402547936697971e-89,15907293.0,-20.88909145091174,6.728887227228913e-97,-0.6462228859273192,-0.3665650841392304,GCST90200059,cancerType_celltype,HNSC_Epi_HNSC,tissue,Tumor,Adjacent,group2_higher,3.428955907268191e-88,3.275526175254646e-96
45289,1109,0.20168519935409235,-0.1538987054046146,0.2235024720430374,-0.2746652066707611,0.505329752969252,0.700795349252454,0.35558390475870694,0.4981676787137985,,0.2838588931553722,0.39012189894840826,16.790720431140166,16.790720431140166,1.0881978137280277e-56,34309126.0,20.868482510122302,1.0357201184717008e-96,0.6960357504867782,0.3662034351832548,GCST90200166,cancerType_celltype,HNSC_Epi_HNSC,tissue,Tumor,Adjacent,group1_higher,3.9764440217461175e-56,5.023795450095829e-96
45289,1109,0.14374200279515778,0.9902388167238355,0.0781441703438758,0.8942014575004578,1.1773244446484967,1.344455290094533,-0.8464968139286777,-0.816057287156582,,-0.24899734941621957,2.7842862306159555,-20.77327920274599,-20.77327920274599,1.214743691859344e-81,15918051.0,-20.86467931867074,1.121467374754912e-96,-0.7164040522631461,-0.36613669617750555,GCST90200539,cancerType_celltype,HNSC_Epi_HNSC,tissue,Tumor,Adjacent,group2_higher,7.8098851509636125e-81,5.420425644648741e-96
45289,1109,0.21654478705259633,-0.16357530064164824,0.2040424942970276,-0.3085996806621551,0.6515357726050384,0.7598441479475536,0.38012008769424455,0.5126421749591827,,0.22860163728477093,0.40470836269560984,16.51153131393721,16.51153131393721,4.074295762430452e-55,34295915.5,20.838505146953523,1.9380080383313065e-96,0.5809290774683109,0.36567738766806923,GCST90200308,cancerType_celltype,HNSC_Epi_HNSC,tissue,Tumor,Adjacent,group1_higher,1.4349522284735674e-54,9.333939774719332e-96
45289,1109,0.6888813779526521,-0.25073556580247375,0.5992162227630615,-0.2847219705581665,1.6934512438280396,0.9705386589600202,0.9396169437551258,0.883938193321228,,0.24029813118206847,1.458085268603301,31.10212638610737,31.10212638610737,1.2596731442727032e-158,34293964.5,20.83407792349171,2.1257381010767675e-96,0.5593566840834937,0.3655996980498015,GCST90200280,cancerType_celltype,HNSC_Epi_HNSC,tissue,Tumor,Adjacent,group1_higher,5.0498073401285134e-157,1.0202045886505753e-95
45289,1109,-0.37073977367222194,0.17070666089032738,-0.4215233325958252,0.1565457284450531,0.8425420868999014,0.8403421973137016,-0.5414464345625494,-0.5780690610408783,,-0.20898766311191508,-1.1188829859301472,-21.197499144625578,-21.197499144625578,1.3897665523175308e-84,15932149.5,-20.832686899410678,2.188388183559622e-96,-0.64267431114894,-0.36557528813898743,GCST90200317,cancerType_celltype,HNSC_Epi_HNSC,tissue,Tumor,Adjacent,group2_higher,9.566928337418154e-84,1.0465870505936018e-95
45289,1109,-0.08198847694825481,-0.44713091184718934,-0.0822048410773277,-0.534704327583313,0.494761746598973,0.8710737529374382,0.3651424348989345,0.45249948650598526,,0.2585575043279704,-2.4471898527842795,13.90479060215137,13.90479060215137,1.1134542624361772e-40,34281275.5,20.805283951935095,3.876672025721165e-96,0.7201813940757034,0.36509441687799193,GCST90200077,cancerType_celltype,HNSC_Epi_HNSC,tissue,Tumor,Adjacent,group1_higher,3.0111868248025982e-40,1.8475188709992823e-95
45289,1109,-0.09692164665900295,0.5484381020927803,-0.1389706134796142,0.4880369901657104,1.0093212048986808,0.9422231276872997,-0.6453597487517833,-0.6270076036453246,,-0.2530958684871769,2.5004257286931555,-22.495540374474608,-22.495540374474608,1.96729553073661e-93,15944415.0,-20.804853937149847,3.9115907053843795e-96,-0.6403834044912426,-0.36508687091045644,GCST90200447,cancerType_celltype,HNSC_Epi_HNSC,tissue,Tumor,Adjacent,group2_higher,1.764094610785526e-92,1.8576648541598988e-95
45289,1109,0.11403480042686498,-0.18533143008483038,0.1232249736785888,-0.3317397534847259,0.4259738229244549,0.6326409902763558,0.29936623051169536,0.4549647271633147,,0.3077474144245011,-0.7006285354987808,15.671617801173166,15.671617801173166,3.0072442146345147e-50,34275178.0,20.791447460362356,5.172808046991256e-96,0.6928762484461053,0.3648516119331493,GCST90200503,cancerType_celltype,HNSC_Epi_HNSC,tissue,Tumor,Adjacent,group1_higher,9.690009136044547e-50,2.4481032527948203e-95
45289,1109,0.12461321582485092,-0.22089989167355534,0.1143620610237121,-0.3744038343429565,0.5534334686202003,0.7100766890434289,0.34551310749840625,0.4887658953666686,,0.26908684473687816,-0.8259305836983971,16.084914325325403,16.084914325325403,1.2631740435254273e-52,34274685.5,20.790329875762183,5.294691776909977e-96,0.6195462205829593,0.36483200038163877,GCST90200536,cancerType_celltype,HNSC_Epi_HNSC,tissue,Tumor,Adjacent,group1_higher,4.219868189522444e-52,2.497115879559965e-95
45289,1109,0.46903900534426496,0.04294535566481503,0.4479780793190002,-0.0877188295125961,0.6984279770508146,0.8881869198851073,0.42609364967944996,0.5356969088315963,,0.25158622842187967,3.4491033606066765,15.856346856072564,15.856346856072564,2.5106425250736936e-51,34264732.0,20.76774332080208,8.474940253789051e-96,0.605628215431089,0.3644356479390818,GCST90200719,cancerType_celltype,HNSC_Epi_HNSC,tissue,Tumor,Adjacent,group1_higher,8.245797016085409e-51,3.9832219192808545e-95
45289,1109,-0.04371995713694285,0.7771804276274348,-0.1417580395936966,0.7817767262458801,1.4052452405258138,1.2307557178963087,-0.8209003847643777,-0.9235347658395767,,-0.228032614327342,4.1518545352518545,-21.865569410881726,-21.865569410881726,2.9952403980785822e-89,15985377.5,-20.711901532713895,2.7056910013960147e-95,-0.5858002993513267,-0.36345572740031007,GCST90199691,cancerType_celltype,HNSC_Epi_HNSC,tissue,Tumor,Adjacent,group2_higher,2.346271645161556e-88,1.2673047542621195e-94
45289,1109,0.153335122138243,-0.14949790444228223,0.1546385288238525,-0.3265711069107055,0.4728534421558251,0.7213587932317993,0.30283302658052524,0.481209635734558,,0.2546763116331381,0.03656268763676775,13.907364603145352,13.907364603145352,1.0424464384969603e-40,34238330.0,20.707831709403408,2.9442038372364047e-95,0.6305223974940565,0.3633843094964846,GCST90200931,cancerType_celltype,HNSC_Epi_HNSC,tissue,Tumor,Adjacent,group1_higher,2.824760428770093e-40,1.374297887038774e-94
45289,1109,0.2721452088706056,-0.1915157056684212,0.2667977511882782,-0.3696400821208954,0.7457746951359615,0.8086713129235181,0.4636609145390268,0.6364378333091736,,0.26856992979272243,0.5069116973446655,18.898107696707687,18.898107696707687,1.295571901486109e-69,34229571.0,20.6879557225751,4.446802665420051e-95,0.6204162422499876,0.36303552253266713,GCST90199993,cancerType_celltype,HNSC_Epi_HNSC,tissue,Tumor,Adjacent,group1_higher,6.261930857182861e-69,2.0685979634701465e-94
45289,1109,-0.7257162319560875,0.05370592424941834,-0.827297568321228,-0.0881360694766044,1.179454739498637,1.2115960020473566,-0.7794221562055058,-0.7391614988446236,,-0.2560718634667859,-3.756227519807833,-21.178700791614727,-21.178700791614727,2.0021355152920123e-84,16001692.5,-20.674879415451215,5.831365774712067e-95,-0.660397119764054,-0.3628060574248926,GCST90199806,cancerType_celltype,HNSC_Epi_HNSC,tissue,Tumor,Adjacent,group2_higher,1.3644553536715064e-83,2.703452908480458e-94
45289,1109,0.1759935691673779,-0.21670801285160932,0.177308514714241,-0.3595629036426544,0.5824997834241122,0.8594898619041373,0.3927015820189872,0.5368714183568954,,0.28052669171303024,-0.30022824492881783,15.130698413671764,15.130698413671764,3.0267003185831688e-47,34163857.5,20.538838168009292,9.685402009941072e-94,0.664885155989368,0.36041878407544403,GCST90199948,cancerType_celltype,HNSC_Epi_HNSC,tissue,Tumor,Adjacent,group1_higher,9.229066072100356e-47,4.474984047304976e-93
45289,1109,0.3565642845875045,-0.06938708258242803,0.3203110992908478,-0.1328929215669632,0.6380614498414319,0.7524268919892524,0.42595136716993254,0.453204020857811,,0.32828646491587243,2.3614064421157632,18.68835203990933,18.68835203990933,3.0076221577401316e-68,34154927.0,20.51857301212732,1.469665228449522e-93,0.6644790812867937,0.3600631679114559,GCST90200387,cancerType_celltype,HNSC_Epi_HNSC,tissue,Tumor,Adjacent,group1_higher,1.4135824141378617e-67,6.767411170191549e-93
45289,1109,0.16195860832115047,-0.20199038203540312,0.1561160832643509,-0.400528073310852,0.590550174664999,0.7461922378935278,0.3639489903565536,0.5566441565752029,,0.27965515235439764,-0.3186596825343315,16.119455918860396,16.119455918860396,7.93241139586429e-53,34153830.5,20.516084826311904,1.546827820048899e-93,0.6119442699058736,0.36001950483281386,GCST90200434,cancerType_celltype,HNSC_Epi_HNSC,tissue,Tumor,Adjacent,group1_higher,2.6762071120205513e-52,7.098741813894443e-93
45289,1109,0.11208504828264397,-0.1700979282594161,0.1253275275230407,-0.376611053943634,0.4869448887850764,0.8338445434377312,0.2821829765420601,0.5019385814666747,,0.2152566606811742,-0.6017673387118767,11.222914848974158,11.222914848974158,8.80211710067673e-28,34143414.0,20.49244762836727,2.5143567699361068e-93,0.5665715765048456,0.35960471554081663,GCST90200248,cancerType_celltype,HNSC_Epi_HNSC,tissue,Tumor,Adjacent,group1_higher,1.9257280270019875e-27,1.1500229118868838e-92
45289,1109,0.1458593219756055,-0.2381289085053429,0.1318382620811462,-0.3530996143817901,0.6195428181792544,0.8813146621944427,0.38398823048094843,0.4849378764629363,,0.29896651348092534,-0.7071613469387741,14.422507532835617,14.422507532835617,2.0080538984734934e-43,34107726.5,20.411465292491577,1.3226270765703042e-92,0.6123537685314615,0.35818362468898024,GCST90200220,cancerType_celltype,HNSC_Epi_HNSC,tissue,Tumor,Adjacent,group1_higher,5.786421698983872e-43,6.029233128312123e-92
45289,1109,0.1356743243192934,-0.16057832325676227,0.1454486697912216,-0.3591082096099853,0.4531980321260491,0.736593222749736,0.2962526475760557,0.5045568794012069,,0.25267049691756716,-0.24312778114986405,13.332043004589009,13.332043004589009,9.192025012604217e-38,34085481.0,20.36098564127693,3.7105267692378745e-92,0.6412442991401878,0.35729779977704945,GCST90200362,cancerType_celltype,HNSC_Epi_HNSC,tissue,Tumor,Adjacent,group1_higher,2.3030753845918283e-37,1.6858159954904076e-91
45289,1109,-0.4736321299303717,0.2598375551997977,-0.5661706328392029,0.0350011065602302,1.0394968528692747,1.1893642123809658,-0.7334696851301694,-0.6011717393994331,,-0.2469610354570794,-0.8661544831304107,-20.347397870987766,-20.347397870987766,7.4671103785332e-79,16141463.5,-20.357710040524942,3.967051273138181e-92,-0.7030104665313951,-0.3572403190164295,GCST90200654,cancerType_celltype,HNSC_Epi_HNSC,tissue,Tumor,Adjacent,group2_higher,4.405918374866127e-78,1.7963757093977876e-91
45289,1109,0.05922431503608253,-0.197851272515632,0.0707283318042755,-0.3738418519496918,0.48208007733227887,0.7368340684157217,0.25707558755171456,0.4445701837539673,,0.22237647762508145,-1.7401377633888653,11.558265188410777,11.558265188410777,2.7503928382952687e-29,34072118.5,20.33066335859703,6.886678475865171e-92,0.5249536086912858,0.35676569955967197,GCST90200613,cancerType_celltype,HNSC_Epi_HNSC,tissue,Tumor,Adjacent,group1_higher,6.165765524007321e-29,3.1081267425841817e-91
45289,1109,-0.4377252901089575,0.22672187646882855,-0.4641403555870056,0.1602377444505691,1.041085391554829,1.030355254152462,-0.664447166577786,-0.6243781000375748,,-0.24598272775309377,-0.9490990685427303,-21.211790748677107,-21.211790748677107,1.0931118832407475e-84,16184179.5,-20.260778581070902,2.854202507342026e-91,-0.6383817643118199,-0.3555393504188241,GCST90200232,cancerType_celltype,HNSC_Epi_HNSC,tissue,Tumor,Adjacent,group2_higher,7.563002522117456e-84,1.283920137791149e-90
45289,1109,0.4731184011639082,-0.04805609093871088,0.4311390221118927,-0.2597252130508423,0.9251017100006345,1.1214017392026308,0.5211744921026191,0.690864235162735,,0.27963142590055773,3.2993830976037875,15.349663002642226,15.349663002642226,1.6936777677752368e-48,34031725.0,20.23900213312047,4.440794645879535e-91,0.560238497669418,0.3551572138623367,GCST90200955,cancerType_celltype,HNSC_Epi_HNSC,tissue,Tumor,Adjacent,group1_higher,5.3190847868148565e-48,1.991053652083489e-90
45289,1109,-0.32202851558372786,0.44078872574814926,-0.4111949503421783,0.3563036322593689,1.326847854951646,1.1208104483373718,-0.7628172413318771,-0.7674985826015472,,-0.23846093120068873,0.4528976724287126,-22.285744562689246,-22.285744562689246,3.5831101363625554e-92,16211427.5,-20.19894722028797,1.000088949401815e-90,-0.5768859510967447,-0.354454323910079,GCST90200174,cancerType_celltype,HNSC_Epi_HNSC,tissue,Tumor,Adjacent,group2_higher,3.0146784665815823e-91,4.4692499607694225e-90
45289,1109,0.07903367070471196,-0.18937035710602806,0.0532420687377452,-0.3827869892120361,0.4706625248197618,0.7588265823378574,0.26840402781074,0.4360290579497813,,0.2559183266449454,-1.2606605614367639,11.724010804425719,11.724010804425719,4.886103924842746e-30,34004849.5,20.17801605206051,1.5275867285535901e-90,0.5596802471742288,0.35408702045600293,GCST90200281,cancerType_celltype,HNSC_Epi_HNSC,tissue,Tumor,Adjacent,group1_higher,1.106272367036655e-29,6.804250689603083e-90
45289,1109,-0.2991865145564204,0.2655842806475247,-0.4367247521877289,0.3012135624885559,1.116825705264305,0.7411179042770855,-0.5647707952039451,-0.7379383146762848,,-0.25750253664927397,-0.17187477974282253,-24.700140405724284,-24.700140405724284,8.708020928207056e-110,16230043.0,-20.15670479160863,2.350275656708242e-90,-0.5091064340690908,-0.3537130470833929,GCST90200156,cancerType_celltype,HNSC_Epi_HNSC,tissue,Tumor,Adjacent,group2_higher,1.1751517351629917e-108,1.0434611466102063e-89
45289,1109,-0.4367895063785688,0.1741736761919526,-0.4939072728157043,0.1300025284290313,1.0026093032304597,0.9398340464004639,-0.6109631825705214,-0.6239098012447356,,-0.20606834275432637,-1.3264066185078311,-21.353105512953853,-21.353105512953853,1.0637354546060829e-85,16233673.5,-20.14846643446967,2.775868358902845e-90,-0.6102577103305032,-0.35356847908794375,GCST90200612,cancerType_celltype,HNSC_Epi_HNSC,tissue,Tumor,Adjacent,group2_higher,7.671277378984608e-85,1.2284118744105772e-89
45289,1109,-0.5168496437679434,-0.045515426527320366,-0.5493339896202087,-0.063025526702404,0.7715642139793117,0.7204355894284173,-0.471334217240623,-0.4863084629178047,,-0.22179930226013675,-3.505288237959855,-21.48744723470938,-21.48744723470938,1.3233587640602113e-86,16234719.5,-20.146092843623403,2.9121809118484942e-90,-0.6118182434158388,-0.3535268269399642,GCST90200124,cancerType_celltype,HNSC_Epi_HNSC,tissue,Tumor,Adjacent,group2_higher,9.749935110346315e-86,1.2845639426697402e-89
45289,1109,0.14274267929614637,-0.17719775184400102,0.1719680428504943,-0.3109755218029022,0.4239878762891296,0.7940955759080359,0.31994043114014736,0.4829435646533965,,0.26163197927519666,-0.3119415775182408,13.370619961326357,13.370619961326357,6.036450487041967e-38,33989875.5,20.144036941800543,3.0356333536387324e-90,0.7329683126018508,0.35349074964926674,GCST90200291,cancerType_celltype,HNSC_Epi_HNSC,tissue,Tumor,Adjacent,group1_higher,1.518022511778266e-37,1.3346994390353522e-89
45289,1109,0.2839748162458291,-0.06598465664115313,0.2884009182453155,-0.1870796978473663,0.4881800016655169,0.8276193678353504,0.34995947288698226,0.4754806160926818,,0.23769782342251125,2.1055437093505702,14.022021629333508,14.022021629333508,2.7159345518176054e-41,33986682.0,20.13679022825605,3.513911986098642e-90,0.701342787330832,0.35336358317261984,GCST90200672,cancerType_celltype,HNSC_Epi_HNSC,tissue,Tumor,Adjacent,group1_higher,7.44832755357625e-41,1.540019947605289e-89
45289,1109,0.42582079098958847,-0.2701944324424229,0.3765895962715149,-0.3624020516872406,1.1926754231249546,1.0121789813087008,0.6960152234320114,0.7389916479587555,,0.2452389733681474,0.6562464934816228,22.519933066179522,22.519933066179522,9.106501985496041e-94,33984155.5,20.131057075987332,3.944981044523241e-90,0.5855340706344864,0.3532629769088813,GCST90199783,cancerType_celltype,HNSC_Epi_HNSC,tissue,Tumor,Adjacent,group1_higher,8.330310205524231e-93,1.7234003729760184e-89
45289,1109,0.20242316508305863,-0.604348659857856,0.1798873096704483,-0.8060207366943359,1.456894346805606,1.286314008429979,0.8067718249409146,0.9859080463647842,,0.23010568113043045,-1.5780019672144945,20.566165451215355,20.566165451215355,1.4837203300696142e-80,33973311.5,20.106449791917672,6.48005588225384e-90,0.5552249138582926,0.35283116439196904,GCST90200255,cancerType_celltype,HNSC_Epi_HNSC,tissue,Tumor,Adjacent,group1_higher,9.192321863113111e-80,2.8218262516012728e-89
45289,1109,0.22902707572213146,-0.18168299949041009,0.2084600925445556,-0.3242148756980896,0.7269900415329398,0.8098663098571067,0.41071007521254155,0.5326749682426453,,0.24076032600875802,0.334093093729494,16.724178440000735,16.724178440000735,2.2368942511945442e-56,33968460.5,20.095441867256852,8.08931272186811e-90,0.5633272192579827,0.35263799558714215,GCST90200152,cancerType_celltype,HNSC_Epi_HNSC,tissue,Tumor,Adjacent,group1_higher,8.130364971675103e-56,3.5113800127089916e-89
45289,1109,-0.22702165767529617,0.29179095619103196,-0.2921308577060699,0.2190365493297577,0.7638721382050278,0.8399988705202263,-0.5188126138663282,-0.5111674070358276,,-0.25463467301021664,0.3621038222879657,-20.363119897155183,-20.363119897155183,5.471994716874225e-79,16288369.0,-20.024351006045457,3.378934583016942e-89,-0.6774970936282527,-0.3513904818988266,GCST90200250,cancerType_celltype,HNSC_Epi_HNSC,tissue,Tumor,Adjacent,group2_higher,3.2427516517824213e-78,1.4620596306832036e-88
45289,1109,-1.0469678552239654,-0.254822173591575,-1.0664184093475342,-0.2630158960819244,1.3861345847168771,1.2388751391801103,-0.7921456816323904,-0.8034025132656097,,-0.1988343959497472,-2.0386501390375837,-20.974264369939856,-20.974264369939856,3.0723541179897942e-83,16306907.0,-19.98228444093264,7.854792578995125e-89,-0.5728560343397502,-0.3506522911538503,GCST90200646,cancerType_celltype,HNSC_Epi_HNSC,tissue,Tumor,Adjacent,group2_higher,2.042740811131751e-82,3.388000723155176e-88
45289,1109,0.20712061821162503,-0.20277648590919978,0.1906266659498214,-0.3057316541671753,0.7020592606989979,0.7947406687355565,0.4098971041208248,0.49635832011699665,,0.20436060860413593,0.03058066107464902,17.013939745899606,17.013939745899606,4.452001020055026e-58,33916657.5,19.977890120976824,8.577492344200934e-89,0.5818973771566374,0.35057517893151524,GCST90200381,cancerType_celltype,HNSC_Epi_HNSC,tissue,Tumor,Adjacent,group1_higher,1.680907864358726e-57,3.688051124651695e-88
45289,1109,-0.8426074930129173,-0.12005513271327803,-0.9318538308143616,-0.2415679395198822,1.1546971642346942,1.1357063351792758,-0.7225523602996392,-0.6902858912944794,,-0.24859990210981006,-2.8111533562467153,-20.92381278310112,-20.92381278310112,8.777121758746016e-83,16318841.5,-19.955202586291424,1.350775463038288e-88,-0.6259944237201795,-0.35017705448075076,GCST90199624,cancerType_celltype,HNSC_Epi_HNSC,tissue,Tumor,Adjacent,group2_higher,5.751546614024433e-82,5.78964451610436e-88
45289,1109,0.15453460302386707,-0.1736164921406019,0.1733172237873077,-0.2898217141628265,0.47751650148204655,0.7206753342474843,0.32815109516446894,0.46313893795013417,,0.28330635191781106,-0.16797305322697048,15.082660309814706,15.082660309814706,5.601220697974704e-47,33881613.5,19.89836802000512,4.2040441863410174e-88,0.6769530199856603,0.3491797125129723,GCST90199699,cancerType_celltype,HNSC_Epi_HNSC,tissue,Tumor,Adjacent,group1_higher,1.7003260158885347e-46,1.7962734250729803e-87
45289,1109,-0.4071892875982161,0.26672758637529415,-0.485723078250885,0.201416477560997,1.140783533302711,1.046556831522458,-0.6739168739735102,-0.687139555811882,,-0.2238586532821025,-0.6103306977063756,-21.138858625402086,-21.138858625402086,2.6792752208506955e-84,16362321.5,-19.856537452452542,9.675780906206399e-88,-0.5918694659555999,-0.34844566309054836,GCST90200494,cancerType_celltype,HNSC_Epi_HNSC,tissue,Tumor,Adjacent,group2_higher,1.8168418537410437e-83,4.121277929737288e-87
45289,1109,0.6713052582038798,0.0694753536285777,0.6628120541572571,0.0012149995891377,1.0573266135614237,0.8829849244217355,0.601829904575302,0.6615970545681193,,0.2594853376101741,3.2723771486248867,22.30964508239772,22.30964508239772,2.3395870501147845e-92,33860113.0,19.849578928236422,1.111307866225267e-87,0.5712674240200688,0.34832355380586444,GCST90200360,cancerType_celltype,HNSC_Epi_HNSC,tissue,Tumor,Adjacent,group1_higher,1.9806566144760565e-91,4.718730908613828e-87
45289,1109,0.7083527093809859,-0.18536957331125417,0.6215099692344666,-0.2087385952472686,1.6301289220058053,1.0059545820141,0.8937222826922401,0.8302485644817351,,0.24037726326425968,1.9340576944253662,28.67857062714115,28.67857062714115,1.5906326924843109e-139,33840402.5,19.80485171755263,2.7036374849402436e-87,0.552351539468918,0.3475386736311501,GCST90199761,cancerType_celltype,HNSC_Epi_HNSC,tissue,Tumor,Adjacent,group1_higher,4.516734083033574e-138,1.1444279167619726e-86
45289,1109,0.3637487678966115,-0.07747568673495309,0.3340007662773132,-0.1230515018105506,0.735153687708976,0.7017054225879589,0.44122445463156457,0.4570522680878638,,0.2997795339794591,2.231112163465011,20.663850036725673,20.663850036725673,4.219423235924341e-81,33838205.0,19.7998651344889,2.9849850302204166e-87,0.6008181977720273,0.3474511682820247,GCST90199785,cancerType_celltype,HNSC_Epi_HNSC,tissue,Tumor,Adjacent,group1_higher,2.662534199335591e-80,1.2596082341146836e-86
45289,1109,-0.6586635568436102,0.26920633437858593,-0.7964282631874084,0.0790610834956169,1.5537825461498576,1.4610436027899432,-0.9278698912221961,-0.8754893466830254,,-0.2637622188427899,-1.2908262041091523,-20.862083063352568,-20.862083063352568,1.9869935576150533e-82,16398096.5,-19.775356560937226,4.853951689973477e-87,-0.5979959424823289,-0.34702108795291065,GCST90200158,cancerType_celltype,HNSC_Epi_HNSC,tissue,Tumor,Adjacent,group2_higher,1.2896534376330085e-81,2.0419556029116817e-86
45289,1109,1.3522314957137915,0.34750349176399925,1.3163517713546753,0.1451195627450943,1.8575757846537095,1.6765464870221272,1.0047280039497923,1.171232208609581,,0.2181871777452182,1.9602396912955695,19.663790922979747,19.663790922979747,1.198153916597364e-74,33820277.0,19.759182785835186,6.6880248070087895e-87,0.5420827715285623,0.34673726798663496,GCST90200274,cancerType_celltype,HNSC_Epi_HNSC,tissue,Tumor,Adjacent,group1_higher,6.429463733551996e-74,2.804854711370148e-86
45289,1109,0.18007413542869033,-0.1639599403176981,0.1622263491153717,-0.2919407486915588,0.6036189287150318,0.7950307287290119,0.34403407574638845,0.4541670978069305,,0.25026695939875243,0.13524682031409413,14.309999067851447,14.309999067851447,7.70367796689352e-43,33804852.5,19.724181397682063,1.3370740951925765e-86,0.5650167199911472,0.346123058085573,GCST90200108,cancerType_celltype,HNSC_Epi_HNSC,tissue,Tumor,Adjacent,group1_higher,2.1920904110388032e-42,5.590282183274483e-86
45289,1109,0.46120249925183665,-0.3400467723838748,0.4492146074771881,-0.4183381199836731,1.4665960325175755,1.168826415803614,0.8012492716357115,0.8675527274608612,,0.2109327829389913,0.43966601818221224,22.401084299934038,22.401084299934038,4.447366147248525e-93,33802328.5,19.718453918431617,1.4973937440786357e-86,0.5487284042224255,0.3460225513728574,GCST90199683,cancerType_celltype,HNSC_Epi_HNSC,tissue,Tumor,Adjacent,group1_higher,3.885743627371627e-92,6.241430193208503e-86
45289,1109,0.08931368432447871,-0.20971748456654934,0.0846424400806427,-0.3417245149612427,0.48123673348340473,0.6498595573146364,0.29903116889102804,0.4263669550418854,,0.24954927222264628,-1.231484731015137,15.221807723274004,15.221807723274004,9.17031762559879e-48,33797616.0,19.707760278983233,1.8497872775869857e-86,0.6153586617151187,0.345834897694699,GCST90200903,cancerType_celltype,HNSC_Epi_HNSC,tissue,Tumor,Adjacent,group1_higher,2.8278603899753735e-47,7.686768473631285e-86
45289,1109,-0.025965998660748123,-0.34260885671444147,-0.0601294599473476,-0.5245916247367859,0.5870045875970671,0.8396577898124503,0.31664285805369335,0.4644621647894383,,0.24071658506374763,-3.7218154796486713,12.48388573159161,12.48388573159161,1.3179675205757556e-33,33786351.0,19.682197658636063,3.064294020335068e-86,0.5328072706633109,0.3453863207855308,GCST90200049,cancerType_celltype,HNSC_Epi_HNSC,tissue,Tumor,Adjacent,group1_higher,3.124156053121313e-33,1.269493236995957e-85
45289,1109,0.08343337055322421,-0.2721280906853502,0.0350144542753696,-0.3923454880714416,0.5779026562447627,0.7530931473601741,0.3555614612385744,0.4273599423468112,,0.25773070574930323,-1.7055774640096488,15.610720959073966,15.610720959073966,6.178234096444874e-50,33782887.0,19.674337124514217,3.5783303395837515e-86,0.6101957178165744,0.3452483828882065,GCST90200121,cancerType_celltype,HNSC_Epi_HNSC,tissue,Tumor,Adjacent,group1_higher,1.9721154738769e-49,1.4779588645008042e-85
45289,1109,0.03666895554639135,-0.2743021816605613,0.0286240093410015,-0.382628321647644,0.4632242845633581,0.7925238026892971,0.3109711372069527,0.4112523309886455,,0.26830578568365865,-2.903100933959154,13.01261350068994,13.01261350068994,3.634162993163615e-36,33781002.0,19.67005966873486,3.893309577111011e-86,0.6563843980538328,0.34517332141694324,GCST90199797,cancerType_celltype,HNSC_Epi_HNSC,tissue,Tumor,Adjacent,group1_higher,8.908928344751811e-36,1.6031966627197304e-85
45289,1109,0.1615868411044266,-0.19274004043803808,0.1381324231624603,-0.3542020320892334,0.6003694311166133,0.7559167967807691,0.35432688154246467,0.4923344552516937,,0.24996448715406558,-0.25434515342482156,15.490569052666865,15.490569052666865,2.8472099602474514e-49,33770012.5,19.645122215001596,6.364476186077577e-86,0.5860994667225198,0.34473571503049816,GCST90200394,cancerType_celltype,HNSC_Epi_HNSC,tissue,Tumor,Adjacent,group1_higher,9.024993432133201e-49,2.6128858559107644e-85
45289,1109,0.18889027153727164,-0.27258391527549725,0.1503504514694214,-0.4112812280654907,0.7382551830841735,0.8717552631641109,0.46147418681276886,0.5616316795349121,,0.28572747715101043,-0.5291496883900402,17.475848278891007,17.475848278891007,8.130391187570403e-61,33766152.0,19.636361940181335,7.562743064338869e-86,0.622164742756356,0.34458198834094267,GCST90200318,cancerType_celltype,HNSC_Epi_HNSC,tissue,Tumor,Adjacent,group1_higher,3.3079770712413306e-60,3.095501140148312e-85
45289,1109,0.08369753920925892,-0.29620605702392294,0.0546853505074977,-0.4536347091197967,0.6795319563509296,0.7651313168966906,0.3799035962331819,0.5083200596272944,,0.2556678783927248,-1.8233316639645607,16.377555079406587,16.377555079406587,2.3661495923991214e-54,33729276.5,19.55268378602136,3.9138862763892634e-85,0.557287330470014,0.34311359084302606,GCST90199743,cancerType_celltype,HNSC_Epi_HNSC,tissue,Tumor,Adjacent,group1_higher,8.206264362442754e-54,1.5971937109935826e-84
45289,1109,-0.21957719473487824,0.4610635576663897,-0.2282899469137191,0.3596489131450653,1.0463683004931177,1.044835963804652,-0.6806407524012679,-0.5879388600587844,,-0.2596123998343051,1.0702339748220042,-21.4322175780489,-21.4322175780489,3.788172213926729e-86,16531799.0,-19.471957870571696,1.8987795153621734e-84,-0.6505018736953452,-0.3416969996974246,GCST90200529,cancerType_celltype,HNSC_Epi_HNSC,tissue,Tumor,Adjacent,group2_higher,2.7709955929270994e-85,7.725482028175051e-84
45289,1109,-0.2839993486204436,0.2780931030376846,-0.3491655588150024,0.1970047652721405,0.7527430948237364,0.9909131497589196,-0.5620924516581283,-0.5461703240871429,,-0.258373714909748,-0.030319547909436723,-18.758192436967946,-18.758192436967946,1.2542864319508866e-68,16535693.0,-19.46312157730655,2.25620395234925e-84,-0.7402750519906744,-0.3415419390241623,GCST90200826,cancerType_celltype,HNSC_Epi_HNSC,tissue,Tumor,Adjacent,group2_higher,5.956767967766754e-68,9.152398770988178e-84
45289,1109,0.3131567401788874,-0.08166974444586109,0.2991587519645691,-0.1758004426956176,0.6811396909262322,0.7065247052569713,0.39482648462474845,0.47495919466018666,,0.243529772557435,1.9389982544843902,18.4017025277179,18.4017025277179,1.5208236171273495e-66,33687548.0,19.457993168785947,2.4936501758730355e-84,0.5791308651809122,0.3414519448994646,GCST90200644,cancerType_celltype,HNSC_Epi_HNSC,tissue,Tumor,Adjacent,group1_higher,6.886653123403912e-66,1.0085594034762456e-83
45289,1109,-0.6780646482163069,-0.146617377254666,-0.7330809831619263,-0.2537024915218353,0.9088862266933809,0.8459311640918095,-0.5314472709616409,-0.47937849164009094,,-0.23840763697356937,-2.2093590141328,-20.63183563522573,-20.63183563522573,6.397571578320324e-81,16544875.5,-19.44228458118246,3.387476276541636e-84,-0.5856596260765516,-0.34117628811706624,GCST90200581,cancerType_celltype,HNSC_Epi_HNSC,tissue,Tumor,Adjacent,group2_higher,3.98168495947516e-80,1.366014841694157e-83
45289,1109,0.030149715603835715,-0.3428651515074911,0.0175556503236293,-0.467106431722641,0.5624855994887569,0.8052801385314571,0.3730148671113268,0.4846620820462703,,0.2551465833595614,-3.507381336418325,15.33437188555178,15.33437188555178,2.2495988683740575e-48,33675775.5,19.43127892572895,4.1978100112783095e-84,0.654996221167428,0.34098315913264865,GCST90200289,cancerType_celltype,HNSC_Epi_HNSC,tissue,Tumor,Adjacent,group1_higher,7.032576278884955e-48,1.6877920487824e-83
45289,1109,-0.6703596225019647,0.0014281197658062277,-0.7367633581161499,-0.0986257046461105,0.9113156635975265,1.1293125934790573,-0.6717877422677709,-0.6381376534700394,,-0.2534254889192081,-8.873666771318403,-19.653884212653253,-19.653884212653253,2.5423900886459656e-74,16556457.0,-19.416003756721672,5.652198910093684e-84,-0.7324924046784834,-0.34071510804839955,GCST90200032,cancerType_celltype,HNSC_Epi_HNSC,tissue,Tumor,Adjacent,group2_higher,1.3536240979783012e-73,2.261918273627767e-83
45289,1109,-0.40826174364753515,0.23840722495377586,-0.4835631549358368,0.2700059711933136,1.1161445977059705,1.03784821957804,-0.646668968601311,-0.7535691261291504,,-0.20296264030824396,-0.7760639103962721,-20.462069218313054,-20.462069218313054,8.338648666036882e-80,16556484.0,-19.4159424881243,5.658944470337994e-84,-0.580316249587438,-0.34071403289735225,GCST90200785,cancerType_celltype,HNSC_Epi_HNSC,tissue,Tumor,Adjacent,group2_higher,5.0068626131313963e-79,2.261918273627767e-83
45289,1109,0.04925307579007163,-0.27921523066082,0.0031319025438278,-0.4484906792640686,0.5756567384740835,0.761266525641443,0.32846830645089165,0.4516225818078964,,0.2529221612498736,-2.5030677888404487,14.269313781045748,14.269313781045748,1.2663993487553682e-42,33648746.0,19.369943386743252,1.3841271038539455e-83,0.5655629572452,0.33990683338330463,GCST90199972,cancerType_celltype,HNSC_Epi_HNSC,tissue,Tumor,Adjacent,group1_higher,3.596046484069931e-42,5.516272639043648e-83
45289,1109,0.06656359979905602,-0.2884196336901017,0.0396631695330143,-0.4446618854999542,0.5392732749123775,0.8752156737727278,0.3549832334891577,0.4843250550329685,,0.2643008593842217,-2.1153473427861296,13.444637955256894,13.444637955256894,2.4843011883835095e-38,33644012.0,19.359200959337702,1.705134539010056e-83,0.6457830488433395,0.33971832356634923,GCST90200117,cancerType_celltype,HNSC_Epi_HNSC,tissue,Tumor,Adjacent,group1_higher,6.352912795059519e-38,6.775797016532671e-83
45289,1109,0.021484898602608084,-0.29342946805332526,-0.0228184163570404,-0.4227215349674225,0.573428088348606,0.7688998544250918,0.31491436665593336,0.3999031186103821,,0.26809376850608807,-3.771556658378938,13.547245986618623,13.547245986618623,7.108147441773495e-39,33643080.5,19.357087192728436,1.776546355333391e-83,0.5440193813716424,0.3396812308552184,GCST90200128,cancerType_celltype,HNSC_Epi_HNSC,tissue,Tumor,Adjacent,group1_higher,1.8489322448735253e-38,7.03904849511457e-83
45289,1109,0.5655699782386794,0.15336928306637893,0.555368185043335,0.0145350024104118,0.6546019413551836,0.7934037625638994,0.41220069517230046,0.5408331826329231,,0.2836856485251997,1.8826891172633373,17.15894115277709,17.15894115277709,6.5539069725227755e-59,33619722.0,19.304081913777758,4.963056379234403e-83,0.6261993495056677,0.33875108582789437,GCST90200364,cancerType_celltype,HNSC_Epi_HNSC,tissue,Tumor,Adjacent,group1_higher,2.5450071804981603e-58,1.9607669115642002e-82
45289,1109,0.18543443883892433,-0.1713755013070646,0.1764386445283889,-0.2198901623487472,0.5581779268385527,0.7894275335318426,0.35680994014598894,0.3963288068771361,,0.2564868244059253,0.11374768139987382,14.960573009973963,14.960573009973963,2.5355622733080078e-46,33612380.0,19.287421393707724,6.850748031189754e-83,0.6317399152598526,0.3384587243838544,GCST90200989,cancerType_celltype,HNSC_Epi_HNSC,tissue,Tumor,Adjacent,group1_higher,7.62907589077001e-46,2.698719527893536e-82
45289,1109,-0.01942619224369645,-0.2585151550097381,-0.0527496039867401,-0.4650551080703735,0.5257352696655633,0.7764222492890173,0.23908896276604163,0.41230550408363337,,0.2275788386044759,-3.7341051267101992,10.197716311162072,10.197716311162072,2.0111367968048675e-23,33599901.0,19.25910395568621,1.1841243997435294e-82,0.44848987055179185,0.33796180549796806,GCST90200236,cancerType_celltype,HNSC_Epi_HNSC,tissue,Tumor,Adjacent,group1_higher,3.938476227076199e-23,4.65118604279663e-82
45289,1109,-0.6530372553149925,-0.051567266632059995,-0.6755583882331848,0.0160179827362298,1.1217693857656776,1.0143898002168683,-0.6014699886829324,-0.6915763709694146,,-0.15130818299095122,-3.6626120500103827,-19.45663231105649,-19.45663231105649,2.580349760335345e-73,16639164.0,-19.228324427733344,2.1445010990930909e-82,-0.5373505838328562,-0.337421681468145,GCST90200432,cancerType_celltype,HNSC_Epi_HNSC,tissue,Tumor,Adjacent,group2_higher,1.3271761220139907e-72,8.399295971447938e-82
45289,1109,0.05371696326269471,-0.18766208676931198,0.0673734247684478,-0.3482122719287872,0.42210647025601367,0.6324914346297834,0.2413790500320067,0.415585696697235,,0.24064405405207523,-1.8046683901413032,12.640238481317922,12.640238481317922,2.3481670965928293e-34,33584997.0,19.225283689937942,2.2739716099645212e-82,0.5635262120390138,0.3373683221198729,GCST90199999,cancerType_celltype,HNSC_Epi_HNSC,tissue,Tumor,Adjacent,group1_higher,5.62487127004574e-34,8.88086906699611e-82
45289,1109,-0.44998572592531394,0.3917542452807643,-0.4931741654872894,0.2335388660430908,1.3328061675528373,1.4049931918383098,-0.8417399712060782,-0.7267130315303801,,-0.22499843921644896,-0.19992985294940552,-19.734971239256808,-19.734971239256808,5.888123243987452e-75,16647377.0,-19.2096874280963,3.0711622074912645e-82,-0.6307173374963176,-0.33709463644772797,GCST90200548,cancerType_celltype,HNSC_Epi_HNSC,tissue,Tumor,Adjacent,group2_higher,3.2102047926219585e-74,1.195998311088741e-81
45289,1109,-0.834052160435733,-0.2149072318932649,-0.869188129901886,-0.2957294881343841,1.0979442372116297,0.9555800248316647,-0.6191449285424682,-0.5734586417675018,,-0.2046825580362281,-1.9564185951884534,-21.236472978809076,-21.236472978809076,5.0199405987344014e-85,16652475.5,-19.198117874626256,3.8375565894279254e-82,-0.5655530183045102,-0.33689161209163454,GCST90200770,cancerType_celltype,HNSC_Epi_HNSC,tissue,Tumor,Adjacent,group2_higher,3.508809762089738e-84,1.490196476179562e-81
45289,1109,-0.6143135834962379,-0.17712523746891015,-0.6812306046485901,-0.2252715528011322,0.7211070730029119,0.7270049071016796,-0.4371883460273277,-0.4559590518474579,,-0.2490040103414227,-1.7941997001333982,-19.789172263839,-19.789172263839,2.410525193674125e-75,16652617.5,-19.197795647188233,3.861434173121877e-82,-0.6061549605178677,-0.336885957593534,GCST90200825,cancerType_celltype,HNSC_Epi_HNSC,tissue,Tumor,Adjacent,group2_higher,1.3248168705555775e-74,1.4952087437400905e-81
45289,1109,0.5278328568350033,0.13114636098893362,0.5336354970932007,-0.0327324569225311,0.7312317664861384,0.9599295772917489,0.39668649584606963,0.5663679540157318,,0.2316385938972096,2.0088951151043917,13.665012691253033,13.665012691253033,1.7653148822906186e-39,33549253.0,19.144173143849233,1.0824551331022534e-81,0.5378651010667944,0.33594498141491913,GCST90199926,cancerType_celltype,HNSC_Epi_HNSC,tissue,Tumor,Adjacent,group1_higher,4.6540119624025404e-39,4.1795647207319302e-81
45289,1109,-1.1939583650776509,-0.2738843912313488,-1.299458146095276,-0.5627257823944092,1.6725514374655615,1.3888984495069707,-0.9200739738463021,-0.7367323637008669,,-0.23599691940483214,-2.1241095157868233,-21.679076224069213,-21.679076224069213,4.438256826506324e-88,16677411.0,-19.1415340557477,1.1387014418578593e-81,-0.5521525080440428,-0.33589867027906795,GCST90201004,cancerType_celltype,HNSC_Epi_HNSC,tissue,Tumor,Adjacent,group2_higher,3.3795218181721334e-87,4.38432221822673e-81
45289,1109,0.7164165279607847,0.16679502901471,0.7213547825813293,0.0721877887845039,0.9158858374818483,0.9901648739433897,0.5496214989460747,0.6491669937968254,,0.25431242649921393,2.102715692587007,18.29445611188634,18.29445611188634,7.461648286903433e-66,33535133.0,19.112131936632007,2.0012797346699208e-81,0.5988925063937541,0.33538271723760404,GCST90200947,cancerType_celltype,HNSC_Epi_HNSC,tissue,Tumor,Adjacent,group1_higher,3.345469281266243e-65,7.683786699591837e-81
45289,1109,0.2420588359078926,-0.20442267366136174,0.2258216589689254,-0.3454995453357696,0.7229172384909602,0.8572541577656613,0.44648150956925436,0.571321204304695,,0.27525993547887856,0.24380143823316264,17.19534173127061,17.19534173127061,3.8983902442944813e-59,33525447.5,19.090153529230985,3.0487873638542577e-81,0.6146369586781153,0.3349970366647015,GCST90199789,cancerType_celltype,HNSC_Epi_HNSC,tissue,Tumor,Adjacent,group1_higher,1.5268695123486718e-58,1.1672744879026273e-80
45289,1109,-0.37888167547547125,0.16958204488157874,-0.4443655908107757,0.0836616903543472,0.9671878886379629,0.8693944799922204,-0.5484637203570499,-0.5280272811651229,,-0.20796664758212643,-1.159759238977051,-20.69730086569949,-20.69730086569949,2.1383751100638623e-81,16717962.5,-19.04951429551616,6.63160482606077e-81,-0.5683750522435568,-0.3342838929570857,GCST90200102,cancerType_celltype,HNSC_Epi_HNSC,tissue,Tumor,Adjacent,group2_higher,1.3683592840455608e-80,2.5318984251879074e-80
45289,1109,-0.11852922402840343,1.5477908071589457,-0.2943011522293091,1.0631986856460571,2.025839863828503,2.8225439335928075,-1.6663200311873492,-1.3574998378753662,,-0.3071067018243026,3.7068845441795784,-19.53715948558649,-19.53715948558649,1.6326619549757676e-73,16723389.0,-19.037200442048434,8.389551247642388e-81,-0.8134417841802657,-0.3340678075067882,GCST90199837,cancerType_celltype,HNSC_Epi_HNSC,tissue,Tumor,Adjacent,group2_higher,8.49358108638157e-73,3.1941224442839596e-80
45289,1109,0.03717373851466479,-0.2419924273519257,0.0171154979616403,-0.3539817035198211,0.4427714173728381,0.686698997871309,0.2791661658665905,0.3710972014814614,,0.24462740183896586,-2.7025733642212284,13.46984725396205,13.46984725396205,1.8321584061694577e-38,33452928.0,18.925591749713302,7.019825287852816e-80,0.6201762521976794,0.332109280502747,GCST90200125,cancerType_celltype,HNSC_Epi_HNSC,tissue,Tumor,Adjacent,group1_higher,4.694044939114607e-38,2.665187149677824e-79
45289,1109,0.28419011143436096,-0.058974432759590543,0.2668374478816986,-0.133061483502388,0.6197087749107775,0.7594972685484419,0.3431645441939515,0.3998989313840866,,0.23353605540484848,2.2686754274581995,14.925552282663347,14.925552282663347,3.670983665530222e-46,33436122.5,18.887456586265067,1.4465226303982575e-79,0.5504613860566425,0.3314400786166374,GCST90200606,cancerType_celltype,HNSC_Epi_HNSC,tissue,Tumor,Adjacent,group1_higher,1.0996814804654268e-45,5.476695403424513e-79
45289,1109,0.4613311833625149,-0.09115440514660042,0.4623755514621734,-0.2390972226858139,0.9243037176931892,1.084097693599035,0.5524855885091153,0.7014727741479874,,0.26108437236291665,2.3394058310236616,16.822362371840626,16.822362371840626,6.226507043148852e-57,33418354.5,18.84713731078095,3.101864369449592e-79,0.5950684332610096,0.33073254958671283,GCST90200962,cancerType_celltype,HNSC_Epi_HNSC,tissue,Tumor,Adjacent,group1_higher,2.2875280592484865e-56,1.1711471289639318e-78
45289,1109,0.36547357414857917,-0.06609201027998722,0.3628821671009063,-0.1217418015003204,0.8134974792521875,0.7001522710833957,0.4315655844285664,0.4846239686012267,,0.19483988051343035,2.467201430695999,20.195652449993823,20.195652449993823,3.70892298688203e-78,33417710.0,18.845674806669656,3.18879612484326e-79,0.5321562599315733,0.3307068853330104,GCST90200817,cancerType_celltype,HNSC_Epi_HNSC,tissue,Tumor,Adjacent,group1_higher,2.133021954059159e-77,1.2006434028070066e-78
45289,1109,-0.29124073376209714,0.22607929232030413,-0.3205267786979675,0.1785980314016342,0.8707602156451313,0.834620188106179,-0.5173200260824012,-0.49912481009960163,,-0.21535558655033635,-0.36538186653153626,-20.371555015758393,-20.371555015758393,3.5405330846366255e-79,16809498.5,-18.841800135187828,3.4310324511081516e-79,-0.5946790650013867,-0.3306388919843727,GCST90200908,cancerType_celltype,HNSC_Epi_HNSC,tissue,Tumor,Adjacent,group2_higher,2.107312923301188e-78,1.2882912481709122e-78
45289,1109,-0.066305535809811,0.701902578706094,-0.1449338346719741,0.599609911441803,1.2276197588398932,1.3106309097116768,-0.768208114515905,-0.744543746113777,,-0.22968098320335584,3.404049871123804,-19.312948033165757,-19.312948033165757,3.0094740422735627e-72,16815158.5,-18.828956421813217,4.373027274275592e-79,-0.6247283244782744,-0.3304135084685367,GCST90200623,cancerType_celltype,HNSC_Epi_HNSC,tissue,Tumor,Adjacent,group2_higher,1.5192270813403208e-71,1.637482465614734e-78
45289,1109,0.21812207067153436,-0.15499035870363811,0.2075368165969848,-0.2778121531009674,0.5557213453653039,0.9024642157926827,0.37311242937517247,0.4853489696979522,,0.2520013611850837,0.4929545879659296,13.704668630627507,13.704668630627507,1.1759345932981995e-39,33404928.5,18.816670933436868,5.514340221428393e-79,0.6586492166945646,0.33019792077335386,GCST90199653,cancerType_celltype,HNSC_Epi_HNSC,tissue,Tumor,Adjacent,group1_higher,3.118285701683747e-39,2.0591906087142192e-78
45289,1109,0.5984885437568895,-0.023176349855802376,0.5180127024650574,-0.2365031242370605,1.0870487070334607,1.2356026214237135,0.621664893612692,0.7545158267021179,,0.26654034129647386,4.690538521714019,16.598399275414597,16.598399275414597,1.241468595482264e-55,33403704.5,18.813893423689425,5.811033488378847e-79,0.5698996529605461,0.33014918059254406,GCST90200648,cancerType_celltype,HNSC_Epi_HNSC,tissue,Tumor,Adjacent,group1_higher,4.4529518306376994e-55,2.164054274497368e-78
45289,1109,0.3988370019638143,-0.04515501604421985,0.3962665498256683,-0.1065548881888389,0.6530052674111462,0.9086936029468191,0.4439920180080341,0.5028214380145072,,0.2652239407917668,3.1428127657738663,16.169431044979234,16.169431044979234,4.359407230979222e-53,33394955.5,18.794040128934217,8.449683820553745e-79,0.6724436122611708,0.3298007918328181,GCST90200871,cancerType_celltype,HNSC_Epi_HNSC,tissue,Tumor,Adjacent,group1_higher,1.48546801395617e-52,3.138125081039443e-78
45289,1109,0.03826930730423546,-0.24629302372747816,0.0194976050406694,-0.3899666666984558,0.4692803635591157,0.80300140319294,0.28456233103171363,0.4094642717391252,,0.2548675540057603,-2.6860842308027713,11.752178820567757,11.752178820567757,3.659470748581223e-30,33389013.0,18.780555364494532,1.089370436752005e-78,0.5928847896673402,0.32956415905139513,GCST90199945,cancerType_celltype,HNSC_Epi_HNSC,tissue,Tumor,Adjacent,group1_higher,8.313097717193679e-30,4.034814960035279e-78
45289,1109,-0.42726914472729666,0.16280986000798436,-0.4767491519451141,0.1132630556821823,1.1493594206672086,0.9539150670040849,-0.5900790047352811,-0.5900122076272963,,-0.18089540388944772,-1.3919515777839546,-20.243277860542516,-20.243277860542516,1.6138343864703726e-78,16853218.5,-18.742590391594543,2.2253066447263745e-78,-0.5153164679722089,-0.32889794369597225,GCST90200514,cancerType_celltype,HNSC_Epi_HNSC,tissue,Tumor,Adjacent,group2_higher,9.400240464782556e-78,8.219764110466255e-78
45289,1109,0.47748453131791696,0.05199429179341058,0.439115434885025,-0.0782611966133117,0.7782222245568129,0.7789949853949308,0.4254902395245064,0.5173766314983367,,0.2813201514815188,3.199004120189522,17.971227462234282,17.971227462234282,6.48590490445619e-64,33356894.5,18.707671829508236,4.2870705601560577e-78,0.5467334798060295,0.32828518723984446,GCST90199893,cancerType_celltype,HNSC_Epi_HNSC,tissue,Tumor,Adjacent,group1_higher,2.8064407570710436e-63,1.5792641009439748e-77
45289,1109,-0.3078001431763683,0.15747172262165735,-0.3660770654678345,0.1039554923772811,0.7820770658849701,0.7837742105779884,-0.4652718657980256,-0.47003255784511555,,-0.23179548574404965,-0.9668966428124327,-19.532183045670628,-19.532183045670628,1.0657015068512727e-73,16877596.0,-18.687272790394974,6.284579558473183e-78,-0.5948873195394756,-0.3279272216717162,GCST90200239,cancerType_celltype,HNSC_Epi_HNSC,tissue,Tumor,Adjacent,group2_higher,5.5653300913344237e-73,2.308863056118315e-77
45289,1109,0.06096760442815504,-0.3097857187125862,0.0501323714852333,-0.4053500592708587,0.567547609973997,0.8511181712670051,0.3707533231407412,0.455482430756092,,0.2499457942467396,-2.345136865529714,14.428107127255236,14.428107127255236,1.9098648201711473e-43,33344378.5,18.679270430816253,7.301173506270003e-78,0.6437256506573766,0.32778679499881935,GCST90199933,cancerType_celltype,HNSC_Epi_HNSC,tissue,Tumor,Adjacent,group1_higher,5.515139300621343e-43,2.6751342712489287e-77
45289,1109,0.03101621206110262,-0.26090327911796946,0.03763023391366,-0.4099880158901214,0.4827245844880736,0.8825441626088227,0.29191949117907207,0.4476182498037814,,0.22404404967110172,-3.0723796834593404,10.97507269996753,10.97507269996753,1.0779393672076718e-26,33333877.0,18.655440350250267,1.1406107827043203e-77,0.5884960090147561,0.32736862097204367,GCST90200008,cancerType_celltype,HNSC_Epi_HNSC,tissue,Tumor,Adjacent,group1_higher,2.2814151514038147e-26,4.167969160391391e-77
45289,1109,0.4157206291369933,-0.16758701424170042,0.3696328103542328,-0.3341237008571625,1.0934918389367796,0.924218468952804,0.5833076433786937,0.7037565112113953,,0.2070234535117647,1.3106988380032996,20.666649243542384,20.666649243542384,2.7988795054958883e-81,33333335.0,18.654210439888246,1.1671597239600975e-77,0.5352645131818655,0.3273470383102799,GCST90200369,cancerType_celltype,HNSC_Epi_HNSC,tissue,Tumor,Adjacent,group1_higher,1.7826508252293906e-80,4.253579421811799e-77
45289,1109,-0.8133991984504247,-0.13384601065945267,-0.8467864394187927,-0.3378736674785614,1.2084643617129966,1.0104565738517073,-0.6795531877909721,-0.5089127719402313,,-0.21089301793893164,-2.603380424611338,-22.013863589130167,-22.013863589130167,2.4501360203214316e-90,16897971.0,-18.641037691453686,1.4931919167457196e-77,-0.5643589299608611,-0.327115880835116,GCST90199649,cancerType_celltype,HNSC_Epi_HNSC,tissue,Tumor,Adjacent,group2_higher,1.9644325857047712e-89,5.427254886731776e-77
45289,1109,-0.34372511359576574,0.4721408958111808,-0.3798455893993377,0.3469714820384979,1.3681669088243125,1.3372425803744465,-0.8158660094069465,-0.7268170714378357,,-0.22903465439021797,0.45796104663309656,-20.062195528308905,-20.062195528308905,3.8562752497948665e-77,16918840.5,-18.5936804694976,3.6150715629971806e-77,-0.5966390268711738,-0.32628484880618713,GCST90200493,cancerType_celltype,HNSC_Epi_HNSC,tissue,Tumor,Adjacent,group2_higher,2.1541406415862307e-76,1.3104634415864781e-76
45289,1109,0.4338806037363248,0.010646886067868885,0.4157063066959381,-0.0779760181903839,0.7666559560150592,0.8425270842638347,0.4232337176684559,0.493682324886322,,0.21186709061600276,5.3486624734788775,16.561643321964382,16.561643321964382,1.969800249110247e-55,33302253.0,18.583678938278766,4.356033408997604e-77,0.5506874927278199,0.3261093403528219,GCST90199720,cancerType_celltype,HNSC_Epi_HNSC,tissue,Tumor,Adjacent,group1_higher,7.028371045909075e-55,1.5748736170991337e-76
45289,1109,-0.05213268523470819,-0.2922077269483999,-0.0618274733424186,-0.4448410868644714,0.5030343108688875,0.8181489031390555,0.24007504171369173,0.38301361352205276,,0.19700974952739997,-2.4867115154167934,9.727014264291386,9.727014264291386,1.5755489692752507e-21,33283351.0,18.54078638170511,9.679797317997761e-77,0.4681454152323494,0.325356654978912,GCST90200095,cancerType_celltype,HNSC_Epi_HNSC,tissue,Tumor,Adjacent,group1_higher,2.9743396746844412e-21,3.490360778949986e-76
45289,1109,-0.576421816316104,0.07328029293238376,-0.6175102591514587,-0.0724650844931602,1.1939385987216702,1.0314160853442778,-0.6497021092484878,-0.5450451746582985,,-0.18321002924795365,-2.9756105794277055,-20.641225362892644,-20.641225362892644,4.429927284856897e-81,16948649.0,-18.52603880339741,1.2732465391086465e-76,-0.5458232144164693,-0.3250978621397923,GCST90199991,cancerType_celltype,HNSC_Epi_HNSC,tissue,Tumor,Adjacent,group2_higher,2.7824842807649543e-80,4.5789842554223885e-76
45289,1109,0.7004953111475867,0.07376501495875183,0.6590815186500549,-0.0522342324256897,1.1617615416520597,1.0663756207305608,0.6267302961888348,0.7113157510757446,,0.1933240738082602,3.247349248810648,19.29368145528103,19.29368145528103,2.9435581009648395e-72,33271936.0,18.51488338026144,1.5663881128966966e-76,0.5404827352655075,0.32490210500837025,GCST90200730,cancerType_celltype,HNSC_Epi_HNSC,tissue,Tumor,Adjacent,group1_higher,1.4914757217899913e-71,5.618386836521573e-76
45289,1109,0.2731762815110605,-0.07429651561060062,0.2352590560913086,-0.1924092173576355,0.6140772618575213,0.7868484518944072,0.3474727971216611,0.4276682734489441,,0.25989849597115877,1.8784516331845573,14.597577996759282,14.597577996759282,2.231138608291443e-44,33269649.0,18.509693703143466,1.7248221134252554e-76,0.5615578538546493,0.32481103573262504,GCST90200561,cancerType_celltype,HNSC_Epi_HNSC,tissue,Tumor,Adjacent,group1_higher,6.497952827139394e-44,6.170426615744417e-76
45289,1109,-0.364485071677055,0.20203330055329732,-0.3678452670574188,0.1725530624389648,0.8758657259572138,0.9971328936314999,-0.5665183722303524,-0.5403983294963837,,-0.22721448067971428,-0.8512634364354781,-18.744004318826864,-18.744004318826864,1.2883434209295552e-68,16966660.0,-18.485168110536964,2.7185607441039964e-76,-0.6445349584633528,-0.32438065675044236,GCST90201010,cancerType_celltype,HNSC_Epi_HNSC,tissue,Tumor,Adjacent,group2_higher,6.09726417613536e-68,9.69999553459096e-76
45289,1109,0.34211719534006135,-0.12331405359070927,0.2965354323387146,-0.2283791005611419,0.8758281681605401,0.693916650560466,0.4654312489307706,0.5249145328998566,,0.26729914120467435,1.4721459085872322,21.913129271140882,21.913129271140882,9.360079864895395e-90,33248916.0,18.462646227985196,4.126302885777218e-76,0.5337965228565749,0.32398543918954625,GCST90200468,cancerType_celltype,HNSC_Epi_HNSC,tissue,Tumor,Adjacent,group1_higher,7.374444425348221e-89,1.4684466927713703e-75
45289,1109,-0.28401365910517296,0.6359866127339037,-0.3734948337078094,0.4175827801227569,1.318099593024588,1.6779486734139915,-0.9200002718390766,-0.7910776138305663,,-0.23205477600080265,1.1630332713307716,-18.122512309856667,-18.122512309856667,1.038288489783503e-64,16977949.5,-18.4595498946107,4.369769595313662e-76,-0.6928597605732965,-0.3239311042412498,GCST90200976,cancerType_celltype,HNSC_Epi_HNSC,tissue,Tumor,Adjacent,group2_higher,4.5651200373384346e-64,1.5510406141699272e-75
45289,1109,0.43727769968420255,-0.18970974438933036,0.4209579527378082,-0.2897188067436218,1.226423830466178,1.0207264502510767,0.6269874440735329,0.71067675948143,,0.20837668149085167,1.2047516858839296,20.10348972701192,20.10348972701192,1.337208666246509e-77,33232154.5,18.4246109096586,8.338983771631011e-76,0.5131186394055594,0.32331798940143974,GCST90199817,cancerType_celltype,HNSC_Epi_HNSC,tissue,Tumor,Adjacent,group1_higher,7.562719552257228e-77,2.952216852138459e-75
45289,1109,0.23977037424460165,-0.03255300652273012,0.2138608396053314,-0.1926036477088928,0.5919346722286933,0.9452930852529227,0.27232338076733176,0.4064644873142242,,0.19652641743384214,2.8807524125832913,9.547928548213994,9.547928548213994,7.884675383583415e-21,33231581.0,18.423309519266315,8.541941705952266e-76,0.4517696678513744,0.3232951523967875,GCST90199829,cancerType_celltype,HNSC_Epi_HNSC,tissue,Tumor,Adjacent,group1_higher,1.4542371512617314e-20,3.016234856272782e-75
45289,1109,-0.49120912619339285,0.023371830840013093,-0.5506557822227478,-0.0789299607276916,0.8497962413498543,0.9034492696102543,-0.5145809570334059,-0.4717258214950562,,-0.21168018410047723,-4.393435917598924,-18.765555770778107,-18.765555770778107,8.524780861440311e-69,16995133.5,-18.420555836195625,8.987773189583352e-76,-0.60459487280716,-0.3232468303302739,GCST90200233,cancerType_celltype,HNSC_Epi_HNSC,tissue,Tumor,Adjacent,group2_higher,4.076939057594086e-68,3.1654612034630773e-75
45289,1109,0.43449710678054093,0.014224626599328981,0.4408200979232788,-0.0883339121937751,0.7289895667722162,0.9782339639784435,0.42027248018121194,0.5291540101170539,,0.21795204786975003,4.932785785109417,14.210880119909724,14.210880119909724,2.590296280319106e-42,33221503.0,18.400440447996115,1.303040749008874e-75,0.5710794865833076,0.3228938423132903,GCST90199682,cancerType_celltype,HNSC_Epi_HNSC,tissue,Tumor,Adjacent,group1_higher,7.294574029080458e-42,4.577434383760555e-75
45289,1109,-0.423696913989839,0.17944590836861846,-0.5183511972427368,0.0267843082547187,1.0515330377002852,1.0831027661429855,-0.6031428223584574,-0.5451355054974555,,-0.20507147081223664,-1.2394789581839278,-18.33417477967741,-18.33417477967741,3.942604016051415e-66,17007109.0,-18.393380944054698,1.4843175802810838e-75,-0.5731673151186826,-0.3227699610203988,GCST90200135,cancerType_celltype,HNSC_Epi_HNSC,tissue,Tumor,Adjacent,group2_higher,1.7735212125010163e-65,5.20083512062498e-75
45289,1109,0.6327366075831944,0.04570479355649594,0.5887194871902466,-0.1093984171748161,1.1356043885576228,1.0092282216460997,0.5870318140266985,0.6981179043650627,,0.24652090539492544,3.79115839231676,19.076904404121237,19.076904404121237,6.535327717063558e-71,33211194.0,18.377047189837306,2.0059904153752138e-75,0.5182356671003536,0.3224833337152775,GCST90200737,cancerType_celltype,HNSC_Epi_HNSC,tissue,Tumor,Adjacent,group1_higher,3.23914606485732e-70,7.010679323477991e-75
45289,1109,0.0583229491463526,-0.2613800512211073,0.045721910893917,-0.363798439502716,0.612210058888186,0.7509773934673452,0.3197030003674599,0.40952035039663304,,0.23222924352949081,-2.1639942432187502,14.063074597319334,14.063074597319334,1.4897607510114785e-41,33210461.0,18.375383860879072,2.0684377002793366e-75,0.5190923005915589,0.32245414535536443,GCST90199780,cancerType_celltype,HNSC_Epi_HNSC,tissue,Tumor,Adjacent,group1_higher,4.1439671502625414e-41,7.210436280001882e-75
45289,1109,0.3620454595595699,-0.04056363052049672,0.2967473864555359,-0.0931035801768302,0.7172120952716923,0.6055083548871748,0.4026090900800666,0.38985096663236607,,0.28183674327172514,3.157880589911808,21.771800052157495,21.771800052157495,1.119481101190249e-88,33186117.0,18.320142278124386,5.716439691231876e-75,0.5632881955444948,0.32148475731481496,GCST90200669,cancerType_celltype,HNSC_Epi_HNSC,tissue,Tumor,Adjacent,group1_higher,8.620636954363329e-88,1.9876294130482263e-74
45289,1109,0.4949659275841295,0.0699486838217205,0.4964707493782043,-0.0523405335843563,0.7566018543053874,0.8432375850673839,0.425017243762409,0.5488112829625605,,0.2401221664852529,2.8229426898259353,16.621996517182367,16.621996517182367,8.872387859722243e-56,33183793.5,18.3148697749396,6.297869689481264e-75,0.56012784512653,0.3213922345941358,GCST90199865,cancerType_celltype,HNSC_Epi_HNSC,tissue,Tumor,Adjacent,group1_higher,3.190782230290611e-55,2.1842229991763267e-74
45289,1109,-0.4959839400272646,0.33442297745174815,-0.6125335693359375,0.1472330093383789,1.5330574678514852,1.4043329664621387,-0.8304069174790127,-0.7597665786743164,,-0.2044304281372445,-0.5686180264793885,-19.410670752025215,-19.410670752025215,5.24172611830905e-73,17071475.0,-18.247321146339118,2.1731166992756988e-74,-0.5427107509748587,-0.3202068805645164,GCST90201015,cancerType_celltype,HNSC_Epi_HNSC,tissue,Tumor,Adjacent,group2_higher,2.685891992201216e-72,7.51766005358573e-74
45289,1109,0.4164514173233694,0.014711312316773783,0.433420181274414,-0.081401377916336,0.7105106450162034,0.8293540999735165,0.40174010500659557,0.51482155919075,,0.22217692569839645,4.82305575054372,15.988326845482154,15.988326845482154,4.202660269490573e-52,33150289.0,18.23884111862164,2.537872955304011e-74,0.5629927600678912,0.32005807169549194,GCST90200717,cancerType_celltype,HNSC_Epi_HNSC,tissue,Tumor,Adjacent,group1_higher,1.3971282798330857e-51,8.757267944504726e-74
45289,1109,-0.6202187148371793,-0.04964415693045296,-0.6163500547409058,-0.1076810285449028,1.029368018544197,0.8812686043179236,-0.5705745579067263,-0.508669026196003,,-0.20918192626321985,-3.6430544959563296,-21.20966240948862,-21.20966240948862,7.156165920418464e-85,17089432.0,-18.20657299067341,4.57725363192358e-74,-0.5560719891950422,-0.31949182547726107,GCST90200986,cancerType_celltype,HNSC_Epi_HNSC,tissue,Tumor,Adjacent,group2_higher,4.976456198739983e-84,1.5754537121999595e-73
45289,1109,0.05163233783553932,-0.2783112295194066,0.0111040472984313,-0.4110389053821563,0.5690827060744106,0.7738461121068836,0.32994356735494595,0.4221429526805876,,0.2434501515743958,-2.4303295353677337,14.10568128831988,14.10568128831988,9.29436075446411e-42,33118142.5,18.165894045830665,9.613029256396855e-74,0.5739910613530508,0.318777984912485,GCST90200969,cancerType_celltype,HNSC_Epi_HNSC,tissue,Tumor,Adjacent,group1_higher,2.590636750170671e-41,3.300392664097963e-73
45289,1109,0.3308737403963745,-0.041672984179070706,0.3271800875663757,-0.1485194563865661,0.7441351012233076,0.7352139126066266,0.37254672457544524,0.4756995439529418,,0.2098791578775068,2.9890662193323982,16.66682425711799,16.66682425711799,4.251641280869336e-56,33103719.5,18.133165268798507,1.7442744325564874e-73,0.5007864729989884,0.3182036551511951,GCST90200148,cancerType_celltype,HNSC_Epi_HNSC,tissue,Tumor,Adjacent,group1_higher,1.5330653613293401e-55,5.973482541644453e-73
45289,1109,-0.0895598858960834,-0.3862716509329493,-0.1111365780234336,-0.4961228370666504,0.5539435662417117,0.9418234653977542,0.2967117650368659,0.3849862590432168,,0.2122937021786501,-2.1086788309132944,10.447186378241488,10.447186378241488,1.894249543770555e-24,33099732.0,18.124116804649873,2.056223715396565e-73,0.5239372162137359,0.3180448712696764,GCST90200656,cancerType_celltype,HNSC_Epi_HNSC,tissue,Tumor,Adjacent,group1_higher,3.8080562362231064e-24,7.024142666880997e-73
45289,1109,0.12618206465781845,-0.15736728765815775,0.1197448074817657,-0.2534634470939636,0.5080495615205671,0.7124123185988325,0.2835493523159762,0.3732082545757293,,0.23017459243462504,-0.3186265473238071,13.172720877710855,13.172720877710855,5.573945779185257e-37,33095589.0,18.114715478764538,2.4393544095758386e-73,0.5517832201312441,0.31787989531453364,GCST90200106,cancerType_celltype,HNSC_Epi_HNSC,tissue,Tumor,Adjacent,group1_higher,1.3863664410637782e-36,8.31210015062967e-73
45289,1109,0.26188630271859403,-0.05562673648021531,0.2462786436080932,-0.2373475432395935,0.6614195271717257,1.0191767904657854,0.31751303919880935,0.4836261868476867,,0.21455499812799017,2.2350698061703174,10.321665908284924,10.321665908284924,6.2399096539153264e-24,33090981.0,18.104258971480046,2.949599290844397e-73,0.47235872228984904,0.31769640286913226,GCST90200244,cancerType_celltype,HNSC_Epi_HNSC,tissue,Tumor,Adjacent,group1_higher,1.2361914038207253e-23,1.002569534518931e-72
45289,1109,-0.9967262437735382,-0.46886326463665423,-1.0851666927337646,-0.5461670160293579,1.0722239726964942,0.8961844669132739,-0.5278629791368841,-0.5389996767044067,,-0.18941223656105474,-1.088028436946396,-19.280062765917712,-19.280062765917712,2.8393877850946654e-72,17135380.0,-18.102307453193447,3.055995395332665e-73,-0.494088079470798,-0.317662157317256,GCST90199900,cancerType_celltype,HNSC_Epi_HNSC,tissue,Tumor,Adjacent,group2_higher,1.444061772792548e-71,1.036149682546871e-72
45289,1109,-0.3447126687275634,0.09602394918993039,-0.4091998636722564,0.1047893762588501,0.8214749663994405,0.7850149735865548,-0.4407366179174938,-0.5139892399311066,,-0.1937495618447614,-1.8439173056838667,-18.451044058708295,-18.451044058708295,6.529487639225726e-67,17137838.5,-18.096728607021806,3.3817257737383384e-73,-0.5370755469148548,-0.31756425884134043,GCST90200474,cancerType_celltype,HNSC_Epi_HNSC,tissue,Tumor,Adjacent,group2_higher,3.006652585224549e-66,1.1437449701253984e-72
45289,1109,-0.4587782579634886,0.14890376318884782,-0.4859833419322967,0.0706476792693138,1.2631205647825459,0.9006964824456096,-0.6076820211523364,-0.5566310212016105,,-0.2026576264440772,-1.6234102628033285,-21.945740884781625,-21.945740884781625,3.2814868266764017e-90,17144465.0,-18.081691704782077,4.4425035925603954e-73,-0.4839445586267935,-0.31730038890005297,GCST90200531,cancerType_celltype,HNSC_Epi_HNSC,tissue,Tumor,Adjacent,group2_higher,2.6155944706198454e-89,1.498795147688074e-72
45289,1109,-0.506816470652821,-0.04612841697102597,-0.5521298050880432,-0.12408147752285,0.8353859975397334,0.7994283428324067,-0.460688053681795,-0.42804832756519323,,-0.18587841909756875,-3.457707293465795,-18.939261303437988,-18.939261303437988,5.7073063929184156e-70,17195693.5,-17.965443618101645,3.633690552760903e-72,-0.55202279969681,-0.3152604490694876,GCST90199888,cancerType_celltype,HNSC_Epi_HNSC,tissue,Tumor,Adjacent,group2_higher,2.788193051450825e-69,1.2228938823242247e-71
45289,1109,-0.3677343967173086,0.08208121567058844,-0.4092842042446136,0.0154303079470992,0.7775897888280332,0.8169719469532177,-0.4498156123878971,-0.4247145121917128,,-0.19118747970159802,-2.163526471500542,-18.135468072392037,-18.135468072392037,6.84191943258382e-65,17199751.0,-17.956236309441316,4.2893246758406484e-72,-0.5777581216764215,-0.3150988777593279,GCST90200223,cancerType_celltype,HNSC_Epi_HNSC,tissue,Tumor,Adjacent,group2_higher,3.0179728759261313e-64,1.4399875697465035e-71
45289,1109,0.04540939340684956,-0.16144804097250157,0.0403751917183399,-0.3690627217292785,0.5187320006877407,0.9030848005069209,0.2068574343793511,0.40943791344761843,,0.1709529419976174,-1.829984430664429,7.597331019606805,7.597331019606805,6.337011840810104e-14,32999873.0,17.897516031880397,1.233025321064702e-71,0.389442870979682,0.31406844503153897,GCST90199804,cancerType_celltype,HNSC_Epi_HNSC,tissue,Tumor,Adjacent,group1_higher,1.0102160396519499e-13,4.129271529757221e-71
45289,1109,0.04901654553004784,-0.17166092231717697,0.0700857415795326,-0.3761856853961944,0.4783045758786616,0.8697238864221686,0.2206774678472248,0.44627142697572697,,0.15353417690628307,-1.8081999086456373,8.418604275630967,8.418604275630967,1.1471981785920394e-16,32998165.0,17.89364022579491,1.3218678753041752e-71,0.44917008626854277,0.31400043177269654,GCST90200956,cancerType_celltype,HNSC_Epi_HNSC,tissue,Tumor,Adjacent,group1_higher,1.92802850483471e-16,4.415945867744095e-71
45289,1109,-0.6324612410997122,0.21010433058749894,-0.7362082600593567,-0.0477601587772369,1.7285671005065129,1.4021439069839814,-0.8425655716872111,-0.6884481012821198,,-0.18729463414092015,-1.5898665862941739,-19.649086005516445,-19.649086005516445,1.1047768424887313e-74,17239748.5,-17.865473690059513,2.190690049386009e-71,-0.48943879205133195,-0.3135061609440193,GCST90200386,cancerType_celltype,HNSC_Epi_HNSC,tissue,Tumor,Adjacent,group2_higher,5.951821487399766e-74,7.300514761156798e-71
45289,1109,-0.5306078505989805,0.3228029245426719,-0.6395015120506287,0.0226033180952072,1.4170659927133733,1.5788796236188254,-0.8534107751416524,-0.6621048301458359,,-0.23649759003326998,-0.7169906215100299,-17.825154542286885,-17.825154542286885,5.865654347477923e-63,17254905.0,-17.83108044946547,4.055166309570573e-71,-0.6005092541181878,-0.3129026229126116,GCST90200849,cancerType_celltype,HNSC_Epi_HNSC,tissue,Tumor,Adjacent,group2_higher,2.482884122860997e-62,1.348095531693827e-70
45289,1109,0.44776098378522766,0.04043428706193328,0.4308509230613708,-0.0340686403214931,0.7595798260652201,0.7840567415241089,0.40732669672329436,0.4649195633828639,,0.22638060443858982,3.4690452859243277,17.10515944899725,17.10515944899725,1.1533079520891805e-58,32940874.0,17.763635069797594,1.3519150677205155e-70,0.5358338162543682,0.31171908071160903,GCST90199966,cancerType_celltype,HNSC_Epi_HNSC,tissue,Tumor,Adjacent,group1_higher,4.4405614087501494e-58,4.483358241613291e-70
45289,1109,0.016382537205184886,-0.18313655408008597,-0.0128637626767158,-0.3789223730564117,0.48682053808101644,0.7691082084575576,0.19951909128527084,0.3660586103796959,,0.18542033727550533,-3.482608886139792,8.596918158523696,8.596918158523696,2.6912602986265312e-17,32930406.0,17.739881007676495,2.0637573049780898e-70,0.4027107576388518,0.3113022406685402,GCST90199735,cancerType_celltype,HNSC_Epi_HNSC,tissue,Tumor,Adjacent,group1_higher,4.5909734505982004e-17,6.827430113313438e-70
45289,1109,0.18106693475356272,-0.110570548145174,0.1695416867733001,-0.2196817696094513,0.575425709438873,0.7188544039933938,0.2916374828987367,0.38922345638275135,,0.2145462001575441,0.7115508781680564,13.405638117916874,13.405638117916874,3.630570723489692e-38,32924606.0,17.726719605278483,2.6082014421220535e-70,0.5034612005322098,0.311071282295422,GCST90200504,cancerType_celltype,HNSC_Epi_HNSC,tissue,Tumor,Adjacent,group1_higher,9.197895717688568e-38,8.607696284775687e-70
45289,1109,-0.31458970513182716,0.1004100822311246,-0.3787829875946045,0.0894146561622619,0.6561217594446396,0.7814485653807741,-0.41499978736295173,-0.4681976437568664,,-0.2501043004898368,-1.6475575393316122,-17.53463395861147,-17.53463395861147,3.63169132894897e-61,17313400.5,-17.698342033263256,4.3184283682123744e-70,-0.6293669273453446,-0.310573308168693,GCST90199724,cancerType_celltype,HNSC_Epi_HNSC,tissue,Tumor,Adjacent,group2_higher,1.4954668523738507e-60,1.4217434458631562e-69
45289,1109,0.38324593010114116,-0.03364426722331015,0.3910356760025024,-0.2319644391536712,0.7645226169667235,1.0189007138616446,0.4168901973244513,0.6230001151561736,,0.23105548628550268,3.5097987508730033,13.532633691740156,13.532633691740156,8.419544592670534e-39,32911936.0,17.69796874866076,4.347143401493673e-70,0.5403102220308126,0.3105667577113864,GCST90200809,cancerType_celltype,HNSC_Epi_HNSC,tissue,Tumor,Adjacent,group1_higher,2.185874148535226e-38,1.4277485436712955e-69
45289,1109,0.14426052994969982,-0.45786361482637783,0.0955642536282539,-0.4902797341346741,1.1837762670848397,0.9718597757919861,0.6021241447760777,0.585843987762928,,0.21158407897813436,-1.6662344440984727,20.2674484522257,20.2674484522257,1.0809168010349127e-78,32887724.5,17.643027835874648,1.1512596356088032e-69,0.5106384646130661,0.3096026458750507,GCST90200748,cancerType_celltype,HNSC_Epi_HNSC,tissue,Tumor,Adjacent,group1_higher,6.350386206080113e-78,3.7720357772471125e-69
45289,1109,0.05388370961306631,-0.1525969306173725,0.0585097298026084,-0.3200266361236572,0.4081613314530836,0.6928459066842702,0.20648064023043883,0.3785363659262656,,0.1711889975091216,-1.5017875425329208,9.882592373757811,9.882592373757811,3.8194773200731224e-22,32885285.0,17.637492104641897,1.269750262091499e-69,0.4948842102567246,0.309505503986909,GCST90199880,cancerType_celltype,HNSC_Epi_HNSC,tissue,Tumor,Adjacent,group1_higher,7.322007858311767e-22,4.1502868278913984e-69
45289,1109,0.08758034520658718,-0.1305474770881867,0.0796733275055885,-0.3227112591266632,0.4572374177665902,0.8141604933913628,0.2181278222947739,0.40238458663225174,,0.18437251379098424,-0.5758901138429593,8.88783869854751,8.88783869854751,2.424076812923194e-18,32884333.5,17.635332953886433,1.3191948112215262e-69,0.46515241116902695,0.3094676148675948,GCST90200766,cancerType_celltype,HNSC_Epi_HNSC,tissue,Tumor,Adjacent,group1_higher,4.2089384662602724e-18,4.3015849944855025e-69
45289,1109,-0.001593226069358623,1.0011965715128246,-0.0937437713146209,0.6799069046974182,1.3318656117171925,1.9671123264801695,-1.0027897975821831,-0.7736506760120391,,-0.2636726515625035,9.294654756105764,-16.881947217206694,-16.881947217206694,3.297707029801613e-57,17349499.5,-17.616425918579495,1.8429002464984464e-69,-0.7425194001844416,-0.309135831218488,GCST90200009,cancerType_celltype,HNSC_Epi_HNSC,tissue,Tumor,Adjacent,group2_higher,1.218096119680108e-56,5.994923713549838e-69
45289,1109,0.12684905542559605,0.8426188961531891,0.1196895092725753,0.7905028462409973,1.2583542483403682,1.1959675876605422,-0.715769840727593,-0.670813336968422,,-0.20511314311446405,2.7317578318108566,-19.665798829452466,-19.665798829452466,1.318181273680999e-74,17365229.0,-17.58073242219682,3.4608376192919855e-69,-0.5694721755695477,-0.3085094760926327,GCST90200587,cancerType_celltype,HNSC_Epi_HNSC,tissue,Tumor,Adjacent,group2_higher,7.0458081412831444e-74,1.1231242083559468e-68
45289,1109,0.5912370172681872,-0.089524513749753,0.608278751373291,-0.2591613829135895,1.4501100918087486,1.195294904546199,0.6807615310179402,0.8674401342868805,,0.1804754034641687,2.7233682416672496,18.633624865752232,18.633624865752232,3.4244472198307376e-68,32858657.0,17.577067652391168,3.691896976466465e-69,0.47126241281404996,0.30844516613184214,GCST90200465,cancerType_celltype,HNSC_Epi_HNSC,tissue,Tumor,Adjacent,group1_higher,1.603959299185325e-67,1.1952626078203781e-68
45289,1109,-0.5704846007839074,-0.059935321797393394,-0.6437633037567139,-0.1774035692214965,0.966035006540666,0.8892236176740436,-0.510549278986514,-0.4663597345352174,,-0.2341475709513208,-3.250688017307825,-18.849758972309402,-18.849758972309402,1.9314039935280832e-69,17370804.0,-17.568081591443562,4.3256254249493663e-69,-0.5294660617758129,-0.30828747731157524,GCST90201016,cancerType_celltype,HNSC_Epi_HNSC,tissue,Tumor,Adjacent,group2_higher,9.302133014765997e-69,1.3971155104753522e-68
45289,1109,-0.42052339257372157,0.12449195350307111,-0.5269942283630371,0.0523255430161953,1.1804809977934858,0.9957132204768988,-0.5450153460767927,-0.5793197713792324,,-0.19004970635189636,-1.7561254008302773,-17.922234360335175,-17.922234360335175,9.496379801355695e-64,17390506.0,-17.523373669021904,9.502182475017807e-69,-0.4632881713844051,-0.3075029356103387,GCST90200897,cancerType_celltype,HNSC_Epi_HNSC,tissue,Tumor,Adjacent,group2_higher,4.0960650852050036e-63,3.0618143530612933e-68
45289,1109,-0.020885204419566247,-0.20672066883291929,-0.0297942962497472,-0.430635392665863,0.4315664973593004,0.8633894839798535,0.18583546441335302,0.40084109641611576,,0.16259789515401163,-3.3070673766838903,7.146001812437383,7.146001812437383,1.6056805927269824e-12,32824034.0,17.498500887696974,1.4709278560069004e-68,0.41595282578591264,0.3070664641055547,GCST90200228,cancerType_celltype,HNSC_Epi_HNSC,tissue,Tumor,Adjacent,group1_higher,2.4729295456348893e-12,4.728477989946711e-68
45289,1109,0.7384864802446424,0.15806013843795408,0.6502697467803955,-0.1514943540096283,1.1729963963632848,1.2944252346249518,0.5804263418066883,0.8017641007900238,,0.2254540746903092,2.2240907584889884,14.784707856480054,14.784707856480054,2.009093418775531e-45,32820226.0,17.489859746260485,1.7118143651288066e-68,0.49354200885629745,0.3069148279874798,GCST90200762,cancerType_celltype,HNSC_Epi_HNSC,tissue,Tumor,Adjacent,group1_higher,5.914458595661013e-45,5.489889363930738e-68
45289,1109,-0.3742410682234635,0.12150294077330721,-0.4068482518196106,0.0680921375751495,0.8127925029150538,0.9407076941417664,-0.4957440089967707,-0.4749403893947601,,-0.19945751747352927,-1.6229686338359812,-17.391411507550387,-17.391411507550387,2.559678298406801e-60,17407665.0,-17.484436340789582,1.8826904969806243e-68,-0.6074691093599625,-0.3068196572095916,GCST90200917,cancerType_celltype,HNSC_Epi_HNSC,tissue,Tumor,Adjacent,group2_higher,1.0261298590377852e-59,6.023725698085895e-68
45289,1109,-0.6874516392897895,-0.2237015263182388,-0.7664687633514404,-0.3280672132968902,0.9323058495849759,0.8261781671615196,-0.46375011297155067,-0.4384015500545502,,-0.21007373241474842,-1.6196787761459122,-18.40807443064985,-18.40807443064985,1.041495758333844e-66,17408837.5,-17.481775695218605,1.972633434015466e-68,-0.49870292561330964,-0.3067729677798535,GCST90200368,cancerType_celltype,HNSC_Epi_HNSC,tissue,Tumor,Adjacent,group2_higher,4.763619861104126e-66,6.291515648005664e-68
45289,1109,1.0431465741934445,0.3793716239764454,1.0042319297790527,0.2517679631710052,1.3351436091532645,1.2834649722475164,0.6637749502169991,0.7524639666080475,,0.21408482952759894,1.4592557896486484,16.99900029636653,16.99900029636653,4.4945658797174644e-58,32816625.5,17.481689465340825,1.975619000254163e-68,0.4976074926595622,0.30677145460430544,GCST90200723,cancerType_celltype,HNSC_Epi_HNSC,tissue,Tumor,Adjacent,group1_higher,1.692290965208537e-57,6.291515648005664e-68
45289,1109,0.05924581637857155,-0.24292069919522,0.0637159720063209,-0.3487944602966308,0.5807575979743023,0.7291726758535911,0.30216651557379154,0.4125104323029517,,0.2578790107579513,-2.0356818275974353,13.694135088166197,13.694135088166197,1.2309136517277389e-39,32808828.0,17.463995321341084,2.6940748840788765e-68,0.5167525850345116,0.3064609549638937,GCST90200175,cancerType_celltype,HNSC_Epi_HNSC,tissue,Tumor,Adjacent,group1_higher,3.2577384607862295e-39,8.559496659672514e-68
45289,1109,-0.7211238299064346,-0.12917540977090494,-0.7289036512374878,-0.2392422705888748,1.1147208869694396,0.9578538859269944,-0.5919484201355297,-0.489661380648613,,-0.20499100116452995,-2.4809063892467402,-20.247231577609494,-20.247231577609494,1.6970731435793138e-78,17421335.0,-17.453416276861855,3.2425281599278e-68,-0.5326952280585113,-0.3062753122163978,GCST90200902,cancerType_celltype,HNSC_Epi_HNSC,tissue,Tumor,Adjacent,group2_higher,9.843024232760022e-78,1.0278060190654864e-67
45289,1109,1.0056286409763786,0.2956087332896173,0.9297451376914978,0.2925009131431579,1.3906189485305247,0.9887256609330495,0.7100199076867613,0.6372442245483398,,0.24690246345985337,1.7663334012272074,23.35547568468595,23.35547568468595,5.426520774558458e-100,32758457.0,17.34969307992898,1.9830475910499396e-67,0.5136199962930126,0.3044551611341817,GCST90199655,cancerType_celltype,HNSC_Epi_HNSC,tissue,Tumor,Adjacent,group1_higher,5.9170782525785426e-99,6.271215467751897e-67
45289,1109,0.48326149482100667,-0.011259734532513468,0.4109824597835541,-0.156783178448677,1.015418736368828,0.9381568608017306,0.4945212293535201,0.5677656382322311,,0.2291122544571149,5.423434192074142,17.307475467202092,17.307475467202092,6.093079703171442e-60,32743183.5,17.315034342079663,3.6231333521604e-67,0.4878656397535079,0.3038469641149024,GCST90200141,cancerType_celltype,HNSC_Epi_HNSC,tissue,Tumor,Adjacent,group1_higher,2.4142057079717076e-59,1.1431321201376447e-66
45289,1109,0.17486445543451112,-0.27215553517684316,0.1340910345315933,-0.4246087074279785,0.9133521469193867,0.8283137998628359,0.4470199906113543,0.5586997419595718,,0.21474621021916657,-0.6381913654193869,17.71034529357778,17.71034529357778,2.160273902879586e-62,32739538.5,17.306763081434706,4.1828667376724026e-67,0.49046875423943614,0.30370181872352053,GCST90200051,cancerType_celltype,HNSC_Epi_HNSC,tissue,Tumor,Adjacent,group1_higher,8.976991858612426e-62,1.3166853033366016e-66
45289,1109,0.2830082665755537,-0.12698602444705823,0.2415462583303451,-0.2415696084499359,0.7452583670331678,0.8907149432247538,0.409994291022612,0.483115866780281,,0.2563974200989996,1.156168202274575,15.198962236318026,15.198962236318026,1.1457751957787387e-47,32737038.0,17.301088928556048,4.615903879714266e-67,0.547344068379683,0.30360224779042033,GCST90200306,cancerType_celltype,HNSC_Epi_HNSC,tissue,Tumor,Adjacent,group1_higher,3.51944567342419e-47,1.4496490755876832e-66
45289,1109,-0.17995701128128438,0.3986738338856349,-0.2460299134254455,0.3537104725837707,1.1579383421176754,1.0310587027499656,-0.5786308451669193,-0.5997403860092162,,-0.19617214986490908,1.1475522100608073,-18.406826637848916,-18.406826637848916,1.0710199031764527e-66,17489515.0,-17.298701722465925,4.811183967913334e-67,-0.5009484055508138,-0.3035603567199857,GCST90200208,cancerType_celltype,HNSC_Epi_HNSC,tissue,Tumor,Adjacent,group2_higher,4.866000426765017e-66,1.507504309946178e-66
45289,1109,-0.4504008591834415,0.050806369274628754,-0.5470027327537537,-0.0843857452273368,0.8626712809351134,0.9804755824415665,-0.5012072284580703,-0.4626169875264169,,-0.23629189091269684,-3.148103111923436,-16.86430759928,-16.86430759928,3.4228625774364274e-57,17502873.5,-17.268388516615264,8.138494027594436e-67,-0.5789808704372295,-0.3030284157842448,GCST90200942,cancerType_celltype,HNSC_Epi_HNSC,tissue,Tumor,Adjacent,group2_higher,1.2609085656880678e-56,2.544212697158536e-66
45289,1109,0.060814494036511194,-0.19517759424932402,0.0561872571706771,-0.343296617269516,0.48469583760339513,0.8093108898890806,0.2559920882858352,0.39948387444019307,,0.19564101502694722,-1.6822840046498204,10.487646448090235,10.487646448090235,1.2813215223444857e-24,32720653.0,17.263907966781666,8.795364078161383e-67,0.5172227370202774,0.3029497903863616,GCST90200939,cancerType_celltype,HNSC_Epi_HNSC,tissue,Tumor,Adjacent,group1_higher,2.5950092644212987e-24,2.743268017971159e-66
45289,1109,-0.22749923653530368,0.4351605918103908,-0.3380657434463501,0.4088474810123443,1.320530237008919,1.235877488468083,-0.6626598283456945,-0.7469132244586945,,-0.1663470804157124,0.9356831818964327,-17.611388645842183,-17.611388645842183,9.104695625167487e-62,17523914.5,-17.220642125605515,1.8591768781032525e-66,-0.5025587139811796,-0.3021905545551452,GCST90199960,cancerType_celltype,HNSC_Epi_HNSC,tissue,Tumor,Adjacent,group2_higher,3.760515193061602e-61,5.785520741677472e-66
45289,1109,0.2668337814203941,-0.17266795842335064,0.2350309789180755,-0.3174051940441131,0.8310789783799541,1.0219804550638765,0.43950173984374474,0.5524361729621886,,0.23249062012557767,0.6279379858568668,14.206778033426799,14.206778033426799,2.6234260018986654e-42,32699979.0,17.21699437485469,1.9801136565987604e-66,0.5256279085846326,0.30212654324742316,GCST90200760,cancerType_celltype,HNSC_Epi_HNSC,tissue,Tumor,Adjacent,group1_higher,7.372638434201816e-42,6.147824405339659e-66
45289,1109,-0.2855039907385919,0.2806876110166187,-0.3661561012268066,0.1614627689123153,0.9488532062036563,1.0454254203261686,-0.5661916017552107,-0.5276188701391219,,-0.2197880974540404,-0.024545437214790522,-17.856626823817248,-17.856626823817248,3.720277278849259e-63,17530592.0,-17.205489493792978,2.415319403514506e-66,-0.5951931252065747,-0.3019246537729907,GCST90199988,cancerType_celltype,HNSC_Epi_HNSC,tissue,Tumor,Adjacent,group2_higher,1.5846056034598562e-62,7.482000788614253e-66
45289,1109,0.08032129171627646,-0.15084266728924997,0.0893951654434204,-0.3047583401203155,0.43512640206975006,0.685640457731425,0.23116395900552644,0.3941535055637359,,0.19802617632937355,-0.9091817933534527,11.172706434317968,11.172706434317968,1.4523081591852387e-27,32693753.5,17.20286742474627,2.527153254537544e-66,0.5220927457336026,0.30187864129020836,GCST90200006,cancerType_celltype,HNSC_Epi_HNSC,tissue,Tumor,Adjacent,group1_higher,3.1470524975667413e-27,7.810680013457307e-66
45289,1109,0.5277996246206565,0.020155009182192707,0.546645998954773,-0.0621384382247924,1.1132488665361568,0.8860731559018671,0.5076446154384638,0.6087844371795653,,0.17784390757401353,4.71071113424739,18.720641193670048,18.720641193670048,8.856745189313044e-69,32684231.0,17.18125889813678,3.668699092261705e-66,0.45801153251357507,0.3014994514439986,GCST90200880,cancerType_celltype,HNSC_Epi_HNSC,tissue,Tumor,Adjacent,group1_higher,4.220889403158629e-68,1.1313205571838695e-65
45289,1109,-0.4473918375826563,0.3023324131755586,-0.5113171935081482,0.1485131829977035,1.4996351355527777,1.3359340448754298,-0.7497242507582149,-0.6598303765058517,,-0.19416475875425662,-0.5654017291078706,-18.407012505909634,-18.407012505909634,1.069205101727721e-66,17542188.0,-17.179175765826198,3.8028326975231874e-66,-0.5011745037505255,-0.3014628963083912,GCST90199787,cancerType_celltype,HNSC_Epi_HNSC,tissue,Tumor,Adjacent,group2_higher,4.866000426765017e-66,1.170036335603635e-65
45289,1109,0.15322913982226086,-0.12716217561755322,0.154185488820076,-0.2732574939727783,0.5053047081198101,0.6810146572932181,0.2803913154398141,0.4274429827928543,,0.23894576933171488,0.26901914800756077,13.6196515520949,13.6196515520949,3.040645667545324e-39,32672974.5,17.155715566051743,5.696519338258007e-66,0.5495641603247429,0.3010512130083083,GCST90199643,cancerType_celltype,HNSC_Epi_HNSC,tissue,Tumor,Adjacent,group1_higher,7.939463687479458e-39,1.7487287968571315e-65
45289,1109,0.1619217530613494,-0.19498970657022557,0.1231704875826835,-0.3066380023956299,0.6809879109397486,0.9531411122721622,0.356911459631575,0.4298084899783134,,0.24715833614339522,-0.2680996409837873,12.392861294337573,12.392861294337573,3.575538614140233e-33,32668102.0,17.144658853433757,6.890339877497946e-66,0.5182078650542009,0.3008571880646844,GCST90200563,cancerType_celltype,HNSC_Epi_HNSC,tissue,Tumor,Adjacent,group1_higher,8.431590192168059e-33,2.1104569107931914e-65
45289,1109,0.4187432888977509,-0.00841178575545502,0.4112679064273834,-0.1496293693780899,0.8497136516119563,1.0107159351141688,0.42715507465320596,0.5608972758054733,,0.22377868118674257,5.637342099672967,13.95391843370234,13.95391843370234,5.455913847421119e-41,32619850.5,17.035166196915203,4.504689016022953e-65,0.5002328395964729,0.2989357935921835,GCST90200721,cancerType_celltype,HNSC_Epi_HNSC,tissue,Tumor,Adjacent,group1_higher,1.4843134878313344e-40,1.3766572037756246e-64
45289,1109,-0.2645638060674235,0.19032140250279542,-0.3544576168060303,0.1280492395162582,0.8706460745226998,0.8625635457716131,-0.45488520857021897,-0.4825068563222885,,-0.19791979442667282,-0.47517577017746404,-17.347045657168927,-17.347045657168927,3.911049491858392e-60,17610390.0,-17.024411288869448,5.413522070667853e-65,-0.5225839004731557,-0.29874706476297763,GCST90200164,cancerType_celltype,HNSC_Epi_HNSC,tissue,Tumor,Adjacent,group2_higher,1.5541575677559735e-59,1.6507003539866408e-64
45289,1109,-0.028058431294434395,-0.4004605341634152,-0.0760699808597564,-0.5580288171768188,0.6722843044081189,0.9109039267604602,0.3724021028689808,0.48195883631706243,,0.26089102379026746,-3.835105999026658,13.52471432393286,13.52471432393286,9.28814433875519e-39,32606362.0,17.00455799411424,7.597751803778534e-65,0.5484881823816375,0.29839867600325176,GCST90199733,cancerType_celltype,HNSC_Epi_HNSC,tissue,Tumor,Adjacent,group1_higher,2.3976781692657807e-38,2.3115481492299422e-64
45289,1109,-0.2179112549528876,0.30947394188026567,-0.262152224779129,0.1727268099784851,0.7360965339802834,1.0084194668254995,-0.5273851968331533,-0.4348790347576141,,-0.2565334627663455,0.5060752664180137,-17.303644818758286,-17.303644818758286,9.965139410967714e-60,17623439.5,-16.99479926807758,8.973876373965464e-65,-0.7090769013987744,-0.29822742833366656,GCST90200110,cancerType_celltype,HNSC_Epi_HNSC,tissue,Tumor,Adjacent,group2_higher,3.9255737043783222e-59,2.7241410908051064e-64
45289,1109,-0.049727260401401824,-0.33908188104953046,-0.0510015524923801,-0.4786714315414428,0.5174776550415742,0.9213611182807984,0.28935462064812867,0.42766987904906273,,0.20743549369701061,-2.769500081603535,10.418265875873239,10.418265875873239,2.509127112887018e-24,32595404.0,16.97969202041124,1.160959034961709e-64,0.5452139445683032,0.29796232395969535,GCST90199831,cancerType_celltype,HNSC_Epi_HNSC,tissue,Tumor,Adjacent,group1_higher,5.029323904213244e-24,3.516415921450688e-64
45289,1109,0.06623328666223043,-0.19978962571849765,0.0354413539171218,-0.3405337631702423,0.6255674574100467,0.7578992145555008,0.26602291238072806,0.3759751170873641,,0.21136873380462157,-1.592838755571059,11.592594920712628,11.592594920712628,1.8430295088073368e-29,32577312.5,16.93863865636234,2.3346951636642263e-64,0.4228947632873269,0.2972419130274082,GCST90200133,cancerType_celltype,HNSC_Epi_HNSC,tissue,Tumor,Adjacent,group1_higher,4.145295743406601e-29,7.055852567792329e-64
45289,1109,-0.6959286336692825,-0.07597698907643335,-0.7872722744941711,-0.1540324538946151,1.412186416427701,1.0397332858728912,-0.6199516445928491,-0.6332398205995561,,-0.16305424832533916,-3.1952880071740877,-19.422608215603272,-19.422608215603272,2.3219217899594495e-73,17656547.0,-16.91967148706169,3.2222895911443684e-64,-0.4414215781300609,-0.2969090741374586,GCST90200582,cancerType_celltype,HNSC_Epi_HNSC,tissue,Tumor,Adjacent,group2_higher,1.203338174796475e-72,9.716771488340208e-64
45289,1109,-0.6342592535766157,0.09277803601625417,-0.6773853302001953,-0.1105807200074195,1.267995088330352,1.3319777586719426,-0.7270372895928698,-0.5668046101927758,,-0.22227900393340408,-2.773204175742803,-17.97874720076062,-17.97874720076062,6.265034791192146e-64,17658467.5,-16.91531347442283,3.469722555764406e-64,-0.5726684109594882,-0.29683259904167014,GCST90199684,cancerType_celltype,HNSC_Epi_HNSC,tissue,Tumor,Adjacent,group2_higher,2.7281924665798385e-63,1.0439805394054934e-63
45289,1109,-0.024533080275624463,0.5115589366862978,-0.1133014857769012,0.3751689195632934,0.8256481964189073,1.04473727523608,-0.5360920169619223,-0.4884704053401946,,-0.26474184434920434,4.382044188255832,-16.95907501507513,-16.95907501507513,1.0400570413985396e-57,17668122.5,-16.893404277844763,5.031522811617088e-64,-0.6446874121513511,-0.29644813299124684,GCST90200377,cancerType_celltype,HNSC_Epi_HNSC,tissue,Tumor,Adjacent,group2_higher,3.905227954342175e-57,1.510565108421606e-63
45289,1109,1.0059660376182522,0.3591372083529924,1.0176396369934082,0.2103097587823867,1.1928021018868962,1.3164022002869356,0.6468288292652598,0.8073298782110215,,0.22541654567149694,1.48597198017484,16.201087199962544,16.201087199962544,2.42485933404252e-53,32552705.0,16.88279913748147,6.022166016470181e-64,0.5408707629324777,0.29626203230904546,GCST90200875,cancerType_celltype,HNSC_Epi_HNSC,tissue,Tumor,Adjacent,group1_higher,8.304229327386822e-53,1.8040026989997486e-63
45289,1109,0.26416186816287174,-0.04858741853823902,0.2591246962547302,-0.2211242616176605,0.7365204494939589,0.9589113770262903,0.31274928670111074,0.48024895787239075,,0.20370152780651865,2.442743308271411,10.783733211507617,10.783733211507617,6.93447139696383e-26,32545536.5,16.86653232487972,7.931969208715843e-64,0.4211498378459715,0.29597657970599434,GCST90200777,cancerType_celltype,HNSC_Epi_HNSC,tissue,Tumor,Adjacent,group1_higher,1.438612559217915e-25,2.3708934279560732e-63
45289,1109,0.10698010251590286,-0.23605301558360567,0.0594206154346466,-0.3894133567810058,0.7503930554322861,1.0069083587555203,0.34303311809950854,0.4488339722156524,,0.20980275840901538,-1.1417610483903804,11.268823920157564,11.268823920157564,5.336821016999911e-28,32536181.0,16.845302755890998,1.1358835830545528e-63,0.4528298225278945,0.2956040398681139,GCST90200652,cancerType_celltype,HNSC_Epi_HNSC,tissue,Tumor,Adjacent,group1_higher,1.1713505710420095e-27,3.3877665726550445e-63
45289,1109,0.07794529269433764,-0.19448506368970375,0.0446101985871791,-0.3000544607639313,0.5295361971817373,0.7461246411322205,0.2724303563840414,0.34466465935111035,,0.2028130171831321,-1.3191144677902293,12.085036215804994,12.085036215804994,1.0208411359228245e-31,32528679.0,16.828279162651363,1.5144276532228665e-63,0.5085215574423535,0.2953053071586085,GCST90200441,cancerType_celltype,HNSC_Epi_HNSC,tissue,Tumor,Adjacent,group1_higher,2.3703687704647527e-31,4.506910243106478e-63
45289,1109,-0.43432851613803186,0.05480598675958792,-0.4472159445285797,-0.044755607843399,0.8527254480307024,0.8962291365421555,-0.4891345028976198,-0.4024603366851807,,-0.1811103222738575,-2.9863582748401662,-17.976864801405483,-17.976864801405483,6.438342214682432e-64,17700929.5,-16.818958393625532,1.7725103460948614e-63,-0.5728977630915499,-0.2951417448279908,GCST90201006,cancerType_celltype,HNSC_Epi_HNSC,tissue,Tumor,Adjacent,group2_higher,2.7947326237618325e-63,5.263467541889534e-63
45289,1109,0.12569700832199407,-0.15688671292583867,0.0975273922085762,-0.3194415271282196,0.6468918141028436,0.7701883620642791,0.2825837212478327,0.4169689193367958,,0.19362344061686004,-0.3197705777548123,12.114259116868025,12.114259116868025,7.158442466353752e-32,32513884.5,16.794707375103542,2.668222420961381e-63,0.43467135402074997,0.2947161841153163,GCST90200651,cancerType_celltype,HNSC_Epi_HNSC,tissue,Tumor,Adjacent,group1_higher,1.665009740894226e-31,7.906059042979048e-63
45289,1109,0.09848232094624619,-0.2266433421470732,0.0850106924772262,-0.3611282408237457,0.5937692529605311,0.7668613807361034,0.3251256630933194,0.44613893330097193,,0.22400704407201014,-1.2024788301173466,14.01636835257473,14.01636835257473,2.6709822328146555e-41,32509123.0,16.783902544496968,3.2009804125111794e-63,0.5432462603254674,0.294526579237109,GCST90200283,cancerType_celltype,HNSC_Epi_HNSC,tissue,Tumor,Adjacent,group1_higher,7.339816095416079e-41,9.464070069962554e-63
45289,1109,0.436504302221189,0.015814767239038335,0.3807025253772735,-0.1108360663056373,0.8717088992052852,0.8811624228998017,0.42068953498215067,0.4915385916829108,,0.20783974039210484,4.786563729072039,15.711912290861646,15.711912290861646,1.37579463546504e-50,32499692.0,16.762501650356338,4.589107795625546e-63,0.4824776176360399,0.2941510329583372,GCST90200934,cancerType_celltype,HNSC_Epi_HNSC,tissue,Tumor,Adjacent,group1_higher,4.454175981327433e-50,1.3538861310471037e-62
45289,1109,0.14456988579398783,-0.14667182249314975,0.1109639108180999,-0.2979366183280945,0.6438017720414071,0.8754398701201568,0.2912417082871376,0.4089005291461944,,0.21590123868597022,-0.020824527483933805,11.006169276132507,11.006169276132507,7.635429768914745e-27,32484960.0,16.729071688265392,8.048445214789175e-63,0.44786020310158026,0.29356439869061735,GCST90200409,cancerType_celltype,HNSC_Epi_HNSC,tissue,Tumor,Adjacent,group1_higher,1.6210421767960746e-26,2.369337111826705e-62
45289,1109,-0.41598763746618445,0.008451985560953399,-0.4422185122966766,-0.0627684518694877,0.713458241316638,0.8449323050371014,-0.42443962302713784,-0.3794500604271889,,-0.21914595523515365,-5.620939326578144,-16.584455214469457,-16.584455214469457,1.55286218015493e-55,17740994.5,-16.728042602750307,8.188699803308924e-63,-0.5920658221360108,-0.2935463401350641,GCST90200277,cancerType_celltype,HNSC_Epi_HNSC,tissue,Tumor,Adjacent,group2_higher,5.555252366276035e-55,2.4054305672219967e-62
45289,1109,-0.5586418261033693,-0.05479771768490761,-0.6499806642532349,-0.163762480020523,1.0014160489711357,0.9913512844983129,-0.5038441084184617,-0.4862181842327119,,-0.19655771183702514,-3.3497121372962124,-16.71764974274246,-16.71764974274246,2.144118672963259e-56,17742661.0,-16.72426096876819,8.725343297134184e-63,-0.5032518474597543,-0.2934799794232018,GCST90200118,cancerType_celltype,HNSC_Epi_HNSC,tissue,Tumor,Adjacent,group2_higher,7.813993987296582e-56,2.557557615912665e-62
45289,1109,-0.4002442501116711,0.2158630265944261,-0.4738392233848572,0.0130217736586928,1.0552955076048358,1.1903313463899503,-0.6161072767060972,-0.48686099704354996,,-0.2214653902972252,-0.8907614412416817,-17.07318833804555,-17.07318833804555,1.975105113930964e-58,17752928.0,-16.700963017316397,1.289688277451961e-62,-0.5819353827470015,-0.2930711432823736,GCST90199772,cancerType_celltype,HNSC_Epi_HNSC,tissue,Tumor,Adjacent,group2_higher,7.54080747979805e-58,3.772199832976444e-62
45289,1109,-0.17673753438253598,0.31474456664130074,-0.2980104088783264,0.2869546115398407,1.0900965228785005,1.00301964508354,-0.4914821010238367,-0.5849650204181671,,-0.17349839045409512,0.8325694313232135,-16.08690551151029,-16.08690551151029,9.064398010854195e-53,17756535.0,-16.69277798654922,1.4792743914802161e-62,-0.45168909069455526,-0.2929275110665397,GCST90200192,cancerType_celltype,HNSC_Epi_HNSC,tissue,Tumor,Adjacent,group2_higher,3.043047903643908e-52,4.317453952007568e-62
45289,1109,-0.4744473694685043,0.001585622717512182,-0.5312339067459106,-0.0549225211143493,0.8537325359896594,0.9128527459872867,-0.47603299218601647,-0.47631138563156133,,-0.20478856155964684,-8.224148177284576,-17.18305278893048,-17.18305278893048,4.132937530948709e-59,17769227.0,-16.663977207370678,2.395558899313979e-62,-0.5566387044244436,-0.29242211043350275,GCST90200151,cancerType_celltype,HNSC_Epi_HNSC,tissue,Tumor,Adjacent,group2_higher,1.609483958480883e-58,6.976809358472123e-62
45289,1109,0.009343970419371794,-0.27327296844773025,-0.0152842923998832,-0.4163174331188202,0.6329267814403936,0.6936079926676635,0.28261693886710204,0.401033140718937,,0.18806248744090281,-4.870014130566443,13.4328068992337,13.4328068992337,2.5050055070909727e-38,32432823.5,16.610763161347478,5.824854678488545e-62,0.44545637590394466,0.29148830192853636,GCST90200735,cancerType_celltype,HNSC_Epi_HNSC,tissue,Tumor,Adjacent,group1_higher,6.393862371095498e-38,1.6928095792707648e-61
45289,1109,0.055701525830256504,-0.3359175490574849,0.0233941581100225,-0.4394966661930084,0.6946000439488718,0.9940441326563236,0.3916190748877414,0.4628908243030309,,0.2447578483238006,-2.5922968086777236,13.04196598077134,13.04196598077134,2.5042345953268827e-36,32431089.0,16.60682722126828,6.219817471175486e-62,0.5568791455790322,0.29141923342885123,GCST90199997,cancerType_celltype,HNSC_Epi_HNSC,tissue,Tumor,Adjacent,group1_higher,6.161140349152601e-36,1.803747066640891e-61
45289,1109,-0.38481177537273664,0.45758372820944027,-0.4745105504989624,0.2395411431789398,1.491925718091454,1.6153566878083152,-0.8423955035821769,-0.7140516936779022,,-0.2118145368468013,0.24988220745128234,-17.18796002064346,-17.18796002064346,3.92011784636658e-59,17812124.0,-16.566635021393527,1.214361575464831e-61,-0.5634781920746232,-0.29071393434183956,GCST90200388,cancerType_celltype,HNSC_Epi_HNSC,tissue,Tumor,Adjacent,group2_higher,1.5309801216612174e-58,3.514171607979967e-61
45289,1109,-0.5068161339452106,0.11342924914253091,-0.5587345361709595,-0.1026898548007011,1.0580638876231134,1.1514962945730485,-0.6202453830877416,-0.4560446813702584,,-0.21792986501327502,-2.1596598744799307,-17.755099518193774,-17.755099518193774,1.519165379678658e-62,17820722.0,-16.54712437694213,1.6793785493866766e-61,-0.5849213182996424,-0.2903715584638966,GCST90199889,cancerType_celltype,HNSC_Epi_HNSC,tissue,Tumor,Adjacent,group2_higher,6.351602492337456e-62,4.849561361894153e-61
45289,1109,0.0866782376992941,-0.2677664168168072,0.0403155609965324,-0.3965128660202026,0.7522802004765154,0.978163058903411,0.3544446545161013,0.43682842701673497,,0.19960038152132584,-1.627222046691857,11.980651580683695,11.980651580683695,3.082042468700472e-31,32404351.0,16.54615315621345,1.7066843748097202e-61,0.46732204784892,0.290354515328777,GCST90200111,cancerType_celltype,HNSC_Epi_HNSC,tissue,Tumor,Adjacent,group1_higher,7.0720940822201065e-31,4.917993240730758e-61
45289,1109,0.6072319544925774,0.03544485265911012,0.557853639125824,-0.0332943722605705,1.2602027633438213,0.9253758463983085,0.5717871018334673,0.5911480113863945,,0.21128859214175688,4.098561347879592,20.125095557401657,20.125095557401657,6.169178085684586e-78,32397904.0,16.531523576685867,2.175779448395383e-61,0.45624355277270306,0.2900977931509334,GCST90200436,cancerType_celltype,HNSC_Epi_HNSC,tissue,Tumor,Adjacent,group1_higher,3.503579054495038e-77,6.256513477136935e-61
45289,1109,-0.4286603437244732,0.03857413077384433,-0.4773285984992981,0.0162942521274089,1.1523652693337114,0.7402401757612163,-0.4672344744983175,-0.493622850626707,,-0.1655396611566373,-3.4740953693347705,-20.422531667218667,-20.422531667218667,3.5867121876425055e-80,17831177.0,-16.52339981451606,2.4896449818590692e-61,-0.40833088546907886,-0.2899552360861467,GCST90200586,cancerType_celltype,HNSC_Epi_HNSC,tissue,Tumor,Adjacent,group2_higher,2.1727505385585492e-79,7.143970758471391e-61
45289,1109,0.7695390444001113,0.0905707266739745,0.7371528148651123,0.0110751250758767,1.4974528361186779,1.0944962593392495,0.6789683177261369,0.7260776897892356,,0.20675934499390614,3.0868637350198,20.200819665089348,20.200819665089348,1.9248033254939186e-78,32353689.0,16.431190575474133,1.1439297065343244e-60,0.4559584904499033,0.2883371337599998,GCST90199714,cancerType_celltype,HNSC_Epi_HNSC,tissue,Tumor,Adjacent,group1_higher,1.1116554799356826e-77,3.275580231105639e-60
45289,1109,0.20892161056746508,-0.08630861023698036,0.1803834587335586,-0.2029024809598922,0.6497098985936731,0.7456346082657701,0.29523022080444544,0.3832859396934508,,0.21417357312865398,1.2753755240567985,13.06472884910558,13.06472884910558,1.8006890285254802e-36,32340171.5,16.40051656566118,1.896223748643085e-60,0.45269239817704016,0.28779886137920263,GCST90199978,cancerType_celltype,HNSC_Epi_HNSC,tissue,Tumor,Adjacent,group1_higher,4.4543360179314505e-36,5.41835004067196e-60
45289,1109,0.22624979094302122,-0.2549585041865485,0.1604200899600982,-0.290986567735672,0.8942802084276908,0.9395852935371423,0.4812082951295697,0.4514066576957702,,0.22736971105026046,-0.1723452829808545,16.869352483191896,16.869352483191896,2.9416993743439457e-57,32338231.0,16.396113168876123,2.0387548544350153e-60,0.53742938807471,0.287721589875231,GCST90200843,cancerType_celltype,HNSC_Epi_HNSC,tissue,Tumor,Adjacent,group1_higher,1.0895478932692387e-56,5.813436959403611e-60
45289,1109,-0.03797836167823436,0.4718340362716723,-0.0678285062313079,0.4738391637802124,1.071564717767904,0.960760149368323,-0.5098123979499066,-0.5416676700115203,,-0.16231636187116433,3.634994987039477,-17.407859896305826,-17.407859896305826,1.4428000082480846e-60,17912089.0,-16.339793712649186,5.142755626651505e-60,-0.4768825065611317,-0.2867332871403314,GCST90200407,cancerType_celltype,HNSC_Epi_HNSC,tissue,Tumor,Adjacent,group2_higher,5.835419617929197e-60,1.463377018606681e-59
45289,1109,0.32572362048598386,-0.17960768689676898,0.308683305978775,-0.214722454547882,1.0183799453218096,1.0150803727553606,0.5053313073827528,0.523405760526657,,0.17605558739062302,0.858795643878477,16.377759483911625,16.377759483911625,2.0856791481223004e-54,32289085.5,16.284591841022426,1.2697583223639543e-59,0.4962493138945999,0.28576459595694237,GCST90200802,cancerType_celltype,HNSC_Epi_HNSC,tissue,Tumor,Adjacent,group1_higher,7.251991527782387e-54,3.6055845695459787e-59
45289,1109,-0.013702474508996714,-0.24998510262794643,-0.0147235849872231,-0.4400717914104461,0.4395886973942561,0.9095444257056502,0.2362826281189497,0.425348206423223,,0.17317502947919064,-4.1892342547050685,8.626510198677538,8.626510198677538,2.1321871089466266e-17,32283625.5,16.272201969109815,1.554679333638446e-59,0.5176115866966182,0.28554717652293804,GCST90199959,cancerType_celltype,HNSC_Epi_HNSC,tissue,Tumor,Adjacent,group1_higher,3.6463877408961757e-17,4.405463475570067e-59
45289,1109,-0.31253454877101006,0.16647220109833985,-0.3571354150772095,-0.0502444393932819,0.6744571071096559,0.9592580089238416,-0.4790067498693499,-0.3068909756839276,,-0.2678414129749939,-0.908730345211083,-16.529477155544427,-16.529477155544427,3.6977144899662784e-55,17958276.5,-16.234984700018472,2.853243436280963e-59,-0.7016924639246588,-0.2848940819923329,GCST90200185,cancerType_celltype,HNSC_Epi_HNSC,tissue,Tumor,Adjacent,group2_higher,1.3056955569492325e-54,8.068404156952182e-59
45289,1109,0.0804198123474297,0.6447556278759881,0.0319995805621147,0.594605028629303,0.9598961190218527,1.2020128857399908,-0.5643358155285584,-0.5626054480671883,,-0.17931968290406253,3.0031138842100877,-15.51420415346455,-15.51420415346455,2.093984996267933e-49,17966536.5,-16.21624104763786,3.871841358234333e-59,-0.5839655386530604,-0.2845651654126855,GCST90200096,cancerType_celltype,HNSC_Epi_HNSC,tissue,Tumor,Adjacent,group2_higher,6.652917365765018e-49,1.0926127890835188e-58
45289,1109,-0.04428448667561405,-0.3048521636135379,-0.0834801420569419,-0.5280693769454956,0.584794905392019,0.8198282532566887,0.2605676769379238,0.44458923488855373,,0.22360394924981974,-2.7832086390669803,10.519003646765583,10.519003646765583,9.300988448241552e-25,32252787.0,16.20222301948032,4.863751280321327e-59,0.4405221367882377,0.28431917483511016,GCST90200662,cancerType_celltype,HNSC_Epi_HNSC,tissue,Tumor,Adjacent,group1_higher,1.886495127225184e-24,1.3696886353466877e-58
45289,1109,-0.8256972924787238,-0.2661729485897536,-0.9191035628318788,-0.4107759296894073,1.0943730952647488,1.1131506985791426,-0.5595243438889702,-0.5083276331424715,,-0.18637528076369297,-1.6332453454071572,-16.544407982190112,-16.544407982190112,2.288611490853387e-55,17974901.0,-16.197260263093348,5.272525293441746e-59,-0.5110626801464457,-0.28423208760028096,GCST90199633,cancerType_celltype,HNSC_Epi_HNSC,tissue,Tumor,Adjacent,group2_higher,8.14458867371584e-55,1.4817426752497115e-58
45289,1109,-0.4147635284680112,0.09660425193596417,-0.4386514723300934,0.1453791111707687,1.1582851462054713,0.9174821257585938,-0.5113677804039753,-0.5840305835008621,,-0.1679148985553716,-2.1021189888285843,-18.20907685511534,-18.20907685511534,1.390317864774864e-65,17990057.0,-16.16286815710296,9.217331073210538e-59,-0.44346422676103014,-0.283628569479078,GCST90200540,cancerType_celltype,HNSC_Epi_HNSC,tissue,Tumor,Adjacent,group2_higher,6.172649021785471e-65,2.585025154894231e-58
45289,1109,0.28296552026726857,-0.04922221479304708,0.2252350598573684,-0.2106572389602661,0.8044964376268741,0.839772990473345,0.3321877350603156,0.4358922988176345,,0.1809758802066584,2.523220578763871,13.02751301306128,13.02751301306128,2.647398516030855e-36,32230262.5,16.151110259426183,1.1153797172950487e-58,0.41247269991805524,0.2834222400290243,GCST90200607,cancerType_celltype,HNSC_Epi_HNSC,tissue,Tumor,Adjacent,group1_higher,6.501629148378479e-36,3.12168902396951e-58
45289,1109,0.16771759354425494,-0.024068994558584998,0.1723629832267761,-0.1930186450481414,0.47434467396047375,0.718703696615748,0.19178658810283994,0.3653816282749175,,0.15883092573789587,2.800734916405255,8.839550166970428,8.839550166970428,3.607776619755689e-18,32228593.5,16.147322952425792,1.1860040222067423e-58,0.3982052208912473,0.283355779766139,GCST90200573,cancerType_celltype,HNSC_Epi_HNSC,tissue,Tumor,Adjacent,group1_higher,6.2403547369632035e-18,3.312548119401209e-58
45289,1109,-0.8344575510368785,-0.1621843509643101,-0.9819746613502502,-0.3717266619205475,1.533425046217757,1.240043588238437,-0.6722732000725684,-0.6102479994297028,,-0.19124470028634527,-2.3631968730944033,-17.72524098886032,-17.72524098886032,1.3972914603268336e-62,18013784.5,-16.10902554065489,2.204748910167401e-58,-0.4402356471745415,-0.2826837307207747,GCST90200367,cancerType_celltype,HNSC_Epi_HNSC,tissue,Tumor,Adjacent,group2_higher,5.860025416693767e-62,6.145343076806069e-58
45289,1109,0.08763853500606954,-0.1388642196653343,0.0897069051861763,-0.283724308013916,0.525580231918868,0.721688522865856,0.22650275467140385,0.3734312132000923,,0.19330535432086993,-0.664031570711779,10.384544999051284,10.384544999051284,3.382659134486309e-24,32206653.5,16.09753654404435,2.6547014902678435e-58,0.4264719314849442,0.28248211998920625,GCST90200019,cancerType_celltype,HNSC_Epi_HNSC,tissue,Tumor,Adjacent,group1_higher,6.770285463002701e-24,7.384404349459328e-58
45289,1109,-0.2500490625620098,0.022835998758844775,-0.2815531492233276,-0.0044712042436003,0.5069086054774791,0.5724637576391305,-0.2728850613208546,-0.27708194497972727,,-0.19997128540252787,-3.452771996891771,-15.724173294785311,-15.724173294785311,1.2907916518424076e-50,18038323.0,-16.05334259707841,5.416758500616366e-58,-0.5365704591325156,-0.2817065976106441,GCST90199712,cancerType_celltype,HNSC_Epi_HNSC,tissue,Tumor,Adjacent,group2_higher,4.1889262415742893e-50,1.5036745084195738e-57
45289,1109,-0.04331734197709905,-0.39447635306991014,-0.0994331762194633,-0.5808509588241577,0.7797302843637594,1.137596223516448,0.3511590110928111,0.4814177826046944,,0.22857167107112134,-3.1868925480298538,10.221099886180676,10.221099886180676,1.610960726508263e-23,32185476.0,16.049480406236786,5.764566555278968e-58,0.44441058740190714,0.2816388232742566,GCST90200116,cancerType_celltype,HNSC_Epi_HNSC,tissue,Tumor,Adjacent,group1_higher,3.173033916518443e-23,1.5969724013913075e-57
45289,1109,-0.11476778394901956,0.26888142973220275,-0.1768297553062439,0.2757301032543182,0.7849079948399573,0.7982105947058192,-0.3836492136812223,-0.4525598585605621,,-0.19212161103422573,1.2282451889830144,-15.81979877673894,-15.81979877673894,3.389748275701018e-51,18046136.0,-16.035613280365364,7.20699276775087e-58,-0.4885830157060052,-0.2813954807538903,GCST90200608,cancerType_celltype,HNSC_Epi_HNSC,tissue,Tumor,Adjacent,group2_higher,1.1106314662933864e-50,1.9925215299075936e-57
45289,1109,0.7098433893970284,0.17861796768237959,0.62203449010849,-0.0006208237027749,1.1993336211927188,1.080468796563614,0.5312254217146488,0.6226553138112649,,0.1911802506276159,1.9906175052227668,16.131608201023237,16.131608201023237,4.881888725792897e-53,32178461.0,16.033561916957122,7.448938161783147e-58,0.4439336056530027,0.28135948310401115,GCST90199875,cancerType_celltype,HNSC_Epi_HNSC,tissue,Tumor,Adjacent,group1_higher,1.6593551953256156e-52,2.0552434644757956e-57
45289,1109,0.6484711406921176,0.04423789823481543,0.6230635643005371,-0.1031677350401878,1.3159246377885634,1.2711690067370538,0.6042332424573023,0.726231299340725,,0.20548852504146725,3.8736572345656857,15.625799021627046,15.625799021627046,4.027011808381721e-50,32156594.0,15.98394116070931,1.653556753932725e-57,0.4595371426752562,0.280488730216947,GCST90200736,cancerType_celltype,HNSC_Epi_HNSC,tissue,Tumor,Adjacent,group1_higher,1.2945323336849732e-49,4.5531269810309175e-57
45289,1109,0.23824875767341838,-0.14855103149370402,0.2264313101768493,-0.2644404470920563,0.8583083235106888,0.8056231378273334,0.38679978916712243,0.4908717572689056,,0.16697180813792986,0.6815064121573967,15.771278078612971,15.771278078612971,5.878693619243453e-51,32135377.5,15.935796523816654,3.5762114521168234e-57,0.4512953683226598,0.27964388050604017,GCST90200893,cancerType_celltype,HNSC_Epi_HNSC,tissue,Tumor,Adjacent,group1_higher,1.9215010558822126e-50,9.827371389587158e-57
45289,1109,0.2817805821569731,-0.044227247860110924,0.2537719011306762,-0.177913412451744,0.6494786249887585,0.7905180026655674,0.326007830017084,0.43168531358242024,,0.1918643845180771,2.6715373222328225,13.621413151439356,13.621413151439356,2.86890898644576e-39,32134705.0,15.934270481900679,3.66459029454838e-57,0.4990919934076073,0.27961710128088124,GCST90200572,cancerType_celltype,HNSC_Epi_HNSC,tissue,Tumor,Adjacent,group1_higher,7.505418327304359e-39,1.0049972980823827e-56
45289,1109,-0.11198311185290301,0.5600044489032973,-0.140756145119667,0.3445798754692077,1.1364949134939692,1.313514824642962,-0.6719875607562003,-0.4853360205888747,,-0.18873532277935406,2.3221468055168777,-16.882913159696223,-16.882913159696223,2.702397250084278e-57,18108090.5,-15.89502567607785,6.860159052877666e-57,-0.5889242025444693,-0.27892842721469324,GCST90200029,cancerType_celltype,HNSC_Epi_HNSC,tissue,Tumor,Adjacent,group2_higher,1.0036423574563681e-56,1.8775897166811764e-56
45289,1109,-0.007466540869920261,-0.29226692966471035,-0.0439786501228809,-0.363403707742691,0.5801427366712599,0.652794758979908,0.2848003887947901,0.3194250576198101,,0.19994062241066626,-5.29051449334446,14.390310687036456,14.390310687036456,2.673039258243189e-43,32094045.0,15.842004512676002,1.5965225590968167e-56,0.4893616323646054,0.2779980034445053,GCST90200724,cancerType_celltype,HNSC_Epi_HNSC,tissue,Tumor,Adjacent,group1_higher,7.670215808390455e-43,4.36084218045884e-56
45289,1109,0.01950952299119291,-0.2966400008110961,-0.0119420075789093,-0.4780026376247406,0.6600901781694839,0.8172548884280458,0.316149523802289,0.4660606300458313,,0.1839570255415671,-3.9263936605887406,12.780838597627266,12.780838597627266,4.632651790154588e-35,32084360.0,15.820027239878634,2.263987798839659e-56,0.4759302348937936,0.27761234278180713,GCST90200094,cancerType_celltype,HNSC_Epi_HNSC,tissue,Tumor,Adjacent,group1_higher,1.1235417064022603e-34,6.17163073963691e-56
45289,1109,0.14862814554719206,-0.12654772393067004,0.1621780842542648,-0.2871270179748535,0.47533738679493215,0.8763093074749883,0.2751758694778621,0.44930510222911835,,0.18292922365016615,0.23202409008542163,10.419809551670674,10.419809551670674,2.4782865117075197e-24,32077561.0,15.80459889937793,2.89230443738473e-56,0.563005409824994,0.2773416038199399,GCST90200319,cancerType_celltype,HNSC_Epi_HNSC,tissue,Tumor,Adjacent,group1_higher,4.97482255590184e-24,7.8686845272562615e-56
45289,1109,-0.520393500238984,0.19010335494533417,-0.5890913009643555,-0.1365241408348083,1.208281649909903,1.404572350373189,-0.7104968551843182,-0.4525671601295472,,-0.22065562340738984,-1.4528141332051856,-16.694909835560523,-16.694909835560523,3.4566643774634608e-56,18150829.5,-15.798042024855679,3.2093631886491566e-56,-0.5855713442277661,-0.2772265427476771,GCST90200959,cancerType_celltype,HNSC_Epi_HNSC,tissue,Tumor,Adjacent,group2_higher,1.2497171210829434e-55,8.713868577945818e-56
45289,1109,-0.02520247390585571,-0.23661838736322333,-0.061518806964159,-0.3867789208889007,0.6126730540542906,0.9025024441815405,0.21141591345736763,0.3252601139247417,,0.1637172167470191,-3.23087377989907,7.757437556414397,7.757437556414397,1.92377168234092e-14,32074213.0,15.797001593304044,3.2627621297082765e-56,0.3403496232712035,0.2772082850900781,GCST90200293,cancerType_celltype,HNSC_Epi_HNSC,tissue,Tumor,Adjacent,group1_higher,3.0994099326603715e-14,8.841242112907317e-56
45289,1109,-0.479430209446998,0.14965036941339102,-0.5713083148002625,0.0515113696455955,1.4836425374869966,1.182141809403519,-0.629080578860389,-0.622819684445858,,-0.16142183461446374,-1.6797183463504328,-17.38939318899597,-17.38939318899597,1.4902389446549694e-60,18151535.5,-15.796439964494818,3.291953911802214e-56,-0.4258717365009411,-0.27719842953881135,GCST90200541,cancerType_celltype,HNSC_Epi_HNSC,tissue,Tumor,Adjacent,group2_higher,6.009454679185571e-60,8.902645201957179e-56
45289,1109,0.027784002178617685,-0.15607286327705158,-0.0116088800132274,-0.3028103113174438,0.5069464594337025,0.6955283997753424,0.18385686545566926,0.2912014313042164,,0.15811838099552847,-2.4898506998201126,8.746296046875452,8.746296046875452,7.804396522106079e-18,32072024.0,15.79203429850245,3.530156342685003e-56,0.35891327220469194,0.27712111821443064,GCST90200527,cancerType_celltype,HNSC_Epi_HNSC,tissue,Tumor,Adjacent,group1_higher,1.3380367873749165e-17,9.527926920949819e-56
45289,1109,-0.345658288744414,0.14176107760068665,-0.3994009792804718,-0.0023220346774905,0.9779476705662274,0.9347136916391076,-0.48741936634510064,-0.3970789446029813,,-0.19906318266955395,-1.285879042407423,-17.137442118332626,-17.137442118332626,6.684276138508535e-59,18166567.5,-15.76232924021087,5.6512241435526785e-56,-0.49892585139782986,-0.276599849148344,GCST90200663,cancerType_celltype,HNSC_Epi_HNSC,tissue,Tumor,Adjacent,group2_higher,2.5882580615872538e-58,1.5222566220676484e-55
45289,1109,0.08112419411747285,-0.15428915857832365,0.0733345821499824,-0.2905127108097076,0.5141143993535895,0.6980465555013957,0.2354133526957965,0.36384729295969,,0.20077874744791255,-0.9274241119876424,11.156992526056667,11.156992526056667,1.6686039279978823e-27,32055341.0,15.754177112949689,6.429190908671215e-56,0.4533571475768112,0.27645679432844283,GCST90200224,cancerType_celltype,HNSC_Epi_HNSC,tissue,Tumor,Adjacent,group1_higher,3.598587268767585e-27,1.728399843889323e-55
45289,1109,0.34856457972068133,-0.004862985621681781,0.3140097558498382,-0.116024449467659,0.7918987784438286,0.9019360720031059,0.35342756534236314,0.4300342053174972,,0.19845331508552946,6.16314733843323,12.927948546491145,12.927948546491145,8.535831416303533e-36,32043817.0,15.728026767909226,9.719479318652418e-56,0.44472843414388813,0.2759979039333027,GCST90200841,cancerType_celltype,HNSC_Epi_HNSC,tissue,Tumor,Adjacent,group1_higher,2.085006849537942e-35,2.6078051793943394e-55
45289,1109,-0.0029779338998720843,-0.2320094232347091,0.0023838295601308,-0.3741524815559387,0.4552351781360914,0.840432134210799,0.22903148933483702,0.3765363111160695,,0.19084095418239203,-6.283249698983852,9.04281765132043,9.04281765132043,6.533840628384863e-19,32033668.0,15.704996582920018,1.3978772273048366e-55,0.48923394416113586,0.2755937666007553,GCST90200994,cancerType_celltype,HNSC_Epi_HNSC,tissue,Tumor,Adjacent,group1_higher,1.1491128743856218e-18,3.743235090012755e-55
45289,1109,0.010742791421286915,-0.16844445736209607,0.014122643508017,-0.279602974653244,0.4220487944411436,0.6958114602688523,0.179187248783383,0.293725618161261,,0.1296873815205027,-3.9707064154281695,8.53755977516032,8.53755977516032,4.3737526024227225e-17,32016835.5,15.66680015087441,2.551077468613318e-55,0.41611457790767403,0.27492348956359836,GCST90200533,cancerType_celltype,HNSC_Epi_HNSC,tissue,Tumor,Adjacent,group1_higher,7.405496642362945e-17,6.81787958768618e-55
45289,1109,0.0684407464180874,-0.1589441206601194,0.0477083846926689,-0.3595488667488098,0.5534958003384648,0.876567815456888,0.2273848670782068,0.40725725144147873,,0.18202078307301423,-1.215580250467789,8.596704927189892,8.596704927189892,2.6962448097608877e-17,32016544.0,15.666138676943545,2.5777596062465737e-55,0.40361209708070267,0.2749118819143288,GCST90200838,cancerType_celltype,HNSC_Epi_HNSC,tissue,Tumor,Adjacent,group1_higher,4.593727094630112e-17,6.875707129773151e-55
45289,1109,0.3765532795038853,0.04700931943813423,0.3103159070014953,-0.0860103443264961,0.7294833218405576,0.8270981623322228,0.32954396006575104,0.3963262513279914,,0.22159260006069012,3.0018084524466824,13.143913620630697,13.143913620630697,7.2274868487987064e-37,31995111.5,15.61750389127193,5.53306323129645e-55,0.45021742844827084,0.2740584309950438,GCST90200258,cancerType_celltype,HNSC_Epi_HNSC,tissue,Tumor,Adjacent,group1_higher,1.7943651320423748e-36,1.472961950050207e-54
45289,1109,-0.08665637410584424,0.44609960014967154,-0.1307574808597564,0.4412545561790466,1.0815739461711409,1.0961317829455457,-0.5327559742555158,-0.572012037038803,,-0.17100188332479535,2.363974663204921,-15.996134904423492,-15.996134904423492,3.3458045422494956e-52,18246115.0,-15.581819471718495,9.676260474519879e-55,-0.49241538984300315,-0.27343223515082504,GCST90200728,cancerType_celltype,HNSC_Epi_HNSC,tissue,Tumor,Adjacent,group2_higher,1.114995499043047e-51,2.5709050734445603e-54
45289,1109,0.12858508844917513,-0.044134219095922966,0.1338862925767898,-0.2488117665052414,0.47979007496829246,0.794517941027304,0.1727193075450981,0.3826980590820312,,0.14435168976854293,1.542732303253471,7.207298553496919,7.207298553496919,1.04270720179853e-12,31966535.0,15.55265788857766,1.5264027564951413e-54,0.3527261720461492,0.27292050307273197,GCST90199644,cancerType_celltype,HNSC_Epi_HNSC,tissue,Tumor,Adjacent,group1_higher,1.6113491111693837e-12,4.0476399943635753e-54
45289,1109,0.041435460095513396,-0.16007770892048742,-0.0119092995300889,-0.3143859505653381,0.539138072942904,0.7559995808075987,0.2015131690160008,0.3024766510352492,,0.1789553038057396,-1.9498087722723763,8.821858384125708,8.821858384125708,4.1647172165852645e-18,31961724.5,15.541741866812897,1.8099945171490763e-54,0.36952984109071557,0.27272894699447603,GCST90200154,cancerType_celltype,HNSC_Epi_HNSC,tissue,Tumor,Adjacent,group1_higher,7.185455147095842e-18,4.790335003639206e-54
45289,1109,-0.03197429573001409,0.5120898345415522,-0.1247733533382415,0.3456137776374817,0.8685158610893048,1.1779388116941427,-0.5440641302715663,-0.47038713097572316,,-0.21643162261163015,4.001370130463096,-15.279934985885609,-15.279934985885609,4.388309566660245e-48,18289228.0,-15.483987136962384,4.4502387989142026e-54,-0.6202434125447778,-0.27171545785078377,GCST90200603,cancerType_celltype,HNSC_Epi_HNSC,tissue,Tumor,Adjacent,group2_higher,1.3624751570291375e-47,1.1755185044418717e-53
45289,1109,0.2965958102317084,-0.11793462112400055,0.2612967193126678,-0.2989859282970428,0.9730261907931521,1.076830640317182,0.41453043135570894,0.5602826476097106,,0.17052084965253755,1.3305035484245926,12.693343803202085,12.693343803202085,1.1907289962678461e-34,31925312.5,15.459115490241107,6.549279879113801e-54,0.4248831682846533,0.2712790062562045,GCST90200015,cancerType_celltype,HNSC_Epi_HNSC,tissue,Tumor,Adjacent,group1_higher,2.8725019856868573e-34,1.7266283317663657e-53
45289,1109,0.31819931062863666,0.02320058679844717,0.2584659159183502,-0.1488566249608993,0.7042290093513236,0.9419194780112452,0.2949987238301895,0.4073225408792495,,0.1861474327381563,3.777639861674776,10.359051352778096,10.359051352778096,4.302789923599641e-24,31911451.0,15.427660873113517,1.0666851751225674e-53,0.41500463142680616,0.2707270356546567,GCST90200374,cancerType_celltype,HNSC_Epi_HNSC,tissue,Tumor,Adjacent,group1_higher,8.561609731191694e-24,2.8067411075136283e-53
45289,1109,0.17040605061844874,-0.11316241384281603,0.1350535601377487,-0.3428235650062561,0.7215870005146873,0.9771810865462806,0.28356846446126477,0.4778771251440048,,0.16392687991760238,0.5905774237108241,9.599936428894248,9.599936428894248,4.88749733424708e-21,31907912.0,15.419630148443419,1.2079627972380157e-53,0.3891234233021093,0.27058611122664566,GCST90199841,cancerType_celltype,HNSC_Epi_HNSC,tissue,Tumor,Adjacent,group1_higher,9.075829518499686e-21,3.1723570185653473e-53
45289,1109,-0.6414069503768038,-0.25347447540313744,-0.7080654501914978,-0.3897985816001892,0.7509486102245996,0.7942408741496281,-0.3879324749736664,-0.3182668685913086,,-0.20599091625029148,-1.3393960679487742,-16.090424635800698,-16.090424635800698,1.007036086077921e-52,18322535.5,-15.408405514484494,1.43716755660533e-53,-0.515859737941854,-0.27038913957274413,GCST90200305,cancerType_celltype,HNSC_Epi_HNSC,tissue,Tumor,Adjacent,group2_higher,3.372457457799033e-52,3.767037268563586e-53
45289,1109,-0.6829088455858303,-0.0553028077529357,-0.7060806751251221,-0.2276490181684494,1.2700466623739404,1.2227902003559241,-0.6276060378328946,-0.47843165695667267,,-0.16765406325301027,-3.626244412766857,-16.87093441221571,-16.87093441221571,2.5843670467283716e-57,18325810.0,-15.400974995147894,1.6122285503977008e-53,-0.49459132622774515,-0.2702587476429553,GCST90200113,cancerType_celltype,HNSC_Epi_HNSC,tissue,Tumor,Adjacent,group2_higher,9.624295859810848e-57,4.217787935109532e-53
45289,1109,-0.3792885020614639,0.3191914176356343,-0.3967319130897522,0.1409018337726593,1.2850860854541737,1.414918660440245,-0.6984799196970982,-0.5376337468624115,,-0.19522120052352082,-0.24887306043003277,-16.275924777616314,-16.275924777616314,8.965941612046678e-54,18330647.5,-15.38999770478576,1.9104240877029756e-53,-0.5421553065336795,-0.2700661164136521,GCST90199630,cancerType_celltype,HNSC_Epi_HNSC,tissue,Tumor,Adjacent,group2_higher,3.078231339350031e-53,4.988329562335547e-53
45289,1109,-0.05890770642351932,-0.3427747223963768,-0.0940902456641197,-0.4503070712089538,0.6597465594841504,0.8967413915686595,0.28386701597285746,0.3562168255448341,,0.21163892313629198,-2.5407121537172412,10.47259357085835,10.47259357085835,1.450333185074149e-24,31864873.0,15.321965735028249,5.454365991207759e-53,0.42597766879496923,0.26887228063688196,GCST90200176,cancerType_celltype,HNSC_Epi_HNSC,tissue,Tumor,Adjacent,group1_higher,2.9285987129719482e-24,1.4214724370967833e-52
45289,1109,-0.5680161697686856,0.19475838010794055,-0.6787758469581604,0.0015682933153584,1.5138475785428736,1.5227798347318107,-0.7627745498766262,-0.6803441402735187,,-0.21346397989405172,-1.5442417256997911,-16.482849941539186,-16.482849941539186,5.163350709655277e-55,18362825.0,-15.316980286568175,5.889160988994659e-53,-0.5037936346863245,-0.2687847951979613,GCST90200749,cancerType_celltype,HNSC_Epi_HNSC,tissue,Tumor,Adjacent,group2_higher,1.813826550840243e-54,1.531856188549565e-52
45289,1109,0.05033836303665076,-0.15028568587850188,0.0512552112340927,-0.2410022318363189,0.44577537457684174,0.6502597822884654,0.20062404891515265,0.29225744307041157,,0.18476281922927318,-1.5779583376604536,10.215913898741498,10.215913898741498,1.691800135856641e-23,31860736.5,15.312579158990426,6.301582631640216e-53,0.4441150677147907,0.26870756351439873,GCST90200670,cancerType_celltype,HNSC_Epi_HNSC,tissue,Tumor,Adjacent,group1_higher,3.327451060855125e-23,1.6360108813191649e-52
45289,1109,0.30002935689735927,-0.08455979965937495,0.2162556499242782,-0.207803264260292,0.9207233684711389,0.862909302549457,0.3845891565567342,0.4240589141845702,,0.19435097704284632,1.8270475542361586,14.639518776209881,14.639518776209881,1.0845227076002157e-44,31856818.0,15.303687270146183,7.224622819306167e-53,0.41831129454746013,0.2685515272411121,GCST90200322,cancerType_celltype,HNSC_Epi_HNSC,tissue,Tumor,Adjacent,group1_higher,3.1653200223963473e-44,1.8720838218088033e-52
45289,1109,0.5329833655856842,0.10951421398786422,0.5137826204299927,0.0017987982137128,0.9629580499039134,0.8530898795549927,0.42346915159781995,0.5119838222162799,,0.18282381313827892,2.28296190927843,16.278754290807242,16.278754290807242,6.74449513688627e-54,31840478.5,15.266609557304406,1.2764127926924072e-52,0.44089291250929236,0.2679008816656703,GCST90200500,cancerType_celltype,HNSC_Epi_HNSC,tissue,Tumor,Adjacent,group1_higher,2.327277689006579e-53,3.3012346042500015e-52
45289,1109,0.47603226823995853,-0.05950440377586104,0.4726401269435882,-0.1909253150224685,1.3383660439615295,1.1035058196382126,0.5355366720158196,0.6635654419660567,,0.1488834040654509,2.9999698089800324,15.87802078841478,15.87802078841478,1.230735362754358e-51,31840282.5,15.266164792671647,1.2851461858537495e-52,0.4016807528437936,0.26789307686547525,GCST90199957,cancerType_celltype,HNSC_Epi_HNSC,tissue,Tumor,Adjacent,group1_higher,4.061724695966562e-51,3.3133298639192635e-52
45289,1109,0.28183849044078557,-0.001734579012017929,0.281697154045105,-0.072708249092102,0.6517154528350213,0.6692957867730548,0.28357306945280353,0.354405403137207,,0.17116736988611442,7.343312916190365,13.948536716910821,13.948536716910821,5.383261429940906e-41,31840264.5,15.266123946940066,1.2859512091073297e-52,0.43483410501141345,0.26789236009811024,GCST90199622,cancerType_celltype,HNSC_Epi_HNSC,tissue,Tumor,Adjacent,group1_higher,1.467477065801891e-40,3.3133298639192635e-52
45289,1109,0.2849828220412171,-0.009519384699437777,0.2905592024326324,-0.1429224014282226,0.6297785741304811,0.8118233771285804,0.29450220674065486,0.433481603860855,,0.20035511655898408,4.9037163413870655,11.992677448778034,11.992677448778034,2.704024105058996e-31,31832437.0,15.248361726721027,1.6881876570457825e-52,0.46397670759399645,0.26758066584542384,GCST90200234,cancerType_celltype,HNSC_Epi_HNSC,tissue,Tumor,Adjacent,group1_higher,6.21515152646781e-31,4.3415090123649085e-52
45289,1109,0.9444003417424597,0.22025064816506265,0.8268595337867737,0.0345539078116416,1.6885044732125336,1.270543481408133,0.724149693577397,0.7923056259751321,,0.20919713577709032,2.100247276235893,18.582787038504186,18.582787038504186,5.579442979412769e-68,31818410.0,15.21653155578363,2.747190904316678e-52,0.43110933342755986,0.2670221049661605,GCST90200451,cancerType_celltype,HNSC_Epi_HNSC,tissue,Tumor,Adjacent,group1_higher,2.5954883211397964e-67,7.051640682831699e-52
45289,1109,0.09414691627158765,-0.10839678796297142,0.0897074937820434,-0.2766738533973694,0.42157375008597736,0.7584241717870749,0.20254370423455909,0.3663813471794128,,0.17496074788919352,-0.2033342465392234,8.860038748446977,8.860038748446977,3.0625986848562312e-18,31789050.0,15.149907629161975,7.587447738050476e-52,0.4681082224200643,0.2658529777532732,GCST90199726,cancerType_celltype,HNSC_Epi_HNSC,tissue,Tumor,Adjacent,group1_higher,5.310842248675628e-18,1.9439269298802252e-51
45289,1109,0.2076667766224763,-0.05294637726033039,0.1633166968822479,-0.2366493046283722,0.6660248131778113,0.922592912448843,0.2606131538828067,0.3999660015106201,,0.17868351756709802,1.9716462461186737,9.347563284370604,9.347563284370604,4.6003005021636276e-20,31781763.0,15.13337191549399,9.756715462523395e-52,0.3870726966556411,0.2655628064317368,GCST90200844,cancerType_celltype,HNSC_Epi_HNSC,tissue,Tumor,Adjacent,group1_higher,8.293928021757969e-20,2.4950099766265268e-51
45289,1109,-0.29505967714814607,0.057432514095083306,-0.3566726446151733,0.0040047992952167,0.5726903972946006,0.7738704974815237,-0.3524921912432294,-0.36067744391038997,,-0.21631709024587367,-2.361046923573858,-15.06795459706183,-15.06795459706183,6.431952708590292e-47,18445824.0,-15.128638349045326,1.0484412076775337e-51,-0.6095199658457093,-0.2654797410582326,GCST90200868,cancerType_celltype,HNSC_Epi_HNSC,tissue,Tumor,Adjacent,group2_higher,1.9481670092907927e-46,2.6760774645402215e-51
45289,1109,-0.26948900198245374,0.34813654460718335,-0.3447549939155578,0.2098200768232345,1.2746131493669557,1.2917044728575002,-0.6176255465896371,-0.5545750707387923,,-0.19151089872947502,0.36942565839794145,-15.736606332934501,-15.736606332934501,1.0000206003790367e-50,18455958.0,-15.105642202165768,1.4865360512640758e-51,-0.4844030813433571,-0.2650762010318225,GCST90199774,cancerType_celltype,HNSC_Epi_HNSC,tissue,Tumor,Adjacent,group2_higher,3.2530503062449334e-50,3.7871937156503465e-51
45289,1109,0.017056366606824303,0.6629770519005616,-0.0501658134162426,0.5304895043373108,1.145396866448594,1.4148418123330566,-0.6459206852937373,-0.5806553177535534,,-0.21375669593575808,5.280494271055922,-15.082726500975483,-15.082726500975483,5.094953559386531e-47,18462937.0,-15.089805404349265,1.890021381053247e-51,-0.5604196939089008,-0.26479829439630675,GCST90200240,cancerType_celltype,HNSC_Epi_HNSC,tissue,Tumor,Adjacent,group2_higher,1.5500941297865717e-46,4.8061551163723427e-51
45289,1109,0.4805140363442735,-0.04782253725828336,0.4012182056903839,-0.1917453855276107,1.244140229654765,1.0169089730079213,0.5283365736025568,0.5929635912179946,,0.18703931703271517,3.328788828965729,16.993295026892934,16.993295026892934,3.743069080213158e-58,31740505.0,15.039748960297933,4.030826147031259e-51,0.4263531599028198,0.2639198959906841,GCST90199814,cancerType_celltype,HNSC_Epi_HNSC,tissue,Tumor,Adjacent,group1_higher,1.4171675434251484e-57,1.0230942343395914e-50
45289,1109,0.10669449556616588,0.7661894802812917,0.0473537556827068,0.6146065592765808,1.2547385033824183,1.4024610463368297,-0.6594949847151259,-0.567252803593874,,-0.17130800986390537,2.844203830516502,-15.508560070121254,-15.508560070121254,2.084681188187897e-49,18496528.0,-15.013580461598991,5.983005045817417e-51,-0.5240457064094682,-0.26346068703227077,GCST90199673,cancerType_celltype,HNSC_Epi_HNSC,tissue,Tumor,Adjacent,group2_higher,6.638832849299308e-49,1.5157687504552302e-50
45289,1109,-0.49254263827480455,-0.03321227879302091,-0.5739244222640991,-0.1776743531227111,0.8152481388159323,0.9887449087563003,-0.45933035948178363,-0.39625006914138805,,-0.20037499241856588,-3.8904194929265694,-15.34339473055357,-15.34339473055357,1.835550788729795e-48,18499240.0,-15.007426371374265,6.564690533340574e-51,-0.5602822751790928,-0.2633526940826334,GCST90200866,cancerType_celltype,HNSC_Epi_HNSC,tissue,Tumor,Adjacent,group2_higher,5.751392471353358e-48,1.6600506858892768e-50
45289,1109,0.02180291049551275,-0.1461263725379141,0.0126736564561724,-0.3435075879096985,0.45110912190052505,0.7944706085837269,0.16792928303342686,0.3561812443658709,,0.1405475867323205,-2.744567640376063,7.011432364115583,7.011432364115583,4.059369524808967e-12,31712095.0,14.975280780620778,1.0651884804751732e-50,0.3632543632411391,0.26278859816649724,GCST90200807,cancerType_celltype,HNSC_Epi_HNSC,tissue,Tumor,Adjacent,group1_higher,6.1889492867053935e-12,2.6886146275697427e-50
45289,1109,-0.17114383431010796,0.25312949600356577,-0.2102757543325424,0.1627469211816787,0.7683584956981769,0.914249477960185,-0.42427333031367376,-0.3730226755142211,,-0.2027611594596712,0.5646635792878187,-15.322272752257517,-15.322272752257517,2.37533918329275e-48,18515912.0,-14.969594147101914,1.1602912024960577e-50,-0.5494601880697193,-0.2626888082211465,GCST90199755,cancerType_celltype,HNSC_Epi_HNSC,tissue,Tumor,Adjacent,group2_higher,7.408666606013772e-48,2.9232475212608627e-50
45289,1109,0.5183383455923678,0.04141165809027726,0.4948302507400512,-0.0209019053727388,1.1331065789340247,0.9130316953328529,0.47692668750209055,0.51573215611279,,0.16943982090438428,3.645753197723833,17.076253622423163,17.076253622423163,1.1646303203527805e-58,31707686.0,14.96527584559098,1.238116032521139e-50,0.4226757113146472,0.26261302998251823,GCST90200876,cancerType_celltype,HNSC_Epi_HNSC,tissue,Tumor,Adjacent,group1_higher,4.471524300396732e-58,3.1135648566906135e-50
45289,1109,-0.6785891443178699,-0.17191108148582818,-0.7973768711090088,-0.3371120691299438,1.1511120944330941,1.078660344701449,-0.5066780628320418,-0.460264801979065,,-0.19234470872414985,-1.9808695400108092,-15.429094414866876,-15.429094414866876,4.9609864322724396e-49,18518581.0,-14.96353763279152,1.2708898933238586e-50,-0.4408061602067827,-0.26258252754910294,GCST90201000,cancerType_celltype,HNSC_Epi_HNSC,tissue,Tumor,Adjacent,group2_higher,1.565237154441513e-48,3.190097467035763e-50
45289,1109,0.07142599458008353,-0.1571571403250226,0.0877813994884491,-0.2939426302909851,0.43267101637762956,0.7301741119506433,0.22858313490510612,0.3817240297794342,,0.18320647654970082,-1.1376756776741164,10.380647830811402,10.380647830811402,3.582446054995455e-24,31706752.5,14.963157540567094,1.2781707953127238e-50,0.517021503826573,0.262575857630569,GCST90199890,cancerType_celltype,HNSC_Epi_HNSC,tissue,Tumor,Adjacent,group1_higher,7.159639256537839e-24,3.2024757242853722e-50
45289,1109,-0.1442158000574105,-0.4627271344919556,-0.2037917971611023,-0.6640992164611816,0.7796315474244506,0.9424152116819225,0.31851133443454516,0.46030741930007935,,0.1686128351825789,-1.6819255830274948,11.161934984944162,11.161934984944162,1.5547089567309606e-27,31703557.0,14.955906288607983,1.4253049670792977e-50,0.4063094758895654,0.2624486115131037,GCST90200900,cancerType_celltype,HNSC_Epi_HNSC,tissue,Tumor,Adjacent,group1_higher,3.358269901781774e-27,3.564570036934097e-50
45289,1109,0.6145111422989866,0.058520197335922904,0.6126648783683777,-0.0921839922666549,1.2952922241193485,1.236866180222341,0.5559909449630637,0.7048488706350325,,0.18201657901093016,3.3924103252115425,14.772573753116617,14.772573753116617,2.0977106258540198e-45,31692608.0,14.931060737770773,2.0695121863617762e-50,0.42969244234279813,0.2620126178532296,GCST90200172,cancerType_celltype,HNSC_Epi_HNSC,tissue,Tumor,Adjacent,group1_higher,6.162024963446182e-45,5.166199835185167e-50
45289,1109,0.009046604664259373,-0.32660795357428923,-0.0918325334787368,-0.5027812123298645,0.8286086383047415,1.0009929670132103,0.3356545582385486,0.41094867885112774,,0.20665223852154016,-5.173884638848471,11.074240046226919,11.074240046226919,3.7742218372309314e-27,31679713.5,14.901800444111952,3.208220409316241e-50,0.4028783365532749,0.2614991535873381,GCST90200401,cancerType_celltype,HNSC_Epi_HNSC,tissue,Tumor,Adjacent,group1_higher,8.088465981361256e-27,7.994157985188366e-50
45289,1109,0.07660530851126841,-0.17116658784698097,0.0615944452583789,-0.258112370967865,0.49974800290413374,0.7083913511501638,0.24777189635824937,0.31970681622624386,,0.22637928791631293,-1.1598744323119625,11.577484395489916,11.577484395489916,2.2250774692912273e-29,31667392.0,14.873840406241765,4.873643733322951e-50,0.48992439993793463,0.26100850641589424,GCST90200630,cancerType_celltype,HNSC_Epi_HNSC,tissue,Tumor,Adjacent,group1_higher,4.9963436419175333e-29,1.21218547600715e-49
45289,1109,-0.10896956551428112,-0.32010922502028033,-0.1381797194480896,-0.487396240234375,0.5390033250705526,0.8365289575705885,0.21113965950599922,0.3492165207862854,,0.18582935805346687,-1.554630265094894,8.362924743751789,8.362924743751789,1.7814419653526495e-16,31646835.5,14.82719344617371,9.773616060071284e-50,0.3852950826067013,0.2601899381750319,GCST90200122,cancerType_celltype,HNSC_Epi_HNSC,tissue,Tumor,Adjacent,group1_higher,2.979270427945597e-16,2.4264915646406487e-49
45289,1109,-0.09893292388167156,0.3149338255004875,-0.1516381502151489,0.2419816255569458,0.7290576716843703,0.9267846557744623,-0.41386674938215906,-0.3936197757720947,,-0.20859729038988772,1.6705160966652173,-14.759840898522421,-14.759840898522421,2.969644167307995e-45,18589429.0,-14.802768833292506,1.4057704652192386e-49,-0.5635437345567722,-0.2597613312010566,GCST90199779,cancerType_celltype,HNSC_Epi_HNSC,tissue,Tumor,Adjacent,group2_higher,8.704569892560854e-45,3.483754807443313e-49
45289,1109,-0.30656629947086755,0.08932714889110385,-0.3547194600105285,0.0157310832291841,0.8410352926733211,0.8532199111430963,-0.3958934483619714,-0.3704505432397126,,-0.18934846232950558,-1.7790170466389688,-15.271337438136001,-15.271337438136001,4.04228621764411e-48,18590641.0,-14.800018554032782,1.4644469206879017e-49,-0.47055760749853315,-0.25971306886515677,GCST90199898,cancerType_celltype,HNSC_Epi_HNSC,tissue,Tumor,Adjacent,group2_higher,1.2579077887326305e-47,3.622579224859546e-49
45289,1109,-0.09753609031788651,0.4743936905831374,-0.1173398420214653,0.39288529753685,1.2974519482722788,1.1225407906410947,-0.571929780901024,-0.5102251395583153,,-0.15646046743885317,2.282065023051168,-16.696159410705594,-16.696159410705594,2.375760379574457e-56,18607656.5,-14.761406857049446,2.5980857358509387e-49,-0.4421394985732938,-0.25903550469312386,GCST90199659,cancerType_celltype,HNSC_Epi_HNSC,tissue,Tumor,Adjacent,group2_higher,8.612131375957407e-56,6.41520082964643e-49
45289,1109,0.42440778017328357,0.08924972481594813,0.4013627171516418,-0.025708420202136,0.7858746597246103,0.8265450458594629,0.33515805535733545,0.4270711373537778,,0.1471541794844707,2.2495187124483644,13.356553952290193,13.356553952290193,5.974054484773543e-38,31587401.5,14.692325378911057,7.219437799145545e-49,0.42593805081061303,0.2578232519771182,GCST90199641,cancerType_celltype,HNSC_Epi_HNSC,tissue,Tumor,Adjacent,group1_higher,1.5051083664965507e-37,1.7794021193915693e-48
45289,1109,0.14610126165457238,-0.06340760413657645,0.1494131833314895,-0.2573927342891693,0.4598834709370409,0.8449788314496012,0.20950886579114883,0.4068059176206588,,0.1508067897158249,1.2042279880239604,8.227217422669087,8.227217422669087,5.254635863367263e-16,31580178.0,14.67593375990726,9.19426464134202e-49,0.4431699830926915,0.25753560925156327,GCST90200786,cancerType_celltype,HNSC_Epi_HNSC,tissue,Tumor,Adjacent,group1_higher,8.681295371841914e-16,2.2620546400991285e-48
45289,1109,0.21755448610487485,-0.11323689264648953,0.1869971603155136,-0.221971645951271,0.7541677890591182,0.845276393318733,0.3307913787513644,0.4089688062667846,,0.18839490783419677,0.9420265917340694,12.907112761169955,12.907112761169955,1.0746244109178597e-35,31541412.0,14.587965669327726,3.350456296867932e-48,0.4372820141954071,0.2559919312701331,GCST90199812,cancerType_celltype,HNSC_Epi_HNSC,tissue,Tumor,Adjacent,group1_higher,2.620238053812241e-35,8.228237716452237e-48
45289,1109,0.2850621547785513,-0.0015187028160812527,0.2676331698894501,-0.0447779074311256,0.649424630465019,0.8671093593084365,0.28658085759463253,0.31241107732057566,,0.19526498807064782,7.551348542165815,10.931423545967085,10.931423545967085,1.6080215814153683e-26,31540519.0,14.585939267199894,3.451445802582057e-48,0.4372166932660744,0.2559563716447548,GCST90200348,cancerType_celltype,HNSC_Epi_HNSC,tissue,Tumor,Adjacent,group1_higher,3.39277618493676e-26,8.461008325394503e-48
45289,1109,0.05019120895375028,-0.1673903427724168,0.0778118818998336,-0.307037889957428,0.49097814074737917,0.8527566364163095,0.21758155172616708,0.38484977185726155,,0.1631392295754458,-1.7376895703460038,8.462665903468382,8.462665903468382,8.035458562285932e-17,31526400.0,14.553900329189977,5.516682431931054e-48,0.43285856257501465,0.2553941472878489,GCST90200641,cancerType_celltype,HNSC_Epi_HNSC,tissue,Tumor,Adjacent,group1_higher,1.3521395086908302e-16,1.349952990075768e-47
45289,1109,-0.6410681614735094,-0.0062763049862220735,-0.7738511562347412,-0.1406529992818832,1.7116502153775481,1.2631101896073984,-0.6347918564872873,-0.633198156952858,,-0.15877880689211976,-6.674190894820882,-16.372113830849024,-16.372113830849024,1.4263595246199322e-54,18699193.0,-14.553691562117457,5.533548194080303e-48,-0.3728988381892655,-0.25539048381020635,GCST90199674,cancerType_celltype,HNSC_Epi_HNSC,tissue,Tumor,Adjacent,group2_higher,4.972194455388664e-54,1.35165343880492e-47
45289,1109,0.33557185755280483,-0.2209916557919115,0.2162452340126037,-0.417535126209259,1.4497819862643486,1.1411074538039814,0.5565635133447163,0.6337803602218627,,0.16479725183399527,0.6026276040748937,15.930746524336296,15.930746524336296,5.726438245677237e-52,31523662.5,14.547688374178847,6.041114521094393e-48,0.3856507599435157,0.25528513891777793,GCST90200751,cancerType_celltype,HNSC_Epi_HNSC,tissue,Tumor,Adjacent,group1_higher,1.899059690719726e-51,1.4729944708858063e-47
45289,1109,0.9190659751259947,0.3345751164845196,0.8339204788208008,0.1902458667755127,1.4069015198375276,1.2410061955306106,0.5844908586414752,0.6436746120452881,,0.2018775111524109,1.4578355356641135,15.443328765383209,15.443328765383209,3.865153730415899e-49,31520940.5,14.541511591881022,6.611748183427267e-48,0.41655077486834075,0.2551767477640492,GCST90199621,cancerType_celltype,HNSC_Epi_HNSC,tissue,Tumor,Adjacent,group1_higher,1.2223212377162113e-48,1.6092522810734583e-47
45289,1109,0.17888750467849637,0.8556192849415906,0.1342787593603134,0.715837299823761,1.3262532384172627,1.4685543661701843,-0.6767317802630942,-0.5815585404634476,,-0.18115297730887434,2.2579100029278933,-15.194915461275636,-15.194915461275636,1.1464665289804404e-47,18705862.0,-14.538558218567054,6.903244266951927e-48,-0.508886286056903,-0.25512492150152966,GCST90199705,cancerType_celltype,HNSC_Epi_HNSC,tissue,Tumor,Adjacent,group2_higher,3.51944567342419e-47,1.6772053361596214e-47
45289,1109,0.3447289387288126,-0.010791205022063332,0.2889811992645263,-0.052845325320959,0.791192729115639,0.6885626439342529,0.3555201437508759,0.3418265245854853,,0.19832009038436507,4.997405031758104,16.922989522690788,16.922989522690788,1.0938204696654982e-57,31516840.0,14.53220670730636,7.574187235982196e-48,0.4506544661178821,0.25501346417629556,GCST90199994,cancerType_celltype,HNSC_Epi_HNSC,tissue,Tumor,Adjacent,group1_higher,4.095816758665039e-57,1.8369425627479952e-47
45289,1109,0.047840926286212226,-0.14975476614185146,0.0351039990782737,-0.3186902403831482,0.5284287464036307,0.7441624650752398,0.19759569242806369,0.3537942394614219,,0.14945510911486273,-1.6462641692368112,8.788417803584483,8.788417803584483,5.5069104346159956e-18,31510766.0,14.518423542105408,9.26173105307726e-48,0.3696165528912725,0.2547715950110683,GCST90200805,cancerType_celltype,HNSC_Epi_HNSC,tissue,Tumor,Adjacent,group1_higher,9.489151608573453e-18,2.242227251393305e-47
45289,1109,0.34987969893689874,-0.1086285550213848,0.3013013899326324,-0.2450063675642013,1.1626376312544184,1.0223414838936777,0.45850825395828354,0.5463077574968337,,0.14371154390198995,1.6874464079799014,14.70438069207659,14.70438069207659,4.559885733372712e-45,31480319.5,14.449334121741435,2.5312525580342516e-47,0.39544128341879425,0.25355920292363043,GCST90199790,cancerType_celltype,HNSC_Epi_HNSC,tissue,Tumor,Adjacent,group1_higher,1.3337176511989283e-44,6.117193681916108e-47
45289,1109,0.2611985664123587,-0.060285234950217315,0.2817170917987823,-0.09139234572649,0.7820212266591032,0.7101384731214029,0.32148380136257604,0.3731094375252723,,0.1767904747696474,2.1152519652100117,14.856873672323836,14.856873672323836,6.968286453611192e-46,31467729.5,14.420764801708511,3.8308027847636847e-47,0.41195710025233107,0.25305786397232755,GCST90200442,cancerType_celltype,HNSC_Epi_HNSC,tissue,Tumor,Adjacent,group1_higher,2.0828452711122927e-45,9.241387956872393e-47
45289,1109,-0.2895562511476907,0.246409585591789,-0.3665169477462768,0.1676099449396133,1.248258954352117,1.1535214386943433,-0.5359658367394797,-0.5341268926858901,,-0.16955529291626434,-0.23278439119204042,-15.255913216958795,-15.255913216958795,4.5110168701651424e-48,18776209.0,-14.378926291930352,7.017594747447647e-47,-0.4301213760958105,-0.25232367517847154,GCST90199668,cancerType_celltype,HNSC_Epi_HNSC,tissue,Tumor,Adjacent,group2_higher,1.3973899986443384e-47,1.6899260849418979e-46
45289,1109,0.6792392541093293,0.0352226565917408,0.6124973297119141,-0.0589829571545124,1.638579746430161,1.1789708237533507,0.6440165975175884,0.6714802868664265,,0.142400277626116,4.269305371276359,17.77559193802984,17.77559193802984,5.154101548066838e-63,31441106.5,14.360351695494332,9.176181465228887e-47,0.3953166774960703,0.2519977252193064,GCST90199909,cancerType_celltype,HNSC_Epi_HNSC,tissue,Tumor,Adjacent,group1_higher,2.1884861090389725e-62,2.205843974798408e-46
45289,1109,-0.06022225237863834,-0.3097979002873639,-0.0812011435627937,-0.4119952023029327,0.6596501769071987,0.7568851063797364,0.24957564790872558,0.330794058740139,,0.13750003532493385,-2.362939494361936,10.88018414842018,10.88018414842018,2.609109468651234e-26,31429430.5,14.333856430942749,1.344450744193851e-46,0.37692350077294823,0.25153278212197416,GCST90200424,cancerType_celltype,HNSC_Epi_HNSC,tissue,Tumor,Adjacent,group1_higher,5.462697704718328e-26,3.2252784953787723e-46
45289,1109,-0.10028600104192849,-0.26333037585355873,-0.117998793721199,-0.4000954329967499,0.45418018084442074,0.6982784288726294,0.16304437481163025,0.2820966392755509,,0.18252634736820084,-1.3927448088692596,7.735795967197099,7.735795967197099,2.2647602865299078e-14,31429385.5,14.333754316613799,1.3464295406240068e-46,0.35327937391512815,0.25153099020356207,GCST90199962,cancerType_celltype,HNSC_Epi_HNSC,tissue,Tumor,Adjacent,group1_higher,3.6358872444526083e-14,3.2252784953787723e-46
45289,1109,-0.04471470579672139,-0.27211411962190324,-0.0853405520319938,-0.3357568979263305,0.529525128492712,0.6899574989784156,0.22739941382518186,0.2504163458943367,,0.18316680547053119,-2.6053635667829536,10.897406411962251,10.897406411962251,2.2482477962908602e-26,31421286.0,14.315374872006439,1.754185567328305e-46,0.4259064855052,0.2512084647995845,GCST90200847,cancerType_celltype,HNSC_Epi_HNSC,tissue,Tumor,Adjacent,group1_higher,4.714402686683758e-26,4.194657768892069e-46
45289,1109,-0.37430964866788674,0.20636053332427853,-0.4246596097946167,0.0714587345719337,1.319122769559635,1.2105093954026656,-0.5806701819921652,-0.4961183443665504,,-0.1710890193939518,-0.8590620204105502,-15.747182772803868,-15.747182772803868,7.848587576127655e-51,18862420.5,-14.183294525924124,1.1625974235792247e-45,-0.44102648116743676,-0.24889069797432184,GCST90199810,cancerType_celltype,HNSC_Epi_HNSC,tissue,Tumor,Adjacent,group2_higher,2.559240398627271e-50,2.77516687975216e-45
45289,1109,0.34028961552858344,-0.06151661156140086,0.346837967634201,-0.2305029779672622,1.053842127123854,0.9866505621888828,0.4018062270899843,0.5773409456014632,,0.15463219774267684,2.467695969017213,13.376301355404195,13.376301355404195,4.448524413158927e-38,31361264.0,14.179172510845506,1.2329377786629186e-45,0.38184072691075227,0.24881836420108572,GCST90199722,cancerType_celltype,HNSC_Epi_HNSC,tissue,Tumor,Adjacent,group1_higher,1.1228405139140033e-37,2.9379269096460806e-45
45289,1109,0.2406039698145412,0.0010391308898647878,0.1924462616443634,-0.1406600177288055,0.7136176627214152,0.847945846610575,0.23956483892467642,0.3331062793731689,,0.13927506223998268,7.853757543927418,9.32796591858898,9.32796591858898,5.387603972441918e-20,31351982.5,14.158110863197722,1.664103797345316e-45,0.3340656982260405,0.24844877107348307,GCST90200092,cancerType_celltype,HNSC_Epi_HNSC,tissue,Tumor,Adjacent,group1_higher,9.67497261454326e-20,3.958417933301336e-45
45289,1109,-0.021990461025117928,-0.2464635872363547,-0.0135589363053441,-0.398712545633316,0.5673694426862644,0.927067260320366,0.22447312621123677,0.3851536093279719,,0.17665412537153308,-3.4863650113826576,8.026687586629889,8.026687586629889,2.4968428527051027e-15,31351368.5,14.156717569909382,1.697420258166921e-45,0.38797794618099135,0.2484243213422599,GCST90200030,cancerType_celltype,HNSC_Epi_HNSC,tissue,Tumor,Adjacent,group1_higher,4.095303018335806e-15,4.0306338186089084e-45
45289,1109,-0.19517538547127694,0.13040356283710985,-0.2554190158843994,0.0846349149942398,0.7241624784558304,0.7452860216876851,-0.3255789483083868,-0.3400539308786392,,-0.18501170408936196,-0.5817841606211862,-14.38255637819475,-14.38255637819475,2.780892007208594e-43,18878241.5,-14.147393397072584,1.9381196290178067e-45,-0.4492763600759056,-0.24826069928102856,GCST90200943,cancerType_celltype,HNSC_Epi_HNSC,tissue,Tumor,Adjacent,group2_higher,7.96293236517923e-43,4.5941861814804706e-45
45289,1109,0.03775454570512332,-0.15780095090471105,0.0291033815592527,-0.3293638527393341,0.46734278109504823,0.8608284746045597,0.19555549660983437,0.3584672342985868,,0.15436463863408095,-2.0633545668126914,7.538025135370841,7.538025135370841,9.79515054431607e-14,31338181.5,14.126793533112387,2.5970685773893816e-45,0.40697468891390737,0.24789920960668965,GCST90200028,cancerType_celltype,HNSC_Epi_HNSC,tissue,Tumor,Adjacent,group1_higher,1.5524174641747446e-13,6.145493873232166e-45
45289,1109,-0.052752553098757364,-0.2663766128716783,-0.0890216678380966,-0.3999961912631988,0.574200728310833,0.7161185049898587,0.21362405977292093,0.3109745234251022,,0.16685225401243012,-2.336132667595594,9.856870531244516,9.856870531244516,4.706324570333122e-22,31330360.0,14.109044928137207,3.3407707683335624e-45,0.3695942247582912,0.24758775427645818,GCST90199985,cancerType_celltype,HNSC_Epi_HNSC,tissue,Tumor,Adjacent,group1_higher,8.984202226000064e-22,7.891630081869403e-45
45289,1109,-0.022479989121830333,0.849323797771981,-0.1210004910826683,0.5161094069480896,1.618783777202976,1.9390117611219275,-0.8718037868938113,-0.6371098980307579,,-0.2076683947281116,5.239538955033528,-14.84667878481521,-14.84667878481521,9.735717796387529e-46,18902447.0,-14.092466099530332,4.225509056904744e-45,-0.5357804934768229,-0.24729682636714767,GCST90200445,cancerType_celltype,HNSC_Epi_HNSC,tissue,Tumor,Adjacent,group2_higher,2.884735512277435e-45,9.964305959448385e-45
45289,1109,0.1839134024141611,-0.10041289408921118,0.1557212918996811,-0.3010230958461761,0.7883168049926262,1.012893136855721,0.28432629650337227,0.4567443877458572,,0.1522719477191494,0.8730755560203609,9.279444919552509,9.279444919552509,8.298005155428646e-20,31308133.0,14.058607257257794,6.821660362520312e-45,0.357904116611026,0.24670266604209679,GCST90200505,cancerType_celltype,HNSC_Epi_HNSC,tissue,Tumor,Adjacent,group1_higher,1.4803901867603725e-19,1.6058589074464913e-44
45289,1109,-0.670895435380056,-0.2569630468045865,-0.7189723253250122,-0.3452390432357788,0.910736994444018,0.9418990059802214,-0.41393238857546955,-0.3737332820892334,,-0.15935149973234985,-1.3845235598901413,-14.470235225007809,-14.470235225007809,9.498904049058306e-44,18921057.0,-14.050236151491198,7.677881597441626e-45,-0.45412539050022627,-0.24655576855271188,GCST90200983,cancerType_celltype,HNSC_Epi_HNSC,tissue,Tumor,Adjacent,group2_higher,2.7488335921160236e-43,1.804302175398782e-44
45289,1109,-0.39783802639989857,0.16173009214109715,-0.4867550134658813,0.0484564453363418,1.467349778564996,1.238547191546553,-0.5595681185409958,-0.5352114588022231,,-0.14660147985502062,-1.2985877479668315,-14.793406607390901,-14.793406607390901,1.435020185045023e-45,18949905.0,-13.984774059012263,1.9309215738515819e-44,-0.38266222733985733,-0.24540702938931358,GCST90200350,cancerType_celltype,HNSC_Epi_HNSC,tissue,Tumor,Adjacent,group2_higher,4.233620156312481e-45,4.52985560268452e-44
45289,1109,-0.06634851869671712,-0.3039955355955928,-0.1346543729305267,-0.444636195898056,0.7092594843585528,0.8378963741559888,0.23764701689887566,0.3099818229675293,,0.1487023432338222,-2.195896977173649,9.363341998783831,9.363341998783831,3.946519479988579e-20,31273360.0,13.9797001114671,2.0736322602139067e-44,0.3334918299330931,0.24531799095443563,GCST90200143,cancerType_celltype,HNSC_Epi_HNSC,tissue,Tumor,Adjacent,group1_higher,7.124643776456202e-20,4.856289983971744e-44
45289,1109,-0.1282242808062151,0.2422947465999319,-0.1451485604047775,0.1722359657287597,0.7080742853622627,0.8445249384537219,-0.37051902740614695,-0.3173845261335372,,-0.1969444473428481,0.9180883483656495,-14.486308595795139,-14.486308595795139,8.490479016045656e-44,18955677.0,-13.971676194418933,2.3210274130635865e-44,-0.5206566625241633,-0.24517718598765192,GCST90200225,cancerType_celltype,HNSC_Epi_HNSC,tissue,Tumor,Adjacent,group2_higher,2.4622389146532404e-43,5.426347108071472e-44
45289,1109,-0.6194831965585963,-0.2739420040848399,-0.7087835669517517,-0.3589283525943756,0.8593785463520618,0.8055793110858976,-0.3455411924737564,-0.3498552143573761,,-0.17069322170324946,-1.1771917179685594,-14.08928069405405,-14.08928069405405,9.276511782843721e-42,18956062.5,-13.970801415000926,2.349714135572624e-44,-0.4026662163270895,-0.2451618352199214,GCST90200035,cancerType_celltype,HNSC_Epi_HNSC,tissue,Tumor,Adjacent,group2_higher,2.590636750170671e-41,5.484007477372408e-44
45289,1109,0.509562369204094,0.1422908558172742,0.5116379857063293,0.1197168603539466,0.8971405448184013,0.790833416378246,0.36727151338681985,0.39192112535238277,,0.15526728214193208,1.8404084803519007,15.2275716844897,15.2275716844897,6.16386822560997e-48,31267554.0,13.966525093825227,2.495106062810607e-44,0.4104743430107519,0.24508679365886277,GCST90199716,cancerType_celltype,HNSC_Epi_HNSC,tissue,Tumor,Adjacent,group1_higher,1.9050685695025826e-47,5.813383869420269e-44
45289,1109,0.2867262745993899,1.0633546938942082,0.2264400273561477,0.8496105670928955,1.5252649872419022,1.7252899137958078,-0.7766284192948183,-0.6231705397367477,,-0.17824219184451062,1.890873210098979,-14.849108791818063,-14.849108791818063,9.12554542816721e-46,18969676.0,-13.939909561286216,3.62404893971986e-44,-0.5074853060028153,-0.2446197400798451,GCST90200811,cancerType_celltype,HNSC_Epi_HNSC,tissue,Tumor,Adjacent,group2_higher,2.7098297208261235e-45,8.429315195969572e-44
45289,1109,0.019970708173706896,-0.1777742763161802,0.0013653915375471,-0.2937912344932556,0.5220840429761913,0.6295586350971775,0.1977449844898871,0.2951566260308027,,0.16611921377182376,-3.1540250622452457,10.373103495277965,10.373103495277965,3.708894107140571e-24,31251896.0,13.930993845765219,4.10608395985389e-44,0.37672368187514776,0.24446328569226217,GCST90200487,cancerType_celltype,HNSC_Epi_HNSC,tissue,Tumor,Adjacent,group1_higher,7.401497317763688e-24,9.534229024328538e-44
45289,1109,0.39342166800000494,-0.03329388932336493,0.3192742168903351,-0.2057770788669586,1.1136385807779732,1.0755132891774648,0.42671555732336985,0.5250512957572937,,0.1572545055884159,3.562707434814951,13.042505649967776,13.042505649967776,2.145698420465059e-36,31247642.0,13.92134063786847,4.700120482017454e-44,0.38348067241958456,0.24429388967170285,GCST90199766,cancerType_celltype,HNSC_Epi_HNSC,tissue,Tumor,Adjacent,group1_higher,5.2885839911281656e-36,1.0895007171751343e-43
45289,1109,-0.1232498913783761,0.40771021832383636,-0.1776819080114364,0.2974016964435577,1.0641763583722275,1.2411723096412355,-0.5309601097022124,-0.4750836044549941,,-0.1889111745796949,1.7259495731178602,-14.119569024396277,-14.119569024396277,7.355652450508754e-42,18978086.0,-13.9208255278091,4.73411906599977e-44,-0.49680711874014183,-0.24428485043882386,GCST90199740,cancerType_celltype,HNSC_Epi_HNSC,tissue,Tumor,Adjacent,group2_higher,2.0586764455941338e-41,1.0955185546617465e-43
45289,1109,-0.25076127698020295,0.09752102056518197,-0.2689146101474762,0.0311136078089475,0.6352935516582047,0.8295820555111216,-0.3482822975453849,-0.3000282179564237,,-0.18621728618298514,-1.362520412280377,-13.881668332227019,-13.881668332227019,1.3463109066448117e-40,19014476.0,-13.838249073798131,1.4981376249668192e-43,-0.5436639163994726,-0.24283578574955378,GCST90200758,cancerType_celltype,HNSC_Epi_HNSC,tissue,Tumor,Adjacent,group2_higher,3.6265252287685343e-40,3.4609518353047028e-43
45289,1109,-0.12741110416869278,-0.42528945055353135,-0.2337923049926757,-0.7035866975784302,0.9071068640989249,1.0134650779223473,0.29787834638483857,0.4697943925857545,,0.17491196009338525,-1.7389461207922345,9.693426724697373,9.693426724697373,2.059358612878994e-21,31201581.0,13.816818679962473,2.017958300185785e-43,0.32741375999312833,0.24245972180546294,GCST90200131,cancerType_celltype,HNSC_Epi_HNSC,tissue,Tumor,Adjacent,group1_higher,3.8682992877054425e-21,4.653937670310025e-43
45289,1109,0.1855109573579002,-0.03456835887747871,0.1681757420301437,-0.1242439970374107,0.5532509713676363,0.6346603084140904,0.2200793162353789,0.2924197390675544,,0.15557781946929392,2.4239464274156863,11.441951800020167,11.441951800020167,8.718332036187162e-29,31201452.0,13.816525952219482,2.0261789950487664e-43,0.3963006321623641,0.24245458497268157,GCST90199956,cancerType_celltype,HNSC_Epi_HNSC,tissue,Tumor,Adjacent,group1_higher,1.9416808113273042e-28,4.665003328127481e-43
45289,1109,-0.4596466849630564,-0.07980067488578685,-0.4762097001075744,-0.149671584367752,0.9209490061538809,0.8397060394218658,-0.37984601007726954,-0.3265381157398224,,-0.15141573036991407,-2.526037543112117,-14.847127328696061,-14.847127328696061,7.906285228336074e-46,19028766.5,-13.805820966734549,2.350827337081061e-43,-0.41328375728284694,-0.2422667321924773,GCST90200076,cancerType_celltype,HNSC_Epi_HNSC,tissue,Tumor,Adjacent,group2_higher,2.3580452442499057e-45,5.403335009176199e-43
45289,1109,0.37185475732830536,0.10910961684626859,0.3697068691253662,0.0589558333158493,0.5887657613051491,0.7543404662954719,0.2627451404820368,0.3107510358095169,,0.1603033491953569,1.768951621335659,11.513775049595017,11.513775049595017,4.240571868357927e-29,31194119.0,13.799885855015239,2.5526049497992033e-43,0.4428845464570751,0.24216258191232387,GCST90199859,cancerType_celltype,HNSC_Epi_HNSC,tissue,Tumor,Adjacent,group1_higher,9.490803705372504e-29,5.8572399774012015e-43
45289,1109,0.07475964112478535,0.5830888266999962,0.029462594538927,0.4469052255153656,0.939767248874719,1.1957113276946385,-0.5083291855752108,-0.4174426309764386,,-0.1876813479641119,2.9633673055864125,-14.051557970594454,-14.051557970594454,1.7385945145585766e-41,19037956.0,-13.784968086159287,3.1391030781740288e-43,-0.5369562515189876,-0.24190080254251722,GCST90200579,cancerType_celltype,HNSC_Epi_HNSC,tissue,Tumor,Adjacent,group2_higher,4.816472201917358e-41,7.190920160590255e-43
45289,1109,-0.5462471277102207,-0.13862693699192663,-0.569674015045166,-0.2344219088554382,0.9758859632235205,0.893466225280154,-0.40762019071829403,-0.3352521061897278,,-0.15156070626518178,-1.9783384038594582,-14.97582047394597,-14.97582047394597,1.569908663038416e-46,19040929.0,-13.778221732826651,3.446630583744928e-43,-0.41850166928386967,-0.24178241646608956,GCST90200655,cancerType_celltype,HNSC_Epi_HNSC,tissue,Tumor,Adjacent,group2_higher,4.7445354938389376e-46,7.882143432289156e-43
45289,1109,-0.3882813924742894,0.18179993361318222,-0.4387001693248749,0.0055979993194341,1.4106834229141303,1.1763192943302903,-0.5700813260874716,-0.444298168644309,,-0.16353478443245276,-1.0947466782163846,-15.862139056214714,-15.862139056214714,1.541106483274572e-51,19046810.0,-13.76487652463653,4.145984887730489e-43,-0.4055953569945184,-0.24154823263982972,GCST90200284,cancerType_celltype,HNSC_Epi_HNSC,tissue,Tumor,Adjacent,group2_higher,5.0737394606358497e-51,9.465623788905622e-43
45289,1109,-0.35220671794012925,0.31552808329662874,-0.448369950056076,0.1307142078876495,1.2389282159298969,1.5516938062166776,-0.667734801236758,-0.5790841579437255,,-0.19833459202066403,-0.15865353431862073,-14.220018117486191,-14.220018117486191,2.252584989531954e-42,19072087.0,-13.707517771461612,9.153753890553972e-43,-0.5353390668017819,-0.24054169215753562,GCST90199912,cancerType_celltype,HNSC_Epi_HNSC,tissue,Tumor,Adjacent,group2_higher,6.356673583296176e-42,2.0863823666931545e-42
45289,1109,0.09734632141455976,0.4580295024543301,0.0665634498000145,0.4383439123630523,0.7148034344075589,0.8901503437097905,-0.3606831810397704,-0.3717804625630378,,-0.19292444100243544,2.2342304897685064,-13.38832693192122,-13.38832693192122,4.436162522114917e-38,19073201.0,-13.70498987451827,9.478201388220505e-43,-0.5013044987290801,-0.2404973322217333,GCST90200219,cancerType_celltype,HNSC_Epi_HNSC,tissue,Tumor,Adjacent,group2_higher,1.1217976841637537e-37,2.1567259586217944e-42
45289,1109,0.4359173945645936,0.02121898635783465,0.4234242141246795,-0.1555137932300567,1.1331549098283724,1.0905002926123473,0.41469840820675896,0.5789380073547362,,0.14912691031430111,4.360562448895145,12.49987053235968,12.49987053235968,9.712519140860693e-34,31146157.0,13.691050134012928,1.1483927825833534e-42,0.36629119846335767,0.24025271544827387,GCST90200712,cancerType_celltype,HNSC_Epi_HNSC,tissue,Tumor,Adjacent,group1_higher,2.314364263809987e-33,2.608765604435185e-42
45289,1109,-0.3518137998356265,0.039301545478653825,-0.3975234925746918,-0.0456280447542667,0.7540316600488624,0.9359663657306152,-0.3911153453142803,-0.3518954478204251,,-0.1888045343142173,-3.1621215155364526,-13.806591264313546,-13.806591264313546,3.2284834925972645e-40,19080395.5,-13.688664062526462,1.1867290702063606e-42,-0.5153815336418703,-0.24021084428804407,GCST90200438,cancerType_celltype,HNSC_Epi_HNSC,tissue,Tumor,Adjacent,group2_higher,8.611395304129299e-40,2.691367259053693e-42
45289,1109,-0.08138060368052001,0.27962522453498734,-0.1022992432117462,0.2457303702831268,0.742822733140827,0.9009261903275808,-0.36100582821550736,-0.348029613494873,,-0.19613715730658568,1.780725054023567,-13.23444474918495,-13.23444474918495,2.614694029514813e-37,19084099.5,-13.680258918650214,1.3321957487366332e-42,-0.48328158012983097,-0.24006334949252173,GCST90200411,cancerType_celltype,HNSC_Epi_HNSC,tissue,Tumor,Adjacent,group2_higher,6.527157439979287e-37,3.0162505075216465e-42
45289,1109,0.02340522552275876,-0.20840359237595635,-0.0063400384970009,-0.3601999580860138,0.667565518019893,1.046027332274201,0.2318088178987151,0.3538599195890129,,0.13848389205355557,-3.154422859027944,7.343409350754693,7.343409350754693,3.9749940719853053e-13,31137212.0,13.67075207462496,1.5182029065190055e-42,0.341363875931468,0.2398965218883531,GCST90200023,cancerType_celltype,HNSC_Epi_HNSC,tissue,Tumor,Adjacent,group1_higher,6.220340895655535e-13,3.4316924736076355e-42
45289,1109,0.054173269719484274,0.7261734064510432,0.0158209316432476,0.5826367139816284,1.5093813127604971,1.4780425772544097,-0.6720001367315589,-0.5668157823383808,,-0.1701110172691593,3.744636378446198,-14.951081545163536,-14.951081545163536,2.280153201416105e-46,19100934.0,-13.642057948189988,2.2512038415821748e-42,-0.44543424482614136,-0.2393929928145465,GCST90200378,cancerType_celltype,HNSC_Epi_HNSC,tissue,Tumor,Adjacent,group2_higher,6.875771711349891e-46,5.0801172782723574e-42
45289,1109,0.16233177216862313,-0.06759408628316446,0.1388896256685257,-0.1774376034736633,0.6328406686041362,0.8182866379242582,0.2299258584517876,0.316327229142189,,0.13302442938396913,1.2639640033532507,9.28946865274985,9.28946865274985,7.606958695885811e-20,31104010.0,13.595409853518278,4.263721467817216e-42,0.3604429544280623,0.23857440466347968,GCST90200870,cancerType_celltype,HNSC_Epi_HNSC,tissue,Tumor,Adjacent,group1_higher,1.3606672837916486e-19,9.605706381214654e-42
45289,1109,0.4925113371944122,0.1529320457975848,0.4931816756725311,0.0821110308170318,0.9086142361530003,0.9291038567274633,0.3395792913968274,0.41107064485549927,,0.15499172808230982,1.6872596856659952,12.031394261814526,12.031394261814526,1.668564018960427e-31,31103358.5,13.593931464955812,4.350749670240656e-42,0.3735298124160755,0.2385484616669129,GCST90199977,cancerType_celltype,HNSC_Epi_HNSC,tissue,Tumor,Adjacent,group1_higher,3.8677767990528263e-31,9.785597030590783e-42
45289,1109,0.7909080116909386,0.04421905325394484,0.6515071392059326,-0.0741276144981384,1.9071957137767315,1.131938468671392,0.7466889584369938,0.725634753704071,,0.2235123482296411,4.1607390650130105,21.241690403517786,21.241690403517786,6.69626374301969e-86,31102857.0,13.592793457489847,4.418942218416999e-42,0.3945752011748167,0.23852849173172008,GCST90200459,cancerType_celltype,HNSC_Epi_HNSC,tissue,Tumor,Adjacent,group1_higher,4.8547912136892756e-85,9.922600071997313e-42
45289,1109,-0.12824552748639514,0.3018990310485919,-0.1949397772550583,0.1728065013885498,1.001213043500478,0.9886216422780302,-0.430144558534987,-0.3677462786436081,,-0.1552312501697949,1.2351511425182318,-14.310796900274301,-14.310796900274301,6.506183862797327e-43,19144465.0,-13.543277084778294,8.682860838812418e-42,-0.4297516839200572,-0.2376595705834771,GCST90200439,cancerType_celltype,HNSC_Epi_HNSC,tissue,Tumor,Adjacent,group2_higher,1.8552151893290288e-42,1.94650317817456e-41
45289,1109,-0.5058831707792791,-0.029995635003116018,-0.5730708837509155,-0.1500352323055267,1.0259408551752,1.1181693726682498,-0.4758875357761631,-0.4230356514453888,,-0.15837254377547755,-4.075934523010409,-14.029160679656055,-14.029160679656055,2.1133352773660444e-41,19149787.5,-13.53119922887081,1.0234195116160866e-41,-0.4628176472774715,-0.23744762645573214,GCST90200714,cancerType_celltype,HNSC_Epi_HNSC,tissue,Tumor,Adjacent,group2_higher,5.819143400100845e-41,2.2905103355217177e-41
45289,1109,-0.338239301025018,0.02126728779929409,-0.4112999737262726,-0.0704457685351371,0.8733427930620629,0.8748590860462762,-0.3595065888243121,-0.3408542051911355,,-0.16100095340108514,-3.9912727666826995,-13.520701738962302,-13.520701738962302,8.540975148471043e-39,19160829.5,-13.506142641753769,1.438664051236832e-41,-0.4116272253622323,-0.23700792949780636,GCST90199820,cancerType_celltype,HNSC_Epi_HNSC,tissue,Tumor,Adjacent,group2_higher,2.2131842447463937e-38,3.2145886915341014e-41
45289,1109,0.25180735712630464,-0.012306529064192474,0.244844913482666,-0.1082488000392913,0.6217741557173887,0.7778774672029474,0.26411388619049714,0.3530937135219573,,0.18060647868568214,4.354713113038481,11.219533560115613,11.219533560115613,8.714341860282976e-28,31050298.0,13.473526190483456,2.2391524294496888e-41,0.42193680548468615,0.23643557084676958,GCST90200405,cancerType_celltype,HNSC_Epi_HNSC,tissue,Tumor,Adjacent,group1_higher,1.909589703467154e-27,4.995032342618536e-41
45289,1109,-0.04847739408165273,0.2825187834739627,-0.1374825537204742,0.1938768923282623,0.8960026422574683,0.8069058634153997,-0.33099617755561545,-0.33135944604873646,,-0.14146991919224508,2.5429380826060353,-13.458805098168732,-13.458805098168732,1.6524812969366087e-38,19175541.0,-13.472759198412676,2.2625387515586755e-41,-0.37025075813333325,-0.23642211154847415,GCST90200513,cancerType_celltype,HNSC_Epi_HNSC,tissue,Tumor,Adjacent,group2_higher,4.2496830334426367e-38,5.038954768585743e-41
45289,1109,0.09807960768747338,-0.13417339285008856,0.0885981023311615,-0.2859137952327728,0.7059928536965678,0.7961172983449342,0.23225300053756193,0.3745118975639343,,0.1474314083022377,-0.45206953700101127,9.622949929163084,9.622949929163084,3.895781818283855e-21,31049028.5,13.47064543180341,2.3282543416778633e-41,0.32791182281056047,0.2363850188373433,GCST90199664,cancerType_celltype,HNSC_Epi_HNSC,tissue,Tumor,Adjacent,group1_higher,7.263954334228309e-21,5.176852638999882e-41
45289,1109,-0.40484865146543175,-0.12438652459662189,-0.4566245377063751,-0.2134243845939636,0.5954863069821895,0.6765244034381105,-0.2804621268688099,-0.24320015311241153,,-0.19603174552228528,-1.7025444373837277,-13.676512994288485,-13.676512994288485,1.4527946423204953e-39,19190101.5,-13.439718405375395,3.537857484437704e-41,-0.4693536263269366,-0.23584230648092486,GCST90200495,cancerType_celltype,HNSC_Epi_HNSC,tissue,Tumor,Adjacent,group2_higher,3.837517630780688e-39,7.853582656821808e-41
45289,1109,-0.33889914845372754,0.15179671333368777,-0.3887499570846557,0.1060233786702156,1.2139874090272362,1.136741962652575,-0.4906958617874153,-0.4947733357548713,,-0.17175238301632445,-1.1587102104920743,-14.178649929124642,-14.178649929124642,3.1339867715681386e-42,19203849.5,-13.408521343277489,5.390365708694143e-41,-0.40479775548309943,-0.23529485549581675,GCST90200397,cancerType_celltype,HNSC_Epi_HNSC,tissue,Tumor,Adjacent,group2_higher,8.789349731784718e-42,1.1946452782032709e-40
45289,1109,0.018964310700965038,-0.17109537766169866,-0.0022120140492916,-0.3699361681938171,0.5092758984744628,0.8592327136240693,0.1900596883626637,0.3677241541445255,,0.13843408112467065,-3.1733743043502667,7.334744115728944,7.334744115728944,4.235533784962082e-13,31017236.0,13.398501658400175,6.169708701105615e-41,0.3652299133394683,0.23511902847917843,GCST90200517,cancerType_celltype,HNSC_Epi_HNSC,tissue,Tumor,Adjacent,group1_higher,6.605300399202881e-13,1.3651482077284014e-40
45289,1109,0.03604340989356192,0.4608690776215884,-0.003133007325232,0.4351846277713775,1.03369599217773,1.0252635938687296,-0.4248256677280265,-0.4383176350966095,,-0.15614403855856215,3.676512667325457,-13.63019319087618,-13.63019319087618,2.3375404659854614e-39,19215370.5,-13.382377805858956,7.665641053058811e-41,-0.4110571375478475,-0.23483608456190408,GCST90200835,cancerType_celltype,HNSC_Epi_HNSC,tissue,Tumor,Adjacent,group2_higher,6.138858680420392e-39,1.6933985016724733e-40
45289,1109,-0.386257974823432,0.3472445447244988,-0.5658469200134277,0.0944537743926048,1.939410141722045,1.6881091352194009,-0.7335025195479308,-0.6603006944060326,,-0.15628423719424797,-0.15361227071528874,-14.241626844725113,-14.241626844725113,1.3695486781935197e-42,19234597.0,-13.338748891513205,1.37754065314994e-40,-0.3793083765773892,-0.23407047746522225,GCST90199920,cancerType_celltype,HNSC_Epi_HNSC,tissue,Tumor,Adjacent,group2_higher,3.880862470639849e-42,3.0381681395523757e-40
45289,1109,-0.1838117464275725,-0.2922104321578912,-0.2037317901849746,-0.4684386551380157,0.48583299154202425,0.7639122629221347,0.10839868573031872,0.2647068649530411,,0.09959215853898293,-0.6687758084006542,4.702255111281837,4.702255111281837,2.890366796755162e-06,30990584.0,13.338022745174005,1.3910227082815863e-40,0.21929706695733914,0.2340577349342916,GCST90200082,cancerType_celltype,HNSC_Epi_HNSC,tissue,Tumor,Adjacent,group1_higher,3.821115367582237e-06,3.0629466096733477e-40
45289,1109,-0.29100379557549844,0.12140677675489454,-0.3217905759811401,-0.0388628728687763,0.6394323595255919,0.9765154027439187,-0.41241057233039297,-0.28292770311236376,,-0.23266267750753794,-1.2611820918901517,-13.990988752375745,-13.990988752375745,3.8346869006337965e-41,19260436.0,-13.280114843830066,3.0193532014703082e-40,-0.6349422482756456,-0.2330415579129813,GCST90200000,cancerType_celltype,HNSC_Epi_HNSC,tissue,Tumor,Adjacent,group2_higher,1.0474305101330389e-40,6.637707118716177e-40
45289,1109,0.3212981150809475,-0.030413261553435524,0.2635350823402405,-0.1208641752600669,0.9063806769571761,0.9297836713939777,0.35171137663438307,0.38439925760030735,,0.17803933159771865,3.4010971256899887,12.453033462125765,12.453033462125765,1.6771176592597774e-33,30950214.0,13.246414846069229,4.732849009994058e-40,0.38779722232305264,0.23245018501657166,GCST90199908,cancerType_celltype,HNSC_Epi_HNSC,tissue,Tumor,Adjacent,group1_higher,3.968596127727564e-33,1.0387879550115783e-39
45289,1109,-0.09504797891457982,-0.1967935574736745,-0.1378025412559509,-0.4140848517417907,0.5192912429424739,0.8960930201590169,0.10174557855909468,0.27628231048583984,,0.09307045772911048,-1.049947288642544,3.7657356058142195,3.7657356058142195,0.00017464006141195521,30929977.0,13.20049289773672,8.716416489342063e-40,0.19146233928714973,0.23164433939643536,GCST90200923,cancerType_celltype,HNSC_Epi_HNSC,tissue,Tumor,Adjacent,group1_higher,0.0002177807902145425,1.9100443207352463e-39
45289,1109,-0.06915973695037039,-0.238048353818194,-0.1087184622883796,-0.4045777916908264,0.5076914928924441,0.7364663856639911,0.1688886168678236,0.2958593294024468,,0.1491737631402993,-1.7832355657415593,7.592781777594595,7.592781777594595,6.519578552525181e-14,30922897.5,13.18442804458556,1.07870597524452e-39,0.32835837057469314,0.23136243080979924,GCST90199707,cancerType_celltype,HNSC_Epi_HNSC,tissue,Tumor,Adjacent,group1_higher,1.03810579054811e-13,2.3599939715221197e-39
45289,1109,-0.20066025083437908,0.18253337410183093,-0.2291353642940521,0.1187227368354797,0.8983688126578044,0.8981802087007209,-0.38319362493621,-0.3478581011295318,,-0.16275555416612564,-0.13659387674776063,-14.036703379207857,-14.036703379207857,1.8318777644613086e-41,19306928.0,-13.174614857573458,1.2285461660097791e-39,-0.42654591360975946,-0.2311902274503942,GCST90200944,cancerType_celltype,HNSC_Epi_HNSC,tissue,Tumor,Adjacent,group2_higher,5.064603231157736e-41,2.6835070901784116e-39
45289,1109,0.4527917911667091,0.04227434162964173,0.4096475839614868,-0.0082783726975321,1.0491335377802973,0.9475486969975353,0.41051744953706737,0.41792595665901894,,0.1582875919955725,3.4209626711595735,14.215862789598486,14.215862789598486,1.9358027421366454e-42,30911686.0,13.158986826829475,1.511006908367998e-39,0.3921557532118093,0.23091598429252103,GCST90200254,cancerType_celltype,HNSC_Epi_HNSC,tissue,Tumor,Adjacent,group1_higher,5.4740646006893104e-42,3.29520386576893e-39
45289,1109,-0.4959513382876905,-0.16555069793174018,-0.551451563835144,-0.2037335187196731,0.8382688935185987,0.8106662147873093,-0.3304006403559503,-0.34771804511547094,,-0.16266452122858877,-1.582919674882259,-13.398375551091934,-13.398375551091934,3.506141799934248e-38,19316777.0,-13.152265434777249,1.6515356335038213e-39,-0.3944515648250373,-0.23079803624059414,GCST90199947,cancerType_celltype,HNSC_Epi_HNSC,tissue,Tumor,Adjacent,group2_higher,8.899201626276314e-38,3.5959154448334e-39
45289,1109,0.2558822721538762,-0.036570137184182755,0.2112735509872436,-0.1983726620674133,0.9117957448235762,0.9400066411989416,0.29245240933805894,0.40964621305465687,,0.12034715637404822,2.806708443943242,10.24339368625184,10.24339368625184,1.2419685696213047e-23,30860644.0,13.043161947312358,6.951429143031743e-39,0.32050294730531753,0.22888347096826367,GCST90200312,cancerType_celltype,HNSC_Epi_HNSC,tissue,Tumor,Adjacent,group1_higher,2.4497874969520092e-23,1.5111320449684637e-38
45289,1109,0.2808520991500263,-0.15856155875471495,0.2220787107944488,-0.3817069232463836,1.298217825938989,1.2006462037566066,0.43941365790474124,0.6037856340408324,,0.12836065512425573,0.824763573941648,12.016968506172121,12.016968506172121,1.8736801016022795e-31,30852567.0,13.024833559869473,8.839492997019387e-39,0.3390607320025028,0.22856184152349224,GCST90200137,cancerType_celltype,HNSC_Epi_HNSC,tissue,Tumor,Adjacent,group1_higher,4.335867535626328e-31,1.9185077953722015e-38
45289,1109,0.08229118008416386,-0.12271236573419231,0.0301473084837198,-0.2554355561733246,0.6257097964199483,0.7912254356504892,0.20500354581835617,0.2855828646570444,,0.17447712566442922,-0.5764651450870544,8.563015923530228,8.563015923530228,3.5062679630726045e-17,30850283.0,13.019650690373428,9.460408248518302e-39,0.32531495826174534,0.2284708917089746,GCST90200997,cancerType_celltype,HNSC_Epi_HNSC,tissue,Tumor,Adjacent,group1_higher,5.958906775147083e-17,2.0500057937568275e-38
45289,1109,0.04829824831824335,-0.1528384648410417,0.0192177351564168,-0.2464913725852966,0.578714077272608,0.6272366641482202,0.20113671315928505,0.2657091077417134,,0.16224091149751685,-1.6619444696308738,10.569288698367874,10.569288698367874,5.487814223401163e-25,30836991.5,12.989489521412539,1.4036220463937082e-38,0.34683516474014614,0.22794161874064733,GCST90200057,cancerType_celltype,HNSC_Epi_HNSC,tissue,Tumor,Adjacent,group1_higher,1.1214229065211072e-24,3.036725157515277e-38
45289,1109,0.29377441228810225,-0.03207326197292995,0.270581841468811,-0.2091239541769027,0.9175040119151048,1.0265844754768623,0.3258476742610322,0.4797057956457137,,0.1452648249008455,3.195225679234576,10.468376776408181,10.468376776408181,1.4668263860750923e-24,30833850.0,12.982360806648167,1.5405995386941143e-38,0.35408229727606527,0.22781652292527665,GCST90199732,cancerType_celltype,HNSC_Epi_HNSC,tissue,Tumor,Adjacent,group1_higher,2.9575212488466727e-24,3.3277926644058283e-38
45289,1109,0.07440780450603833,-0.14307594567017848,0.0425635017454624,-0.2511387765407562,0.6259498054555952,0.7632009096639886,0.2174837501762168,0.29370227828621864,,0.12574046850374546,-0.9432459808248119,9.412522939211579,9.412522939211579,2.566802737080893e-20,30832661.0,12.979662719156575,1.5958412168105803e-38,0.3454445738215524,0.22776917645878725,GCST90200072,cancerType_celltype,HNSC_Epi_HNSC,tissue,Tumor,Adjacent,group1_higher,4.664736174188343e-20,3.441663890051932e-38
45289,1109,-0.5148776581422198,0.09586964076209807,-0.619189441204071,-0.2010147273540496,1.4056928684681471,1.4431605333049788,-0.6107472989043178,-0.4181747138500215,,-0.1836350478373835,-2.4250714914021945,-13.932388766505133,-13.932388766505133,6.533186493015792e-41,19395980.5,-12.972536273599514,1.7514032513855352e-38,-0.4342013446933667,-0.22764412046382576,GCST90199635,cancerType_celltype,HNSC_Epi_HNSC,tissue,Tumor,Adjacent,group2_higher,1.7738512330638496e-40,3.7711889915299913e-38
45289,1109,-0.3288127611837318,0.0007405014303651428,-0.353365957736969,-0.0318561717867851,0.8903325519311578,0.7869198614336367,-0.32955326261409695,-0.32150978595018387,,-0.13615040413457033,-8.792605487512377,-13.732787025880272,-13.732787025880272,6.406476693562675e-40,19413145.0,-12.933586464726988,2.9092890052533826e-38,-0.3711171626002401,-0.22696062305082831,GCST90200486,cancerType_celltype,HNSC_Epi_HNSC,tissue,Tumor,Adjacent,group2_higher,1.7054741666652197e-39,6.254512482902777e-38
45289,1109,-0.3671986185417816,-0.07194811045557489,-0.3880643844604492,-0.1867963373661041,0.6097823049287788,0.7221990636447855,-0.2952505080862067,-0.20126804709434512,,-0.1530378381554565,-2.3515158046403797,-13.497129998254902,-13.497129998254902,1.2216489406094114e-38,19456808.5,-12.83450493134672,1.0507401562413769e-37,-0.4818784588154355,-0.22522192461554535,GCST90200467,cancerType_celltype,HNSC_Epi_HNSC,tissue,Tumor,Adjacent,group2_higher,3.147651240171319e-38,2.25536824087716e-37
45289,1109,-0.26319964299422977,0.04292635109354939,-0.2978917062282562,-0.0534152872860431,0.6788366714775661,0.7450944489844512,-0.3061259940877792,-0.24447641894221311,,-0.16336049557178783,-2.616193956902335,-13.545193963064783,-13.545193963064783,6.719904655384462e-39,19461359.0,-12.824178903482556,1.2005338551328664e-37,-0.44985834708838085,-0.22504072184367063,GCST90200925,cancerType_celltype,HNSC_Epi_HNSC,tissue,Tumor,Adjacent,group2_higher,1.751286815542834e-38,2.572842208405813e-37
45289,1109,-0.6225649482774946,-0.15847522317143925,-0.70132976770401,-0.347258597612381,1.1700646043296654,1.112946683049341,-0.4640897251060554,-0.35407117009162903,,-0.14951300087699926,-1.9739602664219247,-13.702328623455397,-13.702328623455397,9.691154120047938e-40,19468142.0,-12.808786870298812,1.4640767068730546e-37,-0.39708786420409364,-0.2247706200083499,GCST90200521,cancerType_celltype,HNSC_Epi_HNSC,tissue,Tumor,Adjacent,group2_higher,2.5748621960283314e-39,3.1327104418649504e-37
45289,1109,-0.01390242402111672,-0.26868818443702547,-0.0440773740410804,-0.3708840906620025,0.6540146047491112,0.8138582179598146,0.2547857604159087,0.3268067166209221,,0.1718353898791353,-4.272426122715937,10.34392287987453,10.34392287987453,4.924439113700387e-24,30743636.5,12.777647672987312,2.185840577000289e-37,0.38704509585694874,0.22422418444367542,GCST90200558,cancerType_celltype,HNSC_Epi_HNSC,tissue,Tumor,Adjacent,group1_higher,9.78427188334348e-24,4.669750323591526e-37
45289,1109,0.1958371171632293,0.004160372449959648,0.2017038911581039,-0.0622654743492603,0.5019160628268104,0.647262134556974,0.19167674471326965,0.26396936550736416,,0.15305178928960503,5.556458364714832,9.789960138834715,9.789960138834715,8.71352031260192e-22,30741158.0,12.772023442669472,2.3496916114848065e-37,0.3789020726913384,0.22412548955957656,GCST90199843,cancerType_celltype,HNSC_Epi_HNSC,tissue,Tumor,Adjacent,group1_higher,1.6541125607348772e-21,5.01194001009983e-37
45289,1109,-0.026196192674946932,-0.21597243342221092,-0.0440398752689361,-0.2835862040519714,0.48056566520714766,0.6316279801865229,0.18977624074726399,0.23954632878303528,,0.16683567550396391,-3.043369735393181,9.935501935644794,9.935501935644794,2.2956594332467757e-22,30730103.5,12.746938490461057,3.242347409712962e-37,0.3915154139172491,0.2236852948465362,GCST90200146,cancerType_celltype,HNSC_Epi_HNSC,tissue,Tumor,Adjacent,group1_higher,4.419468654682705e-22,6.905186749123074e-37
45289,1109,-0.3871335613642919,0.052106099576146384,-0.4307836890220642,-0.0803185924887657,1.2083375821373807,1.0417867565336352,-0.43923966094043826,-0.3504650965332985,,-0.12673770522568,-2.8932832519446086,-13.814984327847679,-13.814984327847679,2.3568444697293093e-40,19498016.5,-12.740995436516162,3.499067211494659e-37,-0.36462664207951423,-0.22358100519495072,GCST90200086,cancerType_celltype,HNSC_Epi_HNSC,tissue,Tumor,Adjacent,group2_higher,6.323580732757969e-40,7.440294242226553e-37
45289,1109,0.06331129161408743,-0.07579770855823632,0.0527151525020599,-0.2581266164779663,0.44807069630743757,0.8730774198719286,0.13910900017232375,0.3108417689800262,,0.09031431075104439,-0.259687652845359,5.28898396837068,5.28898396837068,1.477855404559937e-07,30724355.5,12.733895086843166,3.832385668924915e-37,0.3005862818417732,0.22345640713469428,GCST90199930,cancerType_celltype,HNSC_Epi_HNSC,tissue,Tumor,Adjacent,group1_higher,2.0326104101061494e-07,8.136357736362396e-37
45289,1109,0.015826112091348918,-0.17546524186868462,-0.0150487450882792,-0.2671023309230804,0.5051511903182391,0.7629234583508043,0.19129135396003355,0.2520535858348012,,0.15470259282419144,-3.4707235537233383,8.30541617965659,8.30541617965659,2.812737917536149e-16,30708534.0,12.69799282338797,6.066659635806562e-37,0.37301880916409347,0.22282638853119652,GCST90200144,cancerType_celltype,HNSC_Epi_HNSC,tissue,Tumor,Adjacent,group1_higher,4.681027816363579e-16,1.2859808839198045e-36
45289,1109,0.2102467693623719,-0.07697443859694199,0.1904846727848053,-0.1408297270536422,0.7495157907844485,0.8373245447915562,0.2872212079593139,0.33131439983844746,,0.14064005328072504,1.449620406481265,11.31277502273834,11.31277502273834,3.2791794260394926e-28,30701995.0,12.683154476787868,7.332161913578888e-37,0.3820790883689785,0.22256600287571038,GCST90200268,cancerType_celltype,HNSC_Epi_HNSC,tissue,Tumor,Adjacent,group1_higher,7.232235530245678e-28,1.551822467113047e-36
45289,1109,-0.27681200929302174,0.07427537139938477,-0.2836537957191467,0.1136855706572532,1.0274274627469762,0.886347097552201,-0.3510873806924065,-0.3973393663763999,,-0.09657078513894127,-1.8979365038757052,-12.979185165267003,-12.979185165267003,4.142066682768561e-36,19525086.5,-12.67956799463441,7.675483492173858e-37,-0.342763444804444,-0.22250306671903586,GCST90200915,cancerType_celltype,HNSC_Epi_HNSC,tissue,Tumor,Adjacent,group2_higher,1.0135793336828632e-35,1.6219665116020106e-36
45289,1109,-0.20818236390224365,0.1534243338286618,-0.250367134809494,0.0757479891180992,0.7583398059199813,0.9355516141855325,-0.3616066977309055,-0.32611512392759323,,-0.1695415013435665,-0.44031806378880595,-12.769344274204025,-12.769344274204025,5.266157779762608e-35,19528837.0,-12.671057332618249,8.55546197267232e-37,-0.47389540304440764,-0.22235372027448763,GCST90200502,cancerType_celltype,HNSC_Epi_HNSC,tissue,Tumor,Adjacent,group2_higher,1.2749152848697042e-34,1.805123013738757e-36
45289,1109,-0.1466610207742793,-0.3182303507660005,-0.2084845900535583,-0.5434486865997314,0.6737130606078207,0.960879942986367,0.17156932999172117,0.33496409654617315,,0.11241008926034264,-1.117580647980069,5.910686336683043,5.910686336683043,4.5008086193801075e-09,30690677.5,12.657472723056921,1.0172303478455609e-36,0.2515746324630194,0.22211533539506156,GCST90200034,cancerType_celltype,HNSC_Epi_HNSC,tissue,Tumor,Adjacent,group1_higher,6.410242579117123e-09,2.142944303112055e-36
45289,1109,0.2162699026092259,0.024264509958652588,0.2003727257251739,-0.1387607157230377,0.5874514814150991,0.878010332206029,0.19200539265057331,0.33913344144821156,,0.1372545061610017,3.1558604912435473,7.242895026059018,7.242895026059018,8.098384663002185e-13,30684935.5,12.64444293468289,1.2007427651266685e-36,0.3221331217839694,0.22188668660567457,GCST90199670,cancerType_celltype,HNSC_Epi_HNSC,tissue,Tumor,Adjacent,group1_higher,1.2571865940400886e-12,2.5256364025735324e-36
45289,1109,-0.47197547688598135,-0.06047575749422556,-0.5127288699150085,-0.1882414072751999,1.0350546917086334,0.9770151092072693,-0.4114997193917558,-0.32448746263980865,,-0.1547304993200852,-2.9642622624589188,-13.83715262107556,-13.83715262107556,1.9353367980536527e-40,19541071.0,-12.643295850387686,1.218393929793742e-36,-0.39808173357992965,-0.2218665573888452,GCST90200827,cancerType_celltype,HNSC_Epi_HNSC,tissue,Tumor,Adjacent,group2_higher,5.202887683919386e-40,2.5588149866084293e-36
45289,1109,-0.023855474296629535,-0.38938707222275454,-0.0624784603714942,-0.5125149488449097,1.0296500930817691,0.833203423899333,0.365531597926125,0.4500364884734155,,0.16725345437590908,-4.028755941227045,14.3439093393749,14.3439093393749,3.645585571416711e-43,30683100.0,12.640277804665383,1.2660766478174528e-36,0.35647797269327103,0.22181359624466457,GCST90200052,cancerType_celltype,HNSC_Epi_HNSC,tissue,Tumor,Adjacent,group1_higher,1.0417050595054459e-42,2.6548653399618277e-36
45289,1109,-0.17035116448142879,-0.2903647772186998,-0.1836518347263336,-0.4202361106872558,0.4110243857090773,0.5929626295369567,0.12001361273727101,0.2365842759609222,,0.11725526316412803,-0.7693511476479288,6.70083576440564,6.70083576440564,3.257242668551719e-11,30665979.5,12.601427840914495,2.0735938139269114e-36,0.28828834765883066,0.22113185092967025,GCST90200119,cancerType_celltype,HNSC_Epi_HNSC,tissue,Tumor,Adjacent,group1_higher,4.8787052277318606e-11,4.3414875090359146e-36
45289,1109,-0.25849179332172506,0.1519402345204499,-0.2656892836093902,0.1515318304300308,0.9981694618360798,1.0748138510045353,-0.410432027842175,-0.41722111403942097,,-0.13939991260946855,-0.7666106110442901,-12.584486686462707,-12.584486686462707,3.97565981792042e-34,19576666.0,-12.562523416188167,3.3933984673183295e-36,-0.41040399674640565,-0.22044914992485587,GCST90200887,cancerType_celltype,HNSC_Epi_HNSC,tissue,Tumor,Adjacent,group2_higher,9.506709354079882e-34,7.09386826833571e-36
45289,1109,-0.11834558593514513,-0.3373220525463628,-0.1456810683012008,-0.4709613621234894,0.6980829677656919,0.8620100053286323,0.2189764666112177,0.32528029382228857,,0.12934841033643107,-1.5111128272539849,8.392500373310126,8.392500373310126,1.3893802539526051e-16,30602159.0,12.456605895786518,1.2873564297815387e-35,0.31173521379922925,0.2185904925069837,GCST90200063,cancerType_celltype,HNSC_Epi_HNSC,tissue,Tumor,Adjacent,group1_higher,2.3321739977061586e-16,2.687085472882446e-35
45289,1109,-0.5325936332685748,-0.0042477331394657186,-0.571140468120575,-0.1848273873329162,1.2358033321980284,1.2602585353438132,-0.5283459001291091,-0.38631308078765875,,-0.15447577909489782,-6.96986134933295,-13.799735804626026,-13.799735804626026,3.1782409646936213e-40,19629945.0,-12.441622319918578,1.5531911136696385e-35,-0.42732844876787035,-0.21832755834531148,GCST90200840,cancerType_celltype,HNSC_Epi_HNSC,tissue,Tumor,Adjacent,group2_higher,8.494004774269424e-40,3.2370022751249497e-35
45289,1109,-0.22205450785490763,0.37155486387127173,-0.2869847416877746,0.0899556800723075,1.2162523823450757,1.460287167145928,-0.5936093717261793,-0.37694042176008213,,-0.18136556765058207,0.7426587817152392,-13.423649717836453,-13.423649717836453,2.899253238928468e-38,19631004.0,-12.439219229377285,1.6006307991882886e-35,-0.48551121353212623,-0.21828538853201285,GCST90200245,cancerType_celltype,HNSC_Epi_HNSC,tissue,Tumor,Adjacent,group2_higher,7.372541351976682e-38,3.3307782889979196e-35
45289,1109,-0.10654487545125788,-0.26332744026693705,-0.1363556236028671,-0.431927353143692,0.5281245460975712,0.743432199216907,0.15678256481567918,0.2955717295408249,,0.14586099042594156,-1.3053885998825066,6.979996897824122,6.979996897824122,5.009587483165991e-12,30584330.5,12.416149333260151,2.1360027245252838e-35,0.29344718120356617,0.21788055434230502,GCST90200525,cancerType_celltype,HNSC_Epi_HNSC,tissue,Tumor,Adjacent,group1_higher,7.620611316467908e-12,4.4380666364755517e-35
45289,1109,-0.3849184836020465,-0.006707885426865316,-0.4388926327228546,-0.132325604557991,0.8188601377589241,0.9394910676319964,-0.3782105981751812,-0.3065670281648636,,-0.165520741879485,-5.842339782348573,-13.283252501274182,-13.283252501274182,1.45530452314938e-37,19643586.0,-12.410668063002841,2.2873946104970674e-35,-0.4601396915809591,-0.21778436814398328,GCST90200545,cancerType_celltype,HNSC_Epi_HNSC,tissue,Tumor,Adjacent,group2_higher,3.6395964496378076e-37,4.7453863837252707e-35
45289,1109,-0.06080733674337366,-0.23945560218874506,-0.127676784992218,-0.4421650171279907,0.6977576761008529,0.8945707586461862,0.1786482654453714,0.3144882321357727,,0.11232617317058287,-1.977423179512165,6.60144104107444,6.60144104107444,6.22367485868866e-11,30572800.5,12.38998537297583,2.961015933999712e-35,0.25408647158620135,0.21742142502470996,GCST90199825,cancerType_celltype,HNSC_Epi_HNSC,tissue,Tumor,Adjacent,group1_higher,9.270894898789774e-11,6.13353300614226e-35
45289,1109,0.059805645984054204,-0.23098163526574303,0.0060879117809236,-0.3928405046463012,0.9314561578817802,1.0422457778025986,0.29078728124979725,0.3989284164272248,,0.12197220334488676,-1.9494066800595915,9.201636598539348,9.201636598539348,1.6104205278095723e-19,30562491.5,12.366592114817019,3.9628635032691414e-35,0.31125040497407847,0.21701091642669734,GCST90199784,cancerType_celltype,HNSC_Epi_HNSC,tissue,Tumor,Adjacent,group1_higher,2.8543604413581883e-19,8.196332253347254e-35
45289,1109,0.037649298597472916,-0.13533264504261885,0.0165122188627719,-0.2435124069452285,0.5374223290507785,0.8102844340100415,0.17298194364009178,0.2600246258080004,,0.12316516821874167,-1.8457873378028964,7.071351967058006,7.071351967058006,2.6804245666653437e-12,30557014.0,12.354162531776485,4.625544248192877e-35,0.3170887039762568,0.21679280013553281,GCST90199877,cancerType_celltype,HNSC_Epi_HNSC,tissue,Tumor,Adjacent,group1_higher,4.104964813893105e-12,9.552449712555897e-35
45289,1109,0.4165450129382741,-0.014918410790411502,0.4018649160861969,-0.1278532594442367,1.3043826022700522,1.0820615442013286,0.4314634237286856,0.5297181755304337,,0.12808988214549205,4.8032134031344444,13.048641501790708,13.048641501790708,1.820639726395804e-36,30529629.5,12.292021424195736,9.997578291884125e-35,0.3320183856651963,0.21570233814093753,GCST90200380,cancerType_celltype,HNSC_Epi_HNSC,tissue,Tumor,Adjacent,group1_higher,4.495528889633118e-36,2.0615278686593134e-34
45289,1109,-0.08033936314310275,-0.48846855526973726,-0.1927036792039871,-0.7364221811294556,1.2887436944109738,1.2503021570971673,0.4081291921266345,0.5437185019254684,,0.136292425525582,-2.6040717588957825,10.731770267627443,10.731770267627443,1.0912324984620004e-25,30526925.5,12.285885487629493,1.0785903242220212e-34,0.3169100966059753,0.2155946637545736,GCST90200054,cancerType_celltype,HNSC_Epi_HNSC,tissue,Tumor,Adjacent,group1_higher,2.260410175385572e-25,2.2207229787229833e-34
45289,1109,-0.12999359465581325,0.2145982861891095,-0.1510856598615646,0.2166932076215744,0.9072139244433864,0.9071174427623435,-0.34459188084492276,-0.36777886748313904,,-0.1389194989241089,0.7231936419717546,-12.498357038170933,-12.498357038170933,1.0046478992725687e-33,19703715.0,-12.274222896659737,1.2458396123153608e-34,-0.37983627312293955,-0.2153900067617046,GCST90200872,cancerType_celltype,HNSC_Epi_HNSC,tissue,Tumor,Adjacent,group2_higher,2.3897645492295134e-33,2.561205718832333e-34
45289,1109,0.22270061237194325,0.0020633173679342584,0.2057395279407501,-0.1418341547250747,0.6621358166664335,0.9309322014234178,0.220637295004009,0.3475736826658248,,0.13248843001547247,6.753303405533857,7.84428161218069,7.84428161218069,9.993807795040444e-15,30516606.5,12.262469537397582,1.4404414855127224e-34,0.32940109508275006,0.21518375695246927,GCST90200996,cancerType_celltype,HNSC_Epi_HNSC,tissue,Tumor,Adjacent,group1_higher,1.6177624732351692e-14,2.9568098565569887e-34
45289,1109,0.02486127833009575,-0.1873403775807362,-0.0484182499349117,-0.3612428903579712,0.7353941558370594,0.8763254035183087,0.21220165591083195,0.31282464042305946,,0.14188518226960145,-2.9136391656206637,7.995331664909858,7.995331664909858,3.1348213936581406e-15,30514383.0,12.257423954943793,1.5329814018585295e-34,0.287118637622965,0.21509521627270578,GCST90199894,cancerType_celltype,HNSC_Epi_HNSC,tissue,Tumor,Adjacent,group1_higher,5.135530720620247e-15,3.142035565012294e-34
45289,1109,-0.39644600424199566,-0.06846069515460423,-0.462570458650589,-0.1249302700161933,1.0414713945375065,0.8780179422605664,-0.32798530908739143,-0.3376401886343957,,-0.13042175115429538,-2.5337591040554512,-12.230983981280964,-12.230983981280964,1.7562229234542444e-32,19715018.0,-12.248574046434786,1.7097810594223577e-34,-0.31601833169541027,-0.21493991667698842,GCST90199954,cancerType_celltype,HNSC_Epi_HNSC,tissue,Tumor,Adjacent,group2_higher,4.1271238701174744e-32,3.499146522511522e-34
45289,1109,-0.1350288474912958,0.20820868287799835,-0.2074621170759201,0.2471400201320648,0.9603028320703384,1.012867704778695,-0.34323753036929416,-0.4546021372079849,,-0.13145877111838802,0.6247588222167209,-11.162974297251123,-11.162974297251123,1.4917852855352758e-27,19716903.5,-12.244295456051777,1.8023793685032092e-34,-0.3569472885037215,-0.21486483529552047,GCST90200107,cancerType_celltype,HNSC_Epi_HNSC,tissue,Tumor,Adjacent,group2_higher,3.2274656256898107e-27,3.683123057376123e-34
45289,1109,-0.007006028208320455,-0.23696490940522677,-0.0447562374174594,-0.3754568994045257,0.6634594077366778,0.8060370753667704,0.22995888119690633,0.3307006619870663,,0.14855261049909507,-5.07973300945669,9.422972730265483,9.422972730265483,2.339520407253601e-20,30507332.5,12.241424908804625,1.8672799631048423e-34,0.3446524852329554,0.21481446247793534,GCST90200120,cancerType_celltype,HNSC_Epi_HNSC,tissue,Tumor,Adjacent,group1_higher,4.2630565709714683e-20,3.810033816933982e-34
45289,1109,-0.061145368986104565,-0.24024258333076098,-0.1072630807757377,-0.3459477722644806,0.5220060535520257,0.7381349274972281,0.17909721434465642,0.23868469148874288,,0.12042960488853693,-1.9741591627364607,8.031111720785747,8.031111720785747,2.4002355286315825e-15,30472673.5,12.16277645264727,4.906303445833568e-34,0.3390712961605015,0.2134343269169181,GCST90199911,cancerType_celltype,HNSC_Epi_HNSC,tissue,Tumor,Adjacent,group1_higher,3.941591597017888e-15,9.995951564530872e-34
45289,1109,-0.09714640106072205,-0.2174521117688243,-0.0993930548429489,-0.4224493503570556,0.4521901821940531,0.8286358903835688,0.12030571070810227,0.3230562955141067,,0.10611779772654646,-1.16245704832441,4.817376157399451,4.817376157399451,1.653532023915557e-06,30470465.0,12.15776490830313,5.2167221079201245e-34,0.2588622849489033,0.21334638354329205,GCST90200991,cancerType_celltype,HNSC_Epi_HNSC,tissue,Tumor,Adjacent,group1_higher,2.198794291314053e-06,1.0612525721037507e-33
45289,1109,-0.10652937124996494,0.31679126520694056,-0.1988492757081985,0.2415064126253128,1.3472889134236867,1.0960329060488783,-0.4233206364569055,-0.4403556883335113,,-0.14006568915149434,1.572272317156604,-12.630543508931602,-12.630543508931602,2.0621596227692e-34,19781470.5,-12.097779547666885,1.085080234327842e-33,-0.31547842369430257,-0.21229375093739733,GCST90199744,cancerType_celltype,HNSC_Epi_HNSC,tissue,Tumor,Adjacent,group2_higher,4.948456982102852e-34,2.204119760639119e-33
45289,1109,-0.14482867429688773,0.2733038305923499,-0.2224107533693313,0.1931856423616409,1.255868093904159,1.1249730083354341,-0.41813250488923764,-0.4155963957309722,,-0.1204083114973606,0.9161537314108158,-12.19298412194716,-12.19298412194716,2.7426439843812263e-32,19782939.0,-12.094447216732148,1.1300185252580084e-33,-0.3337313359544908,-0.21223527466654835,GCST90199701,cancerType_celltype,HNSC_Epi_HNSC,tissue,Tumor,Adjacent,group2_higher,6.434120052859917e-32,2.291986979057538e-33
45289,1109,-0.32396202642499483,0.006449935544719726,-0.3766156136989593,-0.1001510843634605,0.8025296204362178,0.8447802463484277,-0.33041196196971456,-0.2764645293354988,,-0.15411049254528764,-5.650176956879527,-12.883423826462238,-12.883423826462238,1.3699027309853404e-35,19786116.0,-12.08723794510827,1.2336639394141392e-33,-0.4111828673967724,-0.21210876522665245,GCST90200846,cancerType_celltype,HNSC_Epi_HNSC,tissue,Tumor,Adjacent,group2_higher,3.3342453970232483e-35,2.4984902665995124e-33
45289,1109,-0.4001248453335017,-0.018446275968748822,-0.4795879423618316,-0.0997543931007385,0.9961176725964309,1.0723160454491596,-0.38167856936475286,-0.37983354926109314,,-0.13271359571015343,-4.43897411926269,-11.730055615675662,-11.730055615675662,4.2184138384227614e-30,19788770.5,-12.081214334303871,1.3274649714292834e-33,-0.38244146135606744,-0.21200306195054186,GCST90200309,cancerType_celltype,HNSC_Epi_HNSC,tissue,Tumor,Adjacent,group2_higher,9.566885294126828e-30,2.6844729318369635e-33
45289,1109,0.16816634900826602,0.018813990187206423,0.1551303118467331,-0.1478678584098816,0.5797865821478623,0.801456773365178,0.1493523588210596,0.3029981702566147,,0.11553459130961237,3.1599431802859734,6.16641453262746,6.16641453262746,9.691353238080615e-10,30434962.5,12.077202375779788,1.3938366137657153e-33,0.25484209383597256,0.21193265946715,GCST90200193,cancerType_celltype,HNSC_Epi_HNSC,tissue,Tumor,Adjacent,group1_higher,1.4007756589081525e-09,2.8145174882409926e-33
45289,1109,0.008379317573735567,-0.20569225566480998,-0.0206410661339759,-0.291143000125885,0.5885848056105372,0.727052894947117,0.21407157323854553,0.27050193399190914,,0.14624114915806433,-4.617345764709348,9.727508562109405,9.727508562109405,1.5309270959752637e-21,30410193.0,12.020995245314696,2.7563518110289524e-33,0.3614431165353806,0.21094632784250367,GCST90200528,cancerType_celltype,HNSC_Epi_HNSC,tissue,Tumor,Adjacent,group1_higher,2.894110446344361e-21,5.5575555006397367e-33
45289,1109,-0.9943100217548925,-0.5174675051553714,-1.082007884979248,-0.6969064474105835,1.5044183359761019,1.160524758643882,-0.47684251659952104,-0.38510143756866455,,-0.13370860953244124,-0.9422261411374189,-13.410029527675908,-13.410029527675908,2.5935666734063283e-38,19821793.0,-12.006279435909335,3.2933552883066234e-33,-0.3185051231866217,-0.21068809248911224,GCST90199878,cancerType_celltype,HNSC_Epi_HNSC,tissue,Tumor,Adjacent,group2_higher,6.607535281967898e-38,6.630492256960011e-33
45289,1109,-0.14417293952928997,-0.3452211819925367,-0.1889145672321319,-0.4767379760742187,0.5715316591274664,0.7824392209766632,0.20104824246324673,0.2878234088420868,,0.15315822683366515,-1.259714756085899,8.501522916112966,8.501522916112966,5.807726800932994e-17,30397796.5,11.992865016896257,3.872797282908959e-33,0.3481554161999085,0.21045269414037304,GCST90200067,cancerType_celltype,HNSC_Epi_HNSC,tissue,Tumor,Adjacent,group1_higher,9.796945086227316e-17,7.785579198532318e-33
45289,1109,-0.23713292657449336,0.012693117913408785,-0.2838069498538971,-0.0034602384548634,0.6935066647216086,0.7187957331908373,-0.24982604448790216,-0.2803467113990337,,-0.1507891823779714,-4.223470029046427,-11.44468419205556,-11.44468419205556,8.251143548979855e-29,19837090.0,-11.971567371688234,5.007433569588534e-33,-0.35991696207733337,-0.21007895969021795,GCST90200044,cancerType_celltype,HNSC_Epi_HNSC,tissue,Tumor,Adjacent,group2_higher,1.840639714772429e-28,1.0051740729527499e-32
45289,1109,-0.5823326937061075,-0.015991452424341898,-0.5563631653785706,-0.1559661775827407,1.739246901297581,1.050111878868452,-0.5663412412817657,-0.4003969877958299,,-0.13477003636711085,-5.186382998686958,-17.38565752713459,-17.38565752713459,7.371072049269227e-61,19840608.5,-11.963583165767993,5.5131339974829347e-33,-0.3281236596559429,-0.20993885158059444,GCST90199791,cancerType_celltype,HNSC_Epi_HNSC,tissue,Tumor,Adjacent,group2_higher,3.008015330285615e-60,1.1050590644954765e-32
45289,1109,0.19848929417393013,0.027564499694123407,0.1705977767705917,-0.1218649074435234,0.6416162181664048,0.9031845388680756,0.1709247944798067,0.2924626842141151,,0.1087939286462799,2.848132804583712,6.263648190179005,6.263648190179005,5.32644545433011e-10,30374939.5,11.940997745411545,7.235104339711887e-33,0.2633288495446106,0.20954251904824206,GCST90200269,cancerType_celltype,HNSC_Epi_HNSC,tissue,Tumor,Adjacent,group1_higher,7.764647223798866e-10,1.448083291487122e-32
45289,1109,0.018580219557265173,-0.07494101505145025,-0.0009612714056856,-0.2936523556709289,0.47832464361386523,0.8702435635119999,0.09352123460871542,0.2926910842652433,,0.07565379183483173,-2.0119295750955053,3.565616947383003,3.565616947383003,0.0003782525268915278,30364673.0,11.91770092856341,9.571471860797884e-33,0.19033856185165252,0.20913370281761856,GCST90200471,cancerType_celltype,HNSC_Epi_HNSC,tissue,Tumor,Adjacent,group1_higher,0.00046572555930727406,1.912890930537759e-32
45289,1109,0.5188864691638104,0.25388236022469307,0.4850298762321472,0.124399796128273,0.8166015553572477,0.9474217707972115,0.26500410893911736,0.3606300801038742,,0.13897512203047163,1.0312558536614376,9.231244449052467,9.231244449052467,1.2502906293107406e-19,30364308.5,11.916873802498914,9.666947107669579e-33,0.3231879509124115,0.2091191882784802,GCST90199751,cancerType_celltype,HNSC_Epi_HNSC,tissue,Tumor,Adjacent,group1_higher,2.2218332825952278e-19,1.9291433247077065e-32
45289,1109,-0.1361154466191405,0.1697643548149424,-0.3198111057281494,0.0173225291073322,1.1334787270303543,0.9856151577210679,-0.3058798014340829,-0.3371336348354816,,-0.12539491088536583,0.31870067351053816,-10.171575977447572,-10.171575977447572,2.3580169415869384e-23,19862708.0,-11.913434818820607,1.007415529173061e-32,-0.2706486432321865,-0.20905884044840095,GCST90200299,cancerType_celltype,HNSC_Epi_HNSC,tissue,Tumor,Adjacent,group2_higher,4.611157950334285e-23,2.007466909741056e-32
45289,1109,0.16883978807898448,-0.005080536626226028,0.1552226245403289,-0.1040860265493393,0.5277465873937423,0.7819794976007021,0.17392032470521052,0.25930865108966816,,0.12116124932148671,5.054254832794886,7.365670155914095,7.365670155914095,3.385554455884413e-13,30359147.0,11.90516128896834,1.1124951070376436e-32,0.3249466010240236,0.20891365523660976,GCST90200622,cancerType_celltype,HNSC_Epi_HNSC,tissue,Tumor,Adjacent,group1_higher,5.316256593744764e-13,2.2136216509376763e-32
45289,1109,0.11487168545567275,-0.2343565580440136,0.0523281842470169,-0.3081801831722259,0.9654158874004168,1.0420636587586025,0.34922824349968634,0.3605083674192428,,0.16575698344760928,-1.028675529296936,11.044964095954048,11.044964095954048,4.94902823329877e-27,30358437.5,11.903551286381893,1.1341741667334367e-32,0.3610276629171997,0.20888540265631206,GCST90199899,cancerType_celltype,HNSC_Epi_HNSC,tissue,Tumor,Adjacent,group1_higher,1.0556377906081728e-26,2.2534684974601666e-32
45289,1109,-0.552611007988707,0.05193229101164094,-0.6410247087478638,-0.2272433787584304,1.6144060421985114,1.5208640116721077,-0.604543299000348,-0.4137813299894334,,-0.17981743787537288,-3.411535354556879,-13.058474297684757,-13.058474297684757,1.7627815975691394e-36,19874054.0,-11.887688392681325,1.3715191690955474e-32,-0.37497210567786815,-0.20860703808609093,GCST90199916,cancerType_celltype,HNSC_Epi_HNSC,tissue,Tumor,Adjacent,group2_higher,4.36849330452134e-36,2.721078060374427e-32
45289,1109,0.061876814418097496,-0.12494800877917651,0.0680845454335212,-0.2047740966081619,0.5005677401254782,0.7147387133890576,0.186824823197274,0.2728586420416831,,0.15915355329485378,-1.0138453110962744,8.652876103979079,8.652876103979079,1.6924720193979384e-17,30350738.5,11.88608065930219,1.398168757365568e-32,0.3686808773153724,0.20857882532620242,GCST90200543,cancerType_celltype,HNSC_Epi_HNSC,tissue,Tumor,Adjacent,group1_higher,2.898039400049485e-17,2.769918628327426e-32
45289,1109,-0.08382404802920419,0.2764804645838691,-0.1424459367990493,0.2118305712938308,0.8954198273617322,0.9965418759293134,-0.3603045126130733,-0.3542765080928801,,-0.1604516066287615,1.7217294551587357,-11.92309102431186,-11.92309102431186,5.481893905152774e-31,19903370.0,-11.82116431118131,3.0345354734163365e-32,-0.40124449193810574,-0.20743966297120664,GCST90200627,cancerType_celltype,HNSC_Epi_HNSC,tissue,Tumor,Adjacent,group2_higher,1.2515613723154492e-30,6.003007039573972e-32
45289,1109,-0.3699337643172871,-0.10260675096889041,-0.4228300154209137,-0.2393983602523803,0.5565782649198427,0.7123506461130911,-0.2673270133483967,-0.1834316551685334,,-0.1992931151355957,-1.8501311669657343,-12.404885196994977,-12.404885196994977,3.066353891901356e-33,19905019.5,-11.817421253723461,3.172788818791698e-32,-0.4766862472825775,-0.20737397920629996,GCST90200967,cancerType_celltype,HNSC_Epi_HNSC,tissue,Tumor,Adjacent,group2_higher,7.243397495080674e-33,6.267407478279832e-32
45289,1109,-0.337057634825426,-0.07566329995984827,-0.3842224180698395,-0.2091758698225021,0.4917323909100437,0.7024010879848623,-0.2613943348655777,-0.17504654824733737,,-0.2096717189892771,-2.155314913537341,-12.31930609821576,-12.31930609821576,8.042462189983794e-33,19911448.0,-11.802833654531113,3.773905524266223e-32,-0.5250952304384702,-0.2071179937060259,GCST90200105,cancerType_celltype,HNSC_Epi_HNSC,tissue,Tumor,Adjacent,group2_higher,1.893242826415874e-32,7.444042300397774e-32
45289,1109,-0.402596279669428,-0.08292706612037995,-0.4470311403274536,-0.1742181926965713,0.8824042024319543,0.8277803083317986,-0.3196692135490481,-0.2728129476308823,,-0.1210748926066582,-2.2794050698297776,-12.685038506638088,-12.685038506638088,1.2154056892514928e-34,19939430.0,-11.739336695582642,8.011336397150622e-32,-0.3627908295358232,-0.2060037390169588,GCST90199628,cancerType_celltype,HNSC_Epi_HNSC,tissue,Tumor,Adjacent,group2_higher,2.926851509628595e-34,1.5779554204214304e-31
45289,1109,-0.23398157446898699,0.10549238219110751,-0.2909004688262939,0.1319539994001388,1.0148808422924323,1.015842096031984,-0.3394739566600945,-0.4228544682264327,,-0.12374182484881403,-1.149248592424176,-10.995186066032126,-10.995186066032126,8.010801151912804e-27,19943383.5,-11.73036538448255,8.907453148420018e-32,-0.3344887994933786,-0.20584630902935142,GCST90200257,cancerType_celltype,HNSC_Epi_HNSC,tissue,Tumor,Adjacent,group2_higher,1.6980905085625428e-26,1.7519276538667366e-31
45289,1109,-0.1907276366223601,0.10090397700315301,-0.2384224086999893,0.0323970802128315,0.660729579272946,0.8157583376637069,-0.29163161362551315,-0.2708194889128208,,-0.1715447342925213,-0.9185241356692948,-11.81077088570647,-11.81077088570647,1.8621599906453384e-30,19944887.0,-11.726953631291961,9.273774342024334e-32,-0.4386405118351791,-0.20578643904418192,GCST90199990,cancerType_celltype,HNSC_Epi_HNSC,tissue,Tumor,Adjacent,group2_higher,4.237268893571947e-30,1.821347900314001e-31
45289,1109,-0.2800644863910132,0.01129586280315587,-0.3239586651325226,-0.1011394709348678,0.7971354092600427,0.756777111737334,-0.2913603491941691,-0.22281919419765478,,-0.12677066850986543,-4.631770115640905,-12.650490619434567,-12.650490619434567,1.8009037409151357e-34,19947320.0,-11.721432649906726,9.898505530324457e-32,-0.3659407398872529,-0.20568955598869987,GCST90199750,cancerType_celltype,HNSC_Epi_HNSC,tissue,Tumor,Adjacent,group2_higher,4.329156611758959e-34,1.941246480263631e-31
45289,1109,0.1737902203404052,-0.07802626265880189,0.1430796831846237,-0.2055865079164505,0.7766677543202649,0.7807447836871256,0.2518164829992071,0.3486661911010742,,0.1538665303350259,1.155305007722125,10.613085010587747,10.613085010587747,3.524529635052956e-25,30264906.5,11.691310057470107,1.411936043598316e-31,0.32418603238442617,0.20516095996732808,GCST90200919,cancerType_celltype,HNSC_Epi_HNSC,tissue,Tumor,Adjacent,group1_higher,7.223960740717562e-25,2.765041418713369e-31
45289,1109,0.2511613983995784,-0.09472590864043325,0.1918954700231552,-0.1963941752910614,1.018355641886181,1.0282995724776292,0.34588730704001164,0.3882896453142166,,0.14354060247584605,1.4067742852560525,11.069484532582972,11.069484532582972,3.800622667503252e-27,30261054.5,11.68256907091198,1.564951090570135e-31,0.3395731987535884,0.2050075717512505,GCST90200427,cancerType_celltype,HNSC_Epi_HNSC,tissue,Tumor,Adjacent,group1_higher,8.132258549147461e-27,3.0602989045152e-31
45289,1109,0.6295093827170773,0.28491736594520384,0.6287255883216858,0.2230919152498245,0.9509670174479478,1.0778381611491434,0.3445920167718735,0.40563367307186127,,0.13921581228765925,1.1436815516485144,10.546714264890214,10.546714264890214,6.891198489662931e-25,30252887.0,11.664035320207539,1.945988037389716e-31,0.36113431152330994,0.20468233855945006,GCST90200732,cancerType_celltype,HNSC_Epi_HNSC,tissue,Tumor,Adjacent,group1_higher,1.4039915607489648e-24,3.7999737750174536e-31
45289,1109,-0.11889692029322592,-0.3367171472418376,-0.1417336612939834,-0.4474608600139618,0.5984843434544506,0.8203752179749874,0.2178202269486117,0.3057271987199784,,0.1251183857549944,-1.5018179961694382,8.784960464313393,8.784960464313393,5.658403010111201e-18,30250178.0,11.657888037604744,2.0916908143697656e-31,0.3601923313716212,0.20457446507104038,GCST90199745,cancerType_celltype,HNSC_Epi_HNSC,tissue,Tumor,Adjacent,group1_higher,9.72560315609277e-18,4.078647467791117e-31
45289,1109,0.37504627648771655,0.9100186697742125,0.3170493245124817,0.8223127722740173,1.4289476853559908,1.4044690263620276,-0.534972393286496,-0.5052634477615356,,-0.13768527704599262,1.2788252634016777,-12.527063866629822,-12.527063866629822,7.250714904304503e-34,19978849.0,-11.649886812629676,2.2976685185033724e-31,-0.3745340113026563,-0.20443405830834815,GCST90200508,cancerType_celltype,HNSC_Epi_HNSC,tissue,Tumor,Adjacent,group2_higher,1.730774853689499e-33,4.473888843885853e-31
45289,1109,-0.18738131211777698,0.1608821832366217,-0.251319408416748,0.1411522179841995,1.1138809661641655,0.9510724031091317,-0.3482634953543987,-0.39247162640094746,,-0.11557171395040457,-0.21997124455346234,-11.994615637977445,-11.994615637977445,2.2974780724675794e-31,19981075.0,-11.644835557157613,2.43794683695924e-31,-0.31367426586548774,-0.2043454180775618,GCST90200087,cancerType_celltype,HNSC_Epi_HNSC,tissue,Tumor,Adjacent,group2_higher,5.298583101139273e-31,4.740258971148993e-31
45289,1109,0.1820744597196493,-0.038038728418802514,0.1671955287456512,-0.1002808958292007,0.6418351457847317,0.6873269665770642,0.22011318813845182,0.2674764245748519,,0.12118342913681578,2.258957636434963,10.552625311138064,10.552625311138064,6.436720366243726e-25,30243547.5,11.642842058535775,2.4956194334971893e-31,0.34234401302342476,0.20431043584811626,GCST90199970,cancerType_celltype,HNSC_Epi_HNSC,tissue,Tumor,Adjacent,group1_higher,1.3133607573638021e-24,4.845483316035141e-31
45289,1109,0.03949175384375904,-0.12044635762370673,0.0249602030962705,-0.227788046002388,0.499614950406635,0.6358121971120622,0.15993811146746578,0.2527482490986585,,0.1295544291628481,-1.6087428679975058,8.31438610168835,8.31438610168835,2.5967625501536277e-16,30236843.0,11.627628158125868,2.982742533940639e-31,0.31778059310582596,0.20404345991491457,GCST90200238,cancerType_celltype,HNSC_Epi_HNSC,tissue,Tumor,Adjacent,group1_higher,4.326879408141069e-16,5.78304135670141e-31
45289,1109,-0.10244943665143298,0.4180418914308761,-0.128689631819725,0.2881214022636413,1.5304243384727816,1.250556980654884,-0.5204913280823091,-0.4168110340833663,,-0.13006526815061106,2.028724837969332,-13.613027788386924,-13.613027788386924,2.492692049649863e-39,19999733.0,-11.602496687167598,4.002341301699466e-31,-0.34145362358558967,-0.20360244888348655,GCST90200042,cancerType_celltype,HNSC_Epi_HNSC,tissue,Tumor,Adjacent,group2_higher,6.533729353216853e-39,7.748851128148256e-31
45289,1109,0.6816110854758253,0.26826326789978583,0.5690198540687561,0.1940276473760604,1.234714691683159,0.817891768411696,0.41334781757603944,0.37499220669269573,,0.1781181003209863,1.3452960116366048,16.379232047957146,16.379232047957146,1.0254397704144697e-54,30221373.5,11.592524655643794,4.496852707975446e-31,0.33703810988428806,0.2034274580954405,GCST90200592,cancerType_celltype,HNSC_Epi_HNSC,tissue,Tumor,Adjacent,group1_higher,3.583780530961339e-54,8.693915235419195e-31
45289,1109,0.18516773251599003,-0.1640535948184072,0.1326644122600555,-0.2747310101985931,1.0961476158496568,1.0140869337958198,0.34922132733439726,0.40739542245864857,,0.13778996413686087,0.17466450529668026,11.307480646903809,11.307480646903809,3.2784675934249154e-28,30216433.0,11.58131363692873,5.125522968636614e-31,0.3191393704026857,0.20323072536399378,GCST90200430,cancerType_celltype,HNSC_Epi_HNSC,tissue,Tumor,Adjacent,group1_higher,7.232235530245678e-28,9.895308507438675e-31
45289,1109,-0.037120308493407465,-0.1694839054070299,-0.0464577116072177,-0.3204806447029114,0.48413775720689595,0.6712254621957994,0.13236359691362243,0.2740229330956937,,0.115292279555889,-2.1908373201842792,6.525549898664367,6.525549898664367,1.0182814560113984e-10,30188139.5,11.51710981990319,1.0818035971886456e-30,0.27043891123354286,0.20210406661747382,GCST90200089,cancerType_celltype,HNSC_Epi_HNSC,tissue,Tumor,Adjacent,group1_higher,1.5053336491795402e-10,2.0855704426706135e-30
45289,1109,-0.22075034160870532,0.17995757312085386,-0.2828201651573181,0.0202664285898208,0.9380533321900504,1.1063042212039265,-0.4007079147295592,-0.3030865937471389,,-0.16505242811951423,-0.2947573727847851,-11.957198330158041,-11.957198330158041,3.868670333201793e-31,20045266.5,-11.499171736117626,1.3318908873425358e-30,-0.42518966996393226,-0.20178928628307757,GCST90199861,cancerType_celltype,HNSC_Epi_HNSC,tissue,Tumor,Adjacent,group2_higher,8.862180948158057e-31,2.564078078316209e-30
45289,1109,-0.3440664949058033,-0.016944973976185464,-0.4309685230255127,-0.0929959192872047,0.8484708337426071,0.883320976097195,-0.3271215209296179,-0.337972603738308,,-0.16435760905037508,-4.343677139005885,-12.19564909850803,-12.19564909850803,2.837655031878135e-32,20057556.0,-11.471284312881357,1.839117168944041e-30,-0.38515707781201663,-0.20129991336472686,GCST90200446,cancerType_celltype,HNSC_Epi_HNSC,tissue,Tumor,Adjacent,group2_higher,6.645573554037626e-32,3.535566574429799e-30
45289,1109,0.08606356753369995,-0.17122482399479716,0.0657759681344032,-0.2714624404907226,0.8140193605874402,0.7934681087528151,0.25728839152849714,0.3372384086251258,,0.14618935185619406,-0.9924089903054457,10.661812815781005,10.661812815781005,2.172342463804094e-25,30167826.0,11.471014277211468,1.844865678193625e-30,0.31625991729583924,0.20129517473603697,GCST90200150,cancerType_celltype,HNSC_Epi_HNSC,tissue,Tumor,Adjacent,group1_higher,4.479429316437186e-25,3.541622421659029e-30
45289,1109,0.43936492068469096,-0.004814434622873826,0.3132496476173401,-0.1347599029541015,1.357818085777158,1.0745386533017969,0.4441793553075648,0.4480095505714416,,0.1493714912401941,6.511613145440212,13.504341312233352,13.504341312233352,8.754577851520093e-39,30148661.5,11.427526053718937,3.0466947941983736e-30,0.32859697827043577,0.20053203650472295,GCST90200810,cancerType_celltype,HNSC_Epi_HNSC,tissue,Tumor,Adjacent,group1_higher,2.2642295278219898e-38,5.840569626571566e-30
45289,1109,0.21407529073276652,0.011528374181148774,0.2027065306901931,-0.1027300506830215,0.7017142571750967,0.7824466568932277,0.20254691655161774,0.3054365813732146,,0.1358468093450713,4.214738913764065,8.53692730817563,8.53692730817563,4.295423464600162e-17,30140658.0,11.409364453013337,3.7546744704550305e-30,0.28781080703254835,0.2002133338600247,GCST90200273,cancerType_celltype,HNSC_Epi_HNSC,tissue,Tumor,Adjacent,group1_higher,7.281918137126893e-17,7.187670369705345e-30
45289,1109,-0.059116847275716075,-0.22928897606194645,-0.0785788148641586,-0.3310711979866028,0.4777384003581,0.6822950124203556,0.1701721287862304,0.25249238312244415,,0.14650391382982672,-1.9555076444839812,8.25639770810963,8.25639770810963,4.136534991430643e-16,30140020.0,11.407916698749554,3.817682321518377e-30,0.3518621342272284,0.2001879284389816,GCST90199868,cancerType_celltype,HNSC_Epi_HNSC,tissue,Tumor,Adjacent,group1_higher,6.858999018637428e-16,7.298037874094737e-30
45289,1109,0.17135634721050008,-0.08841526016935822,0.1575272530317306,-0.175990954041481,0.7848512192905229,0.8488715106275512,0.25977160737985827,0.33351820707321156,,0.1408062114476831,0.954624433372091,10.085951953566479,10.085951953566479,5.520361820144998e-23,30137017.0,11.401102269197619,4.1286373047524996e-30,0.33031295983311226,0.20006834775027937,GCST90200978,cancerType_celltype,HNSC_Epi_HNSC,tissue,Tumor,Adjacent,group1_higher,1.0733599373548692e-22,7.881418272237614e-30
45289,1109,0.02658302809132141,0.28851108784681123,-0.0549360737204551,0.2328167408704757,0.7649496161809938,0.7708900328050833,-0.26192805975548983,-0.2877528145909308,,-0.15092007301198568,3.440000137259785,-11.181029705018778,-11.181029705018778,1.226557413008741e-27,20122719.5,-11.32341482233605,1.004813938217384e-29,-0.34234844075269555,-0.19870507613254074,GCST90200610,cancerType_celltype,HNSC_Epi_HNSC,tissue,Tumor,Adjacent,group2_higher,2.670603440784208e-27,1.915470486419992e-29
45289,1109,0.5731351442864153,0.17470129459562675,0.5483395457267761,0.092064119875431,1.2552912966420624,0.9856653406105635,0.39843384969078854,0.4562754258513451,,0.13843661152957862,1.7139793241191068,13.201858907810076,13.201858907810076,2.982138276693724e-37,30093193.5,11.301657662647752,1.2876583730179661e-29,0.3188668291524941,0.19832327804953098,GCST90199677,cancerType_celltype,HNSC_Epi_HNSC,tissue,Tumor,Adjacent,group1_higher,7.4308125614872865e-37,2.4512267631612957e-29
45289,1109,0.07143064764967796,-0.021381275223318664,0.0637933239340782,-0.2206496000289917,0.48992826846581755,0.7533742148322118,0.09281192287299662,0.2844429239630699,,0.08411766369521953,1.7401480250164527,4.081517182332108,4.081517182332108,4.788651717687355e-05,30082045.0,11.276359404952196,1.717079141803606e-29,0.18642650537677283,0.1978793402180299,GCST90200588,cancerType_celltype,HNSC_Epi_HNSC,tissue,Tumor,Adjacent,group1_higher,6.060289963981304e-05,3.26412673678984e-29
45289,1109,0.2679757161055967,0.0791033366849357,0.2565329074859619,0.0342135354876518,0.6037251707346046,0.6641851654931178,0.18887237942066099,0.22231937199831012,,0.11156959785103297,1.7602789597013055,9.375524659178094,9.375524659178094,3.516324137771066e-20,30053723.0,11.212090915518322,3.556947155038606e-29,0.31206224815793504,0.19675154658984884,GCST90200389,cancerType_celltype,HNSC_Epi_HNSC,tissue,Tumor,Adjacent,group1_higher,6.3648735720876e-20,6.752254836096964e-29
45289,1109,-0.23531785073458725,0.26663331360584736,-0.3092002868652344,0.1013463139533996,1.4226463909276617,1.3758721089152615,-0.5019511643404346,-0.410546600818634,,-0.13401939819529352,0.18024555970482461,-11.993261694587051,-11.993261694587051,2.4629852747606466e-31,20173161.5,-11.208951467204935,3.6853785232662986e-29,-0.3531019797207429,-0.1966964550537783,GCST90200288,cancerType_celltype,HNSC_Epi_HNSC,tissue,Tumor,Adjacent,group2_higher,5.670690759288448e-31,6.986329523243346e-29
45289,1109,-0.2741279286605603,0.2412089394621519,-0.3263338804244995,0.0231684483587741,1.4784957892803585,1.356125745920074,-0.5153368681227122,-0.3495023287832736,,-0.12778614077508857,-0.1845652257914068,-12.474611219413797,-12.474611219413797,1.2559051708040068e-33,20177928.0,-11.19813529056181,4.1641132732016676e-29,-0.34921716172198136,-0.19650665107352538,GCST90199629,cancerType_celltype,HNSC_Epi_HNSC,tissue,Tumor,Adjacent,group2_higher,2.9822277836339048e-33,7.882897765797046e-29
45289,1109,0.8505372411016594,0.4200862775565351,0.8199906349182129,0.3753883838653564,1.319749164136561,1.159330481220813,0.4304509635451243,0.4446022510528565,,0.14266723199658257,1.0176870083241192,12.173027526134355,12.173027526134355,3.376211364343007e-32,30029781.5,11.157762688705912,6.562308035555969e-29,0.32705409816012015,0.1957981862639857,GCST90200618,cancerType_celltype,HNSC_Epi_HNSC,tissue,Tumor,Adjacent,group1_higher,7.89326945042799e-32,1.2405583706605806e-28
45289,1109,-0.13900588123277613,-0.338391166640155,-0.1658300906419754,-0.5041847229003906,0.6982228583975881,0.9034265962024425,0.19938528540737888,0.3383546322584152,,0.12405514711741165,-1.2835398700486993,7.296471652432122,7.296471652432122,5.51988232717868e-13,30015148.5,11.124557378138654,9.527880039178864e-29,0.28328973111293826,0.19521549421677253,GCST90200384,cancerType_celltype,HNSC_Epi_HNSC,tissue,Tumor,Adjacent,group1_higher,8.598399556508047e-13,1.7986842788643758e-28
45289,1109,-0.08252367211722371,0.1969830165507471,-0.1115669310092926,0.1503954529762268,0.7387329797573997,0.8230986129726225,-0.2795066886679708,-0.2619623839855194,,-0.15232522826238729,1.255181166407927,-11.19862346047864,-11.19862346047864,1.0522343590553145e-27,20213911.5,-11.116481269322357,1.0430640692210572e-28,-0.3772734253974231,-0.19507377338057807,GCST90200469,cancerType_celltype,HNSC_Epi_HNSC,tissue,Tumor,Adjacent,group2_higher,2.298390114410887e-27,1.966384960371094e-28
45289,1109,-0.31675849340452383,0.08982078175604633,-0.386196881532669,0.0250343699008226,1.2051014380812846,1.1802288551382958,-0.40657927516057013,-0.4112312514334916,,-0.13848897523312118,-1.8182506125074698,-11.328451847838512,-11.328451847838512,2.6923799386005097e-28,20218569.5,-11.105911301672368,1.1741494861137214e-28,-0.3375464847332921,-0.19488828991471885,GCST90199964,cancerType_celltype,HNSC_Epi_HNSC,tissue,Tumor,Adjacent,group2_higher,5.957327688818984e-28,2.2104499303494506e-28
45289,1109,0.06290332002153881,0.44453071604137573,-0.1079494804143905,0.3103562593460083,1.3738265140409098,1.1869342806926557,-0.3816273960198369,-0.4183057397603988,,-0.1268319691944619,2.8210553505640648,-10.535844002339593,-10.535844002339593,7.184144981012108e-25,20221612.5,-11.099006103828033,1.268482060117367e-28,-0.2786291821270681,-0.19476711640965017,GCST90200022,cancerType_celltype,HNSC_Epi_HNSC,tissue,Tumor,Adjacent,group2_higher,1.4614909864357469e-24,2.38474627302065e-28
45289,1109,-0.084746179298001,-0.2570808800307529,-0.1186840161681175,-0.3568068742752075,0.5297041897106979,0.8626885196873978,0.17233470073275192,0.23812285810709002,,0.12381104365420986,-1.6009906720113711,6.62199691872436,6.62199691872436,5.470181193807655e-11,29993362.0,11.075119293079297,1.6566148407421926e-28,0.319106050991318,0.19434794687264545,GCST90200331,cancerType_celltype,HNSC_Epi_HNSC,tissue,Tumor,Adjacent,group1_higher,8.157392743063275e-11,3.110146043982932e-28
45289,1109,0.624171860360884,0.3243841650002242,0.6036294102668762,0.2839119434356689,0.9689542196649437,0.9864439229300569,0.2997876953606598,0.31971746683120733,,0.11491975665971624,0.9442377860790978,10.003141254073897,10.003141254073897,1.1827593370736798e-22,29984517.0,11.05504815442233,2.0722821822879624e-28,0.30925856075260844,0.19399573535364034,GCST90200961,cancerType_celltype,HNSC_Epi_HNSC,tissue,Tumor,Adjacent,group1_higher,2.2899161597037293e-22,3.8851727846746804e-28
45289,1109,-0.03158409734770293,-0.18130568120581567,-0.0466421209275722,-0.2994294166564941,0.5771213129457419,0.8360357641615872,0.14972158385811274,0.2527872957289219,,0.11271084671667723,-2.5211161659734187,5.929337454256239,5.929337454256239,4.032770742507467e-09,29976704.0,11.037318837709286,2.5245718812525613e-28,0.25609081840848197,0.19368461849688656,GCST90200037,cancerType_celltype,HNSC_Epi_HNSC,tissue,Tumor,Adjacent,group1_higher,5.761704949725029e-09,4.726636640312145e-28
45289,1109,-0.3404000645422511,-0.10263430407095799,-0.3926506638526916,-0.1845243871212005,0.6789747210937088,0.7003541155294676,-0.2377657604712931,-0.2081262767314911,,-0.14961908915636468,-1.7297084801593403,-11.177801807744073,-11.177801807744073,1.2756166592500867e-27,20252850.0,-11.028121740481849,2.7964784829371447e-28,-0.34991635634883306,-0.19352322637856811,GCST90201013,cancerType_celltype,HNSC_Epi_HNSC,tissue,Tumor,Adjacent,group2_higher,2.7729912385292955e-27,5.2285324722130705e-28
45289,1109,0.3173770194123613,0.13898002282032748,0.2564070522785187,-0.1774846464395523,0.8336392399232105,1.1493008983220812,0.1783969965920338,0.433891698718071,,0.09379238958509198,1.191314311746349,5.136175523673281,5.136175523673281,3.2970393332421565e-07,29968645.0,11.019031295997982,3.0937431478966292e-28,0.21173280061979102,0.19336370581947993,GCST90199694,cancerType_celltype,HNSC_Epi_HNSC,tissue,Tumor,Adjacent,group1_higher,4.489375235973086e-07,5.776399877511104e-28
45289,1109,-0.8405074849720988,-0.4968397350599939,-0.905547857284546,-0.6237725019454956,1.1069935460308573,0.9371883014705896,-0.3436677499121049,-0.2817753553390504,,-0.11684777967140686,-0.7584789212820766,-12.008337280505177,-12.008337280505177,1.9733704133079986e-31,20257615.0,-11.01730896764969,3.15349852441433e-28,-0.31150684004210644,-0.19333348212892887,GCST90200039,cancerType_celltype,HNSC_Epi_HNSC,tissue,Tumor,Adjacent,group2_higher,4.558820124303054e-31,5.879915853319742e-28
45289,1109,0.07547664844801485,0.45702696828981165,-0.0322467610239982,0.3245858550071716,1.0879113727578125,1.1383054869161169,-0.38155031984179677,-0.3568326160311698,,-0.1499881716586634,2.5981610744595325,-11.039651133677847,-11.039651133677847,5.181764881045983e-27,20269987.5,-10.98923320020669,4.3057390895135815e-28,-0.3503219130518926,-0.19284080411661797,GCST90200206,cancerType_celltype,HNSC_Epi_HNSC,tissue,Tumor,Adjacent,group2_higher,1.1035539895102617e-26,8.017380299189907e-28
45289,1109,0.22529273750425918,-0.00503531867898354,0.2014075815677642,-0.0765352174639701,0.6612313366938068,0.8013769086173741,0.23032805618324273,0.2779427990317343,,0.1547470856943878,5.483293827105214,9.492606721010203,9.492606721010203,1.2613065588780493e-20,29954383.5,10.986668995946388,4.429797195887726e-28,0.34639830721863357,0.19279580705426902,GCST90199857,cancerType_celltype,HNSC_Epi_HNSC,tissue,Tumor,Adjacent,group1_higher,2.3138100131235278e-20,8.237126300129564e-28
45289,1109,-0.18690821017686082,0.11669093354817604,-0.2515623569488525,0.1008392870426178,0.8054558529290732,0.9451252845220586,-0.3035991437250369,-0.3524016439914703,,-0.15840008843626838,-0.679632824683601,-10.603494144633213,-10.603494144633213,3.9923342110631584e-25,20287618.5,-10.949224806124048,6.701953695235552e-28,-0.37524346916942825,-0.1921387304827482,GCST90200861,cancerType_celltype,HNSC_Epi_HNSC,tissue,Tumor,Adjacent,group2_higher,8.1704977923109385e-25,1.244518104442242e-27
45289,1109,0.2581815529104775,-0.07799802608897186,0.2040854096412658,-0.2179007083177566,1.0919659112194327,0.9779977754783898,0.3361795789994494,0.4219861179590224,,0.11209150333208023,1.7268634961381264,11.276377085579579,11.276377085579579,4.460439788711971e-28,29916403.5,10.900484502312517,1.1464661290724679e-27,0.30859626531786005,0.1912834279144373,GCST90200147,cancerType_celltype,HNSC_Epi_HNSC,tissue,Tumor,Adjacent,group1_higher,9.805773277442607e-28,2.1260317468377875e-27
45289,1109,0.025023350683323294,-0.20719775640373383,-0.0192569009959697,-0.2576953470706939,0.714517977043829,0.6849429751794177,0.23222110708705712,0.23843844607472423,,0.13863947983892225,-3.0496108035856184,11.143006236541833,11.143006236541833,1.778973001746685e-27,29898581.0,10.860041555030008,1.7867010574547865e-27,0.3253189399243562,0.19057372867221378,GCST90200549,cancerType_celltype,HNSC_Epi_HNSC,tissue,Tumor,Adjacent,group1_higher,3.8305532407278536e-27,3.3087955724332525e-27
45289,1109,0.20306484270242553,-0.005394100681043695,0.1819563508033752,-0.1740626841783523,0.6447576763364162,0.8867984517936462,0.20845894338346924,0.3560190349817275,,0.1350116689899705,5.234153894063281,7.778011385688219,7.778011385688219,1.6447260672526773e-14,29892090.5,10.84531326498444,2.09918103826585e-27,0.319925092142254,0.1903152743065719,GCST90199983,cancerType_celltype,HNSC_Epi_HNSC,tissue,Tumor,Adjacent,group1_higher,2.652972342799289e-14,3.882203195598851e-27
45289,1109,0.3285422699436171,0.005133603232741823,0.343460202217102,-0.127153992652893,1.0423614678519844,1.1599397247216847,0.3234086667108753,0.470614194869995,,0.12935213118830086,5.999686780085239,9.194538573754206,9.194538573754206,1.7115583285999482e-19,29862519.0,10.77820940101672,4.363012843482207e-27,0.309386184650021,0.18913772507714754,GCST90200444,cancerType_celltype,HNSC_Epi_HNSC,tissue,Tumor,Adjacent,group1_higher,3.029680521924324e-19,8.057976294940715e-27
45289,1109,0.04809013256952554,0.48278074327672754,-0.0161555260419845,0.3028588593006134,1.4075100069349005,1.1730273828256559,-0.434690610707202,-0.3190143853425979,,-0.11901147632063323,3.3275283127252746,-12.128696609920578,-12.128696609920578,5.321148753765888e-32,20370879.5,-10.76028833628598,5.3004715446228316e-27,-0.3099691600417787,-0.18882324339582002,GCST90199943,cancerType_celltype,HNSC_Epi_HNSC,tissue,Tumor,Adjacent,group2_higher,1.2397821797235737e-31,9.77610651599583e-27
45289,1109,-0.21467613781243303,0.2585675796801053,-0.2742023468017578,0.0621972605586051,0.9514487389248932,1.3108526714736572,-0.47324371749253835,-0.3363996073603629,,-0.1698471733366776,0.2683784161191929,-11.945748966329013,-11.945748966329013,4.532272090778282e-31,20371328.0,-10.759270596807445,5.3593326313546236e-27,-0.4921426059403915,-0.1888053839423125,GCST90199665,cancerType_celltype,HNSC_Epi_HNSC,tissue,Tumor,Adjacent,group2_higher,1.0364910838474494e-30,9.871311319643718e-27
45289,1109,-0.3056403459393699,0.12708209619611313,-0.4305539131164551,-0.0518317930400371,1.395345741436476,1.250772265225855,-0.43272244213548305,-0.378722120076418,,-0.14316983945675002,-1.2660675738192229,-11.349538078264164,-11.349538078264164,2.1029697448288928e-28,20372466.5,-10.756687104285007,5.511676151416935e-27,-0.3108486060529262,-0.18876004840648575,GCST90199807,cancerType_celltype,HNSC_Epi_HNSC,tissue,Tumor,Adjacent,group2_higher,4.660728068620782e-28,1.0138211328449773e-26
45289,1109,0.13790441100584916,-0.06327873357946207,0.0847341492772102,-0.1682381927967071,0.7178556006708954,0.7497628000091138,0.20118314458531122,0.2529723420739173,,0.1284007404180578,1.1238636342085269,8.837165693745131,8.837165693745131,3.57536745889542e-18,29852256.5,10.754921660997825,5.6182428544864205e-27,0.27995212645383216,0.1887290681281606,GCST90200300,cancerType_celltype,HNSC_Epi_HNSC,tissue,Tumor,Adjacent,group1_higher,6.192154823982793e-18,1.032030324887465e-26
45289,1109,0.30693914588968285,0.05352304559986202,0.3066097199916839,0.0226015839725732,0.8348071212926891,0.9993799764818927,0.2534161002898208,0.2840081360191107,,0.12897335990086578,2.5196982829035877,8.373179771384816,8.373179771384816,1.618492978471993e-16,29832480.0,10.710044682631572,9.131884708023092e-27,0.3020045065810548,0.18794155980644178,GCST90200940,cancerType_celltype,HNSC_Epi_HNSC,tissue,Tumor,Adjacent,group1_higher,2.7100809946650203e-16,1.6752030763170223e-26
45289,1109,-0.2302911275438625,0.16335925726000408,-0.2770779728889465,-0.0037496255245059,1.045734789133655,1.090634141173337,-0.3936503848038666,-0.27332834736444056,,-0.1463915958108687,-0.4954080506577322,-11.88674788392776,-11.88674788392776,7.918771412089996e-31,20402308.5,-10.68896941973993,1.1463908934309864e-26,-0.3760405943406277,-0.1875717277563842,GCST90200138,cancerType_celltype,HNSC_Epi_HNSC,tissue,Tumor,Adjacent,group2_higher,1.804897229879375e-30,2.1001757899817665e-26
45289,1109,-0.27938181084366376,0.014581997829341503,-0.3475402891635895,-0.114007793366909,0.7552429537790816,0.8780358404203195,-0.29396380867300526,-0.23353249579668048,,-0.14543201407753598,-4.259884030669996,-11.049650407646485,-11.049650407646485,4.7986752711437524e-27,20402673.0,-10.688142293675435,1.156658819955037e-26,-0.3876068386508576,-0.18755721321724594,GCST90200221,cancerType_celltype,HNSC_Epi_HNSC,tissue,Tumor,Adjacent,group2_higher,1.0251715351988925e-26,2.116142243756665e-26
45289,1109,0.021770632429949213,-0.09955006351566817,0.0028077443130314,-0.2794523537158966,0.6147059165283105,0.8817703689310656,0.12132069594561738,0.282260098028928,,0.07640048812606512,-2.192987144119479,4.55487303194712,4.55487303194712,5.808143449495573e-06,29821365.0,10.684822443380902,1.1987969131900074e-26,0.1949174746096539,0.1874989559586473,GCST90199678,cancerType_celltype,HNSC_Epi_HNSC,tissue,Tumor,Adjacent,group1_higher,7.612018770829294e-06,2.1902951644476943e-26
45289,1109,-0.21330379355721202,0.0232329181070264,-0.2478907853364944,-0.0291498526930809,0.5893159807396786,0.7315637167843954,-0.23653671166423842,-0.2187409326434135,,-0.15728830216093295,-3.198612015363877,-10.682890394370942,-10.682890394370942,1.8553658266796186e-25,20429155.0,-10.628049145691964,2.2068299869016878e-26,-0.3988069396098435,-0.18650268914191614,GCST90200170,cancerType_celltype,HNSC_Epi_HNSC,tissue,Tumor,Adjacent,group2_higher,3.8316115481277576e-25,4.0266523054176716e-26
45289,1109,-0.18584926584058148,0.1067230093021641,-0.2376642078161239,0.0160533804446458,0.8131911530509074,0.891448018613692,-0.2925722751427456,-0.25371758826076973,,-0.135950841368212,-0.8002559814394881,-10.819885610738247,-10.819885610738247,4.7028112205254254e-26,20432874.0,-10.619609963706068,2.4157127673020404e-26,-0.35891938226307674,-0.18635459704025648,GCST90200246,cancerType_celltype,HNSC_Epi_HNSC,tissue,Tumor,Adjacent,group2_higher,9.801118797517057e-26,4.4018937190276483e-26
45289,1109,0.4936131245479591,0.1690098291129511,0.4712679386138916,0.0904036611318588,1.0808586154280868,0.9855585112645803,0.324603295435008,0.3808642774820328,,0.11452439990942054,1.5462679891837836,10.810188756112655,10.810188756112655,4.9416455530842374e-26,29785756.5,10.6040193748827,2.854460833024742e-26,0.3009261663763744,0.18608101091913443,GCST90199625,cancerType_celltype,HNSC_Epi_HNSC,tissue,Tumor,Adjacent,group1_higher,1.0283149448631781e-25,5.194432730858108e-26
45289,1109,-0.1334863078246196,0.24104241987346436,-0.2255442589521408,0.2391317635774612,1.373098033886376,1.2319295374920316,-0.374528727698084,-0.464676022529602,,-0.10696263429985935,0.852590472040288,-9.973733015861292,-9.973733015861292,1.5149691818531716e-22,20440348.5,-10.60264877366746,2.896615464597064e-26,-0.2733993266974008,-0.18605695939200284,GCST90200559,cancerType_celltype,HNSC_Epi_HNSC,tissue,Tumor,Adjacent,group2_higher,2.928940418249465e-22,5.264115837661064e-26
45289,1109,-0.03635056382049561,0.2815636083337993,-0.0685529112815857,0.2170395702123642,0.9077792622829408,0.9678544342046264,-0.3179141721542949,-0.2855924814939499,,-0.12256565225796728,2.9533766693650096,-10.822748726870339,-10.822748726870339,4.543691730843963e-26,20456797.5,-10.565322582625237,4.314878421538303e-26,-0.3496404778575517,-0.18540195348175825,GCST90200791,cancerType_celltype,HNSC_Epi_HNSC,tissue,Tumor,Adjacent,group2_higher,9.498545750215217e-26,7.8311308769064e-26
45289,1109,0.022473832760681597,0.44158199351380445,-0.0630338862538337,0.3322484493255615,1.2683454812955015,1.231026308613701,-0.41910816075312285,-0.39528233557939524,,-0.13499424816055192,4.296302325787984,-11.19314339153226,-11.19314339153226,1.0724416884467054e-27,20458388.5,-10.561712273795024,4.4841215309529243e-26,-0.33066592054219796,-0.18533859921078732,GCST90199748,cancerType_celltype,HNSC_Epi_HNSC,tissue,Tumor,Adjacent,group2_higher,2.3387808341645752e-27,8.127470274852176e-26
45289,1109,-0.06516676895027143,-0.3348762187595031,-0.1124480888247489,-0.3776140511035919,0.8314947060357604,0.8039628652556247,0.2697094498092316,0.26516596227884304,,0.1270741132200584,-2.36140172524879,11.0283722209691,11.0283722209691,5.68326332200153e-27,29765215.5,10.557407587527951,4.6945339823000064e-26,0.3246195467857444,0.1852630598946141,GCST90199881,cancerType_celltype,HNSC_Epi_HNSC,tissue,Tumor,Adjacent,group1_higher,1.2084692524006372e-26,8.497542918824579e-26
45289,1109,0.19456629434639344,-0.05355784255107743,0.1721980720758438,-0.1080411002039909,0.8499837530576801,0.7930363354577702,0.24812413689747087,0.2802391722798347,,0.11104322717645825,1.8610725333509421,10.27584695484326,10.27584695484326,8.932081553606222e-24,29763780.5,10.554151275038098,4.860177425402987e-26,0.2923688014020344,0.18520591760747185,GCST90200660,cancerType_celltype,HNSC_Epi_HNSC,tissue,Tumor,Adjacent,group1_higher,1.7669705598788506e-23,8.785705345920784e-26
45289,1109,-0.0426886213809829,-0.1925191250418202,-0.0563827641308307,-0.3202058970928192,0.5656171002706175,0.7753374307809409,0.1498305036608373,0.2638231329619885,,0.1026084604236786,-2.173051993114571,6.393869021686186,6.393869021686186,2.3565088018968937e-10,29754659.0,10.533452700559916,6.057189237693102e-26,0.26215997405275404,0.18484269574533463,GCST90200241,cancerType_celltype,HNSC_Epi_HNSC,tissue,Tumor,Adjacent,group1_higher,3.4499693845171493e-10,1.0935031696656555e-25
45289,1109,0.4724611102188784,0.18892172737676075,0.4728835821151733,0.0766838267445564,0.9898955500834059,1.0637707233993132,0.28353938284211766,0.3961997553706169,,0.10551376590678996,1.3224023667897418,8.783646256190003,8.783646256190003,5.6095570758020904e-18,29750479.5,10.523968548607764,6.699192365577739e-26,0.28590555615691177,0.18467626634525747,GCST90200417,cancerType_celltype,HNSC_Epi_HNSC,tissue,Tumor,Adjacent,group1_higher,9.653821078684659e-18,1.2078041262278384e-25
45289,1109,0.053649435269079046,0.4133875520656984,-0.0475368127226829,0.3684932589530945,1.2222009163975478,1.1075689251335041,-0.3597381167966193,-0.4160300716757774,,-0.12274918779881025,2.9458366560743974,-10.658624699885067,-10.658624699885067,2.197968162730355e-25,20483608.5,-10.504482865436778,8.237401885648403e-26,-0.29496669407365106,-0.1843343284918153,GCST90199832,cancerType_celltype,HNSC_Epi_HNSC,tissue,Tumor,Adjacent,group2_higher,4.525423875833042e-25,1.4831676050381469e-25
45289,1109,-0.16821570068071612,-0.2934903524248603,-0.2266058176755905,-0.414482444524765,0.5882159894081548,0.7356177911142922,0.1252746517441442,0.18787662684917453,,0.09920557670433011,-0.8029970511238603,5.627340885272729,5.627340885272729,2.3007323518536103e-08,29724848.5,10.465806496045104,1.2401739172502543e-25,0.2115539963709384,0.18365562943812153,GCST90200017,cancerType_celltype,HNSC_Epi_HNSC,tissue,Tumor,Adjacent,group1_higher,3.226232711498427e-08,2.2300224923642434e-25
45289,1109,-0.3124941820694523,-0.09303809271292296,-0.3861549794673919,-0.148906260728836,0.7626854603684403,0.6955469779376967,-0.21945608935652933,-0.2372487187385559,,-0.1094340321814262,-1.747925013730913,-10.355852679221233,-10.355852679221233,4.138903199963111e-24,20519747.0,-10.422477117064274,1.9578866285607658e-25,-0.2883213082507181,-0.18289527863544852,GCST90200836,cancerType_celltype,HNSC_Epi_HNSC,tissue,Tumor,Adjacent,group2_higher,8.247551259575615e-24,3.515941336927963e-25
45289,1109,-0.41316562732567363,-0.10944062041251428,-0.4561548233032226,-0.1725895404815673,0.9784357511456513,0.8524256869510995,-0.30372500691315935,-0.2835652828216553,,-0.1339841969717999,-1.916562231920528,-11.678709060172803,-11.678709060172803,6.719668450995272e-30,20525017.0,-10.410518394540563,2.220120429805567e-25,-0.3113160838271085,-0.1826854250791844,GCST90200642,cancerType_celltype,HNSC_Epi_HNSC,tissue,Tumor,Adjacent,group2_higher,1.5188902319579697e-29,3.9816107181907734e-25
45289,1109,0.2785507980532502,-0.0583253308204516,0.107625737786293,-0.1283437609672546,1.0080751133408805,0.7237083496058894,0.33687612887370183,0.2359694987535476,,0.17069972078841603,2.2557264032407858,15.145829291539693,15.145829291539693,1.335568321301817e-47,29698473.0,10.40595501864015,2.329116073774727e-25,0.33612827283307256,0.18260534623636704,GCST90200634,cancerType_celltype,HNSC_Epi_HNSC,tissue,Tumor,Adjacent,group1_higher,4.0815686590456874e-47,4.171596857496652e-25
45289,1109,0.362144137691863,0.12737487672798325,0.3098236918449402,0.0226140730082988,0.7883310825719069,0.7949381296840795,0.23476926096387973,0.28720961883664137,,0.1398395966066059,1.5074759287267465,9.71865906709826,9.71865906709826,1.613114546508799e-21,29668107.5,10.337049404068287,4.790664381104143e-25,0.2977455718023476,0.1813961796020711,GCST90199795,cancerType_celltype,HNSC_Epi_HNSC,tissue,Tumor,Adjacent,group1_higher,3.0410444355345683e-21,8.569128020268959e-25
45289,1109,-0.25768734862484766,0.08111943652713965,-0.2856495082378387,-0.0225753542035818,1.046786294418757,0.9722124196630779,-0.3388067851519873,-0.2630741540342569,,-0.13294248382623847,-1.6674899862975257,-11.444010260320594,-11.444010260320594,8.020562451029132e-29,20560028.5,-10.331070042806433,5.098918300657161e-25,-0.3241961112098724,-0.181291252823939,GCST90199895,cancerType_celltype,HNSC_Epi_HNSC,tissue,Tumor,Adjacent,group2_higher,1.7921355115988044e-28,9.108552613100538e-25
45289,1109,0.0577219716209417,0.3060091443240077,-0.0037921133916825,0.2568733394145965,0.7887950708589149,0.8236683203462472,-0.24828717270306602,-0.260665452806279,,-0.13107399121122615,2.4063620016117735,-9.92761780988287,-9.92761780988287,2.3925905005896347e-22,20561274.5,-10.32824261049817,5.251446878721763e-25,-0.31442851875794636,-0.18124163659412773,GCST90199763,cancerType_celltype,HNSC_Epi_HNSC,tissue,Tumor,Adjacent,group2_higher,4.599578070950172e-22,9.368746198557281e-25
45289,1109,0.09513176001953078,-0.07846383020239592,0.0616073012351989,-0.1741414964199066,0.6071841146732411,0.6678800298760199,0.1735955902219267,0.23574879765510548,,0.11236559925957629,0.2778960859079966,8.569492566803774,8.569492566803774,3.2903094107714216e-17,29632934.0,10.257233440749935,1.0980893736217548e-24,0.28518876840619156,0.179995556440542,GCST90199984,cancerType_celltype,HNSC_Epi_HNSC,tissue,Tumor,Adjacent,group1_higher,5.5988660760068e-17,1.9564651192764075e-24
45289,1109,0.13783230522663908,0.02478101357373193,0.1373098790645599,-0.1103754490613937,0.5316233916501343,0.8767378224440692,0.11305129165290716,0.24768532812595362,,0.07824579471062175,2.47555921611319,4.274892915535379,4.274892915535379,2.0738557752544325e-05,29632597.0,10.256468717886465,1.1068172863034385e-24,0.20841617028283627,0.17998213696265575,GCST90200886,cancerType_celltype,HNSC_Epi_HNSC,tissue,Tumor,Adjacent,group1_higher,2.654145935842058e-05,1.969441202652202e-24
45289,1109,-0.08045793927244786,0.20570421679636355,-0.1401774436235427,0.1122446507215499,0.746721703188138,0.8727184501842687,-0.2861621560688114,-0.2524220943450926,,-0.16505236408030677,1.3542537583759837,-10.822946063267187,-10.822946063267187,4.621140477991274e-26,20600243.5,-10.239813870834706,1.3149062656405333e-24,-0.3815610200882416,-0.1796898750696384,GCST90200745,cancerType_celltype,HNSC_Epi_HNSC,tissue,Tumor,Adjacent,group2_higher,9.645657689896029e-26,2.3366587223833727e-24
45289,1109,-0.3374530769210846,-0.07446090839139788,-0.4158975481986999,-0.1902848035097122,0.7247850658382253,0.830030604547768,-0.26299216852968677,-0.2256127446889877,,-0.13492877029424136,-2.180116686881322,-10.454361137047188,-10.454361137047188,1.6858720181901322e-24,20609062.0,-10.219802866171454,1.6167121261547919e-24,-0.3615132070522276,-0.17933871879147611,GCST90200756,cancerType_celltype,HNSC_Epi_HNSC,tissue,Tumor,Adjacent,group2_higher,3.394155924362113e-24,2.8692430051419025e-24
45289,1109,0.19028338010141424,-0.011298506030803032,0.1745826303958892,-0.0923785045742988,0.6691557048650798,0.7965911873314734,0.20158188613221728,0.26696113497018803,,0.10897134352294827,4.073825529501091,8.355293495029665,8.355293495029665,1.8665086688935288e-16,29604951.0,10.193734212594153,2.114838485326709e-24,0.29975867811004214,0.17888126193106557,GCST90200764,cancerType_celltype,HNSC_Epi_HNSC,tissue,Tumor,Adjacent,group1_higher,3.1177099457130883e-16,3.748406834200655e-24
45289,1109,-0.12547283667776937,0.13930516684557184,-0.1712031215429306,0.0390380918979644,0.6572760966186567,0.8163897434573938,-0.26477800352334124,-0.210241213440895,,-0.15081842866615053,0.15087255468351332,-10.715947583893271,-10.715947583893271,1.341663986523657e-25,20627042.5,-10.179001384133965,2.4607646673644993e-24,-0.40025567743005036,-0.17862272792460543,GCST90200783,cancerType_celltype,HNSC_Epi_HNSC,tissue,Tumor,Adjacent,group2_higher,2.7749438750102346e-25,4.355873041062095e-24
45289,1109,0.09648103596598487,-0.055980382198914776,0.0353677608072757,-0.1777914762496948,0.58514489808821,0.7434613517508617,0.15246141816489964,0.21315923705697049,,0.11540534651346668,0.7853132433706242,6.777947771527436,6.777947771527436,1.9495048627078e-11,29589522.5,10.15872374761179,3.0302038181529873e-24,0.25866278215664346,0.17826689274836705,GCST90200091,cancerType_celltype,HNSC_Epi_HNSC,tissue,Tumor,Adjacent,group1_higher,2.9426081150284954e-11,5.356897281637512e-24
45289,1109,-0.6559639116453854,-0.21411435793546962,-0.7400955557823181,-0.4459138214588165,1.2140059436125583,1.2814215928934913,-0.44184955370991574,-0.29418173432350164,,-0.12747213412599034,-1.6152303652262483,-11.358665082220641,-11.358665082220641,2.0164720400151703e-28,20647950.5,-10.131556797696446,4.002305329905236e-24,-0.3634648966368876,-0.177790162809924,GCST90200045,cancerType_celltype,HNSC_Epi_HNSC,tissue,Tumor,Adjacent,group2_higher,4.476305196320321e-28,7.066246327280876e-24
45289,1109,-0.24386106586282952,0.011023332474974125,-0.2954059541225433,-0.0738487392663955,0.9109820949314462,0.819644361855583,-0.25488439833780363,-0.22155721485614777,,-0.09531603829289617,-4.467302148000004,-10.202638985850298,-10.202638985850298,1.773331606628535e-23,20660341.0,-10.103440184521867,5.3338189209420736e-24,-0.28042931806786303,-0.1772967680302482,GCST90200036,cancerType_celltype,HNSC_Epi_HNSC,tissue,Tumor,Adjacent,group2_higher,3.477771194006753e-23,9.404909688543398e-24
45289,1109,0.1267668507560816,0.0008867834693633811,0.0997432246804237,-0.0990394428372383,0.6132598708374654,0.727078657426782,0.12588006728671822,0.198782667517662,,0.08767961013740456,7.157765352872947,5.715984761780692,5.715984761780692,1.389649163659861e-08,29560278.0,10.092361914434438,5.971578471411079e-24,0.20427677476329198,0.17710236479273744,GCST90200583,cancerType_celltype,HNSC_Epi_HNSC,tissue,Tumor,Adjacent,group1_higher,1.958729896658108e-08,1.0515841675107623e-23
45289,1109,0.25890437864593296,-0.0007418597328220053,0.2266325056552887,-0.0559497736394405,0.7917877477240778,0.9337865177693275,0.25964623837875495,0.2825822792947292,,0.15946806810087313,8.445119395551297,9.179317154738298,9.179317154738298,1.9646730111995163e-19,29556599.0,10.08401350074094,6.501569924230934e-24,0.326404278650204,0.17695586550744413,GCST90200850,cancerType_celltype,HNSC_Epi_HNSC,tissue,Tumor,Adjacent,group1_higher,3.4732157124058893e-19,1.1434373944163565e-23
45289,1109,-0.12635480905182808,0.20471623353494775,-0.1424831748008728,0.1643651276826858,1.0419306734040104,1.0844732026248243,-0.33107104258677583,-0.3068483024835586,,-0.11582682178555952,0.696140564705312,-10.053434959466378,-10.053434959466378,7.431863505296958e-23,20669142.0,-10.083468890986541,6.5377192944013446e-24,-0.31743198278660817,-0.1769463086092461,GCST90201017,cancerType_celltype,HNSC_Epi_HNSC,tissue,Tumor,Adjacent,group2_higher,1.4429672304444091e-22,1.1483133245192052e-23
45289,1109,0.06467946732941468,-0.21015058134895992,0.0159568134695291,-0.2514909505844116,0.8990177076886461,0.7748853687152244,0.27483004867837457,0.2674477640539407,,0.12600629173640557,-1.700028304800357,11.621189008875108,11.621189008875108,1.2253663531126386e-29,29549060.0,10.066905946830838,7.737480783468754e-24,0.30664315099445927,0.1766556594427997,GCST90200061,cancerType_celltype,HNSC_Epi_HNSC,tissue,Tumor,Adjacent,group1_higher,2.7606187426322754e-29,1.3572955351181355e-23
45289,1109,0.012045400618928547,-0.3336597225245497,-0.041038230061531,-0.5310313701629639,1.298236662424332,1.2871499273458478,0.34570512314347823,0.48999314010143286,,0.10552906599853304,-4.791707818390261,8.834854671709587,8.834854671709587,3.623724795358571e-18,29534427.5,10.033701770867234,1.0837686825357441e-23,0.2663423069700641,0.17607298730579113,GCST90200914,cancerType_celltype,HNSC_Epi_HNSC,tissue,Tumor,Adjacent,group1_higher,6.25999606599966e-18,1.8986847227457832e-23
45289,1109,0.025189911789372566,-0.15445798245276265,-0.0140942875295877,-0.2807809710502624,0.7082599139090022,1.103423042195949,0.17964789424213523,0.2666866835206747,,0.1204109179922298,-2.6162485255895365,5.3946847983085275,5.3946847983085275,8.356451100322818e-08,29526559.0,10.015846513148485,1.2984700743871431e-23,0.24943182070418413,0.17575966041632918,GCST90199816,cancerType_celltype,HNSC_Epi_HNSC,tissue,Tumor,Adjacent,group1_higher,1.156329223323858e-07,2.271905919627312e-23
45289,1109,-0.3023128874393328,0.014903753147081776,-0.3982157409191131,-0.1443504840135574,0.9079242853251142,1.025020262724918,-0.3172166405864146,-0.2538652569055557,,-0.13701474081881612,-4.342202867104919,-10.208384374509553,-10.208384374509553,1.7579690232623944e-23,20711551.5,-9.987232943573016,1.733552566357534e-23,-0.3482467638639998,-0.1752575449670477,GCST90199834,cancerType_celltype,HNSC_Epi_HNSC,tissue,Tumor,Adjacent,group2_higher,3.452610632142138e-23,3.0292719845452806e-23
45289,1109,-0.13013273342569057,-0.385558958917179,-0.2354290336370468,-0.5311784744262695,0.9433294292224437,0.879165589391083,0.2554262254914884,0.2957494407892227,,0.1304005569878643,-1.5669602452085358,9.54165017536355,9.54165017536355,7.848223746652067e-21,29513539.5,9.986302568575915,1.7498947222124864e-23,0.2711968486926299,0.17524121859929287,GCST90199660,cancerType_celltype,HNSC_Epi_HNSC,tissue,Tumor,Adjacent,group1_higher,1.4494754697407544e-20,3.053913580506555e-23
45289,1109,-0.2726497223574879,0.017122330526229055,-0.3068524003028869,-0.0456698164343833,0.9062229228627763,0.8734924332858213,-0.289772052883717,-0.2611825838685036,,-0.1012192563400162,-3.993018736151927,-10.904706173045573,-10.904706173045573,1.9612480991924206e-26,20714602.5,-9.9803095920702,1.8588800010170104e-23,-0.3200291923101858,-0.17513605289870582,GCST90199749,cancerType_celltype,HNSC_Epi_HNSC,tissue,Tumor,Adjacent,group2_higher,4.125279566665539e-26,3.239966037578242e-23
45289,1109,0.0191800606481031,0.3627245231902956,-0.0036871694028377,0.26811483502388,1.0347285770937635,1.0366762363608435,-0.34354446254219245,-0.2718020044267177,,-0.13191800020273692,4.2411238602966534,-10.90364749540911,-10.90364749540911,2.0027142925956096e-26,20722113.0,-9.963266710568432,2.2069213419204927e-23,-0.3319991481451801,-0.17483698171572248,GCST90200972,cancerType_celltype,HNSC_Epi_HNSC,tissue,Tumor,Adjacent,group2_higher,4.206008599087544e-26,3.8416778914912284e-23
45289,1109,-0.005705130736854056,-0.14953927397005226,-0.0460225827991962,-0.2875092327594757,0.6683923902547221,0.8888446466565572,0.1438341432331982,0.24148664996027952,,0.09179575665178322,-4.711877469249994,5.351995391828843,5.351995391828843,1.0512774542665559e-07,29492843.5,9.939339054088116,2.806864475664164e-23,0.21324639350999572,0.17441709541135286,GCST90199681,cancerType_celltype,HNSC_Epi_HNSC,tissue,Tumor,Adjacent,group1_higher,1.4517641035109583e-07,4.879791173890632e-23
45289,1109,0.046212205500490496,-0.22501714953980706,0.008510373532772,-0.2776473760604858,0.9071776758964748,0.8951316944208669,0.27122935504029755,0.2861577495932578,,0.12521198109666667,-2.283664303019694,9.966018258949068,9.966018258949068,1.6599376124309196e-22,29492666.0,9.93893626979059,2.818235801345949e-23,0.2990757389297038,0.17441002728872723,GCST90200416,cancerType_celltype,HNSC_Epi_HNSC,tissue,Tumor,Adjacent,group1_higher,3.20013432212637e-22,4.893318977368826e-23
45289,1109,0.8794825294122907,0.4056602010931807,0.8161096572875977,0.1812151372432708,1.8477780432598052,1.579051877255432,0.47382232831911,0.6348945200443269,,0.1148593824492508,1.1163812352181426,9.829312843299036,9.829312843299036,5.683677351269942e-22,29492324.0,9.93816020089057,2.840274391816725e-23,0.2572580172243982,0.17439640870879525,GCST90199651,cancerType_celltype,HNSC_Epi_HNSC,tissue,Tumor,Adjacent,group1_higher,1.0834758363329973e-21,4.9253104275396903e-23
45289,1109,-0.2858318874479111,0.10774502617466199,-0.3446740806102752,-0.0843570828437805,0.9377829027289717,1.1631645001679394,-0.3935769136225731,-0.2603169977664947,,-0.1525157806863782,-1.4075372583632162,-11.179570946568237,-11.179570946568237,1.306344276514426e-27,20736295.0,-9.931084812497984,3.049234005181322e-23,-0.41701620312046933,-0.1742722486730396,GCST90200973,cancerType_celltype,HNSC_Epi_HNSC,tissue,Tumor,Adjacent,group2_higher,2.8352663198872017e-27,5.280947838706661e-23
45289,1109,-0.011165075074203515,-0.11595993089509374,-0.0305916331708431,-0.2145682722330093,0.46369360412653055,0.8162029274838979,0.10479485582089022,0.18397663906216621,,0.07683536901571347,-3.3764447538061484,4.258907135814533,4.258907135814533,2.225689253924503e-05,29486225.5,9.924321440110523,3.2631834921689266e-23,0.2205418587313896,0.17415356394354342,GCST90200729,cancerType_celltype,HNSC_Epi_HNSC,tissue,Tumor,Adjacent,group1_higher,2.84312507319503e-05,5.644313578459703e-23
45289,1109,-0.035948842351607765,-0.14498227454588192,-0.0409732572734355,-0.2735261917114258,0.4174519551860812,0.6911608629414627,0.10903343219427415,0.23255293443799027,,0.09353583409745057,-2.0118291294738824,5.230162365255789,5.230162365255789,2.0175803119598413e-07,29460707.5,9.866415807973896,5.8208059127356e-23,0.2559211965204691,0.1731374267426422,GCST90200088,cancerType_celltype,HNSC_Epi_HNSC,tissue,Tumor,Adjacent,group1_higher,2.761005989157895e-07,1.0055460657868977e-22
45289,1109,-0.2731745309075696,-0.08047377985521707,-0.3530853986740112,-0.0944925546646118,0.8570478856277324,0.6516592172883153,-0.19270075105235251,-0.25859284400939936,,-0.10611004233315914,-1.7632196329853016,-9.645411166248495,-9.645411166248495,2.949225577434454e-21,20774030.0,-9.845456274655062,7.171389466680058e-23,-0.22598369171836294,-0.17276962553345165,GCST90200126,cancerType_celltype,HNSC_Epi_HNSC,tissue,Tumor,Adjacent,group2_higher,5.521695689619726e-21,1.2372916257069518e-22
45289,1109,0.3192647624252834,0.10797420638956455,0.2951282858848572,-0.0359869711101055,0.8187978928350783,0.843391002923156,0.21129055603571884,0.3311152569949627,,0.09326404474155317,1.5640577745895559,8.248255677900033,8.248255677900033,4.319860505866822e-16,29446456.0,9.834076199995403,8.030208422907899e-23,0.257862034831321,0.17256992618152278,GCST90199690,cancerType_celltype,HNSC_Epi_HNSC,tissue,Tumor,Adjacent,group1_higher,7.154276876666437e-16,1.3837135373480995e-22
45289,1109,-0.20485677863465748,0.07278190568598396,-0.3211776912212372,0.0113714095205068,1.1026598721585494,0.956178499864483,-0.2776386843206414,-0.332549100741744,,-0.09870884812045344,-1.492951120648943,-9.515863160169086,-9.515863160169086,9.748353978023572e-21,20784138.5,-9.822517992561908,9.006628472183412e-23,-0.2525390317353891,-0.1723671009274751,GCST90200491,cancerType_celltype,HNSC_Epi_HNSC,tissue,Tumor,Adjacent,group2_higher,1.7907016808687505e-20,1.5500043696446958e-22
45289,1109,0.16461540499835695,-0.09425044558838185,0.1432410031557083,-0.1873996406793594,0.966151164445439,0.8861683238785564,0.2588658505867388,0.33064064383506775,,0.10906059160347763,0.8045214649139145,9.589457972011452,9.589457972011452,5.096834672994062e-21,29412227.0,9.756403502981348,1.7319022831679686e-22,0.26844437815269884,0.17120691339644378,GCST90200194,cancerType_celltype,HNSC_Epi_HNSC,tissue,Tumor,Adjacent,group1_higher,9.451681169103274e-21,2.976775298812032e-22
45289,1109,0.7662815488591799,0.4520448881920618,0.6577504277229309,0.0828877761960029,1.5525212026300823,1.6423034172085875,0.3142366606671181,0.574862651526928,,0.07025084551793608,0.7614072191905581,6.303309583301308,6.303309583301308,4.1353077804652394e-10,29408095.0,9.74702713837642,1.8995144355345474e-22,0.2021170996120533,0.1710423754658017,GCST90200553,cancerType_celltype,HNSC_Epi_HNSC,tissue,Tumor,Adjacent,group1_higher,6.047665777654636e-10,3.260753369815602e-22
45289,1109,0.3099036325339913,0.07169864531623231,0.3229972720146179,-0.0428664050996303,0.9250605013677433,0.9698957693579175,0.23820498721775896,0.3658636771142482,,0.10650387118696893,2.1117864335266865,8.089237107594629,8.089237107594629,1.504101606820013e-15,29404769.0,9.739479754863353,2.0460138987543868e-22,0.2571973313208802,0.17090993278494127,GCST90199925,cancerType_celltype,HNSC_Epi_HNSC,tissue,Tumor,Adjacent,group1_higher,2.4789485974554748e-15,3.5078200553487163e-22
45289,1109,0.11943301255050386,0.5714095867634373,0.0362220555543899,0.5001411437988281,1.434062717235941,1.4388667525370047,-0.45197657421293347,-0.4639190882444382,,-0.12072665581829808,2.258314018529112,-10.335761034233828,-10.335761034233828,5.128076153925607e-24,20837502.0,-9.701425148274623,2.973196162915898e-22,-0.3151468578307665,-0.17024214452335673,GCST90200483,cancerType_celltype,HNSC_Epi_HNSC,tissue,Tumor,Adjacent,group2_higher,1.0174043373800002e-23,5.091038153334634e-22
45289,1109,-0.034699347797749455,-0.1863783332987414,-0.0301097724586725,-0.3010422587394714,0.6395244590826504,0.7487934017447484,0.15167898550099196,0.27093248628079886,,0.08231525921841716,-2.425219867436147,6.686282740052588,6.686282740052588,3.5657505653906964e-11,29385107.0,9.694862600734098,3.1706767408054514e-22,0.23613113661043583,0.17012698390007097,GCST90199642,cancerType_celltype,HNSC_Epi_HNSC,tissue,Tumor,Adjacent,group1_higher,5.329076777003859e-11,5.422374401151607e-22
45289,1109,-0.19391045147887545,-0.0015009165680041408,-0.2337760329246521,-0.0238979961723089,0.719119683603449,0.6516412892923567,-0.19240953491087132,-0.2098780367523432,,-0.09508595312213852,-7.012449521515449,-9.689533556081633,-9.689533556081633,2.060444081345672e-21,20846031.5,-9.682069944523962,3.5936913668403155e-22,-0.26813589164245477,-0.16990249634344112,GCST90200237,cancerType_celltype,HNSC_Epi_HNSC,tissue,Tumor,Adjacent,group2_higher,3.8682992877054425e-21,6.138096908525501e-22
45289,1109,-0.29214624080196533,-0.06555730043176156,-0.3165324926376343,-0.0622764714062213,0.8221871206596807,0.7434184595821144,-0.22658894037020377,-0.254256021231413,,-0.1065481953762859,-2.1558453049062463,-10.001446769026183,-10.001446769026183,1.172930478868851e-22,20853855.5,-9.664315666530506,4.274719859216068e-22,-0.2761952101404561,-0.16959094146218667,GCST90200179,cancerType_celltype,HNSC_Epi_HNSC,tissue,Tumor,Adjacent,group2_higher,2.2741169881909584e-22,7.2921691716038795e-22
45289,1109,0.2635932760088312,0.09836574794161507,0.2263163477182388,-0.0584089085459709,0.7030577771939377,0.9175090356738856,0.16522752806721613,0.2847252562642097,,0.10927418056207779,1.4220764302687805,5.954398630229415,5.954398630229415,3.471758523798901e-09,29359956.0,9.637789767680239,5.536783910731759e-22,0.23306420278564557,0.16912546078933088,GCST90199639,cancerType_celltype,HNSC_Epi_HNSC,tissue,Tumor,Adjacent,group1_higher,4.986308606889254e-09,9.433295587909235e-22
45289,1109,0.03433787198977391,-0.13777666324682405,0.021551676094532,-0.2636516988277435,0.7411374470922716,0.7729206026047885,0.17211453523659798,0.2852033749222755,,0.09865255491916082,-2.0044274611717454,7.333539798784,7.333539798784,4.2004076650871186e-13,29349186.0,9.61335040495152,7.022670248768297e-22,0.23198769639134176,0.16869659498269618,GCST90199951,cancerType_celltype,HNSC_Epi_HNSC,tissue,Tumor,Adjacent,group1_higher,6.558024796693863e-13,1.194993701507015e-21
45289,1109,0.03319715891224326,0.28476213582756116,-0.0132268583402037,0.249379351735115,0.7031981713250907,0.8589864538206351,-0.2515649769153179,-0.2626062100753187,,-0.10995483316574768,3.100587252885789,-9.673754596513884,-9.673754596513884,2.4878939515798123e-21,20884383.5,-9.595041305770769,8.388441822398233e-22,-0.3556600345163712,-0.16837530401140255,GCST90200161,cancerType_celltype,HNSC_Epi_HNSC,tissue,Tumor,Adjacent,group2_higher,4.664373392026525e-21,1.4256167336569565e-21
45289,1109,0.08567129446407334,0.4077216621868441,0.0528332218527793,0.3588152527809143,1.0071313227632042,1.1195248296455944,-0.32205036772277074,-0.30598203092813503,,-0.11298681527013259,2.2506875152617454,-9.486252139888595,-9.486252139888595,1.3212753145684154e-20,20884942.0,-9.593773953488133,8.492162209946866e-22,-0.3188739911904811,-0.16835306431288755,GCST90199902,cancerType_celltype,HNSC_Epi_HNSC,tissue,Tumor,Adjacent,group2_higher,2.4173130922909397e-20,1.4414467113521267e-21
45289,1109,0.40731822318077887,0.1509179322038813,0.3853928744792938,0.1094648018479347,0.9419178056688209,0.9023788380081829,0.25640029097689754,0.2759280726313591,,0.10964380075279437,1.4323861052528548,9.338514947489204,9.338514947489204,4.7765037614569506e-20,29340314.5,9.593219132300836,8.537967307712992e-22,0.2724784470753651,0.16834332822284837,GCST90200346,cancerType_celltype,HNSC_Epi_HNSC,tissue,Tumor,Adjacent,group1_higher,8.600230682781802e-20,1.447419084628459e-21
45289,1109,-0.37906208783176243,-0.06443493805760207,-0.4030690193176269,-0.1464697420597076,1.1190566761409877,0.9305858144993268,-0.31462714977416034,-0.2565992772579193,,-0.10667948810093397,-2.556500520745206,-11.064945820315884,-11.064945820315884,3.7365116827153335e-27,20892174.5,-9.577361911618544,9.955639181746417e-22,-0.2821952566954895,-0.16806506320365022,GCST90200336,cancerType_celltype,HNSC_Epi_HNSC,tissue,Tumor,Adjacent,group2_higher,8.020260509513385e-27,1.6856566713938344e-21
45289,1109,-0.11849572754099427,0.1597668481672626,-0.1449887007474899,0.117519587278366,0.7193737087289539,0.9415102068289852,-0.27826257570825685,-0.2625082880258559,,-0.1273242450264328,0.4311298906041957,-9.772671541412304,-9.772671541412304,1.0216901800482585e-21,20894376.0,-9.572366251725574,1.0448755097774495e-21,-0.3835608208951714,-0.1679773985728883,GCST90200081,cancerType_celltype,HNSC_Epi_HNSC,tissue,Tumor,Adjacent,group2_higher,1.9368062801192993e-21,1.766954491100079e-21
45289,1109,-0.01565956455678566,0.3880472520016855,-0.0835408940911293,0.1382481902837753,0.8602226664232125,1.2183484214290718,-0.4037068165584712,-0.2217890843749046,,-0.1728883751216806,4.631027928778302,-10.967954255310929,-10.967954255310929,1.126009100315726e-26,20895212.0,-9.570469194414413,1.0642276948007737e-21,-0.46376740320979104,-0.16794410871083199,GCST90199792,cancerType_celltype,HNSC_Epi_HNSC,tissue,Tumor,Adjacent,group2_higher,2.379457990279588e-26,1.797450245369832e-21
45289,1109,-0.42535590574421833,-0.17431169430373827,-0.5350344777107239,-0.1783458292484283,0.9888358289413561,0.8949743037226519,-0.25104421144048006,-0.3566886484622956,,-0.08378497396946163,-1.2869962392918186,-9.204695272294819,-9.204695272294819,1.52346225312979e-19,20903152.0,-9.552451688372999,1.2666406923450344e-21,-0.254428527610663,-0.16762793466211512,GCST90200673,cancerType_celltype,HNSC_Epi_HNSC,tissue,Tumor,Adjacent,group2_higher,2.7037487643436243e-19,2.1343819170754256e-21
45289,1109,0.12608325617825158,0.004217455772390359,0.1442248225212097,-0.1008371859788894,0.511893726757534,0.6970114482308999,0.12186580040586123,0.24506200850009907,,0.10084947999778136,4.901529355119675,5.784402726782088,5.784402726782088,9.39690952922378e-09,29322341.5,9.552434669318174,1.2668488414629636e-21,0.23567727921805418,0.1676276360090465,GCST90199741,cancerType_celltype,HNSC_Epi_HNSC,tissue,Tumor,Adjacent,group1_higher,1.3300091057457958e-08,2.1343819170754256e-21
45289,1109,0.22908632735718287,0.04456726769162796,0.2111344337463379,-0.0948798507452011,0.8109314037407233,0.8984863052555337,0.18451905966555493,0.306014284491539,,0.07896231705845513,2.361808862363114,6.771839829102409,6.771839829102409,2.021675549678435e-11,29321294.0,9.550057674660946,1.2962552579891367e-21,0.2269238063769179,0.16758592413045315,GCST90200731,cancerType_celltype,HNSC_Epi_HNSC,tissue,Tumor,Adjacent,group1_higher,3.0447997505101727e-11,2.1812295267150534e-21
45289,1109,0.008527046077052014,0.25315595422004333,-0.0627045184373855,0.1971696615219116,0.8612869217193587,0.8250372593775083,-0.24462890814299132,-0.25987417995929707,,-0.11853334169354832,4.891673072388398,-9.74498370029756,-9.74498370029756,1.2583516386442962e-21,20907751.0,-9.5420156039543,1.4008431857907369e-21,-0.2843070798996044,-0.16744480060039624,GCST90199717,cancerType_celltype,HNSC_Epi_HNSC,tissue,Tumor,Adjacent,group2_higher,2.3821295603780217e-21,2.35431474997876e-21
45289,1109,0.17951545203561348,-0.13851839903574853,0.1398603916168213,-0.2196076661348343,1.2320640452856475,0.8913813158818443,0.318033851071362,0.3594680577516556,,0.0960106296941259,0.3740280343550174,11.613081707668458,11.613081707668458,1.2210087755151436e-29,29317517.0,9.54148687865107,1.4080046384433124e-21,0.2596125049185057,0.16743552244506232,GCST90200298,cancerType_celltype,HNSC_Epi_HNSC,tissue,Tumor,Adjacent,group1_higher,2.7553558957402994e-29,2.363436357386989e-21
45289,1109,-0.19437566953948598,0.02459122795951523,-0.2474687397480011,0.0147327007725834,0.8577780281802035,0.7529155934155034,-0.21896689749900122,-0.2622014405205845,,-0.11014324181593649,-2.9825807184015876,-9.534627795635869,-9.534627795635869,8.262876335024932e-21,20911634.0,-9.533204271969563,1.5250358863838219e-21,-0.2559748117277452,-0.1672901779516346,GCST90200509,cancerType_celltype,HNSC_Epi_HNSC,tissue,Tumor,Adjacent,group2_higher,1.5219324925187813e-20,2.5567329804934184e-21
45289,1109,-0.2830112948846708,-0.06903234270584582,-0.3427338004112243,-0.1180378273129463,0.8357720200534774,0.7308283916873407,-0.21397895217882498,-0.224695973098278,,-0.1076572060238679,-2.035499480616199,-9.597903853087937,-9.597903853087937,4.679826840662534e-21,20926079.5,-9.50042443777293,2.0903881035278306e-21,-0.25674808461436593,-0.16671495223113852,GCST90200090,cancerType_celltype,HNSC_Epi_HNSC,tissue,Tumor,Adjacent,group2_higher,8.702051819676718e-21,3.5002444534501634e-21
45289,1109,-0.1240674885522571,-0.25954997180503914,-0.1418578028678894,-0.3420343101024627,0.6039892514123484,0.7512443333582544,0.13548248325278203,0.2001765072345733,,0.09162363850300284,-1.0648811493383565,5.958782780300751,5.958782780300751,3.3799404962737035e-09,29299339.0,9.500237228169855,2.0941496761912934e-21,0.22286169967303446,0.16671166704738294,GCST90199847,cancerType_celltype,HNSC_Epi_HNSC,tissue,Tumor,Adjacent,group1_higher,4.859555797912509e-09,3.502240501409488e-21
45289,1109,-0.10532644286120658,0.16594207990071438,-0.1227674707770347,0.0866158828139305,0.7776307998150325,0.8732576292014287,-0.271268522761921,-0.20938335359096522,,-0.12814670358868177,0.6558070911759795,-10.24581882099834,-10.24581882099834,1.2324955585638343e-23,20931725.0,-9.487613627904315,2.3638620788737986e-21,-0.3477573532554735,-0.16649014611123536,GCST90200938,cancerType_celltype,HNSC_Epi_HNSC,tissue,Tumor,Adjacent,group2_higher,2.4346252845253713e-23,3.948460800863955e-21
45289,1109,0.2908717871279582,0.083475735817007,0.2648499310016632,-0.0839753001928329,0.908229351682319,1.0080499367373108,0.20739605131095118,0.3488252311944961,,0.09679749639786954,1.8009422369415033,6.784380000332874,6.784380000332874,1.8599355815592958e-11,29285814.0,9.46954619930208,2.8106511628661686e-21,0.22772238453749502,0.16617309601351704,GCST90200565,cancerType_celltype,HNSC_Epi_HNSC,tissue,Tumor,Adjacent,group1_higher,2.8105235007376056e-11,4.689005550779177e-21
45289,1109,-0.6922914573916219,-0.10918541170670958,-0.825225293636322,-0.5028318166732788,2.1377181507790186,1.7149658247568453,-0.5831060456849123,-0.3223934769630432,,-0.10678952075254818,-2.6645883064616744,-11.113457308794322,-11.113457308794322,2.2530137870351783e-27,20941376.0,-9.465713508155487,2.9156679562409562e-21,-0.27393862138164055,-0.16610583934244882,GCST90200341,cancerType_celltype,HNSC_Epi_HNSC,tissue,Tumor,Adjacent,group2_higher,4.843624277174997e-27,4.8582584649834025e-21
45289,1109,-0.45862251752701544,-0.2321196452815697,-0.4953289926052093,-0.2602323591709137,0.9071659179537941,0.8268051885870923,-0.22650287224544574,-0.2350966334342956,,-0.08513244963948677,-0.9824354914404829,-8.991406772147018,-8.991406772147018,9.54685746205828e-19,20941807.0,-9.464735479804876,2.9430820126169696e-21,-0.25018820512532947,-0.1660886767461015,GCST90199786,cancerType_celltype,HNSC_Epi_HNSC,tissue,Tumor,Adjacent,group2_higher,1.6725407096125237e-18,4.8979496742331255e-21
45289,1109,-0.3518144839409804,-0.055792062406237526,-0.4079650938510895,-0.2622239291667938,0.7534946028936615,0.8948834305956997,-0.2960224215347429,-0.14574116468429565,,-0.13583916563421983,-2.6566613331721043,-10.921604451687433,-10.921604451687433,1.738679067575604e-26,20943520.5,-9.460847193079188,3.054615045518507e-21,-0.3909543729940628,-0.16602044447500885,GCST90200661,cancerType_celltype,HNSC_Epi_HNSC,tissue,Tumor,Adjacent,group2_higher,3.662781405109039e-26,5.077366228099665e-21
45289,1109,-0.14496524678628953,0.14299060272706238,-0.2045827358961105,0.0569839365780353,0.9009345259569601,0.9618484654032564,-0.2879558495133519,-0.2615666724741458,,-0.12380170307396615,-0.019786603157378138,-9.864368122232477,-9.864368122232477,4.300969607198855e-22,20947123.5,-9.45267123914125,3.3029559909953246e-21,-0.31908687120436796,-0.1658769715408115,GCST90200653,cancerType_celltype,HNSC_Epi_HNSC,tissue,Tumor,Adjacent,group2_higher,8.221909641812117e-22,5.483470177498937e-21
45289,1109,0.6093370857590693,1.0558746351665844,0.4814067780971527,0.9989953637123108,1.4613851387405987,1.5581948662286076,-0.4465375494075151,-0.5175885856151581,,-0.11472366390065294,0.7931250971211279,-9.44222884866457,-9.44222884866457,1.9426175805839854e-20,20950616.5,-9.444744898007414,3.5627494309410226e-21,-0.30505955563683484,-0.1657378788516216,GCST90199987,cancerType_celltype,HNSC_Epi_HNSC,tissue,Tumor,Adjacent,group2_higher,3.5445619308379814e-20,5.907576002886392e-21
45289,1109,0.08115081179965479,0.3396055779961016,0.0417257137596607,0.2554191946983337,0.7422427851343095,0.8636266202545995,-0.2584547661964468,-0.213693480938673,,-0.14104940546875577,2.06516919345433,-9.877152146991868,-9.877152146991868,3.872425905487636e-22,20986146.0,-9.364121096886702,7.668667523980078e-21,-0.3467459941541213,-0.16432307962443227,GCST90199775,cancerType_celltype,HNSC_Epi_HNSC,tissue,Tumor,Adjacent,group2_higher,7.413084984802878e-22,1.2700357029386204e-20
45289,1109,0.29663983983964415,0.054772078664443266,0.2588517963886261,0.022486388683319,0.8672032246762809,0.7348395375880902,0.24186776117520087,0.2363654077053071,,0.09994694233899548,2.4371783553777933,10.778772223517054,10.778772223517054,6.590814758457614e-26,29233291.0,9.35036062375885,8.735032561357369e-21,0.27984933076027607,0.16408160866329635,GCST90200399,cancerType_celltype,HNSC_Epi_HNSC,tissue,Tumor,Adjacent,group1_higher,1.3694025176490438e-25,1.444884633632293e-20
45289,1109,0.058142661240410974,-0.1723811252820923,0.0272793192416429,-0.2472080290317535,0.8793957890125199,0.8380491993621613,0.23052378652250327,0.27448734827339644,,0.1052107147936067,-1.5679163613399143,9.039295819021762,9.039295819021762,6.385971181314497e-19,29232416.0,9.348375067362598,8.900550573107784e-21,0.2624267255613246,0.16404676580528288,GCST90200643,cancerType_celltype,HNSC_Epi_HNSC,tissue,Tumor,Adjacent,group1_higher,1.1245579741772169e-18,1.470478840138898e-20
45289,1109,-0.10467394323710315,-0.2882965367352061,-0.1471021026372909,-0.3638133108615875,0.7338256260423506,0.7812442961571054,0.18362259349810295,0.21671120822429663,,0.0995689443529293,-1.4616423745086888,7.743968218136714,7.743968218136714,2.095166767791243e-14,29214092.5,9.306795247217778,1.3174894685569803e-20,0.24982879688329532,0.1633171165380709,GCST90200544,cancerType_celltype,HNSC_Epi_HNSC,tissue,Tumor,Adjacent,group1_higher,3.367585264739934e-14,2.1740171254759857e-20
45289,1109,0.012740305257524627,-0.12345067413991553,0.0074174534529447,-0.2500472962856293,0.5944967111191262,0.6913632428820204,0.13619097939744015,0.257464749738574,,0.09662292684460103,-3.2763614168537094,6.501466186489384,6.501466186489384,1.1836769513197126e-10,29212811.0,9.303887258050011,1.3540410751782233e-20,0.22812817752754852,0.16326608668373455,GCST90200456,cancerType_celltype,HNSC_Epi_HNSC,tissue,Tumor,Adjacent,group1_higher,1.7460516067627364e-10,2.2316299703360562e-20
45289,1109,-0.21584666189639873,0.19191674580006055,-0.2924781143665313,-0.0544992499053478,1.077885680802932,1.26489620516258,-0.40776340769645925,-0.23797886446118352,,-0.16371897875403987,-0.16952534788946338,-10.641229368061515,-10.641229368061515,2.7628353592241687e-25,21025961.0,-9.273772607838977,1.7967765252732752e-20,-0.37660732546547593,-0.16273763003379493,GCST90200891,cancerType_celltype,HNSC_Epi_HNSC,tissue,Tumor,Adjacent,group2_higher,5.671302100335153e-25,2.957737202835113e-20
45289,1109,-0.22245681057377567,0.02704800083868817,-0.2595181167125702,-0.1076828837394714,0.6035729481631359,0.7842070284321946,-0.24950481141246383,-0.1518352329730988,,-0.15610775551905726,-3.039884544415823,-10.519297429649317,-10.519297429649317,9.1844555347175e-25,21043650.0,-9.233632599732353,2.6160871973335756e-20,-0.41002444981012426,-0.16203324681619402,GCST90199923,cancerType_celltype,HNSC_Epi_HNSC,tissue,Tumor,Adjacent,group2_higher,1.8656353045931377e-24,4.301238660995975e-20
45289,1109,-0.5434309948313844,-0.24717361319672007,-0.5980390310287476,-0.4262662827968597,0.8554009314663298,0.9319372159194678,-0.2962573816346643,-0.17177274823188787,,-0.1425856203394908,-1.136568932885695,-10.478860901512299,-10.478860901512299,1.3191670471431396e-24,21054219.0,-9.209649347672942,3.2719547365464306e-20,-0.3455668850879772,-0.16161238491180008,GCST90199860,cancerType_celltype,HNSC_Epi_HNSC,tissue,Tumor,Adjacent,group2_higher,2.6676924113591977e-24,5.373101573388897e-20
45289,1109,0.12862374893580625,-0.05095013539802083,0.125864177942276,-0.2016914188861847,0.8171324478250668,0.7792169961528373,0.1795738843338271,0.3275555968284607,,0.09632681897092613,1.3359820601472987,7.57321870522904,7.57321870522904,7.371229392339285e-14,29166263.0,9.198260196184043,3.637958239828445e-20,0.21999930618627286,0.16141252627823466,GCST90200639,cancerType_celltype,HNSC_Epi_HNSC,tissue,Tumor,Adjacent,group1_higher,1.169614163184918e-13,5.966951962558568e-20
45289,1109,-0.6260323761908432,-0.301302095906636,-0.7065275311470032,-0.4957530498504638,0.7146081067577086,1.0842184747676047,-0.3247302802842072,-0.21077448129653936,,-0.19329320365551533,-1.055024077917057,-9.921424796734467,-9.921424796734467,2.649961803404917e-22,21072060.0,-9.169164420055198,4.7670467107193166e-20,-0.4475133727116652,-0.16090194899200705,GCST90200328,cancerType_celltype,HNSC_Epi_HNSC,tissue,Tumor,Adjacent,group2_higher,5.087180194423806e-22,7.809476762873112e-20
45289,1109,-0.24635941119449956,-0.03494275093262159,-0.305717408657074,-0.1303470134735107,0.5350655632917171,0.7247345973787719,-0.21141666026187797,-0.1753703951835633,,-0.16806176662241135,-2.8176640577798633,-9.650433453885228,-9.650433453885228,3.1034301731283935e-21,21080588.5,-9.149811485511847,5.703358451062729e-20,-0.39124308280223274,-0.16056234063250063,GCST90200864,cancerType_celltype,HNSC_Epi_HNSC,tissue,Tumor,Adjacent,group2_higher,5.79448674790959e-21,9.332145940934573e-20
45289,1109,0.3415336337260415,0.09631610940407032,0.2391297668218612,-0.1204244419932365,1.0596787866061341,1.119323819563901,0.2452175243219712,0.3595542088150977,,0.09704720074138362,1.826167883349243,7.216844328513002,7.216844328513002,9.606964284987107e-13,29143340.0,9.146243157016869,5.894853144392963e-20,0.23108826375121858,0.1604997230390992,GCST90200716,cancerType_celltype,HNSC_Epi_HNSC,tissue,Tumor,Adjacent,group1_higher,1.4862987877908545e-12,9.633914671232144e-20
45289,1109,-0.1551702679015565,0.05497552457578796,-0.1960109174251556,-0.0226834416389465,0.5368564246450079,0.7087557783935905,-0.21014579247734444,-0.1733274757862091,,-0.16383600666781495,-1.4969738346918287,-9.805286203347439,-9.805286203347439,7.594543583619477e-22,21092368.5,-9.123080223400025,7.301964719818022e-20,-0.38801071419497424,-0.16009325621261594,GCST90200263,cancerType_celltype,HNSC_Epi_HNSC,tissue,Tumor,Adjacent,group2_higher,1.4457210760437635e-21,1.191925498576283e-19
45289,1109,0.012921723544210676,-0.15315569479490723,-0.0351424515247345,-0.2728613615036011,0.7401630970790725,0.7420682366712704,0.1660774183391179,0.23771890997886658,,0.09905863382687097,-3.567026367364021,7.363865857488698,7.363865857488698,3.374403087342923e-13,29125722.0,9.106264262629256,8.526836126838633e-20,0.22436568119844738,0.1597981670705484,GCST90200460,cancerType_celltype,HNSC_Epi_HNSC,tissue,Tumor,Adjacent,group1_higher,5.304857448729417e-13,1.3902006747465379e-19
45289,1109,0.004859961323944638,-0.07690353096382271,-0.0034513599239289,-0.1756723374128341,0.4014491071578747,0.6171869909518658,0.08176349228776736,0.17222097748890522,,0.08228632920929378,-3.983755039035491,4.389048064799208,4.389048064799208,1.2449365856307493e-05,29123531.5,9.101293564016697,8.926318752249922e-20,0.200433519616205,0.15971094046428735,GCST90200522,cancerType_celltype,HNSC_Epi_HNSC,tissue,Tumor,Adjacent,group1_higher,1.6083872665542288e-05,1.453592886417759e-19
45289,1109,-0.0321748849565049,0.2884201549516984,-0.1172128245234489,0.168858915567398,0.937683347040924,1.1371150631242544,-0.3205950399082033,-0.2860717400908469,,-0.12805297628611256,3.1641252528557255,-9.311769054358825,-9.311769054358825,6.221895623123883e-20,21102050.0,-9.101110892828242,8.941346711501654e-20,-0.33999595491321294,-0.15970773492135004,GCST90200819,cancerType_celltype,HNSC_Epi_HNSC,tissue,Tumor,Adjacent,group2_higher,1.115847859778665e-19,1.4543025737203764e-19
45289,1109,-0.18989525807495874,0.07922999716697242,-0.2507657408714294,0.0690409317612648,1.0762111408509256,0.9696440974603721,-0.26912525524193115,-0.3198066726326942,,-0.0970136149696785,-1.261074612728044,-9.106560777157222,-9.106560777157222,3.5561789677113497e-19,21110453.0,-9.082042743802296,1.0655702071489189e-19,-0.25063130849606485,-0.15937312402319292,GCST90200951,cancerType_celltype,HNSC_Epi_HNSC,tissue,Tumor,Adjacent,group2_higher,6.27046821861652e-19,1.7310753186459792e-19
45289,1109,-0.22788191679724668,0.053590477169621516,-0.2828652858734131,0.0093392981216311,1.0956471586392758,0.9563390109694879,-0.2814723939668682,-0.2922045839950442,,-0.09378914018135262,-2.0882172898169618,-9.64762108333539,-9.64762108333539,2.9879485239998175e-21,21119846.0,-9.060728079539448,1.2958402354342984e-19,-0.25763418594767024,-0.1589990909199691,GCST90200476,cancerType_celltype,HNSC_Epi_HNSC,tissue,Tumor,Adjacent,group2_higher,5.586521040070989e-21,2.1026550486868437e-19
45289,1109,-0.31350128737523375,-0.0488116482582389,-0.3551109731197357,-0.1940530687570572,0.7391931000922081,0.8621417118041818,-0.26468963911699483,-0.16105790436267853,,-0.12162766238687266,-2.6831490389973442,-10.133277807075034,-10.133277807075034,3.584633782904881e-23,21132467.5,-9.03208727947626,1.6842975557476853e-19,-0.35654839537751565,-0.15849649762577778,GCST90200419,cancerType_celltype,HNSC_Epi_HNSC,tissue,Tumor,Adjacent,group2_higher,6.999793475787038e-23,2.729723624832456e-19
45289,1109,-0.03439257369149061,-0.16366928978662384,-0.0779839158058166,-0.3544272184371948,0.796870386401917,1.0043644766471023,0.12927671609513325,0.27644330263137823,,0.06754038556992208,-2.250581527542621,4.253760605063536,4.253760605063536,2.2740101816863963e-05,29089216.5,9.023425715173982,1.822994172930894e-19,0.1611022726482999,0.1583445031240207,GCST90200611,cancerType_celltype,HNSC_Epi_HNSC,tissue,Tumor,Adjacent,group1_higher,2.9021309715716837e-05,2.950998880884571e-19
45289,1109,0.10332673663909131,-0.021459330128854547,0.0861833468079567,-0.170599564909935,0.6724592425074654,0.8456175143583402,0.12478606676794586,0.2567829117178917,,0.061519629922487544,2.2674833993877006,4.876644023110164,4.876644023110164,1.2315632308478364e-06,29073179.0,8.987033302939826,2.5399630029222388e-19,0.18429193878193584,0.15770588331214452,GCST90200799,cancerType_celltype,HNSC_Epi_HNSC,tissue,Tumor,Adjacent,group1_higher,1.6505611441942977e-06,4.1067254721032164e-19
45289,1109,0.04111679729373253,-0.053318883932477565,0.0156683083623647,-0.2085591107606887,0.4885328962191722,0.862746427314936,0.0944356812262101,0.22422741912305338,,0.08303571168627047,-0.37491065942918206,3.6309512559318033,3.6309512559318033,0.0002950798072359229,29071090.5,8.982294063472889,2.6518171919481544e-19,0.18859229725473273,0.15762271838761754,GCST90200546,cancerType_celltype,HNSC_Epi_HNSC,tissue,Tumor,Adjacent,group1_higher,0.00036463624411837075,4.282496247186415e-19
45289,1109,-0.23388241855652683,0.02132506920633335,-0.3356847763061523,-0.0303172282874584,0.8022420971547299,0.9910273735677884,-0.2552074877628602,-0.30536754801869387,,-0.14551732877356446,-3.455099604133906,-8.507789930440635,-8.507789930440635,5.484993060397765e-17,21156957.0,-8.976515527057968,2.7948024573637826e-19,-0.31613831372318474,-0.15752131571569594,GCST90200290,cancerType_celltype,HNSC_Epi_HNSC,tissue,Tumor,Adjacent,group2_higher,9.263996953311219e-17,4.508065975605723e-19
45289,1109,0.0007679470074812993,-0.21359896952697544,-0.0428055599331855,-0.299405425786972,0.8727922198125931,0.6574529771822993,0.21436691653445675,0.25659986585378647,,0.0973808643683114,-8.117811548587824,10.631252059439479,10.631252059439479,2.700339489561176e-25,29066460.0,8.971786499023924,2.9174648979950246e-19,0.24688903578742918,0.15743832998301,GCST90199995,cancerType_celltype,HNSC_Epi_HNSC,tissue,Tumor,Adjacent,group1_higher,5.551376658026973e-25,4.700360113436428e-19
45289,1109,-0.045387412896785405,-0.12413467887979249,-0.0381518863141536,-0.2602839171886444,0.4441178986804742,0.6850606966334463,0.07874726598300708,0.2221320308744908,,0.06949897170898303,-1.451521884844762,3.8084553066208593,3.8084553066208593,0.00014735208170847498,29062954.0,8.963830658195057,3.1359365008050917e-19,0.17446142309610868,0.15729871962850117,GCST90200757,cancerType_celltype,HNSC_Epi_HNSC,tissue,Tumor,Adjacent,group1_higher,0.00018392022652806905,5.046377155368761e-19
45289,1109,-0.0710176000336047,0.16960277953700034,-0.1088975518941879,0.0758792012929916,0.6519289377996533,0.8446906720553948,-0.24062037957060506,-0.1847767531871795,,-0.14072234098076503,1.2558994936332342,-9.417941622856132,-9.417941622856132,2.4613298003212976e-20,21163772.0,-8.961050879240306,3.216019234173637e-19,-0.3661342468869134,-0.15724993962728218,GCST90200867,cancerType_celltype,HNSC_Epi_HNSC,tissue,Tumor,Adjacent,group2_higher,4.4790287287555794e-20,5.169144122852202e-19
45289,1109,0.018456848299512642,-0.16399435150857788,-0.0075503904372453,-0.2413452118635177,0.7593804449330315,0.7826254154653048,0.18245119980809052,0.2337948214262724,,0.09369429162129032,-3.151348634316569,7.675545166759767,7.675545166759767,3.4815498723944374e-14,29051167.5,8.93708464623572,3.995763880581968e-19,0.24008510480050288,0.15682937637595695,GCST90200990,cancerType_celltype,HNSC_Epi_HNSC,tissue,Tumor,Adjacent,group1_higher,5.5762073749396213e-14,6.41487181299555e-19
45289,1109,0.4443806444299797,0.7158468065114072,0.4412593841552734,0.6938623785972595,0.9616503698695593,0.9193794491321502,-0.2714661620814275,-0.25260299444198614,,-0.1043139386348559,0.6878536683847131,-9.703886911791434,-9.703886911791434,1.827556649064745e-21,21176668.0,-8.93178718177052,4.191855789106421e-19,-0.2825822227749815,-0.1567364156307769,GCST90199934,cancerType_celltype,HNSC_Epi_HNSC,tissue,Tumor,Adjacent,group2_higher,3.440552089330452e-21,6.721764047708296e-19
45289,1109,-0.2928506344129236,-0.03986588354965477,-0.3603127002716064,-0.1383479088544845,0.7190451541157541,0.8916727384551774,-0.2529847508632688,-0.2219647914171219,,-0.14587878135860474,-2.8769072088344245,-9.373981933698506,-9.373981933698506,3.611735043870042e-20,21181325.0,-8.921219483327842,4.611863384511939e-19,-0.34959647973262037,-0.15655097198532675,GCST90200856,cancerType_celltype,HNSC_Epi_HNSC,tissue,Tumor,Adjacent,group2_higher,6.528905656226615e-20,7.386568499517948e-19
45289,1109,-0.16843965180196832,0.051925494065128246,-0.2038222253322601,-0.0084033524617552,0.6916929533746404,0.784301941124251,-0.22036514586709657,-0.1954188728705049,,-0.11354417261692036,-1.6976976363148149,-9.268907314633024,-9.268907314633024,8.984744501028634e-20,21181610.5,-8.920571624640836,4.6389236244870055e-19,-0.3175067820334116,-0.15653960325851202,GCST90200854,cancerType_celltype,HNSC_Epi_HNSC,tissue,Tumor,Adjacent,group2_higher,1.600811340510069e-19,7.421188849971582e-19
45289,1109,-0.07189834952145804,-0.173957233779984,-0.1093639656901359,-0.3042265772819519,0.5383928575375536,0.7382862483761022,0.10205888425852597,0.194862611591816,,0.08512939298388875,-1.274690342451863,4.573854092277214,4.573854092277214,5.313241251072015e-06,29037494.0,8.90605664008241,5.288045960616455e-19,0.18760019640829712,0.1562848920113311,GCST90200833,cancerType_celltype,HNSC_Epi_HNSC,tissue,Tumor,Adjacent,group1_higher,6.970113402513143e-06,8.449714706119845e-19
45289,1109,0.20288805567976193,-0.06953849119169518,0.1469676494598388,-0.2313537448644638,1.1502132260168614,1.0685030363806298,0.2724265468714571,0.3783213943243026,,0.10226198125427227,1.5447866285079634,8.372662216713293,8.372662216713293,1.5894465423599978e-16,29013449.5,8.85149468491707,8.635576512659594e-19,0.23723723266988445,0.1553274301833245,GCST90200995,cancerType_celltype,HNSC_Epi_HNSC,tissue,Tumor,Adjacent,group1_higher,2.6647178809799225e-16,1.378254190486537e-18
45289,1109,0.02320621275243461,-0.1521744603917634,0.0332130193710327,-0.2031005024909973,0.773411087841609,0.7304424084334936,0.17538067314419803,0.23631352186202997,,0.07655054816667894,-2.71309056383975,7.888248301835854,7.888248301835854,6.993507666570686e-15,29008084.0,8.839319253095255,9.630454805205534e-19,0.2270556283453575,0.15511377377798574,GCST90201005,cancerType_celltype,HNSC_Epi_HNSC,tissue,Tumor,Adjacent,group1_higher,1.1388471863244736e-14,1.5352409239175606e-18
45289,1109,-0.16897757709291364,-0.3300810530124613,-0.2360189706087112,-0.5310068726539612,0.9115579623377844,1.0520038393080926,0.16110347591954768,0.29498790204525,,0.07516675503511541,-0.9659843445956117,5.053558295106438,5.053558295106438,5.041630738185991e-07,28995994.5,8.811885671320987,1.2305934116608917e-18,0.1760379637741972,0.1546323649414667,GCST90200715,cancerType_celltype,HNSC_Epi_HNSC,tissue,Tumor,Adjacent,group1_higher,6.817205055701889e-07,1.959461238427331e-18
45289,1109,-0.15331147082651553,0.17092945787726463,-0.2377755492925644,-0.0007221383275464,1.2695631817902242,1.1071933125844893,-0.3242409287037802,-0.237053410965018,,-0.10030900811834707,0.15693443762855233,-9.599068465367447,-9.599068465367447,4.628490140761072e-21,21237537.0,-8.793662802018016,1.4476305806718319e-18,-0.2561289782806405,-0.15431258714572105,GCST90200354,cancerType_celltype,HNSC_Epi_HNSC,tissue,Tumor,Adjacent,group2_higher,8.61834981128052e-21,2.302357621301875e-18
45289,1109,0.43013036853713854,0.12176557512541543,0.3788385391235351,0.1535289585590362,1.078538935137264,0.8881109822587001,0.3083647934117231,0.2253095805644989,,0.14390984813544216,1.8206591793088014,11.359508547946431,11.359508547946431,1.8341885499873073e-28,28986309.0,8.789907263919963,1.4968498242240549e-18,0.2870152431640151,0.15424668436856415,GCST90199971,cancerType_celltype,HNSC_Epi_HNSC,tissue,Tumor,Adjacent,group1_higher,4.078301784066394e-28,2.377862832654297e-18
45289,1109,-0.02900801820491558,-0.0896603869141661,-0.0743359103798866,-0.2909553945064544,0.5788012283592396,0.8681960424856457,0.06065236870925052,0.2166194841265678,,0.04807502444331521,-1.627985346579017,2.31390336991539,2.31390336991539,0.02085137618937779,28983760.0,8.784123054486768,1.575906935589967e-18,0.10325976352860736,0.15414518214561967,GCST90200242,cancerType_celltype,HNSC_Epi_HNSC,tissue,Tumor,Adjacent,group1_higher,0.023782783051148053,2.500536848904686e-18
45289,1109,-0.12320472183882482,0.17633212097100426,-0.2046231478452682,0.0546953827142715,1.1368159245837055,1.0913072000130626,-0.29953684280982906,-0.2593185305595397,,-0.11351410044516244,0.517234225866296,-9.021407125562215,-9.021407125562215,7.447835157352676e-19,21255622.5,-8.752623053212977,2.08452128768619e-18,-0.26373475302752725,-0.15359241513588884,GCST90199706,cancerType_celltype,HNSC_Epi_HNSC,tissue,Tumor,Adjacent,group2_higher,1.3064863989024065e-18,3.3037238547863685e-18
45289,1109,0.027873830021225034,-0.0919224910429243,0.0223051290959119,-0.2175803333520889,0.5650026079505299,0.9012901730555197,0.11979632106414934,0.2398854624480008,,0.07811713466135266,-1.7214705816606628,4.405193610989004,4.405193610989004,1.1573253469435154e-05,28947254.0,8.701283372427838,3.2815499067581564e-18,0.2082221951558881,0.15269149828888717,GCST90200795,cancerType_celltype,HNSC_Epi_HNSC,tissue,Tumor,Adjacent,group1_higher,1.4966171232296126e-05,5.1948345213837015e-18
45289,1109,-0.21724090906924357,0.015306368355876098,-0.2916500866413116,-0.0710965245962143,0.9653586167604257,0.8942730440595443,-0.23254727742511966,-0.2205535620450973,,-0.0973119918994343,-3.8270042654756384,-8.538810637461927,-8.538810637461927,4.1517432043287815e-17,21298444.0,-8.655452192387731,4.9096613925093505e-18,-0.24130117435097737,-0.15188724548511723,GCST90199873,cancerType_celltype,HNSC_Epi_HNSC,tissue,Tumor,Adjacent,group2_higher,7.047105837484594e-17,7.763188489547848e-18
45289,1109,0.44032517155958417,0.8397849709291231,0.3180685937404632,0.6238085031509399,1.2927807047555382,1.4382151232519635,-0.3994597993695389,-0.30573990941047674,,-0.1188692822944695,0.9314490914494278,-9.159265439487408,-9.159265439487408,2.322213506152917e-19,21302268.0,-8.646774743634284,5.2975922970420805e-18,-0.308119582749284,-0.15173497224049592,GCST90200890,cancerType_celltype,HNSC_Epi_HNSC,tissue,Tumor,Adjacent,group2_higher,4.0999702187648003e-19,8.36688099752996e-18
45289,1109,0.37588190231890695,0.8401306662658133,0.2476605027914047,0.5768166780471802,1.6572895397125669,1.6438627427207329,-0.4642487639469064,-0.32915617525577545,,-0.09189336501260667,1.1603321527994708,-9.289933316861717,-9.289933316861717,7.351083049605283e-20,21309180.0,-8.63108998270755,6.077065387570202e-18,-0.28017931513940897,-0.15145973357239384,GCST90200790,cancerType_celltype,HNSC_Epi_HNSC,tissue,Tumor,Adjacent,group2_higher,1.316626307044941e-19,9.586851994511788e-18
45289,1109,-0.15333669141081885,-0.26794881710765434,-0.2039404511451721,-0.4432725310325622,0.7306556733489588,0.9652876877297955,0.11461212569683549,0.2393320798873901,,0.06346339654735844,-0.8052504668238907,3.9265779128514247,3.9265779128514247,9.133331922729355e-05,28907594.0,8.611286610513163,7.224583097230642e-18,0.1554842759795799,0.15111222086166953,GCST90200590,cancerType_celltype,HNSC_Epi_HNSC,tissue,Tumor,Adjacent,group1_higher,0.00011452374802833589,1.1383938452630481e-17
45289,1109,-0.04683465791872354,0.1329149013505686,-0.1168705150485038,0.1495562046766281,0.8550460119414358,0.7471663987951543,-0.17974955926929215,-0.26642671972513193,,-0.08473124869823528,1.504834474777125,-7.886093891469966,-7.886093891469966,7.058711427716395e-15,21323150.5,-8.599388021983168,8.014308740161819e-18,-0.21081806976969367,-0.150903422546248,GCST90200303,cancerType_celltype,HNSC_Epi_HNSC,tissue,Tumor,Adjacent,group2_higher,1.148093517419743e-14,1.2613744587575703e-17
45289,1109,0.8863164289951312,0.13995151422870394,0.4135006964206695,-0.0057415929622948,2.36332730719038,1.2584645951842235,0.7463649147664273,0.4192422893829643,,0.17535627626615605,2.662886078481583,18.949136525666155,18.949136525666155,6.0677775483153066e-71,28893727.0,8.579819512745367,9.502305715319775e-18,0.31854795837029404,0.15056003124787143,GCST90200488,cancerType_celltype,HNSC_Epi_HNSC,tissue,Tumor,Adjacent,group1_higher,3.018387152683855e-70,1.4938457543230514e-17
45289,1109,-0.03431776828958634,0.26422248576732893,-0.1062300354242324,0.1899571418762207,0.8994248831925582,1.090786546726219,-0.29854025405691526,-0.2961871773004531,,-0.1441739312669655,2.944689027526426,-9.03947841065424,-9.03947841065424,6.5520598440220995e-19,21336842.5,-8.568318035494622,1.0500849013739228e-17,-0.33007317281324017,-0.15035820150405266,GCST90200853,cancerType_celltype,HNSC_Epi_HNSC,tissue,Tumor,Adjacent,group2_higher,1.150832160747696e-18,1.6489236412127383e-17
45289,1109,-0.46605511757764295,-0.13709375936587528,-0.5215197205543518,-0.3161562085151672,0.9377340783420757,1.1084405255131327,-0.32896135821176764,-0.20536351203918463,,-0.13179555950091754,-1.765330256321453,-9.797732697415759,-9.797732697415759,8.03465264907563e-22,21350799.0,-8.536647843672581,1.3817320923173233e-17,-0.3491523690159168,-0.14980244796363507,GCST90201001,cancerType_celltype,HNSC_Epi_HNSC,tissue,Tumor,Adjacent,group2_higher,1.5273684185062878e-21,2.1672046511260203e-17
45289,1109,0.05777994225018728,-0.1643980702795122,-0.0047817304730415,-0.26221963763237,0.8665240011248734,0.9562769205031663,0.2221780125296995,0.2574379071593285,,0.12908678174912736,-1.5085365045747607,7.660558906849888,7.660558906849888,3.907134648257289e-14,28867811.5,8.521011870703013,1.5816687198357603e-17,0.2557369670080964,0.14952806543432984,GCST90200127,cancerType_celltype,HNSC_Epi_HNSC,tissue,Tumor,Adjacent,group1_higher,6.250498269453856e-14,2.4779476610760243e-17
45289,1109,-0.0027839493705659408,-0.15486839232841898,-0.0535849705338478,-0.2661785781383514,0.6578134790206822,0.867010694835536,0.15208444295785303,0.21259360760450358,,0.10165160167941516,-5.797257134390329,5.800782448980801,5.800782448980801,8.543540122549398e-09,28863803.0,8.51191575320087,1.7108454179745383e-17,0.2291883114008612,0.14936844532421878,GCST90200071,cancerType_celltype,HNSC_Epi_HNSC,tissue,Tumor,Adjacent,group1_higher,1.2117424752377554e-08,2.677247192536505e-17
45289,1109,-0.13805265857001453,-0.23265762928558065,-0.1696033477783203,-0.3982327878475189,0.6448059265091151,0.8470614176543912,0.09460497071556612,0.2286294400691986,,0.061031812531831195,-0.7529855761056153,3.693220803601512,3.693220803601512,0.00023192532007075813,28861468.5,8.506618288735671,1.790816417628294e-17,0.14546339753730483,0.14927548457903894,GCST90200184,cancerType_celltype,HNSC_Epi_HNSC,tissue,Tumor,Adjacent,group1_higher,0.00028790001025176987,2.799177496820373e-17
45289,1109,-0.20615942398181067,0.00283960600352114,-0.2465643286705017,-0.1034751310944557,0.6501733992719543,0.7232129952073882,-0.20899902998533182,-0.143089197576046,,-0.11575763146312114,-6.181424857727166,-9.52989824903453,-9.52989824903453,8.955840863535104e-21,21368455.0,-8.496582719407188,1.9525570647601573e-17,-0.3205442399944201,-0.14909937881953628,GCST90199702,cancerType_celltype,HNSC_Epi_HNSC,tissue,Tumor,Adjacent,group2_higher,1.647342928069952e-20,3.048494019780177e-17
45289,1109,-0.15245093027206955,-0.2992221919366202,-0.190841943025589,-0.468922883272171,0.7669934095100849,0.8146159954347977,0.14677126166455065,0.27808094024658203,,0.07200106513430482,-0.9728675815740776,5.9359537491071555,5.9359537491071555,3.857148282185062e-09,28834509.0,8.445441594261675,3.0290119007106297e-17,0.19106733556673,0.14820194625833594,GCST90200055,cancerType_celltype,HNSC_Epi_HNSC,tissue,Tumor,Adjacent,group1_higher,5.516571992254186e-09,4.723733662092206e-17
45289,1109,1.139106441235823,0.4290398927153541,0.8574309945106506,0.1720914542675018,2.559373467670281,1.511256174013605,0.7100665485204689,0.6853395402431488,,0.16589182572751673,1.4087167638087807,15.124740726661278,15.124740726661278,1.2166166377347452e-47,28829159.0,8.433301335153166,3.3605118899307854e-17,0.27962088678132285,0.1479889070693392,GCST90200457,cancerType_celltype,HNSC_Epi_HNSC,tissue,Tumor,Adjacent,group1_higher,3.726401072432489e-47,5.2347173782578975e-17
45289,1109,0.3443094433547749,0.1455672212968861,0.2934138178825378,0.0952138602733612,0.7741858941041998,0.8109916260425423,0.19874222205788883,0.19819995760917658,,0.11490062382303416,1.2420145021859204,8.07136860466971,8.07136860466971,1.7277751257136323e-15,28826615.0,8.42752847175652,3.5304582032341515e-17,0.256413375783103,0.14788760394844047,GCST90200404,cancerType_celltype,HNSC_Epi_HNSC,tissue,Tumor,Adjacent,group1_higher,2.844151565637296e-15,5.4931672728403527e-17
45289,1109,-0.09690630522831431,-0.19885318214115766,-0.124229110777378,-0.3156181275844574,0.5346467951935246,1.0291501376258767,0.10194687691284335,0.1913890168070794,,0.07038723272985745,-1.037033573564255,3.287991038853497,3.287991038853497,0.0010403288588230794,28823818.0,8.421181498910446,3.727099600305699e-17,0.18480445740476992,0.14777622626402476,GCST90199833,cancerType_celltype,HNSC_Epi_HNSC,tissue,Tumor,Adjacent,group1_higher,0.0012559506063559408,5.792516254522996e-17
45289,1109,0.09422463820651329,-0.14840263615432572,0.0036997958086431,-0.2047978639602661,0.9057291005317787,0.7857167215417293,0.24262727436083903,0.20849765976890922,,0.1316646611736332,-0.6553348743408681,10.120131974317468,10.120131974317468,3.8262409469941547e-23,28821717.0,8.41641389435213,3.8818784960626163e-17,0.2686756598510144,0.1476925635843831,GCST90200047,cancerType_celltype,HNSC_Epi_HNSC,tissue,Tumor,Adjacent,group1_higher,7.460896152722507e-23,6.026196344115428e-17
45289,1109,0.34939874278112915,0.18886132864335334,0.351479023694992,0.1574603617191314,0.6190252035987241,0.7143139475032881,0.1605374141377758,0.19401866197586062,,0.10634521990006265,0.8875435824078436,7.416446767912574,7.416446767912574,2.3302278966008043e-13,28813079.5,8.39681361621199,4.587617913423851e-17,0.2583183717402478,0.1473486148002785,GCST90200383,cancerType_celltype,HNSC_Epi_HNSC,tissue,Tumor,Adjacent,group1_higher,3.676042387808908e-13,7.113678288960988e-17
45289,1109,0.3822122650746943,0.7621614701052517,0.297992467880249,0.6112918853759766,1.3223810607756998,1.351542158849118,-0.3799492050305574,-0.31329941749572754,,-0.11593257503269885,0.9957207203874401,-9.254013288917,-9.254013288917,1.0101229587540422e-19,21413385.5,-8.394626100365148,4.673836797220715e-17,-0.2871691666209417,-0.1473102279258499,GCST90200230,cancerType_celltype,HNSC_Epi_HNSC,tissue,Tumor,Adjacent,group2_higher,1.7973858913599992e-19,7.239135857513449e-17
45289,1109,0.20322402929891017,0.5488284727526161,0.1463720798492431,0.4619771242141723,1.090992117930451,1.3032284213374872,-0.345604443453706,-0.3156050443649292,,-0.1143767684970765,1.433279861803611,-8.756483057997896,-8.756483057997896,7.100695945098533e-18,21423238.0,-8.372268735343354,5.651991394254334e-17,-0.3151773747602696,-0.1469178973446178,GCST90200385,cancerType_celltype,HNSC_Epi_HNSC,tissue,Tumor,Adjacent,group2_higher,1.2189229941019271e-17,8.744227321644333e-17
45289,1109,-0.30945353473424614,-0.4335270705792425,-0.3538263142108917,-0.5262671113014221,0.6207664476480405,0.6879290176150139,0.12407353584499636,0.1724407970905304,,0.08277318112074662,-0.48639794647099055,5.947222110938659,5.947222110938659,3.6116522612091984e-09,28801424.0,8.370364870410263,5.744065030217163e-17,0.1993293734906821,0.14688448802133403,GCST90200814,cancerType_celltype,HNSC_Epi_HNSC,tissue,Tumor,Adjacent,group1_higher,5.170884487424514e-09,8.876599360755094e-17
45289,1109,-0.217597552718425,0.013752701790223185,-0.2386278957128524,-0.0620127134025096,0.8812764146171169,0.7946013270236598,-0.2313502545086482,-0.1766151823103428,,-0.09398127579770564,-3.98377708560045,-9.55305810247272,-9.55305810247272,7.04279580560992e-21,21426820.0,-8.364140434758928,6.055534221281349e-17,-0.2631054864105685,-0.1467752606390128,GCST90200365,cancerType_celltype,HNSC_Epi_HNSC,tissue,Tumor,Adjacent,group2_higher,1.302487202584304e-20,9.347330853461471e-17
45289,1109,0.7958306242559047,0.5140975669847896,0.7504623532295227,0.3786540329456329,1.3174815077116204,1.1174588023812735,0.2817330572711151,0.3718083202838898,,0.07668669060440851,0.6304182383993585,8.256648526997855,8.256648526997855,3.961880809129312e-16,28775598.0,8.311760322422154,9.429362803193041e-17,0.21456223019336648,0.14585608613441203,GCST90200889,cancerType_celltype,HNSC_Epi_HNSC,tissue,Tumor,Adjacent,group1_higher,6.577397737933316e-16,1.4538712104923207e-16
45289,1109,0.5123521240318808,0.27901504710535,0.4577077031135559,0.2652772068977356,0.8816910499962409,0.8216225056681112,0.23333707692653077,0.1924304962158203,,0.11501170757582184,0.8767903889023703,9.326929678081045,9.326929678081045,5.264639946951334e-20,28767002.0,8.292254216385377,1.1112317751714263e-16,0.2650641093450601,0.14551378989728736,GCST90200605,cancerType_celltype,HNSC_Epi_HNSC,tissue,Tumor,Adjacent,group1_higher,9.466628295111699e-20,1.7114224966764451e-16
45289,1109,-0.3043218908770931,-0.07280817356524734,-0.3650797009468078,-0.2260686308145523,0.5834896505681707,0.8251135352223395,-0.23151371731184578,-0.1390110701322555,,-0.15773760205927306,-2.063410717252824,-9.287222609291794,-9.287222609291794,7.813577899799235e-20,21458918.0,-8.291303418522487,1.1201520818036681e-16,-0.3921212310106295,-0.14549710514585013,GCST90200803,cancerType_celltype,HNSC_Epi_HNSC,tissue,Tumor,Adjacent,group2_higher,1.3957937978278318e-19,1.7232136427747175e-16
45289,1109,-0.20933047130238536,0.06086816240187711,-0.2224920392036438,-0.03965650126338,0.8569838048531776,0.9285788418018013,-0.27019863370426245,-0.1828355379402638,,-0.11246161580712814,-1.782005806820922,-9.590643263974249,-9.590643263974249,5.180796792307077e-21,21461471.0,-8.285510132260052,1.1760501866234065e-16,-0.3146369622598836,-0.145395443641269,GCST90200636,cancerType_celltype,HNSC_Epi_HNSC,tissue,Tumor,Adjacent,group2_higher,9.594328842275198e-21,1.807166183052653e-16
45289,1109,0.07197313761172956,0.3769227910541187,0.0323367826640605,0.3220311999320984,1.2310239713117737,1.1243441662771088,-0.3049496534423891,-0.2896944172680379,,-0.08338337332945302,2.3887223565995854,-8.902504102948388,-8.902504102948388,2.029205331596936e-18,21462795.0,-8.28250570178161,1.2061133137971892e-16,-0.24821223711026053,-0.1453427214195434,GCST90199718,cancerType_celltype,HNSC_Epi_HNSC,tissue,Tumor,Adjacent,group2_higher,3.545906239700799e-18,1.8512752778215865e-16
45289,1109,0.7723841760519099,0.5273804596417001,0.7434455156326294,0.4349323511123657,0.9649656623234888,1.132970932595952,0.2450037164102098,0.30851316452026367,,0.10782482574654599,0.5504736223011926,7.138324267824928,7.138324267824928,1.6721031991610619e-12,28758163.0,8.27219669297227,1.3151435460597361e-16,0.2527590418407805,0.1451618173007374,GCST90200924,cancerType_celltype,HNSC_Epi_HNSC,tissue,Tumor,Adjacent,group1_higher,2.569421263197889e-12,2.016356190415546e-16
45289,1109,-0.19643383231376482,0.09748520250869276,-0.2612654566764831,-0.0600802190601825,0.8035001953709665,1.0333589429460897,-0.29391903482245757,-0.20118523761630058,,-0.14988033824829877,-1.0107808248028916,-9.402665462309308,-9.402665462309308,2.814785945560358e-20,21473575.5,-8.258042512376134,1.4808222410817635e-16,-0.36297485572866495,-0.14491343749861252,GCST90199769,cancerType_celltype,HNSC_Epi_HNSC,tissue,Tumor,Adjacent,group2_higher,5.1085928679078135e-20,2.2678210276342065e-16
45289,1109,0.547297422942894,0.2880305915115052,0.4990876019001007,0.1166104301810264,1.217137149884115,1.0833825775363453,0.2592668314313888,0.3824771717190743,,0.08670085463994008,0.9261006432090313,7.849123855540603,7.849123855540603,9.362435361485757e-15,28749495.5,8.25252833861283,1.5507958160702193e-16,0.21354394153799758,0.14481667390435793,GCST90200160,cancerType_celltype,HNSC_Epi_HNSC,tissue,Tumor,Adjacent,group1_higher,1.5173602137580366e-14,2.372317280924477e-16
45289,1109,-0.10350783636084915,0.20015989920715202,-0.1555695235729217,0.0178373996168375,1.088686341849501,1.0523490159925835,-0.3036677355680012,-0.1734069231897592,,-0.11174540241077795,0.9514062425952503,-9.486085683971748,-9.486085683971748,1.2968090599185534e-20,21484207.0,-8.23391743485985,1.8119030974852042e-16,-0.2791492978564483,-0.14449008681864617,GCST90199709,cancerType_celltype,HNSC_Epi_HNSC,tissue,Tumor,Adjacent,group2_higher,2.3757402535873498e-20,2.768636683713378e-16
45289,1109,-0.010414084339595647,0.1629992485892681,-0.0375137627124786,0.1060923561453819,0.6430669930961762,0.6417797070839734,-0.17341333292886374,-0.1436061188578605,,-0.10414070297515945,3.9681277374513826,-8.889721838063473,-8.889721838063473,2.2867717631439973e-18,21494099.0,-8.21147043614931,2.1849807853469977e-16,-0.2696789249038175,-0.1440961833312524,GCST90200524,cancerType_celltype,HNSC_Epi_HNSC,tissue,Tumor,Adjacent,group2_higher,3.980676772880291e-18,3.334970672371733e-16
45289,1109,-0.4091570160134625,-0.025383607327727712,-0.4515939056873321,-0.2347090989351272,1.450942204974474,1.2624231947729918,-0.3837734086857348,-0.2168848067522049,,-0.10977812859420062,-4.010632268314186,-9.963752107781893,-9.963752107781893,1.6502069810796869e-22,21519796.0,-8.153158615904191,3.5454343655078124e-16,-0.26527019326870194,-0.14307291827711188,GCST90201003,cancerType_celltype,HNSC_Epi_HNSC,tissue,Tumor,Adjacent,group2_higher,3.1858811830192824e-22,5.405399373811128e-16
45289,1109,-0.10500096973611509,0.2570683064024872,-0.1443831026554107,0.0158594585955142,0.9021605403164078,1.185065595908758,-0.3620692761386023,-0.1602425612509249,,-0.14633776418938152,1.2917409736283327,-10.103110890142846,-10.103110890142846,4.831294744897519e-23,21521068.0,-8.15027218420587,3.631094809592586e-16,-0.3979034866539149,-0.14302226671666252,GCST90199757,cancerType_celltype,HNSC_Epi_HNSC,tissue,Tumor,Adjacent,group2_higher,9.407221053279027e-23,5.529812542429826e-16
45289,1109,0.03354397971350199,0.23227467819491135,-0.0011827440466731,0.1976441591978073,0.6296421474143323,0.7700717943330551,-0.19873069848140937,-0.1988269032444804,,-0.11766808139599706,2.7916693197727174,-8.524589474790641,-8.524589474790641,4.782567165816501e-17,21539759.0,-8.107858430374623,5.152019366058107e-16,-0.31377268936990377,-0.14227798344908493,GCST90200927,cancerType_celltype,HNSC_Epi_HNSC,tissue,Tumor,Adjacent,group2_higher,8.087641497528401e-17,7.837279459751339e-16
45289,1109,0.11727248252370522,-0.07151785709687766,0.1064443290233612,-0.1715179085731506,0.9159534079934789,0.8428012834485118,0.1887903396205829,0.27796223759651184,,0.09006037341583337,0.7134812460943922,7.354091501482488,7.354091501482488,3.5993100978282285e-13,28655812.0,8.039941055586267,8.988252975807919e-16,0.2064919312016755,0.14108615860297746,GCST90199992,cancerType_celltype,HNSC_Epi_HNSC,tissue,Tumor,Adjacent,group1_higher,5.645408128124138e-13,1.3657735569705902e-15
45289,1109,-0.2090133553348506,0.030048778837656297,-0.3005665242671966,-0.1100575625896453,0.9390634683269495,0.9443447911791198,-0.2390621341725069,-0.1905089616775513,,-0.10346883026369541,-2.7981757535384375,-8.330107585797158,-8.330107585797158,2.2511647972770917e-16,21574623.5,-8.028743652115063,9.84767888588311e-16,-0.2545407739883376,-0.1408896647939858,GCST90199672,cancerType_celltype,HNSC_Epi_HNSC,tissue,Tumor,Adjacent,group2_higher,3.7556152003533363e-16,1.494697808625688e-15
45289,1109,-0.12063786798996681,0.1582328599825274,-0.1308707743883133,0.0742228105664253,1.07996041586022,0.9669939950707604,-0.27887072797249424,-0.2050935849547386,,-0.08852771451358898,0.3913635544599286,-9.460453119228552,-9.460453119228552,1.6072062722065094e-20,21587207.5,-8.000187947326,1.2423058676423738e-15,-0.2588365974348745,-0.14038856476513795,GCST90200601,cancerType_celltype,HNSC_Epi_HNSC,tissue,Tumor,Adjacent,group2_higher,2.936490816377308e-20,1.8834959928771476e-15
45289,1109,-0.20354968372350318,-0.3224161536321479,-0.2505374252796173,-0.3956526815891266,0.604526324312323,0.709282990997485,0.11886646990864469,0.14511525630950928,,0.08200708115937845,-0.6635404344599499,5.5319328961925525,5.5319328961925525,3.9206796371676545e-08,28630260.5,7.981959405004754,1.4402972639872328e-15,0.1957491573631809,0.14006868741836942,GCST90200085,cancerType_celltype,HNSC_Epi_HNSC,tissue,Tumor,Adjacent,group1_higher,5.4585151639014434e-08,2.181250189793998e-15
45289,1109,0.5881978142133278,0.26468035974732707,0.5598680973052979,-0.0255918111652135,1.8605114857801999,1.7001256059361614,0.3235174544660008,0.5854599084705113,,0.06185678632214018,1.152047279566606,6.246060280439209,6.246060280439209,5.874422990388135e-10,28626815.5,7.974141985821798,1.5344446638417265e-15,0.17422986325265213,0.1399315061088191,GCST90200834,cancerType_celltype,HNSC_Epi_HNSC,tissue,Tumor,Adjacent,group1_higher,8.526984596271596e-10,2.321252027543033e-15
45289,1109,-0.23447214756545123,-0.26993148313695436,-0.2788613140583038,-0.4218438863754272,0.4660562780022194,0.7449837194755138,0.03545933557150313,0.1429825723171234,,0.03693403580892946,-0.20317588703770637,1.5775330728931505,1.5775330728931505,0.11495296803292894,28625978.5,7.972242659303326,1.5582189586428813e-15,0.07470913570870243,0.1398981764263536,GCST90200145,cancerType_celltype,HNSC_Epi_HNSC,tissue,Tumor,Adjacent,group1_higher,0.12504460928083172,2.3546035927164605e-15
45289,1109,-0.3106528494764134,-0.09108526281731344,-0.3570575416088104,-0.1850668340921402,0.6662074765040202,0.8062230516843449,-0.21956758665909998,-0.17199070751667023,,-0.11497480751362785,-1.7700025362220075,-8.994520485723912,-8.994520485723912,9.608456148733327e-19,21605153.0,-7.9594658875443605,1.7278508113153766e-15,-0.3277654417126955,-0.13967396761258788,GCST90199853,cancerType_celltype,HNSC_Epi_HNSC,tissue,Tumor,Adjacent,group2_higher,1.6811714673586038e-18,2.6080405933807955e-15
45289,1109,0.0790311142102073,-0.0557924396257866,0.0414575301110744,-0.15272057056427,0.6553024454325507,0.709792682896154,0.1348235538359939,0.19417810067534438,,0.09132890587456031,0.5023435073748947,6.2605779553305565,6.2605779553305565,5.398263264352624e-10,28616178.0,7.950003293061652,1.865082658160266e-15,0.20531825055401198,0.1395079165063977,GCST90200157,cancerType_celltype,HNSC_Epi_HNSC,tissue,Tumor,Adjacent,group1_higher,7.860932509949388e-10,2.812065998973941e-15
45289,1109,0.05399110811338149,-0.15195781330485023,0.0112954340875148,-0.19867043197155,0.8430691595586998,0.8192165829800433,0.2059489214182317,0.20996586605906478,,0.09383259884624347,-1.4928598978900878,8.265456998604384,8.265456998604384,3.750315001125961e-16,28610843.0,7.937897072062793,2.05639750602091e-15,0.24444761175049848,0.13929547462353842,GCST90200778,cancerType_celltype,HNSC_Epi_HNSC,tissue,Tumor,Adjacent,group1_higher,6.233755300652055e-16,3.097093702438122e-15
45289,1109,-0.4033675724075546,-0.14365161820151065,-0.4724871516227722,-0.218313381075859,1.1931630408186382,1.0348287419832665,-0.259715954206044,-0.25417377054691326,,-0.08655090341726696,-1.4895143962983066,-8.225069546790284,-8.225069546790284,5.098880824980291e-16,21620965.5,-7.923584046954955,2.3076276390580516e-15,-0.218317048856066,-0.1390443073927724,GCST90200357,cancerType_celltype,HNSC_Epi_HNSC,tissue,Tumor,Adjacent,group2_higher,8.43419243258269e-16,3.4716296600840224e-15
45289,1109,0.2101663677278877,0.10044899916992674,0.1459877640008926,-0.0469518788158893,0.7053680280726522,0.9521982658243076,0.10971736855796095,0.19293964281678191,,0.06507088788472254,1.0650611301295099,3.8116700868148965,3.8116700868148965,0.0001454255938974238,28587740.0,7.885471575579818,3.1335275924144093e-15,0.15404109923140274,0.13837550371075436,GCST90199883,cancerType_celltype,HNSC_Epi_HNSC,tissue,Tumor,Adjacent,group1_higher,0.00018191009983272108,4.7089284547528555e-15
45289,1109,-0.1385669686127701,0.16912804184218228,-0.1950820982456207,-0.0018952199025079,1.0227096171084662,1.1405160047541296,-0.3076950104549524,-0.1931868783431128,,-0.1142601753912816,0.28753060964239574,-8.897147917631797,-8.897147917631797,2.174296815587673e-18,21656450.5,-7.843061225559539,4.396974460774318e-15,-0.2999910260047412,-0.13763128017379056,GCST90200794,cancerType_celltype,HNSC_Epi_HNSC,tissue,Tumor,Adjacent,group2_higher,3.794579461774645e-18,6.6003041740477925e-15
45289,1109,-0.08246587218437211,-0.24378450714010574,-0.1294163912534713,-0.2843398451805115,0.7597214774263091,0.8114768699533916,0.16131863495573362,0.15492345392704018,,0.08729418386272199,-1.563725766429651,6.550324188310556,6.550324188310556,8.621383237487401e-11,28557963.0,7.817901389509892,5.3711723172170025e-15,0.21198285698549335,0.13718977138724808,GCST90200594,cancerType_celltype,HNSC_Epi_HNSC,tissue,Tumor,Adjacent,group1_higher,1.2786665236882838e-10,8.053804035607013e-15
45289,1109,-0.07183223099274434,0.10199140275526637,-0.1068171039223671,0.0279778391122818,0.664466374462632,0.6639854917222909,-0.17382363374801071,-0.1347949430346489,,-0.09497932816194327,0.5057383790494462,-8.613015375453426,-8.613015375453426,2.2830595441281654e-17,21676124.5,-7.798416840942561,6.268920574156508e-15,-0.26160336121834066,-0.1368478534440104,GCST90199896,cancerType_celltype,HNSC_Epi_HNSC,tissue,Tumor,Adjacent,group2_higher,3.899511477000864e-17,9.389603013819034e-15
45289,1109,-0.6115740640278249,-0.2762756940778143,-0.6138664484024048,-0.361329972743988,1.4476281617071722,1.1678287620725678,-0.33529836995001056,-0.2525364756584168,,-0.0868166306990499,-1.1464157187677513,-9.386366505679698,-9.386366505679698,3.034225514762732e-20,21691216.5,-7.764169964220012,8.218236779982112e-15,-0.23259100196863575,-0.13624688382899353,GCST90200511,cancerType_celltype,HNSC_Epi_HNSC,tissue,Tumor,Adjacent,group2_higher,5.499533745507452e-20,1.2295781263573675e-14
45289,1109,-0.1836876930816439,0.06145640676962531,-0.2680171728134155,-0.0551714934408664,1.1160183353919435,1.02289817261615,-0.24514409985126923,-0.2128456793725491,,-0.08865132774340964,-1.5796040264098543,-7.867120209038479,-7.867120209038479,8.189941597000163e-15,21700954.0,-7.742073558038869,9.780924503977157e-15,-0.22008021248544332,-0.13585913259481475,GCST90200879,cancerType_celltype,HNSC_Epi_HNSC,tissue,Tumor,Adjacent,group2_higher,1.3289155234180026e-14,1.46177632663606e-14
45289,1109,0.07684193967175638,-0.009266959429076958,0.0692078173160553,-0.0955580845475196,0.5341647806022078,0.6892386927212346,0.08610889910083334,0.1647659018635749,,0.06325809987129455,3.0515890773400427,4.130224359862018,4.130224359862018,3.888481936466556e-05,28518151.0,7.727559708084097,1.09628726009766e-14,0.1599380667190141,0.13560444125783833,GCST90200638,cancerType_celltype,HNSC_Epi_HNSC,tissue,Tumor,Adjacent,group1_higher,4.9302333761896894e-05,1.636625997276134e-14
45289,1109,0.14880589210428524,0.40953106279724266,0.0906541422009468,0.3520735800266266,1.1831130224577042,1.0480437510254241,-0.2607251706929574,-0.2614194378256798,,-0.08407639486396594,1.4605350592465678,-8.15824400497637,-8.15824400497637,8.643847455018907e-16,21718050.5,-7.7032780552634215,1.3262052894380997e-14,-0.22094087903812815,-0.13517834296964004,GCST90200025,cancerType_celltype,HNSC_Epi_HNSC,tissue,Tumor,Adjacent,group2_higher,1.4263394771417397e-15,1.9777000103983917e-14
45289,1109,0.03581876955682625,-0.038261006319359185,0.0370923578739166,-0.1310734748840332,0.47902608566559046,0.7279998465960438,0.07407977587618544,0.1681658327579498,,0.062371662258913024,-0.09515646939848063,3.3708857475229346,3.3708857475229346,0.0007745657290698954,28488654.0,7.660624900060971,1.850321773593978e-14,0.15228356753457878,0.13442985864889634,GCST90200481,cancerType_celltype,HNSC_Epi_HNSC,tissue,Tumor,Adjacent,group1_higher,0.0009426188292163103,2.7562716692990073e-14
45289,1109,0.1755642138011199,0.09342429625823695,0.1657970994710922,-0.002702773315832,0.5545650871184999,0.8122124882666424,0.08213991754288294,0.1684998727869242,,0.060250560893460786,0.9101218813834906,3.348771510115084,3.348771510115084,0.0008383987037100382,28449577.0,7.571951086008028,3.676631220718159e-14,0.1461314130380394,0.1328737965202178,GCST90200801,cancerType_celltype,HNSC_Epi_HNSC,tissue,Tumor,Adjacent,group1_higher,0.0010166703141964253,5.4707951461122834e-14
45289,1109,-0.0018345272894689942,0.16587690604837318,-0.0613648667931556,0.1260752826929092,0.7122602182601359,0.7594614822356686,-0.1677114333378422,-0.1874401494860648,,-0.09216731121327525,6.497783366773651,-7.276045984463737,-7.276045984463737,6.328437061845476e-13,21805727.5,-7.504320765944386,6.174846833868957e-14,-0.23507965641257916,-0.13168700895586882,GCST90199711,cancerType_celltype,HNSC_Epi_HNSC,tissue,Tumor,Adjacent,group2_higher,9.835415866927462e-13,9.178098401922997e-14
45289,1109,-0.08807019871929175,-0.2182809843586647,-0.1234064549207687,-0.3475490808486938,0.7353206200313794,0.8345747011277537,0.13021078563937294,0.2241426259279251,,0.06692352832904983,-1.3094508567745282,5.147051131317528,5.147051131317528,3.109674678952715e-07,28416923.0,7.497852390507226,6.487245411077195e-14,0.1764740657336964,0.1315735008795631,GCST90200883,cancerType_celltype,HNSC_Epi_HNSC,tissue,Tumor,Adjacent,group1_higher,4.2427293167292794e-07,9.631934090738799e-14
45289,1109,0.021540189193390034,-0.10136493443527382,-0.0419840030372142,-0.2148572504520416,0.6980420977652741,0.8495484995898285,0.12290512362866385,0.1728732474148274,,0.08646779067819861,-2.2344030921908695,4.778450089202318,4.778450089202318,1.995858365657362e-06,28414978.5,7.493439916892926,6.70921336788736e-14,0.17506818054855078,0.13149607009395492,GCST90200402,cancerType_celltype,HNSC_Epi_HNSC,tissue,Tumor,Adjacent,group1_higher,2.6462596813141867e-06,9.950661393286694e-14
45289,1109,1.0450373390711334,0.72207975640522,1.0212842226028442,0.6478692293167114,1.5805128199829885,1.4997280271519982,0.32295758266591335,0.3734149932861328,,0.07252410545535397,0.5333237710335972,7.075742628722043,7.075742628722043,2.5559201440822154e-12,28413146.0,7.489281594497348,6.925221682258376e-14,0.20458069580236218,0.13142309919417228,GCST90200820,cancerType_celltype,HNSC_Epi_HNSC,tissue,Tumor,Adjacent,group1_higher,3.918694214155297e-12,1.0259866470563226e-13
45289,1109,-0.1466222382747451,-0.2770975073990542,-0.246287927031517,-0.5138910412788391,0.9427100950245012,1.0246671989010425,0.1304752691243091,0.2676031142473221,,0.06248276272017017,-0.9182851657981244,4.197168549420643,4.197168549420643,2.9101860009257508e-05,28389506.5,7.435638668292559,1.0406482937885865e-13,0.13810557234065549,0.130481764631875,GCST90200882,cancerType_celltype,HNSC_Epi_HNSC,tissue,Tumor,Adjacent,group1_higher,3.7001711933412295e-05,1.5400690819042816e-13
45289,1109,-0.0713081931995036,-0.22430282734627136,-0.1225152015686035,-0.2834740579128265,0.6671322096585217,0.7502395464662396,0.15299463414676776,0.16095885634422297,,0.0899938697960268,-1.6532942512745292,6.7263224189844015,6.7263224189844015,2.735116662504043e-11,28380528.5,7.415265725063362,1.213822296436008e-13,0.22861046548317154,0.13012425699845176,GCST90200207,cancerType_celltype,HNSC_Epi_HNSC,tissue,Tumor,Adjacent,group1_higher,4.101170529145226e-11,1.794403242995964e-13
45289,1109,0.03366959474668405,-0.023191867420904178,-0.0048242923803627,-0.2237790524959564,0.6212118824148004,0.8801417365175107,0.05686146216758823,0.2189547601155937,,0.03797349919107264,0.537808007905135,2.1384460378123293,2.1384460378123293,0.03269352867543297,28373327.5,7.398925163224038,1.3729236549968947e-13,0.09045158138791597,0.129837510232103,GCST90200155,cancerType_celltype,HNSC_Epi_HNSC,tissue,Tumor,Adjacent,group1_higher,0.03691903859537295,2.0274051373356095e-13
45289,1109,0.22204181390158254,0.08323720240095467,0.17705138027668,0.0290176626294851,0.6854695031517228,0.6995238088495366,0.13880461150062787,0.1480337176471949,,0.0813529480435602,1.4155201669883433,6.531613263590978,6.531613263590978,9.71171975755662e-11,28353240.5,7.35334359598803,1.9331081363190468e-13,0.20239558458517506,0.12903763767334042,GCST90199773,cancerType_celltype,HNSC_Epi_HNSC,tissue,Tumor,Adjacent,group1_higher,1.4372501660748831e-10,2.851543711907858e-13
45289,1109,0.5746865783497972,0.30843291991366983,0.512388288974762,0.2799746096134186,1.25376472942548,0.9788604909092307,0.26625365843612736,0.23241367936134338,,0.0744517347084241,0.8978164323477983,8.881531585301301,8.881531585301301,2.3601748577635742e-18,28334114.0,7.309941602373279,2.672607672239444e-13,0.21336040093473196,0.1282760126175746,GCST90200016,cancerType_celltype,HNSC_Epi_HNSC,tissue,Tumor,Adjacent,group1_higher,4.103212157055805e-18,3.938123521364716e-13
45289,1109,-0.0835157248946132,-0.2094630226805702,-0.1622631400823593,-0.3731705546379089,0.7374039022445216,0.8084650060957252,0.125947297785957,0.2109074145555496,,0.07865090977304107,-1.3265654265302644,5.135872086264001,5.135872086264001,3.2945474038115097e-07,28310699.0,7.256808113209584,3.963346382088857e-13,0.1703877284854399,0.1273436177371332,GCST90199753,cancerType_celltype,HNSC_Epi_HNSC,tissue,Tumor,Adjacent,group1_higher,4.489375235973086e-07,5.833737709273339e-13
45289,1109,-0.046699617587882686,-0.1362747162675176,-0.0715187788009643,-0.2627253234386444,0.560851410441254,0.7409216072332971,0.08957509867963492,0.1912065446376801,,0.06741142743418672,-1.5450149691858557,3.9981140919134845,3.9981140919134845,6.79583663354786e-05,28309865.0,7.254915594313043,4.0191575430746457e-13,0.15831021877737425,0.12731040751589506,GCST90200792,cancerType_celltype,HNSC_Epi_HNSC,tissue,Tumor,Adjacent,group1_higher,8.544949567828167e-05,5.909505643161533e-13
45289,1109,0.22330465780770833,-0.05191257507885647,0.1800836026668548,-0.0619455315172672,1.328092107175685,1.0099661713975714,0.2752172328865648,0.242029134184122,,0.07521475639219175,2.1048360557596455,8.88851570416421,8.88851570416421,2.2137789245047745e-18,28293450.5,7.217667690923017,5.288720081901154e-13,0.2082789246050637,0.1266567754097665,GCST90200633,cancerType_celltype,HNSC_Epi_HNSC,tissue,Tumor,Adjacent,group1_higher,3.858543061508961e-18,7.767807620292319e-13
45289,1109,0.5266933446462301,0.3156380916636385,0.4717242121696472,0.2930498421192169,0.8729088821221459,0.8639081860649195,0.2110552529825916,0.1786743700504303,,0.10047793554634715,0.7386900755999437,8.035860691325825,8.035860691325825,2.264074566034396e-15,28292480.0,7.21546542522866,5.375026469695457e-13,0.24184308299610904,0.12661812970267827,GCST90200247,cancerType_celltype,HNSC_Epi_HNSC,tissue,Tumor,Adjacent,group1_higher,3.7224772418635484e-15,7.886072204730793e-13
45289,1109,-0.2548498209453291,-0.3393237261434159,-0.2867995798587799,-0.4347182512283325,0.6074602326361374,0.8353815712710095,0.08447390519808678,0.1479186713695526,,0.0611042565166053,-0.41301356058384925,3.345876186019582,3.345876186019582,0.0008470325369971985,28287029.0,7.20309597618184,5.88610001889811e-13,0.13760421179226487,0.12640106865235645,GCST90200311,cancerType_celltype,HNSC_Epi_HNSC,tissue,Tumor,Adjacent,group1_higher,0.0010262269759352726,8.626617554578628e-13
45289,1109,-0.18232223693002664,0.03119702914492895,-0.2287838160991668,-0.020684789866209,1.1798114642706032,0.9204576402979502,-0.21351926607495558,-0.20809902623295778,,-0.07414493094060638,-2.546971644721964,-7.574155606883364,-7.574155606883364,7.194620599738646e-14,21945188.0,-7.187855979887867,6.581717815417142e-13,-0.18182908082340019,-0.1261336347844494,GCST90200353,cancerType_celltype,HNSC_Epi_HNSC,tissue,Tumor,Adjacent,group2_higher,1.142921664037736e-13,9.635747993999532e-13
45289,1109,-0.08026715246387542,-0.22084730232188626,-0.1541159749031067,-0.4014410376548767,0.8236574878458808,0.9294141968227861,0.14058014985801084,0.24732506275177002,,0.08404368729769669,-1.4601561457968097,4.989350924137435,4.989350924137435,6.991134533597574e-07,28274481.5,7.174623097459591,7.250725879296094e-13,0.1701236791482747,0.1259014220684429,GCST90200235,cancerType_celltype,HNSC_Epi_HNSC,tissue,Tumor,Adjacent,group1_higher,9.425238743119183e-07,1.060379761103066e-12
45289,1109,-0.35214299882117056,-0.16321156245318402,-0.3759415745735168,-0.2053553760051727,0.9548250962611009,0.7946525448711745,-0.18893143636798654,-0.1705861985683441,,-0.07086012951550488,-1.1094133911068187,-7.781232670078101,-7.781232670078101,1.5528470866936528e-14,21963834.0,-7.145544340385571,8.964068977197237e-13,-0.19860042996404206,-0.125391143435284,GCST90200763,cancerType_celltype,HNSC_Epi_HNSC,tissue,Tumor,Adjacent,group2_higher,2.5077376530372616e-14,1.3095419095305288e-12
45289,1109,-0.08238655418265027,0.09633246149791773,-0.1297994256019592,0.0193936917930841,0.6130147456449726,0.7891804213993729,-0.178719015680568,-0.1491931173950433,,-0.10846007923260113,0.22561059212633083,-7.48644004190831,-7.48644004190831,1.411345873994518e-13,21977174.0,-7.1152731148701465,1.1169235890158084e-12,-0.2892794094206164,-0.12485993917711247,GCST90200614,cancerType_celltype,HNSC_Epi_HNSC,tissue,Tumor,Adjacent,group2_higher,2.2316292647964366e-13,1.6299430961761744e-12
45289,1109,-0.23983712874088517,-0.05236146523310896,-0.3519841134548187,-0.1692520231008529,1.2042583899150099,0.8878467848391063,-0.18747566350777622,-0.18273209035396581,,-0.06859505922057502,-2.1954561059783115,-6.878661738328728,-6.878661738328728,9.665222098749323e-12,21977306.0,-7.114973579505226,1.1193519708346975e-12,-0.15653277305344754,-0.12485468288310353,GCST90200167,cancerType_celltype,HNSC_Epi_HNSC,tissue,Tumor,Adjacent,group2_higher,1.467004200511729e-11,1.6317398248638423e-12
45289,1109,0.07941322509354731,0.26488969157087955,0.0580091960728168,0.2251374274492263,0.7011054839180492,0.8038600647855862,-0.18547646647733224,-0.1671282313764095,,-0.10417228736874942,1.7379277886175728,-7.61318749122917,-7.61318749122917,5.5561984187881305e-14,21999607.0,-7.064367987284874,1.6134996700809192e-12,-0.2635603615232342,-0.12396664793846457,GCST90200391,cancerType_celltype,HNSC_Epi_HNSC,tissue,Tumor,Adjacent,group2_higher,8.87819278406591e-14,2.3495727033336465e-12
45289,1109,-0.15788120241318168,0.04044565252384055,-0.2048121988773346,-0.0014373870799317,0.7528374126109066,0.8982211044936337,-0.19832685493702223,-0.20337481179740288,,-0.10561482287330892,-1.96475633838122,-7.29055307983996,-7.29055307983996,5.739030346220038e-13,22009995.5,-7.040794327144919,1.9114853782056517e-12,-0.2621169319749849,-0.12355297361792372,GCST90200272,cancerType_celltype,HNSC_Epi_HNSC,tissue,Tumor,Adjacent,group2_higher,8.92956434006611e-13,2.7805278233663858e-12
45289,1109,-0.07145153677709246,0.18274883155600144,-0.1469188332557678,0.1516385525465011,1.2994357660822462,1.1643684176971631,-0.2542003683330939,-0.29855738580226887,,-0.07538043159268687,1.3548129391206833,-7.161896001238369,-7.161896001238369,1.39918627071808e-12,22016403.0,-7.0262543813060825,2.1215325205745066e-12,-0.19608564201182832,-0.12329782434624192,GCST90200635,cancerType_celltype,HNSC_Epi_HNSC,tissue,Tumor,Adjacent,group2_higher,2.1573426323402074e-12,3.0827812639051733e-12
45289,1109,-0.08918339363430786,0.12048591844139392,-0.1589963883161544,0.107396587729454,1.2693201226390998,1.0004105251745383,-0.20966931207570177,-0.2663929760456084,,-0.06681495095681572,0.434013337715736,-6.845839367237953,-6.845839367237953,1.2117264554007238e-11,22032934.5,-6.988740980660786,2.773661874047936e-12,-0.16593467328723532,-0.12263953325224175,GCST90200977,cancerType_celltype,HNSC_Epi_HNSC,tissue,Tumor,Adjacent,group2_higher,1.835092398567985e-11,4.026092794810795e-12
45289,1109,-0.020273646325973685,-0.14546215293769002,-0.0968946442008018,-0.2995677590370178,0.765127740692746,0.776797296128324,0.12518850661171632,0.20267311483621603,,0.07870782669510136,-2.8429050992207197,5.304251255797105,5.304251255797105,1.35383098442464e-07,28185080.0,6.9717525601344565,3.1301927979950374e-12,0.1635577691077188,0.12234141775907825,GCST90200523,cancerType_celltype,HNSC_Epi_HNSC,tissue,Tumor,Adjacent,group1_higher,1.8639107391624085e-07,4.5387795570928035e-12
45289,1109,0.013432072568325175,-0.10242816859753794,-0.0277562942355871,-0.2299759238958358,0.7309812403862369,0.8792390542912625,0.1158602411658631,0.2022196296602487,,0.06562166156955529,-2.9307653703197944,4.351597280233984,4.351597280233984,1.472027348367824e-05,28172980.0,6.944295151683434,3.803576027137457e-12,0.1576607496762166,0.12185959080826292,GCST90199762,cancerType_celltype,HNSC_Epi_HNSC,tissue,Tumor,Adjacent,group1_higher,1.89102099512285e-05,5.509324256098144e-12
45289,1109,-0.007362614440336546,-0.2231956897079869,-0.0653277188539505,-0.3501422703266144,1.2347295762037735,1.23660792011539,0.21583307526765036,0.2848145514726639,,0.06483147314057124,-4.921757731096105,5.742675012430463,5.742675012430463,1.1886469207586944e-08,28171493.0,6.940920840413461,3.895553931119143e-12,0.1747955444883396,0.12180037785984443,GCST90200366,cancerType_celltype,HNSC_Epi_HNSC,tissue,Tumor,Adjacent,group1_higher,1.6788867906674618e-08,5.636560518169206e-12
45289,1109,0.23222199570436927,0.0742283012244323,0.2289217710494995,0.0523896664381027,0.8209918214114628,0.8609055354327425,0.15799369447993697,0.17653210461139682,,0.07509055987044934,1.64545014819128,6.0445974004256,6.0445974004256,2.017154486216546e-09,28168801.5,6.9348132689385915,4.067613454896863e-12,0.19221401585926773,0.12169320122859495,GCST90199768,cancerType_celltype,HNSC_Epi_HNSC,tissue,Tumor,Adjacent,group1_higher,2.9063230070963553e-09,5.879275863228446e-12
45289,1109,-0.2785821803583798,0.05693131416420493,-0.4253351092338562,-0.2037534713745117,1.2897346992544017,1.3905920706500212,-0.3355134945225847,-0.2215816378593445,,-0.11412032089648082,-2.290788508730294,-7.951508773415165,-7.951508773415165,4.35981237498478e-15,22073153.5,-6.89747573185982,5.293510503720615e-12,-0.2596381291097815,-0.12103799621630451,GCST90200842,cancerType_celltype,HNSC_Epi_HNSC,tissue,Tumor,Adjacent,group2_higher,7.125208953362417e-15,7.643066542977964e-12
45289,1109,0.03151648375065611,0.3627046667275794,-0.0733783841133117,0.1768964976072311,1.7826192676055252,1.4421646870665596,-0.33118818297692326,-0.2502748817205428,,-0.07335917848302242,3.52457502080265,-7.508442125481527,-7.508442125481527,1.1681416603523343e-13,22105442.5,-6.824205297027169,8.841406934332394e-12,-0.1865586243778409,-0.11975223502499255,GCST90200776,cancerType_celltype,HNSC_Epi_HNSC,tissue,Tumor,Adjacent,group2_higher,1.8492184472244268e-13,1.275220915502122e-11
45289,1109,-0.03380759149490633,-0.10791420695639398,-0.0697097703814506,-0.2180271744728088,0.624830957285493,0.7856177177450508,0.07410661546148764,0.1483174040913582,,0.04775319489605644,-1.6744363594104366,3.1172650753476323,3.1172650753476323,0.00187095253108001,28114093.0,6.810668340819353,9.714712716877819e-12,0.11778849091404245,0.11951468637415874,GCST90199871,cancerType_celltype,HNSC_Epi_HNSC,tissue,Tumor,Adjacent,group1_higher,0.002225225392549785,1.3996990944085059e-11
45289,1109,-0.045762133910275365,-0.15606944771156864,-0.0751020535826683,-0.3137235939502716,0.705891943104013,0.8735212295087033,0.11030731380129327,0.2386215403676033,,0.06007407205581386,-1.76993962767048,4.172071518044985,4.172071518044985,3.2469046163845096e-05,28113871.0,6.810164576796533,9.748792504403907e-12,0.15528447249260832,0.11950584624332561,GCST90200617,cancerType_celltype,HNSC_Epi_HNSC,tissue,Tumor,Adjacent,group1_higher,4.124446404596539e-05,1.4031261017426109e-11
45289,1109,0.45482653790368005,0.27453469322157503,0.4249287545681,0.213875412940979,0.9801787555919179,0.8784337003005569,0.18029184468210502,0.21105334162712097,,0.06441330678069482,0.7283258754199687,6.733042575297043,6.733042575297043,2.591497358268611e-11,28109299.0,6.799789760975203,1.0477275914766534e-11,0.18437155557179571,0.11932378733265403,GCST90200344,cancerType_celltype,HNSC_Epi_HNSC,tissue,Tumor,Adjacent,group1_higher,3.890100109383388e-11,1.5063847122180155e-11
45289,1109,-0.06747678413081044,0.13585508380037362,-0.1041661277413368,0.0068709389306604,0.9239258733782518,0.8455039367778824,-0.20333186793118407,-0.1110370666719972,,-0.08741647888606832,1.0095946690665751,-7.894001385514778,-7.894001385514778,6.675441976061871e-15,22121399.0,-6.787996690585124,1.1370215260328814e-11,-0.22050220051788808,-0.11911684066625838,GCST90200421,cancerType_celltype,HNSC_Epi_HNSC,tissue,Tumor,Adjacent,group2_higher,1.0883525614081735e-14,1.6330456691072888e-11
45289,1109,-0.20367474298816604,-0.008215378539622455,-0.2950806319713592,-0.1041085124015808,0.7475273511780915,0.8781791108423365,-0.1954593644485436,-0.1909721195697784,,-0.12058748478750995,-4.63162771068768,-7.34717007765053,-7.34717007765053,3.8329345089251526e-13,22125273.5,-6.779204646862522,1.2084020835582059e-11,-0.2602957939706406,-0.11896255649097454,GCST90200851,cancerType_celltype,HNSC_Epi_HNSC,tissue,Tumor,Adjacent,group2_higher,6.004930730649406e-13,1.7337389893577205e-11
45289,1109,-0.1477332667083879,-0.22449370561326776,-0.1668331176042556,-0.3313077986240387,0.6043163875310584,0.7160439944067479,0.07676043890487985,0.1644746810197831,,0.05142601153517444,-0.6036769259233745,3.5392297417475276,3.5392297417475276,0.00041736179891653486,28089322.5,6.754458941146951,1.4337038195965732e-11,0.12641201105866282,0.11852831492910343,GCST90200351,cancerType_celltype,HNSC_Epi_HNSC,tissue,Tumor,Adjacent,group1_higher,0.0005129523281544068,2.0548247172556566e-11
45289,1109,0.0019302140056878395,-0.06301115223729767,-0.0362299270927906,-0.2008379101753235,0.5380912805986225,0.7780413857555775,0.06494136624298551,0.16460798308253288,,0.05136540144719377,-5.028050137882015,2.763477686952677,2.763477686952677,0.005811446308918065,28048207.5,6.661160482596223,2.7167588337705945e-11,0.11914661526575944,0.11689109880656035,GCST90199652,cancerType_celltype,HNSC_Epi_HNSC,tissue,Tumor,Adjacent,group1_higher,0.00682256788893654,3.889645263056009e-11
45289,1109,0.1282419375501706,0.28272161750556235,0.0609071105718612,0.2226620018482208,0.8439131120945483,0.7721967226982418,-0.15447967995539175,-0.1617548912763596,,-0.07491240888228681,1.1405079242862362,-6.566733885208372,-6.566733885208372,7.707075538869792e-11,22177364.0,-6.661000503480868,2.7197181067276216e-11,-0.18340839160794542,-0.11688829146771473,GCST90200181,cancerType_celltype,HNSC_Epi_HNSC,tissue,Tumor,Adjacent,group2_higher,1.1455555026695231e-10,3.889796200912642e-11
45289,1109,-0.1413233748927198,0.04567218835357908,-0.1942466646432876,-0.0598686896264553,0.657055933465502,0.8004969482234808,-0.18699556324629887,-0.1343779750168323,,-0.09919022468153128,-1.6295909056768587,-7.715857330333523,-7.715857330333523,2.6040139118967834e-14,22177484.0,-6.6607281986036675,2.7247624246110306e-11,-0.2829645473266796,-0.11688351301861577,GCST90200765,cancerType_celltype,HNSC_Epi_HNSC,tissue,Tumor,Adjacent,group2_higher,4.1756128963709596e-14,3.892925770172783e-11
45289,1109,-0.20621101240929612,-0.2512797313501741,-0.2366178780794143,-0.4036754667758941,0.5203008944281813,0.8338231980058248,0.045068718940877994,0.1670575886964798,,0.038887507918524654,-0.2851716710038691,1.791457133283429,1.791457133283429,0.07348767030912577,28047234.0,6.658951409279936,2.757902152731146e-11,0.08504261373236072,0.11685233363824477,GCST90200726,cancerType_celltype,HNSC_Epi_HNSC,tissue,Tumor,Adjacent,group1_higher,0.08103858788943238,3.9361472609136666e-11
45289,1109,0.3220208742492839,0.13646365618320624,0.2857823669910431,0.1247070729732513,0.8421544566373927,0.949970920871386,0.18555721806607764,0.1610752940177918,,0.08834670712045183,1.2386313437189385,6.443089627382555,6.443089627382555,1.7171015102818226e-10,28042499.0,6.648206712667077,2.966877332562118e-11,0.21962302475552892,0.1166637840008804,GCST90199856,cancerType_celltype,HNSC_Epi_HNSC,tissue,Tumor,Adjacent,group1_higher,2.5192781038903384e-10,4.229972598621514e-11
45289,1109,0.18224449228699063,0.08992020128867664,0.1274591237306594,-0.1502167284488678,0.8533559904808031,1.082251867957428,0.09232429099831399,0.27767585217952717,,0.045400569648738585,1.0191499166885623,2.8195017499089983,2.8195017499089983,0.0048929585399721314,28037818.5,6.637585687852614,3.188650581097627e-11,0.10741214150168639,0.11647740457581501,GCST90200313,cancerType_celltype,HNSC_Epi_HNSC,tissue,Tumor,Adjacent,group1_higher,0.0057641335263457355,4.541411433684499e-11
45289,1109,0.030560904864242393,-0.14879190517215274,-0.089181438088417,-0.2758480608463287,0.967874474294656,0.9536235513314165,0.17935281003639514,0.18666662275791168,,0.07889759347987371,-2.283499365009425,6.185680689822244,6.185680689822244,8.545755018081756e-10,28036650.5,6.634935253714531,3.246475033117856e-11,0.18537057101955598,0.1164308943379182,GCST90200552,cancerType_celltype,HNSC_Epi_HNSC,tissue,Tumor,Adjacent,group1_higher,1.237817650334265e-09,4.6189409917950294e-11
45289,1109,0.09383457028371724,0.35283142067503553,0.0165228098630905,0.226021721959114,1.1206409829831143,1.1852510355550538,-0.2589968503913183,-0.2094989120960235,,-0.0880327342426023,1.910776317285438,-7.198595660345475,-7.198595660345475,1.092184774919966e-12,22210561.0,-6.585669628410735,4.5284320936435555e-11,-0.23078822496698492,-0.11556637334488706,GCST90200463,cancerType_celltype,HNSC_Epi_HNSC,tissue,Tumor,Adjacent,group2_higher,1.6858979028492793e-12,6.436134456346367e-11
45289,1109,-0.24106163909264522,-0.02004590678724525,-0.3358221054077148,-0.161316305398941,1.0133367373022502,1.0331055551817985,-0.22101573230539998,-0.17450580000877378,,-0.09143371413120963,-3.58795652036971,-7.04186706989158,-7.04186706989158,3.240954609227929e-12,22243357.0,-6.511248705471913,7.4529190790571e-11,-0.2180043646071602,-0.11426042320613183,GCST90200393,cancerType_celltype,HNSC_Epi_HNSC,tissue,Tumor,Adjacent,group2_higher,4.9578239420624765e-12,1.0581592400786279e-10
45289,1109,-0.17044832812053057,-0.3022486355708758,-0.1976303309202194,-0.4281381368637085,0.9033808737052513,0.8970066919230396,0.1318003074503452,0.2305078059434891,,0.05328980453837508,-0.8263976873316504,4.8334723126125825,4.8334723126125825,1.5211109935637564e-06,27980255.5,6.506963307466974,7.66857121737375e-11,0.14592122494533338,0.11418522236343653,GCST90200584,cancerType_celltype,HNSC_Epi_HNSC,tissue,Tumor,Adjacent,group1_higher,2.0306310325439764e-06,1.0876443880624789e-10
45289,1109,0.05055201533337297,-0.08951158042775838,0.0284903384745121,-0.2097793072462082,0.9081058669882063,0.9232412973733952,0.14006359576113134,0.2382696457207203,,0.06109171817911548,-0.8242933112423375,4.9933430443980855,4.9933430443980855,6.842677984647674e-07,27975400.0,6.49594517137326,8.251432852078994e-11,0.15417521276638543,0.1139918743667685,GCST90200168,cancerType_celltype,HNSC_Epi_HNSC,tissue,Tumor,Adjacent,group1_higher,9.234227814925525e-07,1.169095943594976e-10
45289,1109,0.0531337098043158,0.24172515714246312,0.0277353897690773,0.1716865748167038,0.7455224919617398,0.8718367895302502,-0.1885914473381473,-0.1439511850476265,,-0.08665146849065053,2.185647092762812,-7.1400099036981866,-7.1400099036981866,1.6523311595383975e-12,22253915.5,-6.487289280089258,8.739510021765119e-11,-0.2518624576814144,-0.11383997941603408,GCST90200535,cancerType_celltype,HNSC_Epi_HNSC,tissue,Tumor,Adjacent,group2_higher,2.541904481321485e-12,1.2369628410867972e-10
45289,1109,0.49461976631342014,0.30777870137266505,0.5022658109664917,0.2631995975971222,1.181872235569158,1.1993812115429123,0.18684106494075509,0.2390662133693695,,0.06506355719730102,0.6844247251012834,5.127174335848133,5.127174335848133,3.443249309526334e-07,27963443.0,6.468812259567567,9.877696663204621e-11,0.15803274005694382,0.11351574173446277,GCST90200815,cancerType_celltype,HNSC_Epi_HNSC,tissue,Tumor,Adjacent,group1_higher,4.68378124639161e-07,1.3966079410734335e-10
45289,1109,-0.11940596742443105,-0.15183341342578868,-0.1348244547843933,-0.2744434773921966,0.4629522072463896,0.7639950896784857,0.032427446001357635,0.1396190226078033,,0.028746486013863346,-0.34661179547692506,1.407162349059929,1.407162349059929,0.15965472422834878,27962495.0,6.466661051037686,1.0019278931850416e-10,0.06864651975052213,0.1134779919865807,GCST90199886,cancerType_celltype,HNSC_Epi_HNSC,tissue,Tumor,Adjacent,group1_higher,0.17202323250848964,1.4151582574209447e-10
45289,1109,-0.4185521255842389,-0.21203313623889344,-0.4571654498577118,-0.396060436964035,0.6667772520283624,0.8047766956510323,-0.20651898934534543,-0.06110501289367681,,-0.1111310406472751,-0.9811142021421048,-8.474822634885877,-8.474822634885877,7.151347631757908e-17,22265812.5,-6.460292520722166,1.0450156314357548e-10,-0.3080515275724195,-0.113366236008278,GCST90200098,cancerType_celltype,HNSC_Epi_HNSC,tissue,Tumor,Adjacent,group2_higher,1.2048562202825747e-16,1.474488929241132e-10
45289,1109,0.20333972215837604,0.5305885954907529,0.0788140445947647,0.2812688648700714,1.232165599327688,1.4236448277854896,-0.32724887333237684,-0.2024548202753067,,-0.1238600227282466,1.3836972192010342,-7.585692041246971,-7.585692041246971,6.804530049202091e-14,22305975.0,-6.3691554821342145,1.900732580525016e-10,-0.26453248609573576,-0.11176694882545823,GCST90200560,cancerType_celltype,HNSC_Epi_HNSC,tissue,Tumor,Adjacent,group2_higher,1.0822140556665636e-13,2.6791091078134403e-10
45289,1109,-0.05039324936669007,0.14696430033925212,-0.0958766192197799,0.0189533252269029,0.6130359513905055,0.8279387665529508,-0.1973575497059422,-0.11482994444668279,,-0.14354852657304704,1.5441445455138485,-7.885432036162657,-7.885432036162657,7.305024688854245e-15,22315690.0,-6.347110133117546,2.1939869137843258e-10,-0.3188131517950486,-0.11138009355048539,GCST90200852,cancerType_celltype,HNSC_Epi_HNSC,tissue,Tumor,Adjacent,group2_higher,1.1867400060677397e-14,3.089260499471112e-10
45289,1109,-0.5634519198256304,-0.3383430361511972,-0.6216293573379517,-0.4784267842769623,0.9132565912304033,1.0117974357751132,-0.22510888367443316,-0.14320257306098938,,-0.09305854118055078,-0.735804109843275,-7.336272366660678,-7.336272366660678,4.131978037285804e-13,22329062.0,-6.316766292968201,2.6709498625524434e-10,-0.24582358054056644,-0.1108476150392208,GCST90200585,cancerType_celltype,HNSC_Epi_HNSC,tissue,Tumor,Adjacent,group2_higher,6.458584936720816e-13,3.756970756098019e-10
45289,1109,0.404622788384126,0.11776367879129515,0.3442899286746979,0.0532456524670124,1.6416106276430864,1.3661634811222323,0.2868591095928309,0.29104427620768547,,0.06266039546363711,1.7806742444701678,6.872056363013868,6.872056363013868,1.0193014113398535e-11,27893007.0,6.308978373480274,2.808854184487536e-10,0.1753874941826161,0.11071095139498954,GCST90200808,cancerType_celltype,HNSC_Epi_HNSC,tissue,Tumor,Adjacent,group1_higher,1.5453924623539715e-11,3.946874488099496e-10
45289,1109,-0.10038646624363606,-0.18158862777295223,-0.1807594150304794,-0.3305439949035644,0.6791333994604648,0.8297036771996257,0.08120216152931617,0.149784579873085,,0.05671914966036284,-0.8551026450336432,3.232784357542407,3.232784357542407,0.0012608811157641595,27883034.0,6.286347568977625,3.2502421062457427e-10,0.11887021028162283,0.11031382245445398,GCST90200114,cancerType_celltype,HNSC_Epi_HNSC,tissue,Tumor,Adjacent,group1_higher,0.0015141682473890302,4.5623892799309446e-10
45289,1109,0.06455151864737335,-0.02192748618265257,0.0505401976406574,-0.146332636475563,0.72171837620756,0.8884092697773548,0.08647900483002592,0.1968728341162204,,0.04972459732028835,1.557667166272601,3.2157499607607445,3.2157499607607445,0.0013374596062419425,27879790.0,6.278986260463979,3.4079018976057e-10,0.1190932486822472,0.11018464504714442,GCST90200562,cancerType_celltype,HNSC_Epi_HNSC,tissue,Tumor,Adjacent,group1_higher,0.0016018958201298487,4.778776014852437e-10
45289,1109,-0.06333536626144981,0.12278619784495656,-0.1213714182376861,0.0578995458781719,0.6950395546915694,0.9028155162706127,-0.18612156410640637,-0.179270964115858,,-0.11047536145574516,0.9550541444636474,-6.816079152357247,-6.816079152357247,1.51271571114764e-11,22352740.0,-6.263036002281976,3.775561542917923e-10,-0.26561475034579496,-0.10990474739117084,GCST90200747,cancerType_celltype,HNSC_Epi_HNSC,tissue,Tumor,Adjacent,group2_higher,2.2883812589281174e-11,5.288890424457481e-10
45289,1109,0.0034901916735464293,-0.04078721257425909,-0.0306548811495304,-0.1706422716379165,0.5351420658327624,0.7245195244836627,0.04427740424780552,0.1399873904883861,,0.0383269209314098,-3.5463608154885398,2.0216973827864892,2.0216973827864892,0.0434413354285001,27850745.0,6.213077134144974,5.195730346700778e-10,0.08192863659050754,0.10902806126314202,GCST90199975,cancerType_celltype,HNSC_Epi_HNSC,tissue,Tumor,Adjacent,group1_higher,0.04849348090830929,7.270821830136716e-10
45289,1109,0.035847542810645706,0.16816405638416462,0.0137135069817304,0.1136764287948608,0.5152956746409078,0.6476970605850303,-0.13231651357351892,-0.09996292181313039,,-0.10270322032387212,2.2298915721479333,-6.751000083211007,-6.751000083211007,2.330816524894592e-11,22388249.5,-6.182457585307464,6.311172497323128e-10,-0.2550180564725325,-0.10849074457216468,GCST90199823,cancerType_celltype,HNSC_Epi_HNSC,tissue,Tumor,Adjacent,group2_higher,3.50651536802575e-11,8.822695501386076e-10
45289,1109,-0.08398766610247904,-0.16655341152575603,-0.1302936226129531,-0.2624254822731018,0.5704731744058569,0.6708258638418791,0.08256574542327699,0.1321318596601487,,0.05457473748432831,-0.9877270063240917,4.062974635123378,4.062974635123378,5.1746519927072365e-05,27835502.0,6.178487607118615,6.471903288622124e-10,0.1440750407387297,0.10842107876634222,GCST90200276,cancerType_celltype,HNSC_Epi_HNSC,tissue,Tumor,Adjacent,group1_higher,6.536654926839633e-05,9.03811903933602e-10
45289,1109,-0.16599356546510224,0.08160064909711096,-0.1931022405624389,-0.0889102146029472,0.8888382380798404,1.029822541748958,-0.2475942145622132,-0.10419202595949172,,-0.11739008905142402,-1.024465796421026,-7.9344802690055385,-7.9344802690055385,4.9889557973207275e-15,22397620.5,-6.161192843605436,7.219951966568431e-10,-0.27742744081580256,-0.10811758751794232,GCST90200390,cancerType_celltype,HNSC_Epi_HNSC,tissue,Tumor,Adjacent,group2_higher,8.143648804488805e-15,1.0072461136573973e-09
45289,1109,-0.1027730060430455,0.09237781367098831,-0.1399273723363876,0.027593383565545,0.926805337692852,1.0053463121957051,-0.1951508197140338,-0.1675207559019326,,-0.07774101951381478,-0.15384149492652285,-6.398053677347931,-6.398053677347931,2.2822155198932503e-10,22412798.0,-6.126751949657883,8.969177228282126e-10,-0.21012010791910118,-0.10751321325794239,GCST90199866,cancerType_celltype,HNSC_Epi_HNSC,tissue,Tumor,Adjacent,group2_higher,3.344795433994086e-10,1.2499988304855356e-09
45289,1109,0.06899670484327224,0.2423132013175412,0.0375984050333499,0.1546966433525085,0.6656539399624611,0.8241879327325696,-0.17331649647426894,-0.11709823831915858,,-0.1008287972812061,1.8122586817129742,-6.947656919429369,-6.947656919429369,6.22161272468989e-12,22413288.0,-6.125640038075981,9.032043538510909e-10,-0.25872868404878946,-0.10749370125745483,GCST90199692,cancerType_celltype,HNSC_Epi_HNSC,tissue,Tumor,Adjacent,group2_higher,9.453799491362675e-12,1.2574744987732756e-09
45289,1109,-0.9411217397166444,-0.6457676486370096,-1.0321948528289795,-0.9612436890602112,1.188876026470215,1.2442976647707427,-0.29535409107963473,-0.07095116376876831,,-0.1043543239419733,-0.5433654878124673,-7.817785289661059,-7.817785289661059,1.2019924221622886e-14,22428413.0,-6.091318277512203,1.1198544944917127e-09,-0.24814882659838675,-0.10689141756893572,GCST90200904,cancerType_celltype,HNSC_Epi_HNSC,tissue,Tumor,Adjacent,group2_higher,1.9434349601508887e-14,1.5575119142777595e-09
45289,1109,-0.08667499539029244,0.05749869060451106,-0.1084570437669754,0.0026633362285792,0.6356070286946066,0.7315467488479657,-0.1441736859948035,-0.1111203799955546,,-0.08279491292416236,-0.5920783062902384,-6.5032770755316704,-6.5032770755316704,1.1696710563642668e-10,22429270.5,-6.089372432243876,1.1335494874202053e-09,-0.22595406235622387,-0.10685727156808256,GCST90200112,cancerType_celltype,HNSC_Epi_HNSC,tissue,Tumor,Adjacent,group2_higher,1.7272607257036788e-10,1.5749520401159428e-09
45289,1109,0.07207154717731262,0.26921358528738093,0.0441833101212978,0.1777232438325882,0.7242447086342061,0.9335851481884386,-0.1971420381100683,-0.1335399337112904,,-0.10202371991218893,1.901234834341738,-6.9809477453354445,-6.9809477453354445,4.9651988770403775e-12,22439208.5,-6.066821049997078,1.3046770491374082e-09,-0.2700782531278096,-0.1064615363418675,GCST90199855,cancerType_celltype,HNSC_Epi_HNSC,tissue,Tumor,Adjacent,group2_higher,7.561526334531882e-12,1.8108704867355268e-09
45289,1109,0.18552450306745713,0.035756828258258294,0.1269015371799469,-0.048352088779211,0.8503684186477434,0.833620790927693,0.14976767480919884,0.1752536259591579,,0.07770820695168597,2.3752864964161433,5.908150091080783,5.908150091080783,4.536217877414567e-09,27782687.5,6.05864055764452,1.372777307163715e-09,0.17620300484500334,0.10631798376685175,GCST90200645,cancerType_celltype,HNSC_Epi_HNSC,tissue,Tumor,Adjacent,group1_higher,6.4539300280960906e-09,1.903454190909607e-09
45289,1109,-0.2726202663939672,-0.07822404598260452,-0.3323194682598114,-0.2177071869373321,0.8178814980624193,0.8576388134542023,-0.19439622041136267,-0.1146122813224793,,-0.10436011209735474,-1.8011956003562306,-7.465629925461068,-7.465629925461068,1.6253948589703834e-13,22447810.0,-6.047302463320096,1.4729212337571859e-09,-0.23740050055643067,-0.10611902109249238,GCST90200998,cancerType_celltype,HNSC_Epi_HNSC,tissue,Tumor,Adjacent,group2_higher,2.567106828246388e-13,2.040235408141305e-09
45289,1109,0.11813822167524547,0.08245859423207624,0.0939303338527679,-0.0509588755667209,0.5667172507478518,0.86697686908771,0.03567962744316923,0.1448892094194888,,0.025224840993771855,0.5187287452127439,1.3633845345024527,1.3633845345024527,0.1730326040070261,27776624.5,6.044882353723979,1.495201160822167e-09,0.06197435517985268,0.10607655262612514,GCST90199973,cancerType_celltype,HNSC_Epi_HNSC,tissue,Tumor,Adjacent,group1_higher,0.18614320383707703,2.0689940936046837e-09
45289,1109,0.18406258135136808,0.04698603605365295,0.1227059438824653,-0.0582249239087104,0.8912792318935323,0.9777160704151899,0.13707654529771512,0.1809308677911757,,0.05951081712085965,1.969869534235174,4.622126425262385,4.622126425262385,4.226085018666287e-06,27768737.0,6.02698398106634,1.6704872488262454e-09,0.15342541384804143,0.1057624691488892,GCST90200256,cancerType_celltype,HNSC_Epi_HNSC,tissue,Tumor,Adjacent,group1_higher,5.5546324787291704e-06,2.309202961612751e-09
45289,1109,-0.02879307724402285,0.23495507613380798,-0.1319015026092529,0.0950028076767921,1.6054034100175776,1.3786527991857442,-0.2637481533778308,-0.22690431028604502,,-0.06525159070799316,3.0285470831259764,-6.267684723743292,-6.267684723743292,5.124381414094981e-10,22461964.0,-6.015184103054329,1.7968363225866214e-09,-0.1648052259655505,-0.10555540302126598,GCST90200490,cancerType_celltype,HNSC_Epi_HNSC,tissue,Tumor,Adjacent,group2_higher,7.478085511147174e-10,2.4813453978577152e-09
45289,1109,1.0611119831743834,0.8601201874001592,0.9805372953414916,0.6304354071617126,1.4845038625320284,1.4882030354731932,0.2009917957742242,0.35010188817977894,,0.052825279762494584,0.30296642816032177,4.443799182194142,4.443799182194142,9.682216669926775e-06,27762221.0,6.012197826234367,1.830260592009183e-09,0.13538517897964034,0.10550299936281382,GCST90200658,cancerType_celltype,HNSC_Epi_HNSC,tissue,Tumor,Adjacent,group1_higher,1.2556480800295142e-05,2.5249445211624663e-09
45289,1109,-0.09497909739567967,-0.20762363042416512,-0.1229190304875373,-0.2909680604934692,0.6960171823573481,0.7027723868657718,0.11264453302848546,0.16804903000593188,,0.07141895197487018,-1.1282804594689773,5.274815345088684,5.274815345088684,1.5840462622894545e-07,27756141.5,5.99840218039321,1.992698901007515e-09,0.1618039173270754,0.10526091118533598,GCST90200759,cancerType_celltype,HNSC_Epi_HNSC,tissue,Tumor,Adjacent,group1_higher,2.174274980363068e-07,2.746257433845544e-09
45289,1109,0.16669426674852797,0.09054941435659332,0.1330704092979431,-0.0478419624269008,0.619099008558202,0.7635897942516231,0.07614485239193465,0.1809123717248439,,0.057146800203493026,0.8804199920627429,3.2944177642134886,3.2944177642134886,0.001016476650035985,27755096.5,5.996030858754258,2.0220002613721973e-09,0.12223457095164622,0.1052192988577656,GCST90200005,cancerType_celltype,HNSC_Epi_HNSC,tissue,Tumor,Adjacent,group1_higher,0.001228242618793482,2.7838246022730355e-09
45289,1109,-0.10753915933626636,-0.14436256325265395,-0.1201463788747787,-0.2684311866760254,0.44394962068801375,0.7383672619693141,0.036823403916387595,0.1482848078012467,,0.03272289935009711,-0.4248311438091306,1.6534971673286216,1.6534971673286216,0.09850804224287164,27753173.5,5.991667173097125,2.07702115608088e-09,0.08124922356899354,0.10514272421095416,GCST90200271,cancerType_celltype,HNSC_Epi_HNSC,tissue,Tumor,Adjacent,group1_higher,0.10758530575082857,2.856690046153622e-09
45289,1109,-0.21363245354691734,-0.31858791709244155,-0.2566052675247192,-0.3743732869625091,0.6647796136038966,0.8537747390313521,0.10495546354552421,0.11776801943778992,,0.06320220583740147,-0.5765584990480591,4.063754510803227,4.063754510803227,5.159530414080103e-05,27733678.5,5.947428976588638,2.7238877793899657e-09,0.15666986257407395,0.1043664253344132,GCST90200149,cancerType_celltype,HNSC_Epi_HNSC,tissue,Tumor,Adjacent,group1_higher,6.523599215576234e-05,3.742599842044882e-09
45289,1109,-0.13497228111696952,-0.17355853197861015,-0.1563580185174942,-0.3003008663654327,0.47237993187676386,0.7288298437171636,0.038586250861640636,0.14394284784793848,,0.03395026380267235,-0.36275675669377716,1.754082133861419,1.754082133861419,0.07968727469274113,27731130.0,5.941645901759098,2.8217638324528886e-09,0.08037067727873415,0.10426494302167333,GCST90200452,cancerType_celltype,HNSC_Epi_HNSC,tissue,Tumor,Adjacent,group1_higher,0.0876624337418936,3.873176337999282e-09
45289,1109,-0.04947224312002885,-0.1857012706221998,-0.0917914509773254,-0.2958002090454101,0.8933653184248891,0.9565493626419602,0.13622902750217095,0.20400875806808472,,0.058229021709596755,-1.9082710748160332,4.692873191028324,4.692873191028324,3.0158420202447217e-06,27723682.5,5.9247459803178595,3.1278265796208266e-09,0.15222374984455211,0.10396838052446711,GCST90201018,cancerType_celltype,HNSC_Epi_HNSC,tissue,Tumor,Adjacent,group1_higher,3.979276547525223e-06,4.288961396401596e-09
45289,1109,0.24802503797668218,0.07603782312075354,0.148303285241127,-0.0797527283430099,1.1920229469821146,1.1781306931396187,0.17198721485592866,0.22805601358413688,,0.06569364513011638,1.7056834756898756,4.801667803408598,4.801667803408598,1.7782140541085148e-06,27716722.5,5.908952297440246,3.4429274504992315e-09,0.14432173803320356,0.10369123047672546,GCST90200722,cancerType_celltype,HNSC_Epi_HNSC,tissue,Tumor,Adjacent,group1_higher,2.3622863116470817e-06,4.716291572894928e-09
45289,1109,-0.13698028175663507,0.07141559452334514,-0.2093117982149124,-0.0718979239463806,1.0850212765437954,1.0268561477593596,-0.2083958762799802,-0.1374138742685318,,-0.0708472778959674,-0.9396475187553867,-6.66788681833266,-6.66788681833266,3.992032087464191e-11,22510860.0,-5.904228942424477,3.5430230442705593e-09,-0.19230590958072527,-0.10360834429506238,GCST90200286,cancerType_celltype,HNSC_Epi_HNSC,tissue,Tumor,Adjacent,group2_higher,5.959627311296487e-11,4.8485345475308955e-09
45289,1109,-0.10429605843507214,-0.20665560706028208,-0.1627738326787948,-0.3127542734146118,0.6943900196832702,0.7309035211593361,0.10235954862520993,0.149980440735817,,0.06873687286796959,-0.9865370200795072,4.613037935988858,4.613037935988858,4.410127024826548e-06,27701008.0,5.873292839167221,4.272257408164503e-09,0.14721969047876912,0.1030654726570075,GCST90199932,cancerType_celltype,HNSC_Epi_HNSC,tissue,Tumor,Adjacent,group1_higher,5.7909471433897736e-06,5.840608673348262e-09
45289,1109,0.24035666556986962,0.11096199030634789,0.2222409099340438,0.0835378691554069,0.7413632198622789,0.7353054334644088,0.12939467526352172,0.1387030407786369,,0.06992553974222068,1.1151042431111358,5.788623241609918,5.788623241609918,9.118308895085183e-09,27698055.0,5.866591869980786,4.448468786276794e-09,0.1745700701141927,0.10294788298876312,GCST90199942,cancerType_celltype,HNSC_Epi_HNSC,tissue,Tumor,Adjacent,group1_higher,1.2919184016633163e-08,6.075413783261794e-09
45289,1109,-0.03945603447085001,-0.09338924489364052,-0.1029128953814506,-0.2802961766719818,0.723339582910148,0.8565052756609419,0.053933210422790506,0.17738328129053121,,0.03506250953900473,-1.2429893312291946,2.078893830924171,2.078893830924171,0.03784892200516296,27675584.5,5.8156016471213885,6.041659675667175e-09,0.07420596991089864,0.10205309848477162,GCST90200270,cancerType_celltype,HNSC_Epi_HNSC,tissue,Tumor,Adjacent,group1_higher,0.042459325673281575,8.243025163097456e-09
45289,1109,-0.14016239073554554,0.08407551704914745,-0.2574334740638733,-0.0869036242365837,1.2356584036003406,1.1780307265567396,-0.224237907784693,-0.17052984982728958,,-0.07218924394339916,-0.7373347705354609,-6.255259432660778,-6.255259432660778,5.557372146693209e-10,22554603.5,-5.804965872459409,6.43795514934347e-09,-0.18167013591868053,-0.10186646022704682,GCST90199922,cancerType_celltype,HNSC_Epi_HNSC,tissue,Tumor,Adjacent,group2_higher,8.075371253670409e-10,8.77493286855515e-09
45289,1109,-0.07171561229161877,0.11976212224592618,-0.0998394414782524,-0.0027163750492036,0.8298189267076542,0.8874684494195703,-0.19147773453754496,-0.09712306642904879,,-0.08533313311399451,0.7398044925919866,-7.109372287465161,-7.109372287465161,2.0369477138413788e-12,22571675.5,-5.7662259652630565,8.106689742293693e-09,-0.23035129404536897,-0.10118664620189655,GCST90200026,cancerType_celltype,HNSC_Epi_HNSC,tissue,Tumor,Adjacent,group2_higher,3.1265312319434675e-12,1.1038379739007296e-08
45289,1109,0.10869035858295284,-0.1268828560078472,-0.0085471831262111,-0.2264841794967651,1.3154683128841862,1.0384171941496623,0.23557321459080005,0.217936996370554,,0.07646649837825757,-0.2232712757657066,7.410543157923118,7.410543157923118,2.3702684391406555e-13,27653232.0,5.764879190724571,8.171690420349041e-09,0.17989069312214254,0.10116301278906104,GCST90200398,cancerType_celltype,HNSC_Epi_HNSC,tissue,Tumor,Adjacent,group1_higher,3.7348854133511135e-13,1.1115782477979784e-08
45289,1109,0.29025029121189955,0.08254239381256541,0.2266471683979034,0.0338599048554897,1.3064336853502234,1.0007241998678333,0.20770789739933415,0.19278726354241368,,0.05427019467358142,1.8140778232792973,6.772142161990324,6.772142161990324,1.9802116119932596e-11,27650158.0,5.757903647453625,8.516551256224431e-09,0.1597788527374928,0.10104060485130839,GCST90200501,cancerType_celltype,HNSC_Epi_HNSC,tissue,Tumor,Adjacent,group1_higher,2.985650914985412e-11,1.1573339344201295e-08
45289,1109,0.40101470849596127,0.2569368856117579,0.3355994522571563,0.0816090777516365,1.0051109389248463,1.0860525658988327,0.14407782288420334,0.2539903745055198,,0.0570980533886973,0.6422391187244327,4.372249018965057,4.372249018965057,1.3405686115341052e-05,27649265.0,5.755877245325793,8.61935837293209e-09,0.14305927510375158,0.10100504522593012,GCST90200859,cancerType_celltype,HNSC_Epi_HNSC,tissue,Tumor,Adjacent,group1_higher,1.7270274267684172e-05,1.1701379942536294e-08
45289,1109,0.21378509831949263,0.07466413046827924,0.1368040144443512,0.0006254480686038,0.8547428918850689,0.8261250801977414,0.1391209678512134,0.1361785663757474,,0.07964182386897128,1.5176614941222124,5.535970684181872,5.535970684181872,3.8205438909059904e-08,27647856.0,5.752679932226001,8.784028534620179e-09,0.16289164148316712,0.10094893826942619,GCST90199805,cancerType_celltype,HNSC_Epi_HNSC,tissue,Tumor,Adjacent,group1_higher,5.324541230373072e-08,1.191306556486299e-08
45289,1109,-0.3936665322272211,-0.18257620752332657,-0.3907479345798492,-0.2394215166568756,1.2798813241715796,0.9022736452897426,-0.21109032470389452,-0.15132641792297358,,-0.0657662442581248,-1.108471056808072,-7.605919982479752,-7.605919982479752,5.6282932511505587e-14,22578967.5,-5.749678905558524,8.94136949053036e-09,-0.16592926099777416,-0.10089627577831428,GCST90200011,cancerType_celltype,HNSC_Epi_HNSC,tissue,Tumor,Adjacent,group2_higher,8.98286147695341e-14,1.2114400214307037e-08
45289,1109,-0.1300143760751071,-0.1799848200635761,-0.1610782295465469,-0.3420943319797516,0.5602604766683996,0.7855362670275041,0.049970443988469004,0.18101610243320468,,0.035749439025120025,-0.4692009987512722,2.105351499944324,2.105351499944324,0.03547984940204993,27633462.5,5.720018096809488,1.0651341932440173e-08,0.08818026204229398,0.10037578321020635,GCST90200551,cancerType_celltype,HNSC_Epi_HNSC,tissue,Tumor,Adjacent,group1_higher,0.0399331418125467,1.4416861026728854e-08
45289,1109,0.007129575183599183,0.15732172499986422,-0.0465293079614639,0.0719146057963371,0.7911109776293576,0.8121154689322695,-0.15019214981626502,-0.118443913757801,,-0.0734840267273933,4.463564814925078,-6.0884553942309285,-6.0884553942309285,1.5474259384569792e-09,22593096.0,-5.717618410079162,1.080281164268774e-08,-0.18972780191180647,-0.1003336731275214,GCST90199685,cancerType_celltype,HNSC_Epi_HNSC,tissue,Tumor,Adjacent,group2_higher,2.2318958244622884e-09,1.4607373282721616e-08
45289,1109,0.17001012362738852,-0.0914914791602528,0.0739894583821296,-0.1566109210252761,1.5088905605983152,1.1522587048322668,0.26150160278764134,0.2306003794074057,,0.07144795833682333,0.8939040819267107,7.403859778824718,7.403859778824718,2.479378146919581e-13,27596170.0,5.635393683201243,1.746600209033297e-08,0.17417631777841452,0.09889078060167078,GCST90199839,cancerType_celltype,HNSC_Epi_HNSC,tissue,Tumor,Adjacent,group1_higher,3.9023007092972157e-13,2.3593816500618273e-08
45289,1109,-0.09732931892321353,0.13798057978907288,-0.19725401699543,-0.108670063316822,1.1776004858626825,1.1484815205372427,-0.2353098987122864,-0.088583953678608,,-0.07697060056184184,0.5035144960455711,-6.736934597250992,-6.736934597250992,2.5357440004615887e-11,22646063.0,-5.597425306490291,2.1755995776087008e-08,-0.19993814517911784,-0.09822450551563433,GCST90199623,cancerType_celltype,HNSC_Epi_HNSC,tissue,Tumor,Adjacent,group2_higher,3.810605372248231e-11,2.9359824002778804e-08
45289,1109,0.0016871098819229717,-0.08649882748401812,-0.0406866632401943,-0.2351705133914947,0.9221890162522319,1.0536278801221985,0.08818593736594109,0.1944838501513004,,0.03537043480346633,-5.679216535758439,2.7614817405500003,2.7614817405500003,0.005845559379413243,27574721.5,5.586722590212667,2.313964181198259e-08,0.09527995463827373,0.09803669255583936,GCST90200412,cancerType_celltype,HNSC_Epi_HNSC,tissue,Tumor,Adjacent,group1_higher,0.00685671035640297,3.119617387708434e-08
45289,1109,-0.18006126406918826,-0.03712703806474677,-0.2103102952241897,-0.131062626838684,0.6028392383381841,0.7171838506836236,-0.1429342260044415,-0.0792476683855057,,-0.09413210670863234,-2.2779148782341694,-6.580315064559138,-6.580315064559138,7.124355991851495e-11,22656507.5,-5.573724570740977,2.493514818220343e-08,-0.23593453819596988,-0.0978086012521806,GCST90200275,cancerType_celltype,HNSC_Epi_HNSC,tissue,Tumor,Adjacent,group2_higher,1.0600979494425314e-10,3.358360372761193e-08
45289,1109,0.024316221840231477,-0.09120459095147675,-0.0135656408965587,-0.1602140218019485,0.7052175676660535,0.672258932153158,0.11552081279170823,0.14664838090538979,,0.06154541269451724,-1.907143849876388,5.646968862434426,5.646968862434426,2.0490926805897657e-08,27567054.0,5.569323443163228,2.5573204114370884e-08,0.16398760455093442,0.09773136956861816,GCST90200443,cancerType_celltype,HNSC_Epi_HNSC,tissue,Tumor,Adjacent,group1_higher,2.8763268008690532e-08,3.4408960718546415e-08
45289,1109,-0.16538160496003856,-0.012934310494429148,-0.2247458696365356,-0.1053133159875869,0.6979077615241904,0.8508263073077336,-0.15244729446560942,-0.11943255364894868,,-0.09592478669913902,-3.6764209095019584,-5.918286835041188,-5.918286835041188,4.293389641548766e-09,22666682.0,-5.550636520965362,2.8463318091808975e-08,-0.21717745829245444,-0.09740344849919969,GCST90200848,cancerType_celltype,HNSC_Epi_HNSC,tissue,Tumor,Adjacent,group2_higher,6.121223934551222e-09,3.825986445674126e-08
45289,1109,0.22535506125233806,0.05997198234783356,0.176148772239685,-0.0625234395265579,1.1033069982721257,0.9419798366557086,0.1653830789045045,0.2386722117662429,,0.06902806391691445,1.909821631472994,5.750961586154667,5.750961586154667,1.1285543276346416e-08,27551216.0,5.5333837377874175,3.141132501274317e-08,0.15038514417852825,0.09710069392836918,GCST90200892,cancerType_celltype,HNSC_Epi_HNSC,tissue,Tumor,Adjacent,group1_higher,1.5956634321224236e-08,4.21809221599694e-08
45289,1109,0.17003346737997613,0.283998311804718,0.0128145162016153,0.2443547397851944,1.34622132771556,1.0083889621838944,-0.11396484442474189,-0.2315402235835791,,-0.04172475459609796,0.740060211638853,-3.684110000624959,-3.684110000624959,0.00023966935159380173,22681072.5,-5.51798149317078,3.4291774764217796e-08,-0.08510255497469367,-0.09683041290120731,GCST90200659,cancerType_celltype,HNSC_Epi_HNSC,tissue,Tumor,Adjacent,group2_higher,0.0002972423350521854,4.6003630909083524e-08
45289,1109,0.24215550455809173,0.44025261210811084,0.1283662617206573,0.3218623697757721,1.5572397074283566,1.1473873536247063,-0.1980971075500191,-0.1934961080551148,,-0.05868027990669428,0.8623950852065038,-5.624109647603351,-5.624109647603351,2.3140004387657935e-08,22684437.0,-5.510346745176278,3.5812981377125923e-08,-0.12791049660701587,-0.0966964371345942,GCST90199824,cancerType_celltype,HNSC_Epi_HNSC,tissue,Tumor,Adjacent,group2_higher,3.241503184005937e-08,4.799714219962894e-08
45289,1109,-0.061331377630235655,0.06967901188848294,-0.1071031615138053,-0.0386565364897251,0.6442427384967608,0.6689952928958999,-0.1310103895187186,-0.06844662502408021,,-0.08026057666845185,0.18409599005051913,-6.448704541521609,-6.448704541521609,1.6526230267589466e-10,22686863.0,-5.5048416482422144,3.695026195654941e-08,-0.20316572534224286,-0.09659983282197626,GCST90199758,cancerType_celltype,HNSC_Epi_HNSC,tissue,Tumor,Adjacent,group2_higher,2.4325325977024237e-10,4.947269847424052e-08
45289,1109,-0.06513535643026708,-0.11570989901439381,-0.1063012033700943,-0.2390141189098358,0.623658637765765,0.7892313801301373,0.05057454258412673,0.1327129155397415,,0.03484831678653739,-0.8289898346018088,2.11786470735812,2.11786470735812,0.034402095131973,27535000.0,5.496586272048427,3.8721619344537e-08,0.08051711382868905,0.09645496617345839,GCST90199901,cancerType_celltype,HNSC_Epi_HNSC,tissue,Tumor,Adjacent,group1_higher,0.03878416514878345,5.179349084063192e-08
45289,1109,-0.21595990041958113,-0.22800882513954976,-0.252472311258316,-0.3883476257324219,0.5132076615113885,0.7349231717418677,0.012048924719968629,0.1358753144741059,,0.009822900298703856,-0.07832585566714374,0.5427433667378618,0.5427433667378618,0.5874131030465739,27531780.5,5.489280559113876,4.035767489782611e-08,0.023188561749589675,0.09632676436617338,GCST90200992,cancerType_celltype,HNSC_Epi_HNSC,tissue,Tumor,Adjacent,group1_higher,0.6044800138850981,5.3928932240918614e-08
45289,1109,-0.0840753556033101,-0.12183326468664424,-0.1047166213393211,-0.2372830808162689,0.5286409828792011,0.713302151030818,0.03775790908333414,0.13256645947694778,,0.0254862285952884,-0.5351478937631611,1.7510521126338452,1.7510521126338452,0.08020634745985784,27528592.5,5.48204632620959,4.2043679337913785e-08,0.07073471212668798,0.09619981690177659,GCST90200420,cancerType_celltype,HNSC_Epi_HNSC,tissue,Tumor,Adjacent,group1_higher,0.08816229966756954,5.612687065384573e-08
45289,1109,-0.0861024762727708,0.09966738205002092,-0.0979990735650062,0.038762379437685,0.9293761513505396,0.9828770446278696,-0.18576985832279172,-0.1367614530026912,,-0.07365721369491995,0.21106442388315214,-6.226427330492851,-6.226427330492851,6.664006503078711e-10,22700938.0,-5.472902555353937,4.427264176060889e-08,-0.19960451227873105,-0.09603936056307327,GCST90200003,cancerType_celltype,HNSC_Epi_HNSC,tissue,Tumor,Adjacent,group2_higher,9.662809429464132e-10,5.904462888425628e-08
45289,1109,0.06097502716712168,-0.050531587705483896,0.024146718904376,-0.1067364737391471,0.7593639678402944,0.8393174759668217,0.11150661487260558,0.1308831926435231,,0.060913931600689246,0.2710280957282547,4.380570434874109,4.380570434874109,1.2913865113215612e-05,27522359.5,5.4679023570463485,4.553955269391336e-08,0.14645498780911165,0.09595161629149307,GCST90200191,cancerType_celltype,HNSC_Epi_HNSC,tissue,Tumor,Adjacent,group1_higher,1.66681800656372e-05,6.067488790010158e-08
45289,1109,-0.027368619898652854,0.1118684971105262,-0.0644582286477088,0.0445866994559764,0.6631897095313701,0.7722651444853025,-0.13923711700917904,-0.1090449281036852,,-0.07273497430565978,2.0311694133562477,-5.95069917552166,-5.95069917552166,3.5415997763923817e-09,22708932.0,-5.4547625121177825,4.903865340907508e-08,-0.2090638529313628,-0.09572103621226202,GCST90199907,cancerType_celltype,HNSC_Epi_HNSC,tissue,Tumor,Adjacent,group2_higher,5.075920604861005e-09,6.527312948883724e-08
45289,1109,-0.07737906111489253,-0.11789003456197428,-0.1221148744225502,-0.2148295640945434,0.48128713498671916,0.7454954886635136,0.04051097344708175,0.0927146896719932,,0.03505121020812789,-0.607420234337863,1.800480623713793,1.800480623713793,0.07205119345061917,27511339.0,5.442894557886472,5.242201373742106e-08,0.08280006297780867,0.09551277547236414,GCST90200329,cancerType_celltype,HNSC_Epi_HNSC,tissue,Tumor,Adjacent,group1_higher,0.07951884750865905,6.970849241376088e-08
45289,1109,0.13104102654046856,0.2662490430782493,0.0946292132139206,0.2489852458238601,0.9037068000167314,0.850836167025317,-0.13520801653778075,-0.15435603260993952,,-0.05873169615192236,1.022752185487627,-5.22041399575933,-5.22041399575933,2.1110170705387868e-07,22715681.5,-5.439446497378925,5.3446696531734076e-08,-0.14981825053643158,-0.09545226836064813,GCST90199891,cancerType_celltype,HNSC_Epi_HNSC,tissue,Tumor,Adjacent,group2_higher,2.885974189713507e-07,7.100180055823933e-08
45289,1109,-0.168041091155099,-0.18409705824335001,-0.2128073573112487,-0.3525834083557129,0.6230460961274294,0.8339302981550336,0.016055967088251022,0.1397760510444642,,0.010856724929815313,-0.1316517657967874,0.6368314780847566,0.6368314780847566,0.5243626433521371,27491883.0,5.398744860463076,6.710915448353723e-08,0.025529952785253336,0.09473802959178057,GCST90199849,cancerType_celltype,HNSC_Epi_HNSC,tissue,Tumor,Adjacent,group1_higher,0.5435028767216448,8.90650219679272e-08
45289,1109,-0.18449799882652818,-0.26895170013495967,-0.2234371602535247,-0.4024145901203155,0.7264434606656838,0.8274070004544919,0.0844537013084315,0.1789774298667908,,0.03927449564411655,-0.54373948524977,3.3674771571376674,3.3674771571376674,0.0007836905090272773,27489716.5,5.393828622825956,6.897244100791398e-08,0.11584590146505203,0.09465175867533904,GCST90200946,cancerType_celltype,HNSC_Epi_HNSC,tissue,Tumor,Adjacent,group1_higher,0.0009520233188985552,9.144886876827504e-08
45289,1109,-0.09402683265092189,-0.12687700255807552,-0.1078525185585022,-0.2401426881551742,0.5303711491285462,0.8260841823019398,0.03285016990715363,0.132290169596672,,0.024117612592030577,-0.4322821947884857,1.3176445122492568,1.3176445122492568,0.18788964220920656,27481308.0,5.374747993159805,7.669034829894291e-08,0.060909635350108016,0.09431692876493147,GCST90200196,cancerType_celltype,HNSC_Epi_HNSC,tissue,Tumor,Adjacent,group1_higher,0.20196654757977012,1.0158303666808473e-07
45289,1109,0.16036009511178131,0.07218280023417786,0.1228643208742141,0.0107232350856065,0.6373472310848471,0.7878937996205261,0.08817729487760345,0.1121410857886076,,0.05890173327872075,1.1515771714658372,3.6974558651154865,3.6974558651154865,0.000228098697993119,27479522.0,5.3706951889041425,7.843417992333154e-08,0.13748604562082417,0.09424580951417494,GCST90200187,cancerType_celltype,HNSC_Epi_HNSC,tissue,Tumor,Adjacent,group1_higher,0.0002836665377414427,1.0379202644223387e-07
45289,1109,-0.02432115722179298,-0.03216923097093112,-0.0623885281383991,-0.2367623597383499,0.5647112938047755,0.9367944898781984,0.007848073749138141,0.1743738315999508,,0.005163689656957699,-0.40345510167189713,0.2777543333226402,0.2777543333226402,0.7812518561332047,27476700.0,5.364291485875317,8.126808846735301e-08,0.013615589726536285,0.09413343631953008,GCST90199739,cancerType_celltype,HNSC_Epi_HNSC,tissue,Tumor,Adjacent,group1_higher,0.7925506126495399,1.0743783179534641e-07
45289,1109,0.15372616440316764,0.10357817787964886,0.1339878588914871,0.0057299449108541,0.6035244214546098,0.7278824307773833,0.050147986523518776,0.128257913980633,,0.030262877121441243,0.5696381066174683,2.275269537072888,2.275269537072888,0.023073848341580026,27464957.5,5.33764531903762,9.416201631348983e-08,0.08264452541990322,0.09366584516498899,GCST90200050,cancerType_celltype,HNSC_Epi_HNSC,tissue,Tumor,Adjacent,group1_higher,0.02625179907309981,1.243632056543475e-07
45289,1109,-0.2344406553585571,-0.04464947830170151,-0.2821502387523651,-0.1757017821073532,0.8371289839451249,0.971798035738156,-0.18979117705685558,-0.1064484566450119,,-0.07444965937747096,-2.3924813942679637,-6.445483172401171,-6.445483172401171,1.6924852453557423e-10,22765060.0,-5.327396444221996,9.963116941040492e-08,-0.22578152708147875,-0.09348599628702559,GCST90200139,cancerType_celltype,HNSC_Epi_HNSC,tissue,Tumor,Adjacent,group2_higher,2.488519298187569e-10,1.3145913253279951e-07
45289,1109,-0.20945164266107344,-0.30827185574109145,-0.2405964285135269,-0.3588034808635711,0.7494587239716575,0.769310529254585,0.09882021308001801,0.11820705235004422,,0.0653407249565973,-0.5575837750538496,4.2288393538049505,4.2288393538049505,2.5337725036605225e-05,27448136.0,5.299473848272423,1.1613759035466396e-07,0.1317710125013449,0.09299600615233294,GCST90200577,cancerType_celltype,HNSC_Epi_HNSC,tissue,Tumor,Adjacent,group1_higher,3.2275999275600856e-05,1.5309046001296612e-07
45289,1109,0.22064519548772626,0.06914881960536828,0.1457162201404571,0.0153002087026834,0.8676143765870601,0.7604744812733174,0.15149637588235798,0.1304160114377737,,0.08101159694662673,1.6739374788649264,6.530858076421077,6.530858076421077,9.697718188115308e-11,27447903.0,5.298945122969193,1.1647435488690096e-07,0.17509773279939445,0.09298672799699892,GCST90200169,cancerType_celltype,HNSC_Epi_HNSC,tissue,Tumor,Adjacent,group1_higher,1.436738031565344e-10,1.5338603450323287e-07
45289,1109,-0.24893455225526695,-0.3457179525022595,-0.2864779829978943,-0.4512504935264587,0.7587703000657886,0.6989419600093829,0.09678340024699256,0.1647725105285644,,0.05456896344010113,-0.4738274085355627,4.546190830768322,4.546190830768322,6.028471134451767e-06,27442527.0,5.286745864470622,1.2451220121164194e-07,0.12778430727413226,0.09277265347736408,GCST90200083,cancerType_celltype,HNSC_Epi_HNSC,tissue,Tumor,Adjacent,group1_higher,7.893185548758653e-06,1.638128670380965e-07
45289,1109,0.15174146308039504,0.057726960684611285,0.1137584447860717,-0.0265270974487066,0.6393817923725061,0.6060814255450423,0.09401450239578377,0.1402855422347783,,0.061014983036708534,1.3942826945424445,5.096724581289749,5.096724581289749,4.0271619236550043e-07,27436571.0,5.273230465732251,1.3404389018927597e-07,0.14721814153911567,0.09253548312041726,GCST90199759,cancerType_celltype,HNSC_Epi_HNSC,tissue,Tumor,Adjacent,group1_higher,5.461713136260469e-07,1.7618304949660862e-07
45289,1109,-0.3537265237664496,-0.11173218966321474,-0.3453769087791443,-0.1983133405447006,1.6053815957957582,1.0097970023744862,-0.24199433410323484,-0.1470635682344437,,-0.05734764295194504,-1.6625806871830329,-7.7445632660108705,-7.7445632660108705,1.9722438189720445e-14,22796580.0,-5.255871029810736,1.4732641868800557e-07,-0.15183915361975214,-0.09223085699035638,GCST90199788,cancerType_celltype,HNSC_Epi_HNSC,tissue,Tumor,Adjacent,group2_higher,3.173752450128567e-14,1.9345463263174525e-07
45289,1109,-0.046998328218994835,0.1616521732612094,-0.0955097377300262,0.0105421850457787,0.7179680020551744,0.9547046427544138,-0.20865050148020423,-0.1060519227758049,,-0.10606919800934544,1.7821897869214642,-7.228190400664134,-7.228190400664134,8.952027599205858e-13,22804249.5,-5.238467344346677,1.619166138235983e-07,-0.28798296974918935,-0.09192545436231692,GCST90200373,cancerType_celltype,HNSC_Epi_HNSC,tissue,Tumor,Adjacent,group2_higher,1.3881244161225921e-12,2.1240841640189075e-07
45289,1109,0.016944813053479193,0.1727182893116091,0.0003242895763833,0.1145633533596992,0.9734223189931889,0.8268162092805739,-0.1557734762581299,-0.1142390637833159,,-0.06054705030893131,3.34942844868653,-6.17024549373737,-6.17024549373737,9.344653094426355e-10,22804468.0,-5.237971522549442,1.6235210327931118e-07,-0.16056151451714087,-0.09191675360291574,GCST90200979,cancerType_celltype,HNSC_Epi_HNSC,tissue,Tumor,Adjacent,group2_higher,1.3520978946606286e-09,2.1277491997086649e-07
45289,1109,0.04697628678537787,-0.05455882137567044,0.0128551302477717,-0.1064840704202652,0.6604698670346099,0.6284312142841424,0.10153510816104831,0.1193392006680369,,0.06444566197409515,-0.21587552947390798,5.3091985431544675,5.3091985431544675,1.3169501585033645e-07,27416352.0,5.227349363131323,1.7195844845676995e-07,0.15390569577084665,0.09173035426764575,GCST90200372,cancerType_celltype,HNSC_Epi_HNSC,tissue,Tumor,Adjacent,group1_higher,1.8149677108595406e-07,2.2514828553945961e-07
45289,1109,-0.23087006002018703,-0.08494709203713821,-0.272154301404953,-0.2003100663423538,0.5635680651298122,0.7489063848196749,-0.14592296798304882,-0.07184423506259921,,-0.09029132442720654,-1.4424338913270274,-6.4442360722769125,-6.4442360722769125,1.7114208687021915e-10,22814068.0,-5.216187132373423,1.8264477999204697e-07,-0.25659102398090855,-0.09153447767499623,GCST90200609,cancerType_celltype,HNSC_Epi_HNSC,tissue,Tumor,Adjacent,group2_higher,2.5136494009063437e-10,2.389105903350864e-07
45289,1109,-0.09259419927841012,-0.11664094110337574,-0.1433560848236084,-0.2614178359508514,0.5432695267822171,0.8554213770254132,0.02404674182496562,0.11806175112724299,,0.01498553957671702,-0.33307733157859076,0.9315533908786996,0.9315533908786996,0.3517663608397712,27408787.0,5.210182809831158,1.8865580512070312e-07,0.04350127283866485,0.09142911287236344,GCST90200957,cancerType_celltype,HNSC_Epi_HNSC,tissue,Tumor,Adjacent,group1_higher,0.36938177952589224,2.465367808049073e-07
45289,1109,-0.2958326138361285,-0.17287543951460255,-0.3634006083011627,-0.2774860858917236,0.7010747332700229,0.7391230151585344,-0.12295717432152597,-0.08591452240943914,,-0.06285032361320904,-0.7750447221974239,-5.479877993746482,-5.479877993746482,5.2199864321103845e-08,22821538.5,-5.199235019164054,2.0011159903440072e-07,-0.17515082000291346,-0.09123699930837925,GCST90199903,cancerType_celltype,HNSC_Epi_HNSC,tissue,Tumor,Adjacent,group2_higher,7.245256117073782e-08,2.612568098504676e-07
45289,1109,0.016703048114505046,-0.15015470144908702,-0.0918138325214386,-0.218751847743988,1.0275894354069213,1.1293966004351021,0.16685774956359206,0.1269380152225494,,0.06276088431404736,-3.1681895777301805,4.870884243734789,4.870884243734789,1.2657236267591858e-06,27394006.0,5.176641656582021,2.2591690875328285e-07,0.1619761121614575,0.0908405274045947,GCST90199700,cancerType_celltype,HNSC_Epi_HNSC,tissue,Tumor,Adjacent,group1_higher,1.694677115199185e-06,2.9466482931169813e-07
45289,1109,0.3236421397095361,0.12328100313618948,0.2402035593986511,0.0282906554639339,1.2450211479572626,1.0431174212778729,0.20036113657334662,0.2119129039347172,,0.06616443393465166,1.3924417146189563,6.287821893542087,6.287821893542087,4.516034780787769e-10,27389125.0,5.165565655701902,2.397143176736901e-07,0.16150569754771665,0.09064616398749314,GCST90200596,cancerType_celltype,HNSC_Epi_HNSC,tissue,Tumor,Adjacent,group1_higher,6.597379856606355e-10,3.1236196461686387e-07
45289,1109,-0.2813692661152308,-0.1326708199091657,-0.3321499526500702,-0.2575668096542358,0.639686558561667,0.7573350151675142,-0.14869844620606507,-0.0745831429958344,,-0.09429551959969883,-1.084607911074209,-6.48221338840535,-6.48221338840535,1.3396411282098717e-10,22849163.0,-5.136549301828907,2.798306529716729e-07,-0.2313482568261569,-0.09013698041558604,GCST90200279,cancerType_celltype,HNSC_Epi_HNSC,tissue,Tumor,Adjacent,group2_higher,1.9739793056757354e-10,3.642876599812705e-07
45289,1109,-0.055405209104440266,0.08121774921894287,-0.119374044239521,0.0673621222376823,1.0292400860882465,0.9283673619580034,-0.13662295832338314,-0.1867361664772033,,-0.054328379121774115,0.5517651485585151,-4.828701929441731,-4.828701929441731,1.5553098800980244e-06,22851829.5,-5.130498460536787,2.8897766531486675e-07,-0.1330380355426485,-0.09003079929456548,GCST90199892,cancerType_celltype,HNSC_Epi_HNSC,tissue,Tumor,Adjacent,group2_higher,2.0742537833401248e-06,3.7583641013756044e-07
45289,1109,0.24222518143375754,0.1186753887383599,0.1837888956069946,0.0614433586597442,0.7518312120189803,0.7160097143140944,0.12354979269539765,0.1223455369472504,,0.07341453062828622,1.0293218775083266,5.670272726842903,5.670272726842903,1.7954206897755612e-08,27372438.0,5.1276993933199,2.9330603783503885e-07,0.16451465583646513,0.08998168081986879,GCST90200253,cancerType_celltype,HNSC_Epi_HNSC,tissue,Tumor,Adjacent,group1_higher,2.522843711509371e-08,3.8110212542341083e-07
45289,1109,-0.19640245090761335,-0.2273059068256861,-0.2482861578464508,-0.4274104535579681,0.6916739314735121,0.8248657684397521,0.030903455918072753,0.17912429571151728,,0.01797140900371479,-0.2108212430248202,1.2370367091503904,1.2370367091503904,0.21632677491581043,27368108.0,5.117873725667591,3.0900121693476766e-07,0.04445566592230133,0.0898092584482133,GCST90200376,cancerType_celltype,HNSC_Epi_HNSC,tissue,Tumor,Adjacent,group1_higher,0.2312575640864703,4.011130082686556e-07
45289,1109,-0.21783952616932253,-0.005814023709818603,-0.2789360582828522,-0.1112884059548378,1.2868657399327983,1.2428305981297638,-0.21202550245950394,-0.16764765232801437,,-0.05924795853218733,-5.2273434878749425,-5.608086267979927,-5.608086267979927,2.552510167142606e-08,22860050.0,-5.111844441844917,3.19030404835161e-07,-0.16489366598061173,-0.08970345562107984,GCST90200568,cancerType_celltype,HNSC_Epi_HNSC,tissue,Tumor,Adjacent,group2_higher,3.571941845806337e-08,4.1373781331144094e-07
45289,1109,-0.05370154230738165,0.19162650418684485,-0.1232995018362999,-0.0277537554502487,1.329885868236842,1.3088615689028158,-0.24532804649422651,-0.09554574638605119,,-0.07377066597937504,1.835242352232556,-6.164501706489236,-6.164501706489236,9.729842585390562e-10,22879616.5,-5.067443997013765,4.0319547403561e-07,-0.18454214287010592,-0.08892430958528419,GCST90199715,cancerType_celltype,HNSC_Epi_HNSC,tissue,Tumor,Adjacent,group2_higher,1.4048490936321332e-09,5.223910942115366e-07
45289,1109,-0.2534369107825889,-0.23773778729036624,-0.3045141100883484,-0.4667120575904846,0.6749335541956559,1.0061609377812133,-0.01569912349222266,0.16219794750213623,,-0.010882072740305159,-0.09225504827443287,-0.5167662663725788,-0.5167662663725788,0.6054202242146403,27344586.5,5.064498565925382,4.094791587267568e-07,-0.02292800686778432,0.08887262269419671,GCST90200507,cancerType_celltype,HNSC_Epi_HNSC,tissue,Tumor,Adjacent,group2_higher,0.6223135487213836,5.300285786748049e-07
45289,1109,-0.36997338678602654,-0.17721612305652074,-0.5083656311035156,-0.3670764565467834,0.9489087983548429,1.0880209175652977,-0.1927572637295058,-0.14128917455673223,,-0.09455925949963984,-1.0619073902860265,-5.845638573484893,-5.845638573484893,6.567432614893754e-09,22883545.0,-5.058529416096422,4.225045948002723e-07,-0.20237666541252738,-0.08876787510790585,GCST90200516,cancerType_celltype,HNSC_Epi_HNSC,tissue,Tumor,Adjacent,group2_higher,9.334109128363073e-09,5.463697938451339e-07
45289,1109,0.14549645169950146,0.038139843703369376,0.0974959209561348,-0.0224242731928825,0.7862924952069306,0.9725431598852408,0.10735660799613209,0.11992019414901729,,0.05342443431816881,1.9315852228313246,3.647014441804057,3.647014441804057,0.00027724417862031147,27333988.0,5.040448372250327,4.644451661025804e-07,0.13567948782213538,0.08845058608773271,GCST90200625,cancerType_celltype,HNSC_Epi_HNSC,tissue,Tumor,Adjacent,group1_higher,0.00034321872430470894,6.00036740661438e-07
45289,1109,0.08662125139070646,-0.01769788674827551,0.0428199060261249,-0.0265394914895296,0.6772027994636071,0.6819734084465177,0.10431913813898197,0.0693593975156545,,0.059207864522278435,2.2910790515258945,5.033631635497567,5.033631635497567,5.573468344574361e-07,27333242.0,5.038755543597065,4.6857127488056776e-07,0.154018162383352,0.0884208800625006,GCST90200243,cancerType_celltype,HNSC_Epi_HNSC,tissue,Tumor,Adjacent,group1_higher,7.528877456545941e-07,6.04794173922551e-07
45289,1109,0.34741818003645597,0.21300666316093167,0.3180461823940277,0.1068865954875946,1.0193078039749588,1.0361657526501822,0.1344115168755243,0.2111595869064331,,0.053184835384589166,0.7057720696223647,4.269601408456726,4.269601408456726,2.1180373757903662e-05,27314832.0,4.996979437019931,5.823561801910521e-07,0.13181300237414714,0.08768778632989638,GCST90199905,cancerType_celltype,HNSC_Epi_HNSC,tissue,Tumor,Adjacent,group1_higher,2.708147226268545e-05,7.509474679284806e-07
45289,1109,0.08807344593085668,0.22962538832183457,0.0170635059475898,0.1603330075740814,0.7799135668077821,0.8913716666141647,-0.1415519423909779,-0.1432695016264916,,-0.07031353917754984,1.3824930449167543,-5.239499123001993,-5.239499123001993,1.9140584586841334e-07,22915734.5,-4.9854847673911165,6.180701162192713e-07,-0.18083688571943035,-0.08748607604730518,GCST90200333,cancerType_celltype,HNSC_Epi_HNSC,tissue,Tumor,Adjacent,group2_higher,2.6219715368708274e-07,7.962472291180214e-07
45289,1109,-0.017238369032852443,-0.04951731343172084,-0.0369568690657615,-0.1865000575780868,0.5158094841534159,0.7482408915293818,0.0322789443988684,0.1495431885123253,,0.02795595145525874,-1.5222552057055885,1.4283391582757956,1.4283391582757956,0.15346963237246375,27308759.0,4.983198541026289,6.25420861990064e-07,0.06177000622129345,0.08744595698507807,GCST90199754,cancerType_celltype,HNSC_Epi_HNSC,tissue,Tumor,Adjacent,group1_higher,0.16548980136366145,8.049562180287604e-07
45289,1109,-0.22540537499222021,-0.24511236561506844,-0.2798576653003692,-0.4446201920509338,0.7319218520740226,0.8857237896501176,0.019706990622848225,0.16476252675056458,,0.01215123748115391,-0.12092083535455814,0.7348298664034771,0.7348298664034771,0.46259353732715125,27305960.0,4.976847029765594,6.462873445926868e-07,0.026776909487546165,0.08733449965984419,GCST90200332,cancerType_celltype,HNSC_Epi_HNSC,tissue,Tumor,Adjacent,group1_higher,0.48144431822395445,8.310279723394643e-07
45289,1109,0.026553877032640612,-0.06494277694483638,0.0122254267334938,-0.1102181226015091,0.6804215510319074,0.7086456421441849,0.091496653977477,0.1224435493350029,,0.055258154196520484,-1.2902144413175367,4.2520090530665975,4.2520090530665975,2.289110021759015e-05,27301480.0,4.966680981016785,6.810888947809398e-07,0.13433477662066112,0.08715610422681497,GCST90199666,cancerType_celltype,HNSC_Epi_HNSC,tissue,Tumor,Adjacent,group1_higher,2.9186688116534495e-05,8.749520863208491e-07
45289,1109,-0.061505906557998806,0.09390698243880466,-0.119763508439064,0.0254057701677083,0.7590373731968222,0.8997877287159353,-0.15541288899680347,-0.1451692786067723,,-0.07444096651629162,0.6104993776270797,-5.702449314108324,-5.702449314108324,1.5013560970410823e-08,22948352.0,-4.911468897957129,9.039715091231164e-07,-0.20376633747712083,-0.08618723385158467,GCST90200227,cancerType_celltype,HNSC_Epi_HNSC,tissue,Tumor,Adjacent,group2_higher,2.1139962399452427e-08,1.1601818897691222e-06
45289,1109,-0.14175080627195646,-0.158236352966576,-0.186528131365776,-0.3013925552368164,0.6131720009684022,0.874421431792348,0.016485546694619546,0.1148644238710404,,0.011671259805461617,-0.15872307883168577,0.6240929605748866,0.6240929605748866,0.532691968244388,27273288.0,4.9027074885332125,9.452523341313503e-07,0.026559863334240093,0.08603348725182447,GCST90200371,cancerType_celltype,HNSC_Epi_HNSC,tissue,Tumor,Adjacent,group1_higher,0.5517166813959733,1.2120215723622113e-06
45289,1109,-0.2650145440828645,-0.11372550175675569,-0.2954057157039642,-0.2245013415813446,0.49857939496247067,0.6928879097624794,-0.15128904232610882,-0.07090437412261957,,-0.1173701767212316,-1.2205084957147458,-7.225607777013209,-7.225607777013209,9.128558014084123e-13,22962698.0,-4.878914849887842,1.0667171430435361e-06,-0.3001210025494575,-0.0856159702617999,GCST90200515,cancerType_celltype,HNSC_Epi_HNSC,tissue,Tumor,Adjacent,group2_higher,1.4138891560450752e-12,1.3664807010980637e-06
45289,1109,-0.18810537787706755,-0.022454865550268793,-0.2023560255765915,-0.147874653339386,0.6357733772080643,0.7797332392427494,-0.16565051232679875,-0.054481372237205505,,-0.10735258103632167,-3.0663845289942215,-7.017878466381618,-7.017878466381618,3.850310994867855e-12,22963521.0,-4.877047292271711,1.076862436283058e-06,-0.2589952010980733,-0.08558319806506265,GCST90200425,cancerType_celltype,HNSC_Epi_HNSC,tissue,Tumor,Adjacent,group2_higher,5.876790465850937e-12,1.3781816907547494e-06
45289,1109,-0.4685485098744817,-0.2777009973606066,-0.5443217158317566,-0.4365019202232361,1.2249813828294474,1.125645366992473,-0.1908475125138751,-0.10781979560852051,,-0.057353657483706515,-0.7546639464079198,-5.56599803842637,-5.56599803842637,3.228093079677886e-08,22965912.0,-4.8716216175934965,1.1068663166359292e-06,-0.15608654423067067,-0.08548798746676511,GCST90200470,cancerType_celltype,HNSC_Epi_HNSC,tissue,Tumor,Adjacent,group2_higher,4.50347069355267e-08,1.4152521478187348e-06
45289,1109,0.6644091847369095,0.5094924485808485,0.6483172178268433,0.3925566971302032,1.3241643441809507,1.465106350782383,0.15491673615606094,0.25576052069664007,,0.04861652901990588,0.38301059318759256,3.4865375144432242,3.4865375144432242,0.0005077300401758798,27237022.5,4.820413550832338,1.4326174326577441e-06,0.11668012049203867,0.08458938020349471,GCST90200215,cancerType_celltype,HNSC_Epi_HNSC,tissue,Tumor,Adjacent,group1_higher,0.0006228947297567275,1.8300445742385242e-06
45289,1109,0.42227548006133364,0.25813986646118336,0.3479757606983185,0.0643835589289665,1.4463385178779846,1.3302756579435964,0.16413561360015028,0.28359220176935196,,0.042867527669946746,0.7100293406319387,4.050704511182662,4.050704511182662,5.441964606671554e-05,27213608.0,4.767281196272299,1.8672966057241318e-06,0.11369286893704819,0.08365700523325792,GCST90200966,cancerType_celltype,HNSC_Epi_HNSC,tissue,Tumor,Adjacent,group1_higher,6.855265950918048e-05,2.3830760988782694e-06
45289,1109,-0.2892753609993177,-0.12588289670492508,-0.3123320043087005,-0.2104359269142151,0.9605653736945672,0.9449461864959996,-0.16339246429439264,-0.10189607739448542,,-0.06434139939649054,-1.2003546916459678,-5.6867550899384804,-5.6867550899384804,1.6359880418081557e-08,23024554.5,-4.7385496279167105,2.1525452042175047e-06,-0.17016586065340322,-0.08315281912270023,GCST90199803,cancerType_celltype,HNSC_Epi_HNSC,tissue,Tumor,Adjacent,group2_higher,2.3011885459076536e-08,2.7445454755364442e-06
45289,1109,0.27600463858809565,0.18278649040540668,0.2529815435409546,0.0431038625538349,0.954420942644791,1.1569596570786012,0.09321814818268898,0.20987768098711967,,0.036732110213104685,0.5945304017467161,2.6610882731325747,2.6610882731325747,0.007897783234497465,27200828.5,4.73828186145413,2.1553908575400537e-06,0.09712690846743166,0.08314812031441954,GCST90200935,cancerType_celltype,HNSC_Epi_HNSC,tissue,Tumor,Adjacent,group1_higher,0.00916142855201706,2.7456053633898068e-06
45289,1109,0.2152389395727813,0.14336670523170084,0.157890647649765,-0.0362206064164638,0.9585416112142009,1.0354623758067507,0.07187223434108048,0.19411125406622878,,0.03208653218297009,0.5862257253015934,2.287615806573324,2.287615806573324,0.022340020565064237,27182711.5,4.697170632618826,2.6379153889264055e-06,0.07483180293948828,0.08242669396169888,GCST90200620,cancerType_celltype,HNSC_Epi_HNSC,tissue,Tumor,Adjacent,group1_higher,0.025438135363561033,3.3571229459446223e-06
45289,1109,-0.233711596641196,-0.017916512893927698,-0.3895485401153564,-0.2351620644330978,1.3574495595484868,1.3487554110775408,-0.2157950837472683,-0.15438647568225858,,-0.07284272046476309,-3.7052931967607035,-5.263246817215966,-5.263246817215966,1.6841507844520563e-07,23043446.0,-4.69568089801981,2.657215618265045e-06,-0.1589952207857529,-0.08240055186308648,GCST90200320,cancerType_celltype,HNSC_Epi_HNSC,tissue,Tumor,Adjacent,group2_higher,2.3093536410544797e-07,3.3785306788202015e-06
45289,1109,0.746196140129125,0.4982215346280583,0.5624161958694458,0.2721335887908935,1.7632924022659688,1.5053726733141655,0.24797460550106676,0.2902826070785523,,0.06124450984482072,0.5827665546832921,5.39576901991012,5.39576901991012,8.235382329666072e-08,27179943.0,4.6908883321810855,2.7202292039039196e-06,0.14108913013931276,0.08231645115894404,GCST90200479,cancerType_celltype,HNSC_Epi_HNSC,tissue,Tumor,Adjacent,group1_higher,1.140734361314518e-07,3.455426286040114e-06
45289,1109,-0.10907397091620336,0.04138547409526678,-0.1369908154010772,-0.0300742555409669,0.7953203724332498,0.9236493615281528,-0.15045944501147013,-0.10691655986011028,,-0.07954845268464218,-1.3980888399662683,-5.376145742715911,-5.376145742715911,9.212085294764225e-08,23046154.5,-4.68953475002067,2.7382844901831272e-06,-0.18839801472280618,-0.08229269828488117,GCST90199938,cancerType_celltype,HNSC_Epi_HNSC,tissue,Tumor,Adjacent,group2_higher,1.273435320158584e-07,3.4751226816756074e-06
45289,1109,-0.3295206247917721,-0.16750936727928115,-0.3963901102542877,-0.3444432616233825,0.6553904001535191,0.8151783646759169,-0.16201125751249093,-0.05194684863090521,,-0.09849219978763885,-0.9761227576488956,-6.566715062291669,-6.566715062291669,7.789305925381075e-11,23047797.5,-4.685806442410336,2.7886125750699677e-06,-0.24559900137308469,-0.08222727335263413,GCST90200532,cancerType_celltype,HNSC_Epi_HNSC,tissue,Tumor,Adjacent,group2_higher,1.1565167730168197e-10,3.5357013393677827e-06
45289,1109,0.06385891248362799,0.22407115145107334,0.0187394227832555,0.097816489636898,0.6991699776741597,0.8849622632447527,-0.16021223896744535,-0.07907706685364249,,-0.07878573889751123,1.8109808754096897,-5.983327926682421,-5.983327926682421,2.9219486882039034e-09,23048725.0,-4.683701752630309,2.817414320589739e-06,-0.22751650416686156,-0.08219033992313984,GCST90200496,cancerType_celltype,HNSC_Epi_HNSC,tissue,Tumor,Adjacent,group2_higher,4.20550798523962e-09,3.5688993670667417e-06
45289,1109,0.07806766459003782,0.04219032433050885,0.0055248192511498,-0.1351918429136276,0.7883378298850549,1.0166527399136982,0.03587734025952897,0.1407166621647774,,0.01737297343235561,0.8877972191673412,1.1666469918673898,1.1666469918673898,0.24359676171871997,27174523.0,4.678589228560876,2.888570627971593e-06,0.04515398518309646,0.08210062454130629,GCST90200264,cancerType_celltype,HNSC_Epi_HNSC,tissue,Tumor,Adjacent,group1_higher,0.2593924892364182,3.655637665668785e-06
45289,1109,0.3389726664227437,0.08547523744780434,0.2396744638681411,0.1118420735001564,1.6080494453887877,1.2367563866626463,0.2534974289749394,0.1278323903679847,,0.061174964480070454,1.9875778912552478,6.688781370681251,6.688781370681251,3.440437199279764e-11,27173208.5,4.675606355551878,2.930879521208003e-06,0.15841738646968367,0.0820482806134677,GCST90200965,cancerType_celltype,HNSC_Epi_HNSC,tissue,Tumor,Adjacent,group1_higher,5.147437873346123e-11,3.705740990173013e-06
45289,1109,0.05687295830846464,-0.036788692776612585,0.0013156685745343,-0.0974820181727409,0.6773846977195151,0.637718729098844,0.09366165108507722,0.0987976867472752,,0.06554324443639255,0.6284665876371742,4.824812292342889,4.824812292342889,1.5862972566437234e-06,27171845.0,4.67251229138469,2.975393489559138e-06,0.13845759371207514,0.08199398548558023,GCST90199632,cancerType_celltype,HNSC_Epi_HNSC,tissue,Tumor,Adjacent,group1_higher,2.113512376153856e-06,3.758536910351348e-06
45289,1109,-0.13253881853854788,0.09309748446189263,-0.1207757666707038,-0.0920226871967315,1.2564587779703529,1.050050316806467,-0.22563630300044052,-0.028753079473972307,,-0.07183583619531028,-0.5095962616785099,-7.033667295173337,-7.033667295173337,3.3899845054218945e-12,23068268.0,-4.639354634170942,3.4950078721027643e-06,-0.18023131678843343,-0.08141212966695943,GCST90199869,cancerType_celltype,HNSC_Epi_HNSC,tissue,Tumor,Adjacent,group2_higher,5.179987534630093e-12,4.4108293793296925e-06
45289,1109,-0.09767256818815166,-0.23212554148883105,-0.1192881762981414,-0.2690981924533844,1.0708806534444149,0.8846900330482118,0.1344529733006794,0.149810016155243,,0.048135823935837915,-1.2488713837471697,4.972680579449586,4.972680579449586,7.572553014125076e-07,27144734.0,4.6109918120032285,4.007545121446665e-06,0.1260323736511739,0.08091441437288993,GCST90199746,cancerType_celltype,HNSC_Epi_HNSC,tissue,Tumor,Adjacent,group1_higher,1.0178885363168125e-06,5.052991674867534e-06
45289,1109,-0.027637483553666277,0.10345214039197623,-0.0937730073928833,0.0486087724566459,1.0514909755299988,0.9529027569173542,-0.1310896239456425,-0.1423817798495292,,-0.05285778017885787,1.9042270735070632,-4.51445824965797,-4.51445824965797,6.986154453426834e-06,23101860.0,-4.563127422213359,5.039747859835218e-06,-0.12493715259175887,-0.08007448248251425,GCST90199798,cancerType_celltype,HNSC_Epi_HNSC,tissue,Tumor,Adjacent,group2_higher,9.12081275864059e-06,6.34859180494954e-06
45289,1109,-0.12949420188295974,-0.1148142716247963,-0.1500066518783569,-0.2789916098117828,0.4812597378499546,0.8349069382080015,-0.014679930258163443,0.12898495793342588,,-0.011726988012573766,-0.17358409527190996,-0.5831658581666218,-0.5831658581666218,0.5598984177044148,27122388.0,4.560284105453927,5.1084735144559576e-06,-0.029796495924018306,0.08002458750983887,GCST90200315,cancerType_celltype,HNSC_Epi_HNSC,tissue,Tumor,Adjacent,group2_higher,0.5785758478628639,6.429223822902558e-06
45289,1109,0.0913420180796555,0.27766528769219473,0.0540462099015712,0.1423169374465942,1.2747359973551118,1.0643621410995512,-0.18632326961253923,-0.08827072754502302,,-0.05657243793490759,1.6039856618600534,-5.729903678265016,-5.729903678265016,1.2728159143550013e-08,23109743.0,-4.545239260988614,5.487318198303328e-06,-0.14669758468152203,-0.07976057819711946,GCST90199904,cancerType_celltype,HNSC_Epi_HNSC,tissue,Tumor,Adjacent,group2_higher,1.7959089971696346e-08,6.89964456115077e-06
45289,1109,0.024071891831875088,-0.03303315878649032,-0.0028805541805922,-0.1165374591946601,0.603547846440354,0.6558724307293132,0.057105050618365405,0.1136569050140679,,0.03648394771034272,-0.4565491465084422,2.869883169378253,2.869883169378253,0.004181113887143163,27095408.0,4.499060892230076,6.825467103403811e-06,0.09441189162390562,0.07895023287074832,GCST90200004,cancerType_celltype,HNSC_Epi_HNSC,tissue,Tumor,Adjacent,group1_higher,0.004934076388031282,8.574296462616954e-06
45289,1109,-0.16380065876803046,-0.25447355840872465,-0.1882608830928802,-0.3260397613048553,0.8468043209726478,0.8800663242107938,0.0906728996406942,0.1377788782119751,,0.04502481004679818,-0.6355714604814402,3.3928125476564612,3.3928125476564612,0.0007151551038708193,27089530.0,4.4857224916618845,7.2667658472042916e-06,0.10697429822556664,0.07871616850571583,GCST90200922,cancerType_celltype,HNSC_Epi_HNSC,tissue,Tumor,Adjacent,group1_higher,0.0008713658967527691,9.120259530146823e-06
45289,1109,-0.32007222683709935,-0.1555536078493639,-0.3989531695842743,-0.2988511919975281,0.7232646657763998,0.9340864408219747,-0.16451861898773545,-0.10010197758674622,,-0.09939872242315564,-1.0409808737109976,-5.82276108331479,-5.82276108331479,7.518340676047883e-09,23157768.5,-4.4362594453221185,9.153600016123204e-06,-0.22567391969720874,-0.07784818313708808,GCST90200960,cancerType_celltype,HNSC_Epi_HNSC,tissue,Tumor,Adjacent,group2_higher,1.0674477439013817e-08,1.1477789164651267e-05
45289,1109,-0.12821961272603005,-0.0008610065542417599,-0.1918220072984695,-0.1107751652598381,0.7502437812242048,0.8439644423898586,-0.1273586061717883,-0.08104684203863138,,-0.06641233476534382,-7.216713653850628,-4.977463925977902,-4.977463925977902,7.424386459133106e-07,23158781.5,-4.4339607383170865,9.251796889779877e-06,-0.16922078175784713,-0.07780784506261074,GCST90200431,cancerType_celltype,HNSC_Epi_HNSC,tissue,Tumor,Adjacent,group2_higher,9.989574278182056e-07,1.1590256581590048e-05
45289,1109,-0.16013148031590396,-0.15345680834918649,-0.2174370884895324,-0.3394735455513,0.5642494170203638,0.8211320199596113,-0.006674671966717477,0.1220364570617676,,-0.005216103651045514,-0.06142390927539041,-0.2691450101075873,-0.2691450101075873,0.7878670653331455,27064412.0,4.428724542449257,9.479249516042556e-06,-0.011674497585895649,0.07771595946847798,GCST90200806,cancerType_celltype,HNSC_Epi_HNSC,tissue,Tumor,Adjacent,group2_higher,0.7978178380750945,1.186429484882094e-05
45289,1109,-0.05693610652800168,-0.07008281480638534,-0.0850943848490715,-0.21906079351902,0.5456710967003946,0.7529648042889442,0.013146708278383663,0.1339664086699485,,0.00872267702672583,-0.2997121269396576,0.5777412099358439,0.5777412099358439,0.5635532763465283,27058324.5,4.414910742949621,1.0105220581475137e-05,0.023836778822570716,0.07747355272772682,GCST90200489,cancerType_celltype,HNSC_Epi_HNSC,tissue,Tumor,Adjacent,group1_higher,0.5819114512578167,1.2636161149129003e-05
45289,1109,-0.2540750782561489,-0.12493178040558443,-0.2935739159584045,-0.1932963579893112,0.7199142367289703,0.8247964035489767,-0.12914329785056444,-0.1002775579690933,,-0.06878172646287455,-1.0241084821080397,-5.16627143824314,-5.16627143824314,2.8132816280451925e-07,23171198.0,-4.405785125752447,1.0540195910834502e-05,-0.17872119718851615,-0.07731341495229682,GCST90200339,cancerType_celltype,HNSC_Epi_HNSC,tissue,Tumor,Adjacent,group2_higher,3.8421872334925827e-07,1.3167999107669501e-05
45289,1109,-0.2535436374100985,-0.1349235472316699,-0.3008097112178802,-0.2071805000305175,0.7578179978411342,0.7685636085189012,-0.11862009017842859,-0.0936292111873627,,-0.06297686539092175,-0.9100869149943861,-5.07966542764564,-5.07966542764564,4.4019407090615285e-07,23175372.0,-4.3963134544405,1.1010547657407598e-05,-0.15647511419941604,-0.0771472045644701,GCST90199698,cancerType_celltype,HNSC_Epi_HNSC,tissue,Tumor,Adjacent,group2_higher,5.964060821521732e-07,1.3743018733559118e-05
45289,1109,-0.3019454731451726,-0.09060711043366855,-0.3806126415729522,-0.1349202245473861,1.8031069796579207,1.5605050166515835,-0.21133836271150408,-0.24569241702556613,,-0.036066625627360335,-1.7365807234107113,-4.438062134370736,-4.438062134370736,9.925101132171647e-06,23179796.5,-4.386273346697396,1.1530980034353077e-05,-0.11756074785986362,-0.07697101916414928,GCST90200744,cancerType_celltype,HNSC_Epi_HNSC,tissue,Tumor,Adjacent,group2_higher,1.2859232740636839e-05,1.4379438048328677e-05
45289,1109,-0.13489796878892854,-0.012289469635888357,-0.1668148934841156,-0.0804502218961715,0.5508725164688949,0.7429932740413707,-0.12260849915304019,-0.0863646715879441,,-0.09536042221323447,-3.456267370649157,-5.458810105802389,-5.458810105802389,5.880892496460428e-08,23182461.0,-4.380227043819897,1.1855633311808143e-05,-0.22042587865358468,-0.0768649176839471,GCST90199637,cancerType_celltype,HNSC_Epi_HNSC,tissue,Tumor,Adjacent,group2_higher,8.154279219405455e-08,1.4770775323578154e-05
45289,1109,0.06236970461813247,-0.028870535989519653,0.0153571302071213,-0.1255606412887573,0.8040502528813773,0.812196510699575,0.09124024060765212,0.14091777149587859,,0.04376865418726122,1.1112206953306927,3.696931712762724,3.696931712762724,0.00022840152119774586,27039890.0,4.373079040793391,1.2250698156674626e-05,0.11344820865134352,0.0767394833950985,GCST90199872,cancerType_celltype,HNSC_Epi_HNSC,tissue,Tumor,Adjacent,group1_higher,0.0002837842054626505,1.5249042545705495e-05
45289,1109,-0.03513299628761944,-0.08496951139308437,-0.0654175505042076,-0.196798175573349,0.6193976454669857,0.6924709052941292,0.049836515105464926,0.1313806250691414,,0.03538069302538859,-1.274094563682153,2.373551920776026,2.373551920776026,0.017781207903204317,27030667.0,4.352150141773243,1.348095854963435e-05,0.08022065626977344,0.0763722197614316,GCST90199937,cancerType_celltype,HNSC_Epi_HNSC,tissue,Tumor,Adjacent,group1_higher,0.02033203554703648,1.6765097174408412e-05
45289,1109,0.2085459407244284,0.3923209876873532,0.1437500566244125,0.3279063403606415,1.2850232836734252,1.2108709722263602,-0.1837750469629248,-0.18415628373622897,,-0.05408698497352701,0.9116660447365731,-4.98593965129893,-4.98593965129893,7.096786485111356e-07,23207835.5,-4.322647042932253,1.5416905926536258e-05,-0.143204790844088,-0.07585449471176009,GCST90200327,cancerType_celltype,HNSC_Epi_HNSC,tissue,Tumor,Adjacent,group2_higher,9.558221323326856e-07,1.915518940553229e-05
45289,1109,-0.1335512929590532,-0.056113856996972675,-0.1787161976099014,-0.0765083879232406,0.7150289227861182,0.6405780844188171,-0.07743743596208054,-0.1022078096866608,,-0.04438235768084792,-1.2509500506488744,-3.965688161410357,-3.965688161410357,7.760023034737944e-05,23208664.0,-4.320767004675917,1.554885856227632e-05,-0.10855590913819135,-0.07582150350277239,GCST90200905,cancerType_celltype,HNSC_Epi_HNSC,tissue,Tumor,Adjacent,group2_higher,9.748305434421952e-05,1.9301543005812956e-05
45289,1109,-0.0858812845971112,0.06993700156139077,-0.1603556871414184,-0.0869449377059936,0.954681970510357,1.0112998099753947,-0.15581828615850196,-0.0734107494354248,,-0.058995235220064626,-0.2962839971166695,-5.075941712974464,-5.075941712974464,4.489733499209549e-07,23223365.0,-4.287407388011579,1.8077150751545822e-05,-0.16297736650601577,-0.07523610366773648,GCST90201012,cancerType_celltype,HNSC_Epi_HNSC,tissue,Tumor,Adjacent,group2_higher,6.07696798353785e-07,2.2419614626348457e-05
45289,1109,-0.24726888272036743,-0.11551250918023613,-0.2918814420700073,-0.2262261658906936,0.7583579852679629,0.8220100144918076,-0.1317563735401313,-0.06565527617931372,,-0.06613422985772224,-1.0980249481568551,-5.28300590900307,-5.28300590900307,1.5180425741345958e-07,23225771.5,-4.281946540620059,1.8526644195296795e-05,-0.17337728546816752,-0.07514027585309702,GCST90199703,cancerType_celltype,HNSC_Epi_HNSC,tissue,Tumor,Adjacent,group2_higher,2.085778254582111e-07,2.29442376778393e-05
45289,1109,0.2549936260009528,0.1927927676414763,0.2162942290306091,0.0397315062582492,0.9722648375341856,0.9987889651789622,0.06220085835947653,0.1765627227723599,,0.023219734407600303,0.4034084277187018,2.0502523932312,2.0502523932312,0.0405641782435709,26999691.5,4.28186031074228,1.8533826620176866e-05,0.06393301481143406,0.07513876267754904,GCST90200837,cancerType_celltype,HNSC_Epi_HNSC,tissue,Tumor,Adjacent,group1_higher,0.04546790702794995,2.29442376778393e-05
45289,1109,-0.11854058206072707,-0.14561587593781314,-0.181297168135643,-0.2868481874465942,0.6237859641334527,0.784034928714943,0.02707529387708607,0.10555101931095118,,0.019400942893332357,-0.29678434608517956,1.1412046177309871,1.1412046177309871,0.25402390237426625,26996505.5,4.2746306162526135,1.9145541566174627e-05,0.04310737142069117,0.07501189485397064,GCST90199897,cancerType_celltype,HNSC_Epi_HNSC,tissue,Tumor,Adjacent,group1_higher,0.2702846049462333,2.3680011937110724e-05
45289,1109,-0.10458469480237642,0.03191422748581378,-0.1637287586927414,-0.0294171888381242,1.0896786406385166,1.1062617644404495,-0.13649892228819022,-0.1343115698546172,,-0.050996620008727005,-1.7123686975111414,-4.06104987247198,-4.06104987247198,5.212894354167742e-05,23238018.0,-4.254156693298121,2.0983939118141917e-05,-0.12521945336082108,-0.07465261521234001,GCST90200018,cancerType_celltype,HNSC_Epi_HNSC,tissue,Tumor,Adjacent,group2_higher,6.578865745120956e-05,2.593028922758607e-05
45289,1109,-0.14699571091799754,-0.1720062028837898,-0.18911674618721,-0.2702856659889221,0.538736541711363,0.725277407174431,0.025010491965792248,0.08116891980171212,,0.01918937976562895,-0.22668510491539756,1.1406953011592287,1.1406953011592287,0.2542367120663843,26984487.0,4.247358148197356,2.1630712651940652e-05,0.045980447725931115,0.07453331326650181,GCST90200800,cancerType_celltype,HNSC_Epi_HNSC,tissue,Tumor,Adjacent,group1_higher,0.2703000300674585,2.6705309188944846e-05
45289,1109,0.5587510890709193,0.378002558790867,0.5308017134666443,0.3303087651729584,1.5168013678800583,1.3241405586760753,0.18074853028005228,0.2004929482936859,,0.047765955118775835,0.5638085032222895,4.474443091088959,4.474443091088959,8.401090981339278e-06,26983678.5,4.2455234940872195,2.1808475892684345e-05,0.11950423259644585,0.0745011184656974,GCST90199710,cancerType_celltype,HNSC_Epi_HNSC,tissue,Tumor,Adjacent,group1_higher,1.0915812209309283e-05,2.6883432745323865e-05
45289,1109,-0.08779864971995857,-0.17644195678951244,-0.1201537996530532,-0.2229005843400955,0.7287125110157265,0.7281377023552662,0.08864330706955387,0.10274678468704229,,0.04992677747070573,-1.0069147528910163,4.005315598558641,4.005315598558641,6.586511746889897e-05,26983651.5,4.245462225489849,2.1814436255559938e-05,0.12164601944944979,0.0745000433146501,GCST90199864,cancerType_celltype,HNSC_Epi_HNSC,tissue,Tumor,Adjacent,group1_higher,8.289395670370203e-05,2.6883432745323865e-05
45289,1109,0.07431737331540476,0.34959605098609897,-0.0588973090052604,6.738708179909736e-05,1.5697253591832414,1.620450028183014,-0.2752786776706942,-0.058964696087059495,,-0.059776871701843974,2.233902185694133,-5.593318203879297,-5.593318203879297,2.7771497096013164e-08,23241955.5,-4.245221689514989,2.18378511955601e-05,-0.17523005643452397,-0.07449582235127927,GCST90199742,cancerType_celltype,HNSC_Epi_HNSC,tissue,Tumor,Adjacent,group2_higher,3.8823128760888145e-08,2.6887977578634523e-05
45289,1109,-0.09295147938253773,0.005056585318755738,-0.1448173373937606,-0.031509231775999,0.8805851097049384,0.7844583968947518,-0.09800806470129346,-0.1133081056177616,,-0.0492627262351641,-4.19997269001626,-4.09787435752952,-4.09787435752952,4.455210380138142e-05,23244007.0,-4.24056641071852,2.2295758244034342e-05,-0.11157413002920118,-0.07441413078189107,GCST90200631,cancerType_celltype,HNSC_Epi_HNSC,tissue,Tumor,Adjacent,group2_higher,5.6435425168478506e-05,2.7407258206072534e-05
45289,1109,-0.32764329827820327,-0.21534810431957258,-0.3981410562992096,-0.288078635931015,0.7772516275188334,0.8217067316219432,-0.11229519395863069,-0.11006242036819458,,-0.05874520832672273,-0.6054531027899226,-4.501983750507714,-4.501983750507714,7.412480386314587e-06,23244025.0,-4.24052556498694,2.2299816104574057e-05,-0.1442747125495531,-0.07441341401452617,GCST90200477,cancerType_celltype,HNSC_Epi_HNSC,tissue,Tumor,Adjacent,group2_higher,9.668144274207447e-06,2.7407258206072534e-05
45289,1109,0.10037549801673616,0.26744593263061456,0.0665021613240242,0.14263616502285,0.9021498337066102,1.0039372896652012,-0.16707043461387838,-0.07613400369882581,,-0.0697331573071179,1.41383113874529,-5.487909413894645,-5.487909413894645,4.9983987246896874e-08,23274609.5,-4.171122994014187,3.031037088745225e-05,-0.18466654413680011,-0.07319552671062457,GCST90200506,cancerType_celltype,HNSC_Epi_HNSC,tissue,Tumor,Adjacent,group2_higher,6.944768054793114e-08,3.7218950918556234e-05
45289,1109,-0.1099617671734378,-0.013893807082715369,-0.1804876327514648,-0.1050840765237808,0.7816616414163517,0.7601372914176691,-0.09606796009072242,-0.075403556227684,,-0.048106247009463206,-2.9843974080944156,-4.155288136069788,-4.155288136069788,3.4860693930947645e-05,23276961.5,-4.165785818421063,3.102834527820321e-05,-0.12298201856776589,-0.0731018691082842,GCST90200953,cancerType_celltype,HNSC_Epi_HNSC,tissue,Tumor,Adjacent,group2_higher,4.424127172056018e-05,3.8066277780549937e-05
45289,1109,-0.09727117284850892,-0.15292322455932514,-0.1068334281444549,-0.2593626379966736,0.7763437150016971,0.7410560410769745,0.05565205171081622,0.15252920985221868,,0.029092239894928547,-0.6527179106056804,2.467954557940386,2.467954557940386,0.013731180842689808,26939664.5,4.145646603544796,3.388577883731201e-05,0.07176097634352953,0.07274846297700455,GCST90199671,cancerType_celltype,HNSC_Epi_HNSC,tissue,Tumor,Adjacent,group1_higher,0.01580709416265727,4.1534457333863555e-05
45289,1109,-0.010457748427763943,-0.11701222211889982,-0.0589296296238899,-0.1546838581562042,0.8408716604878803,0.7421806311112334,0.10655447369113588,0.0957542285323143,,0.04794294417854038,-3.4838894356099006,4.707685457337682,4.707685457337682,2.802507291980788e-06,26927188.5,4.117335973145212,3.832790180104469e-05,0.12705473490166655,0.07225166355234558,GCST90199738,cancerType_celltype,HNSC_Epi_HNSC,tissue,Tumor,Adjacent,group1_higher,3.7085606203590427e-06,4.693704416426227e-05
45289,1109,0.08544424550192126,-0.037494309168859874,0.0394496880471706,-0.0746765360236167,0.9959993775958588,0.8409963206252978,0.12293855467078113,0.11412622407078729,,0.04195308142759184,1.1882900978165027,4.7865983161038335,4.7865983161038335,1.910148978182351e-06,26903223.0,4.062953285357362,4.845596525712887e-05,0.1238575952501783,0.07129734753666273,GCST90199764,cancerType_celltype,HNSC_Epi_HNSC,tissue,Tumor,Adjacent,group1_higher,2.535085742222536e-06,5.928678693488926e-05
45289,1109,0.3736738768885372,0.4911697506034899,0.2837152481079101,0.3868600726127624,1.2538346112183594,0.9444117844638708,-0.11749587371495268,-0.1031448245048523,,-0.037808538896321714,0.39444107932689365,-4.05649752653798,-4.05649752653798,5.301519324599816e-05,23333079.5,-4.0384424425983765,5.3807552374891326e-05,-0.09419714005717256,-0.07086722738713946,GCST90200189,cancerType_celltype,HNSC_Epi_HNSC,tissue,Tumor,Adjacent,group2_higher,6.684524365799768e-05,6.577551021253532e-05
45289,1109,-0.18802772875904925,-0.14921239166095604,-0.2297724485397339,-0.337258368730545,0.5290916810236611,0.8433781447563535,-0.038815337098093206,0.1074859201908111,,-0.028577252411142624,-0.3335760860112491,-1.5253309989602633,-1.5253309989602633,0.1274565134262564,26891400.0,4.0361244473312095,5.434166199879878e-05,-0.07204856327655786,0.07082655083918432,GCST90200437,cancerType_celltype,HNSC_Epi_HNSC,tissue,Tumor,Adjacent,group2_higher,0.13842488270915337,6.63688936419021e-05
45289,1109,-0.011128941162534003,-0.06429449517112536,-0.0536345280706882,-0.1783995181322097,0.7973597714042076,0.9390316833347643,0.053165554008591354,0.1247649900615215,,0.026243773975730907,-2.53027169343319,1.8690263265395775,1.8690263265395775,0.06187374326126474,26879744.0,4.009674566925828,6.080278054824118e-05,0.06637105939596137,0.07036240415003525,GCST90199640,cancerType_celltype,HNSC_Epi_HNSC,tissue,Tumor,Adjacent,group1_higher,0.06861994472343681,7.419354510944738e-05
45289,1109,0.39033987751825766,0.9565869163768198,0.3202651739120483,0.3968375623226166,1.4767010010330548,2.349591132603312,-0.5662470388585621,-0.07657238841056829,,-0.11648583783144445,1.2931630138199166,-7.9871006203311055,-7.9871006203311055,3.3825618927935868e-15,23346356.0,-4.008315311747136,6.115372978550856e-05,-0.3766279315133449,-0.0703385517249494,GCST90199734,cancerType_celltype,HNSC_Epi_HNSC,tissue,Tumor,Adjacent,group2_higher,5.534732124703072e-15,7.455503908555292e-05
45289,1109,0.3003468733582815,0.18586985003522272,0.2466815859079361,0.1074067056179046,1.0715681629308853,1.0386546981185503,0.11447702332305876,0.1392748802900315,,0.04156345558406639,0.6923339173800254,3.6234790112824156,3.6234790112824156,0.0003031761015357618,26863137.0,3.971989841128626,7.127509970764428e-05,0.10690854652213574,0.06970110661514362,GCST90199747,cancerType_celltype,HNSC_Epi_HNSC,tissue,Tumor,Adjacent,group1_higher,0.00037430165434170593,8.681676577436923e-05
45289,1109,-0.1753726465648108,-0.09527520384061938,-0.2179197371006012,-0.1437240093946457,0.7397781637278935,0.690560270846096,-0.08009744272419142,-0.0741957277059555,,-0.05157100485811888,-0.8802441328715461,-3.809471362909703,-3.809471362909703,0.00014649392417129164,23367495.5,-3.9603454038173513,7.48417876730435e-05,-0.10843893428077112,-0.06949676818554784,GCST90199876,cancerType_celltype,HNSC_Epi_HNSC,tissue,Tumor,Adjacent,group2_higher,0.0001830166990334285,9.107978267710562e-05
45289,1109,0.142222519872685,0.06882507095367012,0.1016271859407424,-0.0260292440652847,0.7842505723000796,0.8841870989708503,0.07339744891901488,0.1276564300060271,,0.036756313535637984,1.0471330080487218,2.7381617066266215,2.7381617066266215,0.006273645347498823,26844576.0,3.929871084247681,8.4991817888981e-05,0.09328779012461076,0.0689620000007567,GCST90200818,cancerType_celltype,HNSC_Epi_HNSC,tissue,Tumor,Adjacent,group1_higher,0.0073418235309641,0.00010333973932442561
45289,1109,-0.1625990997452804,-0.05905746752251363,-0.2277739197015762,-0.0616025179624557,1.1548942415460868,1.0591003234192828,-0.10354163222276676,-0.1661714017391205,,-0.032635644340433936,-1.461112316092731,-3.2093070407563893,-3.2093070407563893,0.0013665886542692295,23391669.5,-3.905489586305366,9.403524932273037e-05,-0.0898253589035982,-0.0685341496145554,GCST90200448,cancerType_celltype,HNSC_Epi_HNSC,tissue,Tumor,Adjacent,group2_higher,0.0016339125752359296,0.00011423355153911007
45289,1109,-0.15035903038988138,-0.20697841352411117,-0.1953787505626678,-0.278980940580368,0.6183053330367074,0.6928031370991731,0.05661938313422979,0.0836021900177002,,0.0356484164390676,-0.4610661702138458,2.695420830632344,2.695420830632344,0.007132358964546679,26830269.0,3.897405535263484,9.722918418479194e-05,0.0912937920558571,0.06839228940692887,GCST90200752,cancerType_celltype,HNSC_Epi_HNSC,tissue,Tumor,Adjacent,group1_higher,0.008316001085267,0.00011800835088501463
45289,1109,0.027894135533568495,-0.018687272986075247,-0.0339827202260494,-0.1627538502216339,0.7186681508358412,0.8222879693803289,0.04658140851964374,0.12877112999558452,,0.02637918177005385,0.5778803075676284,1.8690904821912309,1.8690904821912309,0.06186428652154128,26817569.5,3.868587737030115,0.00010946805649295481,0.06457834328046645,0.06788659012082321,GCST90200993,cancerType_celltype,HNSC_Epi_HNSC,tissue,Tumor,Adjacent,group1_higher,0.06861994472343681,0.000132744627224108
45289,1109,-0.18980506061493713,-0.07791622513932461,-0.2508984804153442,-0.1814292669296264,0.83104897068437,0.8612659621363822,-0.11188883547561251,-0.06946921348571777,,-0.05327670555122175,-1.28451185431324,-4.27779606701998,-4.27779606701998,2.0430182382663692e-05,23426696.5,-3.8260060618579295,0.00013023968366342027,-0.1345167949157072,-0.06713936014296806,GCST90199771,cancerType_celltype,HNSC_Epi_HNSC,tissue,Tumor,Adjacent,group2_higher,2.6171370852979897e-05,0.00015779261229621495
45289,1109,-0.10312156877663357,0.02945276710444749,-0.1118244752287864,0.0086331237107515,1.3069520641092536,0.9294069064192289,-0.13257433588108106,-0.1204575989395379,,-0.03935043832172598,-1.807836036621872,-4.639286481686991,-4.639286481686991,3.873891724193442e-06,23430144.0,-3.818182969656698,0.000134438823146849,-0.1020418636055294,-0.06700207928239477,GCST90200975,cancerType_celltype,HNSC_Epi_HNSC,tissue,Tumor,Adjacent,group2_higher,5.096635540613573e-06,0.00016273544933317514
45289,1109,0.20633081231431633,0.10563870775483171,0.170279324054718,0.0626175776124,0.9498157965816401,0.8671892114427314,0.10069210455948462,0.10766174644231799,,0.04002377733538019,0.965814058118932,3.8111877659589957,3.8111877659589957,0.00014547469465712838,26791432.5,3.8092774655685955,0.0001393741230747321,0.1062235347671543,0.06684580408665308,GCST90200647,cancerType_celltype,HNSC_Epi_HNSC,tissue,Tumor,Adjacent,group1_higher,0.00018191009983272108,0.00016855983118976029
45289,1109,-0.20146353645136927,-0.23151930407853089,-0.2209032773971557,-0.3492434918880462,0.6930114196172183,0.8478090932884649,0.03005576762716161,0.1283402144908905,,0.014494648687027968,-0.20061281650647703,1.171039168955146,1.171039168955146,0.24182677375335962,26778588.0,3.7801306322752763,0.00015674681155886637,0.04311487777632782,0.06633433084121942,GCST90199667,cancerType_celltype,HNSC_Epi_HNSC,tissue,Tumor,Adjacent,group1_higher,0.25770906382003844,0.00018940239730029686
45289,1109,-0.27211043213311364,-0.2813902703137394,-0.2987310290336609,-0.3877503573894501,0.5327530669296674,0.6590954377476186,0.009279838180625777,0.08901932835578918,,0.005770667064755683,-0.04838000274556521,0.46516948826833715,0.46516948826833715,0.6418986380930287,26763221.0,3.7452597235424774,0.0001802080619106103,0.017309338366291387,0.065722410613684,GCST90199854,cancerType_celltype,HNSC_Epi_HNSC,tissue,Tumor,Adjacent,group1_higher,0.6578254464066151,0.00021755853709846045
45289,1109,-0.20734439256435824,-0.04686042918308031,-0.283497542142868,-0.1999740749597549,0.8600884176426369,1.035464333838909,-0.16048396338127793,-0.0835234671831131,,-0.06331441124922296,-2.145563129981485,-5.118282383301503,-5.118282383301503,3.6133637279359576e-07,23462782.0,-3.744120581472856,0.00018102752339437363,-0.18559682555648338,-0.06570242076828658,GCST90200429,cancerType_celltype,HNSC_Epi_HNSC,tissue,Tumor,Adjacent,group2_higher,4.910283909448365e-07,0.00021835443751020466
45289,1109,-0.2683252801760055,-0.1540367348494161,-0.3965064585208893,-0.2491195648908615,1.4694515886403303,1.117491146224819,-0.11428854532658939,-0.14738689363002777,,-0.03175862122669346,-0.8007045473520477,-3.3359495562252994,-3.3359495562252994,0.0008760155605225802,23464226.0,-3.7408438461172135,0.00018340427584580908,-0.07817091197258236,-0.06564492009746203,GCST90199778,cancerType_celltype,HNSC_Epi_HNSC,tissue,Tumor,Adjacent,group2_higher,0.0010603989422666759,0.00022102566576289812
45289,1109,-0.1552280700337892,0.026887931976440814,-0.2099668830633163,-0.0829746127128601,0.7475116522863985,1.0902484268738293,-0.18211600201023,-0.12699227035045618,,-0.09823866824075118,-2.5293144011103594,-5.530992197844792,-5.530992197844792,3.951508838204123e-08,23466319.0,-3.7360943952173797,0.00018690137458181067,-0.24041516801171597,-0.0655615759810938,GCST90200229,cancerType_celltype,HNSC_Epi_HNSC,tissue,Tumor,Adjacent,group2_higher,5.4958230066043055e-08,0.00022504114271643813
45289,1109,-0.11685825067530674,-0.2770952894097029,-0.2044926434755325,-0.3577782809734344,1.2095429003605993,0.8767019843547637,0.16023703873439615,0.1532856374979019,,0.05627579932054082,-1.2456154482727204,5.949552375353542,5.949552375353542,3.513034719405281e-09,26749385.5,3.713864105804946,0.00020411934775180663,0.13323460459486977,0.06517147534277457,GCST90199917,cancerType_celltype,HNSC_Epi_HNSC,tissue,Tumor,Adjacent,group1_higher,5.0402803395256816e-09,0.00024555575550371797
45289,1109,0.1421830757856403,0.22837363543283662,0.0889312475919723,0.1935100853443145,0.7941971915208264,0.8203153418970289,-0.08619055964719632,-0.1045788377523422,,-0.04169846580501238,0.6836425295596091,-3.4595281005433525,-3.4595281005433525,0.0005607806693079593,23476887.5,-3.7121122777616247,0.00020553769028036677,-0.10843885935076687,-0.06514073398690434,GCST90200554,cancerType_celltype,HNSC_Epi_HNSC,tissue,Tumor,Adjacent,group2_higher,0.0006855103607773529,0.00024704397870559076
45289,1109,-0.03797358369328314,0.07105788841459508,-0.0844227075576782,0.0279907938092947,0.6334911949446377,0.8263523358141626,-0.10903147210787822,-0.1124135013669729,,-0.06538712880065992,0.9039809716627447,-4.362643314191271,-4.362643314191271,1.401361379936618e-05,23484391.5,-3.6950841461073702,0.00021981495910668297,-0.17068810660310282,-0.06484192163658054,GCST90200278,cancerType_celltype,HNSC_Epi_HNSC,tissue,Tumor,Adjacent,group2_higher,1.8019392083524625e-05,0.00026397162049551445
45289,1109,0.0886493419577465,0.06650426838521482,0.0630442947149276,-0.001551890047267,0.49548739740195213,0.6764206207121746,0.022145073572531676,0.0645961847621946,,0.014779128561677865,0.41465756422812877,1.083157205155458,1.083157205155458,0.27896823295467527,26739387.0,3.691175436515892,0.00022322109890589504,0.044239610390982426,0.06477333098180549,GCST90200881,cancerType_celltype,HNSC_Epi_HNSC,tissue,Tumor,Adjacent,group1_higher,0.29567161859815116,0.00026782601919783005
45289,1109,-0.11281434911806903,-0.003429102107363512,-0.1385311186313629,-0.0916540846228599,0.4895092589762719,0.6790185461773961,-0.10938524701070552,-0.04687703400850299,,-0.08019185304993352,-5.039568033849929,-5.330855055716733,-5.330855055716733,1.1784443065048384e-07,23491742.5,-3.6784032031715466,0.0002346997740097045,-0.22103317939170108,-0.06454920180885804,GCST90200361,cancerType_celltype,HNSC_Epi_HNSC,tissue,Tumor,Adjacent,group2_higher,1.6257283297227678e-07,0.0002813507405235068
45289,1109,0.000874185157383251,0.1033874914698102,-0.0313959121704101,0.0245887860655784,0.5563173298203932,0.7007063836888009,-0.10251330631242696,-0.055984698235988506,,-0.06712462947317456,6.884271616789746,-4.834859253193567,-4.834859253193567,1.5142382676836215e-06,23499636.0,-3.6604912152700466,0.00025173329981735874,-0.18299429222821773,-0.06423487940916706,GCST90200971,cancerType_celltype,HNSC_Epi_HNSC,tissue,Tumor,Adjacent,group2_higher,2.023437998875271e-06,0.0003015048221889806
45289,1109,-0.23095990710523698,-0.23732537441052215,-0.2649707794189453,-0.3612807095050812,0.5750918780228815,0.670808721506829,0.006365467305285172,0.09630993008613586,,0.004895290259930338,-0.03922375922886504,0.31320160290607685,0.31320160290607685,0.7541843810241057,26716854.0,3.6400433881996195,0.000272593304981532,0.011021258660161036,0.0638760577022417,GCST90200153,cancerType_celltype,HNSC_Epi_HNSC,tissue,Tumor,Adjacent,group1_higher,0.766557279146798,0.00032620252387166647
45289,1109,0.2839203140905935,0.47109217857160457,0.225466176867485,0.2851878106594085,1.3143688903006094,1.276394168192417,-0.18717186448101109,-0.05972163379192352,,-0.051049285647696535,0.7305212850937164,-4.821199031782052,-4.821199031782052,1.6153730770008312e-06,23523999.0,-3.6052065175764705,0.00031190615817050456,-0.14250129858569818,-0.06326473478084371,GCST90199826,cancerType_celltype,HNSC_Epi_HNSC,tissue,Tumor,Adjacent,group2_higher,2.150149906203255e-06,0.00037291938033894533
45289,1109,0.08918639759090119,0.004075374481605401,0.0589846558868885,-0.0451773442327976,0.8299856025633747,0.8989997003172393,0.08511102310929579,0.1041620001196861,,0.039696735900829935,4.451481370202017,3.1203723727664814,3.1203723727664814,0.0018510139611054295,26684782.0,3.5672653713532387,0.00036072768428125214,0.10233373988074207,0.06259893753971713,GCST90200060,cancerType_celltype,HNSC_Epi_HNSC,tissue,Tumor,Adjacent,group1_higher,0.002203434086451267,0.00043091308823430907
45289,1109,-0.25244069605512043,-0.15327515483022827,-0.3000358641147613,-0.2313074618577957,0.7075386209989615,0.7639703066440405,-0.09916554122489216,-0.06872840225696561,,-0.06289921062446739,-0.7198169470280609,-4.277958052215569,-4.277958052215569,2.0421187257768475e-05,23543818.0,-3.560233097899543,0.0003705273455568031,-0.13987887654217865,-0.06247553409173556,GCST90200314,cancerType_celltype,HNSC_Epi_HNSC,tissue,Tumor,Adjacent,group2_higher,2.6171370852979897e-05,0.00044223184938171857
45289,1109,0.10105240870088052,0.08865424767407405,0.0810479521751403,-0.0212571900337934,0.6574477303430353,0.8926560142627606,0.012398161026806465,0.10230514220893369,,0.007964413639342626,0.18884005241129687,0.45948734301141597,0.45948734301141597,0.6459720283980205,26678010.0,3.551898299449906,0.00038246430446119725,0.018670900250314357,0.06232927372889718,GCST90200619,cancerType_celltype,HNSC_Epi_HNSC,tissue,Tumor,Adjacent,group1_higher,0.6615025354669436,0.00045607948117288883
45289,1109,0.03515749435408836,-0.019736358988353044,0.0055119795724749,-0.1327080428600311,0.9973190173068094,1.100079089465623,0.0548938533424414,0.138220022432506,,0.021469972350392042,0.8329443301430591,1.6452755954951768,1.6452755954951768,0.10018554387408465,26676688.0,3.5488984073860834,0.00038684796616994744,0.05489955373156822,0.06227663114798987,GCST90199851,cancerType_celltype,HNSC_Epi_HNSC,tissue,Tumor,Adjacent,group1_higher,0.1093297808649939,0.00046090365200143215
45289,1109,-0.03493587505419832,0.11263120785404696,-0.018841752782464,0.032204333692789,0.8811897262289999,0.9541953136567035,-0.14756708290824527,-0.051046086475253,,-0.05538467050350728,1.6887969571197663,-5.097179122504514,-5.097179122504514,4.025305238452907e-07,23549124.5,-3.548191549309018,0.00038788769203491284,-0.16711946631743801,-0.06226422709053714,GCST90200021,cancerType_celltype,HNSC_Epi_HNSC,tissue,Tumor,Adjacent,group2_higher,5.461713136260469e-07,0.0004617387984660142
45289,1109,0.30382587071567535,0.19651921962054464,0.2699159681797027,0.0887937471270561,1.322963355553968,1.257968303278559,0.10730665109513071,0.1811222210526466,,0.031114780834490895,0.6285717122191767,2.802979801205413,2.802979801205413,0.005146974863129293,26665464.0,3.5234288245386223,0.0004260033219731432,0.08120381198798822,0.06182968687559742,GCST90200727,cancerType_celltype,HNSC_Epi_HNSC,tissue,Tumor,Adjacent,group1_higher,0.0060581405340632355,0.0005066688724689304
45289,1109,0.01928865490755321,-0.06492384146005453,-0.0412858836352825,-0.2094983905553817,1.0072987136744835,0.8771680427576888,0.08421249636760775,0.1682125069200992,,0.036007839815949946,-1.7509432522268435,3.1467215459917255,3.1467215459917255,0.0016924250925535833,26658275.0,3.5071154931870185,0.00045299442559586353,0.08384462416608776,0.0615434179541583,GCST90200804,cancerType_celltype,HNSC_Epi_HNSC,tissue,Tumor,Adjacent,group1_higher,0.0020164120639427747,0.0005383011352111264
45289,1109,0.013568931963117307,0.25254105533398874,-0.0594314485788345,0.0009181791683658,1.2010860714100933,1.4167925130249093,-0.23897212337087143,-0.0603496277472003,,-0.0862705228371702,4.218038264543452,-5.5682476529675276,-5.5682476529675276,3.2029072884410266e-08,23569791.0,-3.501294976436864,0.0004630050373595436,-0.1980398669529633,-0.061441278604667415,GCST90199822,cancerType_celltype,HNSC_Epi_HNSC,tissue,Tumor,Adjacent,group2_higher,4.472912534984753e-08,0.0005497176532413396
45289,1109,0.04711080212283323,-0.021339205663410944,0.015887850895524,-0.0843672454357147,0.8264228038662972,0.839538766647074,0.06845000778624417,0.10025509633123869,,0.030794641014612836,1.142514439086693,2.683528551197963,2.683528551197963,0.0073885326580420164,26654719.0,3.499046191992652,0.0004669276700475808,0.08279523864386827,0.061401816579191415,GCST90200200,cancerType_celltype,HNSC_Epi_HNSC,tissue,Tumor,Adjacent,group1_higher,0.00857799830742016,0.0005538924406221519
45289,1109,-0.06820664227269474,0.03019923338396987,-0.1010531187057495,-0.039950892329216,0.5428608762653678,0.718527184468831,-0.09840587565666462,-0.061102226376533494,,-0.06821250851659373,-1.1753736953828098,-4.52928282596247,-4.52928282596247,6.541056345026235e-06,23574464.5,-3.49068983607357,0.0004817772523703998,-0.17966682690549327,-0.06125517792246615,GCST90199842,cancerType_celltype,HNSC_Epi_HNSC,tissue,Tumor,Adjacent,group2_higher,8.556103453234891e-06,0.0005710107782442217
45289,1109,0.09101000480969755,0.02966562156072953,0.0378944836556911,-0.0540268532931804,0.8353176647371306,0.9669793376451515,0.06134438324896802,0.0919213369488715,,0.0292154781672335,1.6172003608761647,2.093588325829547,2.093588325829547,0.03651546039818292,26648109.0,3.4840467316735393,0.0004938953380113675,0.07314197425605846,0.06113860367465529,GCST90200249,cancerType_celltype,HNSC_Epi_HNSC,tissue,Tumor,Adjacent,group1_higher,0.04103097487446275,0.000584864766037788
45289,1109,-0.11949906878725007,-0.14050130887214024,-0.143861249089241,-0.2603092789649963,0.7653780789540787,0.8790223615534161,0.02100224008489017,0.11644802987575528,,0.011253134581112557,-0.23358238976710038,0.7883827805941542,0.7883827805941542,0.43063539005704343,26645633.5,3.47842930897763,0.0005043635829359894,0.027336415055292617,0.061040028251783784,GCST90200186,cancerType_celltype,HNSC_Epi_HNSC,tissue,Tumor,Adjacent,group1_higher,0.4504651087089411,0.00059674267668555
45289,1109,-0.3566503029494017,-0.12474995566787311,-0.4548349976539612,-0.3818431496620178,1.941661764854633,1.6277380839792295,-0.23190034728152858,-0.07299184799194336,,-0.04826436380572448,-1.5154633766267027,-4.6638587722266305,-4.6638587722266305,3.4552573091537257e-06,23580386.0,-3.4772527249873937,0.000506582223744257,-0.1198600931991072,-0.06101938136963536,GCST90199799,cancerType_celltype,HNSC_Epi_HNSC,tissue,Tumor,Adjacent,group2_higher,4.550256726933844e-06,0.000598847849924911
45289,1109,-0.09062394187156293,0.04770168614738795,-0.1385342180728912,0.0333294570446014,1.4059425754984267,1.3398366372400277,-0.13832562801895087,-0.17186367511749262,,-0.0349693200062284,-0.9258376576931174,-3.392650707695439,-3.392650707695439,0.0007153766973340783,23592245.5,-3.4503410608944263,0.0005598810891702023,-0.09849445591251764,-0.06054713122722255,GCST90200775,cancerType_celltype,HNSC_Epi_HNSC,tissue,Tumor,Adjacent,group2_higher,0.0008713658967527691,0.0006612806971741644
45289,1109,0.15691962854419647,0.0016362689503924576,0.0123052103444933,-0.1734918355941772,1.7825956445552478,1.5091795706468996,0.15528335959380402,0.1857970459386705,,0.03456736651835053,6.582599879551957,3.3694201299456474,3.3694201299456474,0.000777500834825445,26599723.5,3.374250001375443,0.0007401741821420572,0.08740692974937317,0.0592118732673268,GCST90200823,cancerType_celltype,HNSC_Epi_HNSC,tissue,Tumor,Adjacent,group1_higher,0.0009453466885522582,0.0008734696192724017
45289,1109,-0.07165803883930236,0.027175926796422653,-0.1097643449902534,-0.0425900369882583,0.5513073235034803,0.738106274443009,-0.09883396563572501,-0.06717430800199511,,-0.07668739646833075,-1.3987663694243482,-4.429010274505598,-4.429010274505598,1.037813530714283e-05,23629706.0,-3.3653354204581003,0.0007645097462303985,-0.1775993318849608,-0.05905543878994857,GCST90199723,cancerType_celltype,HNSC_Epi_HNSC,tissue,Tumor,Adjacent,group2_higher,1.3433426803072817e-05,0.0009014072526920703
45289,1109,0.03731258988395318,-0.03140484326071046,-0.0579048693180084,-0.1543621271848678,0.9487473902582809,1.0725897026001343,0.06871743314466364,0.09645725786685941,,0.03208841462150225,0.2486681594814236,2.113382501549561,2.113382501549561,0.03478281007050369,26593255.0,3.359571633890696,0.0007806373092146544,0.0721903122133243,0.05895429495068649,GCST90200860,cancerType_celltype,HNSC_Epi_HNSC,tissue,Tumor,Adjacent,group1_higher,0.039180967046360766,0.0009196271844940138
45289,1109,0.05482271715551874,0.013138382300181101,-0.0041363220661878,-0.108513206243515,0.7511409028334677,0.9406015328943508,0.04168433485533764,0.1043768841773272,,0.024094420252660786,2.060902694788703,1.4644285804208896,1.4644285804208896,0.14335189164297332,26577980.0,3.3249094922304168,0.0008844760229042678,0.05512204586721297,0.05834603820079365,GCST90200750,cancerType_celltype,HNSC_Epi_HNSC,tissue,Tumor,Adjacent,group1_higher,0.1551935093799624,0.0010410542480298074
45289,1109,0.25067316494173036,0.4033267475839711,0.2011798620223999,0.2460596561431884,0.9026906183116822,1.1150641842137752,-0.15265358264224071,-0.04487979412078849,,-0.06416332857803007,0.6861393453429493,-4.522887927865124,-4.522887927865124,6.7355962086561856e-06,23647937.0,-3.323965501989456,0.0008874753449675042,-0.1680575134012493,-0.05832947291058377,GCST90199986,cancerType_celltype,HNSC_Epi_HNSC,tissue,Tumor,Adjacent,group2_higher,8.802126205559329e-06,0.0010436832572827508
45289,1109,0.15984202606825867,0.10969228756897877,0.1246964558959007,0.0363137535750865,0.7299403389462455,0.7459397473592706,0.05014973849927991,0.08838270232081419,,0.027355285046897822,0.5431805548794508,2.213083514805528,2.213083514805528,0.027085879383166096,26575383.0,3.3190163608463417,0.0009033550357733503,0.06866755851489312,0.0582426245982095,GCST90200739,cancerType_celltype,HNSC_Epi_HNSC,tissue,Tumor,Adjacent,group1_higher,0.030662835215328393,0.0010614421670336867
45289,1109,-0.2987921549817095,-0.21413523759060968,-0.327343225479126,-0.2842160761356354,0.708808148715797,0.7051329753148637,-0.08465691739109985,-0.0431271493434906,,-0.047145719946913224,-0.48061813891860894,-3.9495689202472755,-3.9495689202472755,8.299556081555307e-05,23659778.0,-3.2970958182317234,0.0009769056216672942,-0.1194503406158118,-0.05785795944574057,GCST90200195,cancerType_celltype,HNSC_Epi_HNSC,tissue,Tumor,Adjacent,group2_higher,0.0001041647784453028,0.0011468754197523875
45289,1109,-0.35479822892742846,-0.44337423828293904,-0.3958109319210052,-0.5650992393493652,1.1934529185853717,1.0611476794814674,0.08857600935551058,0.16928830742836004,,0.02762594310542032,-0.3215253262231115,2.7376768980066952,2.7376768980066952,0.006280679557669948,26543240.5,3.246078364884606,0.001170070928255269,0.07440456699090618,0.05696269709683932,GCST90200988,cancerType_celltype,HNSC_Epi_HNSC,tissue,Tumor,Adjacent,group1_higher,0.0073418235309641,0.0013724670182546743
45289,1109,-0.13099672382340638,-0.10164088896827708,-0.288052350282669,-0.1947824209928512,0.9103463444671035,0.8150992309482494,-0.029355834855129298,-0.09326992928981781,,-0.015936697258629097,-0.3660466515662016,-1.1814528065791507,-1.1814528065791507,0.2376616110892902,23697403.5,-3.2117157585892473,0.001319453721042442,-0.032323516757873344,-0.056359696640955304,GCST90200574,cancerType_celltype,HNSC_Epi_HNSC,tissue,Tumor,Adjacent,group2_higher,0.25346852575485335,0.0015463589181262671
45289,1109,-0.5190956357588626,-0.4330074402738389,-0.5829471349716187,-0.5191784501075745,1.0884583676406938,0.906902224249995,-0.08608819548502372,-0.06376868486404419,,-0.033324475419261416,-0.26160799123851997,-3.1068585542336447,-3.1068585542336447,0.001935725976092929,23699461.0,-3.2070468645489183,0.0013410567608074639,-0.07938223178179504,-0.056277766149112174,GCST90199996,cancerType_celltype,HNSC_Epi_HNSC,tissue,Tumor,Adjacent,group2_higher,0.0022982530534970927,0.0015703267740382932
45289,1109,0.43046816004115956,0.2908850718583329,0.3247301280498504,0.1637993901968002,1.392536830028546,1.050210818335606,0.13958308818282666,0.1609307378530502,,0.04089809654048205,0.5654556635119468,4.3338012086123925,4.3338012086123925,1.587622698006376e-05,26520519.0,3.194518570990398,0.0014006482393471211,0.10075670300941862,0.05605791767014923,GCST90200589,cancerType_celltype,HNSC_Epi_HNSC,tissue,Tumor,Adjacent,group1_higher,2.037598622770895e-05,0.0016386983263777905
45289,1109,-0.07862858171632607,-0.1496512909661588,-0.1468458920717239,-0.2331681102514267,0.7406130014981644,0.7171551143121605,0.07102270924983274,0.08632221817970279,,0.04177976917978862,-0.9284702797831884,3.255755802531734,3.255755802531734,0.0011634149622498703,26516184.5,3.184682691905195,0.001449133762443101,0.09596866333397691,0.055885316106652594,GCST90200046,cancerType_celltype,HNSC_Epi_HNSC,tissue,Tumor,Adjacent,group1_higher,0.001399589226431221,0.0016939702557546713
45289,1109,-0.4001602183166084,-0.34155355385656666,-0.4284842312335968,-0.5457822680473328,0.639720412513835,0.8692694702750996,-0.05860666446004176,0.11729803681373596,,-0.03779118991160994,-0.22846532762071797,-2.2304755347649983,-2.2304755347649983,0.02591032294912083,26505425.5,3.1602682904568846,0.0015762453632259643,-0.09070083216370474,0.05545688832451856,GCST90200894,cancerType_celltype,HNSC_Epi_HNSC,tissue,Tumor,Adjacent,group2_higher,0.029380840415683604,0.001840978946081396
45289,1109,-0.04056061519432092,-0.10131503799548112,-0.0850160419940948,-0.1974196135997772,0.853677819458607,0.7634463512664111,0.0607544228011602,0.1124035716056824,,0.02614846585614252,-1.3206755582849101,2.6104560853188215,2.6104560853188215,0.00915702050869445,26503992.0,3.1570153817779967,0.0015939355827593025,0.07133861963193204,0.05539980576799031,GCST90200382,cancerType_celltype,HNSC_Epi_HNSC,tissue,Tumor,Adjacent,group1_higher,0.01059509249011081,0.0018600464035110696
45289,1109,-0.1889325728435362,-0.09936412906615782,-0.2815175056457519,-0.1811147034168243,0.996704392826327,0.9155762538396898,-0.08956844377737838,-0.10040280222892758,,-0.03651409630045757,-0.927067536271815,-3.2115492268357744,-3.2115492268357744,0.0013560689149136498,23731313.5,-3.134766938707083,0.0017199135980949369,-0.09003264702688486,-0.055009386566397867,GCST90200822,cancerType_celltype,HNSC_Epi_HNSC,tissue,Tumor,Adjacent,group2_higher,0.001622758499584991,0.0020053398068463632
45289,1109,-0.02855274084991342,-0.01714903487936435,-0.0600972920656204,-0.1366693079471588,0.6636260671869104,0.9051935684184541,-0.011403705970549072,0.07657201588153842,,-0.007776388467581966,-0.7354682561540551,-0.4168031595679589,-0.4168031595679589,0.6769010419999572,26493944.5,3.134215521330753,0.0017231491085016295,-0.01701003900754527,0.05499971020697236,GCST90199830,cancerType_celltype,HNSC_Epi_HNSC,tissue,Tumor,Adjacent,group2_higher,0.6916162820434345,0.002007395072553608
45289,1109,0.07286716255154527,0.16905981967119857,0.0084965834394097,0.1408080160617828,1.4415853317222411,1.1295617290894562,-0.0961926571196533,-0.1323114326223731,,-0.024755333445049234,1.2141818326087022,-2.7810273506411547,-2.7810273506411547,0.005503629211389586,23733765.5,-3.1292028423829588,0.0017528193921137187,-0.06703672266190017,-0.05491174692314171,GCST90200774,cancerType_celltype,HNSC_Epi_HNSC,tissue,Tumor,Adjacent,group2_higher,0.006472343930219159,0.002040215910718188
45289,1109,-0.03349426748621442,0.07202814155258448,-0.0668336153030395,0.0152098163962364,1.101284521411007,0.9570866874307502,-0.10552240903879889,-0.0820434316992759,,-0.03449999229522169,1.1046234372812005,-3.6135214744562907,-3.6135214744562907,0.00031477073681984746,23734994.0,-3.1264151212026214,0.0017695225915931748,-0.09609880526430473,-0.05486282755049077,GCST90200519,cancerType_celltype,HNSC_Epi_HNSC,tissue,Tumor,Adjacent,group2_higher,0.00038826471881036386,0.002057900420086602
45289,1109,-0.008034915763351724,-0.016989938727870996,-0.0262767020612955,-0.1059839576482772,0.5678608827813975,0.8879363045636324,0.008955022964519272,0.0797072555869817,,0.005679562026216362,-1.080231215616673,0.3341848146513603,0.3341848146513603,0.7383020959321713,26489614.5,3.1243898536784447,0.0017817490266940125,0.015504496893935836,0.054827287835316874,GCST90200265,cancerType_celltype,HNSC_Epi_HNSC,tissue,Tumor,Adjacent,group1_higher,0.7509744453399623,0.0020703528758601354
45289,1109,-0.2235263753017314,-0.13178008196185148,-0.321057915687561,-0.2746613025665283,0.9833617738000013,0.8961603043967638,-0.09174629333987991,-0.04639661312103266,,-0.043574868289321424,-0.7623082515910287,-3.360150171654501,-3.360150171654501,0.0008040348156142528,23737987.0,-3.1196233837237854,0.0018108310161814548,-0.0934880124285055,-0.05474364506588003,GCST90200020,cancerType_celltype,HNSC_Epi_HNSC,tissue,Tumor,Adjacent,group2_higher,0.0009758677236707272,0.0021023532155496787
45289,1109,-0.17584700393843214,-0.21877645473241575,-0.2287644892930984,-0.3496619164943695,0.7746978310525805,0.8246410438481176,0.04292945079398361,0.12089742720127111,,0.02330203874965747,-0.3151351154764752,1.715194565855159,1.715194565855159,0.0865774534907993,26462251.0,3.062296399451208,0.0021964667378645535,0.055326589712443766,0.053737662069314185,GCST90200001,cancerType_celltype,HNSC_Epi_HNSC,tissue,Tumor,Adjacent,group1_higher,0.09478318803852163,0.002547901415922882
45289,1109,-0.23919854685026917,-0.03821988478055219,-0.2677219212055206,-0.2554175853729248,1.698574409818903,1.4649149162021946,-0.20097866206971698,-0.01230433583259577,,-0.046378415316174745,-2.6457815754743836,-4.495413106853098,-4.495413106853098,7.625726373800249e-06,23765180.0,-3.057916829342904,0.0022288227033423215,-0.11868560688595532,-0.05366080867963863,GCST90199819,cancerType_celltype,HNSC_Epi_HNSC,tissue,Tumor,Adjacent,group2_higher,9.936773467963422e-06,0.0025832358372921637
45289,1109,0.10568609303229086,0.01339605678254159,-0.014655546285212,-0.188075914978981,1.242696645934902,1.1273428034362047,0.09229003624974927,0.17342036869376898,,0.03132911962324378,2.9798112062935234,2.6865670243236406,2.6865670243236406,0.007320879486773888,26443007.0,3.0186277739775313,0.002539232510162721,0.07442343249068738,0.052971358115472045,GCST90199721,cancerType_celltype,HNSC_Epi_HNSC,tissue,Tumor,Adjacent,group1_higher,0.008506699693497707,0.002940504597580109
45289,1109,-0.3278294950289189,-0.2512912544171175,-0.3891022801399231,-0.3321921229362488,0.7480206886066891,0.7574076195841482,-0.07653824061180137,-0.056910157203674316,,-0.03608162171145861,-0.383583857507215,-3.325746970628852,-3.325746970628852,0.0009093854334755253,23790804.5,-2.9997695266277606,0.002701849679472799,-0.10229017820597118,-0.0526404306051621,GCST90200674,cancerType_celltype,HNSC_Epi_HNSC,tissue,Tumor,Adjacent,group2_higher,0.0010998157460755465,0.0031261639330402587
45289,1109,0.4305136317470174,0.2977017896579165,0.3214473128318786,0.085599698126316,1.5576755842191141,1.3647446089873174,0.1328118420891009,0.2358476147055626,,0.03180354503022599,0.5321895302388329,3.1903063576043986,3.1903063576043986,0.0014586659257113947,26420741.0,2.9681016040130292,0.002996463694476783,0.08550040880951537,0.0520847168851537,GCST90199802,cancerType_celltype,HNSC_Epi_HNSC,tissue,Tumor,Adjacent,group1_higher,0.0017424729682249177,0.0034641051870838466
45289,1109,0.06278507823833497,-0.04619859833099415,0.0062330998480319,-0.1317653059959411,1.4534400101479579,1.091543970056989,0.10898367656932911,0.137998405843973,,0.03171099864108179,0.4425643925035788,3.255046755793596,3.255046755793596,0.0011652185002727136,26419260.5,2.9647420425905717,0.0030293794745275835,0.07537670205688744,0.052025762769394746,GCST90199989,cancerType_celltype,HNSC_Epi_HNSC,tissue,Tumor,Adjacent,group1_higher,0.001400522765318967,0.0034991900201534715
45289,1109,0.21886303156627152,0.10210264815778428,0.1916492879390716,-0.0404946655035018,1.6942231887188852,1.2748889209097891,0.11676038340848724,0.2321439534425734,,0.029125180183356587,1.1000004648428032,2.98604118647477,2.98604118647477,0.002883182625825639,26417875.0,2.961598055862564,0.003060481525836009,0.0692765072563201,0.051970591592505944,GCST90199731,cancerType_celltype,HNSC_Epi_HNSC,tissue,Tumor,Adjacent,group1_higher,0.0034142292953956085,0.0035321222012823714
45289,1109,0.029765603741395086,0.1243934222603384,-0.0497622117400169,0.0193650815635919,0.9624399379182608,0.9680787464074081,-0.09462781851894331,-0.06912729330360881,,-0.041060258009271836,2.0631552677569154,-3.2164806791127427,-3.2164806791127427,0.0013335161781341458,23810598.5,-2.954852837133583,0.003128193768334447,-0.0983069578523401,-0.05185222542628298,GCST90200216,cancerType_celltype,HNSC_Epi_HNSC,tissue,Tumor,Adjacent,group2_higher,0.0015985774413340727,0.0036072149798983513
45289,1109,0.2446470468892191,0.3601406793717028,0.161103069782257,0.2306175529956817,1.0447099444757595,1.0750305855143576,-0.1154936324824837,-0.06951448321342471,,-0.043380646261772904,0.557856807710376,-3.5370285656824505,-3.5370285656824505,0.0004206363618417131,23817882.5,-2.9383239310875293,0.003299932427236707,-0.11047325362431497,-0.051562173565974034,GCST90200499,cancerType_celltype,HNSC_Epi_HNSC,tissue,Tumor,Adjacent,group2_higher,0.0005165111362074369,0.003802035417010678
45289,1109,0.15503777287066592,0.011615904298052737,0.067002460360527,0.0244400463998317,1.0463065553016773,0.7903677505690259,0.1434218685726132,0.042562413960695294,,0.059510973752538665,3.7383314849443368,5.917356080961697,5.917356080961697,4.2586587434231216e-09,26403448.5,2.9288613366048217,0.003402073953538534,0.13778268287083908,0.051396122459783866,GCST90200981,cancerType_celltype,HNSC_Epi_HNSC,tissue,Tumor,Adjacent,group1_higher,6.07806478249813e-09,0.003916407769149512
45289,1109,-0.017408534151273854,-0.09809653069820307,-0.0742806941270828,-0.14289291203022,0.8544745412177925,0.8124919902117969,0.08068799654692921,0.06861221790313721,,0.038560398651646594,-2.494339222011946,3.2632685735033884,3.2632685735033884,0.0011332196586740038,26399279.0,2.9193998767257687,0.0035070730974650784,0.09453822346214114,0.051230091263798405,GCST90200796,cancerType_celltype,HNSC_Epi_HNSC,tissue,Tumor,Adjacent,group1_higher,0.0013668835351970507,0.004033873950923968
45289,1109,0.14308406288879563,0.21910100091979154,0.0723559483885765,0.1314867436885833,1.0699462813274176,0.9162645218017647,-0.0760169380309959,-0.0591307953000068,,-0.02639306652350022,0.614729587271452,-2.7178349104283903,-2.7178349104283903,0.006667019197736083,23835378.0,-2.8986230145953913,0.0037480660322235827,-0.07127472482967559,-0.05086549559754516,GCST90200615,cancerType_celltype,HNSC_Epi_HNSC,tissue,Tumor,Adjacent,group2_higher,0.007786758497441543,0.00430743170482356
45289,1109,-0.16807953625329802,-0.16450271757499965,-0.2391971945762634,-0.3017486929893493,0.6680469686464823,0.8100720180982172,-0.0035768186782983713,0.06255149841308591,,-0.00254241120602533,-0.03103248258001976,-0.14583191766901776,-0.14583191766901776,0.8840797425130096,26377018.0,2.8688850527978165,0.004119229467349781,-0.0053243203511062894,0.0503436491355258,GCST90200863,cancerType_celltype,HNSC_Epi_HNSC,tissue,Tumor,Adjacent,group2_higher,0.8886435759920591,0.004729999801177549
45289,1109,0.03248424268653776,-0.013349392545979295,-0.0129295252263545,-0.0862719416618347,0.7177741183140058,0.9242323554949439,0.04583363523251706,0.0733424164354802,,0.023596977289081326,1.282902320550704,1.6394014167292634,1.6394014167292634,0.10140535768850063,26374278.5,2.862668559372066,0.004200912510518484,0.06335935679542584,0.050234561124636645,GCST90200356,cancerType_celltype,HNSC_Epi_HNSC,tissue,Tumor,Adjacent,group1_higher,0.1105724020235411,0.004819733797842334
45289,1109,0.06084009613605662,0.047327866962950466,0.0218954179435968,-0.0429313704371452,0.6064530822205579,0.8055572181218027,0.013512229173106155,0.06482678838074199,,0.009400196584921031,0.3623257605737865,0.5547578284995689,0.5547578284995689,0.5791692364581315,26341815.0,2.78900214786382,0.00528708996122448,0.022080124057766617,0.04894185127192663,GCST90200668,cancerType_celltype,HNSC_Epi_HNSC,tissue,Tumor,Adjacent,group1_higher,0.596680022140917,0.0060608104433548925
45289,1109,0.10983963893893102,0.23243070222106507,0.086521953344345,0.1188982725143432,1.165652950689388,1.0797082543118441,-0.12259106328213405,-0.03237631916999821,,-0.04485237526426021,1.0813949339594116,-3.7282705826938396,-3.7282705826938396,0.00020200497493437893,23885130.0,-2.785725412508177,0.005340827903075172,-0.10534824599239725,-0.04888435060110197,GCST90199813,cancerType_celltype,HNSC_Epi_HNSC,tissue,Tumor,Adjacent,group2_higher,0.00025144546195028167,0.006117267589824756
45289,1109,1.3739604493484447,1.3985888130036566,1.3275648355484009,0.9561721682548524,1.7504482683594491,2.0947625174118523,-0.024628363655211816,0.3713926672935485,,-0.005983810158561683,0.0256313765473273,-0.38822629506920797,-0.38822629506920797,0.6979206680335182,26339860.0,2.7845658475727664,0.005359962427281359,-0.01399771111303518,0.04886400237202215,GCST90200829,cancerType_celltype,HNSC_Epi_HNSC,tissue,Tumor,Adjacent,group2_higher,0.7125587045166182,0.0061340292093908415
45289,1109,-0.19835717703802977,-0.09345577656350813,-0.2906187176704407,-0.2695492804050445,1.0378984664838278,0.9906997802416562,-0.10490140047452164,-0.021069437265396174,,-0.042879810932275435,-1.085736688903081,-3.479733574903775,-3.479733574903775,0.0005204080522449387,23893117.5,-2.767600119119537,0.005647089384600722,-0.10117840534701973,-0.048566285082950245,GCST90200578,cancerType_celltype,HNSC_Epi_HNSC,tissue,Tumor,Adjacent,group2_higher,0.0006378742582822405,0.006457200361754014
45289,1109,-0.18308956783235286,-0.11878022736362942,-0.2311374545097351,-0.1264877766370773,0.6854141520895473,0.7317643022770134,-0.06430934046872344,-0.1046496778726578,,-0.036086897816981975,-0.6242506254390772,-2.8956959446556,-2.8956959446556,0.0038543627669803894,23896865.0,-2.7590962647253052,0.005796165938852743,-0.09366926683916457,-0.048417058099629484,GCST90200062,cancerType_celltype,HNSC_Epi_HNSC,tissue,Tumor,Adjacent,group2_higher,0.004556371597046202,0.006622107438940728
45289,1109,-0.12776770928846895,-0.14230902040030008,-0.2048053294420242,-0.3368565142154693,0.875969116531316,0.9965582014802571,0.014541311111831129,0.1320511847734451,,0.006665717030839901,-0.15550268738449596,0.48138962015029263,0.48138962015029263,0.6303311713434073,26322386.0,2.7449137190377932,0.0060527017923241765,0.01654222970544233,0.04816818054239014,GCST90199821,cancerType_celltype,HNSC_Epi_HNSC,tissue,Tumor,Adjacent,group1_higher,0.6469005562005049,0.006909407489897699
45289,1109,-0.26785835624695786,-0.10761150764983746,-0.3200262486934662,-0.2978307902812958,0.5564524509191612,0.847822295117004,-0.1602468485971204,-0.02219545841217041,,-0.12293748035633668,-1.315629919794806,-6.261406288109243,-6.261406288109243,5.407586795175175e-10,23912576.0,-2.7234447486778652,0.006460524279787085,-0.28354027760183237,-0.04779143965134369,GCST90199998,cancerType_celltype,HNSC_Epi_HNSC,tissue,Tumor,Adjacent,group2_higher,7.866105444849267e-10,0.007368782086485185
45289,1109,0.24213914504614664,0.3751849296497888,0.1439765989780426,0.1859048008918762,1.3190665206494618,1.262059352762287,-0.13304578460364214,-0.04192820191383359,,-0.037417434939914875,0.6317634370879532,-3.4646143653104926,-3.4646143653104926,0.0005502447835001342,23914608.5,-2.7188325848202863,0.006551298197906082,-0.100965596290592,-0.04771050466972948,GCST90199782,cancerType_celltype,HNSC_Epi_HNSC,tissue,Tumor,Adjacent,group2_higher,0.0006732348652699129,0.007466069769018387
45289,1109,0.1660353146592198,0.09265859758462908,0.1014148592948913,-0.0655019879341125,1.0427466186575498,0.9809191927578144,0.07337671707459073,0.1669168472290038,,0.02941992650649347,0.8414864934065703,2.4573312251490487,2.4573312251490487,0.014141620780825346,26305514.0,2.7066276533034412,0.006797067724882136,0.07046558077584739,0.04749633059907166,GCST90200877,cancerType_celltype,HNSC_Epi_HNSC,tissue,Tumor,Adjacent,group1_higher,0.016252132482516817,0.007739685304105557
45289,1109,0.6357337025247835,0.557879240313172,0.6067591905593872,0.4422810971736908,1.2555089841743798,1.0533343412639806,0.07785446221161141,0.1644780933856964,,0.023923193402914635,0.18846938908852928,2.4196751773029734,2.4196751773029734,0.015683922554225196,26299714.0,2.6934662509054306,0.007071354477920362,0.062230716313163015,0.047265372225953506,GCST90200999,cancerType_celltype,HNSC_Epi_HNSC,tissue,Tumor,Adjacent,group1_higher,0.0179791307328923,0.00804528894274245
45289,1109,0.01627960595585624,-0.03960328485627346,-0.0150462863966822,-0.1228722110390663,0.9724490207838496,0.9828203026124521,0.0558828908121297,0.10782592464238411,,0.01854128211186805,-1.2825021294504544,1.8712259994424447,1.8712259994424447,0.06156494577445558,26298270.5,2.6901906501534425,0.007141145184505332,0.057451430332272395,0.04720789146533355,GCST90200789,cancerType_celltype,HNSC_Epi_HNSC,tissue,Tumor,Adjacent,group1_higher,0.06838877024497389,0.008117915668457687
45289,1109,-0.1627296719876197,-0.14816177437733608,-0.2225067615509033,-0.2907553911209106,0.6606616055102672,0.8477262185495731,-0.014567897610283626,0.0682486295700073,,-0.009526077660850615,-0.13530318161340718,-0.568069252465832,-0.568069252465832,0.5700996946673513,26280986.5,2.65096967100737,0.008026131792851965,-0.021882200566285117,0.046519635513441626,GCST90200657,cancerType_celltype,HNSC_Epi_HNSC,tissue,Tumor,Adjacent,group2_higher,0.5882254987370173,0.00911634802804769
45289,1109,-0.07451208833532043,-0.12738068172940353,-0.1394500881433487,-0.2005074173212051,0.6961140195444114,0.6540797515589538,0.052868593394083105,0.06105732917785642,,0.0345902790423521,-0.7735920595894377,2.655168675291826,2.655168675291826,0.008034490922008093,26261103.0,2.6058498874589473,0.009164692059346441,0.07605461900354349,0.0457278664079428,GCST90200066,cancerType_celltype,HNSC_Epi_HNSC,tissue,Tumor,Adjacent,group1_higher,0.009304172580031462,0.010400895317976019
45289,1109,0.00871792305805044,0.12654192635783845,-0.0318361185491085,0.0035855115856975,0.5665375971576694,0.8331918170202246,-0.11782400329978801,-0.035421630134805995,,-0.08609146114277819,3.8593331065195136,-4.68284646197239,-4.68284646197239,3.171322877526232e-06,23967578.0,-2.5986338082131413,0.009359586844326969,-0.2051430561478532,-0.04560123750681955,GCST90200713,cancerType_celltype,HNSC_Epi_HNSC,tissue,Tumor,Adjacent,group2_higher,4.180380156739124e-06,0.0106132419873691
45289,1109,-0.017132419928372736,0.07976234938635057,-0.0456715039908885,0.0110631817951798,0.955686661440275,0.9211899442937393,-0.09689476931472331,-0.0567346857860683,,-0.03549668445196246,2.2189128416757207,-3.457546326023928,-3.457546326023928,0.0005647465354805057,23967737.0,-2.598273004250851,0.009369427933017647,-0.10147352270061546,-0.04559490606176331,GCST90199646,cancerType_celltype,HNSC_Epi_HNSC,tissue,Tumor,Adjacent,group2_higher,0.0006897397203045962,0.010615569636494642
45289,1109,-0.09386580700643014,-0.0069011187032234625,-0.1171869486570358,-0.0538151040673255,0.6394915113667918,0.8088819586012886,-0.08696468830320668,-0.06337184458971029,,-0.04362014197638256,-3.765503894417479,-3.5532459568962222,-3.5532459568962222,0.00039603780808475397,23976831.0,-2.5776368329736936,0.009947881365629498,-0.13502654037861386,-0.045232779260877876,GCST90200571,cancerType_celltype,HNSC_Epi_HNSC,tissue,Tumor,Adjacent,group2_higher,0.00048718369351942204,0.011261596595808145
45289,1109,0.2752536656964561,0.23079397585650283,0.2330434173345565,0.0669312477111816,1.017867658637114,0.9084358433897296,0.04445968983995327,0.16611216962337488,,0.018724877520843657,0.2541551998595601,1.6053248993783977,1.6053248993783977,0.10869054144496797,26245136.5,2.5696185889438024,0.010181087220917501,0.04378575054712902,0.04509207384511704,GCST90200839,cancerType_celltype,HNSC_Epi_HNSC,tissue,Tumor,Adjacent,group1_higher,0.11832684344208572,0.01151603475693822
45289,1109,0.17396666527197882,0.16262201024633513,0.1507057249546051,0.0577662251889705,0.6620802119025039,0.8350685632576995,0.01134465502564369,0.09293949976563459,,0.006978400296659951,0.09728777745205633,0.4489706040827787,0.4489706040827787,0.653538018439549,26239533.0,2.5569030857822064,0.010560898034749761,0.017015244872701868,0.04486894018239851,GCST90200862,cancerType_celltype,HNSC_Epi_HNSC,tissue,Tumor,Adjacent,group1_higher,0.6682463009250602,0.011935741311247037
45289,1109,0.07248955624549898,0.05253433251780323,0.0255432985723018,-0.0630472749471664,0.6088024840180364,0.7039101409866166,0.019955223727695752,0.0885905735194682,,0.013614546675045035,0.46450502887401945,0.9355427329202656,0.9355427329202656,0.34970525737245706,26216015.5,2.503537002869237,0.012295921637394186,0.03264678080151684,0.043932463710018466,GCST90199634,cancerType_celltype,HNSC_Epi_HNSC,tissue,Tumor,Adjacent,group1_higher,0.36750059043844174,0.013885121119940575
45289,1109,-0.08250274710780534,-0.10076769979899905,-0.1219300031661987,-0.1966853886842727,0.7840637663626844,0.8186263296753271,0.018264952691193714,0.07475538551807401,,0.009456737770599117,-0.2885160372292586,0.7348095447114266,0.7348095447114266,0.46260422693553094,26208823.5,2.4872168638957035,0.012874730095813802,0.023270215275415656,0.04364607532735221,GCST90200761,cancerType_celltype,HNSC_Epi_HNSC,tissue,Tumor,Adjacent,group1_higher,0.48144431822395445,0.014526702914399182
45289,1109,-0.10046648087531357,-0.08669981767423293,-0.2016783058643341,-0.0956496745347976,1.0585441713123918,0.8016735492603295,-0.013766663201080637,-0.10602863132953651,,-0.005339240776530729,-0.2126111034911504,-0.5600393910873149,-0.5600393910873149,0.5755566998409238,24030300.0,-2.4563045873152025,0.014037456663366775,-0.013072013061584203,-0.043103621803593395,GCST90200177,cancerType_celltype,HNSC_Epi_HNSC,tissue,Tumor,Adjacent,group2_higher,0.5934067941627679,0.015825519795011508
45289,1109,-0.12545047169164592,-0.06213030238664102,-0.1786254793405532,-0.1309735029935836,0.8681789033706783,0.7702910328189949,-0.06332016930500489,-0.047651976346969604,,-0.028857585749579938,-1.0137371940799065,-2.69588454965692,-2.69588454965692,0.007120206043469723,24032761.5,-2.450718933521633,0.014257168036420707,-0.07312049574984694,-0.04300560386645025,GCST90200163,cancerType_celltype,HNSC_Epi_HNSC,tissue,Tumor,Adjacent,group2_higher,0.008308939072987357,0.016059933912100352
45289,1109,-0.3560111668259235,-0.5061615188626029,-0.5388049483299255,-0.6729398965835571,1.4732596511759848,1.1191809322374153,0.15015035203667937,0.1341349482536316,,0.04504302858235248,-0.5076741338144076,4.3759050611170816,4.3759050611170816,1.3140607542335394e-05,26190966.0,2.4466944943573448,0.014417344059386097,0.10243569918073639,0.04293498237080806,GCST90200335,cancerType_celltype,HNSC_Epi_HNSC,tissue,Tumor,Adjacent,group1_higher,1.6944794777864848e-05,0.01622695289260384
45289,1109,-0.11802862215835236,-0.1437542119491308,-0.1643790304660797,-0.2625264823436737,0.7246392503960851,0.7563274081498569,0.025725589790778436,0.098147451877594,,0.013579136516822176,-0.2844652815242942,1.1201965516194177,1.1201965516194177,0.26286221347057426,26184717.0,2.432514217877143,0.014994449790120651,0.03546341222082911,0.04268614463397791,GCST90200936,cancerType_celltype,HNSC_Epi_HNSC,tissue,Tumor,Adjacent,group1_higher,0.27903520012491645,0.016862570184764395
45289,1109,0.34550728510556467,0.2843451229628151,0.2998861968517303,0.1836835443973541,0.8851711113976048,1.0312671967376155,0.061162162142749554,0.11620265245437619,,0.025936080083860637,0.2810721727007955,1.957468810953265,1.957468810953265,0.05053431639647889,26182810.5,2.428187974140624,0.015174523623711128,0.06880347719855129,0.0426102270239177,GCST90199924,cancerType_celltype,HNSC_Epi_HNSC,tissue,Tumor,Adjacent,group1_higher,0.056227161835429154,0.017051010469182414
45289,1109,0.2287017336880859,0.18699203683082807,0.2120009809732437,0.1507938802242279,0.6808709016264038,0.7979876994942422,0.04170969685725784,0.06120710074901581,,0.02133665948727067,0.2904890617802695,1.725319957343067,1.725319957343067,0.08473898055754453,26176751.0,2.4144377124456677,0.01575956635817463,0.06098786137202415,0.04236893525462304,GCST90199884,cancerType_celltype,HNSC_Epi_HNSC,tissue,Tumor,Adjacent,group1_higher,0.0929197349154732,0.01769381297050414
45289,1109,-0.07807692052665026,0.06697875050507378,-0.1281690597534179,-0.1252218037843704,0.7827349283192142,0.9750410471985265,-0.14505567103172404,-0.0029472559690475186,,-0.07057558309637624,-0.2211896275546249,-4.915612475487721,-4.915612475487721,1.0141926664772436e-06,24055783.5,-2.3984772428307695,0.016463450469354275,-0.18411006579337102,-0.042088858406808094,GCST90200002,cancerType_celltype,HNSC_Epi_HNSC,tissue,Tumor,Adjacent,group2_higher,1.3605753980398455e-06,0.018468874888666567
45289,1109,0.14459444849653938,0.2397261032687634,0.0056223734281957,0.0314856208860874,1.497252603276721,1.315301742290156,-0.09513165477222402,-0.025863247457891696,,-0.025715897824558152,0.729370887071036,-2.3712769227574837,-2.3712769227574837,0.017886660092069143,24059473.5,-2.3901038678568627,0.01684366051927005,-0.06371138015149753,-0.041941921097014,GCST90200199,cancerType_celltype,HNSC_Epi_HNSC,tissue,Tumor,Adjacent,group2_higher,0.02043547167266575,0.018879859611648914
45289,1109,0.058305851337810306,0.20885641004344763,0.0165297333151102,0.0273540448397398,0.8816316630892228,1.0577055166079785,-0.15055055870563733,-0.0108243115246296,,-0.062357614405901124,1.8407810075634148,-4.700240714481187,-4.700240714481187,2.913815139750474e-06,24060730.5,-2.38725147426819,0.016974927887341153,-0.1698747707308156,-0.041891866842702075,GCST90199801,cancerType_celltype,HNSC_Epi_HNSC,tissue,Tumor,Adjacent,group2_higher,3.848381817325481e-06,0.01901136130685784
45289,1109,0.45861470172000407,0.4404036444477777,0.410746693611145,0.2764533460140228,0.8912975418727193,1.021395345656776,0.018211057272226383,0.1342933475971222,,0.007925014996220645,0.05845606616164144,0.5882952174545434,0.5882952174545434,0.5564496999588483,26158088.5,2.3720886310227574,0.017687901510610744,0.020356079245596178,0.04162578686870644,GCST90199931,cancerType_celltype,HNSC_Epi_HNSC,tissue,Tumor,Adjacent,group1_higher,0.5754483619453037,0.019793604071397738
45289,1109,-0.002785779720953008,-0.03909933788519658,-0.0424690805375576,-0.1075516790151596,0.6371405728751504,0.619209158077305,0.03631355816424357,0.065082598477602,,0.023421837990701126,-3.8105101993776906,1.9281428255734359,1.9281428255734359,0.054079918110224785,26122988.0,2.2924383198380363,0.021880428340028648,0.057032383140241345,0.04022807059704592,GCST90200632,cancerType_celltype,HNSC_Epi_HNSC,tissue,Tumor,Adjacent,group1_higher,0.06012310634929558,0.02446515490357592
45289,1109,-0.2081184114265305,-0.25721239306276616,-0.2665632367134094,-0.3561848104000091,0.8585345956803099,0.8051102215064447,0.049093981636235656,0.08962157368659968,,0.02487236495546381,-0.30555423312609087,2.0029722016747242,2.0029722016747242,0.04541050997731192,26120913.0,2.287729714669782,0.022153332252493798,0.05726597659155526,0.04014544324804237,GCST90199675,cancerType_celltype,HNSC_Epi_HNSC,tissue,Tumor,Adjacent,group1_higher,0.05065018420546329,0.02474999332799102
45289,1109,0.24728925773001847,0.22462088327298618,0.1568369269371032,0.0744273215532302,0.9393149910413946,1.066073768348067,0.022668374457032292,0.08240960538387299,,0.010727085667596514,0.13870691845093847,0.7014708479926938,0.7014708479926938,0.48315108198769297,26117435.5,2.2798385462492505,0.022617333244878468,0.024050282514284906,0.04000696777519441,GCST90200190,cancerType_celltype,HNSC_Epi_HNSC,tissue,Tumor,Adjacent,group1_higher,0.5019321072783731,0.025247686496944595
45289,1109,-0.08343292295209287,-0.022921810634883508,-0.1426568776369094,-0.1260991543531417,0.7602426470736233,0.7263331534066266,-0.06051111231720936,-0.0165577232837677,,-0.0314093092516092,-1.8638501324760806,-2.7378926064128493,-2.7378926064128493,0.006277344211319519,24117820.5,-2.257702428940182,0.02396428849183119,-0.07967749467395915,-0.039618519683855435,GCST90199760,cancerType_celltype,HNSC_Epi_HNSC,tissue,Tumor,Adjacent,group2_higher,0.0073418235309641,0.026729398702427097
45289,1109,-0.29873186979432426,-0.22976989648674254,-0.3574470579624176,-0.3148284256458282,0.6695622322264251,0.6966462160783543,-0.06896197330758172,-0.04261863231658941,,-0.03725948670060742,-0.37865991395508414,-3.2599128532220156,-3.2599128532220156,0.0011468721997925564,24127010.0,-2.2368495483649196,0.025296249088448856,-0.10289425704351722,-0.03925259003389536,GCST90200064,cancerType_celltype,HNSC_Epi_HNSC,tissue,Tumor,Adjacent,group2_higher,0.00138212803564744,0.02819197670282567
45289,1109,-0.10544940636939366,-0.03707687788372322,-0.1647149473428726,-0.1260794103145599,0.7961756166435613,0.7896100494980922,-0.06837252848567044,-0.03863553702831268,,-0.03450907834839359,-1.5079340745985053,-2.8483596686997976,-2.8483596686997976,0.004471856679447805,24128394.0,-2.2337089654478772,0.025502303414350263,-0.0858930371867167,-0.03919747858762024,GCST90200458,cancerType_celltype,HNSC_Epi_HNSC,tissue,Tumor,Adjacent,group2_higher,0.005272613022566919,0.02839839832823481
45289,1109,-0.16844638251642263,-0.12456923950314681,-0.2044242620468139,-0.1613881886005401,0.5374787630891684,0.587418798667338,-0.04387714301327582,-0.043036073446273804,,-0.03060395690658426,-0.4353385688084702,-2.462349239904897,-2.462349239904897,0.013948331995847291,24138613.0,-2.2105199359469676,0.02706917714022806,-0.0814462176656728,-0.038790553826431706,GCST90200597,cancerType_celltype,HNSC_Epi_HNSC,tissue,Tumor,Adjacent,group2_higher,0.01604352448129946,0.030118602809902733
45289,1109,0.3295197229725866,0.2766713292890743,0.3080098927021026,0.2320291846990585,0.9709845374910954,0.8286344880726079,0.052848393683512296,0.0759807080030441,,0.022310979398317252,0.25219083309050594,2.0890722570791898,2.0890722570791898,0.036914360970443975,26076597.0,2.1871675235197383,0.028730379572184852,0.05460508925340421,0.038380761995783885,GCST90200212,cancerType_celltype,HNSC_Epi_HNSC,tissue,Tumor,Adjacent,group1_higher,0.041445036246058595,0.03194087060105053
45289,1109,-0.29931080757478945,-0.1842544135762027,-0.3433367609977722,-0.3449405431747436,0.5737929043499933,0.7709224564676466,-0.11505639399858675,0.00160378217697138,,-0.07673732519295406,-0.6999421854328864,-4.936736862906866,-4.936736862906866,9.129155951417039e-07,24176761.5,-2.1239530808813605,0.0336741620033305,-0.1986186116586913,-0.03727146494765676,GCST90200130,cancerType_celltype,HNSC_Epi_HNSC,tissue,Tumor,Adjacent,group2_higher,1.2259152277617165e-06,0.037406587457652386
45289,1109,0.23930867460412814,0.21484654732004424,0.2258749455213546,0.0422459989786148,1.477704863200593,1.2534126846560265,0.024462127284083895,0.18362894654273978,,0.006065366178123194,0.15556541454900333,0.639143365038702,0.639143365038702,0.5228532285430318,26042846.5,2.1105806422035194,0.03480847059120669,0.016609867892829897,0.03703680327648695,GCST90200352,cancerType_celltype,HNSC_Epi_HNSC,tissue,Tumor,Adjacent,group1_higher,0.5423507994704356,0.03863513470343218
45289,1109,0.12657701237824265,0.16763263989099503,0.0748120993375778,0.137056365609169,1.0032102322831804,0.8530725364022744,-0.04105562751275238,-0.0622442662715912,,-0.01671495583456896,0.4052848722419044,-1.576233650693918,-1.576233650693918,0.11523903721872,24184788.0,-2.1057392884076305,0.035227103680264445,-0.04106024540902846,-0.036951846433547764,GCST90200767,cancerType_celltype,HNSC_Epi_HNSC,tissue,Tumor,Adjacent,group2_higher,0.12525582753517972,0.039067975847193195
45289,1109,-0.18685921153665078,-0.10692261276991354,-0.2266261279582977,-0.1954702883958816,0.5397305076128888,0.725661894973324,-0.07993659876673724,-0.031155839562416104,,-0.059640584510821826,-0.8053789165021894,-3.643806454668975,-3.643806454668975,0.0002807433651770409,24192470.5,-2.088306103248541,0.03677033354989422,-0.146696678509475,-0.036645926140189244,GCST90200910,cancerType_celltype,HNSC_Epi_HNSC,tissue,Tumor,Adjacent,group2_higher,0.00034723521482423484,0.040746312706102294
45289,1109,-0.07599778449395317,-0.06604706486072445,-0.1107626929879188,-0.1516988277435302,0.49002500407750765,0.6849629187658567,-0.009950719633228716,0.04093613475561139,,-0.00946063185757735,-0.20246005199334463,-0.48078254770196216,-0.48078254770196216,0.6307636384376163,26021531.0,2.0622113537871742,0.03918772620486195,-0.020079141928830993,0.036188011345073434,GCST90200210,cancerType_celltype,HNSC_Epi_HNSC,tissue,Tumor,Adjacent,group2_higher,0.6469005562005049,0.043389821947381675
45289,1109,-0.324150454601876,-0.17990223185778187,-0.3847460448741913,-0.3528755307197571,0.9234904944403162,1.1295386261767122,-0.14424822274409416,-0.031870514154434204,,-0.05278601782548458,-0.8494469428971014,-4.218418067162705,-4.218418067162705,2.6545499790368282e-05,24214011.0,-2.039426243187445,0.04140761860421204,-0.15528192679650896,-0.03578817461671513,GCST90201008,cancerType_celltype,HNSC_Epi_HNSC,tissue,Tumor,Adjacent,group2_higher,3.378292830464236e-05,0.04581053908891316
45289,1109,0.004861687748093163,-0.049532897579563466,-0.1016006916761398,-0.2724232673645019,1.4833894551460458,1.3776898473500494,0.054394585327656626,0.1708225756883621,,0.014787759932692669,-3.3485902853796614,1.2965561419954252,1.2965561419954252,0.1950392195983293,26003003.0,2.020167480747459,0.04336613582193075,0.036729444024187194,0.03545021880418875,GCST90199697,cancerType_celltype,HNSC_Epi_HNSC,tissue,Tumor,Adjacent,group1_higher,0.20932161914371875,0.04793839669528922
45289,1109,0.3888763184782967,0.3662039892297873,0.3664895296096802,0.2731163799762726,0.8367841046615553,0.93459540412316,0.02267232924850937,0.09337314963340759,,0.01031416515820359,0.08666364434719186,0.8000497389407824,0.8000497389407824,0.4238469366697182,25994183.0,2.0001530722732426,0.045483859865520684,0.027014896942136733,0.03509900279541256,GCST90199663,cancerType_celltype,HNSC_Epi_HNSC,tissue,Tumor,Adjacent,group1_higher,0.44370458884856057,0.0502386555889017
45289,1109,0.5706987354795099,0.5474322192201215,0.5118357539176941,0.4139101803302765,1.0071353502034515,1.1134620301400564,0.02326651625938836,0.0979255735874176,,0.00847107172707823,0.06004891166557771,0.6889924086751854,0.6889924086751854,0.4909666833126065,25971277.5,1.948175744233994,0.05139407380339654,0.02304060141626928,0.03418689641343753,GCST90200538,cancerType_celltype,HNSC_Epi_HNSC,tissue,Tumor,Adjacent,group1_higher,0.5096630535834598,0.05672074703969999
45289,1109,0.35671285450837364,0.3255578013968056,0.3441599011421203,0.226232036948204,1.0570230309639135,1.0572988885463852,0.03115505311156802,0.11792786419391629,,0.0121824439792886,0.13184910820343582,0.9694958106925116,0.9694958106925116,0.33249946535290076,25961265.0,1.9254553060426,0.05417256406914862,0.029474153355888367,0.033788194566740204,GCST90200252,cancerType_celltype,HNSC_Epi_HNSC,tissue,Tumor,Adjacent,group1_higher,0.34995889673822683,0.05973883885618896
45289,1109,0.026535772469724647,0.09669410485431121,0.0200560949742794,0.1067586466670036,0.9759723623734525,1.0828720151598912,-0.07015833238458656,-0.0867025516927242,,-0.03034469749013459,1.865449941922983,-2.1364414320025507,-2.1364414320025507,0.03285359618875132,24266609.5,-1.9200693424923105,0.0548492844202467,-0.0716880565846706,-0.03369368082560287,GCST90200073,cancerType_celltype,HNSC_Epi_HNSC,tissue,Tumor,Adjacent,group2_higher,0.03706908245469209,0.06043619617202607
45289,1109,-0.21974153573734592,-0.12969128765599136,-0.3007238209247589,-0.2453799694776535,0.8229602399302078,0.9700241542998274,-0.09005024808135456,-0.05534385144710541,,-0.041728451970742375,-0.7607214702767748,-3.0646030837267735,-3.0646030837267735,0.0022304744300011745,24269065.0,-1.914497303942601,0.055556788125819954,-0.10891717756581817,-0.03359590181091476,GCST90200812,cancerType_celltype,HNSC_Epi_HNSC,tissue,Tumor,Adjacent,group2_higher,0.0026458978660501313,0.06116631842931551
45289,1109,-0.018884071919774214,-0.04907961769928699,-0.0219298992305994,-0.0838747918605804,0.7534922476898145,0.693573176816991,0.030195545779512774,0.061944892629981,,0.013504168051393959,-1.3779071280262816,1.429320386526754,1.429320386526754,0.1531784374661574,25950220.0,1.9003919113036292,0.05738185640320041,0.040147408222906494,0.03334837814758673,GCST90200165,cancerType_celltype,HNSC_Epi_HNSC,tissue,Tumor,Adjacent,group1_higher,0.16530657978335117,0.06312467334750779
45289,1109,0.15554294780420055,0.3082158205759056,0.1205120459198951,0.0813898667693138,1.0565091862347114,1.1219948884986348,-0.15267287277170502,0.039122179150581304,,-0.0563430319864387,0.9866233365331223,-4.4830386692312425,-4.4830386692312425,8.09023324998492e-06,24277979.0,-1.894269589981244,0.05818938581407255,-0.1442868744217038,-0.03324094268367772,GCST90200285,cancerType_celltype,HNSC_Epi_HNSC,tissue,Tumor,Adjacent,group2_higher,1.0521935037909777e-05,0.0639613974714362
45289,1109,0.09117753520784522,0.16440426246926518,0.0594540685415267,0.1206888705492019,1.1264762555283854,1.0446322796031697,-0.07322672726141996,-0.0612348020076752,,-0.024633076065258018,0.850490341706998,-2.3018403204164866,-2.3018403204164866,0.02151886657677834,24278603.0,-1.892853604619803,0.05837749154188431,-0.06511408897094452,-0.033216094748362957,GCST90199940,cancerType_celltype,HNSC_Epi_HNSC,tissue,Tumor,Adjacent,group2_higher,0.024523591257649566,0.06411645525510742
45289,1109,0.0708141923143944,-0.003914050718939907,-0.0077138366177678,-0.1086309626698494,1.1672176037635615,0.9631620333148263,0.07472824303333431,0.1009171260520816,,0.02518397447785775,4.176955998962938,2.5385123363208706,2.5385123363208706,0.011259171355561733,25944371.5,1.8871204523510832,0.05914427897544212,0.06426787854669005,0.03311548848462453,GCST90200455,cancerType_celltype,HNSC_Epi_HNSC,tissue,Tumor,Adjacent,group1_higher,0.012983291503917633,0.06490632225726861
45289,1109,0.48643362300255577,0.35608497223171437,0.3963645398616791,0.1918283998966217,1.9518656165250394,1.340480446582176,0.1303486507708414,0.20453613996505737,,0.03307733274810054,0.4500203164597686,3.1573366686655024,3.1573366686655024,0.0016310047431956692,25939875.0,1.8769169616816597,0.06052963129153438,0.06720691413876331,0.032936436014844306,GCST90199728,cancerType_celltype,HNSC_Epi_HNSC,tissue,Tumor,Adjacent,group1_higher,0.0019449339151143457,0.06637319987961493
45289,1109,0.03859373337074944,0.1118516575304054,-0.0634100809693336,-0.0615390352904796,0.8597996466383492,0.8971142681815165,-0.07325792415965596,-0.0018710456788539956,,-0.04427638346728634,1.5351236379204733,-2.689320429066013,-2.689320429066013,0.007262584263189618,24288238.5,-1.8709886575842798,0.06134681044205353,-0.08511340167913559,-0.032832405195918346,GCST90199693,cancerType_celltype,HNSC_Epi_HNSC,tissue,Tumor,Adjacent,group2_higher,0.008446162415296459,0.06721519504221782
45289,1109,0.2713351766631147,0.2627693284471038,0.2445725798606872,0.1124992296099662,1.0692080948997411,1.1037324293834883,0.008565848216010863,0.132073350250721,,0.0030720409045018778,0.04627903351242882,0.2555282579585206,0.2555282579585206,0.7983604414864428,25929918.0,1.8543224644959708,0.06369320230918725,0.008005124720044107,0.03253994420085515,GCST90199645,cancerType_celltype,HNSC_Epi_HNSC,tissue,Tumor,Adjacent,group1_higher,0.8078435647706173,0.0697299877489335
45289,1109,-0.14378551571022946,-0.15428045379618105,-0.1989450603723526,-0.2866974472999573,0.9150306139128912,0.9486782070518313,0.010494938085951588,0.08775238692760468,,0.003981841862586264,-0.1016362594008782,0.3642800691241135,0.3642800691241135,0.7157153266110091,25927446.0,1.8487129840256462,0.06449943175666042,0.01145925035535926,0.03244150814941604,GCST90200720,cancerType_celltype,HNSC_Epi_HNSC,tissue,Tumor,Adjacent,group1_higher,0.7301796333613813,0.07055595945772726
45289,1109,0.0602683374982812,0.13672860518452268,0.0448467098176479,0.0209734383970499,1.082701335060813,1.0286361074623307,-0.07646026768624148,0.023873271420598,,-0.027981044057386602,1.1818295428904433,-2.4424593354390174,-2.4424593354390174,0.014734890984850644,24302375.0,-1.838910008446438,0.0659285903874116,-0.07070216411007434,-0.03226948398185214,GCST90200534,cancerType_celltype,HNSC_Epi_HNSC,tissue,Tumor,Adjacent,group2_higher,0.016919676842756047,0.07206148251647314
45289,1109,-0.2504330854549549,-0.2574377662466711,-0.2768290936946869,-0.3443709015846252,0.6373654364260881,0.7474047491417066,0.007004680791716178,0.0675418078899383,,0.004568615986139939,-0.03979838284168171,0.30936090909222186,0.30936090909222186,0.7571031513880273,25921890.0,1.8361052682112757,0.06634225707879049,0.010941158535537301,0.03222026595613259,GCST90200406,cancerType_celltype,HNSC_Epi_HNSC,tissue,Tumor,Adjacent,group1_higher,0.7689505181385106,0.07245552596024955
45289,1109,0.2566471858800415,0.33050663726614204,0.1529870182275772,0.1793310791254043,1.1432339684794255,1.129339863694377,-0.07385945138610056,-0.026344060897827093,,-0.025973461009403686,0.36489154657775735,-2.1511241244774206,-2.1511241244774206,0.031671666109599775,24304494.0,-1.834101558156544,0.06663908857524525,-0.06462436318521736,-0.0321851045348458,GCST90200342,cancerType_celltype,HNSC_Epi_HNSC,tissue,Tumor,Adjacent,group2_higher,0.035794760288046845,0.07272143933391455
45289,1109,0.2671139844739109,0.31304782021548677,0.229058489203453,0.2481685578823089,0.7933295335534643,0.7574828832422147,-0.04593383574157589,-0.019110068678855896,,-0.02271573708115141,0.2289267543762618,-1.992829380016318,-1.992829380016318,0.04651244443408197,24311407.5,-1.818413393418846,0.06900114610107254,-0.05796123438220642,-0.031909806136129926,GCST90200569,cancerType_celltype,HNSC_Epi_HNSC,tissue,Tumor,Adjacent,group2_higher,0.05183684526872749,0.0752388497086095
45289,1109,0.1000936208571565,0.04819958480870699,0.0290517266839742,-0.0007437848253175,1.0265625793671351,0.9767993821924004,0.05189403604844952,0.0297955115092917,,0.02191523773717511,1.0542418893668655,1.7457536251060026,1.7457536251060026,0.08111653967500919,25911263.0,1.8119904021278856,0.06998785484961474,0.05060846391161437,0.03179709446800749,GCST90199756,cancerType_celltype,HNSC_Epi_HNSC,tissue,Tumor,Adjacent,group1_higher,0.08909092955442185,0.07625375392488001
45289,1109,-0.021131327566231952,-0.03930835189537974,-0.0643370747566223,-0.1270162016153335,0.7740448850436091,0.7845405349535949,0.01817702432914779,0.0626791268587112,,0.009206112541880165,-0.8954208998449492,0.7625316867081,0.7625316867081,0.4458975715801098,25909419.5,1.8078071184518971,0.07063670213700504,0.023475513634429807,0.03172368554372418,GCST90200933,cancerType_celltype,HNSC_Epi_HNSC,tissue,Tumor,Adjacent,group1_higher,0.46571524142811466,0.07689922125618041
45289,1109,0.02672968572507206,0.01741052826495322,-0.0200856029987335,-0.0784977003931999,0.7986039106170127,0.8518997995691484,0.00931915746011884,0.05841209739446641,,0.004958779300411929,0.6184540092048478,0.3604380698900678,0.3604380698900678,0.7185853978266099,25908381.5,1.805451681264115,0.07100420751698758,0.011650139822543298,0.031682351959017696,GCST90200204,cancerType_celltype,HNSC_Epi_HNSC,tissue,Tumor,Adjacent,group1_higher,0.7325593846205455,0.07723761759429694
45289,1109,0.012480323365023978,0.07688345714378073,-0.0699071362614631,-0.0299315806478261,1.1217622218073484,1.0445057630957117,-0.06440313377875675,-0.039975555613637,,-0.01932360562591806,2.622921066582883,-2.024948316087245,-2.024948316087245,0.04309912586629138,24319732.0,-1.7995233771667352,0.07193610871962144,-0.05750385835717535,-0.031578321140091736,GCST90199713,cancerType_celltype,HNSC_Epi_HNSC,tissue,Tumor,Adjacent,group2_higher,0.04815090865225832,0.0781889283770686
45289,1109,0.5428232087674966,0.5434219898903537,0.4835887551307678,0.3467285633087158,1.1806726568433725,1.4578346148713854,-0.0005987811228571616,0.136860191822052,,-0.00019348838026483092,0.0015905378537955676,-0.01356955655946851,-0.01356955655946851,0.9891757588347831,25902907.5,1.7930300404491648,0.0729683021898377,-0.0005040051911969962,0.03146437503928534,GCST90200913,cancerType_celltype,HNSC_Epi_HNSC,tissue,Tumor,Adjacent,group2_higher,0.9891757588347831,0.0792476461233058
45289,1109,-0.1572401828589013,-0.12480781965773986,-0.223043143749237,-0.1656351536512375,0.6447972757910952,0.6572851866999743,-0.03243236320116143,-0.05740799009799952,,-0.020782512772825158,-0.3332592353611955,-1.6241745232409817,-1.6241745232409817,0.10461004740987781,24324616.0,-1.7884405686646858,0.07370513894391932,-0.050275069865812046,-0.03138383826176272,GCST90200043,cancerType_celltype,HNSC_Epi_HNSC,tissue,Tumor,Adjacent,group2_higher,0.11397561520356791,0.07998415953866403
45289,1109,0.11737948202975777,0.1893138504382731,0.1033512204885482,0.1044355705380439,1.21405233576561,1.0044313694804314,-0.07193436840851532,-0.001084350049495711,,-0.021335103220414903,0.6895950471593019,-2.3434157310016355,-2.3434157310016355,0.01927218867310469,24342623.0,-1.747578952633482,0.08053715912822651,-0.059475951138859215,-0.030666792154049438,GCST90200203,cancerType_celltype,HNSC_Epi_HNSC,tissue,Tumor,Adjacent,group2_higher,0.02199999427256423,0.08732867771819629
45289,1109,0.028147025872342135,0.02599583428605637,-0.1227885410189628,-0.0825331583619117,1.4735834353535935,1.0966235497569352,0.0021511915862857667,-0.0402553826570511,,0.0006049581862636831,0.11469779162016365,0.06392816779473222,0.06392816779473222,0.9490379992574625,24353752.5,-1.7223238098768159,0.08501108230992838,0.001467677320436863,-0.03022361091032222,GCST90200012,cancerType_celltype,HNSC_Epi_HNSC,tissue,Tumor,Adjacent,group1_higher,0.9511314654322951,0.09210660189859489
45289,1109,0.2740800497676254,0.34749808749967637,0.2564457058906555,0.2795459032058716,0.7952034812892635,0.8839759192463311,-0.07341803773205097,-0.023100197315216064,,-0.029447524583477717,0.34240660719498234,-2.738843489986061,-2.738843489986061,0.006260633227431908,24360617.0,-1.7067468362973077,0.08786932869950485,-0.09206731441193768,-0.02995026371165521,GCST90199800,cancerType_celltype,HNSC_Epi_HNSC,tissue,Tumor,Adjacent,group2_higher,0.007337268348228453,0.09512779588357832
45289,1109,-0.03299286750175894,0.04055842608142043,-0.0569953024387359,-0.2023369669914245,0.7611350555217965,0.9976490692664534,-0.07355129358317937,0.1453416645526886,,-0.03726251340494,0.29783933944934854,-2.4378396343487423,-2.4378396343487423,0.01492734124172025,25854205.5,1.6825151060374526,0.09246921800878297,-0.09581567991799829,0.02952504147245838,GCST90200650,cancerType_celltype,HNSC_Epi_HNSC,tissue,Tumor,Adjacent,group2_higher,0.017126234101401263,0.10002820963965967
45289,1109,0.10395514828127077,0.08070384139269406,0.0686515197157859,0.0132998069748282,0.7000753206187491,0.7761031123226875,0.02325130688857671,0.055351712740957695,,0.014185368138027362,0.3652479592060626,0.9878924902650854,0.9878924902650854,0.3234126401839481,25836678.5,1.6427427095150495,0.10043641296897568,0.0331221356296992,0.028827109161141173,GCST90200260,cancerType_celltype,HNSC_Epi_HNSC,tissue,Tumor,Adjacent,group1_higher,0.34065798189391133,0.10856053201959862
45289,1109,0.6170007203705493,0.7595242638180951,0.5778539776802063,0.557658851146698,1.2397969699126583,1.4447468843446476,-0.1425235434475458,0.0201951265335083,,-0.046243425991187394,0.2998234413653341,-3.2559654826859936,-3.2559654826859936,0.0011630860010722391,24393324.5,-1.632526738205421,0.10256880929910706,-0.11446895139490437,-0.0286478376791105,GCST90200484,cancerType_celltype,HNSC_Epi_HNSC,tissue,Tumor,Adjacent,group2_higher,0.001399589226431221,0.11077756503540642
45289,1109,-0.14213652544681507,-0.08627386934693308,-0.1984839588403701,-0.1984550803899765,0.7522099259586548,0.8171693324654656,-0.05586265609988199,-2.887845039359349e-05,,-0.02972944391063827,-0.7202751989460213,-2.2532836082028713,-2.2532836082028713,0.024428335076378434,24398612.5,-1.620527169950131,0.10511932626347553,-0.07410545612714638,-0.028437267355481466,GCST90200556,cancerType_celltype,HNSC_Epi_HNSC,tissue,Tumor,Adjacent,group2_higher,0.02772341441224297,0.11344231329938018
45289,1109,0.21478634811922384,0.3286000922063199,0.1993137747049331,0.2014831155538559,0.8032319301474059,0.9778300073124575,-0.11381374408709607,-0.002169340848922785,,-0.04796109423628738,0.6134282605316533,-3.8444877065359706,-3.8444877065359706,0.00012745219971081504,24404989.5,-1.6060564349342488,0.1082617600050457,-0.1408862272597068,-0.028183332606279032,GCST90200178,cancerType_celltype,HNSC_Epi_HNSC,tissue,Tumor,Adjacent,group2_higher,0.0001596666803362508,0.11674112253708645
45289,1109,-0.038905932930051366,-0.028885130797167678,-0.0574045106768608,-0.1075901910662651,0.5622302039001842,0.7261289653465461,-0.010020802132883689,0.050185680389404304,,-0.00680254354660311,-0.42965028323545185,-0.45623631451226193,-0.45623631451226193,0.6483068982109437,25803994.5,1.5685759377949475,0.11674704738043887,-0.01768281879289686,0.02752561890821159,GCST90199840,cancerType_celltype,HNSC_Epi_HNSC,tissue,Tumor,Adjacent,group2_higher,0.6633951218179551,0.1257914826715717
45289,1109,-0.0594326467146192,0.04260857782805815,-0.1144977211952209,-0.1049265414476394,1.0616308199116258,1.0596453657124822,-0.10204122454267736,-0.00957117974758151,,-0.037957428381790385,-0.4801021466891151,-3.168167685034247,-3.168167685034247,0.0015739835553283542,24435893.0,-1.5359299868296055,0.12455583095111782,-0.09612171775232824,-0.02695274259185587,GCST90200895,cancerType_celltype,HNSC_Epi_HNSC,tissue,Tumor,Adjacent,group2_higher,0.0018785810734785874,0.13409920820408655
45289,1109,0.08393206804546019,0.12680444951751585,0.0435617193579673,-0.0359474681317806,0.7443119432455835,0.9767399735349966,-0.04287238147205566,0.07950918748974789,,-0.023626266434078575,0.5953055248296325,-1.4514376875051977,-1.4514376875051977,0.1469332098262792,25776462.5,1.5061001221359755,0.1320417645004717,-0.057109729809276984,0.026429283403265558,GCST90200970,cancerType_celltype,HNSC_Epi_HNSC,tissue,Tumor,Adjacent,group2_higher,0.15881837033562135,0.14204650750918937
45289,1109,-0.26245759326311074,-0.13466046203141555,-0.3230440318584442,-0.3421694636344909,0.7240289871012044,0.9414908826976248,-0.1277971312316952,0.019125431776046697,,-0.0666967203492233,-0.962752800690428,-4.487956700786116,-4.487956700786116,7.919524699514761e-06,24449790.0,-1.504394812842509,0.13248003106341447,-0.17506990221216762,-0.02639935836578311,GCST90199852,cancerType_celltype,HNSC_Epi_HNSC,tissue,Tumor,Adjacent,group2_higher,1.0309753739673944e-05,0.14240558544119394
45289,1109,0.3124049677793275,0.42973544827793203,0.2835298478603363,0.2842070758342743,0.9700111658065876,1.291843938059798,-0.1173304804986045,-0.0006772279739379883,,-0.0447467569154851,0.4600301320592003,-3.0039251897883186,-3.0039251897883186,0.0027234466685199144,24474126.5,-1.4491702491426481,0.14729036048467614,-0.11985572434772847,-0.025430268978302473,GCST90200323,cancerType_celltype,HNSC_Epi_HNSC,tissue,Tumor,Adjacent,group2_higher,0.00322787635581969,0.15820075755761512
45289,1109,0.2562965883289297,0.4162514319993589,0.1970058530569076,0.1956247389316558,1.0311613407170057,1.4658290810260963,-0.15995484367042917,0.0013811141252517978,,-0.06409354310155314,0.699638797873288,-3.612137669014323,-3.612137669014323,0.0003169608621158535,24487816.0,-1.418105935672377,0.15616016978029518,-0.15326424978869127,-0.02488514748713011,GCST90200462,cancerType_celltype,HNSC_Epi_HNSC,tissue,Tumor,Adjacent,group2_higher,0.00039061270801438365,0.1675955207957026
45289,1109,-0.13208961536125086,-0.13736882903281436,-0.190091848373413,-0.318762719631195,1.0855920653532416,1.0198449162380216,0.005279213671563504,0.128670871257782,,0.001861549934081787,-0.05653720419673887,0.17004267687410066,0.17004267687410066,0.8650059632598481,25731547.5,1.4041786758072405,0.16026598788461,0.004869815982749999,0.02464074972592112,GCST90200078,cancerType_celltype,HNSC_Epi_HNSC,tissue,Tumor,Adjacent,group1_higher,0.8713992076298396,0.17186667308160775
45289,1109,-0.06867942294018681,-0.022542662839726606,-0.0684750229120254,-0.0451568774878978,0.8380681246047581,0.8204144559708169,-0.0461367601004602,-0.0233181454241276,,-0.01627767211406945,-1.6071769834621235,-1.8492713663954297,-1.8492713663954297,0.0646717410850732,24494842.5,-1.402161350508649,0.1608674088700366,-0.055078746885719114,-0.024605349382179398,GCST90200359,cancerType_celltype,HNSC_Epi_HNSC,tissue,Tumor,Adjacent,group2_higher,0.07160648505195352,0.17237600494485839
45289,1109,-0.14017087808666331,-0.058267035054016064,-0.2066865116357803,-0.2163679748773574,1.4929583441788794,1.206225776477687,-0.08190384303264725,0.009681463241577093,,-0.020589660461055568,-1.2664203731229846,-2.2199580178538776,-2.2199580178538776,0.026609074331609497,24500138.0,-1.390144763198534,0.16448526721975132,-0.05508898110949852,-0.024394480405481644,GCST90200202,cancerType_celltype,HNSC_Epi_HNSC,tissue,Tumor,Adjacent,group2_higher,0.03014810333664484,0.17611423348037789
45289,1109,-0.19947840763425342,-0.17005818718180135,-0.2496001273393631,-0.312110036611557,0.5776910842978817,0.7574512368735488,-0.029420220452452073,0.06250990927219391,,-0.019882223932009724,-0.23020287645898072,-1.2843573385556695,-1.2843573385556695,0.19927793955710882,25724977.0,1.3892688491768732,0.16475135750965775,-0.05049547772308146,0.024379109727546533,GCST90200423,cancerType_celltype,HNSC_Epi_HNSC,tissue,Tumor,Adjacent,group2_higher,0.21353445881787683,0.17626067526347214
45289,1109,0.11477650660113393,0.09746282534574925,0.0109541611745953,-0.0444940030574798,1.0382900784201354,1.1570859686178268,0.017313681255384683,0.0554481642320751,,0.006090539296216,0.2359011861840269,0.49345743173263806,0.49345743173263806,0.6217834581807045,25718051.0,1.3735523193478,0.16958106051119193,0.01662722517635494,0.024103313573716312,GCST90200968,cancerType_celltype,HNSC_Epi_HNSC,tissue,Tumor,Adjacent,group1_higher,0.6386517358706105,0.18128547880529772
45289,1109,-0.10919473694623194,-0.0025153095656342476,-0.1341778188943863,-0.133695900440216,0.44718392513391264,0.7422170609651072,-0.1066794273805977,-0.00048191845417028256,,-0.08490878051872998,-5.439463304855625,-4.765339406670818,-4.765339406670818,2.131280979980449e-06,24514406.0,-1.3577677132994268,0.17453776301109136,-0.23371146996721812,-0.02382632280761121,GCST90199979,cancerType_celltype,HNSC_Epi_HNSC,tissue,Tumor,Adjacent,group2_higher,2.8230670317914016e-06,0.18643806503457486
45289,1109,-0.11092904786296501,-0.07843534100610332,-0.191433385014534,-0.1803443878889084,0.9110054832974492,0.8555419447485194,-0.03249370685686169,-0.01108899712562561,,-0.012154610249749195,-0.5000560627561408,-1.2476041359566878,-1.2476041359566878,0.21242563380682838,24523443.5,-1.3372597522352847,0.18113823392434558,-0.035718346621353175,-0.023466445859843144,GCST90201019,cancerType_celltype,HNSC_Epi_HNSC,tissue,Tumor,Adjacent,group2_higher,0.2274439425598642,0.19333704999129447
45289,1109,0.08856383128099082,0.1041056024901799,0.0543495453894138,-0.0079555949196219,0.5675918904086398,0.6977599967059482,-0.015541771209189079,0.062305140309035695,,-0.010821518484561832,0.23325573841912123,-0.7358172282292806,-0.7358172282292806,0.46199274536295765,25691351.0,1.3129644841707495,0.18919529838786542,-0.027216300768574335,0.02304010864919004,GCST90199680,cancerType_celltype,HNSC_Epi_HNSC,tissue,Tumor,Adjacent,group2_higher,0.48144431822395445,0.20177871025247304
45289,1109,0.05486019708683975,0.04843508352515455,-0.0361805185675621,-0.1860426813364029,1.4314314064042235,1.281093347695401,0.0064251135616852015,0.1498621627688408,,0.0020005940428948444,0.1797038871246065,0.1645230368617478,0.1645230368617478,0.8693476680217053,25689346.0,1.3084147235141959,0.19073306600189288,0.00449929854411668,0.022960268728827504,GCST90200428,cancerType_celltype,HNSC_Epi_HNSC,tissue,Tumor,Adjacent,group1_higher,0.8751261975728096,0.2032597098988116
45289,1109,0.3416089843222328,0.334651174233274,0.2954598069190979,0.2384418547153473,0.9569600999697928,0.9763801174178134,0.0069578100889587935,0.05701795220375061,,0.0025407470505724493,0.02968775407578797,0.2345690238133694,0.2345690238133694,0.8145846243243786,25663865.0,1.2505930520480375,0.21108340095926992,0.007267185302281039,0.021945604883065295,GCST90200869,cancerType_celltype,HNSC_Epi_HNSC,tissue,Tumor,Adjacent,group1_higher,0.8224287725586134,0.22477084024022256
45289,1109,-0.009052645633883083,-0.040683291024550275,-0.0422294028103351,-0.0703038647770881,0.7814577251170246,0.6872772114910686,0.03163064539066719,0.028074461966753,,0.015108373744829226,-2.167901105428185,1.5089469447081714,1.5089469447081714,0.13158020954188965,25654035.0,1.228286744190719,0.21933977110545044,0.04058638766558228,0.02155417026103934,GCST90200640,cancerType_celltype,HNSC_Epi_HNSC,tissue,Tumor,Adjacent,group1_higher,0.14278967006814935,0.23338025606302026
45289,1109,0.05931640113238646,0.04963183365079776,0.0099593019112944,-0.0072762970812618,0.7701518669770785,0.9239754911286532,0.009684567481588698,0.0172355989925562,,0.0055074362021154035,0.2571605668063179,0.3461165648207314,0.3461165648207314,0.7293186461357343,25645275.5,1.2084096227587573,0.22689017644190634,0.012509424420462828,0.021205363387017284,GCST90200845,cancerType_celltype,HNSC_Epi_HNSC,tissue,Tumor,Adjacent,group1_higher,0.742390825005979,0.2412256712092967
45289,1109,-0.27185567025967244,-0.19287404810497075,-0.3278429806232452,-0.244434580206871,0.5408018980774331,0.9070512923856401,-0.0789816221547017,-0.08340840041637418,,-0.05944896665289504,-0.49517970983441406,-2.8872072753972504,-2.8872072753972504,0.003960977843505631,24585658.5,-1.1960810194435172,0.2316653864867917,-0.1429826408152871,-0.020989019104060258,GCST90200950,cancerType_celltype,HNSC_Epi_HNSC,tissue,Tumor,Adjacent,group2_higher,0.004678347314296512,0.2461106171328894
45289,1109,0.0593241995336894,0.08709428833031899,-0.0442800186574459,-0.0055085369385778,1.0016117623544285,0.9566218873908336,-0.027770088796629587,-0.0387714817188681,,-0.011838525747384598,0.5539496264336101,-0.9540043728739872,-0.9540043728739872,0.3402787754705454,24586522.0,-1.1941215589313305,0.23243086488208986,-0.027754520691611724,-0.020954634180752163,GCST90200188,cancerType_celltype,HNSC_Epi_HNSC,tissue,Tumor,Adjacent,group2_higher,0.35787034796786527,0.24673151778371377
45289,1109,0.31380728651723533,0.26703039799219397,0.2645928263664245,0.1562754809856414,1.4762967765039088,1.086557593328836,0.04677688852504136,0.10831734538078311,,0.013620975596213414,0.2328740627049453,1.402309056101167,1.402309056101167,0.16107939233017302,25629330.0,1.1722259775971222,0.24110679679797287,0.031860119826784175,0.0205704070527839,GCST90199887,cancerType_celltype,HNSC_Epi_HNSC,tissue,Tumor,Adjacent,group1_higher,0.17342117831439638,0.25574207317948405
45289,1109,0.10218266330818482,0.18068509941124522,0.0873758867383003,0.0672142058610916,0.5116986516349152,0.7065022413957104,-0.0785024361030604,0.020161680877208696,,-0.06476773087553525,0.8223209579600286,-3.6767477033165457,-3.6767477033165457,0.0002472613145578306,24596475.5,-1.1715350039712267,0.24138425205853087,-0.1517815458101846,-0.020558281738195072,GCST90200433,cancerType_celltype,HNSC_Epi_HNSC,tissue,Tumor,Adjacent,group2_higher,0.0003063792470384755,0.2558372749267322
45289,1109,0.04560803976263684,0.007587169945984071,-0.0039340490475296,-0.0161407757550477,1.1407228071657245,1.0070969520548338,0.038020869816652765,0.0122067267075181,,0.012553585506803697,2.587495901425034,1.2379397893011042,1.2379397893011042,0.21598490888867325,25613201.0,1.1356259328941016,0.2561136258138328,0.0334186363120266,0.019928143673469734,GCST90200363,cancerType_celltype,HNSC_Epi_HNSC,tissue,Tumor,Adjacent,group1_higher,0.23107333658968734,0.2712376627694282
45289,1109,0.19292965627999328,0.226061718265788,0.1754308044910431,0.1510281860828399,0.5118955749145897,0.7510378432381193,-0.033132061985794714,0.02440261840820318,,-0.02912782322753232,0.228640682974876,-1.460818167357753,-1.460818167357753,0.14434251275972626,25608821.0,1.1256868048762934,0.26029859129638977,-0.06385145700160685,0.019753730281356408,GCST90200198,cancerType_celltype,HNSC_Epi_HNSC,tissue,Tumor,Adjacent,group2_higher,0.15614194039008483,0.2754557297647355
45289,1109,-0.2642491445190725,-0.21587104738120586,-0.324729174375534,-0.3477018475532532,0.8448849326722278,0.8700879987180814,-0.048378097137866644,0.02297267317771917,,-0.024907083148898324,-0.2917278153869316,-1.830604988218212,-1.830604988218212,0.06741601955711388,24619775.0,-1.1186636082518375,0.26328416024229284,-0.05721862856533786,-0.019630486115011614,GCST90200797,cancerType_celltype,HNSC_Epi_HNSC,tissue,Tumor,Adjacent,group2_higher,0.07458444371456673,0.27839899954247105
45289,1109,0.2439678496631247,0.26873638627801266,0.1963596791028976,0.2026678919792175,1.3049612685898093,1.051870479099301,-0.024768536614887954,-0.006308212876319913,,-0.0068492098775285995,0.13950008662600608,-0.7697865885437859,-0.7697865885437859,0.44157888111889243,24622317.0,-1.1128952832698127,0.26575389339083455,-0.01906017199153732,-0.019529262634931155,GCST90200480,cancerType_celltype,HNSC_Epi_HNSC,tissue,Tumor,Adjacent,group2_higher,0.4615582936848546,0.2807926796059748
45289,1109,-0.1007961943016854,0.0038028370137049025,-0.1625203490257263,-0.1589587032794952,0.6456902181550351,0.9195886410710604,-0.1045990313153903,-0.003561645746231079,,-0.07562004680339857,-4.7278562405142415,-3.765251658625057,-3.765251658625057,0.00017490810142858104,24643845.0,-1.064043788300092,0.2873093773975923,-0.1600424504321264,-0.01867200886657161,GCST90200566,cancerType_celltype,HNSC_Epi_HNSC,tissue,Tumor,Adjacent,group2_higher,0.0002179156693301243,0.3031430561767369
45289,1109,0.14570840279185568,0.20473300344986728,0.1177112162113189,0.129609614610672,0.6039022690810836,0.7335842868395813,-0.0590246006580116,-0.011898398399353097,,-0.0415354146412002,0.4906567545551003,-2.6575097568244535,-2.6575097568244535,0.007981608525575626,24643886.5,-1.063949616196727,0.2873520385769216,-0.09718829808912444,-0.018670356319591463,GCST90199661,cancerType_celltype,HNSC_Epi_HNSC,tissue,Tumor,Adjacent,group2_higher,0.009250792874455422,0.3031430561767369
45289,1109,-0.2601167450458622,-0.19337035700610802,-0.3771739900112152,-0.4068483412265777,1.2752226212533242,1.1992307037841694,-0.06674638803975416,0.029674351215362493,,-0.02256627321118458,-0.4277907097887729,-1.8283526884083998,-1.8283526884083998,0.06775109530423086,24646085.0,-1.0589607639256877,0.2896181657885598,-0.052413387227797134,-0.018582811150057,GCST90199914,cancerType_celltype,HNSC_Epi_HNSC,tissue,Tumor,Adjacent,group2_higher,0.07489435758286023,0.30529741683666434
45289,1109,-0.11917659036024753,-0.07520482323772372,-0.1565758883953094,-0.2150388956069946,0.6212011424743201,0.7822790690507919,-0.043971767122523805,0.05846300721168521,,-0.028393242046106208,-0.664196702959934,-1.8575931494102562,-1.8575931494102562,0.06348395679488993,25573612.0,1.0457902846984368,0.29565839161090957,-0.07029504350649847,0.0183516934953023,GCST90200259,cancerType_celltype,HNSC_Epi_HNSC,tissue,Tumor,Adjacent,group2_higher,0.07034848220441868,0.3114237927091729
45289,1109,-0.03962629302914996,0.012970290555533887,-0.1144088506698608,-0.1563758105039596,0.6770331146575412,0.9525039652083812,-0.052596583584683845,0.0419669598340988,,-0.03658652615393381,-1.6111723939511058,-1.827622703920866,-1.827622703920866,0.06786849316360774,25541080.5,0.9719695670931102,0.3310662532651558,-0.07679405875366979,0.01705627585476943,GCST90200912,cancerType_celltype,HNSC_Epi_HNSC,tissue,Tumor,Adjacent,group2_higher,0.0749633356418131,0.34845042718178176
45289,1109,-0.10086872174580948,-0.04729611892974851,-0.1081936061382293,-0.1156489700078964,1.196929930855236,1.0340170260899375,-0.053572602816060966,0.007455363869667095,,-0.016656451789425656,-1.0926689723269136,-1.6977368693002188,-1.6977368693002188,0.08982068674977886,24696340.5,-0.9449206159578877,0.3446999848569695,-0.04489454888309115,-0.01658161657760271,GCST90199885,cancerType_celltype,HNSC_Epi_HNSC,tissue,Tumor,Adjacent,group2_higher,0.09825489248792021,0.3625201229630011
45289,1109,-0.05843338779543409,0.00024249427238054325,-0.0998243317008018,-0.1535475552082061,1.0203211971471926,0.9433121106501561,-0.058675882067814635,0.0537232235074043,,-0.022461634163557637,-7.906785977278453,-2.0423797340533683,-2.0423797340533683,0.04133722406091857,24697550.5,-0.9421748751127854,0.3461036958469209,-0.05760726838854591,-0.016533433882521154,GCST90200410,cancerType_celltype,HNSC_Epi_HNSC,tissue,Tumor,Adjacent,group2_higher,0.04622037440117474,0.36371575747058843
45289,1109,0.2783098666544858,0.34931516072442426,0.214495301246643,0.2229319661855697,1.2320813249567697,1.3128151348136168,-0.07100529406993844,-0.008436664938926697,,-0.023720946810307744,0.3278361491295486,-1.7820475280911574,-1.7820475280911574,0.07500383688127996,24720729.0,-0.8895780534779066,0.3736931042860995,-0.057537450128225226,-0.01561045652884574,GCST90200740,cancerType_celltype,HNSC_Epi_HNSC,tissue,Tumor,Adjacent,group2_higher,0.08264367798640629,0.3924065494159889
45289,1109,-0.3695417951291399,-0.3137503321293929,-0.4183009564876556,-0.4041668772697449,0.48347165930415903,0.6206457543108101,-0.05579146299974702,-0.014134079217910711,,-0.05306836271657605,-0.23611986173730837,-2.9715760769108295,-2.9715760769108295,0.003024839153875237,24721051.0,-0.888847368724086,0.3740857242541623,-0.11451498214869824,-0.015597634357096823,GCST90200040,cancerType_celltype,HNSC_Epi_HNSC,tissue,Tumor,Adjacent,group2_higher,0.003578867853065927,0.39251642968315875
45289,1109,0.013804767481741097,-0.04398589084362943,-0.0868736132979393,-0.0889925435185432,1.081792744295057,0.9593210518074758,0.05779065832537053,0.0021189302206039012,,0.022398034799162823,-1.6718025382512964,1.975608649586257,1.975608649586257,0.04843219745489363,25502728.0,0.8849397937362627,0.3761897160164924,0.05355797254809037,0.015529063612526262,GCST90200101,cancerType_celltype,HNSC_Epi_HNSC,tissue,Tumor,Adjacent,group1_higher,0.053932259093970605,0.39442044840806084
45289,1109,-0.0011769175895318274,0.027104072086030166,-0.0286368038505315,-0.0672187656164169,0.667230403300874,0.8554730004963563,-0.028280989675561995,0.03858196176588541,,-0.01525477982712536,4.524252331021883,-1.092806421776233,-1.092806421776233,0.2747094236178327,25500174.5,0.8791453728701729,0.3793230741425042,-0.04206349438776978,0.015427382197740647,GCST90199961,cancerType_celltype,HNSC_Epi_HNSC,tissue,Tumor,Adjacent,group2_higher,0.29138439252226145,0.3973999616112477
45289,1109,0.26973525619939775,0.2788965304131679,0.1905211210250854,0.2129514217376709,1.6117792130198156,1.2859254508438143,-0.009161274213770165,-0.022430300712585505,,-0.0027389786466374515,0.04818570729642014,-0.23281392770906162,-0.23281392770906162,0.815945770803904,24740733.0,-0.8441848304486288,0.398566763882092,-0.005708781500965229,-0.01481388906404335,GCST90200414,cancerType_celltype,HNSC_Epi_HNSC,tissue,Tumor,Adjacent,group2_higher,0.8231932535941681,0.4172400147244941
45289,1109,0.10482263470311001,0.1310670942095813,0.0729987323284149,-0.0728173330426216,1.5601268910431267,1.4230610363830034,-0.02624445950647128,0.1458160653710365,,-0.006359515969717371,0.32235249468872545,-0.6053146195046747,-0.6053146195046747,0.5450869430277319,25480052.0,0.8334832487746598,0.40457288095752386,-0.016855849076110024,0.01462609601445286,GCST90200873,cancerType_celltype,HNSC_Epi_HNSC,tissue,Tumor,Adjacent,group2_higher,0.5641256669299913,0.4232024840714544
45289,1109,0.1168742844909499,0.16865496063604216,0.1278856545686721,0.1339885890483856,1.1433496427245404,0.9814403215021847,-0.051780676145092255,-0.0061029344797134955,,-0.016204499738422407,0.5291134302321888,-1.7285043063852745,-1.7285043063852745,0.08415880903050024,24771653.0,-0.7740209404233702,0.4389190789656232,-0.045431563424940674,-0.013582642012869073,GCST90200396,cancerType_celltype,HNSC_Epi_HNSC,tissue,Tumor,Adjacent,group2_higher,0.09235785564297248,0.4587781477225034
45289,1109,-0.02175240601778515,0.004627597231320899,-0.1108193099498748,-0.0992586612701416,0.8924062076219169,0.8741959115452973,-0.026380003249106047,-0.011560648679733193,,-0.011737405341137432,-2.2325943736042095,-0.9923393323434098,-0.9923393323434098,0.3212380372749932,24776249.5,-0.7635905290229466,0.4451119713772069,-0.02957480187792892,-0.013399607502173061,GCST90200345,cancerType_celltype,HNSC_Epi_HNSC,tissue,Tumor,Adjacent,group2_higher,0.3386291143123092,0.4648947256606384
45289,1109,-0.09531965644189061,-0.020617786563356173,-0.14208984375,-0.1553743034601211,0.8768577570419395,0.913735832699004,-0.07470186987853444,0.0132844597101211,,-0.030513506548424767,-2.2088294557989068,-2.692366703710311,-2.692366703710311,0.007196977436908003,24782032.5,-0.7504677031492056,0.452973751415614,-0.0851054575910482,-0.013169326076010623,GCST90200784,cancerType_celltype,HNSC_Epi_HNSC,tissue,Tumor,Adjacent,group2_higher,0.008377011312131177,0.47274366246514693
45289,1109,-0.0699254144687068,0.015212198664271336,-0.1408201158046722,-0.226019486784935,1.2919167362472694,1.2363474959049445,-0.08513761313297813,0.08519937098026278,,-0.02576669287999197,-2.200514011721876,-2.2631685544808247,-2.2631685544808247,0.023808238213339484,24785914.0,-0.7416597749754332,0.45829418475054295,-0.06596656992815599,-0.013014763157862763,GCST90200316,cancerType_celltype,HNSC_Epi_HNSC,tissue,Tumor,Adjacent,group2_higher,0.027064744524421785,0.4779303548699235
45289,1109,-0.3968618546698566,-0.39106060393713393,-0.5160412788391113,-0.4788323640823364,0.7133995833388628,0.687365353836561,-0.00580125073272264,-0.0372089147567749,,-0.004298225078783997,-0.021244642961397272,-0.2774254289694506,-0.2774254289694506,0.7815025850337356,24797111.5,-0.716250326121687,0.4738374935173305,-0.008138805837764081,-0.012568874126312801,GCST90199863,cancerType_celltype,HNSC_Epi_HNSC,tissue,Tumor,Adjacent,group2_higher,0.7925506126495399,0.4937618529542213
45289,1109,-0.1901516709767548,-0.16654609961318048,-0.2358185201883316,-0.2353570908308029,0.7347384226166547,0.764283405086114,-0.02360557136357433,-0.0004614293575287143,,-0.010763842219011513,-0.19122797394121321,-1.0171066056326534,-1.0171066056326534,0.30931504208318006,24804663.0,-0.6991144071202078,0.4844812445625971,-0.03209643077121533,-0.012268170306554027,GCST90200075,cancerType_celltype,HNSC_Epi_HNSC,tissue,Tumor,Adjacent,group2_higher,0.32681891655765455,0.504467483834087
45289,1109,0.008910715303897103,0.035173723775208186,-0.0295879319310188,-0.011486112140119,0.8414576772191922,0.861967696331463,-0.026263008471311085,-0.018101819790899802,,-0.012306521798250583,1.9807640443220171,-1.0030213738387643,-1.0030213738387643,0.3160596742046307,24810108.5,-0.6867574387135925,0.49223630955220277,-0.03119295122758939,-0.012051328268482542,GCST90199815,cancerType_celltype,HNSC_Epi_HNSC,tissue,Tumor,Adjacent,group2_higher,0.3334282785920369,0.512151213679124
45289,1109,0.10635182844805463,0.10826698785061185,0.058376271277666,-0.0058719143271446,1.2313160272528023,1.1372436540290298,-0.0019151594025572233,0.0642481856048106,,-0.00061414824535266,0.025748334769629743,-0.05529317995650491,-0.05529317995650491,0.9559143155209646,25396949.5,0.6449064482952276,0.5189885480372458,-0.0015581126401463421,0.011316920462376201,GCST90200392,cancerType_celltype,HNSC_Epi_HNSC,tissue,Tumor,Adjacent,group2_higher,0.9573190389824209,0.5395739061592418
45289,1109,0.060357495953064264,0.05046288193181674,0.0118325501680374,-0.0334469676017761,0.9819007064199694,0.9371690325056975,0.00989461402124752,0.0452795177698135,,0.00402195196814517,0.2583056665931747,0.3469658548880805,0.3469658548880805,0.7286794551115521,25382631.5,0.6124159380306206,0.5402633500074913,0.010087731226889144,0.010746771844047931,GCST90199708,cancerType_celltype,HNSC_Epi_HNSC,tissue,Tumor,Adjacent,group1_higher,0.7422945420904674,0.5612644405946727
45289,1109,0.0026514003287606415,0.03409677800754752,-0.1073615774512291,-0.1731381267309188,1.073998664200036,1.1359876299076592,-0.03144537767878688,0.0657765492796897,,-0.012882839432072501,3.6843072845993055,-0.9119004106254388,-0.9119004106254388,0.3620110996315433,25380648.5,0.6079160999348868,0.5432438734653738,-0.029237352651510916,0.01066780797268696,GCST90200665,cancerType_celltype,HNSC_Epi_HNSC,tissue,Tumor,Adjacent,group2_higher,0.3795547144598412,0.5639309973597141
45289,1109,0.5165415378656151,0.46338325876387687,0.4059185087680816,0.3597013652324676,1.681255549877523,1.3195613810356783,0.053158279101738204,0.046217143535614014,,0.012054507474573076,0.15667812510263684,1.315656254377957,1.315656254377957,0.18854120455729267,25379983.0,0.6064059424700805,0.5442459766240123,0.03176417822919825,0.01064130749039216,GCST90200464,cancerType_celltype,HNSC_Epi_HNSC,tissue,Tumor,Adjacent,group1_higher,0.20250721970968472,0.5645412984311482
45289,1109,-0.0628233717766645,-0.04059458129461896,-0.1145552694797515,-0.1006723120808601,0.7838113311044624,0.7883590915760448,-0.02222879048204554,-0.013882957398891407,,-0.01176184084354897,-0.6300016367007493,-0.9278205282259989,-0.9278205282259989,0.3536933054810194,24850941.0,-0.5941000312279403,0.5524459688289192,-0.028355933672686705,-0.010425361411526834,GCST90200974,cancerType_celltype,HNSC_Epi_HNSC,tissue,Tumor,Adjacent,group2_higher,0.37111930359555767,0.572611296968682
45289,1109,-0.09303140057968864,-0.06068331237457864,-0.1108501479029655,-0.1296087056398391,0.6876276508236363,0.7210804806935037,-0.03234808820511,0.018758557736873585,,-0.017630766562477827,-0.6164096433744988,-1.4775708138480417,-1.4775708138480417,0.139794630713246,24851255.0,-0.5933875001325997,0.5529226114706983,-0.046987144733970934,-0.010412857803051123,GCST90200302,cancerType_celltype,HNSC_Epi_HNSC,tissue,Tumor,Adjacent,group2_higher,0.15146270402397002,0.5726698475946518
45289,1109,-0.15350748312974055,-0.14569312987603059,-0.2150391489267349,-0.2548473179340362,1.1265604885661369,1.077640202623472,-0.007814353253709966,0.0398081690073013,,-0.002950395536553229,-0.07537563215903251,-0.23831444815713895,-0.23831444815713895,0.8116790154005868,25373269.0,0.5911704845907279,0.554406956956726,-0.006943518106790426,0.01037395326330337,GCST90200734,cancerType_celltype,HNSC_Epi_HNSC,tissue,Tumor,Adjacent,group2_higher,0.8201026671541882,0.5733500241240308
45289,1109,-0.28820920301945935,-0.2510035203469737,-0.3815549314022064,-0.3701389133930206,0.7140528347035744,0.8262569822534425,-0.03720568267248564,-0.011416018009185847,,-0.02448847680582311,-0.1994080637719441,-1.4860197047509955,-1.4860197047509955,0.13754825686900343,24852241.0,-0.5911500617249378,0.554420639615167,-0.051895321288852256,-0.010373594879620973,GCST90200134,cancerType_celltype,HNSC_Epi_HNSC,tissue,Tumor,Adjacent,group2_higher,0.14914739388420978,0.5733500241240308
45289,1109,0.18816214284207747,0.22186948720440713,0.1726593971252441,0.1652905941009521,1.0310083656879938,0.9011789555858957,-0.033707344362329666,0.00736880302429202,,-0.011346272377570132,0.23773371324799977,-1.2261079189399375,-1.2261079189399375,0.22040266394783667,24861914.5,-0.5691988848116345,0.5692219472817927,-0.03278608897801285,-0.009988392151628278,GCST90200857,cancerType_celltype,HNSC_Epi_HNSC,tissue,Tumor,Adjacent,group2_higher,0.23543011830791644,0.5882103973806546
45289,1109,-0.05590314370150749,-0.0632327415449654,-0.1024865955114364,-0.1357832103967666,0.8910086825058281,0.8934255546006735,0.007329597843457908,0.0332966148853302,,0.0032147801652448516,-0.17773936458800066,0.2699369456480043,0.2699369456480043,0.7872566683993554,25361000.5,0.5633307147079696,0.5732104793145631,0.008225646493955404,0.009885416573544914,GCST90199752,cancerType_celltype,HNSC_Epi_HNSC,tissue,Tumor,Adjacent,group1_higher,0.7977924453742167,0.5918832449285982
45289,1109,-0.37551516095069226,-0.3644817058386229,-0.4187783300876617,-0.4452662765979767,0.6716843524663615,0.6691795982505129,-0.011033455112069379,0.026487946510314997,,-0.005771244667584011,-0.04302463536482283,-0.5424284071588784,-0.5424284071588784,0.5876273062345965,25360265.0,0.5616617127314633,0.574347298347133,-0.016428008120816545,0.009856128662609098,GCST90200918,cancerType_celltype,HNSC_Epi_HNSC,tissue,Tumor,Adjacent,group2_higher,0.6044800138850981,0.5926081511333402
45289,1109,-0.025278440045827844,0.031075333767812834,-0.0500136539340019,-0.0738866031169891,0.578743503178734,0.888756908577997,-0.05635377381364068,0.023872949182987192,,-0.037591539724042895,0.2978518044157727,-2.100693339414402,-2.100693339414402,0.03588879399444984,25350655.5,0.5398557650860001,0.5892972884189775,-0.095830778733746,0.009473474440802487,GCST90199811,cancerType_celltype,HNSC_Epi_HNSC,tissue,Tumor,Adjacent,group2_higher,0.040360087635672545,0.6075735280749367
45289,1109,0.4145864693551794,0.57837778425947,0.364522635936737,0.244216039776802,1.4325539656116102,1.5540114396050633,-0.16379131490429055,0.120306596159935,,-0.04632840508344652,0.48033812063479225,-3.4740028785651664,-3.4740028785651664,0.0005317594610050862,24877098.0,-0.5347443756202208,0.5928274162329055,-0.11409462638013586,-0.009383778969173417,GCST90200347,cancerType_celltype,HNSC_Epi_HNSC,tissue,Tumor,Adjacent,group2_higher,0.000651202286927163,0.6107511476382843
45289,1109,0.04081963697059133,0.1110550178131139,0.0201508440077304,0.0008602333837188,0.7543952697132202,1.0286824532687353,-0.07023538084252257,0.0192906106240116,,-0.031060362203593473,1.4439169709256225,-2.258911924531014,-2.258911924531014,0.024077599145025372,24881017.0,-0.5258513521723234,0.5989922801032022,-0.0921606701866777,-0.009227722785682069,GCST90200415,cancerType_celltype,HNSC_Epi_HNSC,tissue,Tumor,Adjacent,group2_higher,0.027348139695557983,0.6166363125231605
45289,1109,-0.09553311037225598,-0.0031910247775235583,-0.0976739153265953,-0.1117150336503982,0.4052228467282758,0.7008868473577173,-0.09234208559473242,0.014041118323802892,,-0.07512119959854294,-4.903472182779335,-4.369657289865413,-4.369657289865413,1.3592655133949577e-05,24890166.0,-0.5050903744931161,0.6134961585269538,-0.22264641581201383,-0.00886340586229295,GCST90200426,cancerType_celltype,HNSC_Epi_HNSC,tissue,Tumor,Adjacent,group2_higher,1.74946071270758e-05,0.6310907653375382
45289,1109,0.1196291845283587,0.18785260142918048,0.0758552625775337,0.0872790217399597,0.8858766578481947,1.1020757728944246,-0.06822341690082177,-0.011423759162426009,,-0.030751082207784945,0.651027325297014,-2.0454033802146356,-2.0454033802146356,0.041043599493499026,24892760.5,-0.49920291612731615,0.6176372396641417,-0.07651358733147293,-0.008760091810731785,GCST90199737,cancerType_celltype,HNSC_Epi_HNSC,tissue,Tumor,Adjacent,group2_higher,0.045967482423696936,0.6348714612837294
45289,1109,0.086899228737234,0.13879038823646309,0.0584403201937675,0.0299061499536037,0.6759614340331842,0.8390392345418808,-0.05189115949922908,0.0285341702401638,,-0.028347652096584255,0.6754861743890429,-2.043397224101524,-2.043397224101524,0.04124194366714223,24895970.0,-0.4919198952658651,0.6227767752298035,-0.07627556091191465,-0.008632288207538252,GCST90199656,cancerType_celltype,HNSC_Epi_HNSC,tissue,Tumor,Adjacent,group2_higher,0.04615169886561154,0.639621769901625
45289,1109,0.03761489597879971,0.11453474882256177,-0.0385801866650581,-0.039835151284933,0.8428840280351825,0.9918601385000948,-0.07691985284376207,0.0012549646198748987,,-0.04311251301348184,1.606383601974507,-2.560043634420702,-2.560043634420702,0.010593089839904604,24896232.0,-0.4913253629506446,0.6231971463164768,-0.09084156455249708,-0.008621855260338762,GCST90200865,cancerType_celltype,HNSC_Epi_HNSC,tissue,Tumor,Adjacent,group2_higher,0.012225555844021995,0.639621769901625
45289,1109,-0.23740927537443335,-0.26066948636198783,-0.2771649658679962,-0.2849831283092499,0.904339246133371,0.7528591658984315,0.023260210987554486,0.007818162441253662,,0.010806005207089195,-0.13484486954011557,1.0111736918934675,1.0111736918934675,0.31213926507084316,25327604.5,0.48754826738314644,0.6258706501210629,0.025815462246972055,0.008555574189294868,GCST90200065,cancerType_celltype,HNSC_Epi_HNSC,tissue,Tumor,Adjacent,group1_higher,0.3295474967401698,0.6418823898532797
45289,1109,-0.28345263504326146,-0.27707388184173826,-0.320492148399353,-0.3729879856109619,0.9412613485902338,0.9251150984919057,-0.006378753201523202,0.05249583721160889,,-0.0025974940333141922,-0.03283684100192378,-0.2267617824357449,-0.2267617824357449,0.8206487692549098,25319367.5,0.4688568067706609,0.6391728030478059,-0.006779568162134345,0.008227573479058004,GCST90201007,cancerType_celltype,HNSC_Epi_HNSC,tissue,Tumor,Adjacent,group2_higher,0.8273256453361258,0.6550319778602702
45289,1109,-0.07893607640885592,-0.08229058947106273,-0.098790131509304,-0.12004354596138,0.7622169496255882,0.7071711987896245,0.0033545130622068126,0.021253414452076,,0.0018133196055847975,-0.060041901840151145,0.15576848421410489,0.15576848421410489,0.8762423395463257,25295680.0,0.415104958614991,0.6780659001952337,0.004408329557199621,0.007284327537121049,GCST90200287,cancerType_celltype,HNSC_Epi_HNSC,tissue,Tumor,Adjacent,group1_higher,0.8814157260528723,0.6943680104929403
45289,1109,-0.319571490633594,-0.25938960168560693,-0.3501893281936645,-0.382302850484848,0.5867267554438534,0.8286523227140706,-0.060181888947987094,0.03211352229118353,,-0.044075674294243056,-0.3010170154670261,-2.403862990484512,-2.403862990484512,0.016382339899879948,24934186.0,-0.4051998687068328,0.685331435437446,-0.10137527738195454,-0.007110511451145052,GCST90200907,cancerType_celltype,HNSC_Epi_HNSC,tissue,Tumor,Adjacent,group2_higher,0.018763974187845686,0.7012813412171464
45289,1109,0.13318776191256584,0.18570672239029862,0.1106835827231407,0.0982628241181373,0.5752697160753313,0.7934055686892227,-0.05251896047773277,0.012420758605003399,,-0.037657213587580146,0.47956145187636556,-2.1903276185270806,-2.1903276185270806,0.028703069014628813,24938249.5,-0.3959789448026401,0.6921213980163005,-0.09032664673618848,-0.0069487012185304176,GCST90200338,cancerType_celltype,HNSC_Epi_HNSC,tissue,Tumor,Adjacent,group2_higher,0.03246662495181666,0.7076980236280702
45289,1109,0.45441216772465937,0.4589578616208203,0.3536815047264099,0.3038555383682251,1.893193981882127,1.5332800609190784,-0.0045456938961609406,0.049825966358184814,,-0.0010136544602537976,0.014360203677145234,-0.09693608998304279,-0.09693608998304279,0.9227934403101554,24946760.0,-0.376666855990869,0.7064220400906831,-0.0024109974416639296,-0.006609809626388796,GCST90200497,cancerType_celltype,HNSC_Epi_HNSC,tissue,Tumor,Adjacent,group2_higher,0.9268735881670905,0.7217790409622197
45289,1109,0.5665855264928529,0.5038381218686362,0.4064875245094299,0.3055153787136078,2.0556252997757865,1.5905513531929205,0.06274740462421668,0.10097214579582209,,0.011191060475155019,0.16933314649015543,1.2876836541409649,1.2876836541409649,0.19810428819515102,25278194.5,0.37542673419595296,0.7073439691684054,0.030672057718172267,0.006588047772783767,GCST90200104,cancerType_celltype,HNSC_Epi_HNSC,tissue,Tumor,Adjacent,group1_higher,0.21244385901651525,0.7221796479224992
45289,1109,-0.10521285576703081,-0.07709193316073518,-0.1634119749069214,-0.2028376907110214,0.8490079479288088,0.8726794779317237,-0.02812092260629563,0.03942571580410001,,-0.012593311474951555,-0.44865418325732753,-1.060877504849175,-1.060877504849175,0.28896641232223147,24948855.5,-0.37191173207276,0.7099594145729675,-0.03309975677748496,-0.006526365958997582,GCST90199781,cancerType_celltype,HNSC_Epi_HNSC,tissue,Tumor,Adjacent,group2_higher,0.30579287266708194,0.7243073967537086
45289,1109,-0.10722625004576478,-0.05520926968184467,-0.1637069433927536,-0.2141157239675521,0.8062586603399539,0.969830593028163,-0.05201698036392011,0.0504087805747985,,-0.02524943616247002,-0.9576630363639297,-1.7712132073799238,-1.7712132073799238,0.07679103795286771,25271768.5,0.3608448080218808,0.7182163125637617,-0.06417493332445384,0.006332161823532578,GCST90199944,cancerType_celltype,HNSC_Epi_HNSC,tissue,Tumor,Adjacent,group2_higher,0.08454457571062898,0.7321831219329897
45289,1109,-0.4144139328968392,-0.3329586355969632,-0.4778336882591247,-0.4932036101818084,0.6289865022210468,0.8341461650378695,-0.081455297299876,0.015369921922683716,,-0.056815817355169496,-0.31572869832942296,-3.2295382426519224,-3.2295382426519224,0.0012753248915376722,24954105.0,-0.35999952829890514,0.718848334792966,-0.12834488814204817,-0.006317328721121118,GCST90200201,cancerType_celltype,HNSC_Epi_HNSC,tissue,Tumor,Adjacent,group2_higher,0.0015301653408150062,0.7322797311829691
45289,1109,0.05790959031183587,0.05170488819909073,0.0232882294803857,0.0123603520914912,0.8667148047244091,0.8561791474847403,0.006204702112745146,0.0109278773888945,,0.002700787907200343,0.16349862089566164,0.2383638075785015,0.2383638075785015,0.811640880240838,25266011.0,0.34777984693454495,0.7280063779742044,0.007160940509548758,0.006102895817803766,GCST90199767,cancerType_celltype,HNSC_Epi_HNSC,tissue,Tumor,Adjacent,group1_higher,0.8201026671541882,0.7410550359812104
45289,1109,-0.09231691747916763,-0.04019567665280625,-0.1198659390211105,-0.124827541410923,0.5243148690772573,0.7178717953209733,-0.05212124082636138,0.004961602389812497,,-0.039671942011975,-1.1995344514272275,-2.402234993623314,-2.402234993623314,0.016454806986756238,24962661.0,-0.34058419055452893,0.7334174870058083,-0.09838611069833633,-0.005976625300362803,GCST90201014,cancerType_celltype,HNSC_Epi_HNSC,tissue,Tumor,Adjacent,group2_higher,0.01883115190843724,0.7460059961111319
45289,1109,-0.163538289475482,-0.16455342329940292,-0.2352907657623291,-0.2378561347723007,1.091020989793171,0.9833704455331781,0.0010151338239209329,0.002565369009971591,,0.000367832685822054,-0.008927529848649826,0.033870639183644816,0.033870639183644816,0.9729860551471239,24963722.0,-0.3381765615986169,0.7352309925309135,0.0009325352287198677,-0.005934375846245898,GCST90200296,cancerType_celltype,HNSC_Epi_HNSC,tissue,Tumor,Adjacent,group1_higher,0.973700435510668,0.7472929476656488
45289,1109,-0.05498206345775684,-0.01480989467179003,-0.0755632743239402,-0.1399012207984924,0.7024170504103938,0.7680996225644169,-0.04017216878596681,0.06433794647455221,,-0.022638736726928583,-1.8923284996768421,-1.7241363733516497,-1.7241363733516497,0.08495107175285366,25243669.5,0.29708235181813764,0.7664045038704136,-0.05705811476232617,0.005213248146593852,GCST90199730,cancerType_celltype,HNSC_Epi_HNSC,tissue,Tumor,Adjacent,group2_higher,0.09307742025654303,0.7783974208460311
45289,1109,0.12959281847266482,0.1578507257996646,0.0944534838199615,0.0922592133283615,0.7308710079554849,0.8779251613640102,-0.028257907326999787,0.002194270491600009,,-0.013866425119712061,0.2845731293845872,-1.062903915711616,-1.062903915711616,0.28804946537130627,24983582.0,-0.2931101044219793,0.769438860806327,-0.03846047030165095,-0.00514354252036231,GCST90199858,cancerType_celltype,HNSC_Epi_HNSC,tissue,Tumor,Adjacent,group2_higher,0.3050593794103267,0.7806268187256332
45289,1109,0.04379872540829977,0.0404935668107818,-0.0784832462668418,-0.0895639210939407,1.371236960472306,1.2482866064458247,0.003305158597517975,0.011080674827098888,,0.0008740748135598361,0.11319347182436781,0.0869001176301635,0.0869001176301635,0.9307657195077974,24983758.5,-0.292709589331764,0.7697450068725247,0.002415293295754385,-0.005136514218145871,GCST90200205,cancerType_celltype,HNSC_Epi_HNSC,tissue,Tumor,Adjacent,group1_higher,0.9335052801244502,0.7806268187256332
45289,1109,-0.12135760257019501,-0.1231761346176448,-0.1881282925605774,-0.1739203482866287,0.6417595514533903,0.6607202908659036,0.0018185320474497918,-0.014207944273948697,,0.0012298246409770596,-0.021458094946472807,0.09061699085576722,0.09061699085576722,0.927812578020932,25239597.0,0.28784100504815496,0.773469316096929,0.0028316390114074405,0.005051079530296709,GCST90200542,cancerType_celltype,HNSC_Epi_HNSC,tissue,Tumor,Adjacent,group1_higher,0.931228677350906,0.7838205783197875
45289,1109,-0.2693925364702721,-0.1882415265226997,-0.3128329813480377,-0.3567478060722351,0.6501381650969766,0.8616980907815139,-0.0811510099475724,0.04391482472419739,,-0.05462246242967124,-0.517122647658038,-3.1145736189435476,-3.1145736189435476,0.0018881008826117788,25232857.0,0.2725465477787422,0.7852026776664212,-0.1237084029294461,0.004782689972569809,GCST90200048,cancerType_celltype,HNSC_Epi_HNSC,tissue,Tumor,Adjacent,group2_higher,0.0022436630366171354,0.7951197991525497
45289,1109,0.12564243212241696,0.15655935654518294,0.077944815158844,0.0962321460247039,0.9527883205128846,0.9913783503010227,-0.030916924422765973,-0.018287330865859902,,-0.012814338226292845,0.3173836887936752,-1.0269893166883461,-1.0269893166883461,0.30463983932899547,25014466.0,-0.22302790585988091,0.8235146707598053,-0.03241691665627674,-0.003913729003917732,GCST90200349,cancerType_celltype,HNSC_Epi_HNSC,tissue,Tumor,Adjacent,group2_higher,0.32212886036107125,0.8332965822164919
45289,1109,-0.006065742896655692,0.051653980854542834,-0.0289297234266996,-0.0393334031105041,0.46279770535941633,0.6917458093150298,-0.05771972375119853,0.010403679683804502,,-0.04622828822154905,3.089913390705458,-2.763607728948811,-2.763607728948811,0.00580928494426575,25015933.0,-0.21969897873610814,0.8261064837826408,-0.12292085396842074,-0.0038553124636825364,GCST90200602,cancerType_celltype,HNSC_Epi_HNSC,tissue,Tumor,Adjacent,group2_higher,0.00682256788893654,0.8352990633499551
45289,1109,-0.11206315832644727,-0.09632215218399538,-0.1486456841230392,-0.1408433616161346,0.712325671763427,0.7200315162288586,-0.015741006142451885,-0.007802322506904602,,-0.008470676883176561,-0.21837042195571724,-0.7194556325659219,-0.7194556325659219,0.47200493017323597,25017126.0,-0.2169918144152759,0.828215608338947,-0.02209230938142932,-0.003807806715556694,GCST90200773,cancerType_celltype,HNSC_Epi_HNSC,tissue,Tumor,Adjacent,group2_higher,0.490726712300626,0.8368108778102186
45289,1109,-0.11839272010158604,-0.024392843015098944,-0.157348483800888,-0.1562205106019973,0.509139666154542,0.905430257423998,-0.09399987708648709,-0.0011279731988907138,,-0.06909236297119717,-2.27900359498561,-3.4440003386597264,-3.4440003386597264,0.0005942760428439491,25199999.0,0.19798493398670006,0.8430577390603169,-0.18003456269684767,0.003474270968446991,GCST90199669,cancerType_celltype,HNSC_Epi_HNSC,tissue,Tumor,Adjacent,group2_higher,0.0007251550997281135,0.8511760728438608
45289,1109,-0.027259422643123102,0.03535668469969237,-0.0607360862195491,-0.0727286711335182,0.5197482949343117,0.8060975492785618,-0.06261610734281547,0.011992584913969102,,-0.045467096388369,0.3752158771932237,-2.573741021913034,-2.573741021913034,0.010187025978852245,25026102.5,-0.1966222749970439,0.8441240259012093,-0.11850167595604282,-0.003450358812747356,GCST90200209,cancerType_celltype,HNSC_Epi_HNSC,tissue,Tumor,Adjacent,group2_higher,0.011776858701590847,0.8516217966716123
45289,1109,-0.1625651020657374,-0.12823711181106928,-0.1568305343389511,-0.2088200747966766,1.0489613746292117,0.9185864695936865,-0.03432799025466812,0.0519895404577255,,-0.010569132390375487,-0.34220137270658757,-1.2250919809170513,-1.2250919809170513,0.22078507895276497,25196726.0,0.19055781846106384,0.8488729295029595,-0.032817177411913284,0.003343938769271748,GCST90200547,cancerType_celltype,HNSC_Epi_HNSC,tissue,Tumor,Adjacent,group2_higher,0.2356539253035385,0.8557794400240634
45289,1109,-0.194331778525837,-0.13770426613288345,-0.2399801611900329,-0.2752844393253326,0.6011067590000314,0.7300603836174803,-0.05662751239295355,0.03530427813529968,,-0.03761035625454877,-0.4969455317531771,-2.561882978044137,-2.561882978044137,0.010537750130242558,25048289.0,-0.14627650701368694,0.8837040066971756,-0.09367551894511932,-0.002566883304957024,GCST90200899,cancerType_celltype,HNSC_Epi_HNSC,tissue,Tumor,Adjacent,group2_higher,0.01217199443010221,0.8902354479883595
45289,1109,-0.18716866309900018,-0.1656430756288595,-0.2233726531267166,-0.2265461832284927,0.7740031998480136,0.8392699294698005,-0.02152558747014069,0.0031735301017760953,,-0.011190941287962069,-0.17626001306169822,-0.8453627502040696,-0.8453627502040696,0.39808347818139334,25175273.5,0.14187764864324828,0.8871775457186495,-0.02775253921024612,0.0024896914418035543,GCST90200772,cancerType_celltype,HNSC_Epi_HNSC,tissue,Tumor,Adjacent,group2_higher,0.4170544048894997,0.8930745899664101
45289,1109,-0.20459031832224767,-0.17368364933451153,-0.2749740481376648,-0.2930032610893249,0.8345181681502011,0.9016432960429431,-0.03090666898773614,0.0180292129516601,,-0.015462439779506506,-0.23627467587185713,-1.1297315623465172,-1.1297315623465172,0.2588239237577634,25162320.0,0.11248347175313878,0.9104409737729311,-0.03696156394303045,0.001973877771771715,GCST90199848,cancerType_celltype,HNSC_Epi_HNSC,tissue,Tumor,Adjacent,group2_higher,0.27496259398428025,0.9158162710350591
45289,1109,0.1688910300939107,0.24583179005701977,0.1031583398580551,0.0555930733680725,0.8034478721448257,1.004934408807164,-0.07694075996310906,0.0475652664899826,,-0.037960511250177464,0.5415761104751574,-2.529950331106021,-2.529950331106021,0.011541324948431742,25063959.5,-0.1107168938623023,0.9118417487315104,-0.09512424889043293,-0.0019428775832420753,GCST90200478,cancerType_celltype,HNSC_Epi_HNSC,tissue,Tumor,Adjacent,group2_higher,0.013297401441008,0.9165488964019533
45289,1109,-0.21936139531712734,-0.1489651162475304,-0.2812318205833435,-0.3246183395385742,0.6945615660687862,0.8633069887300165,-0.07039627906959695,0.04338651895523071,,-0.04620701209635419,-0.558332016388202,-2.694234692635528,-2.694234692635528,0.007158371392199332,25067767.0,-0.1020768870294701,0.9186965472274504,-0.10070042391297893,-0.0017912613753718887,GCST90200550,cancerType_celltype,HNSC_Epi_HNSC,tissue,Tumor,Adjacent,group2_higher,0.008339196758604863,0.9227585805976528
45289,1109,0.14042489339574848,0.3251011188385435,0.0840656831860542,-0.0089664384722709,0.8070403498491979,1.260787821922211,-0.184676225442795,0.0930321216583251,,-0.08823788790863821,1.2110839773240025,-4.853632652916615,-4.853632652916615,1.3821656983577604e-06,25076797.5,-0.08158481041649801,0.9349777828305065,-0.2249939483778956,-0.001431663170467945,GCST90200097,cancerType_celltype,HNSC_Epi_HNSC,tissue,Tumor,Adjacent,group2_higher,1.8487653060467394e-06,0.9384202636214877
45289,1109,0.14508441509769396,0.18444992377596167,0.138235405087471,0.0733811631798744,0.9887105682972785,0.8975198430573159,-0.03936550867826771,0.0648542419075966,,-0.013840021445441745,0.3463345165493171,-1.4393912888186569,-1.4393912888186569,0.1503060783715395,25092579.0,-0.04577331525370316,0.9634918321881482,-0.03989891521833588,-0.0008032373833364304,GCST90200600,cancerType_celltype,HNSC_Epi_HNSC,tissue,Tumor,Adjacent,group2_higher,0.162335328700799,0.9663277169039337
45289,1109,-0.20245362287542215,-0.15970541662114568,-0.2694861590862274,-0.2913468182086944,0.7718295700763279,0.8333168739733906,-0.04274820625427647,0.021860659122466986,,-0.0225879750559472,-0.3421763081348486,-1.6906712271652047,-1.6906712271652047,0.09116941479111641,25094239.0,-0.04200643111910002,0.9664944758367195,-0.055276307559156794,-0.0007371355041336791,GCST90200080,cancerType_celltype,HNSC_Epi_HNSC,tissue,Tumor,Adjacent,group2_higher,0.09965029058563887,0.9686264489451829
45289,1109,-0.2560601336103023,-0.232959270708446,-0.3153906762599945,-0.3045753240585327,0.9447651440404715,1.0291656229771107,-0.023100862901856284,-0.010815352201461792,,-0.009762120002816394,-0.13640435212262977,-0.7399005659637125,-0.7399005659637125,0.4595107982228491,25129603.5,0.03824295079546188,0.9694948807646344,-0.024397120112935673,0.0006710933555447163,GCST90199870,cancerType_celltype,HNSC_Epi_HNSC,tissue,Tumor,Adjacent,group2_higher,0.47956601682828737,0.9709195609714891
45289,1109,-0.24914128217634207,-0.13721331783735788,-0.283406138420105,-0.3406344652175903,0.5542622429064892,0.833996692643714,-0.11192796433898419,0.057228326797485296,,-0.08627348676730931,-0.860538853939472,-4.445331313964212,-4.445331313964212,9.63806038649249e-06,25127323.0,0.033068023525002564,0.9736212471156731,-0.19895960492549875,0.0005802829124590403,GCST90200304,cancerType_celltype,HNSC_Epi_HNSC,tissue,Tumor,Adjacent,group2_higher,1.2511120292180252e-05,0.9743360938463014
45289,1109,-0.21954267705644848,-0.20181803606854495,-0.2880637049674988,-0.3265182673931122,0.7985902954327287,0.7937206538329191,-0.017724640987903523,0.0384545624256134,,-0.008348181372002423,-0.12144572547094964,-0.7346126491265045,-0.7346126491265045,0.46272344598193715,25125384.5,0.0286691651545639,0.9771293538072336,-0.022198134523767066,0.0005030910493057927,GCST90200136,cancerType_celltype,HNSC_Epi_HNSC,tissue,Tumor,Adjacent,group2_higher,0.48144431822395445,0.9771293538072336
