n_group1,n_group2,mean_group1,mean_group2,median_group1,median_group2,sd_group1,sd_group2,mean_diff,median_diff,log2FC,pseudo_log2FC_shifted,signed_log2FC_absmean,t_welch,z_welch_approx,p_ttest,u_stat,z_wilcoxon,p_wilcoxon,cohen_d,cliffs_delta,trait,celltype_key,celltype,group_col,group1,group2,direction,q_ttest,q_wilcoxon
24361,1057,0.6602932521987201,-0.3882096487831178,0.667930006980896,-0.5008281469345093,0.9579464570945136,0.7408719808405861,1.048502900981838,1.1687581539154053,,0.557931454706045,0.7662693951438714,44.42805111656865,44.42805111656865,8.406144752296942e-257,20857119.0,34.178739987516714,5.0051836461021244e-256,1.1037854039502806,0.6199970197568683,GCST90200339,cancerType_celltype,CESC_Epi_CESC,tissue,Tumor,Adjacent,group1_higher,5.728787648690366e-254,6.822065309637195e-253
24361,1057,1.1256711000167405,-0.47085630080730184,0.6502552628517151,-0.633129894733429,1.7113514529407516,0.9662006551690646,1.5965274008240424,1.283385157585144,,0.7446772408015148,1.2574248377660862,50.40044123185334,50.40044123185334,1.3301009396e-313,20618520.0,33.15710687143846,4.473872902502071e-241,0.9463943624211868,0.6014647541588742,GCST90199660,cancerType_celltype,CESC_Epi_CESC,tissue,Tumor,Adjacent,group1_higher,1.81292758066664e-310,3.0489443830551617e-238
24361,1057,0.6777483555475522,-0.09837346432676919,0.6266377568244934,-0.1302383691072464,0.7763023667760766,0.6711250482058188,0.7761218198743214,0.7568761259317398,,0.5549661522240779,2.784396056322564,36.55189937084588,36.55189937084588,2.464660180117282e-196,20563305.0,32.92068730344253,1.1119309794986903e-237,1.0050557506064592,0.5971761400196982,GCST90200768,cancerType_celltype,CESC_Epi_CESC,tissue,Tumor,Adjacent,group1_higher,6.71866365099971e-194,5.051873083522383e-235
24361,1057,1.0460727302197348,-0.14888100280437483,1.018604040145874,-0.162892997264862,1.2900808663313366,1.0273789410277474,1.1949537330241096,1.181497037410736,,0.4411781976965401,2.8127432670644255,36.58372309819912,36.58372309819912,1.0637554891229567e-197,19792247.0,29.619171424427666,8.465327230429589e-193,0.9333827855381013,0.5372871562123136,GCST90200407,cancerType_celltype,CESC_Epi_CESC,tissue,Tumor,Adjacent,group1_higher,3.624746829186475e-195,2.8845602537688825e-190
24361,1057,0.5806578841636759,0.0030112037507974867,0.609059751033783,0.0187231823801994,0.5999959977356112,0.6938502183029724,0.5776466804128785,0.5903365686535835,,0.40520988404931013,7.590727711976101,26.63793932203151,26.63793932203151,1.2672976211483055e-121,19751965.0,29.446691970692047,1.3880139206186477e-190,0.9560744568478313,0.5341584057866271,GCST90200909,cancerType_celltype,CESC_Epi_CESC,tissue,Tumor,Adjacent,group1_higher,6.1690237772326445e-120,3.783725947606433e-188
24361,1057,0.7085382785936742,-0.051355024008118914,0.7128674387931824,-0.0719131678342819,0.8344219896935166,0.7498894917685417,0.7598933026017931,0.7847806066274643,,0.4663443811993724,3.786242414415907,32.094432467716864,32.094432467716864,1.0318781128207705e-162,19668958.5,29.091274767561483,4.629033335964455e-186,0.9143432537552356,0.5277111930809582,GCST90200777,cancerType_celltype,CESC_Epi_CESC,tissue,Tumor,Adjacent,group1_higher,1.7580623347183878e-160,1.0515620728199254e-183
24361,1057,0.5623090341250525,-0.4277608496598274,0.5394291281700134,-0.5697324275970459,1.0859603063665424,1.0681516163909923,0.9900698837848799,1.1091615557670593,,0.424172762061315,0.39455797110278384,29.48111519333315,29.48111519333315,8.055806559093543e-143,19482343.0,28.292224583891386,4.307799733043637e-176,0.9123166074219003,0.5132165472077463,GCST90200895,cancerType_celltype,CESC_Epi_CESC,tissue,Tumor,Adjacent,group1_higher,8.44620333849577e-141,8.387901480197826e-174
24361,1057,-0.5811101679835224,0.21017700478129822,-0.6305890679359436,0.1506809890270233,0.8104137271703401,0.8477002839509808,-0.7912871727648206,-0.7812700569629669,,-0.3690820663137995,-1.467202482569221,-29.763531554321084,-29.763531554321084,1.5133109156262136e-144,6315768.0,-28.08441171939597,1.5188000529837533e-173,-0.9744951626264797,-0.509446854214343,GCST90200883,cancerType_celltype,CESC_Epi_CESC,tissue,Tumor,Adjacent,group2_higher,1.8751297981804812e-142,2.5876555902710696e-171
24361,1057,-1.1220562942225512,0.2252185039098666,-1.1596895456314087,0.2014422416687011,1.5198868069319016,1.3481830358468523,-1.3472747981324178,-1.3611317873001099,,-0.3405910220228599,-2.316742669682315,-31.629242275503398,-31.629242275503398,2.287194048947356e-159,6503407.5,-27.280976972878314,7.133780304570123e-164,-0.8903829977158324,-0.49487267305400784,GCST90199761,cancerType_celltype,CESC_Epi_CESC,tissue,Tumor,Adjacent,group2_higher,3.4638283207947177e-157,1.080371395014342e-161
24361,1057,-0.937842123015927,0.30779861357098015,-1.031194806098938,0.1974241733551025,1.3216732179281439,1.4284575540832378,-1.245640736586907,-1.2286189794540405,,-0.36734105094868247,-1.6073551967970459,-27.838340491133167,-27.838340491133167,1.8875808013690778e-130,6560245.0,-27.03761018494082,5.342491825639754e-161,-0.9391980924637265,-0.490458037427178,GCST90199630,cancerType_celltype,CESC_Epi_CESC,tissue,Tumor,Adjacent,group2_higher,1.2863863161330266e-128,7.281816358346985e-159
24361,1057,0.5125815223384248,-0.004261020729205921,0.5542172193527222,0.0543989427387714,0.5987330887556918,0.6915080114062335,0.5168425430676307,0.4998182766139508,,0.3711288889902164,6.910102867310336,23.913750765286732,23.913750765286732,1.5693063002485428e-102,19162320.0,26.921950212637896,1.2156483983761505e-159,0.8573004867746004,0.488359983544584,GCST90200413,cancerType_celltype,CESC_Epi_CESC,tissue,Tumor,Adjacent,group1_higher,4.974336016834334e-101,1.506298879078812e-157
24361,1057,0.8169084015103869,-0.06851317305976815,0.7851581573486328,-0.138786643743515,1.0735992148593414,0.8613179666211916,0.885421574570155,0.9239448010921478,,0.3813526796667896,3.5757017221026732,32.34879040663984,32.34879040663984,1.0870329664466536e-165,19093334.5,26.626568122481537,3.3439748679261885e-156,0.8308968267493836,0.4830017984373103,GCST90200360,cancerType_celltype,CESC_Epi_CESC,tissue,Tumor,Adjacent,group1_higher,2.1166084760954127e-163,3.7981981208194955e-154
24361,1057,0.39140004441123155,-0.42577658979201916,0.274885892868042,-0.5093348026275635,0.9986544361472852,0.7731539380434973,0.8171766342032507,0.7842206954956055,,0.4333790668047426,-0.12145241190756162,33.18265178947606,33.18265178947606,2.2057835809916945e-172,19059396.0,26.481250264862595,1.5939321902284476e-154,0.8251741152777526,0.4803657551345406,GCST90200136,cancerType_celltype,CESC_Epi_CESC,tissue,Tumor,Adjacent,group1_higher,5.010805034819466e-170,1.6711765963702878e-152
24361,1057,-0.4642305800222202,0.4683897444330638,-0.4901058375835418,0.4132774472236633,1.002369410996961,1.054625374124708,-0.932620324455284,-0.9033832848072051,,-0.3475008337916274,0.012867900526189226,-28.203010613955517,-28.203010613955517,3.4094512956505053e-133,6693610.0,-26.4665679738428,2.352443720167104e-154,-0.9283548138487063,-0.4800994206623278,GCST90199764,cancerType_celltype,CESC_Epi_CESC,tissue,Tumor,Adjacent,group2_higher,2.733577715277435e-131,2.2902719932769736e-152
24361,1057,0.7291403229442475,0.0827918234250954,0.7314409017562866,0.0200617685914039,0.7566185515901033,0.6912127326489826,0.6463484995191521,0.7113791331648828,,0.3539851703596601,3.1386208425059867,29.64059629213981,29.64059629213981,1.9237023302542794e-144,19041240.0,26.403509910311584,1.2488091601805362e-153,0.8572102052432817,0.4789555572116777,GCST90200278,cancerType_celltype,CESC_Epi_CESC,tissue,Tumor,Adjacent,group1_higher,2.185005230113819e-142,1.1347512568840472e-151
24361,1057,-1.5383909661625976,-0.10066915435022424,-1.6467772722244265,-0.2843995094299316,1.5974677830646529,1.6769427884992896,-1.4377218118123734,-1.3623777627944949,,-0.3493614532825678,-3.93371519723316,-27.34061134263019,-27.34061134263019,5.4456415985550315e-127,6713729.5,-26.38042030566759,2.298927693414319e-153,-0.8980999015619364,-0.47853671537982934,GCST90199687,cancerType_celltype,CESC_Epi_CESC,tissue,Tumor,Adjacent,group2_higher,3.227134564708916e-125,1.958399028827323e-151
24361,1057,0.12679198213014292,-1.194795110709648,0.1075783893465995,-1.0176632404327393,1.405446648668073,1.4857187440437836,1.3215870928397908,1.1252416297793388,,0.3781741929993407,-3.236217645506087,28.374292149112584,28.374292149112584,2.0691110312881476e-134,18988757.0,26.178788218975345,4.63545411201689e-151,0.9380456397493044,0.474879140733069,GCST90199629,cancerType_celltype,CESC_Epi_CESC,tissue,Tumor,Adjacent,group1_higher,1.762623959778591e-132,3.716543502752365e-149
24361,1057,-0.02635110204013725,0.5694622789760047,-0.0623282045125961,0.5517141222953796,0.6656980792041273,0.6933875441647699,-0.5958133810161419,-0.6140423268079758,,-0.3302839858836178,4.433612863130899,-27.394068191525033,-27.394068191525033,2.0888038154995693e-127,6784840.0,-26.075939391242624,6.836272258492647e-150,-0.8934456528758387,-0.47301347901753876,GCST90200524,cancerType_celltype,CESC_Epi_CESC,tissue,Tumor,Adjacent,group2_higher,1.2941089093299603e-125,5.1765772712919324e-148
24361,1057,0.3585529622354476,-0.5427642724626652,0.3170459568500519,-0.65555340051651,1.0785513288645028,1.0177809849869213,0.9013172346981129,0.9725993573665619,,0.393120346855693,-0.5981381559948812,28.114476598373532,28.114476598373532,4.403449484551454e-133,18934781.0,25.947673800752973,1.9317154790498583e-148,0.8375816754403058,0.4706867611844652,GCST90200214,cancerType_celltype,CESC_Epi_CESC,tissue,Tumor,Adjacent,group1_higher,3.334389804135351e-131,1.3857516831289248e-146
24361,1057,0.18782447213468428,-0.7646424959210173,0.1972069293260574,-0.8253610730171204,1.1519371266553167,1.1015866301101012,0.9524669680557016,1.0225680023431778,,0.32378366005033693,-2.025394539903573,27.466475077859126,27.466475077859126,2.5860990819777553e-128,18922196.5,25.893789492984347,7.824045069148668e-148,0.8283120734449868,0.46970930823446144,GCST90199917,cancerType_celltype,CESC_Epi_CESC,tissue,Tumor,Adjacent,group1_higher,1.6785014517788954e-126,5.332086714624818e-146
24361,1057,0.8242728098966791,-0.11952612223208273,0.8144974112510681,-0.236963078379631,1.1752352393985839,1.0274776608075251,0.9437989321287618,1.0514604896306992,,0.4010262780900459,2.7857856347506984,29.0506107447736,29.0506107447736,2.151238795063607e-140,18858161.0,25.619602311124282,9.227749684215921e-145,0.8070327906378081,0.46473559546240306,GCST90199790,cancerType_celltype,CESC_Epi_CESC,tissue,Tumor,Adjacent,group1_higher,2.0943846269083546e-138,5.989248961707762e-143
24361,1057,-0.5313532671288549,0.06524371170388603,-0.591808021068573,0.0107724647969007,0.7041845763438052,0.7276556303996397,-0.5965969788327409,-0.6025804858654737,,-0.3223375644926454,-3.0257411861482115,-26.130241200134204,-26.130241200134204,2.1388496009622583e-118,6912508.5,-25.529288451883964,9.326664842893085e-144,-0.8460264570399123,-0.4630973161229017,GCST90200250,cancerType_celltype,CESC_Epi_CESC,tissue,Tumor,Adjacent,group2_higher,9.404038729392123e-117,5.7782928094833066e-142
24361,1057,-0.24908720238401452,0.43360409601768296,-0.2991843521595001,0.3541672825813293,0.6836581266601033,0.8537647447096729,-0.6826912984016975,-0.6533516347408295,,-0.30257175499586497,0.7997250197767826,-25.64276091910954,-25.64276091910954,2.2076169234119887e-114,6915576.0,-25.516154031439747,1.3047762439016603e-143,-0.9871765878236953,-0.4628590597818364,GCST90199711,cancerType_celltype,CESC_Epi_CESC,tissue,Tumor,Adjacent,group2_higher,9.403068333157939e-113,7.732217480165057e-142
24361,1057,0.3126433512383678,-0.33659875685297175,0.2946498990058899,-0.4540796875953674,0.8397041196358249,0.7691974407868954,0.6492421080913395,0.7487295866012573,,0.28826491228091233,-0.10651168320365108,26.758315931963573,26.758315931963573,2.080727717467135e-123,18791020.0,25.33211800043308,1.4148655502873748e-141,0.775776772368564,0.4595206748444838,GCST90199852,cancerType_celltype,CESC_Epi_CESC,tissue,Tumor,Adjacent,group1_higher,1.0503821773732241e-121,8.03525727100705e-140
24361,1057,0.6217476730077429,-0.2707561654224419,0.6061970591545105,-0.3219843208789825,1.1157113823677713,1.0151931848746631,0.8925038384301849,0.928181380033493,,0.3489478831567232,1.1993320049363365,27.861667517814773,27.861667517814773,1.926301470812138e-131,18705822.0,24.967317233356795,1.3851238275091055e-137,0.8028164246712359,0.45290324575040586,GCST90200203,cancerType_celltype,CESC_Epi_CESC,tissue,Tumor,Adjacent,group1_higher,1.3818678445878652e-129,7.551695107579644e-136
24361,1057,0.833173562490169,-0.03258339556595117,0.6926511526107788,-0.077709175646305,1.1046434699666112,0.8696138914008337,0.8657569580561202,0.7703603282570838,,0.39862746379472674,4.676365654766351,31.290516621710655,31.290516621710655,6.283335651972615e-158,18699433.0,24.93996081535578,2.7442956827568715e-137,0.7900089900955607,0.4524070045888522,GCST90200127,cancerType_celltype,CESC_Epi_CESC,tissue,Tumor,Adjacent,group1_higher,8.564186493638673e-156,1.438644236768314e-135
24361,1057,-0.8464175804689668,-0.06039161727452684,-0.9054878354072572,-0.1172433197498321,1.0088897140642539,0.9159668766193451,-0.78602596319444,-0.7882445156574251,,-0.32267819991427243,-3.8089271951800963,-27.192859923702777,-27.192859923702777,1.3528368266481804e-126,7142784.0,-24.5432948952409,5.100428349949253e-133,-0.781959812332953,-0.44521154658191087,GCST90199892,cancerType_celltype,CESC_Epi_CESC,tissue,Tumor,Adjacent,group2_higher,7.682985811339458e-125,2.5747717929558635e-131
24361,1057,0.33692168428559194,-0.132382263093874,0.3297317624092102,-0.2224124819040298,0.5875504746066672,0.6552593018735066,0.4693039473794659,0.55214424431324,,0.33112173094093655,1.3476968281926092,22.889292743061002,22.889292743061002,1.3808369495678178e-95,18533432.0,24.229177790690517,1.0963161078718245e-129,0.7947322884992367,0.43951351123166016,GCST90200434,cancerType_celltype,CESC_Epi_CESC,tissue,Tumor,Adjacent,group1_higher,3.61938608127103e-94,5.336710196533203e-128
24361,1057,0.43895801207444096,-0.20805611234804125,0.4124789834022522,-0.294857770204544,0.8178735144028222,0.8255856989863822,0.6470141244224822,0.7073367536067963,,0.32022231867889084,1.0771066268093694,24.953642334726517,24.953642334726517,3.767565733810779e-110,18472998.0,23.97041151029088,5.661561684966115e-127,0.7907819211968758,0.43481953121016326,GCST90200080,cancerType_celltype,CESC_Epi_CESC,tissue,Tumor,Adjacent,group1_higher,1.4264422486622477e-108,2.660933991934074e-125
24361,1057,0.4663452493934057,-0.42925633107016414,0.4143745303153991,-0.4874176681041717,1.2144003902883016,1.045714169190741,0.8956015804635699,0.9017921984195708,,0.3243536452081272,0.11955874101854111,27.06391086086077,27.06391086086077,6.018747766761804e-126,18438695.0,23.823532936697394,1.9052390173007733e-125,0.7414774347194294,0.43215517676270965,GCST90200012,cancerType_celltype,CESC_Epi_CESC,tissue,Tumor,Adjacent,group1_higher,3.2814212824385356e-124,8.656135935269848e-124
24361,1057,0.2812192552105812,-0.17515425136268348,0.2188132554292678,-0.2904113829135895,0.6771895616363882,0.7524547306481407,0.4563735065732647,0.5092246383428572,,0.3064321702012236,0.6830662674125096,19.381052283248863,19.381052283248863,1.7495703110416363e-72,18431999.0,23.79486200620204,3.775146680794308e-125,0.6706616337769082,0.43163509054925453,GCST90200371,cancerType_celltype,CESC_Epi_CESC,tissue,Tumor,Adjacent,group1_higher,2.5101729831050002e-71,1.6598467502976266e-123
24361,1057,0.9493793919283698,-0.2555908918386905,0.6824004650115967,-0.331253707408905,1.6796056474711716,1.0052814509129622,1.2049702837670604,1.0136541724205017,,0.4547879379749653,1.893144183021899,36.8044160430365,36.8044160430365,6.325432108205002e-205,18426794.0,23.772575238993515,6.420109449828678e-125,0.7271730503993784,0.43123081206343694,GCST90199783,cancerType_celltype,CESC_Epi_CESC,tissue,Tumor,Adjacent,group1_higher,2.8738546544944726e-202,2.7345653687864028e-123
24361,1057,0.47854856815978036,0.053388566269284655,0.5035427212715149,0.0450788103044033,0.5453776528053885,0.6935461127672575,0.4251600018904957,0.4584639109671116,,0.26640767707184204,3.1640386329162795,19.668228085396045,19.668228085396045,3.749533285644128e-74,18426394.0,23.77086251913119,6.68737388292487e-125,0.7697630001200289,0.4311997435919044,GCST90200830,cancerType_celltype,CESC_Epi_CESC,tissue,Tumor,Adjacent,group1_higher,5.5550150742749417e-73,2.762088061341393e-123
24361,1057,-0.32704849052245677,0.3249884718450186,-0.389665812253952,0.2589398026466369,0.7786306540277538,0.8795263541859847,-0.6520369623674753,-0.648605614900589,,-0.2936023713337417,-0.009115984749138646,-23.702791345104274,-23.702791345104274,3.968821332342288e-101,7329070.0,-23.745655564557396,1.2184343473444478e-124,-0.8326551767139873,-0.430742493362124,GCST90200556,cancerType_celltype,CESC_Epi_CESC,tissue,Tumor,Adjacent,group2_higher,1.1509581863792636e-99,4.884488280677889e-123
24361,1057,0.3415719874735071,-0.21508594841331685,0.2899850308895111,-0.2365070581436157,0.7491069400812622,0.6664137142733917,0.556657935886824,0.5264920890331268,,0.38115401441789093,0.6672739032583919,26.441844009754426,26.441844009754426,2.857537957049111e-121,18355643.0,23.467920911682487,8.675842052286359e-122,0.7463366059736362,0.42570443001840386,GCST90200717,cancerType_celltype,CESC_Epi_CESC,tissue,Tumor,Adjacent,group1_higher,1.298274745152646e-119,3.378620776361802e-120
24361,1057,-0.516454216236322,-0.00040096001647361675,-0.5563784837722778,-0.0921511501073837,0.5797404665135603,0.7180359571109377,-0.5160532562198484,-0.4642273336648941,,-0.34365472756745574,-10.327375536049722,-23.042473314965797,-23.042473314965797,2.0101106264860945e-96,7432262.0,-23.303808094474338,4.056352460601585e-120,-0.8804318468479296,-0.4227274490761538,GCST90200752,cancerType_celltype,CESC_Epi_CESC,tissue,Tumor,Adjacent,group2_higher,5.479561567801094e-95,1.5357801121666556e-118
24361,1057,0.9438522239211333,0.31114192952583125,0.9771358966827391,0.3007986843585968,0.8398968705668958,0.8059316168543781,0.632710294395302,0.6763372123241423,,0.32860986901723976,1.600985064892714,24.942805223721322,24.942805223721322,2.9897084353135835e-110,18301819.0,23.2374573270078,1.905156388313397e-119,0.754562246098266,0.4215238564889823,GCST90199776,cancerType_celltype,CESC_Epi_CESC,tissue,Tumor,Adjacent,group1_higher,1.1642778849521184e-108,7.0181842088409725e-118
24361,1057,-0.6487179371278886,0.1602474861834379,-0.7170156836509705,0.1099724844098091,1.0191719519254094,1.0690128506049028,-0.8089654233113265,-0.8269881680607796,,-0.3020998973116682,-2.017282825745844,-24.13155704367354,-24.13155704367354,2.7754959131433696e-104,7480514.0,-23.097202697481862,4.939853349476944e-118,-0.7921006463314294,-0.4189796593551809,GCST90200252,cancerType_celltype,CESC_Epi_CESC,tissue,Tumor,Adjacent,group2_higher,9.457502324036033e-103,1.7718473987729143e-116
24361,1057,0.5993378109962406,0.015393681633889732,0.5858827233314514,-0.0681332945823669,0.8068791873221636,0.7638682210724691,0.5839441293623508,0.6540160179138184,,0.32268877146388436,5.282867863117469,24.27304128989332,24.27304128989332,1.3708256422828362e-105,18251162.0,23.020554201843083,2.902261851895372e-117,0.7252721996229834,0.4175892675829198,GCST90200272,cancerType_celltype,CESC_Epi_CESC,tissue,Tumor,Adjacent,group1_higher,4.790859872901297e-104,1.0143033087521519e-115
24361,1057,0.7447050152187592,0.20391937707794888,0.7421894073486328,0.1138320863246917,0.7279760275467827,0.834323758950488,0.5407856381408103,0.6283573210239412,,0.3290759289028265,1.8686650644626108,20.733421921243526,20.733421921243526,3.801056312264801e-81,18244488.0,22.99197747094016,5.607873916234399e-117,0.7380703328493446,0.4170708901353992,GCST90200092,cancerType_celltype,CESC_Epi_CESC,tissue,Tumor,Adjacent,group1_higher,6.816894412653847e-80,1.9108830369568712e-115
24361,1057,1.6311254594694513,-0.047626154564669954,1.5033735036849976,-0.1929574906826019,2.422186395256061,1.8318180921498974,1.6787516140341212,1.6963309943675995,,0.3349810413198064,5.097940467799814,28.72520233281786,28.72520233281786,4.414986193531862e-139,18242560.0,22.983722161203747,6.782198006475237e-117,0.6993195676714655,0.4169211401026123,GCST90200788,cancerType_celltype,CESC_Epi_CESC,tissue,Tumor,Adjacent,group1_higher,4.011750787855952e-137,2.254667288494085e-115
24361,1057,0.490139620923309,-0.375701633717159,0.4212470054626465,-0.4370822012424469,1.220737403647525,1.0145861954012698,0.8658412546404679,0.8583292067050934,,0.34010647383985754,0.38360448711517714,26.912775013130986,26.912775013130986,4.720748566430098e-125,18229451.0,22.927592049515642,2.4661434784616e-116,0.7138780481883367,0.4159029486193113,GCST90200398,cancerType_celltype,CESC_Epi_CESC,tissue,Tumor,Adjacent,group1_higher,2.474761652324701e-123,8.003222764626574e-115
24361,1057,-0.3483593503203549,0.18691998736828738,-0.3862554132938385,0.1770953834056854,0.686535304007096,0.7190554613369419,-0.5352793376886423,-0.5633507966995239,,-0.26489823676610036,-0.8981518655620855,-23.737350306738627,-23.737350306738627,1.485963430149437e-101,7530938.0,-22.88129723163695,7.13509926244213e-116,-0.7781160709712475,-0.41506316783378616,GCST90200002,cancerType_celltype,CESC_Epi_CESC,tissue,Tumor,Adjacent,group2_higher,4.40297425063844e-100,2.2616605336531683e-114
24361,1057,0.2040759111776312,-0.4339444653797179,0.1721702963113784,-0.5335056781768799,0.9508900377963717,0.8490642490985465,0.6380203765573491,0.7056759744882583,,0.35261272272944283,-1.0884007800770115,23.791654763613927,23.791654763613927,1.985654424141159e-102,18194442.0,22.77769052536515,7.6312415771586e-115,0.6738152113732091,0.41318375831960275,GCST90200922,cancerType_celltype,CESC_Epi_CESC,tissue,Tumor,Adjacent,group1_higher,6.014326622454222e-101,2.363950515833448e-113
24361,1057,0.8062201759381686,-0.019197155043534326,0.7720819115638733,-0.124906912446022,1.1726821827776066,1.0358038184411515,0.825417330981703,0.8969888240098953,,0.3015508995192219,5.392136098343754,25.216276750461365,25.216276750461365,1.6049535280066365e-112,18178915.0,22.71120702210928,3.471920253735794e-114,0.7071078031011798,0.4119777579258874,GCST90200408,cancerType_celltype,CESC_Epi_CESC,tissue,Tumor,Adjacent,group1_higher,6.433975466685428e-111,1.0516060679648638e-112
24361,1057,-0.22337381255146693,0.2268430325889902,-0.2528219819068908,0.2137258499860763,0.5553472191722265,0.643439178025713,-0.4502168451404571,-0.4665478318929671,,-0.2928379788774342,0.022234189715341537,-22.389490288503488,-22.389490288503488,3.993416650169219e-92,7573160.0,-22.700511086569048,4.428396101348965e-114,-0.8049883760208526,-0.41178373532116663,GCST90200489,cancerType_celltype,CESC_Epi_CESC,tissue,Tumor,Adjacent,group2_higher,9.071711490301076e-91,1.3121530187257912e-112
24361,1057,-0.30812949891545177,0.49516733464933166,-0.364774614572525,0.4730660915374756,0.9681174952106602,1.1314626671780565,-0.8032968335647834,-0.8378407061100006,,-0.2809825911532918,0.6843775709467248,-22.72389746760423,-22.72389746760423,2.2788119189522676e-94,7583060.0,-22.658121269976462,1.160308865639241e-113,-0.823514907148266,-0.41101479065073576,GCST90200254,cancerType_celltype,CESC_Epi_CESC,tissue,Tumor,Adjacent,group2_higher,5.546465438449894e-93,3.3648957103537987e-112
24361,1057,0.6868124521103766,0.07717799172565606,0.67201828956604,0.0039568929933011,0.8278510379468471,0.7601487524358896,0.6096344603847205,0.6680613965727389,,0.2933422161733711,3.1536381950269323,25.427965474205372,25.427965474205372,7.321998489630218e-114,18138372.0,22.537610018663496,1.7766154755888867e-112,0.7388176838570261,0.40882873532252595,GCST90199993,cancerType_celltype,CESC_Epi_CESC,tissue,Tumor,Adjacent,group1_higher,3.0242072549593897e-112,5.044847694224277e-111
24361,1057,-0.42461001337817617,0.18314654485165258,-0.4620909988880157,0.1128643006086349,0.8065797773115952,0.8364562487867009,-0.6077565582298288,-0.5749552994966506,,-0.24146890035861482,-1.21313543032138,-23.159824147799753,-23.159824147799753,1.3280092153710923e-97,7665867.0,-22.303558285877234,3.4127353740595244e-110,-0.7523200420138124,-0.4045830733452437,GCST90199848,cancerType_celltype,CESC_Epi_CESC,tissue,Tumor,Adjacent,group2_higher,3.694033797042447e-96,9.492976152741085e-109
24361,1057,-0.3861682888638272,0.2975617879348824,-0.4164018630981445,0.2555704712867737,0.9565396616793079,0.8901862291157924,-0.6837300767987096,-0.6719723343849182,,-0.284558782358187,-0.3760393149061821,-24.36836003173717,-24.36836003173717,2.560917546634067e-106,7668752.0,-22.2912052938702,4.497426252537402e-110,-0.7167923569456469,-0.40435899199431513,GCST90200642,cancerType_celltype,CESC_Epi_CESC,tissue,Tumor,Adjacent,group2_higher,9.1856068843743e-105,1.2238824192578264e-108
24361,1057,0.01711054842453904,-0.5386896968691222,-0.0294526498764753,-0.6029975414276123,0.7915797038972857,0.7394939279890455,0.5558002452936612,0.573544891551137,,0.36575360095924414,-4.976414929837365,23.84984811673414,23.84984811673414,1.1184483086023068e-102,18080636.0,22.290396033735252,4.579457328110722e-110,0.7040044133427664,0.404344312141516,GCST90200083,cancerType_celltype,CESC_Epi_CESC,tissue,Tumor,Adjacent,group1_higher,3.6296310586308194e-101,1.2238824192578264e-108
24361,1057,0.2289106974814665,-0.09784242044973229,0.245244413614273,-0.1242153644561767,0.47047758492250114,0.6168891820587041,0.32675311793119877,0.3694597780704497,,0.2605568875514846,1.2262444429102757,17.007397950573562,17.007397950573562,7.98718501964171e-58,18052689.0,22.170732578754137,6.583342312641831e-109,0.6843633900207704,0.4021736357067147,GCST90199867,cancerType_celltype,CESC_Epi_CESC,tissue,Tumor,Adjacent,group1_higher,7.306398108571577e-57,1.7255953023328493e-107
24361,1057,0.20973246937953943,-0.3295496017473874,0.2003658413887024,-0.4077508151531219,0.7706834419802402,0.7783139638942975,0.5392820711269268,0.6081166565418243,,0.3047348500359361,-0.6519428989386029,22.062350707590518,22.062350707590518,3.342292385155945e-90,18048158.0,22.15133174451363,1.0128537711860083e-108,0.6994561398698668,0.40182170759542957,GCST90200845,cancerType_celltype,CESC_Epi_CESC,tissue,Tumor,Adjacent,group1_higher,7.118038314011801e-89,2.6047541323142063e-107
24361,1057,-0.5110183858972548,0.4484200922110582,-0.5701276659965515,0.3291328251361847,1.2781172463473098,1.330677035091863,-0.959438478108313,-0.8992604911327362,,-0.2764236014751045,-0.18852388266825917,-22.985778419009776,-22.985778419009776,2.1127834098906423e-96,7742057.0,-21.977327970100543,4.746071605518929e-107,-0.7493599231076422,-0.398665306230079,GCST90199659,cancerType_celltype,CESC_Epi_CESC,tissue,Tumor,Adjacent,group2_higher,5.646517230746952e-95,1.1979436293189444e-105
24361,1057,0.5390440584731382,-0.19310663937572953,0.5525391697883606,-0.3106929063796997,1.000200420081613,1.1235095751692996,0.7321506978488677,0.8632320761680603,,0.31659769190396736,1.4810006333713723,20.831453233168663,20.831453233168663,8.092626428070064e-82,17975199.0,21.838935923424884,9.90395298960934e-106,0.7280554944621307,0.3961548960590693,GCST90200379,cancerType_celltype,CESC_Epi_CESC,tissue,Tumor,Adjacent,group1_higher,1.4706999761945997e-80,2.4543796226977323e-104
24361,1057,-0.14923330522107045,0.37429312716833824,-0.2030955851078033,0.3491504192352295,0.6783631650194399,0.7844908763660413,-0.5235264323894087,-0.5522460043430328,,-0.3018623219109211,1.3265931988300501,-21.352810653515508,-21.352810653515508,3.3247074850922083e-85,7817484.0,-21.65436466746124,5.52908211707689e-104,-0.7663968129742192,-0.3928068022243627,GCST90199664,cancerType_celltype,CESC_Epi_CESC,tissue,Tumor,Adjacent,group2_higher,6.664082797324529e-84,1.3457390938528217e-102
24361,1057,0.5573187777353622,-0.575403687507271,0.5321863293647766,-0.7166666388511658,1.6753585295228992,1.6077406163129724,1.132722465242633,1.2488529682159424,,0.2890082491684402,-0.046071622396701484,22.384517541345772,22.384517541345772,1.653756652923738e-92,17927751.0,21.635773093355684,8.275447364419938e-104,0.677221138627472,0.3924695539658769,GCST90200274,cancerType_celltype,CESC_Epi_CESC,tissue,Tumor,Adjacent,group1_higher,3.8863281343707846e-91,1.9788482031060308e-102
24361,1057,-1.1980091209422536,-0.387464031041732,-1.2701703310012815,-0.3923213183879852,1.1936526418007916,1.1320948753203919,-0.8105450899005217,-0.8778490126132963,,-0.2845981078972768,-1.6285020789933213,-22.735386371794473,-22.735386371794473,6.213387535943312e-95,7832513.0,-21.59001350043397,2.2295800679253808e-103,-0.6804679608465103,-0.3916394820777056,GCST90199676,cancerType_celltype,CESC_Epi_CESC,tissue,Tumor,Adjacent,group2_higher,1.5683050391649507e-93,5.2395131596246444e-102
24361,1057,1.0922060681773162,0.10477337747133383,1.078758716583252,0.0670773461461067,1.4662956709966686,1.2735208355004164,0.9874326907059824,1.0116813704371452,,0.2748808723525445,3.381888543629274,24.512909574581666,24.512909574581666,1.3293939309679643e-107,17887387.0,21.46294253204829,3.4573282824636105e-102,0.676883136387224,0.3893344345035261,GCST90200733,cancerType_celltype,CESC_Epi_CESC,tissue,Tumor,Adjacent,group1_higher,4.897199805160365e-106,7.877803646328895e-101
24361,1057,-0.5549801651517435,0.281594137023463,-0.6355098485946655,0.2001779228448867,1.1575409830381098,1.1930683587847097,-0.8365743021752066,-0.8356877714395522,,-0.30548352715444266,-0.9788163906502592,-22.345186691310357,-22.345186691310357,4.568104977239757e-92,7862223.0,-21.46280123265965,3.467851935287848e-102,-0.7217828396791564,-0.38933187135462455,GCST90200898,cancerType_celltype,CESC_Epi_CESC,tissue,Tumor,Adjacent,group2_higher,1.0207093580291457e-90,7.877803646328895e-101
24361,1057,0.610040021381,-0.10543952243217129,0.5838387608528137,-0.1803304255008697,1.0197743524112435,1.0026569349216614,0.7154795438131712,0.7641691863536835,,0.32187079690620035,2.532476834328763,22.69595649931482,22.69595649931482,1.4462182546852876e-94,17880309.5,21.43263809498425,6.631732799758491e-102,0.7020914517230691,0.38878471673534687,GCST90200762,cancerType_celltype,CESC_Epi_CESC,tissue,Tumor,Adjacent,group1_higher,3.583991783883722e-93,1.48181177148702e-100
24361,1057,-0.17594677766427116,0.4660543928309648,-0.2420835644006729,0.3657156825065613,0.8764611994087275,0.9524805561367025,-0.642001170495236,-0.6077992469072342,,-0.28433973386483724,1.4053541440048885,-21.521987546161455,-21.521987546161455,1.9633632176648456e-86,7875580.0,-21.405609234656904,1.1846791052636345e-101,-0.7297536841969998,-0.3882944174189735,GCST90200621,cancerType_celltype,CESC_Epi_CESC,tissue,Tumor,Adjacent,group2_higher,3.9941254711599765e-85,2.604383258829571e-100
24361,1057,0.27464235982758106,-0.13704055005289872,0.2628404796123504,-0.203896477818489,0.6423247084713062,0.7596138548392246,0.4116829098804798,0.4667369574308394,,0.25794394273266297,1.0029460369131757,17.3529367334403,17.3529367334403,6.117749303001381e-60,17863442.0,21.360414839289756,3.1204229840548405e-101,0.6356849272369652,0.38747459812640805,GCST90199927,cancerType_celltype,CESC_Epi_CESC,tissue,Tumor,Adjacent,group1_higher,6.086490729920351e-59,6.75101036074087e-100
24361,1057,0.30149572745493275,-0.03943214837713429,0.3183435499668121,-0.0555588491261005,0.5575875480841272,0.6340580271682495,0.340927875832067,0.37390239909291256,,0.2701834942518015,2.9346615365281874,17.195086111880705,17.195086111880705,4.9525748228526305e-59,17851842.0,21.31074596328228,9.025019120829256e-101,0.6077444843975381,0.38657361245196387,GCST90200041,cancerType_celltype,CESC_Epi_CESC,tissue,Tumor,Adjacent,group1_higher,4.8563737291713204e-58,1.9220470408891055e-99
24361,1057,1.6137205825684267,0.5404845433419921,1.609567403793335,0.4573133885860443,1.6668699480226952,1.4143488265926578,1.0732360392264346,1.1522540152072906,,0.30668364379063645,1.57806375503307,23.95900896329055,23.95900896329055,8.544142651865292e-104,17838299.5,21.25275969144338,3.1086162922568633e-100,0.6476418343889135,0.3855217505126396,GCST90200464,cancerType_celltype,CESC_Epi_CESC,tissue,Tumor,Adjacent,group1_higher,2.8404064474371692e-102,6.518529240532469e-99
24361,1057,-0.29047265497924324,0.1539469189818419,-0.3404588401317596,0.1246309652924537,0.5908336539512499,0.6940147235556924,-0.4444195739610851,-0.4650898054242133,,-0.28105375156798557,-0.9159649561606573,-20.499280834142596,-20.499280834142596,1.3801680353754448e-79,7923004.0,-21.20254916777944,9.046556570923089e-100,-0.7463256175381087,-0.384610939434073,GCST90199637,cancerType_celltype,CESC_Epi_CESC,tissue,Tumor,Adjacent,group2_higher,2.3224309039712733e-78,1.868251000934571e-98
24361,1057,1.5879832567393637,0.47430581933219446,1.512687921524048,0.2279750257730484,1.7284344234588194,1.550334570725157,1.1136774374071692,1.2847128957509997,,0.26696721121285233,1.7433040937027697,22.749166390871252,22.749166390871252,3.4226237451557364e-95,17792260.0,21.055627776189397,2.0308440802488848e-98,0.6469597031528723,0.38194580827483104,GCST90200450,cancerType_celltype,CESC_Epi_CESC,tissue,Tumor,Adjacent,group1_higher,8.801955027636356e-94,4.13140370355109e-97
24361,1057,-0.03916094265847766,0.9058702204528669,-0.0971155613660812,0.730756938457489,1.1703501145493294,1.4628179869481297,-0.9450311631113446,-0.8278724998235703,,-0.2957113706572553,4.531781732063362,-20.717846932353932,-20.717846932353932,6.304040668832111e-81,7970881.0,-20.997549445657896,6.905998161509194e-98,-0.7982078711895578,-0.3808922764051619,GCST90199885,cancerType_celltype,CESC_Epi_CESC,tissue,Tumor,Adjacent,group2_higher,1.1158970690413205e-79,1.3842463961966224e-96
24361,1057,-0.5632853797586496,0.32364442174357266,-0.5783675909042358,0.1894339025020599,1.2156594150682924,1.2964850266017636,-0.8869298015022222,-0.7678014934062958,,-0.28646395746399783,-0.7994544918976503,-21.828789691606392,-21.828789691606392,1.6194394621731787e-88,8033521.0,-20.729337515217527,1.8837346013004594e-95,-0.7275138351563308,-0.37602695376316275,GCST90199844,cancerType_celltype,CESC_Epi_CESC,tissue,Tumor,Adjacent,group2_higher,3.3443878590030947e-87,3.72105835010511e-94
24361,1057,-0.5074443118566571,0.1344657698559179,-0.5775218605995178,0.0705654919147491,1.0181018358277736,0.9085466055521847,-0.6419100817125749,-0.648087352514267,,-0.27350003280421276,-1.9160026589158023,-22.368893977160262,-22.368893977160262,1.3260199658796947e-92,8054912.0,-20.63774553877995,1.2580026343705664e-94,-0.6331812198462632,-0.3743654895767803,GCST90199696,cancerType_celltype,CESC_Epi_CESC,tissue,Tumor,Adjacent,group2_higher,3.170816164024603e-91,2.4495108437815458e-93
24361,1057,-0.28366951688434583,0.14204712719511145,-0.3129522502422333,0.147306889295578,0.6069216252246957,0.6747914782942853,-0.4257166440794573,-0.4602591395378113,,-0.25305417960699983,-0.9978364020769042,-20.160319020661206,-20.160319020661206,1.8133206368092487e-77,8059282.0,-20.619034074284027,1.8522765612736775e-94,-0.6980198064767914,-0.374026066525287,GCST90200289,cancerType_celltype,CESC_Epi_CESC,tissue,Tumor,Adjacent,group2_higher,2.977778346953019e-76,3.555849229600032e-93
24361,1057,0.29662314898746567,-0.07596382406896124,0.2792975008487701,-0.115735612809658,0.5754770638075823,0.7001535886257851,0.3725869730564269,0.3950331136584281,,0.2655497684530623,1.9652326259517667,17.052900910185116,17.052900910185116,3.859409752765158e-58,17689727.0,20.616602012079525,1.9477535393849604e-94,0.6410760417976035,0.3739819492957108,GCST90200793,cancerType_celltype,CESC_Epi_CESC,tissue,Tumor,Adjacent,group1_higher,3.5784867299448364e-57,3.687205658585696e-93
24361,1057,0.3200528430001514,0.022603706084511198,0.332149475812912,-0.0078932885080575,0.45358009817314704,0.675119268302794,0.29744913691564023,0.34004276432096947,,0.23200845704623196,3.8236195672695246,14.185934600265497,14.185934600265497,4.573089308350133e-42,17679339.0,20.5721226772549,4.878558741612492e-94,0.6398247367320106,0.3731751010900102,GCST90200742,cancerType_celltype,CESC_Epi_CESC,tissue,Tumor,Adjacent,group1_higher,2.652391798843077e-41,9.108870636736748e-93
24361,1057,0.3493288041554657,-0.1886676079533023,0.2925854623317718,-0.2548947036266327,0.8422585862384878,0.7633225199971735,0.537996412108768,0.5474801659584045,,0.2696356145371645,0.8887353391072449,22.332139085573566,22.332139085573566,2.6198190990038002e-92,17678535.0,20.56868011033162,5.237432441983742e-94,0.6411384257664738,0.37311265346222977,GCST90199716,cancerType_celltype,CESC_Epi_CESC,tissue,Tumor,Adjacent,group1_higher,6.052226155834204e-91,9.646784349221407e-93
24361,1057,0.3552327934742826,-0.003569279798380207,0.3687255978584289,0.0574194900691509,0.49184938726797295,0.7541506367644788,0.35880207327266284,0.31130610778927803,,0.22537022028978096,6.636587881011543,15.327216334909222,15.327216334909222,3.464429518760432e-48,17649877.0,20.44597229579522,6.524802691491502e-93,0.7098452806703999,0.3708867528192794,GCST90200816,cancerType_celltype,CESC_Epi_CESC,tissue,Tumor,Adjacent,group1_higher,2.4091925684033007e-47,1.1857741424670556e-91
24361,1057,-0.949573210615985,0.09462730643699425,-1.02637779712677,-0.0838306173682212,1.5363826314356042,1.5761484942715096,-1.0442005170529793,-0.9425471797585488,,-0.2571747791574594,-3.3269370427657483,-21.108214700367277,-21.108214700367277,8.498621967442707e-84,8107602.0,-20.412137514914956,1.3045869945477543e-92,-0.6789095967162342,-0.3702729951641536,GCST90200386,cancerType_celltype,CESC_Epi_CESC,tissue,Tumor,Adjacent,group2_higher,1.6548031059463442e-82,2.3396737810113017e-91
24361,1057,-0.44830132419827784,0.42864145996127684,-0.5196908712387085,0.3364529013633728,1.237712388314147,1.3570632022547318,-0.8769427841595547,-0.8561437726020813,,-0.29346818343203696,-0.06469721309596946,-20.63998484846561,-20.63998484846561,1.3259612516079064e-80,8127864.0,-20.325379690288795,7.669677647751532e-92,-0.7055621193064933,-0.36869922173867165,GCST90200521,cancerType_celltype,CESC_Epi_CESC,tissue,Tumor,Adjacent,group2_higher,2.3170322896686876e-79,1.3576325498552386e-90
24361,1057,-0.10627457406077094,0.46640392986825946,-0.1561112701892852,0.3369881212711334,0.6807399279059918,0.8971874929966202,-0.5726785039290304,-0.4930993914604186,,-0.32161431844823185,2.1337729859116954,-20.49781977901995,-20.49781977901995,1.9510245747189212e-79,8137316.0,-20.284908119942013,1.7479681963448652e-91,-0.8286668132558581,-0.36796507375635723,GCST90200919,cancerType_celltype,CESC_Epi_CESC,tissue,Tumor,Adjacent,group2_higher,3.2429835309047435e-78,3.0544623738692965e-90
24361,1057,1.206022380821594,0.24435913290129313,1.1836906671524048,0.1656129211187362,1.5002912754099649,1.3751182476139887,0.9616632479203009,1.0180777460336685,,0.27858988444502697,2.3031770413258004,22.17100245297911,22.17100245297911,3.516163155612168e-91,17609148.0,20.271578877613454,2.2919473664428232e-91,0.6431243155853884,0.36772328337665505,GCST90200483,cancerType_celltype,CESC_Epi_CESC,tissue,Tumor,Adjacent,group1_higher,7.729887711450622e-90,3.954334506913377e-90
24361,1057,0.7437731853095104,0.23882740082446346,0.7519617080688477,0.1649784743785858,0.7620346626323676,0.7857299080154169,0.5049457844850469,0.5869832336902618,,0.2983987205897918,1.6388902680153226,20.47966814707325,20.47966814707325,1.168105034432132e-79,17605058.0,20.254066317021163,3.271065642872492e-91,0.6617606872438343,0.3674056082552346,GCST90200468,cancerType_celltype,CESC_Epi_CESC,tissue,Tumor,Adjacent,group1_higher,1.9901589524137448e-78,5.5730780890440085e-90
24361,1057,-0.5579211154344172,0.2799171364895163,-0.6438396573066711,0.1128229275345802,1.3439462137038967,1.2119629439364765,-0.8378382519239336,-0.7566625848412514,,-0.2508365950162885,-0.9950587741943668,-21.898845185446003,-21.898845185446003,2.217272359878051e-89,8155811.5,-20.20571409440785,8.720307197627327e-91,-0.6258495055247054,-0.36652850646828106,GCST90200589,cancerType_celltype,CESC_Epi_CESC,tissue,Tumor,Adjacent,group2_higher,4.6494495792519744e-88,1.467380087699512e-89
24361,1057,-0.08230504404309173,0.5456415934087222,-0.1402016729116439,0.4584834277629852,0.939407247551229,0.9579590048819294,-0.6279466374518139,-0.5986851006746291,,-0.2629239222914682,2.7288859847962255,-20.88030390982073,-20.88030390982073,2.641882227939258e-82,8181420.0,-20.096063627921865,7.988783613205182e-90,-0.6678966509111262,-0.364539464085177,GCST90200256,cancerType_celltype,CESC_Epi_CESC,tissue,Tumor,Adjacent,group2_higher,5.001229828723902e-81,1.327891715219349e-88
24361,1057,0.5484562723587506,-0.29216412208201636,0.4668991267681122,-0.3157030344009399,1.342057573500631,1.1161065148414746,0.840620394440767,0.7826021611690521,,0.2984405050601255,0.9085952684342148,23.753042833457332,23.753042833457332,1.9794664644054226e-102,17552445.0,20.02878799172967,3.0910245074690666e-89,0.6304185574643456,0.36331909452337796,GCST90200748,cancerType_celltype,CESC_Epi_CESC,tissue,Tumor,Adjacent,group1_higher,6.014326622454222e-101,5.075983618891973e-88
24361,1057,0.010585358335027523,1.049794680103457,-0.0864196568727493,0.9206972122192384,1.4889267148410974,1.5892293747307527,-1.0392093217684295,-1.0071168690919876,,-0.2882937373397891,6.631758362435714,-20.865918026868233,-20.865918026868233,3.966692623241307e-82,8211687.0,-19.966466397739254,1.0782101798938874e-88,-0.6959480438696782,-0.3621885905154869,GCST90200352,cancerType_celltype,CESC_Epi_CESC,tissue,Tumor,Adjacent,group2_higher,7.406304171887537e-81,1.7495243752325816e-87
24361,1057,-0.38477288313716623,0.26066145234110843,-0.4247782230377197,0.2361957728862762,1.0238709801926185,0.9767557376382562,-0.6454343354782747,-0.660973995923996,,-0.2479770755470648,-0.5618280963810416,-20.988921445019777,-20.988921445019777,3.7244740403556865e-83,8221899.0,-19.922740659654053,2.5846143667133943e-88,-0.6315672301814609,-0.3613954124372606,GCST90200763,cancerType_celltype,CESC_Epi_CESC,tissue,Tumor,Adjacent,group2_higher,7.149941009865917e-82,4.144505155094537e-87
24361,1057,-0.3810666267277692,0.05431243613222548,-0.4156876504421234,-0.0183542054146528,0.6210041214456892,0.7266177036461684,-0.43537906285999467,-0.3973334450274706,,-0.28500393800288343,-2.810666007270899,-19.17890977893067,-19.17890977893067,3.8024081496749384e-71,8242019.0,-19.836590850579014,1.4389768784756135e-87,-0.6957746351439038,-0.3598326683191728,GCST90199901,cancerType_celltype,CESC_Epi_CESC,tissue,Tumor,Adjacent,group2_higher,5.1826823080069416e-70,2.2783264771695513e-86
24361,1057,0.25495239882765836,-0.031201227210032996,0.2767088711261749,-0.057487279176712,0.49088272168926805,0.5955355983245675,0.28615362603769134,0.3341961503028869,,0.21221163854099104,3.0305126536916425,15.39643496501184,15.39643496501184,1.1640147865013884e-48,17507434.0,19.836059907421696,1.4542509428741816e-87,0.5773055017569,0.3598230370929978,GCST90200926,cancerType_celltype,CESC_Epi_CESC,tissue,Tumor,Adjacent,group1_higher,8.2204774818725e-48,2.2783264771695513e-86
24361,1057,-0.34406017683227696,0.09872713615160354,-0.4094275534152984,0.0147653184831142,0.6086220503591212,0.7765526677745179,-0.4427873129838805,-0.4241928718984126,,-0.28302807458272133,-1.801131913967251,-18.295743829098917,-18.295743829098917,1.4011430597858414e-65,8255755.5,-19.777773909606886,4.626888631609223e-87,-0.7182150184396894,-0.3587657381711552,GCST90200409,cancerType_celltype,CESC_Epi_CESC,tissue,Tumor,Adjacent,group2_higher,1.5914649920734183e-64,7.16641955100383e-86
24361,1057,-0.23161922368715468,0.34974965714707895,-0.2903893589973449,0.3046876490116119,0.8903908726309592,0.9264892371825357,-0.5813688808342337,-0.5950770080089568,,-0.2328376957569492,0.5945655417795837,-20.00399873649129,-20.00399873649129,1.4725632613451024e-76,8268470.0,-19.723332967883003,1.3597224980292453e-86,-0.6518174394820186,-0.3577781879679033,GCST90199628,cancerType_celltype,CESC_Epi_CESC,tissue,Tumor,Adjacent,group2_higher,2.3612985002510287e-75,2.0823615334987208e-85
24361,1057,0.029578049755010764,-0.7382492561745981,-0.0360142476856708,-0.8364556431770325,1.3170497655217799,1.0280805805478308,0.7678273059296089,0.8004413954913616,,0.2812076965792011,-4.641462341140759,23.46048298184899,23.46048298184899,1.2111586279200326e-100,17479917.0,19.71823762629258,1.503839977737318e-86,0.5877802805620235,0.35768575926509394,GCST90199772,cancerType_celltype,CESC_Epi_CESC,tissue,Tumor,Adjacent,group1_higher,3.4391858538645925e-99,2.2774820996177382e-85
24361,1057,0.018422009674337575,-0.3014005720127598,0.0069561544805765,-0.3913210034370422,0.5434709864501056,0.6560402456507822,0.31982258168709743,0.3982771579176187,,0.2579517300242298,-4.032106269963581,15.618692565593316,15.618692565593316,6.702104682458207e-50,17477316.0,19.707100665387802,1.8740898300189355e-86,0.5829708486050484,0.3574837365289534,GCST90200122,cancerType_celltype,CESC_Epi_CESC,tissue,Tumor,Adjacent,group1_higher,4.964656892494856e-49,2.8070158662811085e-85
24361,1057,0.6065409341542084,-0.01819915890159718,0.5914427042007446,-0.0904857590794563,0.9772990327332098,1.0000738813358596,0.6247400930558056,0.681928463280201,,0.28183883195556836,5.058584440157226,19.901629472642988,19.901629472642988,6.329056830540058e-76,17445977.0,19.572913345974154,2.632081631431204e-85,0.63862648053512,0.35504959945555603,GCST90200737,cancerType_celltype,CESC_Epi_CESC,tissue,Tumor,Adjacent,group1_higher,9.802845977302386e-75,3.8994861561312295e-84
24361,1057,0.28892797639837364,-0.05604675033261552,0.2803800106048584,-0.0482107102870941,0.5329996778165554,0.6462156484306618,0.34497472673098917,0.3285907208919525,,0.2718735199615227,2.3659865257769903,17.105290196496068,17.105290196496068,1.8828240027379348e-58,17432213.0,19.51397865551149,8.35250781140028e-85,0.6410047863582291,0.3539805333501207,GCST90200906,cancerType_celltype,CESC_Epi_CESC,tissue,Tumor,Adjacent,group1_higher,1.782145219258198e-57,1.224136359885869e-83
24361,1057,0.28837954870753624,-0.15676723443836946,0.2648536562919616,-0.260636955499649,0.7352708528091723,0.7758268281487917,0.4451467831459057,0.5254906117916106,,0.259164450315731,0.8793405986378944,18.30097223711529,18.30097223711529,8.548966212274414e-66,17410284.0,19.420083070859082,5.2207599623668085e-84,0.6039980737175732,0.3522772820695268,GCST90200993,cancerType_celltype,CESC_Epi_CESC,tissue,Tumor,Adjacent,group1_higher,9.791799115403383e-65,7.570101945431873e-83
24361,1057,0.17038868340022015,-0.1674022978211521,0.1680274754762649,-0.2240731865167617,0.5524169062310144,0.5753774218543424,0.33779098122137224,0.3921006619930266,,0.25075755757174895,0.02551003816391106,18.716173164938272,18.716173164938272,2.198965857011908e-68,17387116.0,19.320882336433115,3.5848552095512926e-83,0.610403279846435,0.35047779619836095,GCST90200724,cancerType_celltype,CESC_Epi_CESC,tissue,Tumor,Adjacent,group1_higher,2.82753817274267e-67,5.143323842756223e-82
24361,1057,-0.27039368783308076,0.043458504986018276,-0.2998566925525665,0.0303500164300203,0.47037335763767596,0.5745435658367061,-0.31385219281909904,-0.33020670898258675,,-0.24994623868486823,-2.6373231616600736,-17.50712262764088,-17.50712262764088,7.76225313262695e-61,8370228.0,-19.287625598506388,6.823879643268692e-83,-0.6605239330141479,-0.3498745241523773,GCST90200518,cancerType_celltype,CESC_Epi_CESC,tissue,Tumor,Adjacent,group2_higher,8.01511440891707e-60,9.688487451849195e-82
24361,1057,0.3156733182713353,-0.07838701703713444,0.2963253557682037,-0.1380123049020767,0.673187401839886,0.6584292177429378,0.39406033530846973,0.43433766067028035,,0.22186288914428312,2.0097318593236477,19.030887305074575,19.030887305074575,1.9140175111654584e-70,17375327.0,19.27040420029069,9.519366070353292e-83,0.5858930450902985,0.3495621306711174,GCST90200424,cancerType_celltype,CESC_Epi_CESC,tissue,Tumor,Adjacent,group1_higher,2.5576528114887446e-69,1.3376181395764471e-81
24361,1057,-0.21154047903801831,0.18485053614981986,-0.2520872354507446,0.1556031554937362,0.6471700508364012,0.656384665474564,-0.39639101518783815,-0.4076903909444808,,-0.25535364582460734,-0.19457354199011476,-19.232318300186023,-19.232318300186023,1.15368104846905e-71,8381329.5,-19.240091199627336,1.7091451417346567e-82,-0.6121344120011901,-0.3490122575605805,GCST90200112,cancerType_celltype,CESC_Epi_CESC,tissue,Tumor,Adjacent,group2_higher,1.6045584378197094e-70,2.3771069675350376e-81
24361,1057,-0.40866217856015546,-0.054388690966092466,-0.4521531462669372,-0.0904669761657714,0.5622672300664341,0.5974131679212125,-0.354273487594063,-0.36168617010116577,,-0.2561922711141401,-2.9095071254917286,-18.919597860580566,-18.919597860580566,1.2448696340998192e-69,8388953.0,-19.207448899951217,3.2065329389203896e-82,-0.6283994922642901,-0.34842013132875926,GCST90199847,cancerType_celltype,CESC_Epi_CESC,tissue,Tumor,Adjacent,group2_higher,1.647337195415586e-68,4.414650904796455e-81
24361,1057,0.0014820154071332387,-0.38500726525440493,-0.0170505307614803,-0.4939457178115845,0.6672836103426847,0.7042909514524619,0.38648928066153815,0.4768951870501042,,0.2752762623007452,-8.020212021192751,17.503533033155,17.503533033155,6.110806167789397e-61,17350177.5,19.162719079846724,7.581071303845785e-82,0.5778311356302741,0.347608739359097,GCST90199730,cancerType_celltype,CESC_Epi_CESC,tissue,Tumor,Adjacent,group1_higher,6.40694523592073e-60,1.0333000187141806e-80
24361,1057,-0.03201398973304902,0.5720193869559964,-0.0671224817633628,0.5304192304611206,0.9255367007988838,0.9666463797400048,-0.6040333766890454,-0.5975417122244834,,-0.22915877929625195,4.15924711353272,-19.923273675641802,-19.923273675641802,4.9426815392210563e-76,8406561.0,-19.13205497161159,1.3658811756066e-81,-0.6514027029670981,-0.3470524972118959,GCST90200168,cancerType_celltype,CESC_Epi_CESC,tissue,Tumor,Adjacent,group2_higher,7.743534411446323e-75,1.8432634082691047e-80
24361,1057,-0.47917988882330215,0.14671515384308034,-0.4992183744907379,0.1052029207348823,1.0145037564881756,0.9339256774894359,-0.6258950426663825,-0.6044212952256203,,-0.2159791764930103,-1.7075426458915994,-21.251235957266918,-21.251235957266918,5.591804819207745e-85,8407068.0,-19.129884099186093,1.4239625629649133e-81,-0.6189114360134361,-0.3470131179242284,GCST90200869,cancerType_celltype,CESC_Epi_CESC,tissue,Tumor,Adjacent,group2_higher,1.104584053417414e-83,1.9028048758050754e-80
24361,1057,-1.2074202137073693,-0.5363954814662408,-1.283018708229065,-0.5765827298164368,1.082293549299448,1.0911349774376893,-0.6710247322411285,-0.7064359784126282,,-0.2648434433014297,-1.1705573749037403,-19.580339026923358,-19.580339026923358,6.902094998998016e-74,8411906.0,-19.10916875245125,2.118246692013327e-81,-0.6197913327397764,-0.34663734476104213,GCST90200951,cancerType_celltype,CESC_Epi_CESC,tissue,Tumor,Adjacent,group2_higher,1.0115651057671287e-72,2.803077904091422e-80
24361,1057,-0.28863935086428516,0.15942262234106516,-0.3296467959880829,0.1277301162481308,0.7340099214730682,0.7245127287762749,-0.44806197320535035,-0.4573769122362137,,-0.2574569104021247,-0.8564075832075424,-19.672894844715458,-19.672894844715458,1.632349316821275e-74,8434732.0,-19.011432393507572,1.3716133837948249e-80,-0.6107567032701391,-0.3448644224330365,GCST90199685,cancerType_celltype,CESC_Epi_CESC,tissue,Tumor,Adjacent,group2_higher,2.4449363943158217e-73,1.7976048481849484e-79
24361,1057,-0.19263877672514398,0.376499504721794,-0.194786787033081,0.3578128218650818,0.930463125831972,0.8809322474157386,-0.569138281446938,-0.5525996088981628,,-0.217903016636686,0.9667461738312597,-20.51389713567167,-20.51389713567167,4.833444097379445e-80,8436595.0,-19.003455400748788,1.596841012159185e-80,-0.6129931611673034,-0.34471972102687354,GCST90199815,cancerType_celltype,CESC_Epi_CESC,tissue,Tumor,Adjacent,group2_higher,8.339220638896435e-79,2.0728517138790182e-79
24361,1057,-0.39998912730111735,0.11887196170894364,-0.4335801601409912,0.0769730284810066,0.7743822785523985,0.8406734328739063,-0.518861089010061,-0.5105531886219978,,-0.2610021773050925,-1.7505437876335657,-19.706542677273667,-19.706542677273667,1.3825199966689495e-74,8443264.0,-18.974900078844144,2.750450929838474e-80,-0.6675608146141366,-0.34420173193524695,GCST90200000,cancerType_celltype,CESC_Epi_CESC,tissue,Tumor,Adjacent,group2_higher,2.0937497282886424e-73,3.536664733367773e-79
24361,1057,0.5174487516533266,0.10083569722020082,0.5189703106880188,0.0534665137529373,0.6862701905779025,0.7812653223904611,0.4166130544331258,0.4655037969350815,,0.25344231425802827,2.3593980022277337,17.053792819617776,17.053792819617776,3.408135217175404e-58,17298001.0,18.939309760104994,5.410390717079266e-80,0.6033695885582,0.34355612909680033,GCST90200844,cancerType_celltype,CESC_Epi_CESC,tissue,Tumor,Adjacent,group1_higher,3.1817043157603256e-57,6.891927614372935e-79
24361,1057,-0.6331595520094777,-0.20213120104524757,-0.6800533533096313,-0.2855760157108307,0.6937827803888953,0.7155595795459367,-0.43102835096423014,-0.39447733759880066,,-0.22918270179097228,-1.6472722023798902,-19.19624726592055,-19.19624726592055,2.0610997884967065e-71,8462739.5,-18.89150988964728,1.3396432644608986e-79,-0.6204514549714384,-0.3426890468919159,GCST90200854,cancerType_celltype,CESC_Epi_CESC,tissue,Tumor,Adjacent,group2_higher,2.8376555673949605e-70,1.6906794161668564e-78
24361,1057,0.363236455424018,-0.12299478852091834,0.3524927198886871,-0.2285950779914856,0.8316992837424546,0.8339514681333048,0.48623124394493633,0.5810877978801727,,0.23843050622759726,1.5623040572476252,18.55945244131351,18.55945244131351,1.8604046992349097e-67,17279338.5,18.85940067402831,2.460023850238442e-79,0.584558003538588,0.3421065907218592,GCST90200761,cancerType_celltype,CESC_Epi_CESC,tissue,Tumor,Adjacent,group1_higher,2.3052105500519835e-66,3.0761582641055014e-78
24361,1057,-0.4989866323482109,0.019124653803509754,-0.6020386219024658,-0.0398795194923877,0.916441968487973,0.8825965424525982,-0.5181112861517206,-0.5621591024100782,,-0.2478526825620012,-4.705423086340125,-18.653936811553255,-18.653936811553255,4.222034928821134e-68,8508615.5,-18.695078048637026,5.429315864474236e-78,-0.5662043041302462,-0.33912580389184643,GCST90199834,cancerType_celltype,CESC_Epi_CESC,tissue,Tumor,Adjacent,group2_higher,5.378162250451595e-67,6.7274159302530754e-77
24361,1057,-0.005137667371566056,0.8699644183729667,-0.0701617896556854,0.7616134881973267,1.3658608323891173,1.4255803755550678,-0.8751020857445327,-0.8317752778530121,,-0.24017683892737027,7.403419975101143,-19.57146569447835,-19.57146569447835,8.864321090929936e-74,8513577.0,-18.67383389964469,8.083937184001534e-78,-0.6395103240379307,-0.33874043833807443,GCST90199683,cancerType_celltype,CESC_Epi_CESC,tissue,Tumor,Adjacent,group2_higher,1.2853265581848406e-72,9.926492235850532e-77
24361,1057,0.026449752708048363,0.6983061620627258,-0.0455806329846382,0.6620250344276428,0.9674951167487306,1.1627659598170508,-0.6718564093546774,-0.707605667412281,,-0.25359155769187647,4.722481086788967,-18.509500865841954,-18.509500865841954,6.02748260903372e-67,8517535.5,-18.656884395707138,1.1102280132917764e-77,-0.6881051513348482,-0.3384329769766703,GCST90200417,cancerType_celltype,CESC_Epi_CESC,tissue,Tumor,Adjacent,group2_higher,7.270317518684036e-66,1.3511078411756172e-76
24361,1057,0.12618944838856375,-0.3326193795892099,0.0986733809113502,-0.4518621563911438,0.8007118559296613,0.9020691690860264,0.45880882797777367,0.550535537302494,,0.2387355111519467,-1.3982738510577593,16.260354857593395,16.260354857593395,1.406557558486182e-53,17214085.0,18.579998260187462,4.665389549874629e-77,0.5698234216692574,0.33703827445398415,GCST90199860,cancerType_celltype,CESC_Epi_CESC,tissue,Tumor,Adjacent,group1_higher,1.1411535429861107e-52,5.627368103078867e-76
24361,1057,0.19459679834329283,-0.1227000465341185,0.1610299050807953,-0.2157778739929199,0.6235542830554252,0.7869023470405804,0.31729684487741133,0.3768077790737152,,0.24223169674137154,0.6653478337306582,12.934373261215171,12.934373261215171,9.359394229211083e-36,17197227.5,18.507817822489532,1.7859733901595412e-76,0.5027014596948234,0.3357289325568338,GCST90199862,cancerType_celltype,CESC_Epi_CESC,tissue,Tumor,Adjacent,group1_higher,4.444896980632302e-35,2.1353348515679427e-75
24361,1057,-0.09374583182844796,0.34919678525429615,-0.1152382865548133,0.3237776458263397,0.6030757303661521,0.8719383566586569,-0.44294261708274413,-0.439015932381153,,-0.2844446609587175,1.8972025682795794,-16.347002258427484,-16.347002258427484,6.120417280905485e-54,8560712.5,-18.472009131967933,3.4694240145379714e-76,-0.7183800170294141,-0.3350793684882668,GCST90200220,cancerType_celltype,CESC_Epi_CESC,tissue,Tumor,Adjacent,group2_higher,5.025378767394081e-53,4.112021679839352e-75
24361,1057,0.41697846032210034,-0.4795305560719472,0.2859303057193756,-0.5580313801765442,1.6034107498221892,1.2797098793483581,0.8965090163940476,0.8439616858959198,,0.2506745084503009,-0.2016494356231891,22.03796602512847,22.03796602512847,1.060907031074759e-90,17176088.5,18.417304859565217,9.544248211702934e-76,0.5633910550827828,0.3340870415075168,GCST90200350,cancerType_celltype,CESC_Epi_CESC,tissue,Tumor,Adjacent,group1_higher,2.2952639418331692e-89,1.1214491648750948e-74
24361,1057,0.2466473581025015,-0.12615609721257726,0.2369522899389267,-0.2007318288087844,0.6318923419823909,0.6617940644475849,0.37280345531507875,0.43768411874771107,,0.2218979939506469,0.9672343133717213,17.96265211068897,17.96265211068897,9.950136073182127e-64,17173418.0,18.40587031358436,1.1788025785806237e-75,0.5887955426095847,0.33387962062444765,GCST90200644,cancerType_celltype,CESC_Epi_CESC,tissue,Tumor,Adjacent,group1_higher,1.0849628374197791e-62,1.373254627867855e-74
24361,1057,1.564314526720791,0.5760216679483081,1.3297548294067385,0.4943077266216278,1.7272901162809575,1.1713028565689014,0.9882928587724829,0.8354471027851107,,0.3443548684911285,1.441334045937937,26.222526195360526,26.222526195360526,2.226461963972437e-121,17170623.5,18.393904824446178,1.4700689507089598e-75,0.5786944182124476,0.33366256851520326,GCST90200723,cancerType_celltype,CESC_Epi_CESC,tissue,Tumor,Adjacent,group1_higher,1.0464371230670453e-119,1.6980542201833155e-74
24361,1057,0.6229667016931902,-0.08368855807335489,0.5727705955505371,-0.1972206532955169,1.2903854314659862,1.1208064614277995,0.7066552597665451,0.7699912488460541,,0.2438225826325124,2.8960378330055443,19.932961921083297,19.932961921083297,1.9716518756860574e-76,17164602.0,18.368121967818677,2.3646234451916437e-75,0.5504464124828483,0.33319487151187,GCST90199782,cancerType_celltype,CESC_Epi_CESC,tissue,Tumor,Adjacent,group1_higher,3.124838961116391e-75,2.708388030080849e-74
24361,1057,0.11953283546181204,-0.3099609252871682,0.0574343167245388,-0.4186994135379791,0.7958083649720985,0.7659844559196082,0.4294937607489802,0.47613373026251793,,0.2787188345583345,-1.3746719625659543,17.817041124830695,17.817041124830695,6.137373047392413e-63,17158626.0,18.342533933075515,3.7874061366776746e-75,0.540521456198783,0.33273070854717335,GCST90200143,cancerType_celltype,CESC_Epi_CESC,tissue,Tumor,Adjacent,group1_higher,6.586802727240834e-62,4.301862136909725e-74
24361,1057,-0.2373853436925567,0.5110781782628553,-0.3293389081954956,0.4084867238998413,1.2801029407751563,1.2361058066267279,-0.748463521955412,-0.7378256320953369,,-0.24518774559402073,1.1063098737552697,-19.243146309091237,-19.243146309091237,8.302783372913244e-72,8599019.0,-18.307988373452382,7.146421817247467e-75,-0.5855124400995594,-0.3321040574763616,GCST90199824,cancerType_celltype,CESC_Epi_CESC,tissue,Tumor,Adjacent,group2_higher,1.1666694574516238e-70,8.050060278436609e-74
24361,1057,-0.4536059813351776,-0.03263384889058047,-0.4903979301452636,-0.0725058242678642,0.7043244779600867,0.7302253705519894,-0.42097213244459714,-0.41789210587739944,,-0.22151109422168672,-3.796957580250448,-18.3755745739576,-18.3755745739576,2.8259219290855816e-66,8627915.0,-18.184261490597898,6.87783191535378e-74,-0.5967684425867348,-0.3298596710928494,GCST90200126,cancerType_celltype,CESC_Epi_CESC,tissue,Tumor,Adjacent,group2_higher,3.3493318168205633e-65,7.684004016907544e-73
24361,1057,0.36527464683867517,0.004185041091440099,0.3317919075489044,-0.0781000256538391,0.6384667581441371,0.76537430804415,0.3610896057472351,0.40989193320274353,,0.23327422601575706,6.447255287686336,15.111906853698567,15.111906853698567,4.24191237147345e-47,17111664.0,18.14145205763904,1.5002065351993796e-73,0.5604913973087284,0.3290831146468931,GCST90200155,cancerType_celltype,CESC_Epi_CESC,tissue,Tumor,Adjacent,group1_higher,2.8764808767752794e-46,1.6624239898184998e-72
24361,1057,0.0014848628473760953,0.9093179574915602,-0.0161708090454339,0.7740297317504883,1.5130034512953936,1.384706544198319,-0.907833094644184,-0.7902005407959222,,-0.22977743869828476,9.257341666249422,-20.783506434120433,-20.783506434120433,6.890921161588761e-82,8638312.0,-18.13974361957637,1.547573912738109e-73,-0.6020551502402501,-0.32905212384653926,GCST90200205,cancerType_celltype,CESC_Epi_CESC,tissue,Tumor,Adjacent,group2_higher,1.2692331815196597e-80,1.7010832605339054e-72
24361,1057,0.5451584952251463,-0.16964195355620543,0.5181671977043152,-0.2886461019515991,1.2688746683420424,1.1765803698051351,0.7148004487813517,0.8068132996559143,,0.27209346920319455,1.6841768692049452,19.271268671246595,19.271268671246595,4.719535627948893e-72,17104753.0,18.11186054021769,2.569267115906362e-73,0.5649819157258815,0.32854632912998927,GCST90200547,cancerType_celltype,CESC_Epi_CESC,tissue,Tumor,Adjacent,group1_higher,6.700757355098271e-71,2.8015288631842966e-72
24361,1057,-0.018058047343538153,-0.4799027096865833,-0.0292432606220245,-0.5663883090019226,0.8311241126846739,0.8612286707457328,0.4618446623430451,0.5371450483798981,,0.24632222571008586,-4.731951270779961,17.092790094286322,17.092790094286322,1.6647360758284948e-58,17094367.5,18.067391909892205,5.757393968961564e-73,0.5548372798138116,0.3277396751022357,GCST90200731,cancerType_celltype,CESC_Epi_CESC,tissue,Tumor,Adjacent,group1_higher,1.59791216292552e-57,6.228038079122708e-72
24361,1057,-0.21544819453506742,0.4124681511501228,-0.266872227191925,0.3698483109474182,1.0675128533710208,1.074461430485543,-0.6279163456851902,-0.6367205381393433,,-0.23035001226210935,0.9369385183559334,-18.60551810529286,-18.60551810529286,9.725369682714647e-68,8663882.0,-18.03025800237713,1.1276864378093793e-72,-0.5880454209865921,-0.3270660718038203,GCST90200011,cancerType_celltype,CESC_Epi_CESC,tissue,Tumor,Adjacent,group2_higher,1.2273776738463023e-66,1.2102650509717984e-71
24361,1057,0.7375527241647241,0.3540338447888324,0.7596772313117981,0.2774786651134491,0.6375907780568297,0.7504641154032023,0.3835188793758917,0.482198566198349,,0.25212375958312655,1.0588567804551772,16.36054848752055,16.36054848752055,3.986395991089201e-54,17076295.0,17.990009085612453,2.3332861417442016e-72,0.5967536780061025,0.3263359627228051,GCST90200475,cancerType_celltype,CESC_Epi_CESC,tissue,Tumor,Adjacent,group1_higher,3.3130839852771835e-53,2.484585164997927e-71
24361,1057,-0.8537570177644743,-0.22616020735580555,-0.9304105043411256,-0.2844177186489105,1.1099532920933406,1.0416079112422074,-0.6275968104086688,-0.6459927856922151,,-0.23295405182945325,-1.9164757319304424,-19.123631489928826,-19.123631489928826,4.2778822245808394e-71,8678904.0,-17.96593680794745,3.6016035182705293e-72,-0.5668335873686697,-0.32589929535541495,GCST90200084,cancerType_celltype,CESC_Epi_CESC,tissue,Tumor,Adjacent,group2_higher,5.773023239706618e-70,3.805415190234676e-71
24361,1057,0.3123720604796666,-0.04177456117245477,0.3057104349136352,-0.064859464764595,0.6145813062498603,0.7615029684398802,0.35414662165212135,0.3705698996782302,,0.2587760126259416,2.902538925366669,14.910671643012241,14.910671643012241,5.481164206792656e-46,17068116.0,17.954988246227526,4.3869150040311234e-72,0.5699377004526975,0.325700690151143,GCST90199777,cancerType_celltype,CESC_Epi_CESC,tissue,Tumor,Adjacent,group1_higher,3.507430429041498e-45,4.599511654226477e-71
24361,1057,-0.6468295175038411,-0.13712352568040218,-0.6946988701820374,-0.1984370350837707,0.9110348957116239,0.8743974578078513,-0.5097059918234389,-0.49626183509826666,,-0.21830717138823985,-2.2379011165653537,-18.520555735299645,-18.520555735299645,2.8329283230455766e-67,8688652.0,-17.92419782490255,7.6346694578169e-72,-0.5603984930987367,-0.32514215670416646,GCST90200036,cancerType_celltype,CESC_Epi_CESC,tissue,Tumor,Adjacent,group2_higher,3.4786318056856945e-66,7.943553031301095e-71
24361,1057,0.6272482715667144,0.19962426866216376,0.6075353026390076,0.1521618366241455,0.7456662225221085,0.759670776756242,0.4276240029045506,0.45537346601486206,,0.25581958644059843,1.651744540950033,17.93003490418565,17.93003490418565,1.466215107688673e-63,17052612.5,17.88860536526357,1.4468992778338533e-71,0.5730279360238114,0.32449651503013044,GCST90200764,cancerType_celltype,CESC_Epi_CESC,tissue,Tumor,Adjacent,group1_higher,1.5860723744283028e-62,1.4940331179451077e-70
24361,1057,0.2738847283767606,-0.06946409290717905,0.2503041923046112,-0.1340191811323166,0.6573938258170423,0.7014575861984076,0.3433488212839396,0.3843233734369278,,0.23767918710027092,1.979213999692139,15.618889287420515,15.618889287420515,5.671198473559889e-50,17051369.0,17.88328094739156,1.5919360488888051e-71,0.5207910528467048,0.32439993091925357,GCST90200037,cancerType_celltype,CESC_Epi_CESC,tissue,Tumor,Adjacent,group1_higher,4.223958207356354e-49,1.63143521401161e-70
24361,1057,-0.40177763593805765,-0.02418356424926885,-0.4445607364177704,-0.0541614256799221,0.5663082062132109,0.7174438998538025,-0.3775940716887888,-0.3903993107378483,,-0.2660699123221358,-4.0542424036045634,-16.884270879783312,-16.884270879783312,4.019844241169818e-57,8700070.0,-17.87530823643243,1.8366449651820745e-71,-0.658539049237154,-0.3242553071842694,GCST90199780,cancerType_celltype,CESC_Epi_CESC,tissue,Tumor,Adjacent,group2_higher,3.5810769285715442e-56,1.8681694683157967e-70
24361,1057,-0.15820733537556417,0.32605777594680274,-0.2060676664113998,0.2716450095176697,0.8049326418484594,0.8540810278483616,-0.48426511132236694,-0.4777126759290695,,-0.2257182237326586,1.0433064389794453,-18.08881798124224,-18.08881798124224,1.7417620055050983e-64,8706898.0,-17.84607210838251,3.101062127212093e-71,-0.6000551871151361,-0.3237249683752087,GCST90199768,cancerType_celltype,CESC_Epi_CESC,tissue,Tumor,Adjacent,group2_higher,1.9300988727670317e-63,3.130924206955617e-70
24361,1057,0.21576647800655116,-0.3948149858793735,0.1710577607154846,-0.505699098110199,1.1050695079866848,1.0498411994551848,0.6105814638859247,0.6767568588256836,,0.2413475942399551,-0.8717029768374968,18.469770005088275,18.469770005088275,5.671165153372071e-67,17025679.0,17.773281514233624,1.138370838236645e-70,0.5536497094721256,0.32240455833507475,GCST90200728,cancerType_celltype,CESC_Epi_CESC,tissue,Tumor,Adjacent,group1_higher,6.90160545004119e-66,1.1408819503798141e-69
24361,1057,-0.26016290705413053,0.2055336761446888,-0.298991322517395,0.2238678187131881,0.7112372858632016,0.8780150903059998,-0.46569658319881935,-0.5228591412305831,,-0.26432175575764044,-0.340039014341923,-17.00366378770296,-17.00366378770296,7.69988050688765e-58,8731899.5,-17.739020694287607,2.0956333918681703e-70,-0.6477567658200116,-0.32178307239765536,GCST90199942,cancerType_celltype,CESC_Epi_CESC,tissue,Tumor,Adjacent,group2_higher,7.091173737086396e-57,2.084925775997311e-69
24361,1057,0.858373809813086,0.03397373383458463,0.6969044208526611,-0.1121829897165298,1.5782127799003374,1.2989975016273896,0.8244000759785013,0.809087410569191,,0.2690164585486101,4.659073585085083,20.002622035550424,20.002622035550424,5.247530855380956e-77,17003673.0,17.679056231007717,6.080783425027972e-70,0.5258987351042227,0.3206953263737109,GCST90199987,cancerType_celltype,CESC_Epi_CESC,tissue,Tumor,Adjacent,group1_higher,8.514743518909812e-76,6.005875223415308e-69
24361,1057,-0.40196306835345375,0.44311608944851255,-0.48129403591156,0.2484915107488632,1.4801230187918428,1.4459367811803876,-0.8450791578019663,-0.7297855466604232,,-0.2259760726706279,0.14062142313160414,-18.583642267770543,-18.583642267770543,1.2134810810550989e-67,8782269.0,-17.523348586523937,9.506541579034063e-69,-0.5714943279593898,-0.31787081395550687,GCST90200316,cancerType_celltype,CESC_Epi_CESC,tissue,Tumor,Adjacent,group2_higher,1.5174079940166055e-66,9.321882138290236e-68
24361,1057,-0.6735971958699044,-0.17493380276739484,-0.7236549854278564,-0.2579979300498962,0.738848574889397,0.9328891481548705,-0.49866339310250957,-0.46565705537796026,,-0.2554469392636497,-1.9450709365974062,-17.14683497517503,-17.14683497517503,1.139644032300463e-58,8788946.5,-17.49475686932222,1.5708727601389968e-68,-0.6667391764984327,-0.3173521646588602,GCST90199950,cancerType_celltype,CESC_Epi_CESC,tissue,Tumor,Adjacent,group2_higher,1.109524868589665e-57,1.5293568371924663e-67
24361,1057,0.06736800993369943,-0.25765541025839195,0.0428595691919326,-0.4029831290245056,0.6132392311758263,0.8447922448693015,0.3250234201920914,0.44584269821643824,,0.2167718078013328,-1.9352914833802273,12.367827576668823,12.367827576668823,5.325646958835864e-33,16959294.0,17.48903424408222,1.7368201971999729e-68,0.5203941912256697,0.317248357128352,GCST90200550,cancerType_celltype,CESC_Epi_CESC,tissue,Tumor,Adjacent,group1_higher,2.2334944015056255e-32,1.6789261906266405e-67
24361,1057,0.09148241096902493,-0.34990337446038794,0.0552173629403114,-0.4004725813865661,0.7965472089359095,0.8362223352359875,0.44138578542941287,0.4556899443268775,,0.21763721403471523,-1.9353786381739824,16.83251843215842,16.83251843215842,5.88521950010105e-57,16955238.0,17.471667264678228,2.3551959702598154e-68,0.5529522366999692,0.3169333228270119,GCST90200660,cancerType_celltype,CESC_Epi_CESC,tissue,Tumor,Adjacent,group1_higher,5.208801414699825e-56,2.2606564137071325e-67
24361,1057,-0.2668241901604779,0.12320041546742137,-0.3071405589580536,0.0476330406963825,0.6694728486579764,0.6771805512274762,-0.3900246056278993,-0.3547735996544361,,-0.22179799481669552,-1.1148760421085604,-18.340297577621524,-18.340297577621524,4.356579335310976e-66,8809491.5,-17.40678729539346,7.328542148350678e-68,-0.5823045672373508,-0.3157564102897691,GCST90200495,cancerType_celltype,CESC_Epi_CESC,tissue,Tumor,Adjacent,group2_higher,5.118980718990397e-65,6.985176886854528e-67
24361,1057,-0.17518403294740834,0.266159866285372,-0.2031073719263076,0.2247643172740936,0.7842821175952109,0.7656633005963486,-0.4413438992327804,-0.4278716892004012,,-0.22045880145634533,0.6034189443727007,-18.32776904239445,-18.32776904239445,4.691335393321062e-66,8814154.0,-17.386823404498216,1.038356833371243e-67,-0.5632854261710895,-0.3153942684184676,GCST90200443,cancerType_celltype,CESC_Epi_CESC,tissue,Tumor,Adjacent,group2_higher,5.46520524880052e-65,9.828335860312529e-67
24361,1057,-0.6843643208480479,-0.06161677338297579,-0.7634779810905457,-0.1439819782972335,1.1634405608070695,1.0547961213554946,-0.6227475474650721,-0.6194960027933122,,-0.23583627378120628,-3.473348200074147,-18.70727937631493,-18.70727937631493,1.5848216629391575e-68,8817820.0,-17.371126326959992,1.3652477528626979e-67,-0.5372545946616804,-0.3151095258768717,GCST90199633,cancerType_celltype,CESC_Epi_CESC,tissue,Tumor,Adjacent,group2_higher,2.0572494538914966e-67,1.2833328876909359e-66
24361,1057,-0.6183953052755624,-0.11564919009020877,-0.6757982969284058,-0.1925026774406433,0.8595440926866911,0.9171559141072244,-0.5027461151853536,-0.48329561948776245,,-0.21869270114611114,-2.418764062353153,-17.491277334863213,-17.491277334863213,7.417882549336772e-61,8823278.0,-17.34775626443854,2.0510760341790026e-67,-0.58322237214132,-0.3146855965828099,GCST90200317,cancerType_celltype,CESC_Epi_CESC,tissue,Tumor,Adjacent,group2_higher,7.717995354767954e-60,1.9148059140999865e-66
24361,1057,0.1729940329398269,-0.21969216012258191,0.1415205597877502,-0.253989040851593,0.7186214868839638,0.6853815271148063,0.3926861930624088,0.3955096006393432,,0.23992351237299417,-0.3447593383443259,18.198363035281222,18.198363035281222,2.7500303414413072e-65,16900541.0,17.23746566890401,1.3900330821460073e-66,0.5474724991998843,0.31268494235847055,GCST90199896,cancerType_celltype,CESC_Epi_CESC,tissue,Tumor,Adjacent,group1_higher,3.097761450730993e-64,1.2888538033775564e-65
24361,1057,-0.5311659694865004,0.06764376093236978,-0.589324414730072,-0.0023639465216547,1.033685540262696,1.1113694220711303,-0.5988097304188702,-0.5869604682084173,,-0.22743928780570105,-2.9731153284491203,-17.197545158024056,-17.197545158024056,4.293181005111504e-59,8851613.0,-17.22643147119097,1.68220316598435e-66,-0.5774281020483673,-0.31248478373062205,GCST90200138,cancerType_celltype,CESC_Epi_CESC,tissue,Tumor,Adjacent,group2_higher,4.240293992729696e-58,1.5492181859707223e-65
24361,1057,-0.29786046562472335,0.5498914158722753,-0.3941726088523865,0.2002799957990646,1.2175712033892303,1.55979195943381,-0.8477518814969986,-0.5944526046514511,,-0.2568162439102068,0.8845078950355199,-17.441070277870963,-17.441070277870963,2.083036909986777e-60,8862322.0,-17.180577678676826,3.712100304154739e-66,-0.6871723190861445,-0.31165300307651655,GCST90200567,cancerType_celltype,CESC_Epi_CESC,tissue,Tumor,Adjacent,group2_higher,2.1347212844450955e-59,3.3956998084314826e-65
24361,1057,-0.5846342359589608,0.6248847849855628,-0.7255163788795471,0.2693182826042175,1.9533215853519879,2.2817465206938676,-1.2095190209445237,-0.9948346614837646,,-0.24237485094593406,0.09605573880833805,-16.966238574413115,-16.966238574413115,1.1702792676077024e-57,8869036.5,-17.151827534887843,6.09087774536506e-66,-0.6145746482228907,-0.3111314799462531,GCST90199837,cancerType_celltype,CESC_Epi_CESC,tissue,Tumor,Adjacent,group2_higher,1.0563514183770189e-56,5.534577577955051e-65
24361,1057,0.7106316091278515,0.2836613119745058,0.69138503074646,0.1605203598737716,0.7673265877393746,1.0108302587106084,0.4269702971533457,0.5308646708726883,,0.25053679409652874,1.3249294082320426,13.56420845901333,13.56420845901333,6.836360265130802e-39,16850010.5,17.021104191395754,5.728226490392434e-65,0.5481279967379985,0.3087601788565304,GCST90199850,cancerType_celltype,CESC_Epi_CESC,tissue,Tumor,Adjacent,group1_higher,3.6829877633886493e-38,5.170577951261514e-64
24361,1057,0.10817567029862703,-0.5804842018947783,0.0607362128794193,-0.5989888906478882,1.306734182790167,1.1008613479422602,0.6886598721934054,0.6597251035273075,,0.23048876897561535,-2.423869892620817,19.74350938986594,19.74350938986594,2.864562251116703e-75,16824218.0,16.910665873773098,3.754553741320381e-64,0.5302154122000154,0.30675684497652145,GCST90200392,cancerType_celltype,CESC_Epi_CESC,tissue,Tumor,Adjacent,group1_higher,4.386964436260748e-74,3.366747861460315e-63
24361,1057,-0.39678172360591707,0.30451279922495106,-0.4469690918922424,0.1834273040294647,1.3231451242079777,1.2097427452313072,-0.7012945228308681,-0.630396395921707,,-0.19519848392118797,-0.38184160422404767,-18.376240444544816,-18.376240444544816,1.9010667365348463e-66,8929325.0,-16.893684256338126,5.0077837678092944e-64,-0.5318366738003638,-0.30644880108127603,GCST90200472,cancerType_celltype,CESC_Epi_CESC,tissue,Tumor,Adjacent,group2_higher,2.2729420718394697e-65,4.4611825330222663e-63
24361,1057,-0.44694767859711826,-0.13035107554771824,-0.4987540543079376,-0.1833842247724533,0.5280264164838964,0.6256235462237295,-0.3165966030494,-0.3153698295354843,,-0.25000260804383045,-1.7776956272254907,-16.203946188601343,-16.203946188601343,3.1905531628306e-53,8935935.0,-16.865381560613177,8.088108181900649e-64,-0.5946171011749707,-0.3059353945892004,GCST90200967,cancerType_celltype,CESC_Epi_CESC,tissue,Tumor,Adjacent,group2_higher,2.558072918198887e-52,7.158500942812068e-63
24361,1057,0.17203773089284563,-0.10941980609272906,0.1598411202430725,-0.1401389092206955,0.532876298957126,0.5640900021826685,0.2814575369855747,0.299980029463768,,0.2167485797665139,0.6528463047921621,15.916688512734755,15.916688512734755,1.1691384670709314e-51,16808803.0,16.84466193207868,1.1482743946535791e-63,0.5268673366488481,0.3055595437548353,GCST90200881,cancerType_celltype,CESC_Epi_CESC,tissue,Tumor,Adjacent,group1_higher,9.003026726653558e-51,1.0097406451050507e-62
24361,1057,-0.15531508862024923,0.22797299131143983,-0.1657863855361938,0.1676768362522125,0.5761382684405595,0.7051383547999982,-0.38328807993168906,-0.33346322178840626,,-0.25602270394562765,0.553661961249997,-17.42159891395772,-17.42159891395772,2.5279784705202103e-60,8954028.0,-16.787910959440485,2.9920300067458306e-63,-0.6584941280406603,-0.3045300899506038,GCST90200238,cancerType_celltype,CESC_Epi_CESC,tissue,Tumor,Adjacent,group2_higher,2.5713691457604826e-59,2.614190319996517e-62
24361,1057,0.08875284435746775,-0.4601131412934145,0.0584689974784851,-0.5093984603881836,1.0295984736457826,0.9847171795178299,0.5488659856508823,0.5678674578666687,,0.22085667221507888,-2.3741102813101165,17.70634400958027,17.70634400958027,2.8402685516579226e-62,16793156.0,16.777664612864115,3.5555885123115984e-63,0.534034386444772,0.3043442228196602,GCST90199657,cancerType_celltype,CESC_Epi_CESC,tissue,Tumor,Adjacent,group1_higher,3.024442215554491e-61,3.0867943581405786e-62
24361,1057,-0.18777946769488618,0.22709253257241402,-0.2523490190505981,0.1719351112842559,0.8065408755471923,0.7737606314146047,-0.4148720002673002,-0.424284130334854,,-0.19304958616558435,0.2742396135073114,-17.034992393390848,-17.034992393390848,3.0738796250326276e-58,8959371.0,-16.765033303879452,4.397835745874838e-63,-0.5152374320763536,-0.3041150928421077,GCST90199864,cancerType_celltype,CESC_Epi_CESC,tissue,Tumor,Adjacent,group2_higher,2.88944684753067e-57,3.79382919090342e-62
24361,1057,0.3550257297248902,-0.13760848557083122,0.3274281919002533,-0.1936902999877929,0.9305208831563762,0.8656877309134927,0.49263421529572143,0.5211184918880463,,0.213266335903875,1.3673477282517883,18.054230650464344,18.054230650464344,1.9628687291218197e-64,16789345.0,16.761346674375794,4.679216085359469e-63,0.5309031168936319,0.30404821795713377,GCST90199995,cancerType_celltype,CESC_Epi_CESC,tissue,Tumor,Adjacent,group1_higher,2.157572643381484e-63,4.011177059336451e-62
24361,1057,0.5780392222472709,0.17882653283071043,0.485844999551773,0.1188470274209976,0.8107249911215749,0.7848893563421507,0.39921268941656046,0.3669979721307754,,0.26298916967267877,1.6926010091145753,16.16615902431077,16.16615902431077,3.7408596687548457e-53,16778728.0,16.715886807429985,1.0041862506942544e-62,0.4930572826575144,0.3032235830514809,GCST90200912,cancerType_celltype,CESC_Epi_CESC,tissue,Tumor,Adjacent,group1_higher,2.981749548837927e-52,8.554411623101678e-62
24361,1057,-0.2839672533920606,-0.7924631079416563,-0.3140651881694793,-0.9167401194572448,0.9503470895260342,1.2771207396778828,0.5084958545495957,0.6026749312877655,,0.20036701093133572,-1.4806159438621442,12.791971198245024,12.791971198245024,4.8068417661713786e-35,16777763.0,16.711754870762125,1.0762507038495501e-62,0.5263238772080596,0.3031486303639086,GCST90200655,cancerType_celltype,CESC_Epi_CESC,tissue,Tumor,Adjacent,group1_higher,2.1912124840440096e-34,9.1113646543288e-62
24361,1057,-0.05573322370575568,0.3939423253248979,-0.1064848378300666,0.349843829870224,0.7530112153723316,0.8731819312744284,-0.4496755490306536,-0.45632866770029057,,-0.21816931942832538,2.8213526968137765,-16.479186748212868,-16.479186748212868,8.053266126361351e-55,8981753.0,-16.66919806398296,2.19527758993722e-62,-0.5929396115457366,-0.30237665651750323,GCST90199751,cancerType_celltype,CESC_Epi_CESC,tissue,Tumor,Adjacent,group2_higher,6.860376081394076e-54,1.8470144167187844e-61
24361,1057,-0.20709853479146872,0.20943034570301816,-0.2206664830446243,0.2069604694843292,0.6704364365914723,0.8221889402901664,-0.4165288804944869,-0.4276269525289535,,-0.20917137762755356,0.01615307454781239,-16.2380871106524,-16.2380871106524,2.131566524314675e-53,8983692.5,-16.6608935135505,2.522370147871764e-62,-0.6148765033972671,-0.3022260132661597,GCST90199642,cancerType_celltype,CESC_Epi_CESC,tissue,Tumor,Adjacent,group2_higher,1.719127321089291e-52,2.109196632852279e-61
24361,1057,0.25966510278479327,-0.23985504380703968,0.2075222432613372,-0.2944581806659698,0.9645997394381882,0.9365948721619948,0.49952014659183297,0.501980423927307,,0.23695706314468437,0.11448890215037365,16.953844865136162,16.953844865136162,9.573354069212084e-58,16759282.0,16.63262293132297,4.045069385434726e-62,0.5184689507969301,0.30171318930792523,GCST90200581,cancerType_celltype,CESC_Epi_CESC,tissue,Tumor,Adjacent,group1_higher,8.698987730890714e-57,3.36184730021191e-61
24361,1057,0.09138812057902633,-0.10809843337993545,0.0725762918591499,-0.2260139435529709,0.48068671675802305,0.6906812447983913,0.19948655395896178,0.2985902354121208,,0.17346366445405242,-0.24226462604338492,9.29302697727999,9.29302697727999,7.789924007024587e-20,16755581.0,16.616775990796793,5.269290557154503e-62,0.406118774630782,0.3014257282750703,GCST90200236,cancerType_celltype,CESC_Epi_CESC,tissue,Tumor,Adjacent,group1_higher,2.1277888620389804e-19,4.352753351152477e-61
24361,1057,0.8694044741787282,0.23004469988779971,0.8540728688240051,0.1510092616081237,1.2679791890801286,1.1680582132093473,0.6393597742909285,0.7030636072158815,,0.19755585798757963,1.9181086902963862,17.357617544858787,17.357617544858787,3.269892432451657e-60,16698543.5,16.372552842928137,3.00357561921363e-60,0.5058286500821695,0.29699555841247416,GCST90200380,cancerType_celltype,CESC_Epi_CESC,tissue,Tumor,Adjacent,group1_higher,3.3013802855048956e-59,2.4661888969808298e-59
24361,1057,-0.4369822315364041,0.19304028075723006,-0.45712411403656,0.094916395843029,1.155170243875372,1.094155045021685,-0.6300225122936342,-0.552040509879589,,-0.2299588948353625,-1.1786685274570592,-18.283478757805522,-18.283478757805522,8.024803774456931e-66,9056845.0,-16.347669164228357,4.519552493963539e-60,-0.5465626879964443,-0.2965441723566954,GCST90200620,cancerType_celltype,CESC_Epi_CESC,tissue,Tumor,Adjacent,group2_higher,9.269328427614236e-65,3.688712604354673e-59
24361,1057,-1.3541463839661745,-0.49434326465026623,-1.4598184823989868,-0.5745784044265747,1.717214415142901,1.644043109017731,-0.8598031193159082,-0.8852400779724121,,-0.2127292760085516,-1.4537967694620746,-16.61422337424164,-16.61422337424164,9.22094290750702e-56,9086663.0,-16.219994462091208,3.6424027530582185e-59,-0.5015662372089602,-0.29422817314630056,GCST90200158,cancerType_celltype,CESC_Epi_CESC,tissue,Tumor,Adjacent,group2_higher,8.005188014606413e-55,2.9551160431061616e-58
24361,1057,0.2681458020115606,0.031784486067038584,0.2866655588150024,0.0362826101481914,0.4761762103057294,0.5999208895506506,0.23636131594452198,0.250382948666811,,0.16764477830499408,3.0765829919493686,12.637575317617378,12.637575317617378,2.610671178158527e-34,16658597.0,16.201509932977046,4.920565135089097e-59,0.49042636207443674,0.29389286666728553,GCST90200828,cancerType_celltype,CESC_Epi_CESC,tissue,Tumor,Adjacent,group1_higher,1.155306758386387e-33,3.9684794551044015e-58
24361,1057,0.5006061027518605,0.20741153080697575,0.5037478804588318,0.1692602187395095,0.5694858477481722,0.754838242367886,0.29319457194488474,0.3344876617193223,,0.19506016617636573,1.271175703468773,12.475037723216506,12.475037723216506,1.6159591694710318e-33,16651166.0,16.16969187973467,8.251283203672129e-59,0.5069317220365039,0.2933156921373894,GCST90200520,cancerType_celltype,CESC_Epi_CESC,tissue,Tumor,Adjacent,group1_higher,6.948114662425919e-33,6.615587650944184e-58
24361,1057,-0.5394314257365161,-0.10809316563172408,-0.5721560716629028,-0.2132302224636078,0.745820559682761,0.8293999218979025,-0.43133826010479204,-0.35892584919929504,,-0.22178880730206724,-2.319153589891409,-16.618946630744365,-16.618946630744365,1.162030850402609e-55,9107075.5,-16.132592226616847,1.5057107883783518e-58,-0.5755176475568868,-0.2926427102084046,GCST90200056,cancerType_celltype,CESC_Epi_CESC,tissue,Tumor,Adjacent,group2_higher,1.0024354741131367e-54,1.200165967578768e-57
24361,1057,-0.33405719602548095,0.19079549380989133,-0.3617387413978576,0.1233283355832099,0.9172811297305377,1.0051571335988152,-0.5248526898353723,-0.4850670769810675,,-0.2276426662759069,-0.8080647956421196,-16.677578160164753,-16.677578160164753,5.155219026964653e-56,9118243.0,-16.08477522896051,3.2624544547953665e-58,-0.5698112528549117,-0.2917753173188049,GCST90200035,cancerType_celltype,CESC_Epi_CESC,tissue,Tumor,Adjacent,group2_higher,4.533266795969563e-55,2.585305477840747e-57
24361,1057,-0.5817429149202282,0.030558908457945778,-0.6381866931915283,-0.0687208846211433,1.1449794649090617,1.1994503546560806,-0.612301823378174,-0.569465808570385,,-0.20774083996691775,-4.250672088117205,-16.277985607401803,-16.277985607401803,9.868499989873612e-54,9119954.0,-16.07744906974941,3.6720302215406145e-58,-0.5336920991265194,-0.2916424219318243,GCST90200208,cancerType_celltype,CESC_Epi_CESC,tissue,Tumor,Adjacent,group2_higher,8.054350590537565e-53,2.893050399976796e-57
24361,1057,0.036395510737847324,-0.5259297060283618,-0.0188173186033964,-0.6088272333145142,1.1654254151906207,1.155651516468308,0.5623252167662091,0.5900099147111177,,0.17588733919235877,-3.853000676012016,15.481808591560373,15.481808591560373,2.959283772385102e-49,16626130.5,16.062494884451468,4.673842346750553e-58,0.4826739072710026,0.29137115533975577,GCST90200463,cancerType_celltype,CESC_Epi_CESC,tissue,Tumor,Adjacent,group1_higher,2.1117820846915672e-48,3.6611765049545995e-57
24361,1057,0.25877258418018273,0.029062723714722603,0.2665453553199768,-0.0078684771433472,0.4855192994034601,0.6451681406995664,0.22970986046546013,0.274413832463324,,0.17571387953288428,3.1543988918422823,11.43596713320111,11.43596713320111,1.0467953378482355e-28,16623649.0,16.05186959860556,5.546961573569598e-58,0.4657704277384783,0.29117841430948554,GCST90199928,cancerType_celltype,CESC_Epi_CESC,tissue,Tumor,Adjacent,group1_higher,3.8666180094502577e-28,4.3202906427287786e-57
24361,1057,0.4632691398241711,0.08394411533563015,0.4396398067474365,0.0550543516874313,0.7230877974995393,0.7868686876408112,0.379325024488541,0.38458545506000524,,0.2273042722879962,2.464335412106838,15.393334576792729,15.393334576792729,1.0584573272195544e-48,16610436.0,15.99529417975325,1.3781055109627798e-57,0.5225946610803197,0.2901521450235862,GCST90199907,cancerType_celltype,CESC_Epi_CESC,tissue,Tumor,Adjacent,group1_higher,7.513944463542982e-48,1.067248756501289e-56
24361,1057,-0.22228452253682168,-0.5110942187172545,-0.2355424016714096,-0.6602956056594849,0.6170687050396219,0.7472743234523389,0.2888096961804328,0.42475320398807526,,0.17310772075340136,-1.2011781063753073,12.383342395146967,12.383342395146967,4.2369730394591185e-33,16607612.0,15.983202377525222,1.673302104693884e-57,0.4635636202386474,0.28993280161456636,GCST90200094,cancerType_celltype,CESC_Epi_CESC,tissue,Tumor,Adjacent,group1_higher,1.7934764760194962e-32,1.2885371574563638e-56
24361,1057,0.026807931469732576,-0.41225951832735447,-0.0144971618428826,-0.4952326416969299,0.8985018697407611,0.8695961450622876,0.43906744979708706,0.4807354798540473,,0.23194343848646756,-3.942770679024369,16.047912754830005,16.047912754830005,1.7816487930342408e-52,16595749.0,15.932407388208267,3.775504302017846e-57,0.48931009570118544,0.28901138842008933,GCST90200163,cancerType_celltype,CESC_Epi_CESC,tissue,Tumor,Adjacent,group1_higher,1.4036920837605028e-51,2.891018181826025e-56
24361,1057,-0.5223690421149082,0.12638132655523918,-0.6383582353591919,0.06691624969244,1.4195420959073106,1.2179012788853694,-0.6487503686701473,-0.7052744850516319,,-0.20922981932865561,-2.0472774312529634,-16.82930478503115,-16.82930478503115,3.7929260745035224e-57,9158510.0,-15.912360002219732,5.201699609541444e-57,-0.45954027963153116,-0.28864773196080074,GCST90199922,cancerType_celltype,CESC_Epi_CESC,tissue,Tumor,Adjacent,group2_higher,3.401156736544935e-56,3.9608472445837923e-56
24361,1057,-0.47346408677146484,-0.06497763909561191,-0.5080924034118652,-0.1165220141410827,0.7915560732748486,0.7939548254492845,-0.40848644767585296,-0.3915703892707825,,-0.18669517551149978,-2.8652206120742916,-16.37761698994534,-16.37761698994534,2.4197884664399416e-54,9170935.5,-15.859156500596379,1.2151910191637037e-56,-0.5159899099062814,-0.28768262872823114,GCST90200502,cancerType_celltype,CESC_Epi_CESC,tissue,Tumor,Adjacent,group2_higher,2.0359084442948397e-53,9.201696439556268e-56
24361,1057,-0.0735333575864586,0.15474252446396886,-0.07769575715065,0.1627503037452697,0.3682236192505303,0.5313598125802156,-0.22827588205042745,-0.2404460608959197,,-0.20386915027366537,1.0733886528835779,-13.823904128085278,-13.823904128085278,3.392729581153594e-40,9185610.5,-15.796321090647266,3.298218532386352e-56,-0.6064519909029732,-0.28654280417888034,GCST90200522,cancerType_celltype,CESC_Epi_CESC,tissue,Tumor,Adjacent,group2_higher,1.895200991439487e-39,2.483686110299778e-55
24361,1057,-0.2462993964385064,0.2851694984861113,-0.2816251814365387,0.1743170022964477,0.9322533836603876,1.034489051019475,-0.5314688949246177,-0.4559421837329864,,-0.2259764463060441,0.21140578957139072,-16.416085439115545,-16.416085439115545,1.7393920892374064e-54,9195014.0,-15.756057187583792,6.240906446161287e-56,-0.5673701885440304,-0.28581242324873923,GCST90200778,cancerType_celltype,CESC_Epi_CESC,tissue,Tumor,Adjacent,group2_higher,1.4725412531866989e-53,4.673821695669139e-55
24361,1057,0.2511178320977883,-0.5854031764882349,0.145712599158287,-0.6971949934959412,1.768159794651462,1.406746928320897,0.8365210085860233,0.8429075926542282,,0.2510458935920533,-1.2210628141298934,18.702578051169173,18.702578051169173,9.861567914780836e-69,16551946.0,15.744851717884519,7.45080787794106e-56,0.47675162227992257,0.2856091577737374,GCST90199839,cancerType_celltype,CESC_Epi_CESC,tissue,Tumor,Adjacent,group1_higher,1.2924343334467577e-67,5.5494268511659374e-55
24361,1057,0.5212544663885103,0.07445736060325628,0.4706553220748901,-0.0239560827612876,0.9587581266816314,0.9321807340926382,0.446797105785254,0.49461140483617766,,0.23671321177199922,2.807484851206895,15.23712282292636,15.23712282292636,6.574917398467688e-48,16550908.0,15.740407209841782,7.993037016738646e-56,0.4665467000718649,0.28552853509011045,GCST90200505,cancerType_celltype,CESC_Epi_CESC,tissue,Tumor,Adjacent,group1_higher,4.526066875813868e-47,5.9209290509862905e-55
24361,1057,0.2215434047813104,0.004442168079411775,0.2533914744853973,-0.0172313936054706,0.4716266617685301,0.57806400025209,0.21710123670189863,0.2706228680908679,,0.17403788920344626,5.639863363344819,12.037633540662412,12.037633540662412,1.810951324831539e-31,16547138.0,15.724264825139352,1.0314452954999212e-55,0.4555948441692167,0.2852357147459159,GCST90200321,cancerType_celltype,CESC_Epi_CESC,tissue,Tumor,Adjacent,group1_higher,7.302741585045525e-31,7.599242906845366e-55
24361,1057,-0.12597279679673923,0.3687023519114975,-0.1735189855098724,0.2662275433540344,0.9197806593999802,0.9905622164800548,-0.4946751487082367,-0.43974652886390686,,-0.21126094451480623,1.5493368552688318,-15.940453169255548,-15.940453169255548,8.806989649985828e-52,9205644.0,-15.710541657242459,1.2808446488104828e-55,-0.536041677987488,-0.28498677861776134,GCST90200285,cancerType_celltype,CESC_Epi_CESC,tissue,Tumor,Adjacent,group2_higher,6.859386795960391e-51,9.385974496390796e-55
24361,1057,0.032640748985386166,-0.3285185763341699,0.001456038095057,-0.4354069828987121,0.767765274157381,0.7640174207792396,0.3611593253195561,0.4368630209937691,,0.21258158626277313,-3.3311890767771053,15.042538854446134,15.042538854446134,8.040481275750544e-47,16531071.5,15.65547129096917,3.0485681347709087e-55,0.47049851200812265,0.28398781075122126,GCST90199855,cancerType_celltype,CESC_Epi_CESC,tissue,Tumor,Adjacent,group1_higher,5.372145087670585e-46,2.222031212669919e-54
24361,1057,-0.5659846345106468,-0.05558089553682502,-0.6499759554862976,-0.134450301527977,0.991462819074011,1.043918019724999,-0.5104037389738219,-0.5155256539583206,,-0.21782570726927947,-3.3480784945175697,-15.593668887075262,-15.593668887075262,7.697992065169568e-50,9220609.0,-15.646464525393158,3.512076532347058e-55,-0.5136410146818408,-0.2838244294265494,GCST90200512,cancerType_celltype,CESC_Epi_CESC,tissue,Tumor,Adjacent,group2_higher,5.641055475712968e-49,2.546255485951617e-54
24361,1057,0.222941870062907,-0.26847644978094504,0.1691418588161468,-0.4602256417274475,1.0323514104138312,1.228220614799303,0.49141831984385204,0.6293675005435944,,0.22259214169338812,-0.26812685550255133,12.81315502753973,12.81315502753973,3.549295665939492e-35,16525273.0,15.630643275664916,4.502498538922958e-55,0.47196241950976103,0.2835374344207673,GCST90199974,cancerType_celltype,CESC_Epi_CESC,tissue,Tumor,Adjacent,group1_higher,1.6343547272552459e-34,3.24703995161481e-54
24361,1057,-1.141692644639934,-0.21724326359255675,-1.2394767999649048,-0.4146002233028412,1.955291090903135,1.6863985576693323,-0.9244493810473773,-0.8248765766620636,,-0.19892139136917772,-2.3937855905156296,-17.324077640225855,-17.324077640225855,4.2850863216869244e-60,9230356.0,-15.604729824147912,6.759753905098825e-55,-0.4753296858144306,-0.28306736844647973,GCST90200744,cancerType_celltype,CESC_Epi_CESC,tissue,Tumor,Adjacent,group2_higher,4.294538717984763e-59,4.849233985605104e-54
24361,1057,0.0037020009545908434,-0.28555767296832374,0.0051475134678184,-0.3449925184249878,0.6406165247757908,0.6822448597174651,0.2892596739229146,0.3501400318928062,,0.20172955129037135,-6.268948471049008,13.527980288705209,13.527980288705209,8.914651024042033e-39,16519027.0,15.603899155014684,6.848305917614533e-55,0.45027980443438276,0.2830523002377865,GCST90200279,cancerType_celltype,CESC_Epi_CESC,tissue,Tumor,Adjacent,group1_higher,4.764968370889918e-38,4.887037154821261e-54
24361,1057,0.34413865995962134,0.061015517503721306,0.3243215382099151,0.009474660269916,0.6038876416594975,0.6582654451843397,0.28312314245590003,0.3148468779399991,,0.1912665145986118,2.495722417237302,13.73484238240793,13.73484238240793,7.963509837889984e-40,16516763.0,15.594205160593914,7.971198482801072e-55,0.46701179860244874,0.28287645268891204,GCST90200133,cancerType_celltype,CESC_Epi_CESC,tissue,Tumor,Adjacent,group1_higher,4.3767193181629224e-39,5.658720589613469e-54
24361,1057,0.3750514876051866,-0.34644063686466947,0.2737501561641693,-0.4622964859008789,1.4364058369026285,1.4425316409767854,0.721492124469856,0.7360466420650482,,0.23959113017013023,0.11448018124090366,15.921982874802346,15.921982874802346,9.977844606693866e-52,16509021.0,15.56105546765858,1.3387739039933957e-54,0.502200718796506,0.2822751224223994,GCST90200428,cancerType_celltype,CESC_Epi_CESC,tissue,Tumor,Adjacent,group1_higher,7.727160340297579e-51,9.432388473175128e-54
24361,1057,0.4058310570052995,-0.021021668368026377,0.3432759344577789,-0.0730486214160919,0.9013490358270795,0.8143414666095361,0.42685272537332586,0.4163245558738708,,0.20754968192988738,4.27086512463226,16.605908370442528,16.605908370442528,8.995940995917468e-56,16508979.0,15.560875632073035,1.3425409859104732e-54,0.475389054275716,0.2822718602328884,GCST90200322,cancerType_celltype,CESC_Epi_CESC,tissue,Tumor,Adjacent,group1_higher,7.859915113740711e-55,9.432388473175128e-54
24361,1057,0.31828804807894545,-0.17559247219326218,0.2930322289466858,-0.2410681396722793,1.057579538496557,0.9576609487395221,0.49388052027220763,0.5341003686189651,,0.22096947776642079,0.858098303826689,16.339955355588273,16.339955355588273,3.211480373329176e-54,16506859.0,15.551798216802704,1.547056634857497e-54,0.4687477889094148,0.2821071973337659,GCST90199732,cancerType_celltype,CESC_Epi_CESC,tissue,Tumor,Adjacent,group1_higher,2.6854280667777097e-53,1.081352919646548e-53
24361,1057,0.36979917368923726,0.05716375977586144,0.3936766982078552,0.0301484037190675,0.5866093956848913,0.8090101251106506,0.3126354139133758,0.3635282944887877,,0.23126867467953233,2.6935479510107236,12.422921093700738,12.422921093700738,2.914260783957148e-33,16502285.5,15.532215406076824,2.100047757037763e-54,0.5232388349822444,0.2817519681973806,GCST90199794,cancerType_celltype,CESC_Epi_CESC,tissue,Tumor,Adjacent,group1_higher,1.2412929526667477e-32,1.4603903534910566e-53
24361,1057,0.5341830933987745,0.2057697519993933,0.5223214030265808,0.1748566627502441,0.6350953720901021,0.6643086881565557,0.32841334139938116,0.34746474027633667,,0.21633736685439908,1.3762990830257555,15.763162365586531,15.763162365586531,8.484307996182379e-51,16498701.5,15.516869436110376,2.6676012883770636e-54,0.5161006433421477,0.2814735946924487,GCST90199680,cancerType_celltype,CESC_Epi_CESC,tissue,Tumor,Adjacent,group1_higher,6.460397652958984e-50,1.845655104597938e-53
24361,1057,-0.3813292508227398,0.019902802841638083,-0.4212037920951843,-0.032927356660366,0.7124961480128806,0.8241737124423152,-0.40123205366437786,-0.3882764354348183,,-0.21402061106944487,-4.259924979141443,-15.57703046670833,-15.57703046670833,1.0872575794191602e-49,9253269.0,-15.506620948634179,3.129292342942084e-54,-0.5592221593161962,-0.2812876887259158,GCST90200318,cancerType_celltype,CESC_Epi_CESC,tissue,Tumor,Adjacent,group2_higher,7.882617450788912e-49,2.1541542744596265e-53
24361,1057,-0.10759964007196209,0.34066177143990883,-0.1470897197723388,0.2796418368816376,0.8609345890930357,0.9121685638728105,-0.44826141151187093,-0.4267315566539764,,-0.1765883516507956,1.6626576344659907,-15.676848198148706,-15.676848198148706,2.6519791388656955e-50,9255357.0,-15.497680550952833,3.5965472254893026e-54,-0.5193477314253556,-0.2811255113045158,GCST90200796,cancerType_celltype,CESC_Epi_CESC,tissue,Tumor,Adjacent,group2_higher,1.9860700913593093e-49,2.463363752935638e-53
24361,1057,-0.6365693009333018,-0.2238155121692785,-0.6917054057121277,-0.2920506000518799,0.7620401878405206,0.8453779445472821,-0.41275378876402324,-0.3996548056602478,,-0.2265522519047541,-1.5080033741291485,-15.601047454724792,-15.601047454724792,7.549156007061078e-50,9263595.0,-15.462407085388215,6.223105183681216e-54,-0.5390658817497547,-0.2804856561333027,GCST90200375,cancerType_celltype,CESC_Epi_CESC,tissue,Tumor,Adjacent,group2_higher,5.561891696013107e-49,4.24104618267875e-53
24361,1057,0.5160989396023284,0.11726806021268284,0.4883980453014374,0.0363264344632625,0.8402632036729613,0.9077632564414757,0.3988308793896456,0.4520716108381749,,0.21335376968889186,2.137828032953038,14.02579193331077,14.02579193331077,2.4565722114778146e-41,16480505.0,15.438955668673305,8.954128331393985e-54,0.47301060752623547,0.28006025108684307,GCST90199694,cancerType_celltype,CESC_Epi_CESC,tissue,Tumor,Adjacent,group1_higher,1.4068520690101939e-40,6.071879062532339e-53
24361,1057,0.11803750099582765,-0.10647710927429696,0.1398209631443023,-0.1410948932170868,0.5017434599122942,0.6627351789158675,0.2245146102701246,0.2809158563613891,,0.20067484029785504,0.14870064607172734,10.879472505600404,10.879472505600404,2.9008075760244306e-26,16472252.0,15.403617976113848,1.54767658212714e-53,0.44070306602353165,0.2794192308479475,GCST90200498,cancerType_celltype,CESC_Epi_CESC,tissue,Tumor,Adjacent,group1_higher,1.0060561644074553e-25,1.0442986046729167e-52
24361,1057,-0.3673895992995282,0.006306742577981635,-0.3972413837909698,-0.0520243495702743,0.6667305465957398,0.8137012850969588,-0.37369634187750983,-0.3452170342206955,,-0.2280108431972098,-5.864047117120689,-14.718246638090417,-14.718246638090417,5.916400901756902e-45,9295105.5,-15.327485437333596,5.010254843027783e-53,-0.5548770866749014,-0.2780381984527357,GCST90200290,cancerType_celltype,CESC_Epi_CESC,tissue,Tumor,Adjacent,group2_higher,3.6654792859521166e-44,3.364028251747225e-52
24361,1057,0.35377441774444945,-0.19987333976234553,0.2794410288333893,-0.2481375485658645,1.23579091186404,0.9966553376333772,0.553647757506795,0.5275785773992538,,0.17430333660406686,0.8237405370389274,17.4865125783597,17.4865125783597,3.565374889205693e-61,16440272.0,15.266686023120823,1.2749369455862418e-52,0.45130023948074727,0.2769353065489193,GCST90200612,cancerType_celltype,CESC_Epi_CESC,tissue,Tumor,Adjacent,group1_higher,3.7671364139436897e-60,8.518328709970821e-52
24361,1057,-0.10784491416670693,0.25726365695728204,-0.1313876807689666,0.1783766001462936,0.6380965455794301,0.7436308642201935,-0.365108571123989,-0.3097642809152602,,-0.20274360251596846,1.2542817532875863,-15.713513341523733,-15.713513341523733,1.8869688800609797e-50,9319295.0,-15.223910844559212,2.4541958461237738e-52,-0.5679738085910727,-0.27615937147239356,GCST90199692,cancerType_celltype,CESC_Epi_CESC,tissue,Tumor,Adjacent,group2_higher,1.4209605433829367e-49,1.631740945495953e-51
24361,1057,0.15593169451122207,-0.33851155298832514,0.1534594148397445,-0.3266656994819641,1.085316420744713,0.9155079506596117,0.4944432474995472,0.4801251143217086,,0.18903675021842622,-1.1182858833671494,17.046639310546738,17.046639310546738,1.8427841199773853e-58,16429082.5,15.21877482587206,2.6546446679667356e-52,0.45832985874619014,0.2760662048933853,GCST90199958,cancerType_celltype,CESC_Epi_CESC,tissue,Tumor,Adjacent,group1_higher,1.756443884985438e-57,1.7564469332226508e-51
24361,1057,-0.13998823335383231,0.15906251887182074,-0.1661952883005142,0.1032349094748497,0.5106718742070665,0.6347464800112989,-0.299050752225653,-0.2694301977753639,,-0.21849296674694652,0.18428711931803818,-15.10663493736304,-15.10663493736304,4.706523962620468e-47,9322167.5,-15.211611375047879,2.96172215869845e-52,-0.5790833669609957,-0.2759362610112003,GCST90200515,cancerType_celltype,CESC_Epi_CESC,tissue,Tumor,Adjacent,group2_higher,3.1600946606166e-46,1.9501581170560325e-51
24361,1057,-0.22974893745831737,0.14639149965782708,-0.2488406747579574,0.114224836230278,0.6386788272108216,0.8256331281582758,-0.3761404371161444,-0.3630655109882354,,-0.20739443958786893,-0.6502228289900159,-14.622928568053613,-14.622928568053613,2.0209810341157675e-44,9334795.0,-15.15754294989405,6.755165564607465e-52,-0.5808919738365415,-0.27495546820050676,GCST90199961,cancerType_celltype,CESC_Epi_CESC,tissue,Tumor,Adjacent,group2_higher,1.2408095268017076e-43,4.426582050269219e-51
24361,1057,-0.12587016194257178,-0.4397560211940199,-0.1503603458404541,-0.5310074687004089,0.7358480295217739,0.7273336185262173,0.31388585925144813,0.38064712285995483,,0.18730050592092667,-1.8047588237449945,13.729031486772937,13.729031486772937,7.742199357900876e-40,16397316.0,15.082757037105553,2.1030742725444063e-51,0.42676746182786063,0.27359886339103756,GCST90200225,cancerType_celltype,CESC_Epi_CESC,tissue,Tumor,Adjacent,group1_higher,4.27231486834773e-39,1.3715264275014476e-50
24361,1057,0.33563817241107846,0.040800783527403094,0.3181940019130707,-0.041225254535675,0.6591387986752503,0.894642798772942,0.2948373888836754,0.35941925644874567,,0.18259580947457832,3.040206980616667,10.59047280092913,10.59047280092913,4.969085118426876e-25,16394749.0,15.07176565738907,2.4839320810040683e-51,0.43968009421874354,0.27339948147497717,GCST90200115,cancerType_celltype,CESC_Epi_CESC,tissue,Tumor,Adjacent,group1_higher,1.647898544140105e-24,1.6121902030516882e-50
24361,1057,-0.34849793194602735,0.23396715626773462,-0.4047932922840118,0.0985280722379684,1.0696798683719013,1.193756880250504,-0.582465088213762,-0.5033213645219802,,-0.22441700135429238,-0.5748420463677735,-15.593919184760418,-15.593919184760418,8.343637050974809e-50,9359664.0,-15.05105887425354,3.397633418768031e-51,-0.5417673853323428,-0.27302386365414855,GCST90200601,cancerType_celltype,CESC_Epi_CESC,tissue,Tumor,Adjacent,group2_higher,6.081485187421745e-49,2.194774573355842e-50
24361,1057,-0.9345254127284074,-0.3549474456938743,-1.0170763731002808,-0.4647661745548248,1.3354327071670105,1.1401004839105362,-0.5795779670345331,-0.5523101985454559,,-0.19139952721359954,-1.3966259434310349,-16.056450791137976,-16.056450791137976,1.2103393619574412e-52,9360899.0,-15.045770851678606,3.680335239191598e-51,-0.4364656217093476,-0.27292793974829177,GCST90199765,cancerType_celltype,CESC_Epi_CESC,tissue,Tumor,Adjacent,group2_higher,9.591235757837165e-52,2.36617779765007e-50
24361,1057,0.7154433065991832,0.3327982338931096,0.7021951079368591,0.3517594039440155,0.7445992053705711,0.8166495042457284,0.3826450727060736,0.35043570399284363,,0.22418116259776066,1.1041873530702726,14.965913713677937,14.965913713677937,2.4043218301899807e-46,16372017.5,14.97443392851287,1.07885947594612e-50,0.5117415877773812,0.2716338990733711,GCST90200725,cancerType_celltype,CESC_Epi_CESC,tissue,Tumor,Adjacent,group1_higher,1.560519359309021e-45,6.9036876324627305e-50
24361,1057,0.47431318608185763,0.1098827817410102,0.4601947069168091,0.0612921193242073,0.7560330511765021,0.747381479438278,0.36443040434084745,0.3989025875926018,,0.18992741186846432,2.1098645501567703,15.512309639778886,15.512309639778886,1.9879706359597444e-49,16371306.0,14.971387428057755,1.1294390648187546e-50,0.4822577604244193,0.2715786360296326,GCST90200984,cancerType_celltype,CESC_Epi_CESC,tissue,Tumor,Adjacent,group1_higher,1.4261073562174378e-48,7.193576847420386e-50
24361,1057,0.5024756750465856,0.030484402976276366,0.444977730512619,-0.1780991554260254,1.199174978067435,1.4311455402293434,0.4719912720703093,0.6230768859386444,,0.174426061788249,4.042866106248831,10.562613507006455,10.562613507006455,6.293503524526262e-25,16368669.0,14.960096322365366,1.338365010774246e-50,0.390172471917473,0.27137381713105424,GCST90200531,cancerType_celltype,CESC_Epi_CESC,tissue,Tumor,Adjacent,group1_higher,2.0770085481668996e-24,8.484611672954871e-50
24361,1057,0.3565702690891434,-0.03663119093850523,0.3275142014026642,-0.1021787598729133,0.8531370824367269,0.8335513708081868,0.39320146002764866,0.4296929612755775,,0.19898295070927932,3.28300656672448,14.999203636132446,14.999203636132446,1.3515116552307675e-46,16368548.0,14.959578224607013,1.3488248269120446e-50,0.46132414238046543,0.2713644189184157,GCST90200421,cancerType_celltype,CESC_Epi_CESC,tissue,Tumor,Adjacent,group1_higher,8.899083990722398e-46,8.511334440190354e-50
24361,1057,0.7098816066764094,0.23900399786385362,0.697347104549408,0.1980570554733276,0.959865241292197,1.05674724892456,0.4708776088125558,0.4992900490760803,,0.2037923545065953,1.57053967888745,14.234325200530861,14.234325200530861,2.018461875768233e-42,16368290.0,14.958473520295811,1.3714001367497293e-50,0.48841947432828703,0.27134437975427717,GCST90199891,cancerType_celltype,CESC_Epi_CESC,tissue,Tumor,Adjacent,group1_higher,1.1909798860052387e-41,8.613909614699912e-50
24361,1057,-0.0833522317053344,0.22111471930655097,-0.1230947524309158,0.1972795575857162,0.575180675489252,0.6959322601806127,-0.30446695101188537,-0.32037431001663197,,-0.2352978726756215,1.407491550794883,-14.017427577540424,-14.017427577540424,3.006638161117881e-41,9388658.0,-14.926912375032785,2.2023705190580054e-50,-0.5243121174670592,-0.2707718654951109,GCST90200801,cancerType_celltype,CESC_Epi_CESC,tissue,Tumor,Adjacent,group2_higher,1.7146643571563481e-40,1.3769867052642484e-49
24361,1057,0.11929551004766986,-0.060044579176508,0.1186287328600883,-0.1225669085979461,0.472986162884015,0.7057543637972103,0.17934008922417788,0.2411956414580344,,0.11829970584765744,0.9904219011116342,8.182202462709284,8.182202462709284,7.65691114288967e-16,16357557.0,14.912516964589928,2.732634200063452e-50,0.3698592835700695,0.2705107349918796,GCST90199669,cancerType_celltype,CESC_Epi_CESC,tissue,Tumor,Adjacent,group1_higher,1.7839948526083113e-15,1.7007216505417739e-49
24361,1057,0.48677687043370266,1.1993916878916628,0.426134318113327,1.068203687667847,1.2231847524672048,1.4967365077334165,-0.7126148174579602,-0.6420693695545199,,-0.2177753620869361,1.3009685947108873,-15.259625548251126,-15.259625548251126,6.696338844358499e-48,9399704.0,-14.879615616034632,4.470748774950394e-50,-0.5766626937714061,-0.2699139096537392,GCST90199904,cancerType_celltype,CESC_Epi_CESC,tissue,Tumor,Adjacent,group2_higher,4.586487359226449e-47,2.769832081935176e-49
24361,1057,0.3880309880295326,-0.04445611175820196,0.3571118414402008,-0.1198167279362678,0.967916226800561,0.8986634212429959,0.4324870997877346,0.4769285693764686,,0.2248794543290342,3.1256894590951103,15.266865464587763,15.266865464587763,4.162194351983112e-48,16348497.0,14.873723859708228,4.882210777432803e-50,0.44810916438920606,0.2698070341116672,GCST90199924,cancerType_celltype,CESC_Epi_CESC,tissue,Tumor,Adjacent,group1_higher,2.8797314222096356e-47,3.0110648369415886e-49
24361,1057,0.18348514587394663,-0.14275560566469656,0.1602147817611694,-0.2128187865018844,0.7513390249203555,0.7719081733281881,0.3262407515386432,0.3730335682630538,,0.19714652969408325,0.362113632624117,13.466734155832512,13.466734155832512,1.7662181295163082e-38,16346822.0,14.866551845284734,5.434269018728497e-50,0.43371264357389183,0.26967693488712463,GCST90199727,cancerType_celltype,CESC_Epi_CESC,tissue,Tumor,Adjacent,group1_higher,9.294808148767289e-38,3.336445347985109e-49
24361,1057,0.05000907516567083,-0.10366464462790985,0.064049944281578,-0.1532447785139084,0.40535444884197347,0.6387243418648134,0.1536737197935807,0.2172947227954864,,0.10864923204867079,-1.0516471776404013,7.754641195575081,7.754641195575081,2.0203841198775437e-14,16343345.0,14.851664027881458,6.786516157563859e-50,0.3679440305936534,0.2694068721983278,GCST90200248,cancerType_celltype,CESC_Epi_CESC,tissue,Tumor,Adjacent,group1_higher,4.4559604456198896e-14,4.147991714241946e-49
24361,1057,0.1620353928941568,-0.2373281264632047,0.1172654032707214,-0.3150479793548584,0.9389600494009491,0.883162076041104,0.3993635193573615,0.4323133826255798,,0.17494454574858315,-0.5505712931045648,14.353851465748528,14.353851465748528,3.898351758833785e-43,16339343.5,14.834530406558708,8.761768460323167e-50,0.4263479769750942,0.269096070976234,GCST90199792,cancerType_celltype,CESC_Epi_CESC,tissue,Tumor,Adjacent,group1_higher,2.3304620382852844e-42,5.33137964795557e-49
24361,1057,-0.3064035730305859,0.12304725488571824,-0.35783651471138,0.0358640290796756,0.8880689457744259,0.8689058110242988,-0.4294508279163042,-0.3937005437910556,,-0.20544908010292606,-1.3162136322504974,-15.71638951966394,-15.71638951966394,1.39236332319924e-50,9412777.5,-14.82363750823431,1.0305291215301818e-49,-0.48400769922355297,-0.26889847549728685,GCST90200784,cancerType_celltype,CESC_Epi_CESC,tissue,Tumor,Adjacent,group2_higher,1.0543284497336467e-49,6.24271641175839e-49
24361,1057,0.12332459151791204,-0.4068777908150697,0.086535170674324,-0.4905541241168976,1.2004752645043228,1.1054156945475477,0.5302023823329818,0.5770892947912216,,0.14091190248460692,-1.7221268725856633,15.209557715553801,15.209557715553801,8.523369114786368e-48,16331883.0,14.802586040226485,1.4096177306086834e-49,0.4430625902046806,0.26851660514656217,GCST90200022,cancerType_celltype,CESC_Epi_CESC,tissue,Tumor,Adjacent,group1_higher,5.80867605172691e-47,8.501367109821396e-49
24361,1057,-0.21530698514879,0.20867417578307018,-0.253233253955841,0.1193022727966308,0.8044656442959054,0.8801702821676168,-0.42398116093186017,-0.3725355267524718,,-0.19553285490602612,-0.04514283967679762,-15.384588852523672,-15.384588852523672,1.1923878266253427e-48,9422601.0,-14.781575249315392,1.9261429567411003e-49,-0.5248900337372014,-0.2681354726720365,GCST90200545,cancerType_celltype,CESC_Epi_CESC,tissue,Tumor,Adjacent,group2_higher,8.377446431393515e-48,1.1565342951709777e-48
24361,1057,-0.040976844461831426,-0.33927283014762044,-0.0633209124207496,-0.4289553165435791,0.6985692022305254,0.7273489791685206,0.298295985685789,0.3656344041228295,,0.19471578633250347,-3.049534150152387,13.07436276428563,13.07436276428563,1.669704291058129e-36,16322086.5,14.760639389898275,2.6278603633343233e-49,0.42626589734676995,0.26775569944314026,GCST90200998,cancerType_celltype,CESC_Epi_CESC,tissue,Tumor,Adjacent,group1_higher,8.15701415309043e-36,1.5709533663266153e-48
24361,1057,0.7175428318064777,0.15910073898654684,0.733074963092804,0.0926789194345474,1.1894044007787758,1.184304593380488,0.5584420928199308,0.6403960436582565,,0.19829724125596562,2.173117358343432,15.00552419214421,15.00552419214421,1.2836568997343128e-46,16318616.0,14.745779404192763,3.275270961796103e-49,0.469597548985864,0.267486141617006,GCST90200832,cancerType_celltype,CESC_Epi_CESC,tissue,Tumor,Adjacent,group1_higher,8.493322108436254e-46,1.9494298344664143e-48
24361,1057,-0.09499104491269485,0.1661346222286685,-0.128324270248413,0.1614248603582382,0.48345730886716615,0.7444611474585374,-0.26112566714136337,-0.2897491306066512,,-0.19155107364522556,0.8064828387317248,-11.300755991380635,-11.300755991380635,4.36091990315602e-28,9434478.0,-14.730720314803255,4.0933256749817225e-49,-0.5253634008581751,-0.267212972081056,GCST90199952,cancerType_celltype,CESC_Epi_CESC,tissue,Tumor,Adjacent,group2_higher,1.5850490208004413e-27,2.425740389130473e-48
24361,1057,-0.4666061791289715,0.06434884494431131,-0.5415223836898804,-0.0253336280584335,1.2090036051557678,1.0661771316963484,-0.5309550240732828,-0.5161887556314468,,-0.17889092874156934,-2.8581999272404333,-15.757109936829407,-15.757109936829407,6.681368510912714e-51,9444125.0,-14.68941379352359,7.53653136542912e-49,-0.4412098774923402,-0.2664636782188694,GCST90200448,cancerType_celltype,CESC_Epi_CESC,tissue,Tumor,Adjacent,group2_higher,5.116126562007882e-50,4.446879762372246e-48
24361,1057,-0.26700055620506824,-0.002420980907832237,-0.2793849110603332,-0.0677890703082084,0.5043425764786353,0.550724957096075,-0.264579575297236,-0.2115958407521248,,-0.20425915136857078,-6.784516847891783,-15.342559019792455,-15.342559019792455,2.0340865186411216e-48,9445185.5,-14.684872944988596,8.058766444051828e-49,-0.52251866604085,-0.2663813079337187,GCST90200361,cancerType_celltype,CESC_Epi_CESC,tissue,Tumor,Adjacent,group2_higher,1.4217743204655635e-47,4.734525285880449e-48
24361,1057,-0.4938499592653379,-0.15332130483775017,-0.544664740562439,-0.2288325577974319,0.6932710553098931,0.7256482669578436,-0.34052865442758773,-0.3158321827650071,,-0.19967860480369645,-1.6875081213959469,-14.963428915572575,-14.963428915572575,2.3374589339400367e-46,9448090.0,-14.672436457888276,9.680861869731272e-49,-0.4902187465548402,-0.2661557119948028,GCST90200134,cancerType_celltype,CESC_Epi_CESC,tissue,Tumor,Adjacent,group2_higher,1.5243811133781195e-45,5.663096449975847e-48
24361,1057,-0.7014534457311504,-0.1501465196079815,-0.7460308074951172,-0.1981348395347595,1.1698067188240475,1.128960577191271,-0.5513069261231689,-0.5478959679603577,,-0.18300601295110222,-2.223968772331768,-15.519038606235444,-15.519038606235444,1.7496228440252653e-49,9450782.5,-14.66090771231499,1.147324893840032e-48,-0.47195357017764383,-0.26594658234579927,GCST90199900,cancerType_celltype,CESC_Epi_CESC,tissue,Tumor,Adjacent,group2_higher,1.2617650457176913e-48,6.68292235172634e-48
24361,1057,-0.45478826659773885,0.11570362888220187,-0.5237476825714111,0.0593321472406387,1.1763615354822397,1.2544364456838974,-0.5704918954799407,-0.5830798298120499,,-0.19384110728744441,-1.9747516237446971,-14.511321890153294,-14.511321890153294,6.609892863263958e-44,9456854.5,-14.634908624804869,1.682068031799611e-48,-0.4835872405757406,-0.26547496294793504,GCST90199744,cancerType_celltype,CESC_Epi_CESC,tissue,Tumor,Adjacent,group2_higher,4.004126210057233e-43,9.755994584437743e-48
24361,1057,-0.6619381659874743,0.06867115717872893,-0.7983288168907166,-0.0214710459113121,1.5321874361546195,1.6394864049657354,-0.7306093231662033,-0.7768577709794044,,-0.2258425501831801,-3.2689014471167126,-14.2212595322584,-14.2212595322584,2.2963437770656008e-42,9458207.0,-14.629117490770376,1.831530792280786e-48,-0.4754111309359372,-0.2653699126785656,GCST90200367,cancerType_celltype,CESC_Epi_CESC,tissue,Tumor,Adjacent,group2_higher,1.34331183181992e-41,1.057786639779115e-47
24361,1057,0.08040447417143162,0.5404797427480643,0.0458993278443813,0.5268405079841614,0.9155923431857768,1.0155919080943128,-0.4600752685766327,-0.4809411801397801,,-0.18143195565539794,2.7488775843257836,-14.475092680054432,-14.475092680054432,1.0775140015351812e-43,9460954.0,-14.617355387115847,2.177002877558861e-48,-0.5001015752421675,-0.2651565499503157,GCST90201019,cancerType_celltype,CESC_Epi_CESC,tissue,Tumor,Adjacent,group2_higher,6.498458336692265e-43,1.2520062962500961e-47
24361,1057,0.12731394184259653,-0.45046855794449137,0.048964537680149,-0.4854434728622436,1.2852644988467123,1.101632268797167,0.577782499787088,0.5344080105423926,,0.21830550872877375,-1.823027868480679,16.5693318917543,16.5693318917543,1.2860678140304704e-55,16284724.0,14.600660650257817,2.781457071475978e-48,0.4520423035085099,0.264853710024052,GCST90200301,cancerType_celltype,CESC_Epi_CESC,tissue,Tumor,Adjacent,group1_higher,1.1024593902663718e-54,1.592910079168806e-47
24361,1057,0.4683768817332391,0.13243356214952104,0.4511586725711822,0.10649124532938,0.7070453620788109,0.7625790504837427,0.33594331958371804,0.3446674272418022,,0.2147987021674912,1.822393269827296,14.062628965253559,14.062628965253559,1.5747348852032698e-41,16279193.5,14.576980157261321,3.93556168972526e-48,0.4735335821527049,0.264424149569525,GCST90200014,cancerType_celltype,CESC_Epi_CESC,tissue,Tumor,Adjacent,group1_higher,9.094761222593461e-41,2.2444228381152844e-47
24361,1057,-0.385551430814366,0.21745435617079512,-0.4312272369861603,0.1617536842823028,1.275520289792697,1.2855279578059848,-0.603005786985161,-0.5929809212684631,,-0.1713395746219324,-0.8262078194096938,-14.934627967003449,-14.934627967003449,3.1872642936096115e-46,9481514.0,-14.529321586192252,7.900139878253293e-48,-0.4725981582184409,-0.26355963051354203,GCST90199701,cancerType_celltype,CESC_Epi_CESC,tissue,Tumor,Adjacent,group2_higher,2.0491703925424058e-45,4.486621105858016e-47
24361,1057,0.0413096275978534,-0.4977108709987292,-0.0650690719485282,-0.5196840763092041,1.1854978877749844,0.9381370934208905,0.5390204985965826,0.4546150043606759,,0.2074915289699436,-3.5907259142223498,18.064644463671815,18.064644463671815,9.414287192662856e-65,16266598.0,14.52304874969648,8.657523113525991e-48,0.4582507767893479,0.263445842236554,GCST90200076,cancerType_celltype,CESC_Epi_CESC,tissue,Tumor,Adjacent,group1_higher,1.0517765117704486e-63,4.896350209019057e-47
24361,1057,-0.24262739122035867,-0.8207126562540881,-0.3221597969532013,-0.9278423190116882,1.3045323364632582,1.2821736678105073,0.5780852650337294,0.6056825220584869,,0.18776425006324404,-1.7581305815539727,14.3397626216379,14.3397626216379,4.9106365119581e-43,16261852.5,14.5027294694298,1.1643023746405563e-47,0.44344920765913115,0.2630772536574095,GCST90199914,cancerType_celltype,CESC_Epi_CESC,tissue,Tumor,Adjacent,group1_higher,2.922793696855411e-42,6.557620399318505e-47
24361,1057,0.2336413700950845,-0.08109162890493506,0.2042055428028106,-0.1625324189662933,0.6705593761909695,0.7522335124934757,0.31473299900001955,0.3667379617691039,,0.19821922653660903,1.5266592362939422,13.37415496401026,13.37415496401026,5.600427178994873e-38,16259170.0,14.491243541853072,1.3763269652386725e-47,0.4668590940161202,0.2628689007201943,GCST90200182,cancerType_celltype,CESC_Epi_CESC,tissue,Tumor,Adjacent,group1_higher,2.8914326685492475e-37,7.719891578684405e-47
24361,1057,-0.2626642930170734,0.13894229536551617,-0.3088355660438537,0.0282673705369234,0.7321410881309638,0.8890210104844948,-0.40160658838258956,-0.3371029365807771,,-0.2169871614366956,-0.9187293644392055,-14.475331849472266,-14.475331849472266,1.1737366215473215e-43,9496385.0,-14.465646943510599,1.9972448519846765e-47,-0.5432090424964054,-0.26240458241314024,GCST90199755,cancerType_celltype,CESC_Epi_CESC,tissue,Tumor,Adjacent,group2_higher,7.0475903751938286e-43,1.1156740710061943e-46
24361,1057,0.16168695877994715,-0.09388781769771451,0.1592399328947067,-0.1628886312246322,0.586976894770383,0.709602039137164,0.2555747764776617,0.3221285641193389,,0.19005415282515353,0.7841869964472822,11.539517250267911,11.539517250267911,3.465390877193785e-29,16249792.0,14.451088824680822,2.4676166161679774e-47,0.43129358539073087,0.2621405004051134,GCST90199929,cancerType_celltype,CESC_Epi_CESC,tissue,Tumor,Adjacent,group1_higher,1.3047866755842898e-28,1.3728005909538584e-46
24361,1057,-0.33171105696095565,0.13386221254546665,-0.3781950771808624,0.1022285670042038,1.0306882765690004,1.0190891328512297,-0.4655732695064223,-0.4804236441850662,,-0.16915142104972142,-1.3091719090222058,-14.533947962308504,-14.533947962308504,4.55611977203483e-44,9506927.0,-14.420508211538976,3.8451275885793764e-47,-0.4519212051693818,-0.26158577284589957,GCST90200232,cancerType_celltype,CESC_Epi_CESC,tissue,Tumor,Adjacent,group2_higher,2.772317522001551e-43,2.1304507736722317e-46
24361,1057,0.5222292541561071,0.10202655607265654,0.4915012419223785,0.0070149712264537,0.9479600597977843,0.9918516621147697,0.42020269808345057,0.48448627069592476,,0.17307428250942752,2.3557271845932584,13.508570525546492,13.508570525546492,1.1011884045116334e-38,16237019.5,14.3963995385769,5.451184492423289e-47,0.44240055222389474,0.26114844527348935,GCST90200529,cancerType_celltype,CESC_Epi_CESC,tissue,Tumor,Adjacent,group1_higher,5.862967950583423e-38,3.0080827786125276e-46
24361,1057,0.5487717607269941,0.08121253465670808,0.5483391880989075,0.0631453171372413,0.9392721318893226,1.0037135130946075,0.467559226070286,0.48519387096166616,,0.20264446078760306,2.756416787486089,14.865051430312752,14.865051430312752,8.237940547295754e-46,16230593.0,14.368882553088792,8.113220830570465e-47,0.49632768944887407,0.2606492914427294,GCST90199967,cancerType_celltype,CESC_Epi_CESC,tissue,Tumor,Adjacent,group1_higher,5.222471146960052e-45,4.4589999968014284e-46
24361,1057,0.24627227880014205,-0.194152420564489,0.2089725881814956,-0.2392569035291671,0.977651615786543,0.951657909841936,0.440424699364631,0.44822949171066273,,0.20957266564601962,0.34306297605474717,14.713151649823667,14.713151649823667,4.8390622151101334e-45,16222290.0,14.333330770546544,1.3546877441298287e-46,0.4509843218328831,0.2600043876448921,GCST90200444,cancerType_celltype,CESC_Epi_CESC,tissue,Tumor,Adjacent,group1_higher,3.025523761098675e-44,7.415419258027938e-46
24361,1057,-0.5126117688895883,-0.1421760829152802,-0.5550580024719238,-0.1884808838367462,0.7424690076237794,0.8319300954370495,-0.3704356859743081,-0.3665771186351776,,-0.18358797468424456,-1.8501804756411875,-14.232651527177271,-14.232651527177271,2.096335653336692e-42,9530666.0,-14.31886256950954,1.668365001285471e-46,-0.49629678894636353,-0.2597419367316208,GCST90199695,cancerType_celltype,CESC_Epi_CESC,tissue,Tumor,Adjacent,group2_higher,1.2315971963353065e-41,9.095925987008388e-46
24361,1057,-0.3710855597394443,0.014119736818438838,-0.4221322238445282,-0.0962670519948005,0.7558784166125907,0.8425587073516397,-0.38520529655788316,-0.3258651718497277,,-0.19196233878705016,-4.7158684741415735,-14.610868350797086,-14.610868350797086,2.0363283756284304e-44,9535548.0,-14.297958823589841,2.2532879235410765e-46,-0.5070646982944432,-0.25936274603656595,GCST90200156,cancerType_celltype,CESC_Epi_CESC,tissue,Tumor,Adjacent,group2_higher,1.2446258188258073e-43,1.2235981831818674e-45
24361,1057,0.5559879120518261,0.1433392084743637,0.523179829120636,0.0301883146166801,0.9176384821309005,0.8859813071665028,0.41264870357746236,0.4929915145039559,,0.2246582773939876,1.9556127540394672,14.801797033519382,14.801797033519382,1.5827531407645884e-45,16207603.0,14.270443979001563,3.3445286814307083e-46,0.4503202699333137,0.2588636310413954,GCST90200782,cancerType_celltype,CESC_Epi_CESC,tissue,Tumor,Adjacent,group1_higher,9.987465420658027e-45,1.8089653145992283e-45
24361,1057,0.2948997581623738,0.031090173446034194,0.2887871265411377,0.0129581717774271,0.5667658089968801,0.6290322836337068,0.2638095847163396,0.2758289547637106,,0.1909664051064554,3.245652558285917,13.401021941305455,13.401021941305455,4.064010575184552e-38,16206663.5,14.266421228224923,3.5431046076057836e-46,0.46323955504639386,0.2587906589688833,GCST90200949,cancerType_celltype,CESC_Epi_CESC,tissue,Tumor,Adjacent,group1_higher,2.1142161885406663e-37,1.9087950909749733e-45
24361,1057,-0.8937884092978557,-0.2178046255176186,-0.9946494102478028,-0.3207431733608246,1.5314849957248795,1.454562491393837,-0.6759837837802372,-0.6739062368869783,,-0.16980713091233737,-2.0368937333434167,-14.75842896689656,-14.75842896689656,2.6550207250708375e-45,9572348.5,-14.140386455355952,2.1411188397761265e-45,-0.44229180553267017,-0.25650440781998085,GCST90200255,cancerType_celltype,CESC_Epi_CESC,tissue,Tumor,Adjacent,group2_higher,1.667646658189655e-44,1.1489547159901024e-44
24361,1057,-0.306768645745839,-0.8238417317017176,-0.3626891076564789,-0.894159197807312,1.136760997174009,1.1543835412149965,0.5170730859558785,0.5314700901508331,,0.21834039733369584,-1.4252132208900816,14.265596523872528,14.265596523872528,1.26341681064605e-42,16175577.5,14.133317204124198,2.3673250140683597e-45,0.45457029505258717,0.25637617270373014,GCST90200714,cancerType_celltype,CESC_Epi_CESC,tissue,Tumor,Adjacent,group1_higher,7.487117882219853e-42,1.2653584290883036e-44
24361,1057,0.503772287256682,0.25332645432989537,0.5215103626251221,0.1870207488536834,0.5733919266752735,0.7911721533293194,0.2504458329267866,0.3344896137714387,,0.16555250221958878,0.991771187313262,10.176234601839036,10.176234601839036,2.60151741354376e-23,16171634.0,14.116431927181484,3.0085154444071415e-45,0.4288019042105564,0.25606987641000867,GCST90200989,cancerType_celltype,CESC_Epi_CESC,tissue,Tumor,Adjacent,group1_higher,8.004217233995812e-23,1.6017994338777086e-44
24361,1057,-0.4876394011354491,-0.14976808211881606,-0.5268365144729614,-0.2030186504125595,0.6315756467211944,0.7751552604005506,-0.33787131901663303,-0.3238178640604019,,-0.19530555606669095,-1.7030778296872697,-13.971202720404744,-13.971202720404744,5.287792980470932e-41,9578522.0,-14.113952765180766,3.1162006201088574e-45,-0.5294256081674616,-0.2560249047974652,GCST90201013,cancerType_celltype,CESC_Epi_CESC,tissue,Tumor,Adjacent,group2_higher,2.990565075677129e-40,1.6526776051394445e-44
24361,1057,0.0686788662586546,-0.1100344029733208,0.0648461803793907,-0.1962188184261322,0.46515977821894583,0.615368381852655,0.1787132692319754,0.2610649988055229,,0.15497945075317393,-0.6800086384634706,9.32698384361351,9.32698384361351,5.724677204816688e-20,16147787.0,14.014323850789218,1.2740974947658362e-44,0.37834702070721843,0.25421765180841605,GCST90201002,cancerType_celltype,CESC_Epi_CESC,tissue,Tumor,Adjacent,group1_higher,1.5795010182520537e-19,6.730987927774553e-44
24361,1057,0.06620024433025844,-0.11890281007529949,0.0529396533966064,-0.1490853130817413,0.4403081740304397,0.6301945212497282,0.1851030544055579,0.2020249664783477,,0.13630087451429657,-0.8448647050427098,9.449854396252304,9.449854396252304,1.9660978821110657e-20,16144682.0,14.001028862857908,1.5363502338271836e-44,0.4115260730033524,0.25397648279814455,GCST90200753,cancerType_celltype,CESC_Epi_CESC,tissue,Tumor,Adjacent,group1_higher,5.491375846961849e-20,8.085117253692863e-44
24361,1057,0.44361527366766884,0.12854490258752754,0.4363670349121094,0.0339205414056777,0.7385750510413449,0.814972047257689,0.3150703710801413,0.4024464935064317,,0.19358342750938298,1.7870286655850043,12.350907402423584,12.350907402423584,5.7393770095343864e-33,16143775.0,13.997145270570082,1.6226344298809386e-44,0.42467700038993245,0.2539060350389446,GCST90200719,cancerType_celltype,CESC_Epi_CESC,tissue,Tumor,Adjacent,group1_higher,2.399622964415757e-32,8.506348953568151e-44
24361,1057,0.801907201369919,0.29876532125028593,0.7599080801010132,0.243243858218193,1.0761799722341467,1.2082707666025216,0.503141880119633,0.5166642218828201,,0.21355618815950866,1.4244195653104712,13.311134395710651,13.311134395710651,1.1634029395262531e-37,16143044.5,13.994017415921506,1.695619939606828e-44,0.46501558019148204,0.2538492962428083,GCST90199718,cancerType_celltype,CESC_Epi_CESC,tissue,Tumor,Adjacent,group1_higher,5.916858979754787e-37,8.854904129057878e-44
24361,1057,0.04097103130902036,-0.24558490738774894,0.0160969235002994,-0.323822021484375,0.7132794346764693,0.7324421200773608,0.2865559386967693,0.3399189449846744,,0.17008484959117698,-2.583516450440584,12.465717590663104,12.465717590663104,1.5484247750576678e-33,16130940.0,13.94218837198767,3.5102075428456725e-44,0.40129059529273386,0.2529091254586435,GCST90200381,cancerType_celltype,CESC_Epi_CESC,tissue,Tumor,Adjacent,group1_higher,6.678806862036712e-33,1.8261117866025387e-43
24361,1057,-0.6014547136371153,-0.23958779488504725,-0.6437278389930725,-0.2115730941295623,0.7712361890154134,0.887424225035148,-0.3618669187520681,-0.43215474486351024,,-0.153523414610702,-1.3278980752638914,-13.045269047113658,-13.045269047113658,2.5092969784268573e-36,9622360.0,-13.926247231869064,4.388269621848781e-44,-0.46607714411914297,-0.2526199556598542,GCST90199947,cancerType_celltype,CESC_Epi_CESC,tissue,Tumor,Adjacent,group2_higher,1.2085412655815572e-35,2.274224902882087e-43
24361,1057,0.339290953717024,0.03677833709683421,0.3392544984817505,-0.0610408745706081,0.6779837142218098,0.7896368974873769,0.3025126166201898,0.40029537305235857,,0.17663340632202512,3.2055598347912224,12.260737479791151,12.260737479791151,1.5842882749295083e-32,16123246.0,13.909244205435815,5.566620444974484e-44,0.4429263428931651,0.25231152340871454,GCST90199983,cancerType_celltype,CESC_Epi_CESC,tissue,Tumor,Adjacent,group1_higher,6.583490605880853e-32,2.8739786615531145e-43
24361,1057,0.2349880049299385,-0.09841232521165062,0.1782761216163635,-0.1736515015363693,0.7969544940961905,0.6995708617160364,0.3334003301415891,0.3519276231527328,,0.16753164810127877,1.2556676795638286,15.075654142088258,15.075654142088258,4.2926501198360014e-47,16113413.0,13.867141269420168,1.0019394293248482e-43,0.4203515385031581,0.2515477827072654,GCST90200836,cancerType_celltype,CESC_Epi_CESC,tissue,Tumor,Adjacent,group1_higher,2.8964762937309254e-46,5.153371479885917e-43
24361,1057,-0.544714538148113,0.016643082372123478,-0.5781546831130981,-0.1291172355413437,1.2005810427107364,1.1962664688854407,-0.5613576205202365,-0.44903744757175446,,-0.18625663766072714,-5.03242178243334,-14.933472622550529,-14.933472622550529,3.1817403676887835e-46,9640864.5,-13.847014670138002,1.3261381306225146e-43,-0.46764132340991954,-0.2511826893311684,GCST90200206,cancerType_celltype,CESC_Epi_CESC,tissue,Tumor,Adjacent,group2_higher,2.0491703925424058e-45,6.795211549016869e-43
24361,1057,0.8019759920941854,0.42110724919452486,0.8250002264976501,0.4010888636112213,0.7193240948022481,1.0225969072533105,0.3808687428996605,0.42391136288642883,,0.20742601220357335,0.9293697107208472,11.981071728972669,11.981071728972669,3.5162460792961774e-31,16107460.5,13.841653856968918,1.4288518458351325e-43,0.5185962619276812,0.2510854450152715,GCST90200510,cancerType_celltype,CESC_Epi_CESC,tissue,Tumor,Adjacent,group1_higher,1.4054672745104663e-30,7.294101370311931e-43
24361,1057,0.26939352206643546,-0.26536039853061966,0.1869160532951355,-0.382953405380249,1.3078004254877584,1.2955048053648421,0.5347539205970551,0.5698694586753845,,0.16367207339278445,0.021761994312595165,13.13279480076215,13.13279480076215,8.183438686715499e-37,16093317.0,13.781094223536872,3.3122337027753996e-43,0.40905473074834053,0.24998690269746948,GCST90200959,cancerType_celltype,CESC_Epi_CESC,tissue,Tumor,Adjacent,group1_higher,4.10074519485045e-36,1.684542737642862e-42
24361,1057,-0.11874110694517764,0.2805513364299004,-0.1641908288002014,0.2067030966281891,0.9171749724162648,0.8628358638618034,-0.399292443375078,-0.3708939254283905,,-0.17161611585671294,1.2404383101234076,-14.689507559735343,-14.689507559735343,6.178921113824862e-45,9660597.0,-13.762524058429594,4.283207253042846e-43,-0.4363940003700195,-0.2496500427948778,GCST90200486,cancerType_celltype,CESC_Epi_CESC,tissue,Tumor,Adjacent,group2_higher,3.810800668843116e-44,2.170264492898661e-42
24361,1057,-0.22174699961412528,0.02478830226555611,-0.2707399427890777,0.0157367400825023,0.5537330047178682,0.6304506362745343,-0.2465353018796814,-0.28647668287158,,-0.1763832339811442,-3.161131519895351,-12.50593639005004,-12.50593639005004,1.0621206204771632e-33,9674427.0,-13.703306769189647,9.700675278409837e-43,-0.44250875599417133,-0.24857585039163943,GCST90200838,cancerType_celltype,CESC_Epi_CESC,tissue,Tumor,Adjacent,group2_higher,4.595779065747217e-33,4.897044594249114e-42
24361,1057,0.6362829466543959,0.30187055538766405,0.5853848457336426,0.2291559875011444,0.7942695727448187,0.8414370904380558,0.33441239126673183,0.35622885823249817,,0.19356939175630294,1.0757359014165233,12.67830814620434,12.67830814620434,1.4914013425721382e-34,16071969.5,13.689688505384321,1.170132341651985e-42,0.4199657305933395,0.2483288172073661,GCST90199639,cancerType_celltype,CESC_Epi_CESC,tissue,Tumor,Adjacent,group1_higher,6.621433322233956e-34,5.885204360412012e-42
24361,1057,0.11976269730451462,0.504805877049268,0.0170380026102066,0.4517627954483032,0.973700212868122,0.9163886291142663,-0.38504317974475344,-0.4347247928380966,,-0.15800489149534316,2.0755408988834394,-13.337745104925212,-13.337745104925212,7.279939299277674e-38,9681395.0,-13.673471189187914,1.4625307526671947e-42,-0.3963852177680847,-0.2480346376175422,GCST90200592,cancerType_celltype,CESC_Epi_CESC,tissue,Tumor,Adjacent,group2_higher,3.744361232043574e-37,7.328784617225685e-42
24361,1057,-0.25761399376840377,0.11438471958562803,-0.3062665462493896,0.0830096453428268,0.9043158289397598,0.8415321735571399,-0.3719987133540318,-0.3892761915922164,,-0.15598960053898608,-1.1713096129831415,-14.02464575341712,-14.02464575341712,2.1011623672093854e-41,9689262.0,-13.639786271295604,2.322470448856522e-42,-0.41250950143881665,-0.24742359845367556,GCST90200789,cancerType_celltype,CESC_Epi_CESC,tissue,Tumor,Adjacent,group2_higher,1.2083900027453133e-40,1.1595337808759853e-41
24361,1057,0.4263589452093822,0.19100592869101313,0.455310970544815,0.224548265337944,0.5332407590716312,0.6439915836818877,0.2353530165183691,0.230762705206871,,0.17779645727524793,1.1584469367768764,11.708775288941808,11.708775288941808,5.9097850635310404e-30,16058809.0,13.633337881013942,2.5371293101768918e-42,0.43721842763467883,0.24730662565835537,GCST90200831,cancerType_celltype,CESC_Epi_CESC,tissue,Tumor,Adjacent,group1_higher,2.2626508543800024e-29,1.2620829378726655e-41
24361,1057,0.3207951623461412,0.01863224450617768,0.3085901737213135,-0.0269873272627592,0.6810100055114948,0.7687727997355372,0.3021629178399635,0.3355775009840727,,0.18815510429338583,4.105706073115913,12.566383616242325,12.566383616242325,5.410572127222449e-34,16054157.0,13.613418949015083,3.332901085385141e-42,0.44119078557053404,0.24694529933443188,GCST90200348,cancerType_celltype,CESC_Epi_CESC,tissue,Tumor,Adjacent,group1_higher,2.3636569901936528e-33,1.6519069743199807e-41
24361,1057,-0.4470755003354902,0.005146399766819987,-0.5266299247741699,-0.1070346310734748,1.117803951599256,0.9735621423036769,-0.45222190010231017,-0.41959529370069515,,-0.16496586987074593,-6.440534073196394,-14.68747566173852,-14.68747566173852,5.5993475774544034e-45,9703001.0,-13.580958625824335,5.194364694075075e-42,-0.4066072935215974,-0.2463564741277109,GCST90200877,cancerType_celltype,CESC_Epi_CESC,tissue,Tumor,Adjacent,group2_higher,3.4848907525435394e-44,2.565188071747945e-41
24361,1057,0.09640425657245495,-0.12869274050327179,0.0950055047869682,-0.1835056543350219,0.5891823436460155,0.7239502410078953,0.22509699707572672,0.2785111591219901,,0.16856889986852971,-0.41675816665365695,9.966576671414202,9.966576671414202,1.7909176176882615e-22,16045195.0,13.575045460499652,5.631040160987366e-42,0.37806681117602975,0.24624921022974466,GCST90199808,cancerType_celltype,CESC_Epi_CESC,tissue,Tumor,Adjacent,group1_higher,5.35311559848487e-22,2.770797017843242e-41
24361,1057,-0.03698596022144891,0.4207711571845924,-0.1253945976495742,0.2439548671245575,0.7430894335056246,1.0643261045589263,-0.4577571174060413,-0.36934946477413166,,-0.278317929734077,3.507950601203658,-13.837355255575401,-13.837355255575401,2.8810727582808634e-40,9712267.5,-13.541281329313707,8.922156226052904e-42,-0.6029881379481425,-0.24563673414906972,GCST90200657,cancerType_celltype,CESC_Epi_CESC,tissue,Tumor,Adjacent,group2_higher,1.6160091232661798e-39,4.374424077737449e-41
24361,1057,-0.23309203469470013,0.048159292010345266,-0.2984343469142914,-0.0140949487686157,0.7973150630837714,0.6799128608144185,-0.2812513267050454,-0.28433939814567566,,-0.15970833928353997,-2.2749898496475955,-13.06454044742061,-13.06454044742061,1.534295073613257e-36,9716184.0,-13.5245116609617,1.1208874132739759e-41,-0.3547643938898937,-0.24533253497717655,GCST90200275,cancerType_celltype,CESC_Epi_CESC,tissue,Tumor,Adjacent,group2_higher,7.549617997598806e-36,5.475876502840248e-41
24361,1057,-0.5633523433497895,-0.17984040990831965,-0.6035687923431396,-0.2719243168830871,0.7949681579246888,0.8960159036090659,-0.38351193344146983,-0.33164447546005255,,-0.17432792608052408,-1.647314834300747,-13.68383866104843,-13.68383866104843,1.498311468250984e-39,9718522.0,-13.5145008133664,1.2842758070353986e-41,-0.47973718032979923,-0.24515093976106872,GCST90200643,cancerType_celltype,CESC_Epi_CESC,tissue,Tumor,Adjacent,group2_higher,8.136249128390803e-39,6.251671160675887e-41
24361,1057,0.49301283088351977,0.15022494478076087,0.4355376958847046,0.1249750629067421,0.7608843819426474,0.821389106589967,0.3427878861027589,0.3105626329779625,,0.22319530687159078,1.7144941250639558,13.322201982688567,13.322201982688567,9.919271374089859e-38,16030821.0,13.51349887224694,1.301878947591172e-41,0.4489727485466742,0.24513276470522216,GCST90200282,cancerType_celltype,CESC_Epi_CESC,tissue,Tumor,Adjacent,group1_higher,5.063658008570965e-37,6.314807848992056e-41
24361,1057,-0.7340708769243887,-0.16085575098576474,-0.8875679969787598,-0.2292253524065017,1.5853952492502046,1.319147533088508,-0.5732151259386239,-0.6583426445722581,,-0.17081395954590498,-2.1901448463844355,-13.704471872836,-13.704471872836,8.349652326412219e-40,9727013.0,-13.47814405248886,2.1033735461737182e-41,-0.3638931309865149,-0.2444914337816112,GCST90200459,cancerType_celltype,CESC_Epi_CESC,tissue,Tumor,Adjacent,group2_higher,4.5705124983533545e-39,1.0166305473172972e-40
24361,1057,-0.04358946083067165,0.1526058071894205,-0.0496268719434738,0.1391191333532333,0.3704307843105911,0.5851584757070659,-0.19619526802009213,-0.1887460052967071,,-0.1688859312996661,1.8077349557560238,-10.807101718801768,-10.807101718801768,6.176503816935086e-26,9736179.5,-13.438894935943814,3.5774933768894755e-41,-0.5139165500973671,-0.24377946092085323,GCST90199880,cancerType_celltype,CESC_Epi_CESC,tissue,Tumor,Adjacent,group2_higher,2.1152197744930964e-25,1.7230118278093128e-40
24361,1057,-0.23875220925164728,0.2730505492102565,-0.3298210501670837,0.1857726573944091,1.3181713937714472,1.1581409281961168,-0.5118027584619038,-0.5155937075614928,,-0.17011361160446759,0.1936532166734317,-13.979894963743575,-13.979894963743575,3.3335190601280615e-41,9738991.0,-13.426856656211484,4.2091367697630924e-41,-0.3901200031917373,-0.24356108840156865,GCST90200623,cancerType_celltype,CESC_Epi_CESC,tissue,Tumor,Adjacent,group2_higher,1.893161032897728e-40,2.020089231403907e-40
24361,1057,-0.03747609426740528,0.28016853602714314,-0.0760270208120346,0.2091415226459503,0.6782666800692569,0.7554999295122118,-0.3176446302945484,-0.2851685434579849,,-0.20609543928159071,2.902219089037575,-13.436322727768179,-13.436322727768179,2.7025026182439653e-38,9743008.0,-13.409656666994067,5.308553530501921e-41,-0.46599382059178074,-0.24324908327620298,GCST90199656,cancerType_celltype,CESC_Epi_CESC,tissue,Tumor,Adjacent,group2_higher,1.4167350264102017e-37,2.538792442833024e-40
24361,1057,0.4407503757072967,0.0731339073330675,0.4298392236232757,0.0392248854041099,0.8363396739580917,0.9306112978352129,0.3676164683742292,0.3906143382191658,,0.20927492413977727,2.5913329977592925,12.62364610103733,12.62364610103733,2.837394733867611e-34,16005069.0,13.403233967510342,5.788648450619565e-41,0.4373954302981113,0.24313257650795594,GCST90200760,cancerType_celltype,CESC_Epi_CESC,tissue,Tumor,Adjacent,group1_higher,1.2515757353597262e-33,2.758716027340723e-40
24361,1057,0.24816681832148077,-0.011609489220223595,0.2450100183486938,-0.0934101864695549,0.6666239317674956,0.6435384025460833,0.2597763075417044,0.3384202048182487,,0.15054301315518717,4.417815375038574,12.82864977895909,12.82864977895909,2.5570266610339534e-35,15996691.5,13.367363190893737,9.381039403926143e-41,0.3902416087635987,0.24248188620729572,GCST90200852,cancerType_celltype,CESC_Epi_CESC,tissue,Tumor,Adjacent,group1_higher,1.1814329962675519e-34,4.4551765531537744e-40
24361,1057,-0.24984270292723418,0.06213732210401835,-0.3037748336791992,-0.0043772212229669,0.7741026813501483,0.755023580389736,-0.31198002503125255,-0.2993976124562323,,-0.14774719412781115,-2.007470666188861,-13.137689452061897,-13.137689452061897,7.625136408857885e-37,9758332.0,-13.34404236906833,1.2831249518755603e-40,-0.4034297444058813,-0.24205885013179052,GCST90200411,cancerType_celltype,CESC_Epi_CESC,tissue,Tumor,Adjacent,group2_higher,3.8350778322041683e-36,6.0725670465499605e-40
24361,1057,0.03333494278083944,0.2695714367578703,0.0109539097175002,0.2351635247468948,0.4996704471624879,0.5598264545163666,-0.2362364939770309,-0.2242096150293946,,-0.18105404524845575,3.0155225574124693,-13.488141412701847,-13.488141412701847,1.4834832886971748e-38,9761354.0,-13.331102770508451,1.526291332478469e-40,-0.47029710137603253,-0.24182412782936202,GCST90199823,cancerType_celltype,CESC_Epi_CESC,tissue,Tumor,Adjacent,group2_higher,7.837161715093989e-38,7.198391301619908e-40
24361,1057,0.3150739118774375,-0.29724359129001093,0.2421790063381195,-0.2838597595691681,1.4276497254819418,1.2108654528376417,0.6123175031674484,0.5260387659072876,,0.20914356665179726,0.08404432434093861,15.966166465947198,15.966166465947198,3.928618093906313e-52,15975357.0,13.276013136136712,3.1893728659525263e-40,0.431421549767943,0.24082481044251725,GCST90200330,cancerType_celltype,CESC_Epi_CESC,tissue,Tumor,Adjacent,group1_higher,3.0774175068932787e-51,1.4990052469976872e-39
24361,1057,0.008478456588682957,-0.19413091515488767,-0.0016479115001857,-0.2552872598171234,0.5272255331809236,0.5795016491354068,0.20260937174357063,0.25363934831693774,,0.14404390477279666,-4.516921693678036,11.168131084738851,11.168131084738851,1.5082986471894655e-27,15975145.0,13.275105394609678,3.2282580884037877e-40,0.38264259519914307,0.240808344152605,GCST90199854,cancerType_celltype,CESC_Epi_CESC,tissue,Tumor,Adjacent,group1_higher,5.3958295436200564e-27,1.512067276458544e-39
24361,1057,-0.052712520786274454,-0.36321788407772315,-0.0825644731521606,-0.4424016177654266,0.7723156319323224,0.8003060468579405,0.3105053632914487,0.359837144613266,,0.136685615211712,-2.7845942522220373,12.366558453439524,12.366558453439524,4.6433591774093544e-33,15974866.5,13.273912913405534,3.2800581171211034e-40,0.401429682928291,0.2407867127293004,GCST90199858,cancerType_celltype,CESC_Epi_CESC,tissue,Tumor,Adjacent,group1_higher,1.9594113185167027e-32,1.531068223847967e-39
24361,1057,0.03701930053244017,-0.6123911560277495,0.021856727078557,-0.5898503065109253,1.5351722950837696,1.5212006376604301,0.6494104565601897,0.6117070335894823,,0.18666657671984765,-4.04806729161862,13.582526718738514,13.582526718738514,4.3826848558110864e-39,15968263.5,13.245640190278174,4.782003962757292e-40,0.4231805410284889,0.24027384993547662,GCST90200280,cancerType_celltype,CESC_Epi_CESC,tissue,Tumor,Adjacent,group1_higher,2.370475975583536e-38,2.2245294884771976e-39
24361,1057,-0.4111894116508105,-0.03679029910707125,-0.4506479799747467,-0.0813034176826477,0.8549282069970604,0.8614814127830734,-0.37439911254373925,-0.369344562292099,,-0.1608160353522775,-3.4823700992882918,-13.83694332958875,-13.83694332958875,2.190945945821551e-40,9790932.5,-13.20445355938887,8.269999031126688e-40,-0.4377905320947064,-0.2395267308662974,GCST90199888,cancerType_celltype,CESC_Epi_CESC,tissue,Tumor,Adjacent,group2_higher,1.2339914562623034e-39,3.8340165576277806e-39
24361,1057,0.3189541013738967,-0.06382844164580294,0.3111366033554077,-0.0953418612480163,0.8593762118748156,0.9368561157742034,0.3827825430196996,0.406478464603424,,0.1959023306799999,2.3210594203459856,13.047585996843068,13.047585996843068,2.350926040028225e-36,15956843.5,13.196742038208745,9.161489040396221e-40,0.4436854967255406,0.23938684507322194,GCST90200355,cancerType_celltype,CESC_Epi_CESC,tissue,Tumor,Adjacent,group1_higher,1.1362809193469754e-35,4.2329184956135755e-39
24361,1057,-0.8365978609914838,-0.23572259998238004,-1.014040470123291,-0.3523708283901214,1.576581455732523,1.5050714007043615,-0.6008752610091037,-0.6616696417331696,,-0.1449325429096058,-1.8274398294100884,-12.681332484761777,-12.681332484761777,1.3284494300988827e-34,9794162.0,-13.19062548740041,9.936024250261428e-40,-0.3818293203422503,-0.23927589179426134,GCST90199728,cancerType_celltype,CESC_Epi_CESC,tissue,Tumor,Adjacent,group2_higher,5.947682138577097e-34,4.5752706260494345e-39
24361,1057,0.33195881270541233,-0.10264101934704825,0.2768716514110565,-0.1560785919427871,1.088169742541132,1.022411002988139,0.43459983205246056,0.4329502433538436,,0.17949106651326044,1.6933871394886562,13.492200088256872,13.492200088256872,1.196396707353395e-38,15953115.0,13.18077734819203,1.1322139919248047e-39,0.40036211435797386,0.2390972480829492,GCST90199845,cancerType_celltype,CESC_Epi_CESC,tissue,Tumor,Adjacent,group1_higher,6.345092265068784e-38,5.1959854242205684e-39
24361,1057,-0.29993135730984133,0.06650867291923097,-0.3444576263427734,0.0339027494192123,0.8386241663006285,0.8735726425359854,-0.3664400302290723,-0.37836037576198567,,-0.15508623127076873,-2.1730010902824097,-13.372957581623442,-13.372957581623442,5.337125900466982e-38,9799472.0,-13.167889131228023,1.343040346721246e-39,-0.436183516787598,-0.23886345783466656,GCST90200060,cancerType_celltype,CESC_Epi_CESC,tissue,Tumor,Adjacent,group2_higher,2.7659705712306067e-37,6.142832189869323e-39
24361,1057,0.5746210202037794,0.2119686452206293,0.5581579208374023,0.1383586972951889,0.9359684255144483,0.9047701608682973,0.36265237498315006,0.41979922354221344,,0.16790854580911838,1.4387555990234129,12.738962504920266,12.738962504920266,7.033237595558296e-35,15935372.5,13.104807517798701,3.090540016176164e-39,0.3879909318103267,0.23771916719253294,GCST90200647,cancerType_celltype,CESC_Epi_CESC,tissue,Tumor,Adjacent,group1_higher,3.1742724644854163e-34,1.4088314521900039e-38
24361,1057,0.2992768627802924,-0.03701537241674643,0.2674129009246826,-0.0797571018338203,0.8506774187123758,0.7891177862653559,0.3362922351970388,0.3471700027585029,,0.16165746971216377,3.0152501444218007,13.518560651374631,13.518560651374631,8.654475954209285e-39,15930645.0,13.084565309925825,4.034730333149593e-39,0.3964734738039966,0.2373519766946075,GCST90199690,cancerType_celltype,CESC_Epi_CESC,tissue,Tumor,Adjacent,group1_higher,4.644114458892621e-38,1.833112481360965e-38
24361,1057,0.5591563796240583,0.22539799435631624,0.5130158066749573,0.1398228406906128,0.8998124246571341,0.8827860034104863,0.33375838526774204,0.3731929659843445,,0.16188897935673927,1.310773320300977,12.023743641878488,12.023743641878488,1.856734680398262e-31,15921398.5,13.044973649408314,6.788236628157015e-39,0.3712091491670306,0.23663379013954278,GCST90200026,cancerType_celltype,CESC_Epi_CESC,tissue,Tumor,Adjacent,group1_higher,7.4652783757605635e-31,3.0738759216538245e-38
24361,1057,-0.023317949151585075,0.5842090426180283,-0.0875696241855621,0.3659388422966003,1.1553460628219177,1.413800753192475,-0.6075269917696133,-0.45350846648216236,,-0.22116920993821335,4.646912477122038,-13.772487670660393,-13.772487670660393,5.608860442628888e-40,9834620.0,-13.01739243692537,9.744463790412392e-39,-0.5204885313656538,-0.2361334712411004,GCST90200476,cancerType_celltype,CESC_Epi_CESC,tissue,Tumor,Adjacent,group2_higher,3.12035787073599e-39,4.397915280242414e-38
24361,1057,0.3612771937287497,0.06306210710975899,0.3216365575790405,0.1000415161252021,0.6421937932798855,0.8681912916337873,0.29821508661899077,0.22159504145383843,,0.18231131317124175,2.518242019992738,11.037147247159288,11.037147247159288,6.063555013580081e-27,15911115.5,13.00094390354755,1.2084587379453773e-38,0.4565849811172731,0.23583509740761954,GCST90199955,cancerType_celltype,CESC_Epi_CESC,tissue,Tumor,Adjacent,group1_higher,2.1466559697427662e-26,5.436070164420955e-38
24361,1057,0.12169772305401083,-0.055472726168092464,0.1296897083520889,-0.1024569571018219,0.4708676276274025,0.6058601098749975,0.1771704492221033,0.2321466654539108,,0.1455303262433589,1.1334374907888507,9.385096364223394,9.385096364223394,3.4239233917572416e-20,15910529.0,12.998432628049413,1.2487992992709286e-38,0.3712418460201395,0.2357895432612349,GCST90200896,cancerType_celltype,CESC_Epi_CESC,tissue,Tumor,Adjacent,group1_higher,9.524097108092082e-20,5.599057384560118e-38
24361,1057,-0.1462429413819588,0.10196562130354404,-0.1652865558862686,0.0335693173110485,0.46945479645886606,0.6184550090838978,-0.24820856268550284,-0.1988558731973171,,-0.2036261753183099,-0.5202798933808361,-12.887956828072921,-12.887956828072921,1.617618215620784e-35,9843866.5,-12.97780077640786,1.6351288381635453e-38,-0.5208185014338671,-0.2354152846860358,GCST90200525,cancerType_celltype,CESC_Epi_CESC,tissue,Tumor,Adjacent,group2_higher,7.57667913364649e-35,7.307149529235778e-38
24361,1057,0.11797474965059054,-0.09309849613117073,0.0833815187215805,-0.1746148914098739,0.6250430104858682,0.7453423046248715,0.2110732457817613,0.2579964101314544,,0.1341291829781954,0.3416450739579665,9.069599822116606,9.069599822116606,5.214813633994831e-19,15901622.0,12.960294638515052,2.0546258193119346e-38,0.33477201841447535,0.23509772607138357,GCST90200894,cancerType_celltype,CESC_Epi_CESC,tissue,Tumor,Adjacent,group1_higher,1.3616457822097616e-18,9.151813698438453e-38
24361,1057,0.2931927469336956,-0.11769736267788408,0.2820533812046051,-0.2001459598541259,0.9575368165515651,1.1265294628182905,0.4108901096115797,0.48219934105873097,,0.1793527991487078,1.316760083898437,11.676644920892366,11.676644920892366,8.187830986070394e-30,15900226.0,12.954317246195531,2.2210956554550915e-38,0.4257277533852119,0.23498929710573502,GCST90200462,cancerType_celltype,CESC_Epi_CESC,tissue,Tumor,Adjacent,group1_higher,3.1173222441379743e-29,9.86108592307912e-38
24361,1057,-0.240387229850911,-0.00549252321729974,-0.2681311368942261,-0.0197635907679796,0.5414176113483753,0.5884531528426846,-0.23489470663361126,-0.24836754612624648,,-0.1494481336126999,-5.451490744363035,-12.745767676807253,-12.745767676807253,7.134634856638454e-35,9850294.0,-12.950279509120096,2.3410667651297645e-38,-0.43222640089801995,-0.23491605318409692,GCST90200597,cancerType_celltype,CESC_Epi_CESC,tissue,Tumor,Adjacent,group2_higher,3.2094083530027107e-34,1.0359980522311263e-37
24361,1057,0.9658417111689205,0.30471156549273465,0.8187398314476013,0.1919521540403366,1.6643540110733446,1.2133116808329978,0.6611301456761858,0.6267876774072647,,0.19996414501146226,1.6643392693384766,17.03373228275966,17.03373228275966,1.3290641388663175e-58,15898851.0,12.948429771668783,2.398157656283115e-38,0.40115331311385816,0.23488249923484172,GCST90200137,cancerType_celltype,CESC_Epi_CESC,tissue,Tumor,Adjacent,group1_higher,1.284762000904107e-57,1.0578281182892835e-37
24361,1057,-0.0731180100147709,0.23435351104195148,-0.1193615719676017,0.2003277540206909,0.6845275472125086,0.7745675561189376,-0.3074715210567224,-0.3196893259882926,,-0.17442557788852547,1.6803741227644697,-12.692477045742395,-12.692477045742395,1.330919334017619e-34,9856991.0,-12.921604296825091,3.3998744398385093e-38,-0.4465797304935096,-0.2343958892994631,GCST90200765,cancerType_celltype,CESC_Epi_CESC,tissue,Tumor,Adjacent,group2_higher,5.947682138577097e-34,1.4948480198386737e-37
24361,1057,-0.23164621935119914,0.11854092069899472,-0.2573926448822021,0.0866242870688438,0.7376581892817804,0.8678025599195919,-0.35018714005019386,-0.3440169319510459,,-0.19287089726727977,-0.9665320262802608,-12.918543720667993,-12.918543720667993,1.0737047482676739e-35,9857717.0,-12.918495710274968,3.54004482684867e-38,-0.47098598943825914,-0.23433950002363146,GCST90200178,cancerType_celltype,CESC_Epi_CESC,tissue,Tumor,Adjacent,group2_higher,5.081456846836249e-35,1.5514730221848031e-37
24361,1057,0.2050639529637512,0.0021834498122219937,0.1956148743629455,-0.082236036658287,0.5463197190119476,0.7783440608284702,0.20288050315152922,0.2778509110212325,,0.14431673143162094,6.552667175760833,8.385198062346014,8.385198062346014,1.5321614174307414e-16,15889325.0,12.907641348147472,4.0760699174821944e-38,0.36366024834915534,0.23414260358529382,GCST90200555,cancerType_celltype,CESC_Epi_CESC,tissue,Tumor,Adjacent,group1_higher,3.6766479083769373e-16,1.7806677235667406e-37
24361,1057,-0.18039756803626963,0.15920929858075983,-0.2349704355001449,0.1518493294715881,0.8741749188359892,0.8439673596234895,-0.33960686661702943,-0.386819764971733,,-0.14987531605846888,-0.1802542266503286,-12.788163813607591,-12.788163813607591,4.0381347090668015e-35,9863591.0,-12.8933444190967,4.907015821763776e-38,-0.3890377503951909,-0.23388325951917577,GCST90200200,cancerType_celltype,CESC_Epi_CESC,tissue,Tumor,Adjacent,group2_higher,1.8531911139589397e-34,2.1368251006594334e-37
24361,1057,-0.6048902912579831,-0.18299723176797544,-0.6679609417915344,-0.2881822288036346,1.0459211497094871,1.0129264181619992,-0.42189305949000766,-0.37977871298789984,,-0.17372481592950093,-1.7248461816207339,-13.238592193701713,-13.238592193701713,2.3666598222733994e-37,9866670.0,-12.880160757956439,5.821579444005312e-38,-0.4038912177911043,-0.23364410995955387,GCST90200616,cancerType_celltype,CESC_Epi_CESC,tissue,Tumor,Adjacent,group2_higher,1.1991662965645516e-36,2.527010440184471e-37
24361,1057,0.7666141180705213,0.32816140181821124,0.7444919943809509,0.3246692717075348,1.0555708159722526,1.0131638549573365,0.43845271625231,0.41982272267341614,,0.18490212083761942,1.2240924931128485,13.749505151385316,13.749505151385316,5.876783403105776e-40,15875610.0,12.848916465867942,8.722580795150614e-38,0.4160513297600088,0.2330773433676212,GCST90200526,cancerType_celltype,CESC_Epi_CESC,tissue,Tumor,Adjacent,group1_higher,3.256120235135436e-39,3.7742468646953286e-37
24361,1057,-0.03497502297826908,0.3026405472574985,-0.0703220143914222,0.2993134260177612,0.7790012322318753,0.9156140013874556,-0.3376155702357676,-0.3696354404091834,,-0.14906424799459428,3.1131718982638104,-11.8040876185093,-11.8040876185093,2.1383242366936277e-30,9876004.0,-12.840194439969045,9.763166023906076e-38,-0.4300009592440712,-0.23291912717634156,GCST90200575,cancerType_celltype,CESC_Epi_CESC,tissue,Tumor,Adjacent,group2_higher,8.375103260383375e-30,4.211137750184804e-37
24361,1057,0.21113858626719353,0.023438690985765974,0.1947756856679916,-0.0394098386168479,0.538234207641464,0.670677079252447,0.18769989528142755,0.23418552428483952,,0.14082220733117312,3.1711716375219337,8.974354834202572,8.974354834202572,1.1810613453160468e-18,15857900.0,12.773085793963427,2.3178635969544292e-37,0.3447963627219031,0.2317017867905169,GCST90200117,cancerType_celltype,CESC_Epi_CESC,tissue,Tumor,Adjacent,group1_higher,3.0430748840562793e-18,9.966082279649486e-37
24361,1057,0.05957786616112696,-0.14998027514432827,0.0732176154851913,-0.2111450284719467,0.5934114600015153,0.6416810444318155,0.20955814130545522,0.284362643957138,,0.14597561577084872,-1.331909821246478,10.425840671375612,10.425840671375612,2.2824894236842296e-24,15855817.5,12.764168946180186,2.5991690846635672e-37,0.3519058507931243,0.23154003656060063,GCST90200067,cancerType_celltype,CESC_Epi_CESC,tissue,Tumor,Adjacent,group1_higher,7.337342180381144e-24,1.1140463718227806e-36
24361,1057,-0.5646517444778913,-0.18028731130857845,-0.6300095915794373,-0.2731165885925293,0.9385507781294673,0.9494983454201273,-0.3843644331693129,-0.35689300298690796,,-0.1770721818468274,-1.6470580328232332,-12.890521001256502,-12.890521001256502,1.321658179334834e-35,9897719.0,-12.74721516044298,3.230905063419972e-37,-0.4093302305908129,-0.23123249752801767,GCST90200819,cancerType_celltype,CESC_Epi_CESC,tissue,Tumor,Adjacent,group2_higher,6.23328753783176e-35,1.3804776180067154e-36
24361,1057,0.015235743953507738,0.2769796934074946,-0.009206524118781,0.3010747134685516,0.5069898864278997,0.7447382838329514,-0.2617439494539869,-0.31028123758733256,,-0.19752896900820896,4.184158877250692,-11.313249536661207,-11.313249536661207,3.794692768044233e-28,9906072.0,-12.711449287917942,5.108030798649273e-37,-0.5042838518021052,-0.2305837101712389,GCST90200452,cancerType_celltype,CESC_Epi_CESC,tissue,Tumor,Adjacent,group2_higher,1.3829321504931254e-27,2.175701868299675e-36
24361,1057,-0.508326432172705,-0.1248036728411483,-0.6049531698226929,-0.1230396330356597,1.0413265194017147,1.0057365419752282,-0.3835227593315567,-0.4819135367870332,,-0.14600985222181945,-2.026086137231585,-12.119141287129558,-12.119141287129558,6.560347725304437e-32,9909673.0,-12.696030527357346,6.220740688678911e-37,-0.3688172562135388,-0.23030401625626706,GCST90199786,cancerType_celltype,CESC_Epi_CESC,tissue,Tumor,Adjacent,group2_higher,2.677171841194595e-31,2.6413923858783037e-36
24361,1057,-0.10224466382554291,0.3614842382276408,-0.1745445281267166,0.2686571776866913,1.1945161747216348,1.103643996062571,-0.46372890205318373,-0.4432017058134079,,-0.15595957796514684,1.8218970731685757,-13.326213421212257,-13.326213421212257,8.160998308953344e-38,9909902.5,-12.695047854336336,6.299315736885768e-37,-0.3894006393389246,-0.2302861907207252,GCST90200999,cancerType_celltype,CESC_Epi_CESC,tissue,Tumor,Adjacent,group2_higher,4.181744622219326e-37,2.6664494873836345e-36
24361,1057,0.11390798277802194,-0.07153400079449732,0.0988043770194053,-0.1208763942122459,0.5234380954501747,0.6045005355017157,0.18544198357251926,0.2196807712316512,,0.17012524808190335,0.6711603168054099,9.815151492660537,9.815151492660537,7.097613929325717e-22,15838460.5,12.689849749554174,6.7316635122753466e-37,0.35184598053429716,0.23019189790962402,GCST90200833,cancerType_celltype,CESC_Epi_CESC,tissue,Tumor,Adjacent,group1_higher,2.0626967560065996e-21,2.840636955799163e-36
24361,1057,0.26129026315298914,0.07156453911469099,0.2447336316108703,-0.0059583932161331,0.5481481550913551,0.68642527494835,0.18972572403829815,0.2506920248270034,,0.12938511137309966,1.8683219255382801,8.864288346387585,8.864288346387585,2.98833246575563e-18,15826316.0,12.637849433634106,1.3058024984387068e-36,0.34210686211457625,0.22924862027830595,GCST90200242,cancerType_celltype,CESC_Epi_CESC,tissue,Tumor,Adjacent,group1_higher,7.58491089539092e-18,5.493237053617152e-36
24361,1057,0.14788669898239581,-0.14298910524122516,0.1015920042991638,-0.1671051830053329,0.7045379025034469,0.7381654654925062,0.29087580422362097,0.2686971873044967,,0.2012823290959716,0.048586739257167395,12.565324883816789,12.565324883816789,5.211215416427051e-34,15825260.0,12.633327853197562,1.3830678485569834e-36,0.41202466136949967,0.22916659951345997,GCST90199753,cancerType_celltype,CESC_Epi_CESC,tissue,Tumor,Adjacent,group1_higher,2.2838863706077398e-33,5.8003737771789796e-36
24361,1057,0.5411520815426927,0.11311433697901331,0.4999992549419403,0.036440085619688,1.1112357599608362,1.0419234484622635,0.4280377445636794,0.46355916932225233,,0.15123150603967528,2.2582422083753175,13.038354269792464,13.038354269792464,2.2933677931118617e-36,15813717.0,12.583903039770467,2.589214553119344e-36,0.38616152724279673,0.22827004109620908,GCST90200712,cancerType_celltype,CESC_Epi_CESC,tissue,Tumor,Adjacent,group1_higher,1.1124058014275684e-35,1.0825458392336399e-35
24361,1057,0.1869081372737103,-0.05292765181397097,0.1727862060070037,-0.0885767862200737,0.6492802059894329,0.9252824281798442,0.23983578908768127,0.2613629922270774,,0.14226412305056335,1.820216287087836,8.33847748302239,8.33847748302239,2.2236744886432006e-16,15811506.0,12.574435980731456,2.9188382039162905e-36,0.361721833377472,0.22809831011981285,GCST90200023,cancerType_celltype,CESC_Epi_CESC,tissue,Tumor,Adjacent,group1_higher,5.280258411185858e-16,1.2166288905008878e-35
24361,1057,-0.28033327187473467,-0.02817683406016411,-0.3221603631973266,-0.089482344686985,0.5781342614670213,0.6473786420948386,-0.25215643781457053,-0.2326780185103416,,-0.1720530365180967,-3.3145155041430785,-12.449795176263596,-12.449795176263596,1.9538338847042962e-33,9938721.0,-12.571652810955175,3.0234459290938476e-36,-0.4338730900536992,-0.22804782385357247,GCST90199937,cancerType_celltype,CESC_Epi_CESC,tissue,Tumor,Adjacent,group2_higher,8.374451524691685e-33,1.2563892687057665e-35
24361,1057,-0.3206504740004353,-0.028583144162435264,-0.3473697900772095,-0.0689344629645347,0.7049766109913327,0.7110253031481176,-0.292067329838,-0.27843532711267477,,-0.17735788637626307,-3.4877190387916652,-13.078722429699988,-13.078722429699988,1.5460744743448706e-36,9941746.0,-12.55870036699633,3.561440483280783e-36,-0.4141454008310054,-0.2278128685376074,GCST90200460,cancerType_celltype,CESC_Epi_CESC,tissue,Tumor,Adjacent,group2_higher,7.580214059467836e-36,1.475453914502039e-35
24361,1057,0.4242835353494746,-0.007228477113587692,0.3423667848110199,-0.1000013872981071,1.1448055121437846,0.9138182532239378,0.4315120124630623,0.442368172109127,,0.1890562898102255,5.874996979756981,14.854749950886903,14.854749950886903,5.8279589726590435e-46,15807764.0,12.55841348641939,3.574375448209352e-36,0.37980406201765493,0.22780766456862578,GCST90199646,cancerType_celltype,CESC_Epi_CESC,tissue,Tumor,Adjacent,group1_higher,3.711919663427232e-45,1.4763253745179838e-35
24361,1057,0.1369365728719845,-0.14064861850064592,0.125297874212265,-0.2424754500389099,0.7594591655805312,0.7037306169065595,0.2775851913726304,0.3677733242511749,,0.15136636432719508,-0.03858729252549057,12.511877201759564,12.511877201759564,8.568396049966323e-34,15805212.0,12.547486333697744,4.103409486568572e-36,0.3665819921200724,0.22760944772024794,GCST90200062,cancerType_celltype,CESC_Epi_CESC,tissue,Tumor,Adjacent,group1_higher,3.7312216664869325e-33,1.6897121239253666e-35
24361,1057,0.1891647913142911,-0.03737430625255846,0.1564998924732208,-0.1227741241455078,0.5958140147843464,0.6789332649926455,0.22653909756684956,0.2792740166187286,,0.16359972485818292,2.3394939098326093,10.671269790124576,10.671269790124576,2.1542333581776398e-25,15801707.0,12.532478625904107,4.958962775168576e-36,0.3778819454949461,0.2273372102384439,GCST90200004,cancerType_celltype,CESC_Epi_CESC,tissue,Tumor,Adjacent,group1_higher,7.196617811755204e-25,2.03586333209481e-35
24361,1057,0.42233043414294524,0.10138189294627144,0.37988942861557,-0.0259396210312843,0.8171365738958658,0.8584470913126658,0.3209485411966738,0.4058290496468543,,0.1869790622784132,2.058561394253385,11.923014564507831,11.923014564507831,5.703646623165325e-31,15801268.0,12.530598915855203,5.077913264571991e-36,0.39192906409197165,0.22730311259093683,GCST90200048,cancerType_celltype,CESC_Epi_CESC,tissue,Tumor,Adjacent,group1_higher,2.2599041707483545e-30,2.0784371710545417e-35
24361,1057,-0.05369251470708471,0.2222826313509367,-0.0950891897082328,0.1626285463571548,0.6496380111312405,0.6894301003988725,-0.2759751460580214,-0.2577177360653876,,-0.16966022731675504,2.0495819642463116,-12.77052508154674,-12.77052508154674,5.311918449686039e-35,9949971.5,-12.523480423927408,5.554649064637864e-36,-0.42370384597090494,-0.22717398425612967,GCST90199702,cancerType_celltype,CESC_Epi_CESC,tissue,Tumor,Adjacent,group2_higher,2.4133816156406908e-34,2.2667624775752722e-35
24361,1057,0.19721039208290897,-0.25795507867417017,0.1415990144014358,-0.3318415284156799,1.2680664044207848,1.0091076381067214,0.45516547075707914,0.4734405428171157,,0.14442490317344023,-0.3873825510370533,14.186618630665155,14.186618630665155,2.3199346034560496e-42,15782732.0,12.451231477434982,1.3770756545775443e-35,0.36171077936273766,0.22586339962011803,GCST90199756,cancerType_celltype,CESC_Epi_CESC,tissue,Tumor,Adjacent,group1_higher,1.3513123352609383e-41,5.602848111012516e-35
24361,1057,0.11277839711985319,-0.38436762092546595,-0.025092838332057,-0.5000060200691223,1.318973430687781,1.04272798757555,0.4971460180453191,0.4749131817370653,,0.1768403877311931,-1.7689870262928509,14.989096523505951,14.989096523505951,1.0433343126763213e-46,15779287.0,12.436480677620692,1.656471120699988e-35,0.37989012000652594,0.22559582240904374,GCST90199704,cancerType_celltype,CESC_Epi_CESC,tissue,Tumor,Adjacent,group1_higher,6.936900820379639e-46,6.719553980696678e-35
24361,1057,-0.5185289582741475,0.040439552724280306,-0.6583892107009888,-0.0979710146784782,1.360067456634953,1.4651703917166676,-0.5589685109984278,-0.5604181960225105,,-0.18830374157565422,-3.680552723094316,-12.177726951031774,-12.177726951031774,3.7355816946053445e-32,9970816.0,-12.434228451001733,1.7038247639711e-35,-0.40962211681441235,-0.2255549673689785,GCST90199748,cancerType_celltype,CESC_Epi_CESC,tissue,Tumor,Adjacent,group2_higher,1.5382470845157357e-31,6.891136953390532e-35
24361,1057,-0.2550174158205177,-0.051712708652727465,-0.2792661488056183,-0.0854860246181488,0.5032543899371189,0.503980470793361,-0.2033047071677902,-0.19378012418746948,,-0.1551169073931772,-2.3019827565431195,-12.840268042466702,-12.840268042466702,2.3138974244034665e-35,9975970.5,-12.412157914675824,2.2452487663851268e-35,-0.40395576552344337,-0.2251546112776921,GCST90199712,cancerType_celltype,CESC_Epi_CESC,tissue,Tumor,Adjacent,group2_higher,1.0727354385924915e-34,9.054065291665466e-35
24361,1057,0.5822279927578934,0.28941430226561865,0.5489880442619324,0.2872307896614074,0.7478379157473942,0.7147872307367384,0.29281369049227474,0.26175725460052496,,0.19515429514241342,1.0084454783445504,13.012964870412713,13.012964870412713,3.122820762538432e-36,15764905.5,12.37490197587056,3.573398109714338e-35,0.3922519840489629,0.22447879435068008,GCST90200069,cancerType_celltype,CESC_Epi_CESC,tissue,Tumor,Adjacent,group1_higher,1.4987340490633393e-35,1.4367379420473873e-34
24361,1057,-0.48221817447103127,-0.19868923284144466,-0.5315947532653809,-0.327999472618103,0.5929905623997143,0.7403161117857952,-0.28352894162958664,-0.20359528064727783,,-0.18117716518496824,-1.2791680632001736,-12.281610317179005,-12.281610317179005,1.30699787114847e-32,9990838.0,-12.348498258292967,4.963050763065229e-35,-0.47268007283732655,-0.22399983502641618,GCST90199830,cancerType_celltype,CESC_Epi_CESC,tissue,Tumor,Adjacent,group2_higher,5.447822930811512e-32,1.98959946766409e-34
24361,1057,-0.6003496918578448,-0.274328882717012,-0.6599117517471313,-0.3284639120101928,0.7673833018116049,0.8526984137616773,-0.3260208091408328,-0.33144783973693853,,-0.19075890579104451,-1.129893706739141,-12.21764809764421,-12.21764809764421,2.46637094166836e-32,9991581.0,-12.345316881148694,5.163192960117291e-35,-0.4227908787192144,-0.22394212534054447,GCST90200307,cancerType_celltype,CESC_Epi_CESC,tissue,Tumor,Adjacent,group2_higher,1.0217822472626062e-31,2.0637630512140378e-34
24361,1057,0.048981320783438254,-0.14657320979631938,0.0392464846372604,-0.1992321014404297,0.5577619477660628,0.5919375468325166,0.19555453057975763,0.2384785860776901,,0.16151289479898956,-1.5812982434119653,10.539531857880537,10.539531857880537,7.575008001500932e-25,15756213.5,12.337684573262202,5.676641974309011e-35,0.34968941051372704,0.22380367646427746,GCST90199985,cancerType_celltype,CESC_Epi_CESC,tissue,Tumor,Adjacent,group1_higher,2.47595585276877e-24,2.2623576055506378e-34
24361,1057,-0.37606300195324016,0.2594718596974675,-0.4540017545223236,0.0971205830574035,1.5014855777134422,1.5633565142844308,-0.6355348616507077,-0.5511223375797271,,-0.1597765417390969,-0.5353945699334779,-12.95977434283956,-12.95977434283956,6.166427304992978e-36,9995288.0,-12.329444249824581,6.288056318955056e-35,-0.4225330387854065,-0.2236541982806164,GCST90200042,cancerType_celltype,CESC_Epi_CESC,tissue,Tumor,Adjacent,group2_higher,2.938755390456444e-35,2.498723254441907e-34
24361,1057,0.12179874442765014,-0.10361534115374212,0.1074375733733177,-0.1641234010457992,0.6192513461779717,0.6997725002320849,0.22541408558139225,0.2715609744191169,,0.14793693225290877,0.2332595601366805,10.299259167629257,10.299259167629257,7.753616551699693e-24,15753117.0,12.324425980627964,6.692006722514311e-35,0.3619341080861889,0.22356316765902595,GCST90200558,cancerType_celltype,CESC_Epi_CESC,tissue,Tumor,Adjacent,group1_higher,2.446337814807102e-23,2.651513128717153e-34
24361,1057,0.5058624946005402,0.010399964905468182,0.4631917476654053,-0.0609838776290416,1.3301104747131218,1.1983325270670997,0.49546252969507204,0.5241756252944468,,0.16565281111378347,5.603958851887542,13.096723411763707,13.096723411763707,1.127263673955132e-36,15752683.0,12.32256767957734,6.848046441974288e-35,0.37396325738277086,0.22352945836741323,GCST90199814,cancerType_celltype,CESC_Epi_CESC,tissue,Tumor,Adjacent,group1_higher,5.6075196627768064e-36,2.705474579829262e-34
24361,1057,0.15979814963992756,-0.15638942555404428,0.1288810968399047,-0.1814444959163665,0.8567018169641288,0.7788677078491089,0.31618757519397184,0.3103255927562712,,0.13993165041929922,0.03110753959382562,12.86496848193695,12.86496848193695,1.6028618361825156e-35,15751501.5,12.317508733283992,7.291397352440716e-35,0.37041255008671264,0.22343768986962398,GCST90200513,cancerType_celltype,CESC_Epi_CESC,tissue,Tumor,Adjacent,group1_higher,7.533450630057824e-35,2.872304795195577e-34
24361,1057,0.07246407272060648,-0.12782275839243415,0.0629536584019661,-0.1482642889022827,0.529646370831804,0.7848830620807884,0.20028683111304063,0.21121794730424878,,0.13079185828981846,-0.8187983061837694,8.21554504670662,8.21554504670662,5.893045552936283e-16,15750013.0,12.311135274496309,7.890748300464034e-35,0.3690924613190005,0.22332207631993328,GCST90199833,cancerType_celltype,CESC_Epi_CESC,tissue,Tumor,Adjacent,group1_higher,1.3824821150864293e-15,3.0994495485684375e-34
24361,1057,-0.5248663125899766,0.05520366133713184,-0.6520046591758728,-0.0931783989071846,1.453170313711786,1.5307254766593172,-0.5800699739271085,-0.5588262602686882,,-0.18237178892758732,-3.2490907582914423,-12.086237250044812,-12.086237250044812,9.912611217353998e-32,10001415.0,-12.30320966333339,8.704747497684655e-35,-0.3982698172428522,-0.2231783069679164,GCST90200451,cancerType_celltype,CESC_Epi_CESC,tissue,Tumor,Adjacent,group2_higher,4.021097943230208e-31,3.4093594365931562e-34
24361,1057,0.37474381292381903,-0.16727951864770368,0.2753824293613434,-0.1849183738231659,1.383178263373132,1.1431086136795359,0.5420233315715227,0.4603008031845093,,0.181145591155344,1.1636390689961824,14.948362902687359,14.948362902687359,1.917419424339228e-46,15744228.0,12.286365063487407,1.0722258442442632e-34,0.39447445481827403,0.22287274855039363,GCST90200635,cancerType_celltype,CESC_Epi_CESC,tissue,Tumor,Adjacent,group1_higher,1.2564628246992154e-45,4.187518125229028e-34
24361,1057,-0.43758959354326415,0.07043191623111196,-0.5156278610229492,-0.0448105409741401,1.3660568303760638,1.2273405708315948,-0.5080215097743761,-0.4708173200488091,,-0.16077706601187722,-2.6352600032925393,-13.109480647849843,-13.109480647849843,9.70637387110809e-37,10005409.0,-12.286108155508058,1.0756378017962384e-34,-0.3733873654880534,-0.22286808827966376,GCST90199810,cancerType_celltype,CESC_Epi_CESC,tissue,Tumor,Adjacent,group2_higher,4.846076038945175e-36,4.18884092528078e-34
24361,1057,0.2189280587827672,0.046766789052384315,0.2362921237945556,0.0636351630091667,0.4249382488880183,0.6300921865338921,0.17216126973038287,0.1726569607853889,,0.11590472334133885,2.2268763262463325,8.796812335252032,8.796812335252032,5.356034841740549e-18,15740740.0,12.271430146287917,1.2895865806061334e-34,0.39541747723255,0.22260183147862977,GCST90200370,cancerType_celltype,CESC_Epi_CESC,tissue,Tumor,Adjacent,group1_higher,1.3444337917665504e-17,5.007710852895042e-34
24361,1057,0.03954757782631106,-0.46993822328545426,-0.0357156693935394,-0.511890709400177,1.285436451181905,1.1793166813347473,0.5094858011117653,0.4761750400066376,,0.1680675873979505,-3.570776465536527,13.696966089008127,13.696966089008127,1.0395588166121802e-39,15737192.0,12.25623832110908,1.5555893550254246e-34,0.39766224506273323,0.22232625413613594,GCST90200414,cancerType_celltype,CESC_Epi_CESC,tissue,Tumor,Adjacent,group1_higher,5.667674668169606e-39,6.0234894627831075e-34
24361,1057,-0.19776283850163326,-0.37541546159958716,-0.2133542597293853,-0.5076459646224976,0.5734578892360938,0.7547015005243358,0.1776526230979539,0.2942917048931123,,0.11523102471937867,-0.924713261500818,7.55894310954922,7.55894310954922,8.484614910682412e-14,15726493.5,12.210429487491323,2.7344909287685267e-34,0.3051857984594646,0.22149528902940818,GCST90200609,cancerType_celltype,CESC_Epi_CESC,tissue,Tumor,Adjacent,group1_higher,1.821185846182697e-13,1.0558388487001422e-33
24361,1057,0.3855637807306616,0.16321063441313133,0.422686219215393,0.167762741446495,0.5662579224902813,0.7090885737459997,0.22235314631753028,0.254923477768898,,0.14485625402755473,1.2402293727948515,10.056653081814112,10.056653081814112,7.798759468069071e-23,15719408.0,12.180090796030033,3.968502501713491e-34,0.3881173803216047,0.22094494989179814,GCST90199653,cancerType_celltype,CESC_Epi_CESC,tissue,Tumor,Adjacent,group1_higher,2.367418520039676e-22,1.527985567750138e-33
24361,1057,-0.2907590363665315,0.07559440569188217,-0.3371752798557281,0.0058828783221542,0.8757018250931343,0.9585296368363058,-0.3663534420584137,-0.3430581581778823,,-0.17958167248362233,-1.9434585285837993,-12.206956948500325,-12.206956948500325,2.746022287582512e-32,10044546.0,-12.118531362378352,8.425761662537728e-34,-0.4166428263558512,-0.21982827135373917,GCST90200629,cancerType_celltype,CESC_Epi_CESC,tissue,Tumor,Adjacent,group2_higher,1.1341904175681708e-31,3.2350177876165986e-33
24361,1057,1.0014775231680368,0.5575250197816976,0.924077808856964,0.3563460111618042,1.2301195323928402,1.3034980674677723,0.4439525033863393,0.5677317976951598,,0.16596022424853382,0.8450204403031369,10.86502626171463,10.86502626171463,3.109789367474384e-26,15700657.0,12.099802770683809,1.058679763473054e-33,0.35998428142321237,0.21948853761753062,GCST90199875,cancerType_celltype,CESC_Epi_CESC,tissue,Tumor,Adjacent,group1_higher,1.0757976923521792e-25,4.053316060712845e-33
24361,1057,-0.24490791224891512,-0.023342631151475664,-0.2837421596050262,-0.1079932898283004,0.48763094025157394,0.5843835664341719,-0.22156528109743945,-0.17574886977672577,,-0.1966399398313214,-3.3911443767139144,-12.144456872913285,-12.144456872913285,5.673215713158101e-32,10054919.0,-12.074116254548564,1.4471432647781036e-33,-0.45030862251770815,-0.21902258821572096,GCST90200210,cancerType_celltype,CESC_Epi_CESC,tissue,Tumor,Adjacent,group2_higher,2.322100005115463e-31,5.525087590735449e-33
24361,1057,0.16068770904432364,0.646934567252174,0.0882077515125274,0.5161150097846985,1.3015379235337607,1.1765831999736451,-0.4862468582078504,-0.4279072582721711,,-0.14966415091742366,2.009353471345018,-13.092965370239188,-13.092965370239188,1.1812761985444141e-36,10056016.0,-12.069419120326133,1.532159363658438e-33,-0.3750209012023768,-0.21893738293254295,GCST90199691,cancerType_celltype,CESC_Epi_CESC,tissue,Tumor,Adjacent,group2_higher,5.8548343949674055e-36,5.833332996275003e-33
24361,1057,-0.37603598076170514,0.19649512082243176,-0.4504886269569397,0.1043037474155426,1.5429219207580476,1.4129989986469127,-0.5725311015841369,-0.5547923743724823,,-0.15262149609381315,-0.9363737170020477,-12.845220671960305,-12.845220671960305,2.019127421847718e-35,10060237.0,-12.05134564397893,1.9081415117380942e-33,-0.37231925684767325,-0.2186095328866956,GCST90200378,cancerType_celltype,CESC_Epi_CESC,tissue,Tumor,Adjacent,group2_higher,9.392732682520272e-35,7.244559555707584e-33
24361,1057,0.4415299168644697,0.03452966845631353,0.3808706998825073,0.0106100058183074,1.025034729207858,1.0451746165865408,0.4070002484081562,0.3702606940641999,,0.15734451122496576,3.6765642940082115,12.40409571429348,12.40409571429348,3.039373298102848e-33,15687822.0,12.0448458721014,2.064673069373851e-33,0.39673304070359267,0.21849162803722955,GCST90200880,cancerType_celltype,CESC_Epi_CESC,tissue,Tumor,Adjacent,group1_higher,1.2905500951134521e-32,7.817081648768219e-33
24361,1057,0.3168433857541941,-0.15748476744762158,0.2419556528329849,-0.2854984402656555,1.2845604930720427,1.3737990262646547,0.47432815320181565,0.5274540930986404,,0.14223726277695717,1.0085529992898463,11.018134453248635,11.018134453248635,6.77124871544477e-27,15683280.0,12.02539793806468,2.6133278882805714e-33,0.368155350125526,0.21813884554297736,GCST90200559,cancerType_celltype,CESC_Epi_CESC,tissue,Tumor,Adjacent,group1_higher,2.3848093021062589e-26,9.866941583729693e-33
24361,1057,0.04602505802270941,0.43234825785608405,-0.0272055529057979,0.4238212704658508,1.0102195723463512,1.0604369350806795,-0.38632319983337465,-0.4510268233716487,,-0.16066141513472296,3.231674421881452,-11.617612937338903,-11.617612937338903,1.4384650472940854e-29,10076270.0,-11.982695550097217,4.37862796490133e-33,-0.3816081883216353,-0.2173642308764917,GCST90200194,cancerType_celltype,CESC_Epi_CESC,tissue,Tumor,Adjacent,group2_higher,5.431102103772405e-29,1.6486380983868818e-32
24361,1057,0.19804926579478152,-0.2568824865751114,0.0756317675113678,-0.2768591642379761,1.1688460717382905,0.8754287967537435,0.4549317523698929,0.35249093174934387,,0.176131381246059,-0.3752475139993056,16.27739021163159,16.27739021163159,4.4139176441283825e-54,15667947.0,11.959745103942039,5.774037020742397e-33,0.3928137248591893,0.21694791335795527,GCST90200061,cancerType_celltype,CESC_Epi_CESC,tissue,Tumor,Adjacent,group1_higher,3.6461634842102943e-53,2.1680475094412911e-32
24361,1057,-0.5210416297932239,-0.233772973534813,-0.5701988339424133,-0.2735461890697479,0.7067641320378846,0.7788531609668623,-0.2872686562584109,-0.2966526448726654,,-0.15546104230089958,-1.1562870922906332,-11.782762827569382,-11.782762827569382,2.59712362059836e-30,10083747.0,-11.950680534070674,6.439740791392802e-33,-0.4046578249957288,-0.2167834834723693,GCST90200081,cancerType_celltype,CESC_Epi_CESC,tissue,Tumor,Adjacent,group2_higher,1.0113941413930184e-29,2.4113644776561506e-32
24361,1057,-0.14566971622849595,0.3639451268044465,-0.2066375166177749,0.2558334469795227,1.2021960671826475,1.2821097238563346,-0.5096148430329425,-0.4624709635972976,,-0.17779855744239872,1.3210140253651526,-12.683075558833691,-12.683075558833691,1.4207185248337448e-34,10090818.5,-11.920401787804565,9.266297358042684e-33,-0.42269874700231713,-0.216234231731263,GCST90200240,cancerType_celltype,CESC_Epi_CESC,tissue,Tumor,Adjacent,group2_higher,6.32823316780521e-34,3.460263917537583e-32
24361,1057,-0.3055666917811856,-0.06884862556571164,-0.3464551568031311,-0.1225363835692405,0.5814265328539673,0.6231708744707943,-0.23671806621547398,-0.2239187732338906,,-0.17854444627070706,-2.1499712992196174,-12.123026206065058,-12.123026206065058,6.733031569627365e-32,10093416.0,-11.90927981319858,1.058905750036273e-32,-0.40588094422275195,-0.21603248084424842,GCST90200091,cancerType_celltype,CESC_Epi_CESC,tissue,Tumor,Adjacent,group2_higher,2.7394394117618203e-31,3.943411304096831e-32
24361,1057,-0.8489818992607528,-0.5323283466360798,-0.8857119679450989,-0.6538131833076477,0.7241892645538647,0.7927513262693613,-0.3166535526246731,-0.23189878463745117,,-0.16439144630035168,-0.6734163920258367,-12.757374768855525,-12.757374768855525,6.294510729973356e-35,10103234.0,-11.86724110417777,1.7515321081920393e-32,-0.43546214904140007,-0.21526990521048173,GCST90200124,cancerType_celltype,CESC_Epi_CESC,tissue,Tumor,Adjacent,group2_higher,2.850305024901556e-34,6.505008892277246e-32
24361,1057,-0.3413496760062616,-0.042826797844070674,-0.3639134168624878,-0.0928209424018859,0.7191167065136959,0.7568404225087475,-0.2985228781621909,-0.2710924744606019,,-0.16196480592506196,-2.9946352064397295,-12.579610216547843,-12.579610216547843,4.460495585900419e-34,10104204.0,-11.863087758511629,1.8406453731722991e-32,-0.41419895870635115,-0.2151945641670152,GCST90200634,cancerType_celltype,CESC_Epi_CESC,tissue,Tumor,Adjacent,group2_higher,1.9611791882523455e-33,6.817390335961532e-32
24361,1057,0.1997830895676046,-0.164409755110827,0.1779358983039856,-0.2562877237796783,0.9860255405341741,1.070262186879283,0.3641928446784316,0.4342236220836639,,0.1551280892186974,0.28113701656849027,10.864891734328621,10.864891734328621,3.1437617169839593e-26,15643559.0,11.855320573935977,2.0195502102708242e-32,0.36799488352173587,0.21505366864861508,GCST90200585,cancerType_celltype,CESC_Epi_CESC,tissue,Tumor,Adjacent,group1_higher,1.0847967646200345e-25,7.459747795661608e-32
24361,1057,0.06394212948470065,0.2490310153056238,0.0811711847782135,0.2762119770050049,0.4533642270056985,0.6008218047946887,-0.18508888582092314,-0.19504079222679138,,-0.15653697840524033,1.961469966751307,-9.894019089178633,-9.894019089178633,3.549474438846168e-22,10106890.5,-11.851584703736275,2.111647836653848e-32,-0.40198949385819366,-0.2149859005450847,GCST90199726,cancerType_celltype,CESC_Epi_CESC,tissue,Tumor,Adjacent,group2_higher,1.0471717879106769e-21,7.778854057727554e-32
24361,1057,0.20129142691205743,0.012751338193506418,0.2075422257184982,-0.024860356003046,0.45939766365947876,0.6023586673105998,0.18854008871855102,0.2324025817215442,,0.158943160735592,3.980459195243973,10.050178746191682,10.050178746191682,8.365199042666232e-23,15641418.0,11.846153240872873,2.2530331483844946e-32,0.404409191576681,0.21488737465473706,GCST90200027,cancerType_celltype,CESC_Epi_CESC,tissue,Tumor,Adjacent,group1_higher,2.5337258433675723e-22,8.277315852420663e-32
24361,1057,-0.014662603809765327,-0.26042478839477373,-0.0513132512569427,-0.3592619597911834,0.7859678239645705,0.8613746458506887,0.2457621845850084,0.3079487085342407,,0.12163265655543042,-4.15056069995318,9.112854524789515,9.112854524789515,3.544815673767252e-19,15639459.0,11.837765195347128,2.4900600387561943e-32,0.3113892268561426,0.21473521681540642,GCST90200590,cancerType_celltype,CESC_Epi_CESC,tissue,Tumor,Adjacent,group1_higher,9.36353442508675e-19,9.123526432324443e-32
24361,1057,0.10788160493549867,-0.17129753716345067,0.0721073597669601,-0.2324130833148956,0.7658809696673213,0.7811766109216471,0.27917914209894934,0.3045204430818557,,0.1632218595979238,-0.6670505688553514,11.3840957224816,11.3840957224816,1.6016323155491024e-28,15637618.0,11.829882402180768,2.735316972989216e-32,0.36421516691877426,0.21459222417517765,GCST90199663,cancerType_celltype,CESC_Epi_CESC,tissue,Tumor,Adjacent,group1_higher,5.900067151603856e-28,9.99527355009196e-32
24361,1057,0.5364024133720842,-0.04577226530200588,0.3931508362293243,-0.1842935383319854,1.6323554357377192,1.3724001821337772,0.58217467867409,0.5774443745613097,,0.1701194840819263,3.5507413003208637,13.386713970274531,13.386713970274531,3.5999919937335125e-38,15636332.5,11.824378148723216,2.920648846477197e-32,0.35883896819703975,0.21449237787479003,GCST90200457,cancerType_celltype,CESC_Epi_CESC,tissue,Tumor,Adjacent,group1_higher,1.8799958189497234e-37,1.0643968924461013e-31
24361,1057,0.42992171053256245,0.04545730245436208,0.3697851300239563,-0.0473795086145401,1.1012648264190588,1.0016224841588044,0.38446440807820037,0.4171646386384964,,0.16220123188021188,3.241461606415544,12.164341098047416,12.164341098047416,3.838753636539248e-32,15632679.5,11.808736734580517,3.518162395564884e-32,0.3503715091263521,0.21420864505851878,GCST90200804,cancerType_celltype,CESC_Epi_CESC,tissue,Tumor,Adjacent,group1_higher,1.5759702429527095e-31,1.2787347587079831e-31
24361,1057,-0.7212690437509586,-0.13977290363607853,-0.7964049577713013,-0.2612930536270141,1.098433417921389,1.557692805680858,-0.58149614011488,-0.5351119041442871,,-0.1917736014879164,-2.3674444773784904,-12.007905219728773,-12.007905219728773,2.6377339670379705e-31,10120127.0,-11.794908662592055,4.14660807999084e-32,-0.5186064278413064,-0.21395780598648284,GCST90200358,cancerType_celltype,CESC_Epi_CESC,tissue,Tumor,Adjacent,group2_higher,1.0574209991390453e-30,1.5031454289966794e-31
24361,1057,-0.2610110694865038,-0.7758188137427534,-0.341020405292511,-0.9319024085998536,1.4069120896489766,1.7447754126376538,0.5148077442562495,0.5908820033073426,,0.16792093731428365,-1.5716051013277805,9.460229813403457,9.460229813403457,1.7533017254405693e-20,15628748.0,11.791902839233673,4.297317073361934e-32,0.3618911703736311,0.21390328081894316,GCST90199916,cancerType_celltype,CESC_Epi_CESC,tissue,Tumor,Adjacent,group1_higher,4.917181588015424e-20,1.5536454034462376e-31
24361,1057,0.06560110140920586,-0.11391035568011294,0.0726224184036254,-0.1057769805192947,0.4825162909116522,0.7494662476131779,0.17951145708931882,0.17839939892292012,,0.13493473994236233,-0.7960976406308602,7.718039419660249,7.718039419660249,2.6519937749939854e-14,15617905.0,11.74547528556565,7.450433613864223e-32,0.3615727574253738,0.2130610922268743,GCST90200226,cancerType_celltype,CESC_Epi_CESC,tissue,Tumor,Adjacent,group1_higher,5.820720636581001e-14,2.6864923321949567e-31
24361,1057,0.382230532186484,0.036471692897320364,0.3462296426296234,-0.0360286347568035,0.9880167196465278,0.9866472586210141,0.3457588392891636,0.3822582773864269,,0.14346876503261086,3.3895581707603473,11.153229962832645,11.153229962832645,1.6790876214571296e-27,15613728.5,11.72759234930313,9.204184520817553e-32,0.34997255851525855,0.21273669854848487,GCST90200837,cancerType_celltype,CESC_Epi_CESC,tissue,Tumor,Adjacent,group1_higher,5.991090125775046e-27,3.310106464874492e-31
24361,1057,0.30737256993363693,0.08061116781476332,0.3140758574008941,0.1094778999686241,0.5691805699640948,0.7906723688115949,0.2267614021188736,0.20459795743227,,0.14192572552586144,1.9309235931228588,9.221077212373823,9.221077212373823,1.4489789579246944e-19,15611675.0,11.71879967370991,1.0211105952630343e-31,0.3909209816752521,0.21257720078275466,GCST90200604,cancerType_celltype,CESC_Epi_CESC,tissue,Tumor,Adjacent,group1_higher,3.9030796831054517e-19,3.662562477219778e-31
24361,1057,-0.25099749134476834,0.006816143521489139,-0.2534471154212951,-0.0387363731861114,0.6040265413381064,0.6664146420571245,-0.25781363486625747,-0.21471074223518372,,-0.17543376537203328,-5.202367526035906,-12.359284108863552,-12.359284108863552,5.2355732314676604e-33,10142354.0,-11.699737101642214,1.2785219073216021e-31,-0.42491166695261084,-0.21223140869459722,GCST90200351,cancerType_celltype,CESC_Epi_CESC,tissue,Tumor,Adjacent,group2_higher,2.2024957760772904e-32,4.573819841678068e-31
24361,1057,0.02213060248323294,-0.2837762791895688,-0.0127417612820863,-0.2687103450298309,0.7698889509967938,0.7441557467970561,0.3059068816728018,0.25596858374774456,,0.1770719154153957,-3.680579262443326,13.064878523286154,13.064878523286154,1.7430907857026376e-36,15599670.5,11.667398809741657,1.8706012734577314e-31,0.39788266304715225,0.211644797116473,GCST90200773,cancerType_celltype,CESC_Epi_CESC,tissue,Tumor,Adjacent,group1_higher,8.485116931831055e-36,6.674422868384524e-31
24361,1057,0.12981320263875157,-0.012338060209643916,0.1322157979011535,-0.0830185040831565,0.43235879730952675,0.6488981484503031,0.1421512628483955,0.21523430198431,,0.11663459792167441,3.395143810961433,7.054538887163329,7.054538887163329,3.061798654684312e-12,15598873.0,11.663984074516142,1.9471830147526125e-31,0.3205460139265122,0.21158285435135493,GCST90200878,cancerType_celltype,CESC_Epi_CESC,tissue,Tumor,Adjacent,group1_higher,6.110148706200172e-12,6.929531198714911e-31
24361,1057,-0.19543738620291098,0.04605841527247137,-0.2064957916736602,0.0317892096936702,0.5568184834013584,0.7099145129091631,-0.24149580147538235,-0.23828500136733038,,-0.1663539072663513,-2.085145854729643,-10.914924942591213,-10.914924942591213,2.0199365692113596e-26,10151184.0,-11.661928810681351,1.9947682724351586e-31,-0.4281783756498667,-0.21154557218551595,GCST90199678,cancerType_celltype,CESC_Epi_CESC,tissue,Tumor,Adjacent,group2_higher,7.041364562238065e-26,7.080388425336253e-31
24361,1057,-0.23161691359356867,-0.47726164047323016,-0.2630926370620727,-0.5387410521507263,0.6984259738970325,0.7425665626597437,0.2456447268796615,0.2756484150886536,,0.14713901865983767,-1.0430365711120155,10.554327426801857,10.554327426801857,6.56725113253694e-25,15595489.5,11.649496605380685,2.3082404898834414e-31,0.3507630180364742,0.21132005391777886,GCST90200941,cancerType_celltype,CESC_Epi_CESC,tissue,Tumor,Adjacent,group1_higher,2.162116737596099e-24,8.171770877171767e-31
24361,1057,0.03564645920702652,-0.21909367742848643,0.0192692726850509,-0.2502148151397705,0.6603256029339717,0.7148628705851127,0.2547401366355129,0.2694840878248214,,0.1538818379683698,-2.6196832801401424,11.376752490143103,11.376752490143103,1.7784558473597006e-28,15588130.0,11.617984700813702,3.339285436236621e-31,0.3844084339347938,0.21074843287716916,GCST90200442,cancerType_celltype,CESC_Epi_CESC,tissue,Tumor,Adjacent,group1_higher,6.516223978363634e-28,1.1791311009301851e-30
24361,1057,-0.06984656699734973,-0.38638707689748797,-0.1953692883253097,-0.4609825015068054,0.8781155670770409,0.7647653176767621,0.31654050990013827,0.2656132131814957,,0.20922149814444488,-2.467768808226139,13.08757536595175,13.08757536595175,1.2063614090049572e-36,15585130.0,11.60513930184625,3.8806489275744306e-31,0.36229932203920934,0.21051541934067508,GCST90199733,cancerType_celltype,CESC_Epi_CESC,tissue,Tumor,Adjacent,group1_higher,5.9575021756295535e-36,1.3667505137684623e-30
24361,1057,0.455011337626161,0.11193099447377132,0.4579990208148956,0.0922979637980461,0.9198007907779078,0.9485341668207948,0.3430803431523897,0.36570105701684946,,0.15960391815136904,2.0232831913584426,11.52647951782194,11.52647951782194,3.687931561618518e-29,15576390.0,11.567716372854411,6.006149448577909e-31,0.37250347154015007,0.20983657323768856,GCST90200962,cancerType_celltype,CESC_Epi_CESC,tissue,Tumor,Adjacent,group1_higher,1.384752264045741e-28,2.1098921903122915e-30
24361,1057,-0.6293313416088345,-0.023492787789193035,-0.7318517565727234,-0.3138706386089325,1.2314577334854755,1.553205799130527,-0.6058385538196415,-0.4179811179637909,,-0.19424998658812356,-4.743470849494012,-12.511866134625427,-12.511866134625427,1.0518487577751168e-33,10181578.0,-11.531787791942453,9.123155712323419e-31,-0.48603926845091444,-0.20918483437611424,GCST90200320,cancerType_celltype,CESC_Epi_CESC,tissue,Tumor,Adjacent,group2_higher,4.5658275695779746e-33,3.1966224256804164e-30
24361,1057,-0.059816914541210894,0.3293619579461543,-0.1085492968559265,0.2519465386867523,0.8524172502666105,1.0625025746123435,-0.3891788724873652,-0.36049583554267883,,-0.1619397768736327,2.461028791277841,-11.745611186829565,-11.745611186829565,4.064140661104597e-30,10190323.0,-11.494343453952332,1.4085132727486286e-30,-0.45139673512308237,-0.2085055999172336,GCST90200249,cancerType_celltype,CESC_Epi_CESC,tissue,Tumor,Adjacent,group2_higher,1.5692418473330213e-29,4.922573309631746e-30
24361,1057,-0.005580280197781951,0.20512067615490143,-0.0133798755705356,0.1881134659051895,0.4971141105979356,0.6196888091397068,-0.21070095635268338,-0.2014933414757251,,-0.15123908786006626,5.199740069871578,-10.903107414091446,-10.903107414091446,2.256383981351539e-26,10192159.0,-11.486482069784254,1.542708196284533e-30,-0.4190533263164055,-0.20836299563289917,GCST90199754,cancerType_celltype,CESC_Epi_CESC,tissue,Tumor,Adjacent,group2_higher,7.845539200464662e-26,5.377778188071147e-30
24361,1057,-0.5060071209847276,-0.18251864635528753,-0.5683726668357849,-0.2757034599781036,0.862771918617212,0.854652378439831,-0.32348847462944,-0.29266920685768133,,-0.1638374487109046,-1.4711087755149677,-12.042352744631579,-12.042352744631579,1.52961954077277e-31,10193344.0,-11.48140813719211,1.635982534091851e-30,-0.37508689663079475,-0.20827095528598394,GCST90200438,cancerType_celltype,CESC_Epi_CESC,tissue,Tumor,Adjacent,group2_higher,6.186562118911827e-31,5.688378045834676e-30
24361,1057,0.16438716988214877,-0.05060384455719582,0.1502116918563842,-0.1296082586050033,0.6408261925665124,0.6894740160828071,0.2149910144393446,0.2798199504613875,,0.13991537956594596,1.6997590696095548,9.952898626682481,9.952898626682481,1.965088000861909e-22,15555435.0,11.477991261066768,1.701927712453745e-30,0.33439738491397697,0.20820897368527636,GCST90200423,cancerType_celltype,CESC_Epi_CESC,tissue,Tumor,Adjacent,group1_higher,5.860864212636285e-22,5.902614432759427e-30
24361,1057,0.0354583071568461,0.9991516113372003,-0.0890542715787887,0.4666763842105865,1.592315717158692,2.3462690162624216,-0.9636933041803543,-0.5557306557893752,,-0.2476732728395952,4.81646880054319,-13.222142942141756,-13.222142942141756,3.814563903509681e-37,10197935.5,-11.461748254072427,2.05332840690153e-30,-0.5910062255554818,-0.2079143280683795,GCST90200749,cancerType_celltype,CESC_Epi_CESC,tissue,Tumor,Adjacent,group2_higher,1.9256483705495165e-36,7.103265529458846e-30
24361,1057,-0.0022540857347450437,-0.23062711873892677,-0.0217210091650486,-0.3192763328552246,0.7071812358098306,0.6840014077653609,0.22837303300418174,0.297555323690176,,0.1321379952480354,-6.6762423268861095,10.611595287169857,10.611595287169857,3.6236129835018874e-25,15549867.0,11.45415020058318,2.2415634072489677e-30,0.32336769568390494,0.2077765005615433,GCST90200848,cancerType_celltype,CESC_Epi_CESC,tissue,Tumor,Adjacent,group1_higher,1.2075756715190887e-24,7.734812466026185e-30
24361,1057,-0.6555977202166394,-0.157786428750338,-0.6685899496078491,-0.1992965787649154,1.3953607361127733,1.226073971589182,-0.49781129146630143,-0.4692933708429337,,-0.138892351210289,-2.0548307707365656,-12.844373593339569,-12.844373593339569,1.9555178889855891e-35,10200898.0,-11.449063422592069,2.3770566262085596e-30,-0.35846306019421303,-0.20768422720109148,GCST90200366,cancerType_celltype,CESC_Epi_CESC,tissue,Tumor,Adjacent,group2_higher,9.127982474956706e-35,8.181636822025925e-30
24361,1057,-0.04967535971673605,0.11628561583081912,-0.0482711493968963,0.1175213977694511,0.3828731144319266,0.5445289224604425,-0.16596097554755518,-0.1657925471663474,,-0.15547097905790533,1.2270536955186504,-9.804235844423454,-9.804235844423454,8.168455104548683e-22,10206696.0,-11.424237548187643,3.164283179452372e-30,-0.42453623072807645,-0.20723388970622703,GCST90200593,cancerType_celltype,CESC_Epi_CESC,tissue,Tumor,Adjacent,group2_higher,2.3638225705944488e-21,1.0863773233233207e-29
24361,1057,0.0969609680519858,-0.15144768202082187,0.0611878037452697,-0.2315751314163208,0.7287252307819321,0.687911748435486,0.24840865007280766,0.2927629351615905,,0.14378521687059334,-0.6433381363387566,11.464308546198446,11.464308546198446,6.691617940235112e-29,15541407.5,11.417928316394796,3.402563267129483e-30,0.3416547320422595,0.207119441224219,GCST90200759,cancerType_celltype,CESC_Epi_CESC,tissue,Tumor,Adjacent,group1_higher,2.4919877739181576e-28,1.1652496816827851e-29
24361,1057,0.0890324784397952,-0.13062969421639214,0.0741765722632408,-0.187601551413536,0.6088832087654485,0.6985627623225816,0.21966217265618734,0.2617781236767768,,0.1643704322165959,-0.5530740993575706,10.058767972601652,10.058767972601652,7.485586481856887e-23,15541242.0,11.417219678551758,3.430414574981202e-30,0.35841524820434423,0.2071065866441224,GCST90200632,cancerType_celltype,CESC_Epi_CESC,tissue,Tumor,Adjacent,group1_higher,2.27742285151137e-22,1.1718433748619996e-29
24361,1057,-0.6632375086583195,-0.10161999495976007,-0.6912493705749512,-0.197882279753685,1.5917902362655765,1.3680118611838459,-0.5616175136985595,-0.4933670908212662,,-0.1534421282253259,-2.706329279798493,-12.971570541027727,-12.971570541027727,4.490424740024823e-36,10209663.0,-11.411533448608834,3.662246194758333e-30,-0.3547530364024177,-0.2070034393186343,GCST90200548,cancerType_celltype,CESC_Epi_CESC,tissue,Tumor,Adjacent,group2_higher,2.1475259370715204e-35,1.2479103908639021e-29
24361,1057,-0.19465935616727595,0.2615544119195144,-0.2325607389211654,0.0909253060817718,0.9966436170535155,1.1742917028054833,-0.45621376808679037,-0.3234860450029372,,-0.20898355453842357,0.4261575216950892,-12.437899255110937,-12.437899255110937,2.293658209072899e-33,10222044.0,-11.358520487070166,6.727594953157353e-30,-0.4541020520925248,-0.2060417924535226,GCST90199977,cancerType_celltype,CESC_Epi_CESC,tissue,Tumor,Adjacent,group2_higher,9.800175984220569e-33,2.286711202282661e-29
24361,1057,0.09869522558960928,-0.16705730788223797,0.0737876966595649,-0.2015318125486374,0.7073662479700473,0.7847677682695988,0.26575253347184724,0.2753195092082023,,0.15776415459556398,-0.7592849120161089,10.820583194401134,10.820583194401134,4.916447994820299e-26,15527200.5,11.357096788684606,6.838109374239935e-30,0.3739043584768712,0.2060159667865611,GCST90200925,cancerType_celltype,CESC_Epi_CESC,tissue,Tumor,Adjacent,group1_higher,1.6879391982216795e-25,2.3184933027584652e-29
24361,1057,0.19990571759370387,0.0425292221519148,0.2114680707454681,0.0153563739731907,0.5353787744857769,0.6154422424256026,0.15737649544178908,0.1961116967722774,,0.12850290569874703,2.2327666568502007,8.180403741709831,8.180403741709831,7.574233109520196e-16,15524677.0,11.346291667253151,7.737706439983345e-30,0.29200998219694196,0.20581996356678012,GCST90199939,cancerType_celltype,CESC_Epi_CESC,tissue,Tumor,Adjacent,group1_higher,1.767753378129457e-15,2.61699599942861e-29
24361,1057,-0.7276174627461405,-0.37739977508286016,-0.7644174098968506,-0.5157301425933838,0.721164542306955,0.9603123648305121,-0.3502176876632803,-0.2486872673034668,,-0.18738202787652491,-0.9470847648445517,-11.714224710166949,-11.714224710166949,5.795260484022473e-30,10254549.0,-11.219340589257836,3.277127406815498e-29,-0.4780106006599023,-0.20351709078560787,GCST90199738,cancerType_celltype,CESC_Epi_CESC,tissue,Tumor,Adjacent,group2_higher,2.2250535323162342e-29,1.1056249147251297e-28
24361,1057,-0.24402760694316783,0.19710883393637543,-0.3121149241924286,0.0379397459328174,0.9636215713153072,1.200265929280416,-0.4411364408795433,-0.350054670125246,,-0.18601765424345051,-0.3080505265454092,-11.785376782568475,-11.785376782568475,2.6717444864926063e-30,10254674.0,-11.21880536430086,3.297019742700569e-29,-0.4526339817874323,-0.2035073818882539,GCST90199749,cancerType_celltype,CESC_Epi_CESC,tissue,Tumor,Adjacent,group2_higher,1.0374893832163596e-29,1.109589607234784e-28
24361,1057,0.03718265358617892,0.5602912003094684,-0.0582292936742305,0.4029389023780823,1.303258216042396,1.4062042650576205,-0.5231085467232895,-0.4611681960523128,,-0.16851458088313984,3.913438970843226,-11.875045066089886,-11.875045066089886,9.65327650270683e-31,10255754.0,-11.214181020672578,3.473955415410246e-29,-0.400022790762564,-0.20342349701511597,GCST90199826,cancerType_celltype,CESC_Epi_CESC,tissue,Tumor,Adjacent,group2_higher,3.813743731359249e-30,1.1662564608877254e-28
24361,1057,0.4639181821331073,0.19482376887392683,0.4400979578495025,0.0549391247332096,0.8593180034287333,1.0154132508845382,0.2690944132591805,0.3851588331162929,,0.11730786138010553,1.2516963951512756,8.48504904734664,8.48504904734664,6.729508519348119e-17,15492912.0,11.210280301186128,3.6305064780272974e-29,0.31060212854478836,0.20335273857120062,GCST90199910,cancerType_celltype,CESC_Epi_CESC,tissue,Tumor,Adjacent,group1_higher,1.629186520758701e-16,1.2158182627889942e-28
24361,1057,0.22902931304473026,-0.08438453724765983,0.1916215866804123,-0.2274573296308517,0.9351284091720451,1.0832277921954485,0.3134138502923901,0.419078916311264,,0.14423917251700646,1.440470894029195,9.25817536981099,9.25817536981099,1.0199844858557778e-19,15491104.0,11.202538807408411,3.9622288966225855e-29,0.33280097655587904,0.20321230907987342,GCST90200636,cancerType_celltype,CESC_Epi_CESC,tissue,Tumor,Adjacent,group1_higher,2.769400108010807e-19,1.3236563691413195e-28
24361,1057,-0.36779150771017083,0.2643984832410818,-0.4949411451816559,0.0612707361578941,1.7075162148677065,1.7506608852245342,-0.6321899909512526,-0.55621188133955,,-0.16581361292223,-0.476172733798246,-11.505354251514598,-11.505354251514598,4.57962002070158e-29,10262035.0,-11.187287037034391,4.706245192255443e-29,-0.36984655153103835,-0.20293564434087596,GCST90199674,cancerType_celltype,CESC_Epi_CESC,tissue,Tumor,Adjacent,group2_higher,1.7101430378674669e-28,1.5683648403530974e-28
24361,1057,0.012178591838708211,-0.10334893180909706,0.0268990732729434,-0.1653481274843216,0.4267837846120687,0.5425327829556739,0.11552752364780527,0.19224720075726498,,0.11303113122012286,-3.0849997451531515,6.831931066348333,6.831931066348333,1.376107031703798e-11,15486909.5,11.184578798752087,4.852155039304256e-29,0.267294484767109,0.2028865173202652,GCST90199962,cancerType_celltype,CESC_Epi_CESC,tissue,Tumor,Adjacent,group1_higher,2.6718431399035283e-11,1.6130456874565125e-28
24361,1057,-0.17916682069165443,-0.3682488526818494,-0.1950214356184005,-0.4457002580165863,0.6173551696057092,0.6740634930670439,0.189082031990195,0.25067882239818584,,0.14226679520203284,-1.039373401661556,8.95827056865984,8.95827056865984,1.3240360098539784e-18,15479273.0,11.151880835680442,7.01102451615171e-29,0.3050622240212775,0.20229338136311914,GCST90199932,cancerType_celltype,CESC_Epi_CESC,tissue,Tumor,Adjacent,group1_higher,3.392220077877768e-18,2.3250672543831585e-28
24361,1057,-0.17284843438176234,0.05515557250105789,-0.2058612406253814,0.0043173437006771,0.5312672719303856,0.6376942690769527,-0.22800400688282024,-0.2101785843260585,,-0.16546341501984246,-1.64791116879022,-11.453141622727575,-11.453141622727575,8.455465115727925e-29,10272796.0,-11.141210590938146,7.903950002790869e-29,-0.42529332322102203,-0.20209982478547128,GCST90200276,cancerType_celltype,CESC_Epi_CESC,tissue,Tumor,Adjacent,group2_higher,3.1317388458524895e-28,2.6148261781077556e-28
24361,1057,0.031113795015576092,-0.35282031701542454,0.0099746901541948,-0.5143376588821411,1.22400119312937,1.1724993001557413,0.38393411203100064,0.524312349036336,,0.1391372666849764,-3.5032650824418567,10.402776633155657,10.402776633155657,2.7225334958073843e-24,15473034.5,11.125168828527627,9.462883216882155e-29,0.3142095687472307,0.2018088297139793,GCST90200135,cancerType_celltype,CESC_Epi_CESC,tissue,Tumor,Adjacent,group1_higher,8.710829001843814e-24,3.1229805870727304e-28
24361,1057,-0.2275119824645399,0.05774158343605624,-0.2508780062198639,-0.031105525791645,0.6115087138161991,0.7770086229536024,-0.28525356590059614,-0.2197724804282189,,-0.16713390252290014,-1.9782413103495853,-11.778341522993731,-11.778341522993731,2.9006183317893796e-30,10278268.5,-11.117778442321688,1.0280236505535315e-28,-0.4606314953536958,-0.20167476925931638,GCST90199871,cancerType_celltype,CESC_Epi_CESC,tissue,Tumor,Adjacent,group2_higher,1.1231655642695807e-29,3.384531970300636e-28
24361,1057,-0.30800160559282397,0.08691702847198136,-0.3399192988872528,0.0010625612922012,1.0638102316528133,1.0743521064621413,-0.3949186340648053,-0.34098186017945403,,-0.15479432389437006,-1.8252151997508537,-11.704470220067735,-11.704470220067735,5.657212170175091e-30,10288338.0,-11.07466286068744,1.6650963789871952e-28,-0.3710768320929377,-0.20089265932407352,GCST90200654,cancerType_celltype,CESC_Epi_CESC,tissue,Tumor,Adjacent,group2_higher,2.178186493770805e-29,5.46873822785433e-28
24361,1057,-0.1118495929428432,0.16592165773111953,-0.1551762819290161,0.0526039265096187,0.6055452095728215,0.785783247791326,-0.27777125067396274,-0.20778020843863482,,-0.180488930543133,0.5689380039429628,-11.347432678489675,-11.347432678489675,2.580047795482294e-28,10288597.0,-11.073553874576584,1.6858377294249576e-28,-0.4523312892014013,-0.2008725424887562,GCST90200273,cancerType_celltype,CESC_Epi_CESC,tissue,Tumor,Adjacent,group2_higher,9.427895831748972e-28,5.523550060591868e-28
24361,1057,-0.07601126407030065,0.23104786503528726,-0.1409763246774673,0.1989934295415878,0.8053822523566716,0.9176093751414511,-0.3070591291055879,-0.33996975421905506,,-0.15353766213598116,1.6038938910325664,-10.70193315480847,-10.70193315480847,1.5956436675842173e-25,10290321.0,-11.066172051969955,1.8305834355402557e-28,-0.3789194321831618,-0.20073863737645092,GCST90199944,cancerType_celltype,CESC_Epi_CESC,tissue,Tumor,Adjacent,group2_higher,5.383322571577447e-25,5.983417800099205e-28
24361,1057,-0.08416457861725712,0.2041739330990698,-0.1548395007848739,0.1294387876987457,0.8849241161120707,0.81354051130643,-0.28833851171632696,-0.2842782884836196,,-0.12818568768286395,1.278503518141289,-11.238022889567592,-11.238022889567592,6.771352200979872e-28,10297159.0,-11.036893105923479,2.5365870665335924e-28,-0.326887261928668,-0.20020752185560176,GCST90200938,cancerType_celltype,CESC_Epi_CESC,tissue,Tumor,Adjacent,group2_higher,2.43518550130226e-27,8.271215721735136e-28
24361,1057,0.2803214105785554,0.09121575570075129,0.2787829637527466,0.0528627224266529,0.5630425383037971,0.6543680288199676,0.18910565487780412,0.22592024132609367,,0.13570515387295456,1.6197163222844946,9.248135351287553,9.248135351287553,1.1137421380871255e-19,15452300.0,11.036387853564092,2.5508862487495926e-28,0.33344329242125675,0.20019835665649954,GCST90200805,cancerType_celltype,CESC_Epi_CESC,tissue,Tumor,Adjacent,group1_higher,3.011965345660222e-19,8.29799035094438e-28
24361,1057,0.14870956731860202,-0.2076127424269171,0.0890327543020248,-0.2681991755962372,1.0444832238261719,0.9590313196220039,0.35632230974551915,0.35723192989826197,,0.1625498015561929,-0.4813947737145509,11.780132600989402,11.780132600989402,2.3926648696743474e-30,15449064.0,11.02253194987787,2.975762660016434e-28,0.3422646518523425,0.19994701272180126,GCST90200534,cancerType_celltype,CESC_Epi_CESC,tissue,Tumor,Adjacent,group1_higher,9.344418960934486e-30,9.65705834667238e-28
24361,1057,0.3325272995143782,0.6484042904439268,0.3023039996623993,0.6084908843040466,0.81149952490227,0.915917464877693,-0.3158769909295486,-0.30618688464164734,,-0.13951385915206815,0.9634187370162095,-11.026210800563376,-11.026210800563376,6.3802889844639076e-27,10302366.0,-11.014597775115641,3.2499260330195004e-28,-0.38705482366132166,-0.19980308802742663,GCST90200607,cancerType_celltype,CESC_Epi_CESC,tissue,Tumor,Adjacent,group2_higher,2.2529362398508566e-26,1.0521732026141517e-27
24361,1057,0.0072186277180043504,0.19999813623356305,-0.0052594346925616,0.2158234268426895,0.45162486566661586,0.6877929501038657,-0.1927795085155587,-0.22108286153525109,,-0.15523900012980746,4.791925512921003,-9.02850515737048,-9.02850515737048,7.647258941929278e-19,10305793.0,-10.999924047695156,3.8246298780769533e-28,-0.4156183592771807,-0.19953690889757136,GCST90199948,cancerType_celltype,CESC_Epi_CESC,tissue,Tumor,Adjacent,group2_higher,1.985374083399925e-18,1.235301071994997e-27
24361,1057,-0.3355340259708373,-0.642580469327696,-0.4309808909893036,-0.7309595942497253,0.9145015098825175,0.836996227538548,0.30704644335685866,0.29997870326042175,,0.16753332961038284,-0.9374160022356897,11.629262434158866,11.629262434158866,1.1728413156163169e-29,15440069.0,10.984017161973796,4.561875362432521e-28,0.3368907476153372,0.1992483604682127,GCST90199675,cancerType_celltype,CESC_Epi_CESC,tissue,Tumor,Adjacent,group1_higher,4.45287663839844e-29,1.4699376167838122e-27
24361,1057,-0.1839436583467024,0.31241163051605236,-0.2422676235437393,0.1762382835149765,1.3217985570424615,1.3729710624701261,-0.49635528886275476,-0.4185059070587158,,-0.14592300733881133,0.7641809994750467,-11.524105239201035,-11.524105239201035,3.794528453962201e-29,10315322.0,-10.959122778774876,6.008030469026422e-28,-0.374900870654287,-0.198796780234487,GCST90200582,cancerType_celltype,CESC_Epi_CESC,tissue,Tumor,Adjacent,group2_higher,1.42086326449189e-28,1.9313550776610877e-27
24361,1057,0.7095382524031378,0.35928794196273783,0.6605885624885559,0.4164298772811889,0.8528194963466433,1.0258023105611305,0.3502503104404,0.244158685207367,,0.1580307151781718,0.981737964400598,10.937951330960106,10.937951330960106,1.577369380455685e-26,15431825.0,10.94871800561124,6.739627643585145e-28,0.4069369510516505,0.19860803926992654,GCST90200116,cancerType_celltype,CESC_Epi_CESC,tissue,Tumor,Adjacent,group1_higher,5.512703757848971e-26,2.161438230166248e-27
24361,1057,-0.39539531059925986,-0.7541124867911607,-0.4498293399810791,-0.8264835476875305,1.0035763354447826,1.088425288287216,0.35871717619190086,0.3766542077064514,,0.15254670806899626,-0.9314822419954083,10.52265053907845,10.52265053907845,8.98826842704131e-25,15430393.0,10.942586468504112,7.21144634790393e-28,0.3561373104786339,0.19849681414184017,GCST90200985,cancerType_celltype,CESC_Epi_CESC,tissue,Tumor,Adjacent,group1_higher,2.9308636043199296e-24,2.307324265773018e-27
24361,1057,0.007797600438526131,0.25798061449162096,-0.0363804064691066,0.2162846028804779,0.6937979352278578,0.7411621025543231,-0.25018301405309484,-0.2526650093495845,,-0.13999624915899336,5.047909206321449,-10.771572623353302,-10.771572623353302,7.863356016885674e-26,10322353.0,-10.929017445394829,8.375229759702517e-28,-0.35954614873164187,-0.1982506741761234,GCST90200614,cancerType_celltype,CESC_Epi_CESC,tissue,Tumor,Adjacent,group2_higher,2.6794385627537937e-25,2.6734047218909908e-27
24361,1057,0.03526483168521112,-0.2606471682821439,0.0143128233030438,-0.3219990134239197,0.9225142234863134,0.9018283350112403,0.295911999967355,0.33631183672696346,,0.13715630889522198,-2.8857607526017346,10.433606654272346,10.433606654272346,2.0412228439507375e-24,15426918.5,10.927709355599976,8.496816472428928e-28,0.321062774268532,0.19822694563099041,GCST90200860,cancerType_celltype,CESC_Epi_CESC,tissue,Tumor,Adjacent,group1_higher,6.5928595647034485e-24,2.7058787037197733e-27
24361,1057,0.1811272142499955,0.5666913097431794,0.0684942603111267,0.550126314163208,1.2167917597680487,1.136922335788365,-0.3855640954931839,-0.4816320538520813,,-0.14331972740009516,1.6455543329250353,-10.761450527490668,-10.761450527490668,8.196423931848847e-26,10324194.0,-10.921134652228469,9.134957420751917e-28,-0.31770855088732103,-0.19810768153589475,GCST90199766,cancerType_celltype,CESC_Epi_CESC,tissue,Tumor,Adjacent,group2_higher,2.785966538431416e-25,2.9023186397400614e-27
24361,1057,0.07128534595710188,-0.05408552806282184,0.0788006111979484,-0.1178852096199989,0.44344040320217726,0.5390172981596121,0.12537087401992372,0.1966858208179473,,0.11630688115471349,0.39835648164224535,7.453264469822421,7.453264469822421,1.8182360961941068e-13,15424491.0,10.91731528693548,9.527260136804288e-28,0.27995953416363584,0.19803839884437724,GCST90200070,cancerType_celltype,CESC_Epi_CESC,tissue,Tumor,Adjacent,group1_higher,3.842257052887702e-13,3.019919899177731e-27
24361,1057,-0.6200234695784949,-0.34823727202443133,-0.6585826277732849,-0.4362016916275024,0.6953604748913845,0.7629510412611934,-0.2717861975540635,-0.22238093614578253,,-0.15676022294436487,-0.8322503867787879,-11.378357666332526,-11.378357666332526,1.7600685074595415e-28,10325200.5,-10.916825020874889,9.578812516268775e-28,-0.38921175467855124,-0.1980295054944009,GCST90200013,cancerType_celltype,CESC_Epi_CESC,tissue,Tumor,Adjacent,group2_higher,6.466235513928181e-28,3.0292161159337214e-27
24361,1057,-0.2478615611163924,-0.5560307721759927,-0.289960652589798,-0.636822521686554,0.8830578376937605,0.8848096444798547,0.3081692110596003,0.346861869096756,,0.11790960224177832,-1.1656269490528466,11.086372955410086,11.086372955410086,3.3084011126408985e-27,15424006.0,10.915238614102408,9.74752960167035e-28,0.34895085612041776,0.19800072832264393,GCST90200177,cancerType_celltype,CESC_Epi_CESC,tissue,Tumor,Adjacent,group1_higher,1.1743100824295689e-26,3.075435844230714e-27
24361,1057,0.17171343236518827,0.02989564525182837,0.1748414635658264,-0.0131799466907978,0.4547610333338073,0.5591731295302738,0.1418177871133599,0.1880214102566242,,0.12098823218231722,2.521955789391154,8.12976377893038,8.12976377893038,1.1334369377819498e-15,15419302.0,10.895097028521446,1.2163970595286515e-27,0.30858680103016983,0.19763536309742102,GCST90200325,cancerType_celltype,CESC_Epi_CESC,tissue,Tumor,Adjacent,group1_higher,2.6184314342318605e-15,3.828981967985109e-27
24361,1057,-0.0414504706887407,0.3983146248144329,-0.1409619748592376,0.245606318116188,1.0695254261738578,1.2503866746264563,-0.4397650955031736,-0.3865682929754256,,-0.18938674575134717,3.264416879493869,-11.25713192742493,-11.25713192742493,6.255877249535855e-28,10344706.0,-10.833306377688354,2.3935898158846687e-27,-0.40807992703545376,-0.196514490315705,GCST90199700,cancerType_celltype,CESC_Epi_CESC,tissue,Tumor,Adjacent,group2_higher,2.2557567965918967e-27,7.517195666015676e-27
24361,1057,0.059197765064728236,0.39589827270586264,0.0302870534360408,0.3307074308395386,0.7840653407834238,0.995351925151559,-0.3367005076411344,-0.30042037740349775,,-0.18015462240739716,2.741494431573354,-10.852644168259804,-10.852644168259804,3.741750609340473e-26,10345450.0,-10.830120718744425,2.478341744153903e-27,-0.4240751011776375,-0.19645670295865447,GCST90200131,cancerType_celltype,CESC_Epi_CESC,tissue,Tumor,Adjacent,group2_higher,1.2878803233664305e-25,7.765470798348895e-27
24361,1057,0.14545640613602057,-0.09338534145858284,0.1003301292657852,-0.1999966204166412,0.7902355335978267,0.8136480122397327,0.23884174759460342,0.3003267496824264,,0.13375620473745495,0.6393132906957679,9.354074703664978,9.354074703664978,4.2994477235635e-20,15403668.0,10.828155372702405,2.532105576545271e-27,0.3018643593891278,0.19642105188757086,GCST90199805,cancerType_celltype,CESC_Epi_CESC,tissue,Tumor,Adjacent,group1_higher,1.1910868388652541e-19,7.915733717502762e-27
24361,1057,-0.24337807853426602,0.13672631060844023,-0.3171863555908203,0.0316293835639953,1.0462550911380322,1.134447771286671,-0.3801043891427063,-0.3488157391548156,,-0.15745962832146335,-0.8319037127850704,-10.697600444638422,-10.697600444638422,1.6361440448491886e-25,10345962.0,-10.827928437320647,2.53838761100007e-27,-0.36198112689940315,-0.19641693531509274,GCST90200336,cancerType_celltype,CESC_Epi_CESC,tissue,Tumor,Adjacent,group2_higher,5.506331686739369e-25,7.917213532707313e-27
24361,1057,0.30608618354589845,-0.14064983307324921,0.2362347841262817,-0.2065528482198715,1.355353716787487,1.185576946076708,0.44673601661914764,0.4427876323461532,,0.1452851713951112,1.1218245399930342,11.91740553100548,11.91740553100548,5.343075101724939e-31,15402452.5,10.82295084522076,2.6801317829034608e-27,0.33122831579404977,0.19632664256970123,GCST90200815,cancerType_celltype,CESC_Epi_CESC,tissue,Tumor,Adjacent,group1_higher,2.12941852738336e-30,8.340227443144787e-27
24361,1057,-0.5226219022152803,-0.1787790704796984,-0.5630273222923279,-0.2542952597141266,1.0333140685413749,0.9322184048029432,-0.34384283173558183,-0.3087320625782013,,-0.13127785442101594,-1.5475844264098626,-11.684272536711886,-11.684272536711886,6.510579641995371e-30,10348490.0,-10.817104047790743,2.8566795968249604e-27,-0.3340513182711986,-0.19622058257500696,GCST90200888,cancerType_celltype,CESC_Epi_CESC,tissue,Tumor,Adjacent,group2_higher,2.4856918913276447e-29,8.869371960073852e-27
24361,1057,-0.27008450749556945,-0.6526517381454583,-0.335731029510498,-0.8039458394050598,1.1078345014236002,1.1929639325431987,0.38256723064988885,0.4682148098945618,,0.1622072995153517,-1.2728993418843175,10.23625644900515,10.23625644900515,1.3884191281284606e-23,15393012.0,10.78252851557002,4.1629256394542594e-27,0.344189625595374,0.19559338780594349,GCST90200132,cancerType_celltype,CESC_Epi_CESC,tissue,Tumor,Adjacent,group1_higher,4.33046972915124e-23,1.2895608287673082e-26
24361,1057,0.22716310760081157,0.05328901584577692,0.2318384945392608,0.0144224893301725,0.5667500234211765,0.6573271173456766,0.17387409175503465,0.2174160052090883,,0.12772104752612998,2.091797736850551,8.46442141628233,8.46442141628233,7.92923955813565e-17,15388541.5,10.76338673020869,5.125249290594607e-27,0.3046149308110948,0.1952461588009775,GCST90200121,cancerType_celltype,CESC_Epi_CESC,tissue,Tumor,Adjacent,group1_higher,1.9162328932161152e-16,1.584062309088537e-26
24361,1057,-0.06344925225793546,-0.23738667442300995,-0.0970351174473762,-0.3329108655452728,0.5792703880142199,0.6667995807692338,0.1739374221650745,0.23587574809789663,,0.1465864709984913,-1.9035472248275658,8.345234503075046,8.345234503075046,2.059649900960794e-16,15381777.5,10.734424637336746,7.015623502984482e-27,0.2982625921132483,0.19472079094736205,GCST90200868,cancerType_celltype,CESC_Epi_CESC,tissue,Tumor,Adjacent,group1_higher,4.899306832477422e-16,2.1634151209429525e-26
24361,1057,0.18844419426075906,0.02913293678654039,0.2134716361761093,0.0277932900935411,0.4545291545429672,0.7007525717862096,0.15931125747421868,0.1856783460825682,,0.11046998825929212,2.693372436719699,7.324720441391188,7.324720441391188,4.63306206886839e-13,15381543.0,10.733420555317457,7.09229733637047e-27,0.340882471544001,0.19470257705592608,GCST90199918,cancerType_celltype,CESC_Epi_CESC,tissue,Tumor,Adjacent,group1_higher,9.597057142655951e-13,2.1821221827252711e-26
24361,1057,0.09233888596908806,-0.24824023281227156,0.0580387525260448,-0.2987581491470337,1.048064296953207,0.9270443264377897,0.3405791187813596,0.3567969016730785,,0.12973378686789266,-1.4267169107788997,11.626119475746062,11.626119475746062,1.1838016400186906e-29,15380854.5,10.730472536254426,7.322248186043534e-27,0.32643919954507195,0.1946491004493005,GCST90200857,cancerType_celltype,CESC_Epi_CESC,tissue,Tumor,Adjacent,group1_higher,4.48200454262632e-29,2.2477982607156165e-26
24361,1057,-0.479140356104542,-0.2526817825077841,-0.5102612376213074,-0.3191658556461334,0.5542933129091809,0.6754836280860539,-0.22645857359675786,-0.19109538197517395,,-0.16210670727835544,-0.9231239779351312,-10.743803215559563,-10.743803215559563,1.0810713635109636e-25,10369244.5,-10.72823743683409,7.501503186558466e-27,-0.4044977933078883,-0.19460855609395056,GCST90200176,cancerType_celltype,CESC_Epi_CESC,tissue,Tumor,Adjacent,group2_higher,3.6563282095916713e-25,2.2976514254559976e-26
24361,1057,-0.004008025644696346,-0.12264764277058408,-0.0084133008494973,-0.1836530119180679,0.5006841780111426,0.6682261947545687,0.11863961712588773,0.1752397110685706,,0.08874357888908327,-4.935135812836852,5.703187191928827,5.703187191928827,1.5074650036722136e-08,15379350.0,10.72403056867225,7.850777064841294e-27,0.2332005017964174,0.19453224416074866,GCST90200095,cancerType_celltype,CESC_Epi_CESC,tissue,Tumor,Adjacent,group1_higher,2.578011041411828e-08,2.3992397173494807e-26
24361,1057,0.3770320381108136,0.13078938017967226,0.3564273416996002,0.0239425599575042,0.7677133927171313,0.9685091003358395,0.24624265793114133,0.332484781742096,,0.11022733660423299,1.5274345150012416,8.155607080165698,8.155607080165698,9.28984636335873e-16,15371883.5,10.692060511542094,1.1088238450395397e-26,0.3168779348628404,0.19395231230400412,GCST90200611,cancerType_celltype,CESC_Epi_CESC,tissue,Tumor,Adjacent,group1_higher,2.1607611933887285e-15,3.3810445207805205e-26
24361,1057,0.5588244751310406,0.21391356989682733,0.5144774317741394,0.1252466291189193,1.1153365826439612,1.1140716093600462,0.3449109052342133,0.38923080265522014,,0.11160851855026369,1.3853630412746865,9.853435178514259,9.853435178514259,4.804720011896836e-22,15369420.0,10.681512298089988,1.2423401217069048e-26,0.30925834921832757,0.1937609693549529,GCST90200530,cancerType_celltype,CESC_Epi_CESC,tissue,Tumor,Adjacent,group1_higher,1.4053290506899973e-21,3.7797088970681053e-26
24361,1057,0.14647584437845254,-0.09786364918496714,0.1523669809103012,-0.1672296822071075,0.7808303535681375,0.7918090018801633,0.24433949356341966,0.3195966631174087,,0.12213399812523165,0.581812889325791,9.827349687636747,9.827349687636747,6.130961828293651e-22,15363944.0,10.658065163174735,1.598927731137565e-26,0.31273871042734835,0.19333564197967212,GCST90199667,cancerType_celltype,CESC_Epi_CESC,tissue,Tumor,Adjacent,group1_higher,1.7894006363949136e-21,4.853760573586862e-26
24361,1057,0.037285989372679226,-0.14222627842636706,0.0105167776346206,-0.2464128732681274,0.6060674603232972,0.6706864196654306,0.17951226779904628,0.256929650902748,,0.12665610633400184,-1.9314539718419517,8.55168201031451,8.55168201031451,3.8836586308872724e-17,15362253.5,10.650826780856576,1.7282720202938892e-26,0.2948194363450713,0.19320433885185762,GCST90200577,cancerType_celltype,CESC_Epi_CESC,tissue,Tumor,Adjacent,group1_higher,9.486427802687011e-17,5.234743919245714e-26
24361,1057,-0.006104984175206217,-0.09693488524739353,0.0104161128401756,-0.1376952975988388,0.41435961829556217,0.6583912508173687,0.09082990107218732,0.1481114104390144,,0.07987386845849946,-3.988735088365204,4.447153969643108,4.447153969643108,9.59018674410716e-06,15356614.0,10.626679571697597,2.2394930491471757e-26,0.2125755403686024,0.1927663122388379,GCST90200228,cancerType_celltype,CESC_Epi_CESC,tissue,Tumor,Adjacent,group1_higher,1.4459540411745642e-05,6.768135312611087e-26
24361,1057,0.07383901840563004,-0.28182897148935815,0.0124920448288321,-0.3401971459388733,1.0503762634509213,1.0702761829627672,0.35566798989498816,0.3526891907677054,,0.1372694350365122,-1.9323502269412087,10.585130311302311,10.585130311302311,4.791599182154157e-25,15350010.0,10.598402566770583,3.0312027482679616e-26,0.3383413343566818,0.19225337177383528,GCST90199747,cancerType_celltype,CESC_Epi_CESC,tissue,Tumor,Adjacent,group1_higher,1.5929145573844184e-24,9.140551650197415e-26
24361,1057,0.016225642711522808,-0.33355622157106896,-0.0089090066030621,-0.3737284243106842,1.0588061442827943,0.9863803514927246,0.3497818642825918,0.3648194177076221,,0.1341692388205823,-4.361497833622587,11.251147441940146,11.251147441940146,5.967151195060211e-28,15349283.5,10.59529183932063,3.1336922021917647e-26,0.3312654909957412,0.19219694366241424,GCST90199882,cancerType_celltype,CESC_Epi_CESC,tissue,Tumor,Adjacent,group1_higher,2.157354662829461e-27,9.428747177897075e-26
24361,1057,-0.2173725734406721,0.051663320724695545,-0.2526059448719024,0.0044240350835025,0.7215340151427282,0.7971804175193639,-0.26903589416536766,-0.2570299799554049,,-0.13418298365484863,-2.0729363523274564,-10.782180067776396,-10.782180067776396,7.172723214610676e-26,10406415.0,-10.569080802727548,4.1454712135617906e-26,-0.37116885898819896,-0.1917214795411979,GCST90200978,cancerType_celltype,CESC_Epi_CESC,tissue,Tumor,Adjacent,group2_higher,2.450231012910865e-25,1.2445544634547842e-25
24361,1057,0.03903575275019899,0.3360217262919404,-0.0122650507837533,0.2697302997112274,0.8174189567740097,0.9200122877481945,-0.2969859735417414,-0.2819953504949807,,-0.14199313997827076,3.1056538571363825,-10.319690776820245,-10.319690776820245,6.376829952459531e-24,10406949.5,-10.566792180811515,4.247859964188304e-26,-0.3613246807453987,-0.19167996429611256,GCST90199720,cancerType_celltype,CESC_Epi_CESC,tissue,Tumor,Adjacent,group2_higher,2.0166169896061116e-23,1.2724907980634415e-25
24361,1057,0.2797181136773367,0.004362709133122768,0.2190120667219162,-0.0762647166848182,0.8517824594277835,0.7374953604947596,0.2753554045442139,0.2952767834067344,,0.13668399934660522,6.002280087977709,11.801952767592038,11.801952767592038,1.8168860508724962e-30,15342411.5,10.565867312085858,4.289944569002681e-26,0.3249641111594939,0.1916631873214849,GCST90200893,cancerType_celltype,CESC_Epi_CESC,tissue,Tumor,Adjacent,group1_higher,7.136644632101476e-30,1.2822794841119855e-25
24361,1057,0.1774295420757637,0.03305586870125774,0.2001107782125473,0.0350045338273048,0.49683376518487643,0.6383581202194962,0.14437367337450596,0.16510624438524252,,0.1055152220934663,2.4242323923896865,7.2581771932266905,7.2581771932266905,7.350072879052295e-13,15342082.5,10.564458599999094,4.354841125550501e-26,0.2867364155750185,0.19163763350364937,GCST90200077,cancerType_celltype,CESC_Epi_CESC,tissue,Tumor,Adjacent,group1_higher,1.5042266267489906e-12,1.2988289833972281e-25
24361,1057,-0.08441867442750217,0.13011771278427658,-0.1023173034191131,0.0830656066536903,0.5615882338160963,0.6172358603044907,-0.21453638721177876,-0.1853829100728034,,-0.13896068054792182,0.6241772849917963,-11.10259740876061,-11.10259740876061,2.9268776593442446e-27,10407562.0,-10.564169578522327,4.3682755947531936e-26,-0.3803771583304305,-0.19163239069907823,GCST90199984,cancerType_celltype,CESC_Epi_CESC,tissue,Tumor,Adjacent,group2_higher,1.0416016317718551e-26,1.299991186822839e-25
24361,1057,0.3751251863016849,0.8461104452633915,0.3533077538013458,0.7710124254226685,1.44243284072097,1.2497228984635878,-0.4709852589617066,-0.41770467162132263,,-0.11482614496774304,1.1734717236972958,-11.91321194531279,-11.91321194531279,5.545661466894971e-31,10410321.0,-10.552356093271927,4.9540124516712635e-26,-0.32822612484054886,-0.19141809591668246,GCST90200480,cancerType_celltype,CESC_Epi_CESC,tissue,Tumor,Adjacent,group2_higher,2.2037132884483514e-30,1.4710934578710093e-25
24361,1057,0.17362069097396382,0.47082245333495576,0.1462631523609161,0.4037635028362274,0.6385918926115264,0.9165346041237266,-0.29720176236099194,-0.2575003504753113,,-0.17305432734887774,1.4392389893752002,-10.433106678293557,-10.433106678293557,2.2926453150519957e-24,10412780.0,-10.541827147918273,5.541297406511291e-26,-0.4554804661018683,-0.19122710248793606,GCST90200668,cancerType_celltype,CESC_Epi_CESC,tissue,Tumor,Adjacent,group2_higher,7.352648386860872e-24,1.6419105141467153e-25
24361,1057,-0.08109580130397305,-0.22715128283821764,-0.0973307341337204,-0.2779091298580169,0.47196382154392696,0.5747266014535141,0.14605548153424458,0.18057839572429651,,0.12072168836838011,-1.4859428877367507,8.143882566202143,8.143882566202143,1.0142866302415445e-15,15336052.5,10.538639348074518,5.732352677074261e-26,0.3064048806486787,0.19116927629529612,GCST90200146,cancerType_celltype,CESC_Epi_CESC,tissue,Tumor,Adjacent,group1_higher,2.351144008536097e-15,1.69483659411111e-25
24361,1057,0.706136356166351,0.3564894472441813,0.6868704557418823,0.3136129081249237,1.1227053384320118,1.0314616270630963,0.34964690892216965,0.3732575476169586,,0.12860841096786133,0.9860854226482051,10.748035535241522,10.748035535241522,9.278710593747468e-26,15335469.0,10.536140917975349,5.886643519550155e-26,0.3124462942618603,0.19112395516244796,GCST90200995,cancerType_celltype,CESC_Epi_CESC,tissue,Tumor,Adjacent,group1_higher,3.1459906814123875e-25,1.736687254793693e-25
24361,1057,0.3637866538999221,0.8527707445066045,0.3021745979785919,0.7172084450721741,1.1977998236607135,1.4312041635444557,-0.4889840906066824,-0.41503384709358215,,-0.16560745522590378,1.2290630549140948,-10.942828700803965,-10.942828700803965,1.4992149106751874e-26,10418045.0,-10.519283472730397,7.040856636996801e-26,-0.40465569169165927,-0.1908181637313887,GCST90200633,cancerType_celltype,CESC_Epi_CESC,tissue,Tumor,Adjacent,group2_higher,5.253033221723086e-26,2.0727187032886913e-25
24361,1057,0.16994724017676166,0.4217053806476864,0.1460309773683548,0.3973030745983124,0.6750457880803855,0.775623665612609,-0.25175814047092476,-0.2512720972299576,,-0.146166612869609,1.3111434277739227,-10.383601559031359,-10.383601559031359,3.487230334483242e-24,10420512.0,-10.508720272979497,7.875672654880237e-26,-0.3704934632511258,-0.19062654893321163,GCST90199840,cancerType_celltype,CESC_Epi_CESC,tissue,Tumor,Adjacent,group2_higher,1.1105362023132381e-23,2.3134788423710693e-25
24361,1057,-0.24948061903347682,0.030518434635806713,-0.3054002225399017,-0.0352084152400493,0.8755334457313385,0.7898645386027991,-0.2799990536692835,-0.27019180729985237,,-0.1297533001333637,-3.0311333845591792,-11.229567954653882,-11.229567954653882,7.299493994475835e-28,10428418.5,-10.474866224000781,1.1269937694917605e-25,-0.3210477022160361,-0.1900124417577811,GCST90200846,cancerType_celltype,CESC_Epi_CESC,tissue,Tumor,Adjacent,group2_higher,2.618213240650148e-27,3.303424747994128e-25
24361,1057,0.09855237959572155,-0.3111721394555388,0.0290983393788337,-0.3657758235931396,1.266826390742305,1.3126540233647381,0.40972451905126034,0.3948741629719733,,0.14309126668642067,-1.6587402817209136,9.94893138117756,9.94893138117756,2.016094083494257e-22,15319272.0,10.466788608950083,1.227391237782785e-25,0.322932164398819,0.1898659150789157,GCST90199991,cancerType_celltype,CESC_Epi_CESC,tissue,Tumor,Adjacent,group1_higher,5.99986077686173e-22,3.589987676175828e-25
24361,1057,0.23581698909431673,0.05622514685101321,0.2077841162681579,-0.1020806357264518,0.6753786376255805,0.8591181909131514,0.17959184224330352,0.3098647519946097,,0.11228174926794178,2.0683606885596273,6.706952044594731,6.706952044594731,3.154675683650934e-11,15318921.5,10.465287838170719,1.2469978985579904e-25,0.2625626186432885,0.18983869133073528,GCST90200270,cancerType_celltype,CESC_Epi_CESC,tissue,Tumor,Adjacent,group1_higher,6.047570965986249e-11,3.639524915919788e-25
24361,1057,0.058827844888644176,-0.23557654775591222,-0.0167070496827363,-0.2875984907150268,0.8966080042908559,0.7260371917034087,0.2944043926445564,0.2708914410322905,,0.15496127393325512,-2.001606432295279,12.767606484188148,12.767606484188148,4.2609555841416145e-35,15315919.0,10.452431734704128,1.428188465421992e-25,0.3307275232337724,0.18960548361629392,GCST90199935,cancerType_celltype,CESC_Epi_CESC,tissue,Tumor,Adjacent,group1_higher,1.948886731941282e-34,4.159446321303792e-25
24361,1057,0.28755081061359306,0.05682702435624619,0.2441730946302414,-0.0802084952592849,0.7902875007557293,0.8684245990720022,0.23072378625734685,0.3243815898895263,,0.1202201728030386,2.3391474562673222,8.486567012219309,8.486567012219309,6.579893019163967e-17,15314469.0,10.446223125203193,1.5248047389169305e-25,0.29069864643094684,0.18949286040698854,GCST90199906,cancerType_celltype,CESC_Epi_CESC,tissue,Tumor,Adjacent,group1_higher,1.5986296179616926e-16,4.431362173014448e-25
24361,1057,0.465529633724224,0.20014266776098968,0.4124858975410461,0.1525115817785263,0.7989140941981198,0.8774994678993083,0.2653869659632343,0.2599743157625198,,0.1517396664052514,1.2178401340593785,9.660454763482976,9.660454763482976,2.85518797702383e-21,15313177.0,10.440691040047879,1.6163343937596467e-25,0.33076931541467947,0.18939250924393836,GCST90200219,cancerType_celltype,CESC_Epi_CESC,tissue,Tumor,Adjacent,group1_higher,8.158535037072287e-21,4.687369741902975e-25
24361,1057,-0.07998333250364852,0.13254210128159352,-0.0966757461428642,0.099164642393589,0.5057037241903867,0.6459516991927943,-0.21252543378524202,-0.1958403885364532,,-0.1781029941284825,0.728672246814493,-10.55720972228066,-10.55720972228066,6.757227255689812e-25,10439794.5,-10.426156471116208,1.8835809703813182e-25,-0.4148489907427923,-0.18912885442739502,GCST90200543,cancerType_celltype,CESC_Epi_CESC,tissue,Tumor,Adjacent,group2_higher,2.2193013854229427e-24,5.450787394118337e-25
24361,1057,0.11857915858492699,-0.07972981176949692,0.1078305765986442,-0.1637266278266906,0.6041146404961216,0.7907345936697308,0.1983089703544239,0.2715572044253348,,0.13597988734807495,0.5726533683372289,8.052268469533198,8.052268469533198,2.079783563704852e-15,15300239.0,10.38529311610092,2.892858436950854e-25,0.32350527997310446,0.1883875995322175,GCST90199745,cancerType_celltype,CESC_Epi_CESC,tissue,Tumor,Adjacent,group1_higher,4.756283552566633e-15,8.353741630432232e-25
24361,1057,0.10727760285982152,-0.020841345400152977,0.1206009164452552,-0.041241530328989,0.4937753015715329,0.6887995513767791,0.1281189482599745,0.1618424467742442,,0.1089023091907002,2.363772814474539,5.980939224516655,5.980939224516655,2.993296069346979e-09,15299760.0,10.383242134065783,2.9557045185808375e-25,0.25451483961364996,0.18835039503755735,GCST90199793,cancerType_celltype,CESC_Epi_CESC,tissue,Tumor,Adjacent,group1_higher,5.2711402358138655e-09,8.517178137052182e-25
24361,1057,0.21459539143154926,0.45866067072819033,0.1302448511123657,0.3991780877113342,0.9248930500393139,0.7651741357323432,-0.24406527929664107,-0.2689332365989685,,-0.10653270173883891,1.0958045333358384,-10.056255142862073,-10.056255142862073,6.820058610704547e-23,10456327.0,-10.355367618306415,3.9567250853144263e-25,-0.2656319551790245,-0.1878447556633649,GCST90201016,cancerType_celltype,CESC_Epi_CESC,tissue,Tumor,Adjacent,group2_higher,2.079583867201409e-22,1.1377671500598233e-24
24361,1057,0.11894789722984753,-0.16488394112765212,0.0691792368888855,-0.2996198832988739,0.9600043598819279,1.03107902153948,0.28383183835749964,0.3687991201877594,,0.11544516761011776,-0.4711177473994703,8.785952903589711,8.785952903589711,5.613024153587056e-18,15292631.0,10.352717184319465,4.067834518487508e-25,0.2947181792182556,0.18779667720366833,GCST90201007,cancerType_celltype,CESC_Epi_CESC,tissue,Tumor,Adjacent,group1_higher,1.4063514561285216e-17,1.1672544102523104e-24
24361,1057,0.850998225505455,0.35258211765595593,0.7690637111663818,0.1177471503615379,1.6323177078366078,1.5900820096396238,0.4984161078494991,0.6513165608048439,,0.14551115207125848,1.271194421559989,9.96555224574789,9.96555224574789,1.6945866688052158e-22,15289929.5,10.341149902549276,4.590067094499388e-25,0.30566711530576807,0.18758684851405527,GCST90200553,cancerType_celltype,CESC_Epi_CESC,tissue,Tumor,Adjacent,group1_higher,5.087492576170725e-22,1.3143406407148456e-24
24361,1057,0.1590996372960872,-0.10519663439001044,0.1084256470203399,-0.1554991751909256,0.8358625583330171,0.7968047320394369,0.26429627168609765,0.2639248222112655,,0.1452189810701002,0.5968373518737302,10.535336684539839,10.535336684539839,7.560195818999807e-25,15283214.0,10.312395476960637,6.193928419395765e-25,0.31679710110509607,0.1870652477126129,GCST90200120,cancerType_celltype,CESC_Epi_CESC,tissue,Tumor,Adjacent,group1_higher,2.47595585276877e-24,1.7698793366114104e-24
24361,1057,0.1482965507228164,-0.08267410549605239,0.1093363687396049,-0.1608687043190002,0.768189652907107,0.7842134206372088,0.23097065621886878,0.2702050730586051,,0.11028082055818113,0.8429698840334965,9.38215180997692,9.38215180997692,3.351320560153254e-20,15279742.0,10.29752906855564,7.2296016947314265e-25,0.3004058411391141,0.1867955733797102,GCST90199717,cancerType_celltype,CESC_Epi_CESC,tissue,Tumor,Adjacent,group1_higher,9.341206387502833e-20,2.061495211280112e-24
24361,1057,-0.05575706825003572,0.17883747554703405,-0.1090990081429481,0.1359632909297943,0.7963593293191749,0.7242088036293184,-0.2345945437970698,-0.2450622990727424,,-0.11786843875146354,1.6814046685277837,-10.265680682028513,-10.265680682028513,9.868079151516997e-24,10472901.0,-10.284401070810906,8.285743087158601e-25,-0.29564819966095485,-0.1865574335454132,GCST90200169,cancerType_celltype,CESC_Epi_CESC,tissue,Tumor,Adjacent,group2_higher,3.0991225538059143e-23,2.3577177093522283e-24
24361,1057,0.23175307083261168,0.05148659699622127,0.2179276645183563,-0.0501553043723106,0.7402792359938432,0.9459672636368763,0.1802664738363904,0.2680829688906669,,0.09720528996563156,2.1702978363956644,6.114792343764975,6.114792343764975,1.3361862715159173e-09,15269766.0,10.25481383518921,1.1259524676792251e-24,0.24037151518023162,0.1860207256996882,GCST90200229,cancerType_celltype,CESC_Epi_CESC,tissue,Tumor,Adjacent,group1_higher,2.3806822066355494e-09,3.1972358613474666e-24
24361,1057,0.19322429410677056,0.021573603781755855,0.1714458167552948,-0.0158330556005239,0.5743102955101902,0.5781135819483152,0.1716506903250147,0.1872788723558187,,0.11472842777437418,3.1628779925316204,9.452902925663519,9.452902925663519,1.7868572318210347e-20,15264982.0,10.234329705635783,1.3915851772769761e-24,0.29879896851319215,0.18564914678015865,GCST90200971,cancerType_celltype,CESC_Epi_CESC,tissue,Tumor,Adjacent,group1_higher,5.000998782283512e-20,3.943306853697544e-24
24361,1057,0.08357699934975399,-0.043691516351972444,0.074022963643074,-0.1203680783510208,0.4673056076876417,0.6078121819449966,0.12726851570172643,0.1943910419940948,,0.09550250021885998,0.9357370282458347,6.721868846432513,6.721868846432513,2.8622624935894737e-11,15264696.0,10.23310511093422,1.4093000261179201e-24,0.2685139692909848,0.1856269328230129,GCST90199707,cancerType_celltype,CESC_Epi_CESC,tissue,Tumor,Adjacent,group1_higher,5.510259574523238e-11,3.9852197833998444e-24
24361,1057,0.06394842018520537,-0.08476356730568192,0.0548117794096469,-0.144850343465805,0.4827949282174025,0.6846184217587437,0.1487119874908873,0.1996621228754519,,0.1155524479266184,-0.40653004688098127,6.987135366203081,6.987135366203081,4.8467200948126226e-12,15263418.0,10.227632970974085,1.4912284931995047e-24,0.3017517896262779,0.18552766905646645,GCST90200517,cancerType_celltype,CESC_Epi_CESC,tissue,Tumor,Adjacent,group1_higher,9.560172922184667e-12,4.208166534639596e-24
24361,1057,0.5058534782845656,0.14126870424293736,0.4123577177524566,-0.0727951005101203,1.366846305925647,1.6324163042659132,0.36458477404162826,0.4851528182625769,,0.11413578835070111,1.8402703091267218,7.153160741866012,7.153160741866012,1.5278891750263694e-12,15252227.0,10.17971535102584,2.4428024194702486e-24,0.26440278177964793,0.18465845089416422,GCST90200493,cancerType_celltype,CESC_Epi_CESC,tissue,Tumor,Adjacent,group1_higher,3.09437287601923e-12,6.879214251524688e-24
24361,1057,-0.0455709105059055,0.22367744304466716,-0.0863261222839355,0.1553693264722824,0.7315836845038245,0.8183828016487851,-0.26924835355057264,-0.2416954487562179,,-0.15012755204687395,2.2952094648361703,-10.515560811238602,-10.515560811238602,9.726321214428062e-25,10502239.0,-10.15878163250855,3.0284367824341218e-24,-0.3661279829191975,-0.18427871650085748,GCST90200449,cancerType_celltype,CESC_Epi_CESC,tissue,Tumor,Adjacent,group2_higher,3.1639560418294624e-24,8.510843988572593e-24
24361,1057,-0.5647689702218334,-0.3055418148022691,-0.625818133354187,-0.3850027918815613,0.7347970311595776,0.8085716603201702,-0.25922715541956426,-0.24081534147262573,,-0.1351919339655445,-0.8862888253462354,-10.241290766681658,-10.241290766681658,1.3327372204736323e-23,10502382.5,-10.15816719425794,3.0475795730757078e-24,-0.3512519664295047,-0.1842675706866952,GCST90200674,cancerType_celltype,CESC_Epi_CESC,tissue,Tumor,Adjacent,group2_higher,4.166332182352204e-23,8.547018432309033e-24
24361,1057,0.10765578654946768,-0.211674500288992,0.0582191534340381,-0.3203588128089905,1.144570763614957,1.1494983505917247,0.3193302868384597,0.3785779662430286,,0.11308606906402986,-0.9754150307687448,8.843483842304828,8.843483842304828,3.4261242962557107e-18,15244579.5,10.146970288157979,3.418177324770006e-24,0.27894567062387865,0.18406446055405112,GCST90200363,cancerType_celltype,CESC_Epi_CESC,tissue,Tumor,Adjacent,group1_higher,8.647791510734321e-18,9.566685202590387e-24
24361,1057,0.24490418631076344,-0.05319888789192756,0.2179589867591858,-0.1089437901973724,0.9351889538288658,0.9186055099655275,0.298103074202691,0.32690277695655817,,0.1281026698102539,2.2027282152526917,10.321030038260744,10.321030038260744,6.011318976760514e-24,15244204.0,10.14536247238722,3.474936315171565e-24,0.31899542636673484,0.18403529502639993,GCST90200627,cancerType_celltype,CESC_Epi_CESC,tissue,Tumor,Adjacent,group1_higher,1.9054483175173443e-23,9.705611060612383e-24
24361,1057,0.010901838813961803,0.23147450311113016,-0.0151867475360631,0.2021334916353225,0.5843005710990014,0.6953515244049945,-0.22057266429716835,-0.2173202391713856,,-0.15723293707030023,4.4080837930992836,-10.158555201398375,-10.158555201398375,2.971146768430462e-23,10506717.5,-10.139605592749973,3.6859277806243715e-24,-0.3742761147826123,-0.18393086612646103,GCST90199842,cancerType_celltype,CESC_Epi_CESC,tissue,Tumor,Adjacent,group2_higher,9.12088523732144e-23,1.0273864141085928e-23
24361,1057,0.4339191075457816,0.1947140424030365,0.449452668428421,0.3067170977592468,0.5943884845497963,0.8341944607306666,0.23920506514274512,0.1427355706691742,,0.15268962679983128,1.15606509966447,9.221658774536065,9.221658774536065,1.4436533785011747e-19,15238981.0,10.122998632784888,4.368331144211677e-24,0.3945691078366311,0.18362961845936332,GCST90200928,cancerType_celltype,CESC_Epi_CESC,tissue,Tumor,Adjacent,group1_higher,3.8964347621724774e-19,1.2151092550123501e-23
24361,1057,-0.03191921697603502,0.26172579677626595,-0.0599977746605873,0.2273953557014465,0.9215277471413785,0.9174152311074296,-0.29364501375230095,-0.2873931303620338,,-0.1254103698336614,3.0355192782566585,-10.185677518963859,-10.185677518963859,2.1805892164242652e-23,10523098.0,-10.069467573487865,7.538670299508842e-24,-0.31870918247021945,-0.18265857338161318,GCST90200767,cancerType_celltype,CESC_Epi_CESC,tissue,Tumor,Adjacent,group2_higher,6.73955351924325e-23,2.092710309211925e-23
24361,1057,-0.6233109199707613,-0.188305182590404,-0.6901540756225586,-0.2367182821035385,1.494381226658791,1.3403520360597496,-0.4350057373803573,-0.4534357935190201,,-0.10977744246983313,-1.7268739343156339,-10.277957889998742,-10.277957889998742,8.72799727690238e-24,10525376.5,-10.059711492972086,8.324373921984473e-24,-0.29228384099286286,-0.18248159960064592,GCST90200914,cancerType_celltype,CESC_Epi_CESC,tissue,Tumor,Adjacent,group2_higher,2.747404223653105e-23,2.3061222877367553e-23
24361,1057,0.13414986223515504,0.01997355603228139,0.1305092871189117,-0.07666527479887,0.460807676351984,0.612152578976877,0.11417630620287365,0.2071745619177817,,0.10143945188624609,2.7476209850145117,5.990725850644407,5.990725850644407,2.8202257867633034e-09,15216258.0,10.02570329920576,1.1752246441083624e-23,0.24392934085204138,0.18186469626277746,GCST90200573,cancerType_celltype,CESC_Epi_CESC,tissue,Tumor,Adjacent,group1_higher,4.972791393736589e-09,3.249150486652532e-23
24361,1057,-0.40161355094509826,-0.015502285972227014,-0.4348653256893158,-0.1379740685224533,0.9950463329152213,1.1578060555119913,-0.38611126497287124,-0.2968912571668625,,-0.13238899899398004,-4.695165603732482,-10.672454100633047,-10.672454100633047,2.1440006258488107e-25,10534196.0,-10.021948160907609,1.2207527421057514e-23,-0.3852117388142454,-0.18179657863894227,GCST90199861,cancerType_celltype,CESC_Epi_CESC,tissue,Tumor,Adjacent,group2_higher,7.180031579931029e-25,3.368190258077205e-23
24361,1057,-0.1269442010091007,0.11751910648088419,-0.14478400349617,0.0338149741291999,0.5756232307612366,0.7466662154751993,-0.2444633074899849,-0.1785989776253699,,-0.14526638149887894,-0.11129824870655862,-10.509838601619109,-10.509838601619109,1.0721304382097847e-24,10536617.5,-10.011579783041048,1.3557308352328717e-23,-0.4187961733101503,-0.18160849787940203,GCST90200241,cancerType_celltype,CESC_Epi_CESC,tissue,Tumor,Adjacent,group2_higher,3.4793185411427064e-24,3.7330527846917254e-23
24361,1057,0.5224095439510676,0.21361756551210737,0.5308685898780823,0.1265219151973724,1.0776037554313553,0.9815552319814227,0.3087919784389603,0.40434667468070984,,0.13589827149283107,1.2901469788987792,9.970565682915002,9.970565682915002,1.5787978762153833e-22,15211201.5,10.004052379246122,1.462886237891096e-23,0.28757360462155407,0.18147195194701649,GCST90200500,cancerType_celltype,CESC_Epi_CESC,tissue,Tumor,Adjacent,group1_higher,4.750334448745182e-22,4.0199877867854105e-23
24361,1057,0.3822752253302472,0.08904599162482092,0.3538275361061096,0.0492983609437942,0.9420587179215929,0.8242406630575091,0.2932292337054263,0.3045291751623154,,0.11776293537889965,2.10197670125333,11.251723085519517,11.251723085519517,5.708854883321244e-28,15204628.5,9.975908110108438,1.943198686521977e-23,0.31279172446817144,0.18096141928855758,GCST90199781,cancerType_celltype,CESC_Epi_CESC,tissue,Tumor,Adjacent,group1_higher,2.0694598952039508e-27,5.329134426014999e-23
24361,1057,-0.022886573113810323,0.3038051164385888,-0.0764711499214172,0.1920886188745498,0.9110875470446227,1.0030764170725277,-0.32669168955239913,-0.268559768795967,,-0.1287301462648643,3.730514515686718,-10.404099286626108,-10.404099286626108,2.8284058639698913e-24,10545365.0,-9.97412474055179,1.9784227135947686e-23,-0.3570035401141239,-0.18092906924257435,GCST90200197,cancerType_celltype,CESC_Epi_CESC,tissue,Tumor,Adjacent,group2_higher,9.028377500213026e-24,5.414839675963192e-23
24361,1057,-0.06544087963492343,0.33727631545874537,-0.1562803536653518,0.2504567503929138,1.2223553200280264,1.2577099659274136,-0.40271719509366877,-0.40673710405826563,,-0.1400332143542429,2.3656491977106953,-10.203170598462366,-10.203170598462366,1.8700612293524034e-23,10549215.0,-9.957639811876895,2.3354606014657292e-23,-0.329059095673547,-0.1806300352040735,GCST90199655,cancerType_celltype,CESC_Epi_CESC,tissue,Tumor,Adjacent,group2_higher,5.792939671834832e-23,6.37922404769096e-23
24361,1057,0.2997952651343161,-0.17266022984787532,0.1786295920610427,-0.3040918409824371,1.5659929855636425,1.2599399251278958,0.4724554949821914,0.4827214330434798,,0.16467098288522086,0.7960382404780515,11.802133969582455,11.802133969582455,1.705780765861023e-30,15192855.0,9.925496341860677,3.2250113091812346e-23,0.3039320927963964,0.180046957664586,GCST90200774,cancerType_celltype,CESC_Epi_CESC,tissue,Tumor,Adjacent,group1_higher,6.719593016961198e-30,8.791380828828046e-23
24361,1057,-0.33662204838779397,-0.0751146858924968,-0.3708175718784332,-0.0779870823025703,0.8042315121992226,0.8633763849731089,-0.26150736249529716,-0.29283048957586294,,-0.13580253930896066,-2.1639478481511487,-9.667100316734873,-9.667100316734873,2.673679277626707e-21,10557347.5,-9.922818076175965,3.3127565358940324e-23,-0.3241390538239004,-0.1799983743422271,GCST90200065,cancerType_celltype,CESC_Epi_CESC,tissue,Tumor,Adjacent,group2_higher,7.655934570178994e-21,9.012549218410312e-23
24361,1057,0.08600090396132534,-0.14183626470267033,0.0286822281777858,-0.2455225884914398,0.7651918275424517,0.8161116964952717,0.22783716866399567,0.2742048166692256,,0.1234291087442339,-0.7217961150705146,8.908072801140975,8.908072801140975,2.014520300403352e-18,15182810.0,9.882485664317997,4.9588415392231e-23,0.2969046952863473,0.17926675067322462,GCST90200446,cancerType_celltype,CESC_Epi_CESC,tissue,Tumor,Adjacent,group1_higher,5.1419310289321515e-18,1.3463946250918496e-22
24361,1057,-0.9434269977545278,-0.4697340455186126,-1.0391693115234375,-0.5303432941436768,1.7463977548597305,1.42684293274786,-0.4736929522359152,-0.5088260173797607,,-0.12614682653610285,-1.006065183067923,-10.45883782540686,-10.45883782540686,1.4700695262991805e-24,10569798.5,-9.869505388661388,5.644343711798862e-23,-0.2731331023471419,-0.1790312904945972,GCST90200488,cancerType_celltype,CESC_Epi_CESC,tissue,Tumor,Adjacent,group2_higher,4.759393739538677e-24,1.5294712682270076e-22
24361,1057,-0.28794015501758796,0.10371983804640447,-0.3439050018787384,-0.0630205124616622,1.0811790092449325,1.182005557960953,-0.39165999306399246,-0.2808844894170762,,-0.15811517141102088,-1.4730682379013227,-10.582393889020157,-10.582393889020157,5.050720152910053e-25,10570224.5,-9.86768134200801,5.747907759113197e-23,-0.36079250095200577,-0.17899820257241505,GCST90199709,cancerType_celltype,CESC_Epi_CESC,tissue,Tumor,Adjacent,group2_higher,1.6709057204894182e-24,1.5544441023157315e-22
24361,1057,-1.2604813881374122,-0.8879416062968101,-1.3272978067398071,-0.9012419581413268,1.1596403896584466,1.2532918187891122,-0.3725397818406021,-0.42605584859848034,,-0.1454127112389915,-0.5054376269241398,-9.489379515205796,-9.489379515205796,1.3157224490081432e-20,10575229.0,-9.846253075630475,7.114855408979076e-23,-0.32013894140574134,-0.17860949715795327,GCST90200769,cancerType_celltype,CESC_Epi_CESC,tissue,Tumor,Adjacent,group2_higher,3.697587006181648e-20,1.9203065192947486e-22
24361,1057,-0.16030069367906438,0.18405580950595612,-0.2123061716556549,0.1185361295938491,0.9728082939606814,1.1147648934312944,-0.34435650318502053,-0.330842301249504,,-0.13795329995450256,0.19936145728314478,-9.881058848717105,-9.881058848717105,3.873826841651664e-22,10577280.0,-9.837471104536395,7.763945205076861e-23,-0.35170133405133586,-0.1784501935701701,GCST90199905,cancerType_celltype,CESC_Epi_CESC,tissue,Tumor,Adjacent,group2_higher,1.1403943812464835e-21,2.0913552004979765e-22
24361,1057,-0.7297958959478462,-0.33599032411593993,-0.8011569976806641,-0.4556238055229187,1.2179691038970002,1.2324446628634351,-0.3938055718319063,-0.34553319215774536,,-0.1440680837930218,-1.1190710341328054,-10.175125365066387,-10.175125365066387,2.4224139569914775e-23,10580503.5,-9.823668723345868,8.904459511710843e-23,-0.3231691980650012,-0.1781998205252071,GCST90200397,cancerType_celltype,CESC_Epi_CESC,tissue,Tumor,Adjacent,group2_higher,7.47002312981761e-23,2.3938418766197e-22
24361,1057,0.23792653144846687,0.09385497388380654,0.2382176667451858,0.0353854410350322,0.5031412824367005,0.618462711367127,0.14407155756466034,0.20283222571015358,,0.1126742072099311,1.3420017409641767,7.46714104827021,7.46714104827021,1.6460694598888395e-13,15168595.0,9.82161988221056,9.087335324309273e-23,0.2833523131444598,0.17816265486613614,GCST90200931,cancerType_celltype,CESC_Epi_CESC,tissue,Tumor,Adjacent,group1_higher,3.4892576575870734e-13,2.4381964659514838e-22
24361,1057,-0.017974494611973733,-0.2772345762162812,-0.0744465291500091,-0.3148383498191833,0.8380771670863534,0.7892668234336452,0.25926008160430747,0.2403918206691742,,0.12599385317827444,-3.9470090296119618,10.42744230358639,10.42744230358639,2.1326529217328838e-24,15166713.0,9.813561535258312,9.84338694520527e-23,0.31008043471840396,0.17801647770757545,GCST90199698,cancerType_celltype,CESC_Epi_CESC,tissue,Tumor,Adjacent,group1_higher,6.871881636694848e-24,2.635861769413513e-22
24361,1057,-0.005286287150088024,0.2565859289057929,-0.034999668598175,0.1998522877693176,0.6973966007703588,0.8202900232560713,-0.2618722160558809,-0.2348519563674926,,-0.14303322028274196,5.600776187124055,-10.220070945158849,-10.220070945158849,1.6598760507934255e-23,10590949.0,-9.778943185041033,1.3865359882089133e-22,-0.3725434936641797,-0.17738850622672364,GCST90199671,cancerType_celltype,CESC_Epi_CESC,tissue,Tumor,Adjacent,group2_higher,5.1535559390237786e-23,3.705585395938723e-22
24361,1057,-0.3591955830079994,-0.17172741630951893,-0.3815976679325104,-0.2430730462074279,0.49911148130496374,0.5958214298000011,-0.1874681666984805,-0.13852462172508248,,-0.14966570277907718,-1.0646448406940072,-10.077112404200927,-10.077112404200927,6.372870224798707e-23,10592545.0,-9.77210943279035,1.4833413327820696e-22,-0.37233028546574315,-0.1772645430253087,GCST90200487,cancerType_celltype,CESC_Epi_CESC,tissue,Tumor,Adjacent,group2_higher,1.9475834341705467e-22,3.9565444942895513e-22
24361,1057,0.038992095598804614,-0.18701282428441413,0.0254898816347122,-0.2370627373456955,0.7409912570866124,0.785144953982183,0.22600491988321875,0.2625526189804077,,0.13730377174089514,-2.2618543221677716,9.182728269574348,9.182728269574348,1.927514312937596e-19,15153758.0,9.758090820717205,1.703350616486494e-22,0.3042288348443664,0.17701024758581463,GCST90200850,cancerType_celltype,CESC_Epi_CESC,tissue,Tumor,Adjacent,group1_higher,5.151376487321458e-19,4.534505645060725e-22
24361,1057,0.12875429854475712,-0.007947828141904577,0.1411449313163757,-0.0504491366446018,0.4712180884932974,0.5618449183594657,0.1367021266866617,0.1915940679609775,,0.1166355842869906,4.017745806779111,7.7923419280529,7.7923419280529,1.492925968864235e-14,15150654.0,9.74480011458555,1.941646863732424e-22,0.2875955521335825,0.17676915624672196,GCST90199741,cancerType_celltype,CESC_Epi_CESC,tissue,Tumor,Adjacent,group1_higher,3.298224432016114e-14,5.158800536583419e-22
24361,1057,-0.3820853894331352,-0.7278897356327408,-0.3988017439842224,-0.7414582967758179,1.1533226069535336,1.1972744997891773,0.34580434619960565,0.34265655279159546,,0.11844795357159746,-0.9298230349983051,9.206676146754944,9.206676146754944,1.5594582330120035e-19,15147033.5,9.729297858931664,2.261532887469204e-22,0.29935052025622877,0.17648794774376286,GCST90200902,cancerType_celltype,CESC_Epi_CESC,tissue,Tumor,Adjacent,group1_higher,4.1923896875648142e-19,5.997022034281177e-22
24361,1057,0.6475896017503066,0.39623945542124817,0.6426742672920227,0.4097838401794433,0.7583056256492179,0.901291203479219,0.2513501463290584,0.2328904271125794,,0.13319522014162338,0.7087058642219383,8.930636020639984,8.930636020639984,1.697018690992248e-18,15133472.5,9.67123237379913,3.995458570225771e-22,0.3286572486755906,0.17543464888763016,GCST90200874,cancerType_celltype,CESC_Epi_CESC,tissue,Tumor,Adjacent,group1_higher,4.339655676965167e-18,1.056604680370059e-21
24361,1057,0.29537043382168937,0.10942119076542288,0.2915910482406616,0.0642113462090492,0.6072019853613199,0.7262500095225921,0.18594924305626648,0.22737970203161242,,0.12090663767595243,1.4326249602377574,8.200825335560335,8.200825335560335,6.483460743429664e-16,15133445.0,9.671114624308595,4.0000588046291306e-22,0.3035365456579574,0.17543251293021234,GCST90200948,cancerType_celltype,CESC_Epi_CESC,tissue,Tumor,Adjacent,group1_higher,1.5157730691757516e-15,1.056604680370059e-21
24361,1057,0.05403636909947215,-0.24879871096535583,-0.0188665557652711,-0.3386754691600799,1.0182544527870732,0.9718925020218909,0.30283508006482796,0.3198089133948088,,0.12239595535483264,-2.202955468024579,9.89742087365624,9.89742087365624,3.158606880524904e-22,15131497.5,9.662775819478892,4.3395249315997445e-22,0.2979574315641708,0.17528124830943814,GCST90199708,cancerType_celltype,CESC_Epi_CESC,tissue,Tumor,Adjacent,group1_higher,9.338787805109423e-22,1.1440565728762964e-21
24361,1057,-0.07416464794658273,-0.28623485835374823,-0.1274406462907791,-0.3740692138671875,0.7913913393918112,0.8022204609544045,0.2120702104071655,0.2466285675764084,,0.1130398985991978,-1.9483813987873668,8.418652338197933,8.418652338197933,1.1231656450009495e-16,15127082.0,9.643869533098632,5.218405561686176e-22,0.26781809369990817,0.17493829121930826,GCST90200900,cancerType_celltype,CESC_Epi_CESC,tissue,Tumor,Adjacent,group1_higher,2.70472574935741e-16,1.3731055560961887e-21
24361,1057,-0.02095003394411484,-0.331302543531891,-0.025366686284542,-0.4374633133411407,1.1878875287671333,0.9761669140621887,0.31035250958777616,0.41209662705659866,,0.12408329545751601,-3.9830602856485395,10.019511860472354,10.019511860472354,9.584891695044237e-23,15119839.0,9.612856458191551,7.056519815811595e-22,0.26304458551283333,0.17437571887103243,GCST90200887,cancerType_celltype,CESC_Epi_CESC,tissue,Tumor,Adjacent,group1_higher,2.8967200399878702e-22,1.853186225231446e-21
24361,1057,0.23864847828819305,0.08662248981773006,0.2335534989833831,0.086095318198204,0.48230746176339423,0.6368361613383573,0.152025988470463,0.14745818078517908,,0.1096064651293182,1.4620629816863886,7.666367307693063,7.666367307693063,3.85104741927635e-14,15118086.0,9.605350463394904,7.590085942146084e-22,0.3104473120633419,0.17423956129454088,GCST90200319,cancerType_celltype,CESC_Epi_CESC,tissue,Tumor,Adjacent,group1_higher,8.398364211957865e-14,1.9894782959894445e-21
24361,1057,0.2062340416535364,0.03590733109883719,0.2256360054016113,0.0793230012059211,0.5156922469501133,0.7948278938431992,0.17032671055469922,0.1463130041956902,,0.10771417986464184,2.5218989756986208,6.904254437250504,6.904254437250504,8.534460677659593e-12,15113307.0,9.584887742839756,9.256016151808173e-22,0.3212353685982801,0.17386837073090566,GCST90199638,cancerType_celltype,CESC_Epi_CESC,tissue,Tumor,Adjacent,group1_higher,1.6761484011023092e-11,2.4214875268549983e-21
24361,1057,-0.15536919899398158,0.11697937955537083,-0.2125317454338073,0.0186710786074399,0.8360639550155352,0.8455029342053025,-0.2723485785493524,-0.2312028240412472,,-0.14123456807572235,-0.40944323689144874,-10.257108280416299,-10.257108280416299,1.115874148705837e-23,10640243.0,-9.567876152807195,1.0912651568782043e-21,-0.3255973358352847,-0.17355978313740839,GCST90200001,cancerType_celltype,CESC_Epi_CESC,tissue,Tumor,Adjacent,group2_higher,3.496405665944956e-23,2.8494145762930887e-21
24361,1057,-0.4157997040232563,-0.012934206286224985,-0.4943223893642425,-0.0921375155448913,1.3617528338111937,1.3143774962256707,-0.4028654977370313,-0.4021848738193512,,-0.12019917198938249,-5.00651723400966,-9.740755581872989,-9.740755581872989,1.3306979551037567e-21,10646747.0,-9.540027327845761,1.4279762953931727e-21,-0.29626442644452655,-0.17305460979028897,GCST90199710,cancerType_celltype,CESC_Epi_CESC,tissue,Tumor,Adjacent,group2_higher,3.834548230034715e-21,3.721475507879339e-21
24361,1057,-0.33080981327578085,-0.723287910008129,-0.4149487316608429,-0.7434269785881042,1.2172028184217434,1.3414504886643683,0.3924780967323481,0.32847824692726135,,0.13646313154724624,-1.1285656384547393,9.346657155300619,9.346657155300619,4.660796633529669e-20,15101002.0,9.532200198074928,1.539876630359436e-21,0.3210148665698469,0.1729126268753851,GCST90200649,cancerType_celltype,CESC_Epi_CESC,tissue,Tumor,Adjacent,group1_higher,1.2885731869170262e-19,4.005442456450212e-21
24361,1057,-0.06298669597789812,-0.12255270930116191,-0.0539743453264236,-0.1897064000368118,0.37722660619601484,0.5663850180573899,0.05956601332326379,0.13573205471038818,,0.06034992003074154,-0.9602722054704237,3.386761151514735,3.386761151514735,0.0007323067364413053,15098315.0,9.520695002399748,1.720282250120613e-21,0.1539445812307883,0.1727039244178652,GCST90200266,cancerType_celltype,CESC_Epi_CESC,tissue,Tumor,Adjacent,group1_higher,0.0009921809957947308,4.4661803941226585e-21
24361,1057,0.06911713417621587,-0.156627037053815,0.0389140658080577,-0.2201729714870453,0.8217658252045242,0.7973218785053701,0.22574417123003088,0.25908703729510296,,0.10843517306006974,-1.1802063059987453,8.99986074241269,8.99986074241269,9.074631832158183e-19,15097977.5,9.51924989501591,1.7443715968050105e-21,0.2750412743831432,0.17267771039500968,GCST90200772,cancerType_celltype,CESC_Epi_CESC,tissue,Tumor,Adjacent,group1_higher,2.3514682865459323e-18,4.5201111909605116e-21
24361,1057,-0.24273486527508045,0.0352156049630965,-0.2971809506416321,-0.0493921935558319,0.8598322653027216,0.8889769370142767,-0.277950470238177,-0.24778875708580017,,-0.13010851846389707,-2.785059549892257,-9.964934445922069,-9.964934445922069,1.7374464056659937e-22,10652082.5,-9.517181785782151,1.7794277211983892e-21,-0.3227992906473334,-0.172640195215634,GCST90200663,cancerType_celltype,CESC_Epi_CESC,tissue,Tumor,Adjacent,group2_higher,5.204702089940108e-22,4.6022011081468776e-21
24361,1057,-0.6088679535296858,-0.38343567897301556,-0.6401373147964478,-0.413624495267868,0.6920793819240447,0.7495611242434812,-0.22543227455667025,-0.22651281952857977,,-0.13589192519009613,-0.6671434015898181,-9.601948421717077,-9.601948421717077,4.816653348286474e-21,10661133.5,-9.478427217097352,2.581497339274186e-21,-0.3245673471096177,-0.17193719337603097,GCST90200237,cancerType_celltype,CESC_Epi_CESC,tissue,Tumor,Adjacent,group2_higher,1.3705842408589695e-20,6.663978926952112e-21
24361,1057,-0.09329573376607582,0.13111446849546282,-0.136447787284851,0.0644295439124107,0.5677037251000391,0.720293776012171,-0.22441020226153863,-0.2008773311972617,,-0.16556388653490903,0.49093941954657844,-9.995285073947043,-9.995285073947043,1.3828125427571144e-22,10664543.0,-9.463828421170843,2.968763190069327e-21,-0.3903799889520908,-0.1716723734918053,GCST90199965,cancerType_celltype,CESC_Epi_CESC,tissue,Tumor,Adjacent,group2_higher,4.169852866765369e-22,7.649195138118134e-21
24361,1057,0.30570687891923065,0.07098553725036434,0.3025218844413757,0.0016774440882727,0.9002465892212212,0.7626394142106928,0.23472134166886632,0.300844440353103,,0.10792187515314287,2.106536389407724,9.7168117361209,9.7168117361209,1.579625071396171e-21,15079436.0,9.439858906697582,3.732893290252834e-21,0.26227296226722063,0.17123757023270714,GCST90200608,cancerType_celltype,CESC_Epi_CESC,tissue,Tumor,Adjacent,group1_higher,4.542255215850171e-21,9.599874631348326e-21
24361,1057,0.09030398814857754,-0.18599943464728513,0.064854510128498,-0.2434065192937851,0.9523100527582679,0.8563759116027887,0.2763034227958627,0.30826102942228306,,0.11379496987155467,-1.042428407920858,10.219041491157089,10.219041491157089,1.528700451300827e-23,15070323.0,9.400838866434121,5.413087015962885e-21,0.29130034030055607,0.17052975278001647,GCST90200439,cancerType_celltype,CESC_Epi_CESC,tissue,Tumor,Adjacent,group1_higher,4.757120354162162e-23,1.3894609421388725e-20
24361,1057,0.24070532095014036,0.08039341766667854,0.2142214626073837,0.0265880115330219,0.5905576116632054,0.6389461186283499,0.16031190328346182,0.1876334510743618,,0.10434148323002658,1.5821067936667546,8.01006103774699,8.01006103774699,2.8220958662525216e-15,15059030.0,9.352484502920982,8.561434007923275e-21,0.2705016114713568,0.16965261215747351,GCST90199658,cancerType_celltype,CESC_Epi_CESC,tissue,Tumor,Adjacent,group1_higher,6.432302116558841e-15,2.1934651415036512e-20
24361,1057,0.4438846449422241,0.25664567165037083,0.4736889004707336,0.2835290133953094,0.5772550389524922,0.7833942709540929,0.1872389732918533,0.1901598870754242,,0.11909482819844347,0.790404502396875,7.680631679446992,7.680631679446992,3.471760190689636e-14,15054996.0,9.335211723109417,1.0079164385805534e-20,0.3188336045065385,0.16933928662206754,GCST90200334,cancerType_celltype,CESC_Epi_CESC,tissue,Tumor,Adjacent,group1_higher,7.583347980624959e-14,2.5774673654508336e-20
24361,1057,0.10721271408396672,-0.01641123933559451,0.1144974455237388,-0.0144074466079473,0.4081411455420375,0.5086993514795827,0.12362395341956123,0.1289048921316861,,0.12530559448643325,2.707645454734487,7.792863470008069,7.792863470008069,1.493033363575893e-14,15054518.0,9.333165022873937,1.0275774604020265e-20,0.29947138951814695,0.1693021597985862,GCST90200503,cancerType_celltype,CESC_Epi_CESC,tissue,Tumor,Adjacent,group1_higher,3.298224432016114e-14,2.6228241170935616e-20
24361,1057,0.039016050537487794,-0.16587272129050662,-0.0060604210011661,-0.1910668909549713,0.6780353968772785,0.7006244682196957,0.20488877182799442,0.1850064699538052,,0.13798345393205766,-2.0879087161863636,9.320106389155443,9.320106389155443,5.797071653192063e-20,15053335.5,9.328101794780933,1.0778604453152456e-20,0.3017556990757327,0.16921031362961814,GCST90200046,cancerType_celltype,CESC_Epi_CESC,tissue,Tumor,Adjacent,group1_higher,1.5962441744041984e-19,2.7460257700274385e-20
24361,1057,0.08737915242840384,-0.030783268429983017,0.1011815816164016,-0.044776938855648,0.4611031356801011,0.5511251907161268,0.11816242085838685,0.1459585204720496,,0.10554706049633289,1.5051123383002487,6.8670396698087846,6.8670396698087846,1.0837502478093193e-11,15050007.0,9.313849824626546,1.2328344375799206e-20,0.25400871185086454,0.16895178511087772,GCST90199838,cancerType_celltype,CESC_Epi_CESC,tissue,Tumor,Adjacent,group1_higher,2.1132354617512193e-11,3.134987571681776e-20
24361,1057,-0.22323115236987873,-0.018500600341119774,-0.2485237419605255,-0.0752447098493576,0.5936819278472142,0.7214306839870632,-0.20473055202875895,-0.1732790321111679,,-0.12644689291526007,-3.592822864386376,-9.09362444243917,-9.09362444243917,4.258771015681102e-19,10701637.5,-9.304997203838145,1.3399856049475114e-20,-0.3414839686030566,-0.16879119994864378,GCST90199926,cancerType_celltype,CESC_Epi_CESC,tissue,Tumor,Adjacent,group2_higher,1.120599400458174e-18,3.401118025220592e-20
24361,1057,0.3800195951837753,0.17474277064218754,0.4131093323230743,0.2502355575561523,0.5462181630618355,0.8448595213501499,0.20527682454158777,0.162873774766922,,0.13512898685270353,1.120836580843739,7.828706295903997,7.828706295903997,1.1580913227303024e-14,15046213.0,9.297604676732377,1.4364809897398392e-20,0.36539375917640465,0.16865710065839146,GCST90200798,cancerType_celltype,CESC_Epi_CESC,tissue,Tumor,Adjacent,group1_higher,2.570811845083717e-14,3.639263176608552e-20
24361,1057,-0.3848536273211252,-0.15400544227061644,-0.4337049126625061,-0.2193764895200729,0.795349505007855,0.7396693146679523,-0.23084818505050878,-0.2143284231424332,,-0.1235676830215116,-1.321322891920161,-9.90141151888758,-9.90141151888758,3.01676942846031e-22,10703428.0,-9.297330641554405,1.440187087126192e-20,-0.29106561279069754,-0.16865212970294619,GCST90200946,cancerType_celltype,CESC_Epi_CESC,tissue,Tumor,Adjacent,group2_higher,8.938818980416092e-22,3.6418831164248605e-20
24361,1057,0.3893256685453381,0.14412205626760147,0.3487543761730194,0.0271352771669626,0.8519479246674249,0.9225014575254475,0.24520361227773665,0.3216190990060568,,0.12580541896760306,1.4336800205186477,8.486071118244785,8.486071118244785,6.591561594236766e-17,15046087.0,9.297065169975744,1.4437863849752117e-20,0.2867894410457039,0.16864731408985856,GCST90200268,cancerType_celltype,CESC_Epi_CESC,tissue,Tumor,Adjacent,group1_higher,1.5986296179616926e-16,3.644223782817062e-20
24361,1057,0.004811047499792515,0.27423361339135505,-0.0589948780834674,0.2710028290748596,0.8771668474236722,0.9722015381905498,-0.26942256589156255,-0.329997707158327,,-0.1310740152860225,5.832615983265652,-8.854777816359817,-8.854777816359817,3.1753273655234146e-18,10708201.0,-9.27689361179719,1.7449506114750078e-20,-0.3057036325221693,-0.1682814051663839,GCST90200981,cancerType_celltype,CESC_Epi_CESC,tissue,Tumor,Adjacent,group2_higher,8.029631167362549e-18,4.3962434074684576e-20
24361,1057,-0.5668915136539624,-0.37031870924025356,-0.5984761118888855,-0.391279935836792,0.6755304857961026,0.698430181810266,-0.19657280441370883,-0.2071961760520935,,-0.11188725257464299,-0.6143038821470084,-8.970115029277604,-8.970115029277604,1.1848348161978632e-18,10713889.0,-9.252538735354904,2.1922710942241315e-20,-0.29057438021799636,-0.16783961150119087,GCST90200195,cancerType_celltype,CESC_Epi_CESC,tissue,Tumor,Adjacent,group2_higher,3.0470374612786556e-18,5.513035980493526e-20
24361,1057,0.0590983666209752,-0.036261607724906705,0.0500149950385093,-0.0687553435564041,0.41515588282206084,0.6015318012033114,0.0953599743458819,0.1187703385949134,,0.07776823233445335,0.7046599926246252,5.101558991349309,5.101558991349309,3.965301674513322e-07,15034047.5,9.245514443019536,2.341164725362974e-20,0.22462383786142212,0.1677121919323179,GCST90199809,cancerType_celltype,CESC_Epi_CESC,tissue,Tumor,Adjacent,group1_higher,6.313909091543992e-07,5.876625268268386e-20
24361,1057,-0.17871556196131613,0.06910585549388776,-0.2077410668134689,-0.0096718007698655,0.7756576058923983,0.7999295496229456,-0.2478214174552039,-0.1980692660436034,,-0.13383397734579258,-1.3707725973938334,-9.872833300182965,-9.872833300182965,4.0600643363492133e-22,10718503.5,-9.232780370843136,2.6370166444517117e-20,-0.31907740963922027,-0.1674811978464733,GCST90200574,cancerType_celltype,CESC_Epi_CESC,tissue,Tumor,Adjacent,group2_higher,1.1926438988025815e-21,6.6070839823303e-20
24361,1057,-0.4879679628613609,-0.031955233357107496,-0.6127296090126038,-0.2041559517383575,1.7239288964956272,1.5022879260416204,-0.4560127295042534,-0.40857365727424627,,-0.1189466669877748,-3.9326201137988344,-9.598332425242575,-9.598332425242575,4.6626099256065755e-21,10719028.0,-9.23053456692366,2.692899727950035e-20,-0.26585162582068755,-0.1674404593131763,GCST90201004,cancerType_celltype,CESC_Epi_CESC,tissue,Tumor,Adjacent,group2_higher,1.3295266377827954e-20,6.734719870084216e-20
24361,1057,-0.002994667959308338,0.39664211336570876,-0.0201675929129123,0.2773329019546509,1.1413721488253545,1.193297134574742,-0.3996367813250171,-0.2975004948675632,,-0.1232799998774345,7.04881996655609,-10.678280962865951,-10.678280962865951,1.950017832043431e-25,10722660.5,-9.214980929673906,3.113398549110245e-20,-0.34946221710546854,-0.16715831875607123,GCST90200342,cancerType_celltype,CESC_Epi_CESC,tissue,Tumor,Adjacent,group2_higher,6.546488436145804e-25,7.772091982485831e-20
24361,1057,-0.009078760713203238,0.3389586511857952,-0.0572976283729076,0.2431141883134842,1.0942567758628114,1.1356216194836541,-0.34803741189899845,-0.3004118166863918,,-0.11801010955446276,5.222315461526051,-9.769075254233876,-9.769075254233876,1.0509514826276913e-21,10723492.5,-9.211418472360267,3.2184973412968805e-20,-0.31755049589561535,-0.16709369633528348,GCST90200029,cancerType_celltype,CESC_Epi_CESC,tissue,Tumor,Adjacent,group2_higher,3.03484506529988e-21,8.0197657699957e-20
24361,1057,-0.4556039786283909,-0.08981879334665514,-0.5652570724487305,-0.1408587098121643,1.4685424321294553,1.2672231589225316,-0.36578518528173576,-0.42439836263656616,,-0.09586026534642857,-2.342678204251999,-9.122465226344781,-9.122465226344781,3.0770076087941304e-19,10727267.0,-9.195256819559384,3.7410733224495665e-20,-0.2504125143307124,-0.16680052647078436,GCST90201003,cancerType_celltype,CESC_Epi_CESC,tissue,Tumor,Adjacent,group2_higher,8.191330802317187e-19,9.304895873172918e-20
24361,1057,0.2766064099860594,0.11001265168529446,0.291043072938919,0.1263877004384994,0.4969149054641599,0.7035376892817479,0.16659375830076495,0.16465537250041962,,0.11661755727118306,1.3301572450206562,7.616557440548549,7.616557440548549,5.5877164524848014e-14,15021390.0,9.191317563876034,3.8806635641181096e-20,0.32847155311057596,0.1667290689862595,GCST90200485,cancerType_celltype,CESC_Epi_CESC,tissue,Tumor,Adjacent,group1_higher,1.2088980197994897e-13,9.634507172846964e-20
24361,1057,0.07155955862863331,0.24570975945460677,0.0510362237691879,0.266202300786972,0.529070401558897,0.700175547230074,-0.17415020082597346,-0.2151660770177841,,-0.1374431193586056,1.7797244786435633,-7.988045379735493,-7.988045379735493,3.4123969869808137e-15,10730266.0,-9.18241570239159,4.2153542124113755e-20,-0.3241416727916493,-0.166567590605469,GCST90200997,cancerType_celltype,CESC_Epi_CESC,tissue,Tumor,Adjacent,group2_higher,7.751828488758083e-15,1.0446414166394007e-19
24361,1057,0.19078138963673846,-0.19108641244016866,0.1217589676380157,-0.2648215889930725,1.3934095157811295,1.0460966920479455,0.3818678020769071,0.3865805566310882,,0.12718704128237726,-0.0023047383011766225,11.436004579212991,11.436004579212991,7.583810979335225e-29,15009769.0,9.141558770075786,6.155975339197109e-20,0.27657154558645103,0.16582645221705983,GCST90199989,cancerType_celltype,CESC_Epi_CESC,tissue,Tumor,Adjacent,group1_higher,2.8165488732517473e-28,1.5227938996961268e-19
24361,1057,-0.6968733629328605,-0.2934855067756207,-0.8017091751098633,-0.3734135329723358,1.4750635502921254,1.4166939720495841,-0.4033878561572398,-0.42829564213752747,,-0.12224939601868673,-1.2476044049812514,-9.046967634046744,-9.046967634046744,6.056879487915581e-19,10742756.0,-9.128936024690438,6.917715321057664e-20,-0.27391330113088724,-0.16559747758186472,GCST90200388,cancerType_celltype,CESC_Epi_CESC,tissue,Tumor,Adjacent,group2_higher,1.5784945969462593e-18,1.708124272210434e-19
24361,1057,-0.8086513136161585,-0.5060043368515423,-0.8680848479270935,-0.6267908215522766,0.9911278832350148,1.0108153773658146,-0.30264697676461616,-0.2412940263748169,,-0.10704271878833965,-0.6763669368147834,-9.537344448679207,-9.537344448679207,8.45784379254997e-21,10743402.5,-9.126167841212952,7.096833446170978e-20,-0.30510193315207684,-0.1655472631647502,GCST90201001,cancerType_celltype,CESC_Epi_CESC,tissue,Tumor,Adjacent,group2_higher,2.396682139136301e-20,1.749183361144854e-19
24361,1057,-0.0025412495824735097,0.31667242594928524,-0.0620317757129669,0.2765851616859436,1.0985392201087447,1.0581410982248542,-0.3192136755317588,-0.3386169373989105,,-0.10943536064595161,6.960746324395304,-9.586293872517496,-9.586293872517496,5.3691691498711295e-21,10744953.0,-9.119528910846608,7.545307422050196e-20,-0.2910169398445201,-0.1654268340019721,GCST90200147,cancerType_celltype,CESC_Epi_CESC,tissue,Tumor,Adjacent,group2_higher,1.5246203231821564e-20,1.8563635408401476e-19
24361,1057,-0.4500095158993088,-0.14062967056304526,-0.4844460785388946,-0.1589558273553848,1.0660615777681535,1.11789955051991,-0.30937984533626356,-0.3254902511835098,,-0.09819637835241786,-1.6780474445084912,-8.825172123250901,-8.825172123250901,4.028100703878995e-18,10752796.0,-9.085946756146036,1.0280207559727832e-19,-0.28960951796113227,-0.16481765894639744,GCST90200466,cancerType_celltype,CESC_Epi_CESC,tissue,Tumor,Adjacent,group2_higher,1.0129707120640351e-17,2.5246707934971235e-19
24361,1057,0.2030682632713416,0.043174722371850764,0.1968190670013427,0.0405703522264957,0.5229812284706722,0.6449804817971122,0.15989354089949082,0.15624871477484698,,0.11398114280106389,2.2336796679044086,7.947196544775581,7.947196544775581,4.635232385425289e-15,14995847.0,9.081947555267503,1.06651257712631e-19,0.30247861643050755,0.16474511406536885,GCST90200326,cancerType_celltype,CESC_Epi_CESC,tissue,Tumor,Adjacent,group1_higher,1.0442680564189534e-14,2.614490364430145e-19
24361,1057,0.08302090095702523,0.5157811346143579,-0.0174525957554578,0.2619543671607971,1.3007798369369572,1.4089837408003183,-0.4327602336573327,-0.27940696291625494,,-0.14924805816992465,2.6351979317936203,-9.80603672149747,-9.80603672149747,7.590553950150473e-22,10755063.0,-9.0762399163263,1.123926641148573e-19,-0.33150167257958185,-0.16464157838398663,GCST90200354,cancerType_celltype,CESC_Epi_CESC,tissue,Tumor,Adjacent,group2_higher,2.2012606455436372e-21,2.7502908651445336e-19
24361,1057,-0.02930476176814685,0.1951061111853732,-0.0742311477661132,0.1412463188171386,0.7503352044919023,0.7830604157553513,-0.22441087295352002,-0.2154774665832518,,-0.12173509572549406,2.73501011760795,-9.136991670510529,-9.136991670510529,2.8511107328215834e-19,10757742.0,-9.064768975048365,1.2487103521826947e-19,-0.2985285744885027,-0.1644334972958973,GCST90200478,cancerType_celltype,CESC_Epi_CESC,tissue,Tumor,Adjacent,group2_higher,7.604821778543675e-19,3.0501652509408833e-19
24361,1057,-0.04779003995323887,0.13965279584591495,-0.0689088776707649,0.0769824087619781,0.5490022258222624,0.6442852668569992,-0.18744283579915383,-0.145891286432743,,-0.13627317551731336,1.547042720485103,-9.313064049523486,-9.313064049523486,6.335075425747757e-20,10764260.0,-9.03686020489175,1.612395319990859e-19,-0.3387799154521,-0.16392723655227426,GCST90200583,cancerType_celltype,CESC_Epi_CESC,tissue,Tumor,Adjacent,group2_higher,1.737365755592393e-19,3.9314755297809314e-19
24361,1057,0.020921451893046863,0.3854536005029446,-0.0531292296946048,0.1934449672698974,1.0614383644916194,1.1492681190397522,-0.36453214860989774,-0.2465741969645022,,-0.1282015695357483,4.203437111666096,-10.126523181320575,-10.126523181320575,3.9092109741526114e-23,10766359.0,-9.027872707414192,1.750447053247902e-19,-0.34220923434146694,-0.1637642047479071,GCST90200299,cancerType_celltype,CESC_Epi_CESC,tissue,Tumor,Adjacent,group2_higher,1.1973605747797774e-22,4.260463095673019e-19
24361,1057,0.5421285937639169,0.23311870411508026,0.4785646796226501,0.1148581877350807,1.2261377572123386,1.109361209608916,0.3090098896488366,0.36370649188756937,,0.11218591683167214,1.2175668115036935,8.825143789576263,8.825143789576263,3.902609872869496e-18,14975206.5,8.993569069471613,2.393340670243022e-19,0.25297406958309493,0.16314194209869926,GCST90200889,cancerType_celltype,CESC_Epi_CESC,tissue,Tumor,Adjacent,group1_higher,9.832268496711873e-18,5.814836601677788e-19
24361,1057,-0.05448181801427417,-0.21042329424125641,-0.0948118343949318,-0.3224022090435028,0.6629626016473316,0.8086851496718057,0.15594147622698223,0.22759037464857101,,0.10252393737711299,-1.949428047680951,6.1798517247597085,6.1798517247597085,8.972871022785924e-10,14972385.0,8.981487971742727,2.671345185630528e-19,0.232870513542565,0.16292279286762645,GCST90199997,cancerType_celltype,CESC_Epi_CESC,tissue,Tumor,Adjacent,group1_higher,1.6155909120286939e-09,6.478725067641299e-19
24361,1057,0.20036682178996554,0.009622302609850461,0.1863586753606796,-0.1022838130593299,0.8112295642318686,0.8489841625668463,0.1907445191801151,0.2886424884200095,,0.09786817155792268,4.379974930513958,7.163966409069527,7.163966409069527,1.4027153139368816e-12,14971050.0,8.975771769202211,2.813776594648802e-19,0.23466626946069505,0.1628191018438867,GCST90200235,cancerType_celltype,CESC_Epi_CESC,tissue,Tumor,Adjacent,group1_higher,2.8535835416357755e-12,6.812038185624009e-19
24361,1057,-0.4334106142319304,-0.24253227555115028,-0.476419061422348,-0.3144001364707947,0.640704794169954,0.6734210208162568,-0.1908783386807801,-0.16201892495155334,,-0.13006689168764177,-0.8375551156301391,-9.039452193578402,-9.039452193578402,6.590344922440138e-19,10778750.5,-8.974814786979136,2.8383442924945746e-19,-0.297273230242339,-0.16280174233541778,GCST90200066,cancerType_celltype,CESC_Epi_CESC,tissue,Tumor,Adjacent,group2_higher,1.7142442994820437e-18,6.859332040195222e-19
24361,1057,-0.09837036789051935,0.17433195095575374,-0.1377454251050949,0.0685357823967933,0.8191757499599505,0.8862347453005108,-0.2727023188462731,-0.20628120750188822,,-0.14725942012588947,0.8255349124666609,-9.823658740546112,-9.823658740546112,6.45933488752035e-22,10782481.5,-8.958839392463283,3.2812002205809066e-19,-0.3317260394288908,-0.16251195116719785,GCST90199938,cancerType_celltype,CESC_Epi_CESC,tissue,Tumor,Adjacent,group2_higher,1.8812122760021877e-21,7.915532567525267e-19
24361,1057,0.3807860572660588,0.19008075596932975,0.3443098664283752,0.1116869822144508,0.6451128819212899,0.7110330366762192,0.19070530129672905,0.2326228842139244,,0.1169360472584788,1.002364374216568,8.568207650679556,8.568207650679556,3.392390250617698e-17,14960312.0,8.929793804498049,4.268118086982125e-19,0.2943049742291852,0.16198506872559504,GCST90201014,cancerType_celltype,CESC_Epi_CESC,tissue,Tumor,Adjacent,group1_higher,8.346259768216468e-17,1.0278171294269676e-18
24361,1057,0.15717262932850853,0.007142544065865572,0.1405986547470092,-0.0479655638337135,0.6400559720909755,0.8526835338180689,0.15003008526264297,0.1885642185807227,,0.09582325385937811,4.459575367662549,5.6517514358775545,5.6517514358775545,2.0187371151872557e-08,14952268.0,8.895351008066658,5.823606132068692e-19,0.23071749355358376,0.16136028176307526,GCST90199816,cancerType_celltype,CESC_Epi_CESC,tissue,Tumor,Adjacent,group1_higher,3.4308462443893135e-08,1.39992507195937e-18
24361,1057,-0.032151864135861484,0.154157162329086,-0.0552044585347175,0.1176627725362777,0.5090763301392924,0.8001574988230225,-0.18630902646494749,-0.1728672310709952,,-0.12011485501917378,2.2613921171231386,-7.504388189276996,-7.504388189276996,1.275642041523461e-13,10805841.0,-8.858818693403228,8.08683183144518e-19,-0.3552821438774716,-0.1606975912652856,GCST90200261,cancerType_celltype,CESC_Epi_CESC,tissue,Tumor,Adjacent,group2_higher,2.712480659276876e-13,1.9405548919471444e-18
24361,1057,0.014616954641099059,0.17835835653930804,-0.0031627090647816,0.1612873971462249,0.5644511028385752,0.602119239222675,-0.163741401898209,-0.1644501062110065,,-0.11595226147829002,3.608973532829932,-8.67735988797911,-8.67735988797911,1.3789029086932135e-17,10810469.5,-8.83900038369628,9.658063872441405e-19,-0.28926199534950275,-0.16033809021406453,GCST90200669,cancerType_celltype,CESC_Epi_CESC,tissue,Tumor,Adjacent,group2_higher,3.435913463526234e-17,2.313522154329989e-18
24361,1057,0.08137183068102742,-0.006558502446306083,0.0704962685704231,-0.0757035538554191,0.46420846294414136,0.5788150467057619,0.0879303331273335,0.1461998224258422,,0.086673517673856,3.63288888567893,4.871461882594566,4.871461882594566,1.267592482662755e-06,14939057.5,8.83878629371349,9.676586032913543e-19,0.18727406946123518,0.160334206655123,GCST90200010,cancerType_celltype,CESC_Epi_CESC,tissue,Tumor,Adjacent,group1_higher,1.992766498119187e-06,2.3138924145370458e-18
24361,1057,0.34984098864744834,0.18466745952921615,0.3560758829116821,0.1759448200464248,0.583517753054454,0.7163754926076568,0.1651735291182322,0.18013106286525726,,0.10586171679557528,0.9217659723391175,7.390508918017455,7.390508918017455,2.8584572524988326e-13,14938463.0,8.836240763818106,9.89952126792431e-19,0.28012882872937317,0.16028803113930756,GCST90200743,cancerType_celltype,CESC_Epi_CESC,tissue,Tumor,Adjacent,group1_higher,5.993964977162937e-13,2.363055602133246e-18
24361,1057,0.2980706535995309,0.6051738259420874,0.2577071487903595,0.4610730409622192,0.690312496950287,1.0011592806617393,-0.30710317234255646,-0.20336589217185969,,-0.17590118601813093,1.0216927929964292,-9.871537505744445,-9.871537505744445,4.431108136748532e-22,10813517.0,-8.825951599245178,1.0853503813291533e-18,-0.43501601599672024,-0.16010138729657575,GCST90199795,cancerType_celltype,CESC_Epi_CESC,tissue,Tumor,Adjacent,group2_higher,1.2988387936318813e-21,2.586245751314049e-18
24361,1057,-0.20881375364309113,0.015555450903135462,-0.2457755655050277,-0.104059025645256,0.5143278367188507,0.758363754979136,-0.22436920454622658,-0.14171653985977167,,-0.18398027948010504,-3.7466387859345276,-9.524279874569185,-9.524279874569185,1.0205640188080727e-20,10814523.0,-8.821644108791427,1.1279340076370153e-18,-0.42597169851981964,-0.16002325009067142,GCST90200950,cancerType_celltype,CESC_Epi_CESC,tissue,Tumor,Adjacent,group2_higher,2.8859517793265624e-20,2.683026269475134e-18
24361,1057,-0.09608256341174279,0.1363447609567568,-0.1556126475334167,0.1087667047977447,0.9312077152998823,0.8096102935306136,-0.23242732436849958,-0.2643793523311614,,-0.10799667085578372,0.5049082852069912,-9.076716185020983,-9.076716185020983,4.571308104467356e-19,10814727.0,-8.820770621661639,1.1367683801651937e-18,-0.25087319411438563,-0.16000740517018974,GCST90200509,cancerType_celltype,CESC_Epi_CESC,tissue,Tumor,Adjacent,group2_higher,1.20051887213661e-18,2.6993297947128207e-18
24361,1057,-0.17007821876792448,0.3112569375414874,-0.2653592824935913,0.167722538113594,1.7144985051186332,1.6493364602484692,-0.4813351563094119,-0.4330818206071853,,-0.10997755427356073,0.8719037533197433,-9.273128793170832,-9.273128793170832,8.585984479286194e-20,10814779.0,-8.820547968079538,1.1390311869719156e-18,-0.28117990913147606,-0.16000336626889056,GCST90200104,cancerType_celltype,CESC_Epi_CESC,tissue,Tumor,Adjacent,group2_higher,2.3405393690534166e-19,2.6999991440742974e-18
24361,1057,0.5750060554234567,0.20999448154566702,0.5255874395370483,0.1085430234670639,1.448830258966561,1.2544625738037105,0.3650115738777897,0.41704441606998444,,0.11191937562581727,1.4532213723688936,9.197483375791776,9.197483375791776,1.6094770808332555e-19,14929086.5,8.79609246934534,1.4166556785673306e-18,0.2532557493478296,0.1595597473309951,GCST90200347,cancerType_celltype,CESC_Epi_CESC,tissue,Tumor,Adjacent,group1_higher,4.31834106530655e-19,3.3522598782765134e-18
24361,1057,-0.7282910780857605,-0.33564051265094574,-0.8716506958007812,-0.3545207381248474,1.7317940828832794,1.4375232401382423,-0.3926505654348148,-0.5171299576759338,,-0.10071117686113697,-1.1175959909600313,-8.61327032729618,-8.61327032729618,2.2150358016964066e-17,10824422.0,-8.779258573998495,1.6455894747001974e-18,-0.22820959249864078,-0.15925438309141937,GCST90199731,cancerType_celltype,CESC_Epi_CESC,tissue,Tumor,Adjacent,group2_higher,5.4892614503858223e-17,3.8872416880699635e-18
24361,1057,-0.8736795364461128,-0.4816653905088362,-0.9481578469276428,-0.5358688235282898,1.609194691987721,1.32891315435063,-0.3920141459372766,-0.412289023399353,,-0.09701387602333829,-0.8590715912248179,-9.299274762797156,-9.299274762797156,6.519360736941021e-20,10828564.0,-8.761523359824102,1.926328970112317e-18,-0.2452344280650825,-0.15893266906869963,GCST90200646,cancerType_celltype,CESC_Epi_CESC,tissue,Tumor,Adjacent,group2_higher,1.7843149968776328e-19,4.5425370004551696e-18
24361,1057,0.04253471945790743,-0.07614044624195956,0.0306591801345348,-0.1012684255838394,0.45789551872568784,0.5149842005096911,0.118675165699867,0.1319276057183742,,0.110278467870462,-0.840007116578924,7.3668132952475744,7.3668132952475744,3.3640411178065873e-13,14918318.5,8.749986050651502,2.133831701997595e-18,0.2577606198832396,0.15872338407733833,GCST90200602,cancerType_celltype,CESC_Epi_CESC,tissue,Tumor,Adjacent,group1_higher,7.043299606098892e-13,5.0231651292274985e-18
24361,1057,-0.18424888664103453,-0.3754972488414091,-0.2193358391523361,-0.5114951729774475,0.8433232482944238,0.9193533885485874,0.19124836220037458,0.2921593338251114,,0.10071660711974155,-1.0271424479518565,6.643028925786573,6.643028925786573,4.75834270113418e-11,14918244.0,8.749667056577143,2.139871944996738e-18,0.22589683484513065,0.15871759757451542,GCST90200964,cancerType_celltype,CESC_Epi_CESC,tissue,Tumor,Adjacent,group1_higher,9.045496655015185e-11,5.028699070742334e-18
24361,1057,-0.23124009121844163,-0.37184311353914895,-0.2694469094276428,-0.4669561982154846,0.6243824154004808,0.7000892967936891,0.14060302232070732,0.1975092887878418,,0.10690670035444474,-0.6853001483003736,6.419642969804817,6.419642969804817,2.0065223135931656e-10,14912311.5,8.72426528011901,2.6791944542994943e-18,0.22399368326139502,0.1582568133060982,GCST90200814,cancerType_celltype,CESC_Epi_CESC,tissue,Tumor,Adjacent,group1_higher,3.720938657724469e-10,6.2852702946819455e-18
24361,1057,0.21147530019582833,0.08886822890466063,0.2149114310741424,0.0587350167334079,0.4960370620957598,0.6654903085053607,0.1226070712911677,0.1561764143407345,,0.0921982227254013,1.2507401164774223,5.91887035607635,5.91887035607635,4.318011781494459e-09,14907138.0,8.702113389599642,3.257659969193284e-18,0.2431653234089682,0.15785498146241395,GCST90199725,cancerType_celltype,CESC_Epi_CESC,tissue,Tumor,Adjacent,group1_higher,7.564845833132323e-09,7.629193364279118e-18
24361,1057,-0.18576275578754542,-0.003283387361446355,-0.2225248515605926,-0.0780596137046814,0.6151982969141944,0.6466728834969342,-0.18247936842609908,-0.1444652378559112,,-0.10594937050681683,-5.821700946962448,-8.999177051636018,-8.999177051636018,9.288331295697973e-19,10843571.0,-8.697266392389256,3.399810892618616e-18,-0.2959742358661464,-0.15776705768797683,GCST90200050,cancerType_celltype,CESC_Epi_CESC,tissue,Tumor,Adjacent,group2_higher,2.4022761965913352e-18,7.948442961645237e-18
24361,1057,0.5716512276648981,0.14232437364318054,0.4405827820301056,0.0171584747731685,1.5362200638099939,1.3073345561120298,0.42932685402171755,0.4234243072569371,,0.13064799446284925,2.0059448436990706,10.370600824088402,10.370600824088402,3.513472999240924e-24,14902642.0,8.682862418347089,3.8593837461217644e-18,0.2810846822950886,0.157505771842388,GCST90200465,cancerType_celltype,CESC_Epi_CESC,tissue,Tumor,Adjacent,group1_higher,1.1162852442809742e-23,9.007431585554735e-18
24361,1057,-0.05435660219194827,-0.3002168200696149,-0.1102035865187645,-0.4403076171875,1.0242218290680336,1.0386484501344548,0.24586021787766665,0.3301040306687355,,0.08841285009058947,-2.465455890901592,7.538471502337792,7.538471502337792,9.628691820179227e-14,14902416.0,8.681894731624874,3.8923691801324726e-18,0.23990452118127767,0.15748821815597203,GCST90200665,cancerType_celltype,CESC_Epi_CESC,tissue,Tumor,Adjacent,group1_higher,2.0570387070382894e-13,9.068887508582154e-18
24361,1057,0.18887169006207682,0.30475912173399783,0.195860207080841,0.428701251745224,0.5011543736101454,0.8341208805537008,-0.115887431671921,-0.232841044664383,,-0.07429265492961293,0.6902600254749176,-4.481981916979304,-4.481981916979304,8.17684257790818e-06,10850516.0,-8.667529293779609,4.416063510144881e-18,-0.22317913750919754,-0.1572276313509927,GCST90199874,cancerType_celltype,CESC_Epi_CESC,tissue,Tumor,Adjacent,group2_higher,1.2342233038415115e-05,1.0271492430592956e-17
24361,1057,-0.10227674278235076,0.15105375765259804,-0.1273695975542068,0.1112694814801216,0.8402675837256683,0.8860292051458104,-0.2533305004349488,-0.2386390790343284,,-0.12129545171693915,0.5625793977102524,-9.119360567319017,-9.119360567319017,3.325671568077898e-19,10863967.0,-8.609934806609216,7.310350213247108e-18,-0.30078954896260013,-0.15618287632453143,GCST90199672,cancerType_celltype,CESC_Epi_CESC,tissue,Tumor,Adjacent,group2_higher,8.81885281573964e-19,1.6974458842684512e-17
24361,1057,0.07951676137206778,-0.13224417454737758,0.0552127510309219,-0.1950113177299499,0.8013015833246592,0.7407443146876541,0.21176093591944536,0.2502240687608718,,0.11304535350384991,-0.7338660342166319,9.066935037276416,9.066935037276416,5.056344791198774e-19,14876675.0,8.571676926684491,1.0199077166468701e-17,0.2650732938212579,0.15548888434167285,GCST90200639,cancerType_celltype,CESC_Epi_CESC,tissue,Tumor,Adjacent,group1_higher,1.3228019098663973e-18,2.364173839778374e-17
24361,1057,0.6332094969265447,0.43530757688791555,0.6327059268951416,0.4045141339302063,0.6391458978573902,0.8147225928490407,0.19790192003862916,0.2281917929649353,,0.1261192860726839,0.540646725839629,7.793908843659042,7.793908843659042,1.4841792111062896e-14,14875804.5,8.567949620084104,1.0534582116638607e-17,0.3056921106807775,0.15542127158050012,GCST90200364,cancerType_celltype,CESC_Epi_CESC,tissue,Tumor,Adjacent,group1_higher,3.289327259736378e-14,2.4377988836975252e-17
24361,1057,0.4000539709513525,0.08653704371821407,0.347418874502182,-0.0078070308081805,1.2533489753888676,1.1543042431192108,0.3135169272331384,0.3552259053103625,,0.10898886623632534,2.2087918395441455,8.612811286139571,8.612811286139571,2.278832296777607e-17,14875585.0,8.567009765059652,1.0620886255719415e-17,0.25093596861616635,0.1554042227567467,GCST90199668,cancerType_celltype,CESC_Epi_CESC,tissue,Tumor,Adjacent,group1_higher,5.637111470976187e-17,2.4536047400924682e-17
24361,1057,-0.654784734542073,-0.3947927820072893,-0.7043738961219788,-0.459818422794342,0.9218272216032082,0.9337692296943134,-0.2599919525347837,-0.24455547332763677,,-0.11091850055461329,-0.7299236233877547,-8.866747135669986,-8.866747135669986,2.8234728241545027e-18,10874303.0,-8.565678125366691,1.0744362741769363e-17,-0.28188711888253576,-0.15538006702013007,GCST90199648,cancerType_celltype,CESC_Epi_CESC,tissue,Tumor,Adjacent,group2_higher,7.193258802472126e-18,2.4779300198023083e-17
24361,1057,0.5268372346079955,0.2594079519790538,0.4939957559108734,0.205362468957901,0.9748891413018986,0.9947964128446589,0.26742928262894167,0.2886332869529724,,0.10690406770921976,1.0221317845234923,8.56341903005505,8.56341903005505,3.4826779494355053e-17,14873964.0,8.560068967817571,1.1280211692783394e-17,0.27408282174190784,0.15527831777586099,GCST90199757,cancerType_celltype,CESC_Epi_CESC,tissue,Tumor,Adjacent,group1_higher,8.55295503618125e-17,2.597116306970231e-17
24361,1057,0.010479809391707024,-0.11808382656602338,0.0067151980474591,-0.1416989415884018,0.5212273650705002,0.7039145905933821,0.1285636359577304,0.1484141396358609,,0.09908645453425628,-3.4940015560711535,5.86854220337561,5.86854220337561,5.803197476247606e-09,14871739.0,8.55054196358338,1.2251415319718716e-17,0.24253953339892864,0.15510549940296103,GCST90200108,cancerType_celltype,CESC_Epi_CESC,tissue,Tumor,Adjacent,group1_higher,1.0127731318982698e-08,2.815966118174808e-17
24361,1057,0.2245185215380516,0.08539623174628834,0.2170838266611099,0.002238777000457,0.5667165989413534,0.6552551308240162,0.13912228979176328,0.2148450496606529,,0.1006156130203467,1.394579680936985,6.793413795623389,6.793413795623389,1.7704910025357837e-11,14870488.0,8.545185432213952,1.2833243109895004e-17,0.24378813424896964,0.155008332758243,GCST90199634,cancerType_celltype,CESC_Epi_CESC,tissue,Tumor,Adjacent,group1_higher,3.4278114154208426e-11,2.944732383634157e-17
24361,1057,0.26835494424461354,0.5915718526423485,0.2296918481588363,0.4845225214958191,1.0266057483769107,1.0856469567482465,-0.3232169083977349,-0.2548306733369828,,-0.1189346691311369,1.140408003464208,-9.4968019487836,-9.4968019487836,1.225260043295757e-20,10881309.0,-8.535679836978039,1.3933627929298868e-17,-0.314069241238221,-0.15483590274123726,GCST90200600,cancerType_celltype,CESC_Epi_CESC,tissue,Tumor,Adjacent,group2_higher,3.450474047545696e-20,3.191854599602413e-17
24361,1057,-0.5461529328061793,-0.059280128345001834,-0.6544409990310669,-0.1358235478401184,1.9062770329502636,1.721743614582324,-0.4868728044611774,-0.5186174511909485,,-0.12035036234213992,-3.2036628172772037,-8.958422599431513,-8.958422599431513,1.2679448554734333e-18,10885277.0,-8.518689655943758,1.6137159697270657e-17,-0.25638823788227616,-0.1545277035036342,GCST90200834,cancerType_celltype,CESC_Epi_CESC,tissue,Tumor,Adjacent,group2_higher,3.2546305800570426e-18,3.690427628755018e-17
24361,1057,0.3986120036989022,-0.005512957273614166,0.2494530528783798,-0.1337438225746154,1.5029868468502359,1.1594516239180799,0.4041249609725164,0.3831968754529952,,0.1418611010453993,6.175756876564007,10.940041310551559,10.940041310551559,1.2358335215008934e-26,14856354.5,8.484668616778464,2.163383404544678e-17,0.2711718395363377,0.1539105671522294,GCST90200470,cancerType_celltype,CESC_Epi_CESC,tissue,Tumor,Adjacent,group1_higher,4.34134301496319e-26,4.9391818767075306e-17
24361,1057,-0.014056195542325706,-0.22833299125604642,-0.016639394685626,-0.2858519256114959,0.8779077489916679,0.8584961669673072,0.2142767957137207,0.26921253092586994,,0.10054418973409951,-4.021764938617788,7.936674380062953,7.936674380062953,4.888010379715998e-15,14856134.5,8.483726620854185,2.1809784449024987e-17,0.24429871951896373,0.15389347949288634,GCST90200940,cancerType_celltype,CESC_Epi_CESC,tissue,Tumor,Adjacent,group1_higher,1.0993990342496541e-14,4.971026121073755e-17
24361,1057,-0.20447673405161096,-0.010498099982634524,-0.2208799421787262,-0.0600829161703586,0.604624168829435,0.6811050447832607,-0.19397863406897645,-0.1607970260083676,,-0.1125740458866092,-4.283606188317912,-9.104932627298245,-9.104932627298245,3.8144349331691143e-19,10896566.0,-8.47035241962924,2.446561995971838e-17,-0.3190472514508056,-0.15365087356580653,GCST90200207,cancerType_celltype,CESC_Epi_CESC,tissue,Tumor,Adjacent,group2_higher,1.005623755108221e-18,5.567051753772312e-17
24361,1057,-0.22534287611606219,-0.050110221171218335,-0.2705737948417663,-0.1467586457729339,0.5259010936776833,0.6618629783813595,-0.17523265494484386,-0.1238151490688324,,-0.14821969800584656,-2.168922643640728,-8.492117231765361,-8.492117231765361,6.40585958614923e-17,10902394.5,-8.445395950335312,3.0302218061791154e-17,-0.32923485012873843,-0.15319816709998768,GCST90200209,cancerType_celltype,CESC_Epi_CESC,tissue,Tumor,Adjacent,group2_higher,1.5591404671288215e-16,6.883653869703557e-17
24361,1057,-0.4201699501660836,-0.21002773795611257,-0.4569231569766998,-0.3350021839141845,0.5495932429665495,0.7092978316911154,-0.21014221220997104,-0.12192097306251526,,-0.16701912431530772,-1.000389676757473,-9.509067466825586,-9.509067466825586,1.1448639683323935e-20,10903024.5,-8.442698416552147,3.1010010750701936e-17,-0.3771795751101301,-0.15314923425732396,GCST90200259,cancerType_celltype,CESC_Epi_CESC,tissue,Tumor,Adjacent,group2_higher,3.2307444903458644e-20,7.032719576240722e-17
24361,1057,0.1693217171098866,0.06667890265995796,0.1820743083953857,0.0494983121752738,0.42536452385601015,0.6792627985878043,0.10264281444992865,0.1325759962201119,,0.07089853257089059,1.344451641405185,4.8715210077829605,4.8715210077829605,1.2708498009954784e-06,14846470.0,8.442345168080543,3.110389738776757e-17,0.23389133420254787,0.15314282638507026,GCST90199959,cancerType_celltype,CESC_Epi_CESC,tissue,Tumor,Adjacent,group1_higher,1.995585574604651e-06,7.042294375336744e-17
24361,1057,0.14859538158477284,-0.07005015538273315,0.1068552583456039,-0.1630081385374069,0.9446890869491867,0.8828135712822209,0.218645536967506,0.2698633968830108,,0.09302523771644115,1.084918234841715,7.859225450759409,7.859225450759409,8.754777861874372e-15,14844997.5,8.436040218087351,3.2827588174859896e-17,0.2320587273784249,0.15302845557424116,GCST90200859,cancerType_celltype,CESC_Epi_CESC,tissue,Tumor,Adjacent,group1_higher,1.949797749303067e-14,7.420232617302494e-17
24361,1057,0.19141729610213587,-0.13782352195896716,0.1520163863897323,-0.306215226650238,1.3527473390903713,1.2721240900276711,0.32924081806110306,0.4582316130399703,,0.10000946940972866,0.4738961342948329,8.21525217937678,8.21525217937678,5.594065103198377e-16,14840338.0,8.416089172591073,3.8926815831804187e-17,0.24397362941726033,0.15266654671647606,GCST90200736,cancerType_celltype,CESC_Epi_CESC,tissue,Tumor,Adjacent,group1_higher,1.3146052992516186e-15,8.784312910388926e-17
24361,1057,-0.1489801977680014,0.20868208143692857,-0.2076165527105331,0.0730131343007087,1.0469036598767898,1.2612273944021763,-0.35766227920493,-0.2806296870112418,,-0.14140825402164925,0.48618337535850414,-9.084910385605383,-9.084910385605383,4.582300801486398e-19,10915743.0,-8.38824034762964,4.93481532048524e-17,-0.338479165335183,-0.15216137336935676,GCST90199851,cancerType_celltype,CESC_Epi_CESC,tissue,Tumor,Adjacent,group2_higher,1.2010915370049923e-18,1.1117608730283277e-16
24361,1057,0.390535001680106,0.23694719890113383,0.3999073803424835,0.2328557074069976,0.6039319420793622,0.6662819258082329,0.1535878027789722,0.16705167293548592,,0.09391908374796185,0.7208838550302933,7.364275435714235,7.364275435714235,3.42003761228062e-13,14832702.5,8.383395491319083,5.142326969053623e-17,0.2531736188622544,0.15207348843050905,GCST90200821,cancerType_celltype,CESC_Epi_CESC,tissue,Tumor,Adjacent,group1_higher,7.149557155733872e-13,1.1565992836336779e-16
24361,1057,0.022756284892373163,0.15758176882184463,0.0112238842993974,0.1867909729480743,0.45552720870672264,0.6019842354000502,-0.13482548392947147,-0.17556708864867693,,-0.09900416054577574,2.7917094401334426,-7.192755182111782,-7.192755182111782,1.1660433402493923e-12,10917140.5,-8.382256532610636,5.192346091762831e-17,-0.2914915044061515,-0.15205282789693986,GCST90199890,cancerType_celltype,CESC_Epi_CESC,tissue,Tumor,Adjacent,group2_higher,2.375660796352648e-12,1.1659254897978155e-16
24361,1057,-0.08943935998954189,0.09938844093985066,-0.1380110830068588,0.1172698885202407,0.6619084723290461,0.8123835894315786,-0.18882780092939255,-0.2552809715270995,,-0.11262745033131842,0.15216659416971276,-7.450337655527857,-7.450337655527857,1.8584385767121281e-13,10929817.0,-8.327978299273672,8.223607004266967e-17,-0.28232347777465905,-0.1510682291984835,GCST90200619,cancerType_celltype,CESC_Epi_CESC,tissue,Tumor,Adjacent,group2_higher,3.9211327864684687e-13,1.8435487412526112e-16
24361,1057,0.6243432890301486,0.3520960353796783,0.5285338759422302,0.2210718542337417,1.072256986152726,1.0881148572337955,0.27224725365047026,0.3074620217084885,,0.11098504421487579,0.8263687297857233,7.9682796929844155,7.9682796929844155,3.8576811911331275e-15,14816340.0,8.313334544450779,9.305140191638807e-17,0.25374410043056556,0.1508025937668802,GCST90199737,cancerType_celltype,CESC_Epi_CESC,tissue,Tumor,Adjacent,group1_higher,8.719766937834914e-15,2.0825789952715422e-16
24361,1057,0.08620599753211763,0.42122166140697537,0.0454728826880455,0.3746180832386017,1.0437594676902366,1.1746841515365725,-0.3350156638748577,-0.3291452005505562,,-0.1296719566346442,2.28870616959036,-9.1173251254357,-9.1173251254357,3.4287671289505657e-19,10934076.0,-8.30974211453955,9.591200815363467e-17,-0.31920710530798413,-0.1507374276478406,GCST90200192,cancerType_celltype,CESC_Epi_CESC,tissue,Tumor,Adjacent,group2_higher,9.074581741280819e-19,2.1430830674328533e-16
24361,1057,0.11105845641428075,0.2876204927031906,0.0791894569993019,0.243254467844963,0.6359872780531743,0.6994260935018796,-0.17656203628890987,-0.1640650108456611,,-0.10437972979754549,1.3728392464100105,-8.063791611742891,-8.063791611742891,1.867878154294487e-15,10934133.0,-8.309498051959167,9.610946788819896e-17,-0.2764186933499749,-0.1507330003906472,GCST90199785,cancerType_celltype,CESC_Epi_CESC,tissue,Tumor,Adjacent,group2_higher,4.29328486391802e-15,2.143980437505977e-16
24361,1057,0.07747448409002174,-0.014055065188238392,0.0782203748822212,-0.0462403073906898,0.4483536826036642,0.6845838227452608,0.09152954927826012,0.12446068227291099,,0.06341585879187027,2.4625470769253894,4.3069320406562595,4.3069320406562595,1.8037764041278497e-05,14815079.0,8.307935195084793,9.73834394901648e-17,0.19872347416232447,0.15070465041037373,GCST90199930,cancerType_celltype,CESC_Epi_CESC,tissue,Tumor,Adjacent,group1_higher,2.6840035358365277e-05,2.168850131128997e-16
24361,1057,-0.10296104474315537,-0.3370942853739976,-0.1758209615945816,-0.4038445651531219,0.9140353975188109,0.8071942112238543,0.23413324063084223,0.2280236035585403,,0.11650592122842156,-1.7110438401663202,9.178370716036842,9.178370716036842,1.9110346498833127e-19,14814074.0,8.303631986430698,1.009779064052634e-16,0.25733278593374964,0.15062659087564811,GCST90200858,cancerType_celltype,CESC_Epi_CESC,tissue,Tumor,Adjacent,group1_higher,5.117367834559833e-19,2.2452346889131163e-16
24361,1057,-0.08888920368181794,0.11489685254186689,-0.1009091883897781,0.0967679917812347,0.7409021696619024,0.7504045489662855,-0.20378605622368484,-0.1976771801710128,,-0.10506037184700186,0.3702554961400529,-8.648100611198378,-8.648100611198378,1.738322716314188e-17,10939554.0,-8.286286416024984,1.1684132542442864e-16,-0.2749038440087492,-0.15031194493020217,GCST90200758,cancerType_celltype,CESC_Epi_CESC,tissue,Tumor,Adjacent,group2_higher,4.3236019385697776e-17,2.593610780669779e-16
24361,1057,0.01291043516402248,0.3583419222218163,-0.0158622972667217,0.233512669801712,1.286335517160359,1.1813981865275023,-0.34543148705779386,-0.2493749670684337,,-0.11257140331668151,4.794619582828806,-9.270667281813665,-9.270667281813665,8.660824935445964e-20,10939598.0,-8.286098016840128,1.1702645855553294e-16,-0.2694165429333325,-0.15030852739833356,GCST90200519,cancerType_celltype,CESC_Epi_CESC,tissue,Tumor,Adjacent,group2_higher,2.3562284205614465e-19,2.593610780669779e-16
24361,1057,-0.5431137489405222,-0.25075457804411644,-0.5972791314125061,-0.3527047634124756,1.0118144665269373,1.0511555195227584,-0.2923591708964058,-0.24457436800003052,,-0.11804554417190855,-1.1149752480631407,-8.866013683738725,-8.866013683738725,2.85533876570172e-18,10944522.0,-8.265014435334885,1.396803473211066e-16,-0.28847074652137217,-0.14992607451376772,GCST90200118,cancerType_celltype,CESC_Epi_CESC,tissue,Tumor,Adjacent,group2_higher,7.260870779200455e-18,3.09065443829007e-16
24361,1057,0.15192336855586516,0.06841344901518288,0.1727133244276046,0.057256419211626,0.4036735295944429,0.5867352673895349,0.08350991954068228,0.1154569052159786,,0.07121395703853087,1.150980338472809,4.580562322783296,4.580562322783296,5.166660587255107e-06,14802724.0,8.255033560337177,1.518622844802583e-16,0.2022528054996279,0.14974502299591164,GCST90200291,cancerType_celltype,CESC_Epi_CESC,tissue,Tumor,Adjacent,group1_higher,7.885955633178848e-06,3.354753545325641e-16
24361,1057,-0.025557769231037714,-0.11901059952660797,-0.032781895250082,-0.1552093178033828,0.4207650812277666,0.5232765011052757,0.09345283029557026,0.12242742255330079,,0.07582490386718135,-2.2192119225420006,5.7265193087891655,5.7265193087891655,1.3170380898746928e-08,14801712.0,8.25070037908549,1.5747172270600174e-16,0.21962220868702845,0.14966641976293427,GCST90200140,cancerType_celltype,CESC_Epi_CESC,tissue,Tumor,Adjacent,group1_higher,2.2580162471688127e-08,3.4730413923669965e-16
24361,1057,0.32827616723957437,0.17474409519059417,0.3121151924133301,0.1294191926717758,0.5949729106190443,0.7460763523245009,0.1535320720489802,0.1826959997415543,,0.10611323013113494,0.9096624471232104,6.599980363324632,6.599980363324632,6.344361849230754e-11,14799752.0,8.242308051760089,1.6892300037032089e-16,0.2550338282162871,0.1495141842524248,GCST90200713,cancerType_celltype,CESC_Epi_CESC,tissue,Tumor,Adjacent,group1_higher,1.2026933519473597e-10,3.719580767443415e-16
24361,1057,-0.6271562706264798,-0.35878115728977267,-0.6607130169868469,-0.4876234829425812,0.9538418746486725,0.9153913747293577,-0.26837511333670716,-0.17308953404426575,,-0.11552919237724454,-0.8057191244333128,-9.314866436482081,-9.314866436482081,5.95621425446526e-20,10950051.0,-8.241340365037873,1.7029507686985273e-16,-0.2818251562632432,-0.14949663056600893,GCST90200942,cancerType_celltype,CESC_Epi_CESC,tissue,Tumor,Adjacent,group2_higher,1.636758070329869e-19,3.743744996348537e-16
24361,1057,-0.7264711561601599,-0.06592406086930291,-0.817639172077179,-0.4492075145244598,1.3789960600312594,2.1445656359391903,-0.660547095290857,-0.36843165755271917,,-0.2229685788724009,-3.462008600808098,-9.92523516626288,-9.92523516626288,2.7355389000385334e-22,10958884.0,-8.203519228678044,2.334544587067947e-16,-0.465484736265042,-0.14881056104339108,GCST90199770,cancerType_celltype,CESC_Epi_CESC,tissue,Tumor,Adjacent,group2_higher,8.123179783774556e-22,5.123968232163626e-16
24361,1057,-0.2590811784987449,-0.06901785512846897,-0.2946711182594299,-0.1730874627828598,0.5469225310596986,0.6951449454657449,-0.19006332337027593,-0.12158365547657007,,-0.14504308496396726,-1.9083473322453335,-8.772131935763555,-8.772131935763555,6.461618968669496e-18,10959582.0,-8.200530532518282,2.393327047276158e-16,-0.34315429023096833,-0.1487563465605668,GCST90200963,cancerType_celltype,CESC_Epi_CESC,tissue,Tumor,Adjacent,group2_higher,1.6159975512470682e-17,5.244541423532803e-16
24361,1057,-0.05207562412074139,0.10917300708119063,-0.0756775438785553,0.1112517789006233,0.5634615133927312,0.8182550006883417,-0.161248631201932,-0.1869293227791786,,-0.10459284343316037,1.0679215765085288,-6.341945243529189,-6.341945243529189,3.306847049409997e-10,10962894.0,-8.186349212058218,2.6927445527475707e-16,-0.2798021360257841,-0.14849909961627716,GCST90200813,cancerType_celltype,CESC_Epi_CESC,tissue,Tumor,Adjacent,group2_higher,6.05810823702396e-10,5.891189125834573e-16
24361,1057,0.9388268540384596,0.5536424079138959,0.8683333992958069,0.4499069452285766,1.568110236209728,1.4268509096268527,0.3851844461245637,0.4184264540672303,,0.09876228221521999,0.7619035851284378,8.555317068912021,8.555317068912021,3.6379806811748156e-17,14778672.0,8.152047715015469,3.578193911250142e-16,0.24651877042441522,0.14787687580265874,GCST90199819,cancerType_celltype,CESC_Epi_CESC,tissue,Tumor,Adjacent,group1_higher,8.918287173455529e-17,7.815830610631319e-16
24361,1057,0.2052826495049421,-0.006118233039531973,0.1701262593269348,0.0030277976766228,0.7472199526933457,0.8233075512985958,0.21140088254447406,0.16709846165031197,,0.13289498819232395,5.068124071022104,8.20270041359474,8.20270041359474,6.325087193944661e-16,14778019.0,8.14925169984022,3.6618955727386077e-16,0.2816669620173667,0.147826156522882,GCST90200148,cancerType_celltype,CESC_Epi_CESC,tissue,Tumor,Adjacent,group1_higher,1.4812876022932254e-15,7.985861865028355e-16
24361,1057,-0.32736599498827945,-0.11222819547978587,-0.357576847076416,-0.2008619010448455,0.6807394527844747,0.7535582865241274,-0.2151377995084936,-0.15671494603157052,,-0.12297167530369395,-1.5444608474639772,-9.121819927058386,-9.121819927058386,3.2884031277003955e-19,10971938.0,-8.14762461597101,3.7114891807847375e-16,-0.3145660282405366,-0.147796641474926,GCST90200314,cancerType_celltype,CESC_Epi_CESC,tissue,Tumor,Adjacent,group2_higher,8.737024294455436e-19,8.081085868066449e-16
24361,1057,-0.490257180400423,-0.26332622834995795,-0.5127430558204651,-0.3517233431339264,0.6857338616516212,0.8082979314615892,-0.22693095205046504,-0.1610197126865387,,-0.13918512343502543,-0.8966849978001603,-8.98839921596729,-8.98839921596729,1.0394421702984372e-18,10973753.0,-8.139853149595702,3.957646124878658e-16,-0.3282864045702912,-0.14765566828534693,GCST90200960,cancerType_celltype,CESC_Epi_CESC,tissue,Tumor,Adjacent,group2_higher,2.6832569661302463e-18,8.603304096028087e-16
24361,1057,-0.05527098932501385,-0.3753652749688857,-0.1860743463039398,-0.5308079719543457,1.3360022945753127,1.3218619525884931,0.3200942856438719,0.3447336256504059,,0.1145766461524033,-2.7636785926601597,7.7039249078550665,7.7039249078550665,2.8337111234278684e-14,14772694.5,8.126453257572823,4.42041652573924e-16,0.23969599197784602,0.14741259633119408,GCST90199807,cancerType_celltype,CESC_Epi_CESC,tissue,Tumor,Adjacent,group1_higher,6.209563120952064e-14,9.593993192010483e-16
24361,1057,0.2736653939209771,0.47227773705602893,0.1896804273128509,0.4869753420352936,0.7149976131664875,0.9103487834944399,-0.19861234313505183,-0.2972949147224427,,-0.12175055705515773,0.7872203004605606,-7.00003648911035,-7.00003648911035,4.414193836988665e-12,10978276.0,-8.120486569752442,4.643265474513263e-16,-0.27426422789271415,-0.14730436154349258,GCST90199736,cancerType_celltype,CESC_Epi_CESC,tissue,Tumor,Adjacent,group2_higher,8.744979941592369e-12,1.0061638858126514e-15
24361,1057,-0.2542222364542459,-0.5152080360983379,-0.300085037946701,-0.6082759499549866,1.0976496935666384,1.0541672447705164,0.26098579964409196,0.3081909120082856,,0.09650271620319435,-1.019061995421971,7.866159429829619,7.866159429829619,8.339607341866349e-15,14771232.0,8.120191125576191,4.654583095471213e-16,0.23815236730354292,0.1472990022321532,GCST90200473,cancerType_celltype,CESC_Epi_CESC,tissue,Tumor,Adjacent,group1_higher,1.8603739454932626e-14,1.0070153585916293e-15
24361,1057,0.12451756521502982,0.5512510220389796,0.0510172359645366,0.2702364921569824,1.0697350296026475,1.4158466664398701,-0.42673345682394975,-0.2192192561924458,,-0.1566401216525889,2.1463511842746743,-9.679770915410499,-9.679770915410499,2.493738326481082e-21,10978871.5,-8.117936758057404,4.741841254639172e-16,-0.39282719678879763,-0.14725810835649844,GCST90200102,cancerType_celltype,CESC_Epi_CESC,tissue,Tumor,Adjacent,group2_higher,7.155716503144664e-21,1.0242677702176215e-15
24361,1057,0.47832411574347383,0.3272907333494787,0.4462064504623413,0.2424021810293197,0.6769214908177916,0.7310771615185293,0.1510333823939951,0.2038042694330216,,0.08877730744137367,0.5474143822645985,6.595021297762727,6.595021297762727,6.501170481331648e-11,14767475.0,8.104104404269286,5.313639861892807e-16,0.22235068270681535,0.14700719161328357,GCST90200927,cancerType_celltype,CESC_Epi_CESC,tissue,Tumor,Adjacent,group1_higher,1.230707689729866e-10,1.1459637866708696e-15
24361,1057,1.3628537059712462,0.9576999543330745,1.3028661012649536,0.8366864323616028,1.770764471785424,1.6716543219222475,0.4051537516381717,0.46617966890335083,,0.10625161238678002,0.50898462000172,7.694635378520788,7.694635378520788,3.018067235525691e-14,14767245.5,8.103121731248276,5.356753478090623e-16,0.22932054943502228,0.1469893660777417,GCST90200497,cancerType_celltype,CESC_Epi_CESC,tissue,Tumor,Adjacent,group1_higher,6.60293040452892e-14,1.1534368073676964e-15
24361,1057,0.1780778541393973,0.089485540164876,0.1852860301733017,0.0692847147583961,0.3752659019216502,0.5555364694955132,0.0885923139745213,0.1160013154149056,,0.07962340915552162,0.9927736093097653,5.1340935021334415,5.1340935021334415,3.3515763392691253e-07,14766022.5,8.097885090269212,5.592383722114139e-16,0.23044347078670585,0.1468943742260309,GCST90200142,cancerType_celltype,CESC_Epi_CESC,tissue,Tumor,Adjacent,group1_higher,5.374351235792727e-07,1.2022742923093961e-15
24361,1057,0.24154265022876845,0.09602498896758124,0.2040929943323135,0.0378578603267669,0.6379765263297281,0.7757715550015336,0.1455176612611872,0.16623513400554663,,0.08916412320521881,1.330787105072244,6.010893697780429,6.010893697780429,2.493702213099925e-09,14765261.0,8.094624499831308,5.744227695252954e-16,0.22585782325001819,0.14683522762335088,GCST90200628,cancerType_celltype,CESC_Epi_CESC,tissue,Tumor,Adjacent,group1_higher,4.408451512912059e-09,1.2329735982094137e-15
24361,1057,-0.06793907065073297,-0.13910675925952043,-0.0714838579297065,-0.2092208266258239,0.45179049407496474,0.6038280678042902,0.07116768860878746,0.1377369686961174,,0.060398293875031865,-1.0338682702914601,3.7861306158208254,3.7861306158208254,0.00016121988901596243,14750924.0,8.03323633816586,9.493619995723908e-16,0.15501193181026482,0.14572165593244502,GCST90200329,cancerType_celltype,CESC_Epi_CESC,tissue,Tumor,Adjacent,group1_higher,0.00022818557500390113,2.0345603858760513e-15
24361,1057,0.14133692150645843,-0.04995458200573921,0.1409959644079208,-0.0910124108195304,0.8310349033430956,0.7611077982864128,0.19129150351219765,0.2320083752274512,,0.09828667933463935,1.5004308002355504,7.967742225913723,7.967742225913723,3.81479522641805e-15,14745120.0,8.008384772963499,1.1622680869641224e-15,0.2309594641033963,0.14527085241050752,GCST90200150,cancerType_celltype,CESC_Epi_CESC,tissue,Tumor,Adjacent,group1_higher,8.63715264718904e-15,2.4869252787003122e-15
24361,1057,-0.3677871931918733,-0.21786573168554219,-0.3809052109718323,-0.2543882727622986,0.5277620089806966,0.5770581225954666,-0.14992146150633112,-0.1265169382095337,,-0.11647839512356586,-0.755429253504368,-8.297372025772265,-8.297372025772265,2.992712594849123e-16,11004600.0,-8.007772475612718,1.1680677759311163e-15,-0.2829232552633378,-0.14525974543193465,GCST90199719,cancerType_celltype,CESC_Epi_CESC,tissue,Tumor,Adjacent,group2_higher,7.094030029181485e-16,2.4954175213073846e-15
24361,1057,0.24052047331896145,0.05421144505473719,0.181326538324356,-0.0846017524600029,0.8395777749699689,0.940339742288922,0.18630902826422427,0.26592829078435887,,0.10104391099115038,2.1494697199251505,6.332902071225498,6.332902071225498,3.465162210962673e-10,14744910.0,8.007485595035778,1.170794911389746e-15,0.2207442864498273,0.1452545414629529,GCST90199763,cancerType_celltype,CESC_Epi_CESC,tissue,Tumor,Adjacent,group1_higher,6.339618917506205e-10,2.4973293649831357e-15
24361,1057,0.1578363195332864,0.40515559189900596,0.1246213316917419,0.3858851492404938,0.9287223564016206,0.958341649513558,-0.24731927236571957,-0.2612638175487519,,-0.10801063269376779,1.3600412525472907,-8.224361799365555,-8.224361799365555,5.285478523799631e-16,11005290.0,-8.004818033850205,1.1964553921368453e-15,-0.2659427709270528,-0.14520615231854095,GCST90200853,cancerType_celltype,CESC_Epi_CESC,tissue,Tumor,Adjacent,group2_higher,1.2463853335534425e-15,2.5480760929414376e-15
24361,1057,0.008542237511809665,-0.23566206260262693,-0.0305178165435791,-0.3061511516571045,0.8923757461388465,1.0650175174362946,0.24420430011443658,0.2756333351135254,,0.12128893712246666,-4.785798949178052,7.343752091639165,7.343752091639165,3.9851508789910484e-13,14743190.0,8.000120899627774,1.2429926820570607e-15,0.27127533812727167,0.14512094703536293,GCST90199870,cancerType_celltype,CESC_Epi_CESC,tissue,Tumor,Adjacent,group1_higher,8.292764348190532e-13,2.6430562022523772e-15
24361,1057,-0.3819377890768789,-0.2307034766927314,-0.4059887826442718,-0.2981468737125397,0.438447909475724,0.5235157053360294,-0.15123431238414753,-0.10784190893173212,,-0.131942475334259,-0.727295446151112,-9.252264993105738,-9.252264993105738,1.0797977219614869e-19,11007033.0,-7.997354857050115,1.2712269395552608e-15,-0.34192062818651525,-0.14507077145383784,GCST90200040,cancerType_celltype,CESC_Epi_CESC,tissue,Tumor,Adjacent,group2_higher,2.925972753545739e-19,2.698882116220904e-15
24361,1057,-0.7562032842824735,-0.38119745043118713,-0.8323554992675781,-0.5055959224700928,1.6045510453428642,1.437420251765754,-0.3750058338512864,-0.32675957679748535,,-0.10486822662541258,-0.988233768235239,-8.26148234549604,-8.26148234549604,3.8484829774866557e-16,11008112.0,-7.992734795221489,1.319801275391197e-15,-0.23467858291871505,-0.14498696425187874,GCST90200288,cancerType_celltype,CESC_Epi_CESC,tissue,Tumor,Adjacent,group2_higher,9.090957189452881e-16,2.7976502929365497e-15
24361,1057,-0.32546426300807246,-0.16628557984922487,-0.3457752466201782,-0.1950545310974121,0.5818596323664804,0.6069160688805812,-0.1591786831588476,-0.1507207155227661,,-0.09448201972898877,-0.9688318317051973,-8.361844314688147,-8.361844314688147,1.7788857685824354e-16,11010008.0,-7.98461650307406,1.4096228445666467e-15,-0.27307023132512853,-0.14483969969681443,GCST90200324,cancerType_celltype,CESC_Epi_CESC,tissue,Tumor,Adjacent,group2_higher,4.246271983498878e-16,2.983409840286241e-15
24361,1057,-0.13201735553050548,0.007728879726561806,-0.1310203224420547,-0.0140094384551048,0.40951370133283216,0.6025083509090164,-0.13974623525706728,-0.11701088398694989,,-0.12596539718509628,-4.094148755685193,-7.46629294850388,-7.46629294850388,1.6753698008159326e-13,11010505.0,-7.982488448645119,1.4341472081187014e-15,-0.33328077119019023,-0.14480109712093525,GCST90199797,cancerType_celltype,CESC_Epi_CESC,tissue,Tumor,Adjacent,group2_higher,3.545852544273472e-13,3.0306087514198293e-15
24361,1057,-0.09639662245419615,-0.2443478253972144,-0.1428069174289703,-0.3522298336029053,0.7115564591660768,0.7828278403051432,0.14795120294301822,0.20942291617393496,,0.09043134943574231,-1.341872700006672,6.0372852516928655,6.0372852516928655,2.12123169204572e-09,14737525.5,7.9758666454773985,1.5131787601687907e-15,0.20702342850818575,0.14468097864287244,GCST90200856,cancerType_celltype,CESC_Epi_CESC,tissue,Tumor,Adjacent,group1_higher,3.759738356642803e-09,3.1926666410372476e-15
24361,1057,0.28805237314594734,0.14378645432319617,0.2719444930553436,0.0962155759334564,0.5780068361585858,0.7235067247206067,0.14426591882275117,0.17572891712188718,,0.10077393520933846,1.0023983481755663,6.394801882038434,6.394801882038434,2.359566472969615e-10,14730459.0,7.945609308209568,1.932419069014359e-15,0.2467039544311888,0.14413211525766045,GCST90199859,cancerType_celltype,CESC_Epi_CESC,tissue,Tumor,Adjacent,group1_higher,4.363757262764702e-10,4.070923015558843e-15
24361,1057,-0.47408819887576475,-0.10879624078346305,-0.5986936688423157,-0.3506144285202026,1.2777427303349194,1.3305269528129833,-0.3652919580923017,-0.2480792403221131,,-0.12744139499799528,-2.1235165559352427,-8.752541797769487,-8.752541797769487,7.369877268048002e-18,11024144.0,-7.924088983139432,2.2982896774234207e-15,-0.2853889832727381,-0.14374173991285366,GCST90201000,cancerType_celltype,CESC_Epi_CESC,tissue,Tumor,Adjacent,group2_higher,1.839769728269126e-17,4.834211157913769e-15
24361,1057,0.5396737096130518,0.17589961051353445,0.4425399005413055,0.0795108303427696,1.4668470473708608,1.380323410346574,0.3637740990995174,0.3630290701985359,,0.11357683837594265,1.6173295908111391,8.365672569224065,8.365672569224065,1.6951667105808927e-16,14724293.5,7.9192098724316295,2.390287176804171e-15,0.24858927178223014,0.14365323360457527,GCST90200215,cancerType_celltype,CESC_Epi_CESC,tissue,Tumor,Adjacent,group1_higher,4.060654176663896e-16,5.019971374397666e-15
24361,1057,0.028771663448793387,-0.09292084839110318,-0.005320549942553,-0.1698518097400665,0.6298042430875854,0.7689444291818891,0.12169251183989657,0.1645312597975135,,0.08281821084032903,-1.691319076661469,5.071962990596084,5.071962990596084,4.6062320745566767e-07,14721179.0,7.9058742074035875,2.6606432053373418e-15,0.19128282168660166,0.14341132671810497,GCST90200034,cancerType_celltype,CESC_Epi_CESC,tissue,Tumor,Adjacent,group1_higher,7.30034222979157e-07,5.579164136730457e-15
24361,1057,0.8153272287034014,0.5760809061240384,0.7749889492988586,0.4596715271472931,1.0771525465382261,1.167852660368422,0.23924632257936296,0.31531742215156555,,0.09351131890444862,0.5011070199710694,6.5406954383386315,6.5406954383386315,9.240346847639797e-11,14718516.0,7.894471774920147,2.9155236741580722e-15,0.22130459713097436,0.143204488368877,GCST90199722,cancerType_celltype,CESC_Epi_CESC,tissue,Tumor,Adjacent,group1_higher,1.7371852073562818e-10,6.1042377386750414e-15
24361,1057,-0.14415614043042527,-0.2649990567318961,-0.1681056320667266,-0.3344339430332184,0.637732223542122,0.6413653283820996,0.12084291630147084,0.16632831096649178,,0.08118522905367716,-0.878350369968559,5.998354356990264,5.998354356990264,2.6673402595961542e-09,14716356.0,7.885223087663583,3.139794777282969e-15,0.1894435269023534,0.14303671862260114,GCST90200863,cancerType_celltype,CESC_Epi_CESC,tissue,Tumor,Adjacent,group1_higher,4.709306701851759e-09,6.563712088093078e-15
24361,1057,0.3582533871550048,0.10829594602359877,0.2863590717315674,0.0367750450968742,1.0373062878214554,0.9854156708767959,0.24995744113140606,0.24958402663469317,,0.10336977895669913,1.725991812239318,8.05539980385177,8.05539980385177,1.9525918440577085e-15,14713701.0,7.873854909577388,3.438836011580289e-15,0.2414576267111926,0.14283050164280375,GCST90200369,cancerType_celltype,CESC_Epi_CESC,tissue,Tumor,Adjacent,group1_higher,4.480442228031408e-15,7.177846070113222e-15
24361,1057,-0.08230616246773821,0.04236682225042832,-0.1212644353508949,-0.0001252647198271,0.5239083783486042,0.5637214382594121,-0.12467298471816654,-0.1211391706310678,,-0.099871763427125,-0.9580490065570824,-7.059210314845036,-7.059210314845036,2.9082571210446e-12,11036666.5,-7.870470146949465,3.5331701688474992e-15,-0.23719106380117572,-0.14276910257593745,GCST90200271,cancerType_celltype,CESC_Epi_CESC,tissue,Tumor,Adjacent,group2_higher,5.812249935460103e-12,7.363472385533855e-15
24361,1057,-0.40130280809472996,-0.12342963593149256,-0.4582630693912506,-0.1969760805368423,0.9981011738298732,1.1089315375510755,-0.27787317216323737,-0.2612869888544083,,-0.10839926715787215,-1.7009943252831181,-8.007147576410087,-8.007147576410087,2.895356399984185e-15,11037604.5,-7.866453818872309,3.648415585179178e-15,-0.2770558821738178,-0.14269624701019357,GCST90199873,cancerType_celltype,CESC_Epi_CESC,tissue,Tumor,Adjacent,group2_higher,6.588265063736969e-15,7.592046477250717e-15
24361,1057,0.30592724173598607,0.1903609685472485,0.3087753355503082,0.108677789568901,0.5106978478935218,0.7380570385959422,0.11556627318873758,0.20009754598140722,,0.08377697404562691,0.6844480165920237,5.038645392702316,5.038645392702316,5.47697747494136e-07,14697318.0,7.80370618581614,6.011608066995069e-15,0.22134072343356762,0.14155801472000884,GCST90199953,cancerType_celltype,CESC_Epi_CESC,tissue,Tumor,Adjacent,group1_higher,8.650197332960687e-07,1.2490582005052255e-14
24361,1057,0.07624161147901808,-0.086436734832364,0.0447825007140636,-0.1417915821075439,0.6951936150094031,0.6769172949596152,0.16267834631138206,0.18657408282160748,,0.09581010656221475,-0.1810637301463144,7.640378454569701,7.640378454569701,4.531565309446443e-14,14697011.0,7.802391673321805,6.074579780477388e-15,0.23425702387722222,0.1415341696681076,GCST90200862,cancerType_celltype,CESC_Epi_CESC,tissue,Tumor,Adjacent,group1_higher,9.850914699801438e-14,1.2602210412162376e-14
24361,1057,-0.0695381121511825,0.07671185047508904,-0.0453464090824127,0.0790105164051055,0.47312739242329815,0.640097096225604,-0.14624996262627155,-0.1243569254875182,,-0.1232261753559727,0.14164362215992377,-7.3417558397350255,-7.3417558397350255,4.076164625975821e-13,11054338.5,-7.7948021834318695,6.451055160543269e-15,-0.30391517962198994,-0.14139649750362893,GCST90200766,cancerType_celltype,CESC_Epi_CESC,tissue,Tumor,Adjacent,group2_higher,8.469226196958908e-13,1.3362899975411058e-14
24361,1057,-0.05300555837848771,0.08908009985600604,-0.0741279795765876,0.0963453501462936,0.5204571092168769,0.6089430107625158,-0.14208565823449376,-0.1704733297228812,,-0.11810627272900237,0.7489484987027222,-7.468533553405569,-7.468533553405569,1.6232364566622888e-13,11064219.0,-7.75249586193257,9.010527355043979e-15,-0.27093302215043674,-0.1406290674211852,GCST90199979,cancerType_celltype,CESC_Epi_CESC,tissue,Tumor,Adjacent,group2_higher,3.4462169632876945e-13,1.8636341100037852e-14
24361,1057,-0.11473826191765457,-0.16050753109675628,-0.1375628411769867,-0.2664337456226349,0.4776067912043454,0.6762907481382897,0.04576926917910171,0.1288709044456482,,0.036978777301972875,-0.48429083652165833,2.176853066432603,2.176853066432603,0.029703204410178985,14683195.0,7.743234329277039,9.692081275996066e-15,0.09389012997416706,0.14046106466137287,GCST90200923,cancerType_celltype,CESC_Epi_CESC,tissue,Tumor,Adjacent,group1_higher,0.03653923069591512,2.0015616332094907e-14
24361,1057,0.558061857126534,0.3403476905288437,0.5165459513664246,0.3028061985969543,0.8234433910504956,0.8286470690135657,0.21771416659769027,0.21373975276947027,,0.11546711842047368,0.7134140693703745,8.364587680447901,8.364587680447901,1.730296325628643e-16,14682934.0,7.74211677956687,9.777676616147814e-15,0.26432520720128605,0.1404407924836979,GCST90200247,cancerType_celltype,CESC_Epi_CESC,tissue,Tumor,Adjacent,group1_higher,4.137533143564632e-16,2.0161835442979534e-14
24361,1057,0.12841566482182326,-0.05668153731895183,0.0700122863054275,-0.1502365320920944,0.8274623363122684,0.8103097529882601,0.18509720214077507,0.2202488183975219,,0.11202473553323408,1.179856190140115,7.26402205173272,7.26402205173272,6.899876814544988e-13,14677874.0,7.720450873308437,1.1592087132637969e-14,0.22388350731162257,0.14004777631881105,GCST90200799,cancerType_celltype,CESC_Epi_CESC,tissue,Tumor,Adjacent,group1_higher,1.4142153531165142e-12,2.3867091785174552e-14
24361,1057,0.2415088399842935,0.45616096196111994,0.1988987773656845,0.4239819347858429,0.8174520436477397,0.9384216935589315,-0.21465212197682643,-0.2250831574201584,,-0.102132216294205,0.9174641785881948,-7.317125840358785,-7.317125840358785,4.802857425619131e-13,11073307.0,-7.713582866660507,1.2233591418313429e-14,-0.26086981281372223,-0.13992319174796541,GCST90200603,cancerType_celltype,CESC_Epi_CESC,tissue,Tumor,Adjacent,group2_higher,9.918628289574055e-13,2.5149902116381906e-14
24361,1057,-0.5873875116515489,-0.8956502836321532,-0.6495068669319153,-0.9179953336715698,1.2227201410376851,1.353012544818815,0.30826277198060426,0.26848846673965454,,0.1094280297574612,-0.6086220878742007,7.27939631955023,7.27939631955023,6.258597046624447e-13,14671834.0,7.694588803387303,1.419523063316861e-14,0.25094477521695074,0.13957864239866935,GCST90200435,cancerType_celltype,CESC_Epi_CESC,tissue,Tumor,Adjacent,group1_higher,1.2866467231597468e-12,2.9138703844892795e-14
24361,1057,-0.8173190570398899,-0.4836068400604758,-0.9014350771903992,-0.5578346252441406,1.4087584692759,1.373958339902919,-0.33371221697941417,-0.34360045194625854,,-0.10474299519359666,-0.7570635055122332,-7.722362304356289,-7.722362304356289,2.4653264299443128e-14,11078597.0,-7.690932146481235,1.4606933288503265e-14,-0.23712440347296396,-0.1395123112119473,GCST90200284,cancerType_celltype,CESC_Epi_CESC,tissue,Tumor,Adjacent,group2_higher,5.4197418129259646e-14,2.9938721913127746e-14
24361,1057,-0.10862956877974833,0.09571830630073343,-0.1386035978794098,0.0384805239737033,0.7615457391279193,0.8178226826016269,-0.20434787508048174,-0.1770841218531131,,-0.10724135152858269,-0.18254828999466458,-7.974962887142152,-7.974962887142152,3.692035297241293e-15,11079958.0,-7.685104617149668,1.528745758529014e-14,-0.26748276330658805,-0.13940660073755773,GCST90200818,cancerType_celltype,CESC_Epi_CESC,tissue,Tumor,Adjacent,group2_higher,8.373118319700302e-15,3.128649352665234e-14
24361,1057,0.026031384904547688,0.2622775541842706,-0.0228309165686368,0.2433885782957077,0.993837044542543,0.9917905387916924,-0.23624616927972295,-0.2662194948643445,,-0.0928645077792731,3.3327204545997655,-7.580919324444603,-7.580919324444603,7.043333508166901e-14,11085846.0,-7.659893380776218,1.8609060729476906e-14,-0.23773149211974287,-0.13894927283659841,GCST90199645,cancerType_celltype,CESC_Epi_CESC,tissue,Tumor,Adjacent,group2_higher,1.5165977206368856e-13,3.802721105588759e-14
24361,1057,0.10682092621107467,-0.07453748053929082,0.0615045875310897,-0.1460070312023162,0.7664018417151262,0.8195261081919055,0.1813584067503655,0.2075116187334059,,0.09807877986901446,0.519150488967506,7.061955669324961,7.061955669324961,2.8523443004070706e-12,14660686.0,7.646855300824256,2.059572862396741e-14,0.23593418630428234,0.1387127640970569,GCST90200399,cancerType_celltype,CESC_Epi_CESC,tissue,Tumor,Adjacent,group1_higher,5.708877065278762e-12,4.2023919333035303e-14
24361,1057,0.23515313838674842,0.5514363048639142,0.1664402931928634,0.4482073485851288,1.2575030119669304,1.2383573815222173,-0.3162831664771657,-0.2817670553922654,,-0.10683902775112426,1.2295901474583475,-8.123875322434968,-8.123875322434968,1.1534612053170416e-15,11089324.0,-7.645001281573287,2.0894672477385757e-14,-0.2516748690244075,-0.13867913247662278,GCST90200975,cancerType_celltype,CESC_Epi_CESC,tissue,Tumor,Adjacent,group2_higher,2.660182102956223e-15,4.257016231192345e-14
24361,1057,-0.027069433885368473,-0.19330320254043354,-0.0673545747995376,-0.2502579987049103,0.7798081705393997,0.7894492295710106,0.16623376865506506,0.18290342390537268,,0.09721457296595164,-2.8360830864882427,6.705462331535602,6.705462331535602,3.1437200551865536e-11,14657971.0,7.635230214758713,2.254210110730327e-14,0.21306254853711779,0.13850188684652953,GCST90200953,cancerType_celltype,CESC_Epi_CESC,tissue,Tumor,Adjacent,group1_higher,6.03505695101306e-11,4.585803553620053e-14
24361,1057,-0.12668867914292223,0.14507787341488546,-0.1523060798645019,0.0604563504457473,0.9919767797640588,1.0653226006032364,-0.2717665525578077,-0.2127624303102492,,-0.11335032099552671,0.19553844828703823,-8.142038625773695,-8.142038625773695,1.0136324577737136e-15,11095954.5,-7.616610808955393,2.604273504069716e-14,-0.2730960270740664,-0.13816413372538117,GCST90200835,cancerType_celltype,CESC_Epi_CESC,tissue,Tumor,Adjacent,group2_higher,2.351144008536097e-15,5.290051842096905e-14
24361,1057,0.3159406119567528,0.06563309515624191,0.2588459551334381,-0.0956815555691719,1.225000537337016,1.1638688873438823,0.2503075168005109,0.35452751070261,,0.0852417488333109,2.267140607555344,6.829876728712709,6.829876728712709,1.3684531180631606e-11,14648572.0,7.59498557979369,3.0783180210458596e-14,0.2047469294521037,0.13777185543669312,GCST90200890,cancerType_celltype,CESC_Epi_CESC,tissue,Tumor,Adjacent,group1_higher,2.6607726104423508e-11,6.243671819472479e-14
24361,1057,0.4467896145944232,0.12062102025630289,0.3606326878070831,-0.1238740757107734,1.5273055764196457,1.5559209920208195,0.3261685943381203,0.4845067635178565,,0.08319532178770077,1.88910557678294,6.677260289884413,6.677260289884413,3.7861521630061816e-11,14645891.0,7.5835060749164445,3.3634534005452924e-14,0.21339057255491856,0.13756361900624614,GCST90200811,cancerType_celltype,CESC_Epi_CESC,tissue,Tumor,Adjacent,group1_higher,7.237763531805645e-11,6.811867733942397e-14
24361,1057,0.14064070297123535,0.3342783804751612,0.1148537099361419,0.2939314246177673,0.653343492994765,0.8145324781407256,-0.19363767750392583,-0.17907771468162537,,-0.10545474208664042,1.2490299225214818,-7.623251269259603,-7.623251269259603,5.271505275809398e-14,11104985.0,-7.577944017163539,3.510796074919457e-14,-0.2930245861057244,-0.1374627241449442,GCST90200187,cancerType_celltype,CESC_Epi_CESC,tissue,Tumor,Adjacent,group2_higher,1.1422991559504309e-13,7.09972559364276e-14
24361,1057,-0.27044589447332323,-0.0408118711793293,-0.3283241391181946,-0.1091234236955642,0.851726086735704,0.9659935127324931,-0.22963402329399393,-0.21920071542263037,,-0.11051010411226804,-2.7282492185421727,-7.601437231680695,-7.601437231680695,6.139199293262562e-14,11106839.0,-7.570005560601654,3.7321440431203694e-14,-0.26802068680241325,-0.13731872177939075,GCST90199898,cancerType_celltype,CESC_Epi_CESC,tissue,Tumor,Adjacent,group2_higher,1.326105964614401e-13,7.536166415960095e-14
24361,1057,-0.005268201015502119,-0.145723916945963,-0.0296757351607084,-0.2048588097095489,0.6811568402772077,0.688044786119803,0.14045571593046088,0.1751830745488405,,0.08235507925702103,-4.789519550833536,6.5000550970172295,6.5000550970172295,1.194776466776563e-10,14641871.0,7.566293240300061,3.840309589702197e-14,0.20611470812501817,0.1372513808673439,GCST90200376,cancerType_celltype,CESC_Epi_CESC,tissue,Tumor,Adjacent,group1_higher,2.2369235222753507e-10,7.74310942420724e-14
24361,1057,-0.36506749731262145,-0.00017480063626618462,-0.4531500339508056,-0.1143761873245239,1.3179911826708839,1.4814990458167663,-0.36489269667635527,-0.33877384662628174,,-0.10324025289786581,-11.020011173025992,-7.873532019788117,-7.873532019788117,8.042820214639233e-15,11109015.0,-7.560688364550597,4.009483973575471e-14,-0.27535196423707464,-0.13714970929425363,GCST90200202,cancerType_celltype,CESC_Epi_CESC,tissue,Tumor,Adjacent,group2_higher,1.7971088446808644e-14,8.072269802043378e-14
24361,1057,0.27348749093897784,0.07408669098530823,0.2131115943193435,-0.0274045206606388,0.8650416878988154,0.9882034579417791,0.1994007999536696,0.24051611497998232,,0.09661013847836082,1.8841743456485678,6.45380446887525,6.45380446887525,1.616621679565178e-10,14639416.0,7.555781422145031,4.163593892604945e-14,0.22906311816234412,0.1370606981233129,GCST90200934,cancerType_celltype,CESC_Epi_CESC,tissue,Tumor,Adjacent,group1_higher,3.006078239082316e-10,8.370174742803157e-14
24361,1057,0.18862907175212465,0.07648898220835873,0.1760579794645309,0.0701069310307502,0.47504917049024764,0.5592769698988158,0.11214008954376592,0.10595104843378068,,0.09218787759287668,1.302216974006969,6.419157843911291,6.419157843911291,2.0174072646088313e-10,14637486.0,7.547517548809304,4.436400723316446e-14,0.23418928726453667,0.1369107927481683,GCST90200630,cancerType_celltype,CESC_Epi_CESC,tissue,Tumor,Adjacent,group1_higher,3.736040898997061e-10,8.905470082297963e-14
24361,1057,-0.3249588396326246,-0.17688252225568007,-0.3307978510856628,-0.2572293579578399,0.37897073370876283,0.5511322872057216,-0.14807631737694454,-0.07356849312782288,,-0.1326014782664702,-0.877461774050307,-8.646840895768076,-8.646840895768076,1.8454830578737374e-17,11115950.0,-7.5309940839375065,5.035629582184329e-14,-0.38198533859719325,-0.13661105966905784,GCST90200088,cancerType_celltype,CESC_Epi_CESC,tissue,Tumor,Adjacent,group2_higher,4.581773056251191e-17,1.0093475177231236e-13
24361,1057,0.048667995593344456,-0.05368711644452763,0.0483928993344306,-0.0925356596708297,0.49927838959418963,0.5613644732883049,0.10235511203787209,0.1409285590052603,,0.08681080988450655,-0.14159979000843192,5.828733202488955,5.828733202488955,7.280095208542051e-09,14633188.5,7.529116514788431,5.1085621865830335e-14,0.2038902215526541,0.1365770008571403,GCST90200527,cancerType_celltype,CESC_Epi_CESC,tissue,Tumor,Adjacent,group1_higher,1.265659409342196e-08,1.0224625932911416e-13
24361,1057,0.2037505338020475,-0.020876849361202154,0.1738902926445007,-0.0373652912676334,0.9244307085408255,0.9652690325118861,0.22462738316324965,0.21125558391213412,,0.10391420801820081,3.2867659078521885,7.419555562869004,7.419555562869004,2.2882239959958445e-13,14633083.0,7.528664784924742,5.126263669508227e-14,0.24253538592058269,0.13656880654777348,GCST90200791,cancerType_celltype,CESC_Epi_CESC,tissue,Tumor,Adjacent,group1_higher,4.813039053306073e-13,1.0245010823372013e-13
24361,1057,-0.029783418664554348,-0.15846763331447586,-0.0406142510473728,-0.2311031371355056,0.6336171972215647,0.726531116578799,0.12868421464992152,0.1904888860881328,,0.08436968636663467,-2.4115676011958516,5.665760439405047,5.665760439405047,1.85751190801869e-08,14632797.0,7.527440190223178,5.174554531454185e-14,0.2017793385768984,0.13654659259062774,GCST90199743,cancerType_celltype,CESC_Epi_CESC,tissue,Tumor,Adjacent,group1_higher,3.164735913286843e-08,1.0326380419285585e-13
24361,1057,0.10047348277079392,-0.2995525599316237,0.0103088226169347,-0.4862312078475952,1.8479270910467427,1.8831653256265601,0.40002604270241765,0.49654003046452994,,0.09132687322978178,-1.5759848281569893,6.766268357933141,6.766268357933141,2.103422316133998e-11,14623957.0,7.489589081265757,6.909070546724496e-14,0.21629991148833017,0.13585997936975813,GCST90200823,cancerType_celltype,CESC_Epi_CESC,tissue,Tumor,Adjacent,group1_higher,4.066616477859063e-11,1.376763619179165e-13
24361,1057,-0.3493774772010507,-0.5787585295503629,-0.4135371744632721,-0.6328200101852417,0.9568785566041638,0.9255749579013647,0.22938105234931216,0.2192828357219696,,0.095630849268902,-0.7281733067288471,7.876623055672083,7.876623055672083,7.710913010797293e-15,14623516.0,7.487700807617542,7.00917214054601e-14,0.24003918762322143,0.13582572637989365,GCST90200718,cancerType_celltype,CESC_Epi_CESC,tissue,Tumor,Adjacent,group1_higher,1.7257757690832035e-14,1.3946717704473302e-13
24361,1057,-0.3162440602510206,-0.6478104695308576,-0.3368998765945434,-0.6913975477218628,1.4671886604948075,1.4954191877700151,0.33156640927983705,0.3544976711273194,,0.08294757002742854,-1.0345310662578242,7.062523742309418,7.062523742309418,2.830060281440504e-12,14622493.0,7.483320526569641,7.246902690000028e-14,0.22580539355745133,0.13574626876394902,GCST90199909,cancerType_celltype,CESC_Epi_CESC,tissue,Tumor,Adjacent,group1_higher,5.672606122946187e-12,1.4398729397186646e-13
24361,1057,-0.1367354574988812,0.08531924459494891,-0.1607713997364044,-0.0301899928599596,0.5726097675629769,0.7608386045643488,-0.2220547020938301,-0.1305814068764448,,-0.15322057542688003,-0.6804379475890732,-9.374169991055666,-9.374169991055666,3.788317228890224e-20,11127240.0,-7.482652565823334,7.283844622663541e-14,-0.38177045256564407,-0.13573415206005135,GCST90200128,cancerType_celltype,CESC_Epi_CESC,tissue,Tumor,Adjacent,group2_higher,1.0516245179179991e-19,1.4451062912213108e-13
24361,1057,0.06564527997598466,0.3471270340155368,0.0127493515610694,0.2199296355247497,1.2231098054090477,1.0844710999685372,-0.2814817540395521,-0.2071802839636803,,-0.088891445657772,2.4026827174077297,-8.214933440743915,-8.214933440743915,5.547780788385742e-16,11130011.5,-7.470785558077237,7.971877212336657e-14,-0.23116539432744176,-0.1355188863879201,GCST90200025,cancerType_celltype,CESC_Epi_CESC,tissue,Tumor,Adjacent,group2_higher,1.3059801752279387e-15,1.5793123023858812e-13
24361,1057,-0.01978103986719211,-0.3210918686423213,-0.0696252286434173,-0.3479633033275604,1.1654599258805804,1.2753956126622934,0.3013108287751292,0.2783380746841431,,0.11605685271121913,-4.0207275182254545,7.545342317586066,7.545342317586066,9.229758090946903e-14,14618655.0,7.466886979490616,8.211557295769285e-14,0.25747929021892013,0.13544816677959415,GCST90200267,cancerType_celltype,CESC_Epi_CESC,tissue,Tumor,Adjacent,group1_higher,1.974907421971841e-13,1.6244343387711952e-13
24361,1057,-0.43769934576933733,-0.8088583874453631,-0.532997727394104,-0.8749988675117493,1.6191252918563257,1.7263053502676706,0.37115904167602576,0.34200114011764526,,0.09451018424718076,-0.885945401903253,6.860345523043258,6.860345523043258,1.1253938642528895e-11,14617337.0,7.4612435675442494,8.571103310400651e-14,0.22858571059129723,0.13534579616589437,GCST90199697,cancerType_celltype,CESC_Epi_CESC,tissue,Tumor,Adjacent,group1_higher,2.1913026242524118e-11,1.6931034510255196e-13
24361,1057,0.41584084398063237,0.1744881752264301,0.3793209195137024,0.0610504820942878,1.1745894410760231,1.2428529430659607,0.24135266875420228,0.3182704374194146,,0.0839070249172139,1.2528973974922253,6.194604352719944,6.194604352719944,8.147201336825553e-10,14617180.0,7.460571324998286,8.614950512937959e-14,0.20496963668713425,0.13533360179081777,GCST90200977,cancerType_celltype,CESC_Epi_CESC,tissue,Tumor,Adjacent,group1_higher,1.4708126386878448e-09,1.698004938768461e-13
24361,1057,-0.4441993698867002,-0.2194462129813174,-0.4601962268352508,-0.331967681646347,0.6471408521546929,0.8398080295986664,-0.22475315690538283,-0.1282285451889038,,-0.1110711865548267,-1.0173366463909925,-8.59091639491715,-8.59091639491715,2.881362635071375e-17,11132418.0,-7.4604814072055134,8.620832117591893e-14,-0.3424689413516213,-0.1353319706960623,GCST90200918,cancerType_celltype,CESC_Epi_CESC,tissue,Tumor,Adjacent,group2_higher,7.101803384452594e-17,1.698004938768461e-13
24361,1057,-0.07774185478978278,0.1471519450503538,-0.0922089889645576,0.0930389463901519,0.7221643715085179,0.8694292767961529,-0.22489379984013658,-0.18524793535470951,,-0.11771555376261655,0.9205344251290097,-8.286587987716318,-8.286587987716318,3.2999488108960167e-16,11134028.0,-7.453587709759649,9.083703590474229e-14,-0.3085489042097509,-0.13520692009814372,GCST90199703,cancerType_celltype,CESC_Epi_CESC,tissue,Tumor,Adjacent,group2_higher,7.808733036894568e-16,1.786592784100487e-13
24361,1057,0.14697112074103924,-0.13416780275424858,0.0967730432748794,-0.320009171962738,1.3440071657913348,1.3853081022074074,0.2811389234952878,0.4167822152376174,,0.08264658851304814,0.13149326335288244,6.467255523559164,6.467255523559164,1.4755052074357006e-10,14613991.5,7.446918806795714,9.554692934696372e-14,0.2089089782551617,0.13508594723711376,GCST90200740,cancerType_celltype,CESC_Epi_CESC,tissue,Tumor,Adjacent,group1_higher,2.7549501338833696e-10,1.876519664263855e-13
24361,1057,0.5760445484758825,0.37167199705930604,0.5234845280647278,0.2775934040546417,0.9329332508710135,0.8629200670665667,0.20437255141657645,0.24589112401008606,,0.0984429132340138,0.6321490147344114,7.511850609370849,7.511850609370849,1.1565517806292513e-13,14609753.5,7.428772539854362,1.0961181906754151e-13,0.21972489740068774,0.13475677678122633,GCST90200051,cancerType_celltype,CESC_Epi_CESC,tissue,Tumor,Adjacent,group1_higher,2.4669484773046475e-13,2.149653372504447e-13
24361,1057,0.22581294542289312,0.11442006938046576,0.2339802235364914,0.0851898342370987,0.4384017418665661,0.5697986554286402,0.11139287604242737,0.1487903892993927,,0.08625921593895547,0.980781851310628,6.275761974168028,6.275761974168028,4.978339123681881e-10,14608235.0,7.422270627077004,1.1513112455579442e-13,0.25052659912533043,0.13463883309617075,GCST90200637,cancerType_celltype,CESC_Epi_CESC,tissue,Tumor,Adjacent,group1_higher,9.047301634104538e-10,2.2546511892176406e-13
24361,1057,-0.10905178061245907,0.14827523151074043,-0.1536048799753189,0.0386587381362915,0.8200253397681957,0.9669123239399645,-0.25732701212319953,-0.1922636181116104,,-0.13903445880094462,0.4432607980831693,-8.520453780478316,-8.520453780478316,5.0510096594718794e-17,11141554.5,-7.421360744650142,1.159249700658835e-13,-0.31128965071804965,-0.1346223279706692,GCST90200345,cancerType_celltype,CESC_Epi_CESC,tissue,Tumor,Adjacent,group2_higher,1.2315789205474368e-16,2.263729065088276e-13
24361,1057,0.08232629792093556,0.17927825855777757,0.0886668711900711,0.2661382257938385,0.5090638208028383,0.7642997801475577,-0.09695196063684201,-0.1774713546037674,,-0.06269110014156719,1.122765806419897,-4.084983576653234,-4.084983576653234,4.728636404645035e-05,11141555.0,-7.421358603750315,1.159268442723123e-13,-0.1856753062639069,-0.1346222891350798,GCST90200074,cancerType_celltype,CESC_Epi_CESC,tissue,Tumor,Adjacent,group2_higher,6.871142238306165e-05,2.263729065088276e-13
24361,1057,-0.4025638621186462,-0.19422543335282186,-0.4552056491374969,-0.2394782453775406,0.7506645493551662,0.9144123375874573,-0.20833842876582434,-0.2157274037599563,,-0.11795759234356766,-1.0514816936007652,-7.30140314572517,-7.30140314572517,5.394141528386454e-13,11142202.0,-7.418588279373001,1.1837717844419991e-13,-0.2747902568213848,-0.13457203588237587,GCST90200217,cancerType_celltype,CESC_Epi_CESC,tissue,Tumor,Adjacent,group2_higher,1.1122866721922445e-12,2.308270303568591e-13
24361,1057,0.11212842084087471,0.3528658489707365,0.0442517027258873,0.3336001634597778,1.109961468126532,1.0380674619407537,-0.24073742812986176,-0.2893484607338905,,-0.07961975763323985,1.6539590323021767,-7.359395378374556,-7.359395378374556,3.4830030376640113e-13,11150086.0,-7.384830570886541,1.5265010088889025e-13,-0.21745509063966317,-0.13395967630846906,GCST90199964,cancerType_celltype,CESC_Epi_CESC,tissue,Tumor,Adjacent,group2_higher,7.270035436961788e-13,2.9712290524285996e-13
24361,1057,0.293206448896141,0.16304915651884777,0.2716172039508819,0.0701009929180145,0.6590216267386901,0.7830873663273267,0.13015729237729323,0.2015162110328674,,0.08417629017682104,0.8466059294204585,5.322594487294839,5.322594487294839,1.2348024781918e-07,14599458.0,7.384689271497899,1.528122938923293e-13,0.19583195208943824,0.1339571131595676,GCST90200996,cancerType_celltype,CESC_Epi_CESC,tissue,Tumor,Adjacent,group1_higher,2.0351097675639946e-07,2.9712290524285996e-13
24361,1057,0.06829451717859428,-0.03829711999216839,0.0714374035596847,-0.0763792842626571,0.5573269416549415,0.7224574074804494,0.10659163717076267,0.1478166878223418,,0.07146968547379459,0.8345173114009864,4.736009394049947,4.736009394049947,2.4612984954059577e-06,14595450.0,7.3675278184773845,1.7382396338039992e-13,0.18860789074107365,0.13364580707481144,GCST90200024,cancerType_celltype,CESC_Epi_CESC,tissue,Tumor,Adjacent,group1_higher,3.803571257639819e-06,3.374958149394375e-13
24361,1057,0.1313331962855193,0.27201107407163433,0.1319225430488586,0.3300868272781372,0.500191934396939,0.7152486833686329,-0.14067787778611504,-0.19816428422927862,,-0.09683247955235197,1.0504280827943244,-6.327711120176305,-6.327711120176305,3.613219963737479e-10,11156988.0,-7.3552775896620926,1.9053380422292335e-13,-0.2753353885495698,-0.13342358983217473,GCST90200099,cancerType_celltype,CESC_Epi_CESC,tissue,Tumor,Adjacent,group2_higher,6.601633794335368e-10,3.6941333592581016e-13
24361,1057,-0.009987784110860341,0.22313816483103244,-0.0533587299287319,0.0994498431682586,0.7492315826176205,0.887924848896749,-0.23312594894189279,-0.1528085730969905,,-0.11351806314726533,4.481490867808952,-8.407078689092872,-8.407078689092872,1.2610197529845547e-16,11158220.5,-7.350000271586298,1.9820962695199123e-13,-0.30857123818353177,-0.133327860104265,GCST90199693,cancerType_celltype,CESC_Epi_CESC,tissue,Tumor,Adjacent,group2_higher,3.0313402527653403e-16,3.837496044539262e-13
24361,1057,-0.24433144592890324,-0.3712472098208999,-0.2808208763599396,-0.4810812175273895,0.6691204932293048,0.7676057044353334,0.12691576389199669,0.20026034116744995,,0.07924847793608507,-0.6035386113319763,5.288970227585269,5.288970227585269,1.4769238910685223e-07,14589226.0,7.34087789741958,2.1220072848587151e-13,0.18844232992831256,0.13316238165776473,GCST90199853,cancerType_celltype,CESC_Epi_CESC,tissue,Tumor,Adjacent,group1_higher,2.4206928248671814e-07,4.1025474173935153e-13
24361,1057,-0.07667377805915258,0.17795781444849812,-0.127411887049675,0.0707798674702644,1.1317791898833798,1.017100600383698,-0.2546315925076507,-0.19819175451993937,,-0.08932584056513405,1.214719401883144,-7.929069995841213,-7.929069995841213,5.113543390380395e-15,11166114.0,-7.316201886003108,2.550918737608002e-13,-0.22588806538681525,-0.13271476265415938,GCST90199706,cancerType_celltype,CESC_Epi_CESC,tissue,Tumor,Adjacent,group2_higher,1.1482305833753672e-14,4.924790707308367e-13
24361,1057,-0.9051244386392763,-0.41633064641688605,-0.9817212224006652,-0.5897886753082275,1.6301632441266731,1.9659711936463764,-0.4887937922223902,-0.39193254709243763,,-0.13485255316551764,-1.120384519331879,-7.965311340924783,-7.965311340924783,4.026981842818685e-15,11168710.5,-7.305084193196779,2.7709759461517485e-13,-0.2970522773587936,-0.13251308943832363,GCST90200855,cancerType_celltype,CESC_Epi_CESC,tissue,Tumor,Adjacent,group2_higher,9.087377900267991e-15,5.342065367192126e-13
24361,1057,0.11690360613703142,-0.0921901847227901,0.050790462642908,-0.1138027533888816,0.8733044107571647,0.7683216649333494,0.20909379085982152,0.1645932160317896,,0.10817041034603395,0.3426310618042655,8.609778901369062,8.609778901369062,2.312294249424584e-17,14580187.0,7.302174710330651,2.831577632924413e-13,0.2405602693448561,0.13246031187230756,GCST90200477,cancerType_celltype,CESC_Epi_CESC,tissue,Tumor,Adjacent,group1_higher,5.709523662981355e-17,5.451186883723128e-13
24361,1057,-0.5389258031373755,-0.18186980243944081,-0.615793764591217,-0.3532375991344452,1.3412799094190144,1.4504885532645087,-0.35705600069793464,-0.26255616545677185,,-0.1106268822591551,-1.5671753887704365,-7.858667555952097,-7.858667555952097,8.96257485758274e-15,11174075.0,-7.282114478943149,3.286332288090583e-13,-0.2652731355338596,-0.1320964223994825,GCST90200199,cancerType_celltype,CESC_Epi_CESC,tissue,Tumor,Adjacent,group2_higher,1.9928204781215784e-14,6.317730477669202e-13
24361,1057,-0.3914669522095175,-0.5734718228859277,-0.4273751676082611,-0.6481680274009705,0.9064961993333198,0.8222935041782355,0.1820048706764102,0.22079285979270935,,0.08625968917239382,-0.550830912808314,7.0135054023455945,7.0135054023455945,3.922266209524389e-12,14574111.5,7.276160636521736,3.4346004036760704e-13,0.20152140986227338,0.13198842062531746,GCST90200908,cancerType_celltype,CESC_Epi_CESC,tissue,Tumor,Adjacent,group1_higher,7.781730485562944e-12,6.593465281986597e-13
24361,1057,-0.16700580946487334,-0.02719667414071121,-0.2004989981651306,-0.0708867236971855,0.536942784151624,0.6107225623558368,-0.13980913532416211,-0.1296122744679451,,-0.10264770786480518,-2.6183517405999823,-7.320920299611374,-7.320920299611374,4.671517994858568e-13,11201307.0,-7.165512510715944,7.749729013287081e-13,-0.25880568353456657,-0.1299812808575458,GCST90200901,cancerType_celltype,CESC_Epi_CESC,tissue,Tumor,Adjacent,group2_higher,9.662031907423714e-13,1.4856372215344995e-12
24361,1057,-0.14657509261555995,0.07472519049932652,-0.1757540702819824,-0.0188810508698225,0.8459827520827758,0.8754701390408048,-0.22130028311488648,-0.1568730194121599,,-0.10247981216069119,-0.9719639295148097,-8.056638322481556,-8.056638322481556,1.9586192127535975e-15,11201676.0,-7.163932526642947,7.839622529038598e-13,-0.2612050030413585,-0.12995262019255693,GCST90200865,cancerType_celltype,CESC_Epi_CESC,tissue,Tumor,Adjacent,group2_higher,4.4867193058540395e-15,1.5007592004325291e-12
24361,1057,-1.3036523887075004,-1.0132894766742324,-1.3906402587890625,-1.023316740989685,1.3322568321129302,1.49324503116741,-0.29036291203326803,-0.36732351779937744,,-0.08459430539132635,-0.3635125351910305,-6.215476005082252,-6.215476005082252,7.184929198076796e-10,11202172.5,-7.161806613113834,7.962193599802424e-13,-0.2167969729806396,-0.12991405645226717,GCST90200173,cancerType_celltype,CESC_Epi_CESC,tissue,Tumor,Adjacent,group2_higher,1.3005389770224002e-09,1.5220855366803233e-12
24361,1057,0.028135437098092905,-0.23139594010161507,-0.0132472952827811,-0.2196833342313766,1.083600401104687,0.9265193816203303,0.259531377199708,0.2064360389485955,,0.09920506679059188,-3.0398582294077494,8.848169720561035,8.848169720561035,3.1703457162754687e-18,14544859.0,7.150907292089952,8.620754361147183e-13,0.24085769372464103,0.1297163444665519,GCST90199746,cancerType_celltype,CESC_Epi_CESC,tissue,Tumor,Adjacent,group1_higher,8.029631167362549e-18,1.6456706154402817e-12
24361,1057,0.12127559052753831,-0.021327290777023396,0.0879220440983772,-0.0571443848311901,0.6126622497074482,0.6742871386888624,0.1426028813045617,0.1450664289295673,,0.10168601067284894,2.5074608408061527,6.755829098212765,6.755829098212765,2.2660734381722607e-11,14540310.0,7.131429385455641,9.93334565291095e-13,0.2317443844169383,0.12936301827404773,GCST90200072,cancerType_celltype,CESC_Epi_CESC,tissue,Tumor,Adjacent,group1_higher,4.368681889998291e-11,1.893587430058409e-12
24361,1057,0.3633519303940199,0.024150417177949378,0.2913916707038879,-0.1496015340089798,1.6437614118165171,1.52276670013222,0.33920151321607056,0.4409932047128677,,0.08939107522174912,3.9111917891394645,7.065645872568499,7.065645872568499,2.745230189902014e-12,14538418.5,7.123330361406664,1.0535153289722345e-12,0.20696748171914414,0.12921610323928823,GCST90199802,cancerType_celltype,CESC_Epi_CESC,tissue,Tumor,Adjacent,group1_higher,5.51067562420684e-12,2.005504739370329e-12
24361,1057,-0.7572238349673659,-1.170123129373358,-0.8540918827056885,-1.1003952026367188,1.6926145816735625,1.5690155250343534,0.41289929440599216,0.24630331993103027,,0.10367430935279881,-0.6278679487262203,8.34752181654691,8.34752181654691,1.9542921353953472e-16,14533746.0,7.103323652514859,1.2179361557129521e-12,0.24465794501808744,0.12885318465619844,GCST90200564,cancerType_celltype,CESC_Epi_CESC,tissue,Tumor,Adjacent,group1_higher,4.656818497454297e-16,2.3152677548629762e-12
24361,1057,-0.34027456038357706,-0.591981830924791,-0.4278299212455749,-0.6632852554321289,1.1220618791422154,1.1200083626780974,0.2517072705412139,0.235455334186554,,0.11030530596569757,-0.7988517981536659,7.152464586734849,7.152464586734849,1.5135605493551743e-12,14523787.5,7.060683350642407,1.6568831866855857e-12,0.22434270295599784,0.12807969622180582,GCST90200785,cancerType_celltype,CESC_Epi_CESC,tissue,Tumor,Adjacent,group1_higher,3.0699152213855697e-12,3.1453088906023027e-12
24361,1057,0.7264516538634478,0.5073822139409462,0.7294852137565613,0.4391888082027435,0.8763003633399353,1.2291139980248913,0.2190694399225016,0.2902964055538178,,0.10289998064250312,0.5177929834394809,5.7317871292841245,5.7317871292841245,1.2816190319235082e-08,14520968.0,7.048610816512831,1.807155824835238e-12,0.24511628528703083,0.12786070233309066,GCST90200666,cancerType_celltype,CESC_Epi_CESC,tissue,Tumor,Adjacent,group1_higher,2.2000588671432516e-08,3.425804435675145e-12
24361,1057,-0.040045728910602436,0.11443498953120684,-0.0729810670018196,0.0671366304159164,0.6805368865190855,0.6895677218704303,-0.15448071844180927,-0.140117697417736,,-0.09372573400591915,1.5147845330478618,-7.134225247506541,-7.134225247506541,1.7210528462488115e-12,11229765.0,-7.0436610561107065,1.8725620778077707e-12,-0.22687242034433416,-0.1277709144503617,GCST90199828,cancerType_celltype,CESC_Epi_CESC,tissue,Tumor,Adjacent,group2_higher,3.4804080555447033e-12,3.544864044516655e-12
24361,1057,0.20018146255838407,0.015142242293690891,0.1699735820293426,-0.0099904621019959,0.8328178481737468,0.9150446753676701,0.18503922026469316,0.17996404413133849,,0.10138812465848399,3.7245695526420524,6.4593881818496275,6.4593881818496275,1.5570245129486612e-10,14516227.0,7.028310804344603,2.0905204006934598e-12,0.22123418788009822,0.12749246327425112,GCST90200958,cancerType_celltype,CESC_Epi_CESC,tissue,Tumor,Adjacent,group1_higher,2.8992136764330946e-10,3.951982394098732e-12
24361,1057,0.04751560070696574,0.00358378365433219,0.0449578985571861,-0.0518964119255542,0.39992146808785406,0.5771818956578941,0.04393181705263355,0.09685431048274029,,0.03886742515670813,3.7284736723586778,2.4492160579709323,2.4492160579709323,0.01447185556343828,14514984.0,7.022988527372423,2.171753799824724e-12,0.10746015007877975,0.12739591799896366,GCST90200613,cancerType_celltype,CESC_Epi_CESC,tissue,Tumor,Adjacent,group1_higher,0.018079870882645625,4.0998620902508286e-12
24361,1057,0.11053890741458008,0.31943228886204583,0.0719646140933036,0.3091597557067871,1.0149520273623263,0.9333479870205407,-0.20889338144746575,-0.2371951416134835,,-0.08800088786627859,1.5309473577807609,-7.096653931802153,-7.096653931802153,2.213445700450007e-12,11235691.5,-7.018284970450508,2.246115285427356e-12,-0.20647911201373131,-0.1273105962090173,GCST90199767,cancerType_celltype,CESC_Epi_CESC,tissue,Tumor,Adjacent,group2_higher,4.462909008451715e-12,4.234377778751709e-12
24361,1057,-0.25340456839608066,-0.02840407019934389,-0.3011192083358764,-0.1191452369093895,0.9795598348942093,0.9048507365109243,-0.2250004981967368,-0.1819739714264869,,-0.09674941652223833,-3.1572278534364453,-7.886308068375211,-7.886308068375211,7.115213545466255e-15,11236444.5,-7.015060775309678,2.2985254170111968e-12,-0.23039883969881542,-0.12725210981135726,GCST90200412,cancerType_celltype,CESC_Epi_CESC,tissue,Tumor,Adjacent,group2_higher,1.59507172080107e-14,4.3271963306440075e-12
24361,1057,-0.6820895347424427,-0.4152965401353265,-0.7493688464164734,-0.4209093451499939,1.342591613533672,1.3187551388049337,-0.2667929946071162,-0.3284595012664795,,-0.08332463932545205,-0.7158179161968594,-6.43421374057387,-6.43421374057387,1.8156341549895297e-10,11248414.0,-6.963809774329377,3.3119678153974614e-12,-0.19886036896462156,-0.1263224246363348,GCST90200511,cancerType_celltype,CESC_Epi_CESC,tissue,Tumor,Adjacent,group2_higher,3.371538628406988e-10,6.2264994929472266e-12
24361,1057,0.24335487819987162,-0.016294473728875197,0.1472420543432235,-0.0963478460907936,1.2103113550238687,1.1071897915115638,0.25964935192874683,0.24358990043401707,,0.09675045027681274,3.900524424306284,7.434062736990692,7.434062736990692,2.030724938924933e-13,14499957.0,6.958645923944462,3.435639866168708e-12,0.21526185253629102,0.1262287531946642,GCST90200494,cancerType_celltype,CESC_Epi_CESC,tissue,Tumor,Adjacent,group1_higher,4.2780186889562344e-13,6.450106250121142e-12
24361,1057,0.28679677461693315,0.18288487304275766,0.2648437619209289,0.1709961295127868,0.5162692856002189,0.6434626458804408,0.10391190157417549,0.09384763240814209,,0.06227388191992463,0.6490901907118248,5.178422411311263,5.178422411311263,2.653121721013864e-07,14499840.0,6.958144953384731,3.4478761261495886e-12,0.19899965783964482,0.12621966566674092,GCST90200667,cancerType_celltype,CESC_Epi_CESC,tissue,Tumor,Adjacent,group1_higher,4.2769665701851026e-07,6.46417491051154e-12
24361,1057,0.10654378626765444,0.4564630477628631,-0.0487273633480072,0.2846778035163879,1.478708791861963,1.568283190476094,-0.3499192614952087,-0.3334051668643951,,-0.10251493954913975,2.0990412373913014,-7.118067526533354,-7.118067526533354,1.933212601599258e-12,11255774.0,-6.932295728862565,4.140714777667811e-12,-0.2360271389779367,-0.1257507647601357,GCST90199662,cancerType_celltype,CESC_Epi_CESC,tissue,Tumor,Adjacent,group2_higher,3.903657445895983e-12,7.752464618078609e-12
24361,1057,-0.36251392696604207,0.023351855556103477,-0.4718991816043854,-0.2189680188894271,1.845933350642405,1.6083886923203576,-0.38586578252214554,-0.2529311627149583,,-0.09104747162225346,-3.9563695243022217,-7.586021595792238,-7.586021595792238,6.664615076167941e-14,11261619.0,-6.907268609874315,4.940813538988968e-12,-0.210089249974565,-0.12529677671986617,GCST90200776,cancerType_celltype,CESC_Epi_CESC,tissue,Tumor,Adjacent,group2_higher,1.4373212577241935e-13,9.237762487849059e-12
24361,1057,-0.4255256643685889,-0.19758509724987308,-0.4633167088031769,-0.3037142157554626,0.7617762482285408,0.9078390062237043,-0.22794056711871583,-0.1596024930477143,,-0.10465488149593834,-1.1067680988113924,-8.041103628520016,-8.041103628520016,2.2463944525494586e-15,11262836.0,-6.9020576596931855,5.125539431797144e-12,-0.29664389076841,-0.1252022508952283,GCST90200516,cancerType_celltype,CESC_Epi_CESC,tissue,Tumor,Adjacent,group2_higher,5.128702912604543e-15,9.570014034985626e-12
24361,1057,0.15113723658555922,0.07917173456581479,0.1508114635944366,0.0501136146485805,0.42422167802587984,0.5968362088038632,0.07196550201974443,0.1006978489458561,,0.06529520021447043,0.9327931083292689,3.877913189045923,3.877913189045923,0.00011158429914285988,14477968.0,6.864493431312704,6.672861147392658e-12,0.16629170856452316,0.12452084164334032,GCST90199945,cancerType_celltype,CESC_Epi_CESC,tissue,Tumor,Adjacent,group1_higher,0.0001594228508718218,1.2442010593565244e-11
24361,1057,-0.23675209660348012,0.027446842651070575,-0.2811572551727295,-0.1480441391468048,0.8061265995657104,1.0434588003253835,-0.2641989392545507,-0.13311311602592468,,-0.1355400492599224,-3.108618629818189,-8.127211278026792,-8.127211278026792,1.162090738235453e-15,11275131.0,-6.849412932924917,7.415477379903697e-12,-0.3232342030773047,-0.12424728375149618,GCST90200458,cancerType_celltype,CESC_Epi_CESC,tissue,Tumor,Adjacent,group2_higher,2.6755568854981797e-15,1.379637392145166e-11
24361,1057,0.17806238814731604,0.026739694571956046,0.1413085311651229,-0.0804451406002044,0.8256362521377311,0.7949640416247755,0.15132269357536,0.2217536717653273,,0.07212652017655607,2.7352820683781576,6.048697211136453,6.048697211136453,1.96844367399265e-09,14474428.0,6.849335860531112,7.419473282776277e-12,0.18355837314944162,0.12424588567027728,GCST90199750,cancerType_celltype,CESC_Epi_CESC,tissue,Tumor,Adjacent,group1_higher,3.498029631880029e-09,1.379637392145166e-11
24361,1057,-0.23849799234232627,-0.5971055831488129,-0.3263697028160095,-0.685578465461731,1.8015721923001042,1.569031449371279,0.35860759080648663,0.35920876264572144,,0.09027178793579395,-1.3240053037715058,7.226801063237535,7.226801063237535,8.856821156114011e-13,14472072.5,6.839250081441835,7.960999781351245e-12,0.20005877168825995,0.12406293120853995,GCST90200211,cancerType_celltype,CESC_Epi_CESC,tissue,Tumor,Adjacent,group1_higher,1.8071627598478141e-12,1.478316444411682e-11
24361,1057,0.12614398262938603,-0.017993785662022786,0.0821192637085914,-0.1091507822275161,0.7815458605108946,0.7522081523440132,0.1441377682914088,0.19127004593610752,,0.08212366664358253,2.8094320014172034,6.0888768400440485,6.0888768400440485,1.5446603646444422e-09,14469867.5,6.82980871320076,8.502920130604683e-12,0.1847093932839536,0.12389166625921666,GCST90200544,cancerType_celltype,CESC_Epi_CESC,tissue,Tumor,Adjacent,group1_higher,2.7485275156793407e-09,1.57680001877744e-11
24361,1057,-0.08238476027777862,-0.252157711148755,-0.1301232725381851,-0.3600153625011444,0.94155211905927,0.9288088753212091,0.16977295087097638,0.22989208996295932,,0.07526910251456981,-1.6138651601960488,5.814430220385248,5.814430220385248,7.871220611194463e-09,14467600.0,6.820099732481195,9.097868497993756e-12,0.18041258636655244,0.12371554686121633,GCST90200188,cancerType_celltype,CESC_Epi_CESC,tissue,Tumor,Adjacent,group1_higher,1.3649457624755793e-08,1.684836244940963e-11
24361,1057,-0.2621231096263492,0.0833944904543292,-0.3752449154853821,-0.2080112993717193,0.9751878310874633,1.2968339738762313,-0.34551760008067844,-0.16723361611366278,,-0.17617393762564393,-1.6522087775460097,-8.557755413588406,-8.557755413588406,3.785621035378817e-17,11282745.0,-6.8168113103455275,9.30847782060076e-12,-0.34878452983076047,-0.12365589539587385,GCST90200390,cancerType_celltype,CESC_Epi_CESC,tissue,Tumor,Adjacent,group2_higher,9.263557398961091e-17,1.7215000365642926e-11
24361,1057,0.20790298977998856,-0.023872832354842558,0.152260422706604,-0.1156339049339294,1.1415231960669272,1.057634597901718,0.2317758221348311,0.2678943276405334,,0.09154748300433582,3.1224153652691844,6.951245837377454,6.951245837377454,6.015102450597409e-12,14466298.0,6.814524829329321,9.457724812444678e-12,0.20364065458407807,0.12361441898637793,GCST90201017,cancerType_celltype,CESC_Epi_CESC,tissue,Tumor,Adjacent,group1_higher,1.1847665664977266e-11,1.7467315608891727e-11
24361,1057,0.328095142894728,0.4557737298041205,0.3191452920436859,0.4817202985286712,0.6235404048856779,0.7074117377224949,-0.1276785869093925,-0.1625750064849853,,-0.0803924187634316,0.47420230373254274,-5.771435495741475,-5.771435495741475,1.0147623147056245e-08,11283815.0,-6.812229784713803,9.60988767910303e-12,-0.2035534412525433,-0.12357278723452425,GCST90200387,cancerType_celltype,CESC_Epi_CESC,tissue,Tumor,Adjacent,group2_higher,1.7507861201819826e-08,1.772432599001005e-11
24361,1057,0.17555288441137548,0.08407657819006208,0.1819767951965332,0.0728235989809036,0.5206581012605024,0.6938865085210805,0.0914763062213134,0.1091531962156296,,0.06996522979230516,1.0621208995668658,4.234642064724072,4.234642064724072,2.478925799946286e-05,14457408.0,6.776459630389109,1.2315827651162151e-11,0.17292757732504713,0.12292392220656678,GCST90200068,cancerType_celltype,CESC_Epi_CESC,tissue,Tumor,Adjacent,group1_higher,3.6685948592038956e-05,2.268442309261353e-11
24361,1057,0.0489208740551144,-0.2012259121924769,-0.0232714526355266,-0.2611539661884308,1.1688937836441646,1.079109849769203,0.2501467862475913,0.23788251355290418,,0.09416605562362935,-2.0402716893367985,7.351637930606009,7.351637930606009,3.6761881344626804e-13,14456367.0,6.772002276947403,1.2701402028004135e-11,0.21466278509990303,0.12284306650940313,GCST90200596,cancerType_celltype,CESC_Epi_CESC,tissue,Tumor,Adjacent,group1_higher,7.661535821517788e-13,2.3363037738420562e-11
24361,1057,0.27780996474130276,0.12874830979746485,0.2580969929695129,0.1564605385065078,0.6157439571085337,0.8383269894209526,0.1490616549438379,0.1016364544630051,,0.09326417491193488,1.1095388429598112,5.714335120434968,5.714335120434968,1.4152000381151775e-08,14455257.0,6.767249479329447,1.3125558574163097e-11,0.23790166667378332,0.12275685150090032,GCST90200262,cancerType_celltype,CESC_Epi_CESC,tissue,Tumor,Adjacent,group1_higher,2.4232633818479736e-08,2.4110695871407416e-11
24361,1057,0.17113368304198562,-0.015193723190993038,0.1333617269992828,-0.146901398897171,1.1053991812853239,1.102418605722374,0.18632740623297867,0.2802631258964538,,0.06043510037014128,3.4934898755176795,5.378927333017973,5.378927333017973,9.072179663835942e-08,14453929.0,6.761563249386522,1.365127148424915e-11,0.16858005611546145,0.12265370417541233,GCST90200160,cancerType_celltype,CESC_Epi_CESC,tissue,Tumor,Adjacent,group1_higher,1.509309591823681e-07,2.5042642036381686e-11
24361,1057,-0.38463028208216243,0.06517683779349136,-0.4240098893642425,-0.1740776002407074,1.5318469327960773,1.881023145291865,-0.4498071198756538,-0.2499322891235351,,-0.10058843360470246,-2.5610227038262474,-7.66495096193752,-7.66495096193752,3.869649759290242e-14,11298143.0,-6.750880159245258,1.4695311187926924e-11,-0.2905873699059698,-0.12245991458422789,GCST90199788,cancerType_celltype,CESC_Epi_CESC,tissue,Tumor,Adjacent,group2_higher,8.425451472703833e-14,2.692165208218333e-11
24361,1057,0.1702164790219851,0.019767709312016185,0.1374285966157913,-0.0406091250479221,0.7297815661346025,0.7688693275776957,0.15044876970996893,0.1780377216637134,,0.08208388185466327,3.1060886033048387,6.240898384969393,6.240898384969393,6.12391673382172e-10,14447725.0,6.734998964321834,1.6393351626791237e-11,0.20568643850608678,0.12217183218194227,GCST90200631,cancerType_celltype,CESC_Epi_CESC,tissue,Tumor,Adjacent,group1_higher,1.1114378839146479e-09,2.9992131902438196e-11
24361,1057,-0.13525625010277456,0.026361634076133286,-0.1619340479373932,-0.0130814909934997,0.7157009846564822,0.6841836579375824,-0.16161788417890785,-0.1488525569438935,,-0.0883779345916485,-2.3591394954638587,-7.503806713211059,-7.503806713211059,1.2313607035150173e-13,11302235.0,-6.733359035053656,1.6579272070252797e-11,-0.22622277138206134,-0.1221420841204498,GCST90200114,cancerType_celltype,CESC_Epi_CESC,tissue,Tumor,Adjacent,group2_higher,2.6224134982671386e-13,3.0291619077418984e-11
24361,1057,-0.23701825277374428,-0.43356708040720426,-0.3073378205299377,-0.5402700304985046,0.9961462616476994,1.127661400617194,0.19654882763346,0.23293220996856695,,0.09089803151716365,-0.871254296184008,5.573123530456019,5.573123530456019,3.127951228186408e-08,14439910.0,6.701536700011625,2.0624206478167557e-11,0.196165459303824,0.12156483191937473,GCST90200159,cancerType_celltype,CESC_Epi_CESC,tissue,Tumor,Adjacent,group1_higher,5.289575091833839e-08,3.763158424329636e-11
24361,1057,-0.1323431066654117,-0.18174814754796798,-0.1397563517093658,-0.2557656466960907,0.41122358151334415,0.5955900914713116,0.04940504088255626,0.11600929498672491,,0.04534341873568764,-0.4576546450438823,2.6694117878278245,2.6694117878278245,0.007710309280058618,14437968.0,6.693221445080028,2.18313582951409e-11,0.1174921912719896,0.12141399449008428,GCST90199818,cancerType_celltype,CESC_Epi_CESC,tissue,Tumor,Adjacent,group1_higher,0.009826147268367072,3.978093764208162e-11
24361,1057,-0.5519789311330018,-0.3939288946358393,-0.5986663103103638,-0.4655372500419616,0.6339735915907888,0.7198734116777541,-0.15805003649716248,-0.13312906026840216,,-0.10984884948767885,-0.48667690984591705,-7.020835562715773,-7.020835562715773,3.8012771665006196e-12,11313740.5,-6.684094789113654,2.32359775221992e-11,-0.247815495766283,-0.12124843837240507,GCST90200098,cancerType_celltype,CESC_Epi_CESC,tissue,Tumor,Adjacent,group2_higher,7.552683349767265e-12,4.2283895010357155e-11
24361,1057,0.1276994054888968,0.02639018869186754,0.1187917962670326,0.0051005221903324,0.5783489763987266,0.6915223564642257,0.10130921679702926,0.1136912740767002,,0.0729455645149734,2.2746348680437394,4.692324145911174,4.692324145911174,3.034271492512784e-06,14418175.0,6.608471784492444,3.883131402187704e-11,0.17362678473925852,0.11987664884747429,GCST90200626,cancerType_celltype,CESC_Epi_CESC,tissue,Tumor,Adjacent,group1_higher,4.66784655112294e-06,7.056944134909121e-11
24361,1057,-0.11877858265559559,0.028461706957426502,-0.122860200703144,-0.0103001585230231,0.49025343201785826,0.6833781880794949,-0.1472402896130221,-0.1125600421801209,,-0.1107230234078872,-2.0611420870830686,-6.9279920325157605,-6.9279920325157605,7.239472809090638e-12,11331467.0,-6.608193467514816,3.89043695185148e-11,-0.29461865283882605,-0.1198716002208502,GCST90200222,cancerType_celltype,CESC_Epi_CESC,tissue,Tumor,Adjacent,group2_higher,1.4238674514849263e-11,7.060806345370928e-11
24361,1057,-0.4466789048935931,-0.20720909459410894,-0.4993979036808014,-0.2210507541894912,1.0771659703646705,1.166998198982522,-0.23946981029948414,-0.27834714949131023,,-0.08245365012715775,-1.108147064461117,-6.551425075348915,-6.551425075348915,8.622228669230322e-11,11333424.5,-6.5998118446885545,4.116858733183858e-11,-0.22151655371042747,-0.11971955888828778,GCST90200309,cancerType_celltype,CESC_Epi_CESC,tissue,Tumor,Adjacent,group2_higher,1.6254630257483996e-10,7.461806453895744e-11
24361,1057,0.2572114892267063,0.03518233042548022,0.2162765115499496,0.0215787533670663,1.042146965090646,0.995510940106361,0.22202915880122606,0.1946977581828833,,0.08250232519686412,2.8699967372356454,7.084581457384091,7.084581457384091,2.4157055742916594e-12,14414516.0,6.5928046795518105,4.316004615712828e-11,0.21343807716583243,0.1195924500041301,GCST90199625,cancerType_celltype,CESC_Epi_CESC,tissue,Tumor,Adjacent,group1_higher,4.8635254028944336e-12,7.81236957664885e-11
24361,1057,0.07168395573121111,-0.009821030690434742,0.0846042111515998,-0.0031212910544127,0.4390633246011964,0.6587932554475608,0.08150498642164586,0.0877255022060125,,0.05937137467216561,2.8675771418007687,3.9840739914244985,3.9840739914244985,7.221374360667371e-05,14410903.5,6.577336678295172,4.789563650572747e-11,0.18098841719850814,0.1193118628706018,GCST90200956,cancerType_celltype,CESC_Epi_CESC,tissue,Tumor,Adjacent,group1_higher,0.00010415590744539287,8.658057368343044e-11
24361,1057,-0.18282857031986316,0.06823233009137934,-0.2373340278863906,-0.0048606637865304,1.33742337547705,1.125435141827088,-0.2510609004112425,-0.2324733640998602,,-0.0771792897130886,-1.4219508934494454,-7.040156711568508,-7.040156711568508,3.2388242512898256e-12,11340535.0,-6.569366108235869,5.053063347405467e-11,-0.18886858101063456,-0.11916727797120708,GCST90200751,cancerType_celltype,CESC_Epi_CESC,tissue,Tumor,Adjacent,group2_higher,6.453972886707649e-12,9.122285221872386e-11
24361,1057,-0.07701869198698928,-0.21638541518976645,-0.1199676617980003,-0.3173841834068298,0.8502212871221951,0.8370404718463011,0.13936672320277715,0.1974165216088295,,0.07121180135863381,-1.4903106704284395,5.295909487957644,5.295909487957644,1.4174670860323495e-07,14406525.0,6.5585888185021775,5.432013032324419e-11,0.16402304189047712,0.11897177961408834,GCST90200661,cancerType_celltype,CESC_Epi_CESC,tissue,Tumor,Adjacent,group1_higher,2.329824277867523e-07,9.793430903516115e-11
24361,1057,0.05854069897808313,-0.025750035430192806,0.0369384884834289,-0.0919492691755294,0.5733472101530332,0.6420595231005907,0.08429073440827593,0.1288877576589583,,0.06146721129902291,1.1848341726103668,4.196198200080461,4.196198200080461,2.92705168789103e-05,14403586.0,6.546004609313732,5.909760386663811e-11,0.14624534652511711,0.11874350401950284,GCST90200304,cancerType_celltype,CESC_Epi_CESC,tissue,Tumor,Adjacent,group1_higher,4.299107166589951e-05,1.0640691422751353e-10
24361,1057,0.08980566531716089,-0.10985050557293359,0.0263892598450183,-0.2111484557390213,1.11048720330055,1.0497529689323335,0.19965617089009446,0.2375377155840396,,0.07546015172357229,-0.2906602140611772,6.038617754689073,6.038617754689073,2.0893697842480423e-09,14403278.0,6.54468581501974,5.962144724309226e-11,0.18019021062255527,0.1187195812964228,GCST90200101,cancerType_celltype,CESC_Epi_CESC,tissue,Tumor,Adjacent,group1_higher,3.7080872603256275e-09,1.0720848626957093e-10
24361,1057,0.11261063903725016,0.4084332546800976,0.0784156322479248,0.3027284443378448,1.0957219205261883,1.302016844676761,-0.29582261564284745,-0.22431281208992,,-0.10766944961124734,1.8587479219917786,-7.27578792316418,-7.27578792316418,6.456068207876087e-13,11351286.0,-6.523332480136181,6.876318594874646e-11,-0.2676981736020465,-0.11833223512759061,GCST90200286,cancerType_celltype,CESC_Epi_CESC,tissue,Tumor,Adjacent,group2_higher,1.3252441215866124e-12,1.2348382404234708e-10
24361,1057,0.30508348486444015,0.01373428101329769,0.1715351045131683,-0.1138729602098465,1.3808492256032676,1.1296187704977645,0.29134920385114244,0.28540806472301483,,0.09863478929549603,4.473250480962186,8.126027696772615,8.126027696772615,1.0965769395982222e-15,14397343.0,6.519273334062467,7.06498189834791e-11,0.21245775725146973,0.11825860285005851,GCST90200357,cancerType_celltype,CESC_Epi_CESC,tissue,Tumor,Adjacent,group1_higher,2.5375795732977535e-15,1.2670487272958158e-10
24361,1057,-0.0692717874569334,0.09211710312737813,-0.0842550620436668,0.0102606527507305,0.5343999884234927,0.669518366359513,-0.16138889058431152,-0.0945157147943973,,-0.12166851324464145,0.4111959764433191,-7.730853895543946,-7.730853895543946,2.3755468233263207e-14,11352613.0,-6.5176505319929126,7.141815688252004e-11,-0.2984887285468824,-0.11822916547328133,GCST90199975,cancerType_celltype,CESC_Epi_CESC,tissue,Tumor,Adjacent,group2_higher,5.230808271718538e-14,1.279145175175753e-10
24361,1057,0.20100962291080415,-0.13127816211900964,0.121014691889286,-0.1819392293691635,1.5377683486297185,1.504271081141954,0.3322877850298138,0.3029539212584495,,0.0834200469597939,0.6146338101754347,7.024191975639851,7.024191975639851,3.671255264339043e-12,14391821.0,6.495629236363046,8.268824517772824e-11,0.21627812064025673,0.11782970260055148,GCST90200123,cancerType_celltype,CESC_Epi_CESC,tissue,Tumor,Adjacent,group1_higher,7.304994051524255e-12,1.4790561440583148e-10
24361,1057,-0.14584591050109405,0.0050511865068632675,-0.1824937909841537,-0.0570460371673107,0.6610112186452018,0.7254051923784982,-0.1508970970079573,-0.12544775381684298,,-0.0943375166816063,-4.85140311675249,-6.644342949146433,-6.644342949146433,4.719534828918595e-11,11360768.0,-6.4827324557997255,9.007742647404037e-11,-0.22731933737427967,-0.11759575700991132,GCST90199775,cancerType_celltype,CESC_Epi_CESC,tissue,Tumor,Adjacent,group2_higher,8.984254150581068e-11,1.609115757327877e-10
24361,1057,-0.5326064017371007,-0.33923569157879974,-0.5790194272994995,-0.3520574271678924,0.9421393856806398,1.0089619616557814,-0.19337071015830098,-0.2269620001316071,,-0.07698182698815717,-0.650780258947378,-6.116314939623758,-6.116314939623758,1.3148847878200798e-09,11363824.0,-6.469647276051549,9.823333873975946e-11,-0.20462295532829927,-0.11735839388740255,GCST90200183,cancerType_celltype,CESC_Epi_CESC,tissue,Tumor,Adjacent,group2_higher,2.345795766752315e-09,1.7525136217577507e-10
24361,1057,-0.02090650352869711,0.07140425883989007,-0.0003974627179559,0.1125823408365249,0.4258335003096183,0.686237056019358,-0.09231076236858718,-0.1129798035544808,,-0.06944703151266976,1.772009523014503,-4.337281943632281,-4.337281943632281,1.5760663608579666e-05,11366939.5,-6.4563073292238515,1.0729013865641586e-10,-0.2099240264591559,-0.11711640932975331,GCST90200641,cancerType_celltype,CESC_Epi_CESC,tissue,Tumor,Adjacent,group2_higher,2.3658352971909784e-05,1.911587699198625e-10
24361,1057,-0.3617282776187282,-0.1738004180136407,-0.4158298373222351,-0.2734123170375824,0.7849636755087853,0.8725119928975372,-0.1879278596050875,-0.1424175202846527,,-0.09225974605767884,-1.057470518586322,-6.882753513397645,-6.882753513397645,9.705914439565393e-12,11375747.0,-6.418595378755244,1.3753936014925015e-10,-0.23824686237458306,-0.11643232042219565,GCST90200650,cancerType_celltype,CESC_Epi_CESC,tissue,Tumor,Adjacent,group2_higher,1.8980145453554706e-11,2.4473387452144643e-10
24361,1057,-0.13319415365159115,0.11470531552059345,-0.1899537742137909,0.0197048336267471,1.2135749581893995,1.1261460722616499,-0.24789946917218458,-0.209658607840538,,-0.08530716640207958,-0.21559676474304393,-6.983024597390809,-6.983024597390809,4.8436213236953684e-12,11378533.0,-6.406666284914138,1.4873796584168564e-10,-0.2048640491750117,-0.11621592851797136,GCST90199650,cancerType_celltype,CESC_Epi_CESC,tissue,Tumor,Adjacent,group2_higher,9.560172922184667e-12,2.6431531609154825e-10
24361,1057,0.10768930556152297,0.2942872294120168,0.0629163458943367,0.2449597865343094,0.8372246964548602,0.86337915076546,-0.18659792385049384,-0.1820434406399727,,-0.08156013865556559,1.450341458030318,-6.8874599955199525,-6.8874599955199525,9.352743763493385e-12,11386101.0,-6.374261625118916,1.8384908742196325e-10,-0.22258353201309397,-0.11562811303657528,GCST90200474,cancerType_celltype,CESC_Epi_CESC,tissue,Tumor,Adjacent,group2_higher,1.8315789870174543e-11,3.262842528074687e-10
24361,1057,0.2187424488350155,0.09484634975178141,0.1624381393194198,0.0357831232249736,0.6738596388812244,0.743654716959436,0.1238960990832341,0.1266550160944462,,0.08546093238698421,1.2055604430339846,5.322579555698638,5.322579555698638,1.2327490700302608e-07,14361615.5,6.3662953368592685,1.9365109761734405e-10,0.1830338013243855,0.11548360580835948,GCST90200806,cancerType_celltype,CESC_Epi_CESC,tissue,Tumor,Adjacent,group1_higher,2.0351097675639946e-07,3.4323334987313386e-10
24361,1057,0.1761453657557578,-0.04409223501552901,0.1499398797750473,-0.1092965230345726,1.2137727265010652,1.196806566139098,0.2202376007712868,0.2592364028096199,,0.07594788206267378,1.9981454764729631,5.853615365269367,5.853615365269367,6.264933405482814e-09,14359932.5,6.359089068038529,2.029565343453995e-10,0.18155353058632992,0.11535288521438614,GCST90200296,cancerType_celltype,CESC_Epi_CESC,tissue,Tumor,Adjacent,group1_higher,1.0919570628737948e-08,3.592594237828305e-10
24361,1057,-0.5447994986948332,-0.3455354626759263,-0.5561231970787048,-0.3892849683761596,1.0095683596008225,0.8648884187702575,-0.19926403601890696,-0.16683822870254522,,-0.08722317040672728,-0.6568900651592036,-7.278365159792772,-7.278365159792772,6.138099159538663e-13,11400233.0,-6.313751232382912,2.72355383634061e-10,-0.19847562548204684,-0.11453046393732991,GCST90201010,cancerType_celltype,CESC_Epi_CESC,tissue,Tumor,Adjacent,group2_higher,1.2637808390409666e-12,4.814791023258433e-10
24361,1057,-0.26885514925156495,-0.03446671382980923,-0.2631776928901672,-0.1303787529468536,1.0687691489651863,0.9733460858265949,-0.23438843542175572,-0.13279893994331357,,-0.10050563488879699,-2.96351695307487,-7.631920404030676,-7.631920404030676,4.781502634010605e-14,11406472.0,-6.28703708433027,3.2358656250243337e-10,-0.22008826510734714,-0.11404587345260075,GCST90200021,cancerType_celltype,CESC_Epi_CESC,tissue,Tumor,Adjacent,group2_higher,1.0377688041650406e-13,5.713063273197107e-10
24361,1057,-0.8055336292013338,-0.5978343843706234,-0.8926944732666016,-0.6970419883728027,1.0462414218233582,1.0478558099839923,-0.20769924483071034,-0.19565248489379883,,-0.08604682125408376,-0.43019832138428343,-6.309218357234331,-6.309218357234331,3.9948174305540335e-10,11408449.0,-6.27857196641072,3.417015638445671e-10,-0.19850668850860986,-0.11389231753205109,GCST90200343,cancerType_celltype,CESC_Epi_CESC,tissue,Tumor,Adjacent,group2_higher,7.279326414231481e-10,6.025087083054915e-10
24361,1057,0.08967268959603206,0.32674542856433536,0.0064823203720152,0.2358069270849228,1.3584908041807997,1.2121422061290938,-0.2370727389683033,-0.22932460671290758,,-0.07078462149231321,1.865414803711755,-6.192164901714572,-6.192164901714572,8.191052449371422e-10,11410454.5,-6.269984817200979,3.610882768092611e-10,-0.1752556128837458,-0.11373654798290478,GCST90199714,cancerType_celltype,CESC_Epi_CESC,tissue,Tumor,Adjacent,group2_higher,1.476773080488525e-09,6.358699241486084e-10
24361,1057,-0.02185711775263051,0.09779509401546709,0.0012156998272985,0.0519231967628002,0.3629350596447931,0.52535016973515,-0.1196522117680976,-0.0507074969355017,,-0.11865899256507095,2.161607672033966,-7.329233702594612,-7.329233702594612,4.472968473223863e-13,11410933.0,-6.2679359760656705,3.6587017084849735e-10,-0.32242473041827663,-0.11369938232383392,GCST90200297,cancerType_celltype,CESC_Epi_CESC,tissue,Tumor,Adjacent,group2_higher,9.279537334861683e-13,6.434594101503251e-10
24361,1057,-0.028427702367098375,0.13698432208489328,-0.0652303025126457,0.0783004686236381,0.5895000736524384,0.7505600607838493,-0.16541202445199166,-0.1435307711362838,,-0.12101898577241468,2.2686011637748607,-7.071042841397125,-7.071042841397125,2.7107697493825032e-12,11411524.0,-6.265405432469083,3.718617283513371e-10,-0.27704533661927805,-0.11365347865714459,GCST90200263,cancerType_celltype,CESC_Epi_CESC,tissue,Tumor,Adjacent,group2_higher,5.449526797062466e-12,6.531540409057635e-10
24361,1057,-0.0897927284760827,0.0351019494394031,-0.104652814567089,-0.0151566993445158,0.45137538835397073,0.710701856640426,-0.12489467791548581,-0.0894961152225732,,-0.0888037240308377,-1.3550224308205552,-5.664041151952123,-5.664041151952123,1.889185072343381e-08,11413631.0,-6.2563836805942765,3.9401213025831356e-10,-0.2685685175805945,-0.11348982548334674,GCST90199836,cancerType_celltype,CESC_Epi_CESC,tissue,Tumor,Adjacent,group2_higher,3.214680716109898e-08,6.911692838379426e-10
24361,1057,0.04658709964082795,-0.1811612502415378,-0.0329426638782024,-0.3027860820293426,1.2376276180366177,1.1312958235842239,0.22774834988236575,0.2698434181511402,,0.0848852255329175,-1.9592489762466785,6.381509141652457,6.381509141652457,2.522850506858483e-10,14335683.0,6.255257567284797,3.9686582971834203e-10,0.18465200846129393,0.11346939796331412,GCST90199960,cancerType_celltype,CESC_Epi_CESC,tissue,Tumor,Adjacent,group1_higher,4.659410895458147e-10,6.952803674885606e-10
24361,1057,-0.7840114596196001,-0.5785232548579458,-0.8307463526725769,-0.668479859828949,0.9155932896677685,0.9519540817775217,-0.2054882047616543,-0.16226649284362793,,-0.09807538401023613,-0.43849913584417666,-6.881180673521157,-6.881180673521157,9.763343642753143e-12,11417322.0,-6.240579558064657,4.359585590498546e-10,-0.22405503263617735,-0.11320314116228003,GCST90200578,cancerType_celltype,CESC_Epi_CESC,tissue,Tumor,Adjacent,group2_higher,1.906509654021853e-11,7.627875686584748e-10
24361,1057,0.07041373837783178,0.2359955544705642,0.0448254719376564,0.2016610354185104,0.6844165373337806,0.792981412468218,-0.16558181609273243,-0.156835563480854,,-0.09463374432858226,1.7448164631215275,-6.681586407811614,-6.681586407811614,3.7094842554212615e-11,11418488.0,-6.235586979665975,4.500933368469682e-10,-0.24022856029862766,-0.11311257656776263,GCST90199825,cancerType_celltype,CESC_Epi_CESC,tissue,Tumor,Adjacent,group2_higher,7.101161573229185e-11,7.865092540030995e-10
24361,1057,0.10411467070160817,-0.013651989169318366,0.0994456708431243,-0.075006328523159,0.7167726244784489,0.7426080389744629,0.11776665987092653,0.1744519993662833,,0.06579484765945129,2.930898475715191,5.054699390918932,5.054699390918932,5.016205020355171e-07,14330477.0,6.232966518276614,4.5769027872049625e-10,0.16405136253922223,0.11306504180631793,GCST90200377,cancerType_celltype,CESC_Epi_CESC,tissue,Tumor,Adjacent,group1_higher,7.931655966060438e-07,7.987603711857061e-10
24361,1057,0.5071321301827664,0.3692097799872205,0.5432146787643433,0.3989381790161133,0.5600629272213253,0.8079235186898723,0.13792235019554588,0.14427649974822998,,0.08444656100098671,0.4579198498912601,5.493142358712175,5.493142358712175,4.902800547963896e-08,14330180.5,6.231696964678664,4.614156861858603e-10,0.24091162157183155,0.11304201230179434,GCST90199968,cancerType_celltype,CESC_Epi_CESC,tissue,Tumor,Adjacent,group1_higher,8.239848516491727e-08,8.042321998354572e-10
24361,1057,0.19236962709268243,0.33898981096590414,0.168517529964447,0.3130492568016052,0.5979139492592198,0.8961436898343427,-0.1466201838732217,-0.14453172683715823,,-0.09683281034665897,0.8173576346679827,-5.268649723459951,-5.268649723459951,1.653569878857382e-07,11419833.5,-6.229825818229073,4.669604326919989e-10,-0.23910669893184952,-0.11300806999664503,GCST90200244,cancerType_celltype,CESC_Epi_CESC,tissue,Tumor,Adjacent,group2_higher,2.689517595325312e-07,8.12857049500887e-10
24361,1057,-0.02366335891057219,-0.2612523631755106,-0.1211462989449501,-0.3888441324234009,1.257258357263465,1.1940388080560995,0.2375890042649384,0.2676978334784508,,0.08858957546553331,-3.4646618656912063,6.318921357008371,6.318921357008371,3.747778750686681e-10,14327221.5,6.2190271194971025,5.002536734771483e-10,0.18935995254016508,0.11281218328363218,GCST90199887,cancerType_celltype,CESC_Epi_CESC,tissue,Tumor,Adjacent,group1_higher,6.838316515643837e-10,8.697012205986648e-10
24361,1057,0.37881514859639603,0.22192492073243983,0.3070223033428192,0.0512018837034702,1.0888149234908309,1.2839779634803776,0.1568902278639562,0.255820419639349,,0.05515648713931566,0.7714196501683201,3.9120472240458724,3.9120472240458724,9.701120377219887e-05,14320188.0,6.188911081617914,6.058206490799166e-10,0.14293741486613165,0.11226588304732155,GCST90199626,cancerType_celltype,CESC_Epi_CESC,tissue,Tumor,Adjacent,group1_higher,0.00013947918854589352,1.0518898658546834e-09
24361,1057,-0.594403430801103,-0.3678793491545757,-0.6465626358985901,-0.4409562349319458,1.1921446146516623,1.0952067676324613,-0.22652408164652732,-0.2056064009666443,,-0.07066602281198087,-0.6922082552459492,-6.557974936977418,-6.557974936977418,8.174368453599046e-11,11430760.0,-6.183040734289789,6.287933379945848e-10,-0.19063279685453852,-0.11215939586114365,GCST90199624,cancerType_celltype,CESC_Epi_CESC,tissue,Tumor,Adjacent,group2_higher,1.5453071015610958e-10,1.0903884474384466e-09
24361,1057,-0.1409824800255707,0.061754210072147944,-0.1769294440746307,-0.0064424080774188,0.9784360396570451,1.0158945965480075,-0.20273669009771866,-0.1704870359972119,,-0.0785979938292384,-1.190893360225674,-6.361399778784271,-6.361399778784271,2.8864832852336896e-10,11431241.5,-6.180979047755513,6.370613617900056e-10,-0.20686976183679306,-0.11212199718853633,GCST90199803,cancerType_celltype,CESC_Epi_CESC,tissue,Tumor,Adjacent,group2_higher,5.302259727457573e-10,1.103322282236058e-09
24361,1057,-0.14892103563043263,-0.018845510092400264,-0.1561148166656494,-0.0672650337219238,0.5425686731373555,0.6398828394775361,-0.13007552553803237,-0.08884978294372559,,-0.0953502890149804,-2.982187939887557,-6.508219159044588,-6.508219159044588,1.143606294947139e-10,11434354.0,-6.167651946326783,6.931243664632439e-10,-0.23781681951673334,-0.11188024564442356,GCST90199835,cancerType_celltype,CESC_Epi_CESC,tissue,Tumor,Adjacent,group2_higher,2.1440651719572906e-10,1.1988940501134536e-09
24361,1057,-0.26766134164450756,-0.06665958330769166,-0.3265641927719116,-0.1548323929309845,0.9775064177837384,0.9765166809952248,-0.20100175833681588,-0.17173179984092712,,-0.07897082079060251,-2.0055083286261097,-6.551130323673659,-6.551130323673659,8.595406114748061e-11,11436515.0,-6.158398977270563,7.348502925612412e-10,-0.20563569381274507,-0.11171239822696888,GCST90200189,cancerType_celltype,CESC_Epi_CESC,tissue,Tumor,Adjacent,group2_higher,1.6226507665376189e-10,1.2694562088225245e-09
24361,1057,0.28579139553771926,0.17298436639989068,0.3127507269382477,0.1408012062311172,0.44666817676168385,0.7113718789422435,0.11280702913782858,0.1719495207071305,,0.07768542131675461,0.7243175301734668,5.11203462278018,5.11203462278018,3.760634093177032e-07,14302637.0,6.113761215858672,9.731118468101109e-10,0.24485764596837647,0.11090267618765148,GCST90200180,cancerType_celltype,CESC_Epi_CESC,tissue,Tumor,Adjacent,group1_higher,6.016131771127106e-07,1.6789258825344065e-09
24361,1057,-0.07482677884588801,-0.14210663597646755,-0.1055370643734932,-0.2362203598022461,0.5616020575721625,0.6414905082643036,0.06727985713057955,0.1306832954287529,,0.0455737301179021,-0.9253382215271578,3.3545059330175397,3.3545059330175397,0.0008215250835031881,14301981.5,6.110954496184284,9.903833279129708e-10,0.11904858510472814,0.11085176272992747,GCST90199897,cancerType_celltype,CESC_Epi_CESC,tissue,Tumor,Adjacent,group1_higher,0.0011086521671434114,1.706564444937268e-09
24361,1057,0.14708562656548727,0.2338459210765914,0.1345850527286529,0.2291793376207351,0.40826079613589444,0.5748492142660035,-0.08676029451110415,-0.09459428489208221,,-0.0710992931660119,0.6688983541745903,-4.854042208853271,-4.854042208853271,1.3838538347978506e-06,11447773.0,-6.110194476745376,9.951113970064533e-10,-0.2083024801386965,-0.11083797609568502,GCST90200916,cancerType_celltype,CESC_Epi_CESC,tissue,Tumor,Adjacent,group2_higher,2.168037674516633e-06,1.712546507727015e-09
24361,1057,-0.40852387463707746,-0.24747124105883989,-0.4456770718097687,-0.2524034678936004,0.893593468782652,0.8721248073488658,-0.16105263357823757,-0.19327360391616827,,-0.061422119088406064,-0.7231572179014755,-5.871566342690971,-5.871566342690971,5.637822473574131e-09,11448080.5,-6.108877823351213,1.0033544222082044e-09,-0.18040832620621847,-0.11081409220819438,GCST90199902,cancerType_celltype,CESC_Epi_CESC,tissue,Tumor,Adjacent,group2_higher,9.851733373694282e-09,1.7245549526731182e-09
24361,1057,0.4613998986259314,0.3029702206670026,0.4138261079788208,0.146516352891922,0.9913675497677767,1.1009485411211684,0.15842967795892882,0.2673097550868988,,0.06171159843167815,0.6068400556772864,4.598315298662232,4.598315298662232,4.73862086965716e-06,14301322.5,6.1081327902111004,1.0080482259311553e-09,0.15904030787980075,0.11080057742307758,GCST90200839,cancerType_celltype,CESC_Epi_CESC,tissue,Tumor,Adjacent,group1_higher,7.248866717556352e-06,1.7304404684435324e-09
24361,1057,0.07879751227512026,-0.017904300658238694,0.0624319501221179,-0.0422490127384662,0.5503579809627475,0.5915116735371694,0.09670181293335896,0.10468096286058409,,0.07395308810326702,2.1377816477051987,5.217973275152849,5.217973275152849,2.1487169199955516e-07,14299979.0,6.10238019237351,1.0450183714891225e-09,0.17514353235247937,0.11069622619431763,GCST90200911,cancerType_celltype,CESC_Epi_CESC,tissue,Tumor,Adjacent,group1_higher,3.4865490023261153e-07,1.7916478494838666e-09
24361,1057,0.5684775439128282,0.8430464576869563,0.5208329558372498,0.7260238528251648,1.3665694066216794,1.3091165586124969,-0.27456891377412806,-0.20519089698791504,,-0.08075849280111562,0.568507948610987,-6.663139891967432,-6.663139891967432,4.1351472774092925e-11,11450226.0,-6.099691222189658,1.0627497948655458e-09,-0.20126284706738842,-0.11064744869401155,GCST90200016,cancerType_celltype,CESC_Epi_CESC,tissue,Tumor,Adjacent,group2_higher,7.882805229522889e-11,1.819758756786104e-09
24361,1057,-0.18580093449243387,0.06203817322835338,-0.2645809650421142,-0.0740692242980003,1.1987231804090865,1.2383749972523863,-0.24783910772078727,-0.19051174074411392,,-0.08489521596033207,-1.5825141571535524,-6.378253561599435,-6.378253561599435,2.595147377250157e-10,11450478.0,-6.098612208676392,1.0699471289054004e-09,-0.2064643294210471,-0.11062787555694609,GCST90200484,cancerType_celltype,CESC_Epi_CESC,tissue,Tumor,Adjacent,group2_higher,4.78644908686328e-10,1.8297841112899133e-09
24361,1057,0.17973730073765223,-0.12686659587422067,0.0402809157967567,-0.1438576430082321,1.4263016851810895,1.1433350669553008,0.30660389661187293,0.1841385588049888,,0.1065012954098258,0.5025742403660919,8.438259876941054,8.438259876941054,9.133080359812446e-17,14297231.5,6.0906159478191535,1.1247859020299706e-09,0.2165784306435506,0.11048282463047832,GCST90199895,cancerType_celltype,CESC_Epi_CESC,tissue,Tumor,Adjacent,group1_higher,2.2032546071547544e-16,1.921156872765476e-09
24361,1057,-0.21951035222807705,-0.31713294919966584,-0.25129434466362,-0.4169142246246338,0.6954558694843277,0.7613079002137627,0.09762259697158879,0.1656198799610138,,0.05206678961675234,-0.5307967742916436,4.095473793390264,4.095473793390264,4.512322100850812e-05,14296888.5,6.089147290537208,1.1351516848540083e-09,0.13979724711308594,0.11045618341613928,GCST90200467,cancerType_celltype,CESC_Epi_CESC,tissue,Tumor,Adjacent,group1_higher,6.563815393233358e-05,1.9364352271038964e-09
24361,1057,0.624708556603386,0.837024847095736,0.5844365954399109,0.8055833578109741,0.9622883779172682,1.1709375034034697,-0.21231629049235,-0.22114676237106323,,-0.08452330268237858,0.42208657348281164,-5.810524300312606,-5.810524300312606,8.112540856787753e-09,11455675.0,-6.076359695865111,1.2294311383181078e-09,-0.21846615579410025,-0.11022421844055919,GCST90200648,cancerType_celltype,CESC_Epi_CESC,tissue,Tumor,Adjacent,group2_higher,1.4050054876495181e-08,2.094643301909476e-09
24361,1057,-0.09173955946947907,-0.20601610864693026,-0.1415127217769622,-0.3935763239860534,0.840226505612274,0.9589808164531071,0.1142765491774512,0.2520636022090912,,0.06630550198531623,-1.1671325400133332,3.81127009657025,3.81127009657025,0.00014572840438823465,14283543.5,6.032006674130332,1.6193823457936916e-09,0.1351597012004768,0.10941966153463412,GCST90200055,cancerType_celltype,CESC_Epi_CESC,tissue,Tumor,Adjacent,group1_higher,0.00020647382035464013,2.75557819889738e-09
24361,1057,0.09528820433206431,0.020644040689219382,0.0768964439630508,-0.02213148586452,0.4986672367416472,0.620045125398273,0.07464416364284493,0.0990279298275708,,0.05892806815376555,2.2065175131947283,3.8601119768787355,3.8601119768787355,0.0001198368860784892,14282778.0,6.028728956493804,1.6525635166234761e-09,0.1480176401462503,0.1093602042472388,GCST90200729,cancerType_celltype,CESC_Epi_CESC,tissue,Tumor,Adjacent,group1_higher,0.00017067677714209067,2.808533757054611e-09
24361,1057,-0.2909959719342209,-0.3919442207964407,-0.3111211955547333,-0.4622193872928619,0.6783206808306995,0.7552079912164996,0.10094824886221981,0.1510981917381286,,0.0651049449458309,-0.42964789314397955,4.271679952893685,4.271679952893685,2.1030187436489503e-05,14280628.0,6.0195230872337975,1.7493401981936534e-09,0.1480857199293376,0.10919321121275116,GCST90200825,cancerType_celltype,CESC_Epi_CESC,tissue,Tumor,Adjacent,group1_higher,3.1224559341977335e-05,2.9693034746425276e-09
24361,1057,-0.2137251998806846,-0.29932834192107777,-0.2320257723331451,-0.4205432832241058,0.6813109185881613,0.7343570739938758,0.08560314204039315,0.18851751089096067,,0.0525092924353257,-0.48596993340380784,3.7209846952647383,3.7209846952647383,0.00020815466585749203,14280223.0,6.017788958373192,1.768178399887177e-09,0.12522459457482313,0.1091617543853245,GCST90200851,cancerType_celltype,CESC_Epi_CESC,tissue,Tumor,Adjacent,group1_higher,0.00029098954827052475,2.997546217719182e-09
24361,1057,-0.4996586509389595,-0.3005855303443175,-0.5466088652610779,-0.4197190999984741,1.0066033530757286,0.925811437996029,-0.199073120594642,-0.12688976526260376,,-0.09252960449189711,-0.7331653589477505,-6.818138982957789,-6.818138982957789,1.476176685258434e-11,11473934.5,-5.998176175049723,1.995485979366406e-09,-0.19840329172995677,-0.10880598155068721,GCST90200233,cancerType_celltype,CESC_Epi_CESC,tissue,Tumor,Adjacent,group2_higher,2.8620609132393255e-11,3.378692409784362e-09
24361,1057,-0.15560707667350743,-0.0006154801309901283,-0.2024842202663421,-0.0915823876857757,0.6465372879714423,0.7382397647108438,-0.1549915965425173,-0.1109018325805664,,-0.10729606487037482,-7.979646830842867,-6.714897366608918,-6.714897366608918,2.976989664103956e-11,11476626.0,-5.9866517112760915,2.1420760585625176e-09,-0.23822694480214548,-0.10859692957286249,GCST90200071,cancerType_celltype,CESC_Epi_CESC,tissue,Tumor,Adjacent,group2_higher,5.723042189243571e-11,3.622394128809816e-09
24361,1057,0.3540737883893789,0.007680553757006703,0.188752070069313,-0.1286949068307876,1.794972900142783,1.6786852783767554,0.3463932346323722,0.3174469769001006,,0.08268675811872513,5.526512155116532,6.5482299183963635,6.5482299183963635,8.717353070436949e-11,14267570.0,5.963611347328141,2.46726421398061e-09,0.19348424184548138,0.10817898095957079,GCST90199651,cancerType_celltype,CESC_Epi_CESC,tissue,Tumor,Adjacent,group1_higher,1.6411259993101602e-10,4.167138938854488e-09
24361,1057,0.14811285813159683,0.05621533143537184,0.1319878101348877,-0.0184893794357776,0.5659267546189931,0.6959992554785338,0.09189752669622499,0.1504771895706653,,0.06626236725756765,1.397645416796427,4.232441350892884,4.232441350892884,2.5012987557178344e-05,14266380.0,5.958516005737719,2.5454205582738065e-09,0.16068236805426722,0.10808655225676134,GCST90200389,cancerType_celltype,CESC_Epi_CESC,tissue,Tumor,Adjacent,group1_higher,3.697690026077449e-05,4.293822055602968e-09
24361,1057,-0.48733548038788227,-0.6868760502529785,-0.5901988744735718,-0.8932282328605652,1.292438956094924,1.2394602269235722,0.19954056986509622,0.3030293583869934,,0.06194111134590289,-0.4951336604310256,5.114768231368754,5.114768231368754,3.6737437988429397e-07,14266209.0,5.957783817996574,2.5568477357075296e-09,0.15464891611075302,0.10807327048518123,GCST90199806,cancerType_celltype,CESC_Epi_CESC,tissue,Tumor,Adjacent,group1_higher,5.884033839979936e-07,4.307766951507247e-09
24361,1057,-0.6797257537191881,-0.3824634444380008,-0.7205786108970642,-0.5632227063179016,0.8435148946637219,1.2667090403093215,-0.2972623092811873,-0.1573559045791626,,-0.14231381314412497,-0.82962927289842,-7.5572219828132114,-7.5572219828132114,8.662131973183437e-14,11487907.5,-5.938346588458993,2.879146447569597e-09,-0.34356477600031504,-0.10772068216887598,GCST90199820,cancerType_celltype,CESC_Epi_CESC,tissue,Tumor,Adjacent,group2_higher,1.8563657043158846e-13,4.844785935848593e-09
24361,1057,-0.03341905152604957,0.09267793545006468,-0.0531284175813198,0.0291314721107482,0.4710782377109088,0.612713109928561,-0.12609698697611427,-0.082259889692068,,-0.11297045796997449,1.4715275151794718,-6.606719754505772,-6.606719754505772,6.082455950047209e-11,11491533.0,-5.922822923806829,3.1646567487537245e-09,-0.26391182991244677,-0.10743908531002277,GCST90200145,cancerType_celltype,CESC_Epi_CESC,tissue,Tumor,Adjacent,group2_higher,1.1546500640549228e-10,5.318652464304965e-09
24361,1057,0.13674969324841604,0.021333792672118976,0.1042361035943031,-0.0472871400415897,0.6734881477720221,0.7915234532034774,0.11541590057629707,0.1515232436358928,,0.07578524343692598,2.6802681508264508,4.667915733622266,4.667915733622266,3.40929975744108e-06,14252670.0,5.899812532456469,3.639195427123893e-09,0.17002902892929347,0.10702168039498283,GCST90199994,cancerType_celltype,CESC_Epi_CESC,tissue,Tumor,Adjacent,group1_higher,5.238867609235842e-06,6.108649466957964e-09
24361,1057,-0.0477801654468731,0.0786289550524708,-0.0797183290123939,0.0220950543880462,0.5565005256648845,0.6248694036404625,-0.1264091204993439,-0.10181338340044009,,-0.08774851753699132,0.718636986199329,-6.46665202964212,-6.46665202964212,1.4882487537517595e-10,11500701.0,-5.8835673845622996,4.015217088896845e-09,-0.22592925777324802,-0.10672699594249646,GCST90200005,cancerType_celltype,CESC_Epi_CESC,tissue,Tumor,Adjacent,group2_higher,2.774942614724553e-10,6.7315386127508e-09
24361,1057,0.26523195396728694,0.12646402397136625,0.2419597804546356,0.0873638018965721,0.7770850455024214,0.7072326897294683,0.1387679299959207,0.1545959785580635,,0.07157444805532322,1.068521596255081,6.218380838558461,6.218380838558461,6.979119892331385e-10,14237285.5,5.833939185651554,5.413455368791292e-09,0.17921535598712687,0.10582674814425097,GCST90199884,cancerType_celltype,CESC_Epi_CESC,tissue,Tumor,Adjacent,group1_higher,1.2649654804850636e-09,9.064545046268464e-09
24361,1057,0.17849910843423564,0.0034107209909962828,0.1412681639194488,-0.0202687941491603,0.9650253926575707,0.9632354854322754,0.17508838744323935,0.1615369580686091,,0.07066221821502373,5.709281471899034,5.785030368225047,5.785030368225047,9.33752237774962e-09,14234912.0,5.823776334168473,5.753329904385598e-09,0.18144793985325136,0.10564239560129463,GCST90200344,cancerType_celltype,CESC_Epi_CESC,tissue,Tumor,Adjacent,group1_higher,1.6130599494135273e-08,9.621826576291496e-09
24361,1057,-0.06167576555019052,0.04091623045038542,-0.0869268327951431,0.0025494899600744,0.49972187342726837,0.5616244867990515,-0.10259199600057595,-0.0894763227552175,,-0.08502621161647644,-0.5920186122802913,-5.83943574013485,-5.83943574013485,6.840286764436596e-09,11520374.5,-5.799329399033586,6.658148440137599e-09,-0.20418523259784233,-0.1051989320057568,GCST90200847,cancerType_celltype,CESC_Epi_CESC,tissue,Tumor,Adjacent,group2_higher,1.1907165849204445e-08,1.112139255380827e-08
24361,1057,0.030449442709328076,0.19135625563621006,-0.0090868063271045,0.1180722340941429,0.6498736245997074,0.8094032810734964,-0.16090681292688197,-0.1271590404212474,,-0.10268196533168877,2.651733496000426,-6.374652826818164,-6.374652826818164,2.6785975232076457e-10,11521336.0,-5.795212448664518,6.823561796302168e-09,-0.24480960656951095,-0.10512425116731039,GCST90200803,cancerType_celltype,CESC_Epi_CESC,tissue,Tumor,Adjacent,group2_higher,4.933687059637866e-10,1.1383738957600802e-08
24361,1057,-0.14040721269009315,0.008366066951907346,-0.1879590898752212,-0.0623256675899028,0.680857619288836,0.7709769636932424,-0.1487732796420005,-0.1256334222853184,,-0.0736024115194282,-4.0687615339698855,-6.170135500756863,-6.170135500756863,9.49469353147378e-10,11522028.0,-5.792249443302693,6.945077529135912e-09,-0.21723860700309036,-0.10507050271155915,GCST90200373,cancerType_celltype,CESC_Epi_CESC,tissue,Tumor,Adjacent,group2_higher,1.7072911983375675e-09,1.1572299110283923e-08
24361,1057,0.06292285530776245,0.21727973123840097,0.0036050551570951,0.1419627666473388,0.7847202487550814,0.8588357996819207,-0.15435687593063852,-0.1383577114902437,,-0.08361660195951078,1.7878812683070164,-5.740194855477896,-5.740194855477896,1.213052136973036e-08,11526026.0,-5.775130808278737,7.689430219560692e-09,-0.19589965654600663,-0.1047599733385911,GCST90200594,cancerType_celltype,CESC_Epi_CESC,tissue,Tumor,Adjacent,group2_higher,2.0876137155230406e-08,1.2796939425227378e-08
24361,1057,-0.11193460523915509,0.052762840989008575,-0.1382166892290115,-0.0382168777287006,0.725028786653887,0.8074064946448962,-0.16469744622816368,-0.0999998115003109,,-0.09161179126438203,-1.0850475158264838,-6.518755414418738,-6.518755414418738,1.0657097439758271e-10,11529298.5,-5.761118618905076,8.35593485126536e-09,-0.22603499632404536,-0.10450579440586538,GCST90200110,cancerType_celltype,CESC_Epi_CESC,tissue,Tumor,Adjacent,group2_higher,2.0007746295303753e-10,1.388919414911547e-08
24361,1057,0.03366876453466935,-0.12724222161099155,-0.000342132494552,-0.1529682725667953,0.9250650084567975,0.9392037061114545,0.1609109861456609,0.1526261400722433,,0.07554904295751289,-1.918063267362101,5.456450955394274,5.456450955394274,5.9484828090327274e-08,14219489.0,5.7577381380768085,8.524954076440646e-09,0.17383440006636333,0.1044444730101779,GCST90200323,cancerType_celltype,CESC_Epi_CESC,tissue,Tumor,Adjacent,group1_higher,9.972671671231988e-08,1.4152877474042144e-08
24361,1057,-0.3494070870210268,-0.5496919558140341,-0.4270204603672027,-0.6537324786186218,1.243948103774761,1.1632959301933814,0.20028486879300728,0.22671201825141912,,0.07344737637046954,-0.6537129919989713,5.4636217338008,5.4636217338008,5.702572029936138e-08,14218726.0,5.75447112493942,8.691456020512949e-09,0.16142872959005988,0.10438520990072964,GCST90200045,cancerType_celltype,CESC_Epi_CESC,tissue,Tumor,Adjacent,group1_higher,9.572174478821375e-08,1.4411745201896777e-08
24361,1057,0.4122908494608755,0.16239854524252617,0.3384801745414734,0.1032803580164909,1.3365420549030067,1.436486648546828,0.24989230421834935,0.2351998165249825,,0.08227534933997291,1.3441183484357224,5.552414441218126,5.552414441218126,3.50566638150272e-08,14217574.0,5.749538491735919,8.948851216869553e-09,0.18636955424760288,0.10429573270271586,GCST90199778,cancerType_celltype,CESC_Epi_CESC,tissue,Tumor,Adjacent,group1_higher,5.9209706046941856e-08,1.4820515441790037e-08
24361,1057,-0.44934964051696824,-0.6722323623740941,-0.4720948338508606,-0.6575575470924377,1.2104559724486557,1.395311425512985,0.22288272185712588,0.18546271324157715,,0.06614026164495156,-0.5811204855790457,5.110522951530944,5.110522951530944,3.771762389823718e-07,14213387.5,5.7316127374768415,9.948145018935508e-09,0.18288640064003814,0.1039705623125382,GCST90200038,cancerType_celltype,CESC_Epi_CESC,tissue,Tumor,Adjacent,group1_higher,6.026860653375999e-07,1.6455487452438226e-08
24361,1057,0.08822313324420888,0.016814025480335653,0.0863645374774932,0.0016193952178582,0.43951406230619045,0.5973484989125742,0.07140910776387323,0.084745142259635,,0.06665948188151073,2.3914223863260577,3.841684299123227,3.841684299123227,0.00012913746495171757,14209980.0,5.717022505149646,1.084081296030879e-08,0.15968673648121812,0.10370589777067019,GCST90200362,cancerType_celltype,CESC_Epi_CESC,tissue,Tumor,Adjacent,group1_higher,0.00018353948355494373,1.7910337048364706e-08
24361,1057,-0.26019254364924665,-0.00156074724082598,-0.3408845067024231,-0.1067772284150123,1.3018112233179204,1.3434458976872448,-0.25863179640842066,-0.2341072782874108,,-0.08417821136132018,-7.380280372685185,-6.135187234883583,-6.135187234883583,1.170285163497714e-09,11542817.0,-5.703235110257915,1.17556137147076e-08,-0.1984030620529639,-0.10345579657483306,GCST90200174,cancerType_celltype,CESC_Epi_CESC,tissue,Tumor,Adjacent,group2_higher,2.0960560812712015e-09,1.9398185827053824e-08
24361,1057,-0.34421730156130703,-0.20033449257736982,-0.3559096455574035,-0.2934536039829254,0.5734931766023725,0.6344496012500299,-0.1438828089839372,-0.062456041574478094,,-0.08639517888922767,-0.780905765440396,-7.245765312987375,-7.245765312987375,7.937314087869223e-13,11543214.0,-5.701535235794556,1.187346771323545e-08,-0.24972966423130222,-0.10342496111683697,GCST90200792,cancerType_celltype,CESC_Epi_CESC,tissue,Tumor,Adjacent,group2_higher,1.62197287882545e-12,1.9568967948174026e-08
24361,1057,-0.6508899256410556,-0.43835611489009774,-0.743266224861145,-0.5383709073066711,1.2951549739829398,1.1564169240253823,-0.2125338107509579,-0.20489531755447388,,-0.06462157261565814,-0.5703091368541792,-5.818932764819773,-5.818932764819773,7.632083628122765e-09,11546212.5,-5.688696259526589,1.2801453523097375e-08,-0.16479477480084587,-0.10319206408711101,GCST90200113,cancerType_celltype,CESC_Epi_CESC,tissue,Tumor,Adjacent,group2_higher,1.3251630554307425e-08,2.107292409659628e-08
24361,1057,-0.109356921788418,0.03538308977583369,-0.1466104388236999,-0.0054007107391953,0.7875641644228941,0.7756515933035155,-0.14474001156425167,-0.1412097280845046,,-0.07353308486420443,-1.627885018843697,-5.93549519109989,-5.93549519109989,3.871397903146269e-09,11547861.0,-5.681637712793975,1.3341269896334586e-08,-0.18389659881416764,-0.10306402314880747,GCST90199800,cancerType_celltype,CESC_Epi_CESC,tissue,Tumor,Adjacent,group2_higher,6.791139436278462e-09,2.193504326743551e-08
24361,1057,0.18593428619265012,0.07756102406483693,0.1756191104650497,0.070380263030529,0.5566363414944341,0.563125549029925,0.10837326212781319,0.1052388474345207,,0.07773224100103696,1.2613782284685164,6.1282756453271405,6.1282756453271405,1.2193680124261209e-09,14199850.0,5.67364787463622,1.3979007155117416e-08,0.19459832914648287,0.10291908872910804,GCST90199956,cancerType_celltype,CESC_Epi_CESC,tissue,Tumor,Adjacent,group1_higher,2.181100526163783e-09,2.2955887653524142e-08
24361,1057,-0.31148321198133067,-0.0986637751998727,-0.3550821542739868,-0.2576564848423004,0.7452307138667456,0.9538074408305464,-0.21281943678145798,-0.0974256694316864,,-0.11490196363460245,-1.658552022047678,-7.159970905741765,-7.159970905741765,1.4634553988669916e-12,11556252.5,-5.6457069909821875,1.645058603847937e-08,-0.28186328327013266,-0.10241224545164374,GCST90200756,cancerType_celltype,CESC_Epi_CESC,tissue,Tumor,Adjacent,group2_higher,2.9727119354034417e-12,2.6982128484292875e-08
24361,1057,1.024232848713207,0.7672560592444383,0.9197534322738647,0.7181320190429688,1.370373466042083,1.2985515381671335,0.2569767894687688,0.201621413230896,,0.0947794155834781,0.4167632233762928,6.283837982175356,6.283837982175356,4.664187854303325e-10,14191465.5,5.637747125422024,1.7229139731984207e-08,0.18792209537924723,0.10226785473019606,GCST90199621,cancerType_celltype,CESC_Epi_CESC,tissue,Tumor,Adjacent,group1_higher,8.487700995214194e-10,2.8225141171507782e-08
24361,1057,0.7039504865981147,0.4027589324474301,0.5931408405303955,0.2062781304121017,1.8202210472147677,1.4923649560836698,0.30119155415068455,0.3868627101182938,,0.06506848468317993,0.8055558401420637,6.359496903149411,6.359496903149411,2.874401107323249e-10,14187041.0,5.618802302844862,1.9228810435499874e-08,0.1666082116765149,0.10192419859945656,GCST90200658,cancerType_celltype,CESC_Epi_CESC,tissue,Tumor,Adjacent,group1_higher,5.287191240595935e-10,3.146322763935934e-08
24361,1057,0.431706922358108,0.3006180712839548,0.4004044234752655,0.2430090457201004,0.8124305508922024,0.805318479489776,0.1310888510741532,0.1573953777551651,,0.08084760783799337,0.5221190314471755,5.179076358348371,5.179076358348371,2.6304292215607987e-07,14181351.0,5.594438862803264,2.213391752010421e-08,0.16141237870359587,0.10148224959190588,GCST90199883,cancerType_celltype,CESC_Epi_CESC,tissue,Tumor,Adjacent,group1_higher,4.247956195482664e-07,3.617329685839573e-08
24361,1057,0.03106513986123605,0.21099733591609254,-0.0616645961999893,0.1264575570821762,1.0719204956515216,1.0645923568230962,-0.1799321960548565,-0.1881221532821655,,-0.07493962238641194,2.763816725937601,-5.3779305576297896,-5.3779305576297896,9.120100993560789e-08,11570057.0,-5.586598887633463,2.315625706744799e-08,-0.1679071840134102,-0.10134003366346567,GCST90200499,cancerType_celltype,CESC_Epi_CESC,tissue,Tumor,Adjacent,group2_higher,1.5140922843146597e-07,3.779877650650492e-08
24361,1057,-0.04332640385554795,-0.07976922627406333,-0.0435280166566371,-0.1274783164262771,0.4573262893917702,0.6612079001715139,0.036442822418515375,0.08395029976964,,0.028774745386847093,-0.8805705762011644,1.773578301837281,1.773578301837281,0.07640948510412936,14178515.0,5.582295678979367,2.373673102760029e-08,0.07794075998197376,0.10126197412874016,GCST90200331,cancerType_celltype,CESC_Epi_CESC,tissue,Tumor,Adjacent,group1_higher,0.08924261199394029,3.869995740504688e-08
24361,1057,-0.0504714908275821,0.22406785537170681,-0.1492764204740524,0.0483017973601818,1.652539732708666,1.4726822962032815,-0.27453934619928894,-0.1975782178342342,,-0.06505121699016024,2.1503729434452046,-5.901767169408981,-5.901767169408981,4.7002062446206214e-09,11575072.0,-5.5651256623595415,2.619667790096311e-08,-0.16684672660240427,-0.10095051270162614,GCST90200479,cancerType_celltype,CESC_Epi_CESC,tissue,Tumor,Adjacent,group2_higher,8.223852517866377e-09,4.265958420431628e-08
24361,1057,0.13327043991547732,0.2576957997563813,0.1252579689025879,0.2407399415969848,0.5640077455816636,0.711479527632329,-0.12442535984090397,-0.11548197269439692,,-0.08246528798740935,0.9513069771587509,-5.609736781647896,-5.609736781647896,2.5550151413295465e-08,11581791.0,-5.5363562504721076,3.088328579707865e-08,-0.2179482676435386,-0.1004286400510579,GCST90199877,cancerType_celltype,CESC_Epi_CESC,tissue,Tumor,Adjacent,group2_higher,4.3314497980499654e-08,5.0231406374007397e-08
24361,1057,-0.27189839084292117,-0.34651324265175193,-0.2688580155372619,-0.3784049153327942,0.6091394873124362,0.6348454126629427,0.07461485180883076,0.10954689979553228,,0.04882332180318716,-0.34984173297682725,3.74704850722843,3.74704850722843,0.00018787161670023023,14165276.5,5.525611074235835,3.283447726732355e-08,0.12227350752129368,0.10023372422778043,GCST90200425,cancerType_celltype,CESC_Epi_CESC,tissue,Tumor,Adjacent,group1_higher,0.0002634454872041294,5.3341349839525625e-08
24361,1057,-0.031243928986131642,-0.13388655783400175,-0.0770472139120101,-0.2759839594364166,0.8698802650359247,0.9895108768353376,0.10264262884787011,0.19893674552440654,,0.04263585674026529,-2.0993279310518163,3.3172847533049095,3.3172847533049095,0.0009379600330533615,14164349.5,5.521641845954893,3.358506214034256e-08,0.11728221545759586,0.10016172304500381,GCST90200410,cancerType_celltype,CESC_Epi_CESC,tissue,Tumor,Adjacent,group1_higher,0.0012620330948190837,5.4495761544389174e-08
24361,1057,-0.127855120497608,0.12020967273696263,-0.1354994028806686,0.0651158839464187,1.4935802319305684,1.20421551006069,-0.24806479323457065,-0.20061528682708732,,-0.06793610685670483,-0.08895623492462092,-6.484370078003023,-6.484370078003023,1.2984464880825863e-10,11587758.0,-5.510806751925848,3.571970642274048e-08,-0.16730811214977584,-0.09996517612697098,GCST90200781,cancerType_celltype,CESC_Epi_CESC,tissue,Tumor,Adjacent,group2_higher,2.4276852719568794e-10,5.7890558685131126e-08
24361,1057,-0.12714826142994773,0.0662782572404448,-0.179151639342308,-0.0232169292867183,1.180329568394093,0.9935584817487112,-0.1934265186703925,-0.15593471005558968,,-0.06698764679688238,-0.9398937417132405,-6.144043694644792,-6.144043694644792,1.09557950963801e-09,11589604.0,-5.5029025497612105,3.735934821289893e-08,-0.16487626657906512,-0.09982179513084821,GCST90199649,cancerType_celltype,CESC_Epi_CESC,tissue,Tumor,Adjacent,group2_higher,1.9648353574165892e-09,6.044830338460948e-08
24361,1057,0.034325924784700035,-0.1656109516463941,0.0088881812989711,-0.2356937825679779,1.2737994833397324,1.2028573607334878,0.19993687643109415,0.244581963866949,,0.062148136008484345,-2.2703942681706812,5.277148809104456,5.277148809104456,1.564645310208362e-07,14159943.0,5.502774095771536,3.738658822687146e-08,0.15731531479801714,0.09981946499548333,GCST90200501,cancerType_celltype,CESC_Epi_CESC,tissue,Tumor,Adjacent,group1_higher,2.5550971206895426e-07,6.044830338460948e-08
24361,1057,0.3147514400582624,0.21154778021907164,0.3468031287193298,0.2378195524215698,0.4975948205489394,0.7745882482591119,0.10320365983919075,0.10898357629775998,,0.07162399678320863,0.5732271950034749,4.293465019400847,4.293465019400847,1.915074723723168e-05,14157884.0,5.493957870280209,3.9302905452774504e-08,0.20153206742320437,0.09965954003826938,GCST90200454,cancerType_celltype,CESC_Epi_CESC,tissue,Tumor,Adjacent,group1_higher,2.8465069230476315e-05,6.34713982608195e-08
24361,1057,-0.2346666154616702,-0.4340094331207356,-0.2771821320056915,-0.4076793193817138,0.9950542574481085,1.064057399649486,0.1993428176590654,0.13049718737602234,,0.07918995049514607,-0.887110962669057,5.978415090106232,5.978415090106232,3.012068787311714e-09,14152872.0,5.472497490405255,4.4374240813541795e-08,0.1997390515580519,0.09927025208996643,GCST90200586,cancerType_celltype,CESC_Epi_CESC,tissue,Tumor,Adjacent,group1_higher,5.297354525297892e-09,7.157643814065973e-08
24361,1057,-0.08046311544936807,0.0111201997629284,-0.0646311864256858,0.0159451551735401,0.38239989619378706,0.5729211438891112,-0.09158331521229647,-0.0805763415992259,,-0.0669002403710547,-2.8550330930770778,-5.14756286228187,-5.14756286228187,3.125446479307724e-07,11599078.5,-5.462334638922173,4.6991885906587425e-08,-0.23353373447124742,-0.09908589954701008,GCST90200664,cancerType_celltype,CESC_Epi_CESC,tissue,Tumor,Adjacent,group2_higher,5.017648470313814e-07,7.570914951616862e-08
24361,1057,-0.15768832067210573,-0.04397736988387219,-0.1576011031866073,-0.114308163523674,0.4119539895056818,0.49216106990919245,-0.11371095078823354,-0.04329293966293331,,-0.11334407312650277,-1.842218923667068,-7.399966623408987,-7.399966623408987,2.6654955923421674e-13,11603758.0,-5.4422979574327774,5.2598233956650376e-08,-0.2736101305581014,-0.09872243726566843,GCST90200119,cancerType_celltype,CESC_Epi_CESC,tissue,Tumor,Adjacent,group2_higher,5.597951452022148e-13,8.464155003886005e-08
24361,1057,0.38993464429421715,0.2847050342830335,0.4009073972702026,0.2687552273273468,0.5964666521417231,0.7814424225896416,0.10522961001118364,0.13215216994285578,,0.06542753513807675,0.4537629675272028,4.323718982146658,4.323718982146658,1.6720422026105874e-05,14143481.5,5.4322892507373055,5.563631044859302e-08,0.173853135958847,0.09854088088515,GCST90200599,cancerType_celltype,CESC_Epi_CESC,tissue,Tumor,Adjacent,group1_higher,2.496159389001348e-05,8.94248716290475e-08
24361,1057,-0.056901667943611386,0.04866638632215667,-0.1014596447348594,0.0135233476758003,0.7136074288322911,0.74514573492247,-0.10556805426576805,-0.11498299241065969,,-0.0656035234136566,-0.22554099956481005,-4.517052775460421,-4.517052775460421,6.921769250062939e-06,11606160.0,-5.432013074659506,5.572250753905261e-08,-0.14765888260796128,-0.09853587109411543,GCST90200265,cancerType_celltype,CESC_Epi_CESC,tissue,Tumor,Adjacent,group2_higher,1.0494295314611554e-05,8.945792435303735e-08
24361,1057,0.1718414336249755,0.07840157650754648,0.1376940160989761,0.0245915427803993,0.6547392938897637,0.7479585508933394,0.09343985711742903,0.11310247331857681,,0.06296419759654255,1.1321133591134007,3.9956726773378626,3.9956726773378626,6.869772365020582e-05,14133095.0,5.387816338612164,7.13197249886451e-08,0.14181725679494708,0.09773414918621759,GCST90200184,cancerType_celltype,CESC_Epi_CESC,tissue,Tumor,Adjacent,group1_higher,9.92948009917609e-05,1.1436327665826268e-07
24361,1057,-0.22329448616398798,-0.12355549655546978,-0.2535792589187622,-0.1416816115379333,0.4592930204266315,0.6069473779304556,-0.0997389896085182,-0.11189764738082891,,-0.09135331767427199,-0.8537832188668086,-5.27742537635816,-5.27742537635816,1.5750947487693047e-07,11622128.5,-5.3636391568555934,8.156272926894163e-08,-0.21386712473519703,-0.09729557887494622,GCST90200154,cancerType_celltype,CESC_Epi_CESC,tissue,Tumor,Adjacent,group2_higher,2.5680073475748355e-07,1.306345475835105e-07
24361,1057,-0.19937749429346022,-0.07992518222084588,-0.2244733721017837,-0.1046724691987037,0.7386989188830686,0.7127876553169084,-0.11945231207261434,-0.11980090290308,,-0.06585087929741276,-1.3187697199022637,-5.325756778321174,-5.325756778321174,1.2072773374753046e-07,11623007.0,-5.3598775958579585,8.327934478865941e-08,-0.16193839385675649,-0.0972273447443428,GCST90200640,cancerType_celltype,CESC_Epi_CESC,tissue,Tumor,Adjacent,group2_higher,1.9969890909937378e-07,1.3322740251988588e-07
24361,1057,0.20021532116065047,0.27247498519508284,0.2030809372663498,0.3376690149307251,0.4496028684287187,0.6054023317315123,-0.07225966403443237,-0.1345880776643753,,-0.05805672533159159,0.4445694988029111,-3.8349007192342497,-3.8349007192342497,0.00013269934045416306,11623266.0,-5.358768609747102,8.379208099796146e-08,-0.15807086500659054,-0.09720722790902547,GCST90200624,cancerType_celltype,CESC_Epi_CESC,tissue,Tumor,Adjacent,group2_higher,0.00018840541774898357,1.3389051160635578e-07
24361,1057,-0.7490510586737712,-1.0469515647573635,-0.8360180258750916,-1.0312941074371338,1.4782358223751997,1.5327828747817591,0.2979005060835923,0.19527608156204224,,0.08888984516356109,-0.4830581845078841,6.194940609836502,6.194940609836502,8.122271692045873e-10,14125772.0,5.356460719732617,8.486894494949159e-08,0.2012104129952324,0.09716536314363533,GCST90199742,cancerType_celltype,CESC_Epi_CESC,tissue,Tumor,Adjacent,group1_higher,1.4682568058698309e-09,1.3545242618987943e-07
24361,1057,0.2025382731553331,-0.029877391308013,0.1639693230390548,-0.2086343318223953,1.6361115006952485,1.5026072825175092,0.2324156644633461,0.3726036548614501,,0.054174855179997754,2.7610273005926396,4.904162096791034,4.904162096791034,1.0709301182630935e-06,14116370.0,5.316203239368626,1.0595604632333017e-07,0.1425179049077403,0.09643509872026246,GCST90200820,cancerType_celltype,CESC_Epi_CESC,tissue,Tumor,Adjacent,group1_higher,1.6894418416580977e-06,1.6891004811543745e-07
24361,1057,0.4103691560642055,0.3260526656065345,0.3373956680297851,0.017648659646511,1.1214990970642704,1.4750669603872348,0.08431649045767098,0.3197470083832741,,0.03460769058914903,0.331816376489135,1.8355197950546125,1.8355197950546125,0.06669620946081274,14110589.0,5.291450155558349,1.2135168615588939e-07,0.07406721749377186,0.09598608163543809,GCST90200722,cancerType_celltype,CESC_Epi_CESC,tissue,Tumor,Adjacent,group1_higher,0.07830054564607043,1.9322704232532387e-07
24361,1057,0.0033858984897117065,-0.048277453615292384,0.0164907369762659,-0.0486738979816436,0.3640261927084227,0.5178595286566264,0.05166335210500409,0.0651646349579095,,0.045165117466001554,-3.8333428136209076,3.2092364069776913,3.2092364069776913,0.0013692861701537253,14105109.0,5.267985893444472,1.3793031162775587e-07,0.13899669282044405,0.09556044357544202,GCST90199627,cancerType_celltype,CESC_Epi_CESC,tissue,Tumor,Adjacent,group1_higher,0.0018261614969858392,2.1936874533095828e-07
24361,1057,-0.1358138932189261,0.04155548233826325,-0.1773846745491027,-0.1059363484382629,0.6147064676850195,0.8139866476779395,-0.17736937555718935,-0.0714483261108398,,-0.11736103533642414,-1.7084962479538004,-6.998275337831036,-6.998275337831036,4.47699186888374e-12,11648570.0,-5.250421951256311,1.517529570740921e-07,-0.28413002752352373,-0.0952418363998756,GCST90200651,cancerType_celltype,CESC_Epi_CESC,tissue,Tumor,Adjacent,group2_higher,8.85651657081065e-12,2.4107142248483393e-07
24361,1057,0.1356506637663406,0.08638663952372785,0.1171158030629158,0.0152667155489325,0.4730577604102837,0.5885983763920233,0.04926402424261275,0.1018490875139833,,0.04379718339451279,0.6510099331257384,2.683775274261656,2.683775274261656,0.0073873237517980365,14098473.0,5.239571870928471,1.6095142233640614e-07,0.1029735747248538,0.09504501763271689,GCST90200198,cancerType_celltype,CESC_Epi_CESC,tissue,Tumor,Adjacent,group1_higher,0.009427829844289066,2.5538624987720787e-07
24361,1057,0.30447553595386323,0.4752477191431781,0.2665385007858276,0.3927782773971557,0.7571515245731529,0.893559934564342,-0.17077218318931486,-0.12623977661132812,,-0.09652566040096738,0.6423516854313003,-6.118844388012722,-6.118844388012722,1.3000720999163374e-09,11651360.0,-5.238475730216582,1.6191014074196998e-07,-0.22372742682310506,-0.09502513381093602,GCST90200617,cancerType_celltype,CESC_Epi_CESC,tissue,Tumor,Adjacent,group2_higher,2.32240926892001e-09,2.5660874631547104e-07
24361,1057,-0.12355228613913746,0.012796931077081661,-0.1423172354698181,-0.0248439386487007,0.6942706754353458,0.7926257976880149,-0.13634921721621912,-0.11747329682111739,,-0.08044831419554785,-3.271150875398119,-5.501878943484054,-5.501878943484054,4.648240098602367e-08,11653596.0,-5.228901626186175,1.705220373350664e-07,-0.1951657397547161,-0.09485146105506903,GCST90200841,cancerType_celltype,CESC_Epi_CESC,tissue,Tumor,Adjacent,group2_higher,7.831336532008685e-08,2.699437129938391e-07
24361,1057,0.6631413041244993,0.41065412268242796,0.5717636942863464,0.3944427967071533,1.3930146003027273,1.1957689147431008,0.2524871814420714,0.17732089757919312,,0.07932243074413016,0.6913911974323799,6.671221992863851,6.671221992863851,3.885564115147931e-11,14095400.0,5.226413900586146,1.728312421264082e-07,0.18225139500985246,0.09480633410016792,GCST90200618,cancerType_celltype,CESC_Epi_CESC,tissue,Tumor,Adjacent,group1_higher,7.417400404687157e-11,2.732818828518496e-07
24361,1057,0.11130198046534989,-0.0476830517511917,0.0420850552618503,-0.1318340301513672,0.9830313625660625,0.9286288465712191,0.1589850322165416,0.1739190854132175,,0.06418606007783507,1.2229134925612217,5.435533026931827,5.435533026931827,6.654348782337052e-08,14093416.0,5.217918810069005,1.8094683346238368e-07,0.1620921613244534,0.0946522344813665,GCST90200461,cancerType_celltype,CESC_Epi_CESC,tissue,Tumor,Adjacent,group1_higher,1.1142355516370274e-07,2.857827740547265e-07
24361,1057,0.12846704899308162,0.29878092166633313,0.04467299208045,0.1973272264003753,1.1224141107360102,1.040432167833906,-0.17031387267325152,-0.1526542343199253,,-0.06861128561591869,1.2176832634191952,-5.19250002088693,-5.19250002088693,2.446810223910618e-07,11659786.0,-5.2023972863166685,1.9673636321412878e-07,-0.15218451786663395,-0.0943706764581026,GCST90200615,cancerType_celltype,CESC_Epi_CESC,tissue,Tumor,Adjacent,group2_higher,3.960810374335122e-07,3.103607211352518e-07
24361,1057,-0.5877765037672049,-0.4350114504660435,-0.6385563015937805,-0.4809216260910034,0.895135357761434,0.9144082348936017,-0.1527650533011614,-0.1576346755027771,,-0.06740734767126522,-0.43421345038468406,-5.322004206947842,-5.322004206947842,1.233982000886627e-07,11661348.0,-5.1957091152542825,2.0394328707123576e-07,-0.17050729675111717,-0.09424935407676793,GCST90200720,cancerType_celltype,CESC_Epi_CESC,tissue,Tumor,Adjacent,group2_higher,2.0351097675639946e-07,3.213580350035773e-07
24361,1057,0.3599725964802671,0.22499030744936668,0.3542965650558471,0.2614704072475433,0.5973493143526174,0.8877744693864394,0.1349822890309004,0.09282615780830383,,0.08791667442028131,0.6780218270103027,4.895390418596955,4.895390418596955,1.1280147758094573e-06,14082273.0,5.170206716504238,2.3383786655673794e-07,0.2204995944224583,0.09378674453564817,GCST90200218,cancerType_celltype,CESC_Epi_CESC,tissue,Tumor,Adjacent,group1_higher,1.7753858422959472e-06,3.6803812022729077e-07
24361,1057,-0.139146609144492,-0.1922396987933633,-0.162209004163742,-0.2773335874080658,0.5349801161743766,0.6576989314140166,0.0530930896488713,0.11512458324432379,,0.04225497613713992,-0.4662976774990149,2.587630887100071,2.587630887100071,0.009789155157125513,14082100.5,5.169468106063609,2.3476388306933388e-07,0.09820526419070395,0.0937733462572996,GCST90199723,cancerType_celltype,CESC_Epi_CESC,tissue,Tumor,Adjacent,group1_higher,0.012388689395693661,3.6906940325663443e-07
24361,1057,-0.3314584537429089,-0.1777887038393737,-0.3573809266090393,-0.2637121379375458,0.7809255254190076,0.8472568923991375,-0.15366974990353519,-0.09366878867149353,,-0.08147124957515481,-0.8986606241686305,-5.790958682036494,-5.790958682036494,9.051929002038889e-09,11668319.0,-5.1658606898535835,2.3933774690306974e-07,-0.19605902889941956,-0.09370790828913422,GCST90200415,cancerType_celltype,CESC_Epi_CESC,tissue,Tumor,Adjacent,group2_higher,1.56570802408363e-08,3.758264389733687e-07
24361,1057,0.14497023124589883,-0.0031730964734807588,0.1284257769584655,-0.0252591725438833,0.9901607294205621,0.8891438282624516,0.1481433277193796,0.1536849495023488,,0.05732205399572675,5.513276845307302,5.27675360891863,5.27675360891863,1.5653016109873573e-07,14080681.0,5.163390091452177,2.4251977726140455e-07,0.15022093304593154,0.09366309201894851,GCST90200961,cancerType_celltype,CESC_Epi_CESC,tissue,Tumor,Adjacent,group1_higher,2.5550971206895426e-07,3.803848750371627e-07
24361,1057,0.06742208672548991,0.002359516963732976,0.076473131775856,-0.0285946279764175,0.49537399805076116,0.604070898140901,0.06506256976175694,0.1050677597522735,,0.052917109222100744,4.8360679215345845,3.451718210345046,3.451718210345046,0.0005778358934972863,14079913.0,5.16010166931651,2.4681859224125485e-07,0.13003136374841034,0.09360344055360592,GCST90200281,cancerType_celltype,CESC_Epi_CESC,tissue,Tumor,Adjacent,group1_higher,0.0007875903228368013,3.866824611779659e-07
24361,1057,-0.08173549827088288,0.05515022905056198,-0.1283339411020279,0.0103096049278974,0.8045190729701783,0.8037667840234912,-0.13688572732144486,-0.1386435460299253,,-0.06273413055032484,-0.5675874004237097,-5.420327956627623,-5.420327956627623,7.244363717519976e-08,11670166.0,-5.1579522058892895,2.4966817890018955e-07,-0.17015263891949955,-0.09356444962183263,GCST90200303,cancerType_celltype,CESC_Epi_CESC,tissue,Tumor,Adjacent,group2_higher,1.2085762236205297e-07,3.906977357531095e-07
24361,1057,0.4320322514042378,0.3234968514156562,0.4060908854007721,0.2161738723516464,0.7500121669468091,0.937073764027816,0.10853539998858158,0.1899170130491257,,0.05126196724643496,0.4173862233057164,3.7143416239225004,3.7143416239225004,0.00021381877374372686,14076813.0,5.146828090383477,2.6493092792365995e-07,0.14305383242965503,0.09336265989922854,GCST90200569,cancerType_celltype,CESC_Epi_CESC,tissue,Tumor,Adjacent,group1_higher,0.00029829579182466705,4.1410648481645474e-07
24361,1057,0.17981190138219535,0.09488075663769123,0.1425833851099014,-0.0637540444731712,0.9594304718177302,1.0762158468397587,0.08493114474450413,0.2063374295830726,,0.03450008004765332,0.9222939111309271,2.522570765879219,2.522570765879219,0.011786480873754257,14074747.5,5.137984033194387,2.7770463360677843e-07,0.08805130189309449,0.09320223007935247,GCST90200382,cancerType_celltype,CESC_Epi_CESC,tissue,Tumor,Adjacent,group1_higher,0.014820086190892113,4.3357550470336657e-07
24361,1057,0.16876904109492027,0.32061089960771877,0.0985307320952415,0.3417679071426391,1.1000745212230258,1.0212159212695915,-0.1518418585127985,-0.2432371750473976,,-0.05948181917046484,0.9257691431474236,-4.716769571411285,-4.716769571411285,2.686059228949295e-06,11675467.5,-5.135252245013976,2.817690556264466e-07,-0.13842678809653977,-0.09315267586725795,GCST90200659,cancerType_celltype,CESC_Epi_CESC,tissue,Tumor,Adjacent,group2_higher,4.141514399386753e-06,4.3941787507877197e-07
24361,1057,0.0019389046869083119,0.14603174192922996,-0.0539640560746192,0.0721055269241333,0.8549152057465175,0.9023474273553876,-0.14409283724232166,-0.1260695829987525,,-0.07237366309424124,6.234162290692233,-5.093418053025675,-5.093418053025675,4.112437038504247e-07,11676152.0,-5.132321353149569,2.8619357912348286e-07,-0.16814845321700922,-0.09309950994534788,GCST90200453,cancerType_celltype,CESC_Epi_CESC,tissue,Tumor,Adjacent,group2_higher,6.540550389126357e-07,4.45807826680351e-07
24361,1057,0.07206017420725742,0.18251804409289005,0.0554015487432479,0.1248703747987747,0.596469194252419,0.6392495582476433,-0.11045786988563262,-0.0694688260555268,,-0.0664916188025095,1.3407529378958685,-5.514573461117806,-5.514573461117806,4.325237950270885e-08,11678158.0,-5.123732063040001,2.9954997118580897e-07,-0.1846172029178487,-0.09294370156061205,GCST90199857,cancerType_celltype,CESC_Epi_CESC,tissue,Tumor,Adjacent,group2_higher,7.296162532449524e-08,4.6608060585189224e-07
24361,1057,-0.22633640623713894,-0.3185578578214761,-0.2740464806556701,-0.40851691365242,0.7624029650120007,0.7663578722356905,0.09222145158433717,0.13447043299674988,,0.056017081880010214,-0.4930849184232108,3.8309604952819396,3.8309604952819396,0.0001345509306776844,14066891.0,5.104344074198462,3.319475966592547e-07,0.12093542942079534,0.09259200646286336,GCST90200532,cancerType_celltype,CESC_Epi_CESC,tissue,Tumor,Adjacent,group1_higher,0.00019083550313598734,5.159003127098793e-07
24361,1057,0.38628186301307205,0.6361106535506941,0.3238980174064636,0.4627769291400909,1.2041688152808485,1.296116519158587,-0.24982879053762203,-0.13887891173362726,,-0.08180912824557177,0.7196223413896017,-6.152506486719266,-6.152506486719266,1.0551107335931866e-09,11684950.0,-5.094650079777693,3.4938991551521884e-07,-0.20678992223209058,-0.09241615891398913,GCST90200007,cancerType_celltype,CESC_Epi_CESC,tissue,Tumor,Adjacent,group2_higher,1.894750895767475e-09,5.423900396893432e-07
24361,1057,-0.3008852485511987,-0.14702476937882866,-0.3317742943763733,-0.2942691743373871,0.5012656500539946,0.7180999461317649,-0.15386047917237003,-0.037505120038986206,,-0.12467937285986315,-1.0331491323988748,-6.893449707437326,-6.893449707437326,9.153471362413983e-12,11687536.5,-5.083575204967922,3.704000016096486e-07,-0.300446451282251,-0.09221526240994171,GCST90199998,cancerType_celltype,CESC_Epi_CESC,tissue,Tumor,Adjacent,group2_higher,1.7951340240244978e-11,5.743517658634256e-07
24361,1057,0.4570037168567273,0.3166257651677905,0.416915088891983,0.2200298607349395,0.9771983203557807,1.0157574893088768,0.1403779516889368,0.19688522815704348,,0.05305780687131126,0.5294258409016145,4.405516548787408,4.405516548787408,1.154450197505284e-05,14060971.0,5.078995820236026,3.794393328251012e-07,0.1434139320027522,0.09213219308418164,GCST90200020,cancerType_celltype,CESC_Epi_CESC,tissue,Tumor,Adjacent,group1_higher,1.7386912919333722e-05,5.876997848188784e-07
24361,1057,-0.2639697466563335,-0.09741601549111423,-0.3416695594787597,-0.1430877596139907,1.2266564099539405,1.1016402647259855,-0.16655373116521927,-0.198581799864769,,-0.05797562478538011,-1.4381323684482883,-4.788217662469638,-4.788217662469638,1.8975348901941395e-06,11689930.0,-5.0733267174917245,3.909248570996425e-07,-0.1363275981533377,-0.0920293564434087,GCST90200514,cancerType_celltype,CESC_Epi_CESC,tissue,Tumor,Adjacent,group2_higher,2.945717602886802e-06,6.048020206887773e-07
24361,1057,-0.3838189755190398,-0.23201894012204693,-0.4359285831451416,-0.3289143145084381,0.7994728149865525,0.8525364071089756,-0.15180003539699288,-0.10701426863670349,,-0.07542891221695729,-0.7261809991439759,-5.681527973075039,-5.681527973075039,1.694475808837487e-08,11696440.0,-5.045452201732356,4.5245506340829466e-07,-0.18933647047404048,-0.09152371706921636,GCST90200419,cancerType_celltype,CESC_Epi_CESC,tissue,Tumor,Adjacent,group2_higher,2.8905763797815954e-08,6.992020991218885e-07
24361,1057,0.11323097104300105,0.05890933519238985,0.0809696540236473,-0.0113985240459442,0.5682973895604744,0.734168849537588,0.0543216358506112,0.0923681780695915,,0.03649149505741017,0.9426886936914072,2.374877052114396,2.374877052114396,0.017723732960288844,14051934.0,5.040301196746409,4.648049409338665e-07,0.09428535516287126,0.09143027864108211,GCST90199670,cancerType_celltype,CESC_Epi_CESC,tissue,Tumor,Adjacent,group1_higher,0.02204146717597965,7.174735384970102e-07
24361,1057,0.3920910949826142,0.72156625662865,0.3496997952461242,0.4704237878322601,0.9527202530697857,1.4016083429441746,-0.32947516164603585,-0.12072399258613586,,-0.12293318515288645,0.8799413174844165,-7.5669929622644005,-7.5669929622644005,8.055893422285131e-14,11697965.5,-5.038920316357408,4.681705700523166e-07,-0.3377526156474942,-0.09140522968590903,GCST90200312,cancerType_celltype,CESC_Epi_CESC,tissue,Tumor,Adjacent,group2_higher,1.731890021226283e-13,7.218512296168637e-07
24361,1057,0.04612377909534456,0.18815814605592454,0.0090218624100089,0.1500873118638992,0.822356182797211,0.8752539888161655,-0.14203436696057997,-0.1410654494538903,,-0.07609786265482392,2.0283395109283227,-5.177675190333044,-5.177675190333044,2.654668905632133e-07,11702427.0,-5.019817067192981,5.172128639288995e-07,-0.1722418745538865,-0.09105869972155267,GCST90200861,cancerType_celltype,CESC_Epi_CESC,tissue,Tumor,Adjacent,group2_higher,4.2769665701851026e-07,7.965662525820226e-07
24361,1057,0.041345717598725254,-0.052794060877668816,0.0081825666129589,-0.1208777427673339,0.6940787441471882,0.7043798450113947,0.09413977847639407,0.1290603093802928,,0.05641528317507963,-0.35263016544692066,4.256405114101721,4.256405114101721,2.2470430784124196e-05,14044672.0,5.009206767645866,5.465543815630606e-07,0.13554852758589545,0.09086623054040843,GCST90200391,cancerType_celltype,CESC_Epi_CESC,tissue,Tumor,Adjacent,group1_higher,3.329043169430574e-05,8.398575220796091e-07
24361,1057,0.19733414804447227,0.06022278229445404,0.1550120860338211,-0.0014975143130868,0.8992605302796021,0.8392549772360454,0.13711136575001823,0.15650960034690792,,0.06218865447327351,1.7122427193021372,5.183947182067792,5.183947182067792,2.5596570109697194e-07,14044672.0,5.009206767645866,5.465543815734506e-07,0.15288150164438102,0.09086623054040843,GCST90199872,cancerType_celltype,CESC_Epi_CESC,tissue,Tumor,Adjacent,group1_higher,4.138567622718538e-07,8.398575220796091e-07
24361,1057,0.16682643018274326,0.3300917713388879,0.1208952143788337,0.262944608926773,0.9355866802866295,0.9673730268174286,-0.16326534115614463,-0.1420493945479393,,-0.0733738872199196,0.9845150256965204,-5.378966602739809,-5.378966602739809,9.080219114419798e-08,11705073.0,-5.008487425303689,5.486006910868657e-07,-0.1742558619608662,-0.09085318178236479,GCST90200003,cancerType_celltype,CESC_Epi_CESC,tissue,Tumor,Adjacent,group2_higher,1.509309591823681e-07,8.420526373326553e-07
24361,1057,-0.009209810750142603,0.18939084121926583,-0.0942162424325943,0.0779687240719795,1.0576621446540668,1.1682504623423147,-0.19860065196940843,-0.1721849665045738,,-0.07634840261673954,4.361902222084482,-5.431176038675242,-5.431176038675242,6.848219590351634e-08,11705731.0,-5.005670001130161,5.566867569673158e-07,-0.18692069713078405,-0.09080207414669372,GCST90199665,cancerType_celltype,CESC_Epi_CESC,tissue,Tumor,Adjacent,group2_higher,1.1438876595158429e-07,8.535028681062446e-07
24361,1057,0.14730812929806236,0.31573338870318934,0.0781059190630912,0.2170269638299942,1.2387573454543257,1.0290075695929448,-0.16842525940512698,-0.138921044766903,,-0.060850444696164366,1.0998645602328272,-5.161595320160227,-5.161595320160227,2.86614804234409e-07,11705929.0,-5.00482220479831,5.591423579237729e-07,-0.1368471626154325,-0.09078669525328509,GCST90200587,cancerType_celltype,CESC_Epi_CESC,tissue,Tumor,Adjacent,group2_higher,4.606792195418626e-07,8.563045324158454e-07
24361,1057,0.06565587239542513,-0.0051109250623481905,0.0544723495841026,-0.0483585037291049,0.5295462374349238,0.5806374564788597,0.07076679745777331,0.1028308533132075,,0.05359854213404086,3.683007435364597,3.892811807101864,3.892811807101864,0.00010486953730602227,14042434.0,4.999624100016148,5.744282882832893e-07,0.13307864153365548,0.0906924024421838,GCST90200638,cancerType_celltype,CESC_Epi_CESC,tissue,Tumor,Adjacent,group1_higher,0.00015014409595389533,8.787269999215751e-07
24361,1057,0.03860471460953279,0.12443443241781602,0.0498783364892005,0.1124830693006515,0.4094128785796721,0.5711168472614004,-0.08582971780828322,-0.06260473281145099,,-0.06759435791879187,1.6885110214572254,-4.8323857251552775,-4.8323857251552775,1.5396108916178202e-06,11708970.0,-4.99180125204497,5.981945522637153e-07,-0.2056389102440165,-0.09055049719845887,GCST90200395,cancerType_celltype,CESC_Epi_CESC,tissue,Tumor,Adjacent,group2_higher,2.409287767250389e-06,9.140573707796458e-07
24361,1057,0.16197584646766394,-0.007732861171332923,0.0900566652417182,-0.063550628721714,0.9776621176841382,1.0651605231906576,0.16970870763899687,0.1536072939634322,,0.07020498640351278,4.388454926604293,5.087808134265746,5.087808134265746,4.2361434666803933e-07,14028356.0,4.939344924461558,7.838631282372388e-07,0.17291579610174704,0.08959894758659526,GCST90200979,cancerType_celltype,CESC_Epi_CESC,tissue,Tumor,Adjacent,group1_higher,6.729444691241696e-07,1.1964226694147328e-06
24361,1057,-0.16232814171242596,-0.06165669467715395,-0.1857445985078811,-0.1200507134199142,0.46121809900542565,0.5873526431164002,-0.100671447035272,-0.0656938850879669,,-0.09338176326253649,-1.396569164607027,-5.499353000538069,-5.499353000538069,4.726103178051648e-08,11728018.0,-4.9102415322009705,9.096527460964169e-07,-0.21550712076284104,-0.08907101658407823,GCST90200100,cancerType_celltype,CESC_Epi_CESC,tissue,Tumor,Adjacent,group2_higher,7.952689668746167e-08,1.3868643097644477e-06
24361,1057,0.3098844737800349,0.205262957973546,0.2803661525249481,0.1748618632555008,0.6853679863574487,0.730956946720123,0.10462151580648893,0.10550428926944733,,0.07102475306328848,0.5942547998306862,4.567069072868422,4.567069072868422,5.484390310045113e-06,14012731.0,4.8724418048394185,1.1022852537195416e-06,0.15221608155202782,0.08838533541735472,GCST90200824,cancerType_celltype,CESC_Epi_CESC,tissue,Tumor,Adjacent,group1_higher,8.36154809014708e-06,1.6786757551058492e-06
24361,1057,0.12025236325722684,0.2171694576066664,0.1234837621450424,0.2332924008369445,0.5200072304695728,0.7495385978831229,-0.09691709434943956,-0.10980863869190209,,-0.07562412858006169,0.8527506180712723,-4.16059755353749,-4.16059755353749,3.4214237673643124e-05,11741334.0,-4.853225087984113,1.2147099979184115e-06,-0.18233908513609756,-0.08803674716675924,GCST90200340,cancerType_celltype,CESC_Epi_CESC,tissue,Tumor,Adjacent,group2_higher,5.0036487069930876e-05,1.8478233562084765e-06
24361,1057,0.08917749799197199,-0.12639312610921627,-0.0632913261651992,-0.1968456506729126,1.1922891023073248,1.0060359386786648,0.21557062410118827,0.1335543245077134,,0.07691769782567971,-0.5031616129061397,6.763442083154279,6.763442083154279,2.10890810474033e-11,14006798.0,4.8470378874814575,1.253198537141964e-06,0.18189564567710528,0.08792451231334786,GCST90201018,cancerType_celltype,CESC_Epi_CESC,tissue,Tumor,Adjacent,group1_higher,4.0714472333726196e-11,1.904247052535671e-06
24361,1057,0.013556312467808635,0.1329246297489249,-0.0299490429461002,0.0736372768878936,0.6730335973624904,0.7203028978472168,-0.11936831728111627,-0.1035863198339938,,-0.07191250537241885,3.2934761819002927,-5.288561916675919,-5.288561916675919,1.477634945186717e-07,11747997.0,-4.8246954568774045,1.4021885775984665e-06,-0.1768253223226446,-0.0875192241022057,GCST90200260,cancerType_celltype,CESC_Epi_CESC,tissue,Tumor,Adjacent,group2_higher,2.4206928248671814e-07,2.128266181811481e-06
24361,1057,-0.10009819789745317,-0.1491213778013257,-0.1147277429699897,-0.1761541962623596,0.4906399602696723,0.7323982164288463,0.04902317990387253,0.0614264532923699,,0.03502741554585918,-0.5750663557018758,2.155281679545391,2.155281679545391,0.03135672752781935,13998645.0,4.812128374887582,1.493329770475271e-06,0.09746088684552864,0.08729125919233538,GCST90200656,cancerType_celltype,CESC_Epi_CESC,tissue,Tumor,Adjacent,group1_higher,0.03837461112102433,2.2640806197528303e-06
24361,1057,0.086767328987623,0.21386200930843263,0.0600565746426582,0.1423002779483795,0.5383891620609955,0.7116264580660554,-0.12709468032080962,-0.08224370330572128,,-0.10046147785648743,1.3014465185099233,-5.735691116300818,-5.735691116300818,1.2515818927440712e-08,11752427.0,-4.805727084402136,1.5419176414247264e-06,-0.23248413356310088,-0.08717514077998256,GCST90200338,cancerType_celltype,CESC_Epi_CESC,tissue,Tumor,Adjacent,group2_higher,2.1512056996345135e-08,2.3351486058465577e-06
24361,1057,0.6931137022994021,0.5264725043939941,0.6318140625953674,0.4480454921722412,1.2386381580691328,1.0974815641494853,0.166641197905408,0.18376857042312622,,0.06257009087736766,0.39673319393058615,4.805529412201398,4.805529412201398,1.7428094949393157e-06,13996897.0,4.804643789089214,1.550289154540485e-06,0.13514059157468458,0.08715548997173816,GCST90199936,cancerType_celltype,CESC_Epi_CESC,tissue,Tumor,Adjacent,group1_higher,2.714799247545471e-06,2.3452209962693463e-06
24361,1057,-0.46715413862914335,-0.2779914294296828,-0.5141452550888062,-0.2843621969223022,1.4387418394990685,1.2916461526883416,-0.18916270919946054,-0.22978305816650396,,-0.05802205106014941,-0.7488561428786257,-4.638134235209138,-4.638134235209138,3.910413490826931e-06,11752840.0,-4.803958701144284,1.5556059280154646e-06,-0.13201104722169765,-0.0871430625831251,GCST90200849,cancerType_celltype,CESC_Epi_CESC,tissue,Tumor,Adjacent,group2_higher,5.995380863888759e-06,2.350655077477914e-06
24361,1057,0.06622715686477318,0.1832554025275449,0.0295176748186349,0.1411720812320709,0.7817926786810178,0.8184450249807289,-0.11702824566277173,-0.11165440641343599,,-0.06660627721118519,1.4683469898755614,-4.559399594442102,-4.559399594442102,5.683184736326174e-06,11755211.5,-4.7938044132605135,1.636495756590453e-06,-0.14939464272390418,-0.0869588653825265,GCST90199925,cancerType_celltype,CESC_Epi_CESC,tissue,Tumor,Adjacent,group2_higher,8.65495060962299e-06,2.470148079992013e-06
24361,1057,-0.6255237496235483,-0.3969807041916457,-0.6743212938308716,-0.5217800140380859,1.0411723201693424,1.2756629463740687,-0.22854304543190257,-0.15254127979278564,,-0.08542005581158862,-0.6559944484441105,-5.742251389890202,-5.742251389890202,1.2030076048202189e-08,11755286.0,-4.793485419186156,1.6391012733025525e-06,-0.217255253553973,-0.0869530788797035,GCST90199976,cancerType_celltype,CESC_Epi_CESC,tissue,Tumor,Adjacent,group2_higher,2.0729448361187842e-08,2.471344065831172e-06
24361,1057,0.27853018690854053,0.10070031586015252,0.1835991591215133,0.0519402734935283,1.05557077019676,0.8851755909842958,0.17782987104838802,0.131658885627985,,0.07531639950991233,1.4677563388824908,6.338865866439655,6.338865866439655,3.2784740355448945e-10,13993502.0,4.790107079257716,1.6669411304452973e-06,0.16951639488454656,0.08689179631960564,GCST90199801,cancerType_celltype,CESC_Epi_CESC,tissue,Tumor,Adjacent,group1_higher,6.014212800064187e-10,2.510542277123691e-06
24361,1057,0.19789585554924036,0.088302979049393,0.1778222769498825,0.0112418057397007,0.9082865362669476,0.9455865219899302,0.10959287649984736,0.1665804712101818,,0.0521702909143746,1.164198335625512,3.6948336602671086,3.6948336602671086,0.00023045230943304315,13992531.0,4.785949451791917,1.7018270222898347e-06,0.12044937010472376,0.0868163776049602,GCST90200584,cancerType_celltype,CESC_Epi_CESC,tissue,Tumor,Adjacent,group1_higher,0.00032051683444616106,2.5602541185221243e-06
24361,1057,0.3255254104239191,0.2581588318113552,0.3311799168586731,0.200652614235878,0.6110662343653989,0.6731807811232641,0.0673665786125639,0.1305273026227951,,0.045705051871272676,0.33451005301842474,3.1968518614133594,3.1968518614133594,0.0014277911670304742,13989053.0,4.771057352588986,1.8326329321498294e-06,0.10975827889421126,0.08654623724498456,GCST90200504,cancerType_celltype,CESC_Epi_CESC,tissue,Tumor,Adjacent,group1_higher,0.00190232586575028,2.7540007569131396e-06
24361,1057,-0.153481152032816,-0.036749488758318086,-0.2149280607700348,-0.1149950176477432,0.7676368476564938,0.7872985711429675,-0.11673166327449792,-0.09993304312229159,,-0.06378527071083387,-2.0622355566589894,-4.723994923652979,-4.723994923652979,2.5992102671505653e-06,11760585.0,-4.770796162809981,1.8350111476207452e-06,-0.1519026218543893,-0.08654149930307597,GCST90199789,cancerType_celltype,CESC_Epi_CESC,tissue,Tumor,Adjacent,group2_higher,4.012144500709196e-06,2.754537658818365e-06
24361,1057,-0.7687552580460566,-0.583006371231232,-0.8496046662330627,-0.6187258958816528,1.533039264107592,1.2135156313838613,-0.1857488868148246,-0.2308787703514099,,-0.0549331405778072,-0.39901212541901676,-4.812596925732917,-4.812596925732917,1.6781719011185413e-06,11762133.0,-4.764167936942777,1.8963653591200254e-06,-0.12211480163587426,-0.08642126431824493,GCST90200103,cancerType_celltype,CESC_Epi_CESC,tissue,Tumor,Adjacent,group2_higher,2.617103319478915e-06,2.843504933421996e-06
24361,1057,0.18662902217131724,0.2629707442611864,0.1878118515014648,0.2695225775241852,0.46019850565798215,0.6295440583817327,-0.07634172208986914,-0.08171072602272039,,-0.05638164154266113,0.49472670994134565,-3.8975896241932095,-3.8975896241932095,0.00010299677966797545,11764788.5,-4.752797617956755,2.006232647532543e-06,-0.162964866686828,-0.08621500850285813,GCST90199699,cancerType_celltype,CESC_Epi_CESC,tissue,Tumor,Adjacent,group2_higher,0.00014777327440784266,3.004939668776765e-06
24361,1057,0.6435919092481782,0.3484723530949843,0.5029181838035583,0.2422515898942947,1.9549796930145156,1.718761220168736,0.2951195561531939,0.2606665939092636,,0.07012036983713565,0.8851000903802315,5.43200586985589,5.43200586985589,6.76538093137278e-08,13981106.0,4.73702989072421,2.1687547851537726e-06,0.15167500703442036,0.0859289843868114,GCST90200341,cancerType_celltype,CESC_Epi_CESC,tissue,Tumor,Adjacent,group1_higher,1.1314373263142453e-07,3.2447999694452162e-06
24361,1057,-0.2257501297323795,-0.4073326934657439,-0.2612805068492889,-0.4210238456726074,1.1253078132263659,1.2084907181602962,0.1815825637333644,0.15974333882331854,,0.06239269922736545,-0.8514779473995422,4.795665030531455,4.795665030531455,1.8365383034054072e-06,13979239.0,4.729035770766799,2.2559101825021836e-06,0.1608511079623738,0.08578397229593326,GCST90201009,cancerType_celltype,CESC_Epi_CESC,tissue,Tumor,Adjacent,group1_higher,2.854277887732691e-06,3.371497345121136e-06
24361,1057,0.05728594376415546,0.20660180498734856,-0.0283039733767509,0.1738324612379074,1.287787417156495,1.118597833728527,-0.1493158612231931,-0.2021364346146583,,-0.051136029998448816,1.8505815636703569,-4.220149629145476,-4.220149629145476,2.628467471902137e-05,11771588.0,-4.723683521197028,2.316131957327235e-06,-0.11654350558582517,-0.08568688332239405,GCST90200897,cancerType_celltype,CESC_Epi_CESC,tissue,Tumor,Adjacent,group2_higher,3.873082339678501e-05,3.457708497083265e-06
24361,1057,-0.3092475622762419,-0.12926167878900524,-0.3591955900192261,-0.2176946997642517,1.26169300762936,1.127176568670284,-0.17998588348723665,-0.14150089025497437,,-0.0615631263347229,-1.2584610931172369,-5.055788624079675,-5.055788624079675,4.968760875568953e-07,11778778.0,-4.692897381671704,2.69365444519171e-06,-0.14325628561836795,-0.08512842754659622,GCST90200245,cancerType_celltype,CESC_Epi_CESC,tissue,Tumor,Adjacent,group2_higher,7.865761990012176e-07,4.016904823628338e-06
24361,1057,0.021879261037739493,-0.06843352061916626,-0.0055146678350865,-0.1553472578525543,0.7386752913695607,0.7819918366236086,0.09031278165690575,0.1498325900174678,,0.05508007360338362,-1.6450943014739368,3.6841408849421247,3.6841408849421247,0.00024025205181708276,13969305.5,4.686502513885742,2.7791631325353846e-06,0.12195769529856286,0.08501242564101141,GCST90200741,cancerType_celltype,CESC_Epi_CESC,tissue,Tumor,Adjacent,group1_higher,0.00033346593342839493,4.139889999612819e-06
24361,1057,-0.09186874260767554,-0.18121748854977351,-0.1281567513942718,-0.2563649415969848,0.7715039128990415,0.8563440153320977,0.08934874594209798,0.128208190202713,,0.04930435091976923,-0.980068459942759,3.3339713778509394,3.3339713778509394,0.0008838884209350804,13968745.5,4.684104706078484,2.8118918925483195e-06,0.11525690843284853,0.08496892978086601,GCST90199769,cancerType_celltype,CESC_Epi_CESC,tissue,Tumor,Adjacent,group1_higher,0.001191631966107334,4.182959823956812e-06
24361,1057,-0.08462657885497354,-0.14962205685003965,-0.1132582426071167,-0.2203489243984222,0.656046700446684,0.7428083644099612,0.06499547799506611,0.10709068179130551,,0.043770768745738174,-0.8221327133600334,2.7977964392548444,2.7977964392548444,0.005232748217411035,13968706.0,4.68393557499208,2.814214349646659e-06,0.09849609857804836,0.0849658617693021,GCST90200201,cancerType_celltype,CESC_Epi_CESC,tissue,Tumor,Adjacent,group1_higher,0.0067348780173099535,4.182959823956812e-06
24361,1057,-0.23408425873591315,-0.07176280699139673,-0.3008611798286438,-0.2055100053548813,0.996137779591789,0.9552402514074045,-0.16232145174451643,-0.09535117447376251,,-0.05710503697913394,-1.70570575436996,-5.398701649994759,-5.398701649994759,8.138636649460628e-08,11784118.0,-4.670032571509642,3.011551208752609e-06,-0.1632237473047507,-0.08471366345163656,GCST90199784,cancerType_celltype,CESC_Epi_CESC,tissue,Tumor,Adjacent,group2_higher,1.3561077937915447e-07,4.471399016917e-06
24361,1057,0.051364129319471805,-0.003792836934549676,0.0413358248770237,-0.0517757646739482,0.40321325601306696,0.5798165335846246,0.05515696625402148,0.0931115895509719,,0.0411302987699521,3.759059701363723,3.0608215249588375,3.0608215249588375,0.0022607901866474435,13964369.5,4.66536755078463,3.0806908602142175e-06,0.1338564056061909,0.0846290407022996,GCST90200171,cancerType_celltype,CESC_Epi_CESC,tissue,Tumor,Adjacent,group1_higher,0.002971511113211635,4.569076868848725e-06
24361,1057,-0.20995616222060928,-0.1042939610043567,-0.2567174136638641,-0.1144951730966568,0.745133325840074,0.7822209010723422,-0.10566220121625258,-0.14222224056720728,,-0.05623487299883571,-1.0094255473944447,-4.307667718624442,-4.307667718624442,1.7918606189142455e-05,11785775.0,-4.662937629479954,3.1173049626294346e-06,-0.14150348578818156,-0.08458496230831292,GCST90200817,cancerType_celltype,CESC_Epi_CESC,tissue,Tumor,Adjacent,group2_higher,2.669186911016521e-05,4.618355069634695e-06
24361,1057,-0.279648611787051,-0.17132147445496856,-0.3211359083652496,-0.1975774765014648,0.7217260630178326,0.7026578663456454,-0.10832713733208246,-0.12355843186378479,,-0.06036410172544385,-0.7069059078472772,-4.901302806238657,-4.901302806238657,1.0878520099679976e-06,11787316.0,-4.65633937621034,3.2188453092026572e-06,-0.15025738510495923,-0.08446527102173362,GCST90200571,cancerType_celltype,CESC_Epi_CESC,tissue,Tumor,Adjacent,group2_higher,1.7141529359380124e-06,4.76361146193618e-06
24361,1057,0.48723959279278745,0.3753899994379838,0.4619121253490448,0.3343449831008911,0.7712923044475208,0.8774408115452659,0.11184959335480366,0.1275671422481537,,0.05875516084873348,0.3762402716748119,4.076555523058775,4.076555523058775,4.891327024961098e-05,13953671.0,4.619558717166873,3.845610121933059e-06,0.14413759769335194,0.08379807559557184,GCST90199641,cancerType_celltype,CESC_Epi_CESC,tissue,Tumor,Adjacent,group1_higher,7.092424186193593e-05,5.684996308237267e-06
24361,1057,0.284591592304067,0.1144546563353816,0.1915594190359115,-0.0551100634038448,1.384770270073467,1.4712351991441466,0.1701369359686854,0.2466694824397563,,0.04878444831152227,1.3141093484164408,3.689466035400121,3.689466035400121,0.00023534306740607605,13949840.5,4.603157283585266,4.161379977591952e-06,0.12253555195578894,0.08350055614505814,GCST90199912,cancerType_celltype,CESC_Epi_CESC,tissue,Tumor,Adjacent,group1_higher,0.0003269853219923361,6.145136413280423e-06
24361,1057,0.3135560773906776,0.5249426271034561,0.2484869807958603,0.481810599565506,1.4703767894670539,1.3905029528744774,-0.21138654971277848,-0.2333236187696457,,-0.05297650194617558,0.7434344188214768,-4.826754437506539,-4.826754437506539,1.5727408956301203e-06,11802934.0,-4.589466229185792,4.443854399022543e-06,-0.1440802300476961,-0.08325220255074484,GCST90200873,cancerType_celltype,CESC_Epi_CESC,tissue,Tumor,Adjacent,group2_higher,2.4583094503943277e-06,6.550228810045305e-06
24361,1057,0.5871685432436713,0.4458911400683737,0.4987168610095978,0.4464803040027618,0.8276551443737457,0.8499828156674397,0.14127740317529758,0.05223655700683599,,0.08032289506804503,0.3970823679886009,5.295971038216088,5.295971038216088,1.4187484597432457e-07,13946627.0,4.589397720391299,4.445313022224437e-06,0.1705023996963484,0.08325095981188357,GCST90200258,cancerType_celltype,CESC_Epi_CESC,tissue,Tumor,Adjacent,group1_higher,2.329824277867523e-07,6.550228810045305e-06
24361,1057,-0.02745155587064157,-0.07036611046142797,-0.0124647272750735,-0.086594134569168,0.5287088616692509,0.7123291797341712,0.042914554590786406,0.0741294072940945,,0.03073053663887744,-1.3579607993677665,1.935672899987026,1.935672899987026,0.0531621426442823,13940025.0,4.5611292790635956,5.087976075838641e-06,0.07982792136205213,0.08273817468923861,GCST90200030,cancerType_celltype,CESC_Epi_CESC,tissue,Tumor,Adjacent,group1_higher,0.06311846726842925,7.4891051742635724e-06
24361,1057,0.059706080197243966,0.1614675477049961,0.0392338670790195,0.103692352771759,0.5676398283740569,0.6375486714663342,-0.10176146750775214,-0.06445848569273951,,-0.07545153288936939,1.4352792464720276,-5.102279482869626,-5.102279482869626,3.933892242992266e-07,11812219.0,-4.549709719381532,5.372051709475227e-06,-0.17830523385586022,-0.08253102565529524,GCST90200800,cancerType_celltype,CESC_Epi_CESC,tissue,Tumor,Adjacent,group2_higher,6.27122237099235e-07,7.89871249192528e-06
24361,1057,-0.39456183308997733,-0.5796754811832601,-0.464137315750122,-0.6287767887115479,1.2172920044750448,1.2857071561504354,0.18511364809328273,0.16463947296142584,,0.06390209204086475,-0.5549928894102414,4.592489826701165,4.592489826701165,4.866743095348381e-06,13936332.0,4.545316592934664,5.485330047936434e-06,0.1517062681218058,0.08245133502581425,GCST90200251,cancerType_celltype,CESC_Epi_CESC,tissue,Tumor,Adjacent,group1_higher,7.436514393452739e-06,8.056578507906637e-06
24361,1057,-0.22767859760519912,-0.11105034096288083,-0.280628502368927,-0.2028667479753494,0.8649039349506127,0.7693459533084857,-0.1166282566423183,-0.0777617543935776,,-0.055090012039608165,-1.035778203433111,-4.798737159145461,-4.798737159145461,1.8019525332792008e-06,11813302.5,-4.545070389454454,5.491745696644311e-06,-0.1354339688585318,-0.08244686893303144,GCST90200554,cancerType_celltype,CESC_Epi_CESC,tissue,Tumor,Adjacent,group2_higher,2.8037229484698066e-06,8.057319036088478e-06
24361,1057,-0.06460338922525245,0.07115887280996552,-0.0802878960967063,-0.0336455851793289,0.5493582032778592,0.7316040550672723,-0.13576226203521796,-0.046642310917377396,,-0.09644083588359102,0.13943174693887483,-5.960627303648557,-5.960627303648557,3.372865540437477e-09,11816916.0,-4.52959810639816,5.909658781974184e-06,-0.24325078277245074,-0.0821662041283241,GCST90200536,cancerType_celltype,CESC_Epi_CESC,tissue,Tumor,Adjacent,group2_higher,5.924247076825104e-09,8.661145075086895e-06
24361,1057,-0.4009196348452059,-0.2837924376987414,-0.4455421566963196,-0.3018118441104889,0.7545107351945163,0.8282784187011945,-0.11712719714646447,-0.1437303125858307,,-0.06307370352060694,-0.49847544336410954,-4.516874834281035,-4.516874834281035,6.932433521648364e-06,11822615.5,-4.505193989259832,6.631300459160715e-06,-0.15457873573642564,-0.0817235172445745,GCST90200223,cancerType_celltype,CESC_Epi_CESC,tissue,Tumor,Adjacent,group2_higher,1.04987854333408e-05,9.708337836558597e-06
24361,1057,0.14542192725214823,0.2578913884151997,0.1346331536769867,0.2111715823411941,0.6242114000381436,0.7401168893683253,-0.11246946116305148,-0.0765384286642074,,-0.06618163049050294,0.8265144519873089,-4.86599042315826,-4.86599042315826,1.3014362015626337e-06,11823598.0,-4.5009871210979915,6.7639285969630855e-06,-0.17867831584855232,-0.0816472053113727,GCST90200406,cancerType_celltype,CESC_Epi_CESC,tissue,Tumor,Adjacent,group2_higher,2.0412629950861563e-06,9.891882701352667e-06
24361,1057,-0.07884699656695206,-0.13718988291784642,-0.1149689927697181,-0.1811271011829376,0.5322192240393006,0.603394623476972,0.058342886350894366,0.0661581084132195,,0.05033099928938115,-0.7990386063020145,3.091824470959859,3.091824470959859,0.0020381002980670534,13925539.0,4.4991031292494315,6.824143595761142e-06,0.10897779326148682,0.08161302999268694,GCST90200864,cancerType_celltype,CESC_Epi_CESC,tissue,Tumor,Adjacent,group1_higher,0.002683991020546274,9.969247289413118e-06
24361,1057,0.4379892290427646,0.2721002238451053,0.3582414090633392,0.2534292638301849,1.0123072125502282,0.9986027073802777,0.1658890051976593,0.1048121452331543,,0.07668980263810475,0.6867552401576582,5.284328628914186,5.284328628914186,1.507942971253204e-07,13924571.5,4.494960488082429,6.958356661442188e-06,0.16396382309668514,0.08153788312716759,GCST90200052,cancerType_celltype,CESC_Epi_CESC,tissue,Tumor,Adjacent,group1_higher,2.4673784751718087e-07,1.0154432686879767e-05
24361,1057,-0.01603431024063366,-0.0614128825759168,-0.0315492711961269,-0.1150749996304512,0.5283893500541387,0.5644278042630001,0.04537857233528314,0.08352572843432429,,0.03334144525597988,-1.9373125465531857,2.5655233987698827,2.5655233987698827,0.010429265693447222,13924175.0,4.493262754518898,7.0140859408116e-06,0.08563036898809798,0.0815070865047609,GCST90199729,cancerType_celltype,CESC_Epi_CESC,tissue,Tumor,Adjacent,group1_higher,0.013162119574230151,1.0224811911578834e-05
24361,1057,0.4059091462906837,0.3206832691674624,0.3779212534427643,0.2779268324375152,0.6559143296513793,0.7244526959011103,0.08522587712322127,0.09999442100524908,,0.057229003747409635,0.340006817048682,3.7584581785275963,3.7584581785275963,0.0001796842694029836,13923694.0,4.49120320888445,7.082265106049449e-06,0.1293449132024154,0.08146972666774288,GCST90200157,cancerType_celltype,CESC_Epi_CESC,tissue,Tumor,Adjacent,group1_higher,0.0002524841847384192,1.0313170234557051e-05
24361,1057,0.07975129555722932,-0.005402017793763083,0.0534857586026191,-0.0094173634424805,0.6036525224926393,0.626243327023871,0.0851533133509924,0.0629031220450996,,0.06296861695202828,3.8836887071004256,4.334245265288746,4.334245265288746,1.5913609915486576e-05,13922634.5,4.486666642149111,7.234686247244947e-06,0.1408405460655128,0.08138743405377102,GCST90200383,cancerType_celltype,CESC_Epi_CESC,tissue,Tumor,Adjacent,group1_higher,2.3861661512440268e-05,1.0523881915682885e-05
24361,1057,-0.6484366797921609,-0.4956315867787856,-0.6833065152168274,-0.5807619690895081,0.8258908114731712,0.8680831506563245,-0.1528050930133753,-0.10254454612731934,,-0.06683741328097204,-0.3876968815507476,-5.61369761282751,-5.61369761282751,2.4857057063804766e-08,11829594.0,-4.475313450361713,7.630005741637285e-06,-0.1846170758355121,-0.08118148892309962,GCST90200328,cancerType_celltype,CESC_Epi_CESC,tissue,Tumor,Adjacent,group2_higher,4.219199100618418e-08,1.10870978953642e-05
24361,1057,-0.4905213566850041,-0.3619802634296397,-0.5524206757545471,-0.3933723866939544,0.9421255001157481,1.0349965793036866,-0.1285410932553644,-0.1590482890605927,,-0.054625043246687814,-0.4384038684177073,-3.9670786661001594,-3.9670786661001594,7.732693807608203e-05,11843970.0,-4.4137582985096895,1.0159238235376514e-05,-0.1358547394773799,-0.08006488805621936,GCST90199954,cancerType_celltype,CESC_Epi_CESC,tissue,Tumor,Adjacent,group2_higher,0.00011129526567866929,1.4746583295866015e-05
24361,1057,-0.01609362517533701,0.17497181604671852,-0.0614911131560802,0.0280136559158563,1.084404961307399,1.1373313738694848,-0.19106544122205554,-0.0895047690719365,,-0.06071986717145263,3.4424799172403056,-5.357126699522055,-5.357126699522055,1.0222465020311971e-07,11861004.0,-4.340822123172504,1.4195198635925363e-05,-0.17582893072806646,-0.07874183719600525,GCST90199940,cancerType_celltype,CESC_Epi_CESC,tissue,Tumor,Adjacent,group2_higher,1.6929793223189812e-07,2.0583038022091778e-05
24361,1057,0.20219043175302365,0.3100288529530548,0.1570770144462585,0.2883726954460144,0.7492705328136915,0.8451395811668142,-0.10783842120003118,-0.13129568099975591,,-0.0606710058328463,0.6166852785379269,-4.07943996809936,-4.07943996809936,4.831546120598847e-05,11861914.0,-4.336925685485711,1.4449085592192344e-05,-0.1431173164633984,-0.0786711564232686,GCST90200204,cancerType_celltype,CESC_Epi_CESC,tissue,Tumor,Adjacent,group2_higher,7.013202728835173e-05,2.0928909311538965e-05
24361,1057,-0.03508172005961828,0.14176149036668842,-0.0913190320134162,0.0519018396735191,1.3258147949941717,1.1815781827991174,-0.17684321042630669,-0.14322087168693529,,-0.056834720545362795,2.014643339966878,-4.738202668321295,-4.738202668321295,2.4196385581850873e-06,11866901.0,-4.315572350602152,1.5919144375717942e-05,-0.13395834952419108,-0.07828381025443643,GCST90199774,cancerType_celltype,CESC_Epi_CESC,tissue,Tumor,Adjacent,group2_higher,3.74343627106274e-06,2.303375136316726e-05
24361,1057,0.1330472920507192,0.08897491633801086,0.140366330742836,0.0289263073354959,0.4755688022936975,0.7734426263700426,0.044072375712708334,0.1114400234073401,,0.027634422060881177,0.5804631996762993,1.837564804665053,1.837564804665053,0.06639839245677741,13880603.0,4.306696179915644,1.657125686254048e-05,0.08965956759041345,0.07812279790071885,GCST90200795,cancerType_celltype,CESC_Epi_CESC,tissue,Tumor,Adjacent,group1_higher,0.07808542615926455,2.3951880279578653e-05
24361,1057,0.11376110952867269,0.21846460101100842,0.0676255226135253,0.1983796507120132,0.7830758213210015,0.8020087120233186,-0.10470349148233574,-0.1307541280984879,,-0.05905248980789123,0.9413860121468526,-4.15927998925709,-4.15927998925709,3.430993600235467e-05,11874396.0,-4.283480262181804,1.8399419888213183e-05,-0.13357225409609833,-0.07770166476909501,GCST90200097,cancerType_celltype,CESC_Epi_CESC,tissue,Tumor,Adjacent,group2_higher,5.012266106238952e-05,2.6566111554697635e-05
24361,1057,0.16208544829385785,0.09691139558407715,0.1171367987990379,-0.0229657385498285,0.6410788508611451,0.8503929260642205,0.0651740527097807,0.1401025373488664,,0.04344415229987457,0.7420103646819414,2.4615181746473094,2.4615181746473094,0.01398645716165209,13873291.0,4.275387660832311,1.908068281904467e-05,0.10009580427469633,0.07755486624110364,GCST90199949,cancerType_celltype,CESC_Epi_CESC,tissue,Tumor,Adjacent,group1_higher,0.017505547393325802,2.752060389667501e-05
24361,1057,-0.0765282392592209,-0.16701291342219204,-0.1221556812524795,-0.2502924501895904,0.7644540414667371,0.7664436159160375,0.09048467416297114,0.1281367689371109,,0.047906074205652974,-1.1258853305506227,3.757993312169667,3.757993312169667,0.00017988558420126984,13870587.0,4.263809674562982,2.0097257140051582e-05,0.11835227962741308,0.07734484337354353,GCST90199812,cancerType_celltype,CESC_Epi_CESC,tissue,Tumor,Adjacent,group1_higher,0.0002525067469272202,2.895619606965149e-05
24361,1057,0.3318300268132766,0.2553190147705652,0.3310292363166809,0.1993602067232132,0.6083894932821501,0.8583270322200651,0.07651101204271143,0.1316690295934677,,0.04416381774681483,0.37814215088093917,2.8669881707929377,2.8669881707929377,0.004222835398455937,13867444.0,4.250351978244749,2.1343688836238404e-05,0.12324961377895215,0.07710072285847658,GCST90199893,cancerType_celltype,CESC_Epi_CESC,tissue,Tumor,Adjacent,group1_higher,0.005450496825847957,3.0719585938535317e-05
24361,1057,0.1416201760386364,0.06575755951789541,0.111191414296627,-0.0366507172584533,0.7647564330262443,0.8436008586289666,0.07586261652074097,0.1478421315550803,,0.04128809100445685,1.1067864005269306,2.872897950730267,2.872897950730267,0.004143148842804382,13857733.0,4.2087714217871115,2.5676540201399102e-05,0.09875457288269136,0.07634645804084461,GCST90200337,cancerType_celltype,CESC_Epi_CESC,tissue,Tumor,Adjacent,group1_higher,0.005357791150609461,3.69167977790158e-05
24361,1057,0.11759675210567971,0.09214528276172687,0.1313983500003814,0.0421468280255794,0.410143118776751,0.6430892156981273,0.025451469343952843,0.08925152197480199,,0.01956491721142873,0.3518626102305412,1.2754992984891973,1.2754992984891973,0.2024034466521641,13855011.0,4.197116363123977,2.7033760715315457e-05,0.06025621153243235,0.0761350370920657,GCST90200570,cancerType_celltype,CESC_Epi_CESC,tissue,Tumor,Adjacent,group1_higher,0.2244718452293732,3.8827203219151704e-05
24361,1057,-0.27182946346046927,-0.4359329010788598,-0.3546583652496338,-0.4954018890857696,1.1266148569779868,1.1004429681032506,0.16410343761839052,0.1407435238361358,,0.06931531868255052,-0.6814022565588955,4.741658863416644,4.741658863416644,2.3842487498809957e-06,13853591.0,4.191036207612718,2.7768595777245195e-05,0.14579979438682084,0.07602474401812498,GCST90199813,cancerType_celltype,CESC_Epi_CESC,tissue,Tumor,Adjacent,group1_higher,3.6928761887361333e-06,3.984062741514232e-05
24361,1057,-0.08987671170505435,-0.15298333196405606,-0.1169987916946411,-0.215565800666809,0.6089679388324776,0.641935703947396,0.06310662025900171,0.0985670089721679,,0.04658236010307007,-0.767348606550734,3.1354748755815613,3.1354748755815613,0.0017596381108992258,13850897.0,4.179501039339947,2.9215213473643765e-05,0.10339022803200922,0.07581549786235331,GCST90200899,cancerType_celltype,CESC_Epi_CESC,tissue,Tumor,Adjacent,group1_higher,0.002330793727070597,4.1872067260332756e-05
24361,1057,0.21130910054894922,0.1402141821593603,0.2064653933048248,-0.0120093347504735,0.9334614553609615,1.1912656213068993,0.07109491838958892,0.2184747280552983,,0.030877269796884623,0.5917191599185874,1.9149528229165178,1.9149528229165178,0.05575462424559811,13849868.0,4.175095067494111,2.9786443969776662e-05,0.0751870940171435,0.07573557421933574,GCST90200073,cancerType_celltype,CESC_Epi_CESC,tissue,Tumor,Adjacent,group1_higher,0.06602393818136422,4.264592765840923e-05
24361,1057,0.08445250626759336,0.017552004030543533,0.0542721450328826,-0.0467155836522579,0.6731704293478209,0.7450418315038264,0.06690050223704982,0.1009877286851405,,0.04381364367007649,2.2664393655698487,2.868980499121545,2.868980499121545,0.004194465850503211,13849421.0,4.173181103047962,3.003788110261112e-05,0.09892007010781154,0.07570085520239811,GCST90199990,cancerType_celltype,CESC_Epi_CESC,tissue,Tumor,Adjacent,group1_higher,0.005419011331029267,4.296078902713427e-05
24361,1057,0.25260980190636495,0.18471626710071112,0.2424283325672149,0.1500502079725265,0.5860881492457324,0.6827989664313641,0.06789353480565383,0.09237812459468842,,0.048189204297406356,0.4515975979654967,3.1822908694866405,3.1822908694866405,0.0015011770173846426,13845998.0,4.1585245028261,3.2031288020098886e-05,0.11499156841874507,0.07543498675725813,GCST90200932,cancerType_celltype,CESC_Epi_CESC,tissue,Tumor,Adjacent,group1_higher,0.001996199292385627,4.576377942494212e-05
24361,1057,0.0504446538039715,-0.04019801333719513,0.0134285669773817,-0.0746933966875076,0.6720658191722263,0.7007778533654468,0.09064266714116663,0.08812196366488931,,0.062410188311885995,0.32756988616612626,4.123753260176805,4.123753260176805,3.9974930578677186e-05,13845932.0,4.1582419040488166,3.207093146507643e-05,0.1346278572719279,0.07542986045945521,GCST90200783,cancerType_celltype,CESC_Epi_CESC,tissue,Tumor,Adjacent,group1_higher,5.821135724224039e-05,4.577243935800961e-05
24361,1057,0.0007060682742998734,0.08092179710592069,0.007818448357284,0.0707907974720001,0.44435558656070256,0.6096263161443697,-0.08021572883162081,-0.0629723491147161,,-0.06293944968948285,6.838552849495169,-4.229455003782057,-4.229455003782057,2.536375874702958e-05,11905251.5,-4.151363192901746,3.3050389461934684e-05,-0.17730129987608123,-0.07530508171066264,GCST90200755,cancerType_celltype,CESC_Epi_CESC,tissue,Tumor,Adjacent,group2_higher,3.7414289147404016e-05,4.712100505922278e-05
24361,1057,-0.14351252759669597,-0.26326169527171916,-0.196084663271904,-0.3010399937629699,0.8782742097703257,0.9903185064119828,0.1197491676750232,0.10495533049106592,,0.05849038782634357,-0.8753163719020407,3.865879311851519,3.865879311851519,0.00011700042212805056,13842029.5,4.141532180891991,3.449966772366781e-05,0.1355836333504792,0.07512674868406566,GCST90199988,cancerType_celltype,CESC_Epi_CESC,tissue,Tumor,Adjacent,group1_higher,0.00016698594278589834,4.913589039431476e-05
24361,1057,0.031215415520433082,-0.01097249586990697,0.0112907160073518,-0.1209185048937797,0.6779374986795375,0.8381440324104774,0.042187911390340053,0.1322092209011315,,0.02625668498003005,1.50828168282094,1.6137213312116792,1.6137213312116792,0.10687038803130845,13840440.0,4.13472626033907,3.553812900994161e-05,0.06155764262269471,0.07500329034531328,GCST90199923,cancerType_celltype,CESC_Epi_CESC,tissue,Tumor,Adjacent,group1_higher,0.12292349273136997,5.05620770778188e-05
24361,1057,-0.17080343605789466,-0.03304784293678592,-0.2352244704961776,-0.0800165683031082,1.1465395510689842,1.0537469391622343,-0.13775559312110874,-0.1552079021930694,,-0.05344327586172606,-2.369673776525144,-4.145082806583857,-4.145082806583857,3.642419881292734e-05,11909296.5,-4.134043313293967,3.564395769712839e-05,-0.1205385667550786,-0.07499090179228962,GCST90200455,cancerType_celltype,CESC_Epi_CESC,tissue,Tumor,Adjacent,group2_higher,5.3097521905903704e-05,5.06597646936246e-05
24361,1057,-0.4510272203144171,-0.6545928446137101,-0.5234622359275818,-0.6359655261039734,1.4284580349214064,1.3742669720612182,0.20356562429929304,0.1125032901763916,,0.06128673657725822,-0.5373823321893325,4.706767106702289,4.706767106702289,2.8207120068794723e-06,13838726.0,4.1273872557289994,3.669116341100301e-05,0.14272812312728603,0.07487016194479623,GCST90199635,cancerType_celltype,CESC_Epi_CESC,tissue,Tumor,Adjacent,group1_higher,4.344215215114939e-06,5.2093808051246985e-05
24361,1057,0.14903548791004462,0.22458769591344185,0.1347900331020355,0.2100339531898498,0.4849469328272636,0.5530064966364415,-0.07555220800339724,-0.0752439200878143,,-0.06021198422671285,0.5916197330243889,-4.369455065939656,-4.369455065939656,1.3603583349468843e-05,11911920.0,-4.122810011896932,3.742818684146335e-05,-0.15483159577405753,-0.07478713145462546,GCST90199843,cancerType_celltype,CESC_Epi_CESC,tissue,Tumor,Adjacent,group2_higher,2.044287111943333e-05,5.308493097285592e-05
24361,1057,-0.5903035711941728,-0.4106397886455645,-0.6346569061279297,-0.4250043034553528,1.421482636350621,1.3385889471287067,-0.17966378254860826,-0.2096526026725769,,-0.05241257063876618,-0.5235825773605431,-4.260668060597309,-4.260668060597309,2.2030452102108735e-05,11913929.0,-4.114207876388395,3.885148166682218e-05,-0.1266901831847763,-0.07463109005635316,GCST90200335,cancerType_celltype,CESC_Epi_CESC,tissue,Tumor,Adjacent,group2_higher,3.267410904806769e-05,5.5046330053927895e-05
24361,1057,-0.10125018553131081,0.015673088439813042,-0.1231054738163948,-0.0236331578344106,0.9050070321795873,0.8574457395177517,-0.11692327397112384,-0.09947231598198421,,-0.0539436326944471,-2.6914853527849267,-4.329936921263959,-4.329936921263959,1.6202493824794585e-05,11925477.5,-4.064759513063194,4.808245450142705e-05,-0.12947155315093947,-0.07373410444761874,GCST90199971,cancerType_celltype,CESC_Epi_CESC,tissue,Tumor,Adjacent,group2_higher,2.4214911275433137e-05,6.805439821956913e-05
24361,1057,0.04609650239704788,-0.05651086339924025,-0.0283506643027067,-0.0465705543756485,0.6506394327248155,0.6266916859879066,0.10260736579628812,0.018219890072941797,,0.07745261576173953,-0.29386517451913896,5.202795922065095,5.202795922065095,2.320626677233494e-07,13822040.0,4.055941146672039,4.9933289768662005e-05,0.15793961112684143,0.07357414065481538,GCST90199652,cancerType_celltype,CESC_Epi_CESC,tissue,Tumor,Adjacent,group1_higher,3.761015649309456e-07,7.060069912311858e-05
24361,1057,0.20189580228716691,0.12720894524613932,0.1624603271484375,0.0851418375968933,0.666231970018801,0.702162150623533,0.0746868570410276,0.0773184895515442,,0.05385432641528046,0.666406596317735,3.3925284826163415,3.3925284826163415,0.0007162784414372334,13812227.0,4.013923846649508,5.971816232436281e-05,0.11184630148198797,0.0728119533769429,GCST90200542,cancerType_celltype,CESC_Epi_CESC,tissue,Tumor,Adjacent,group1_higher,0.000971430363859651,8.434803652653524e-05
24361,1057,-0.10003824668226144,-0.011888403961989199,-0.1085809171199798,-0.0430397503077983,0.49907186369102086,0.5847380090003627,-0.08814984272027224,-0.0655411668121815,,-0.0715508156359396,-3.0728178018444368,-4.82548054134965,-4.82548054134965,1.5890810280210136e-06,11939224.0,-4.005899754094507,6.178240873828906e-05,-0.1752754442304844,-0.07266639758781279,GCST90200738,cancerType_celltype,CESC_Epi_CESC,tissue,Tumor,Adjacent,group2_higher,2.4810050872767942e-06,8.717331584915941e-05
24361,1057,0.04174159892925965,-0.04018175664545543,0.0028582494705915,-0.1128634437918663,0.6866593176472361,0.6903864708731994,0.08192335557471508,0.1157216932624578,,0.051133754119576845,0.05494388646257339,3.7776966460676666,3.7776966460676666,0.00016640184233830536,13808771.0,3.9991259470390044,6.357741753497333e-05,0.11928016402184863,0.07254352178290158,GCST90199724,cancerType_celltype,CESC_Epi_CESC,tissue,Tumor,Adjacent,group1_higher,0.00023503182498146134,8.961325760100171e-05
24361,1057,-0.017981197858012183,0.11749354728165831,-0.0580554790794849,0.0154145341366529,0.7984123946568866,0.83432862933948,-0.1354747451396705,-0.0734700132161378,,-0.07358049869304695,2.7079525365170136,-5.177231780031192,-5.177231780031192,2.6596379217888237e-07,11949990.0,-3.959801898999982,7.5012634478109e-05,-0.1693568160374031,-0.07183018967651389,GCST90200374,cancerType_celltype,CESC_Epi_CESC,tissue,Tumor,Adjacent,group2_higher,4.2799132082622985e-07,0.00010562212891907291
24361,1057,-0.06903234109349435,0.09311689128948361,-0.1192269623279571,-0.0005123338778503,1.1786215056469014,1.2405207254441053,-0.16214923238297796,-0.1187146284501068,,-0.056495100015647774,0.43176507802077413,-4.168748436244022,-4.168748436244022,3.294594654767203e-05,11951363.0,-3.9539229880725455,7.688085210271561e-05,-0.13726827121591192,-0.07172354714797835,GCST90200794,cancerType_celltype,CESC_Epi_CESC,tissue,Tumor,Adjacent,group2_higher,4.823343194895486e-05,0.00010814097153354116
24361,1057,-0.6108613415916578,-0.4247939746748469,-0.7108156085014343,-0.4926342964172363,1.6095922498814137,1.6283930259083899,-0.18606736691681092,-0.21818131208419805,,-0.05155224811525515,-0.5240806048156146,-3.6385868780297925,-3.6385868780297925,0.000286327568089598,11951935.5,-3.9514716577695905,7.767276714980193e-05,-0.11554268244060674,-0.07167908039809745,GCST90199920,cancerType_celltype,CESC_Epi_CESC,tissue,Tumor,Adjacent,group2_higher,0.00039620758914327115,0.00010914224909812374
24361,1057,-0.022391340164920795,0.05397825341527577,-0.0389613211154937,0.0163980573415756,0.5219495514358438,0.5221775365826823,-0.07636959358019657,-0.0553593784570693,,-0.06296555497638245,1.2693997147339715,-4.655052031923262,-4.655052031923262,3.6157697136004925e-06,11952273.0,-3.9500265503857523,7.8143223568586e-05,-0.14631338820145648,-0.07165286637524182,GCST90200757,cancerType_celltype,CESC_Epi_CESC,tissue,Tumor,Adjacent,group2_higher,5.549880765357513e-06,0.00010964895205491606
24361,1057,-0.13648578000557396,-0.009491482864812677,-0.1562825739383697,-0.1210273951292038,0.4775587867609393,0.677580720222533,-0.12699429714076127,-0.0352551788091659,,-0.09455117282987778,-3.8458319198703816,-6.028790341326042,-6.028790341326042,2.250699228272435e-09,11952309.5,-3.949870264698315,7.81942636811287e-05,-0.2604977844420868,-0.07165003137721448,GCST90200939,cancerType_celltype,CESC_Epi_CESC,tissue,Tumor,Adjacent,group2_higher,3.984029932643285e-09,0.00010964895205491606
24361,1057,0.37871360588181474,0.3154904766870717,0.3937527537345886,0.3148837387561798,0.5193210113324976,0.6533858336905648,0.06322312919474304,0.07886901497840881,,0.0472407133676251,0.2635100327911668,3.103643496972602,3.103643496972602,0.001959682752846966,13796795.0,3.9478471143609415,7.88578397819335e-05,0.12029381231087673,0.07161333174521656,GCST90200106,cancerType_celltype,CESC_Epi_CESC,tissue,Tumor,Adjacent,group1_higher,0.00258571886943893,0.00011046581256194795
24361,1057,-0.04025027770117013,-0.08358850745244574,-0.0985184609889984,-0.2068165391683578,0.6734608949467,0.7844257713650765,0.04333822975127561,0.1082980781793594,,0.023138212757838988,-1.0542872802168524,1.7681569776563628,1.7681569776563628,0.07730575495217941,13794539.0,3.9381873743374185,8.210020531645908e-05,0.06387991453423295,0.0714381055657729,GCST90199894,cancerType_celltype,CESC_Epi_CESC,tissue,Tumor,Adjacent,group1_higher,0.09021210958888744,0.0001148897123678991
24361,1057,-0.33890353083389685,-0.2196070189704958,-0.3746638000011444,-0.2962894141674042,0.600867451572649,0.7199896445015999,-0.11929651186340104,-0.07837438583374023,,-0.08351566999980002,-0.6259481892155114,-5.307306184298464,-5.307306184298464,1.340421760724007e-07,11955407.0,-3.936607390264422,8.264238357435532e-05,-0.1967670353292163,-0.07140944490078416,GCST90200130,cancerType_celltype,CESC_Epi_CESC,tissue,Tumor,Adjacent,group2_higher,2.2065155312401227e-07,0.0001155298141659962
24361,1057,-0.3830352495967548,-0.46815978893512367,-0.4228299260139465,-0.543319821357727,0.8236375953467768,0.7969220179153669,0.08512453933836889,0.12048989534378057,,0.04364530289311115,-0.2895231741146641,3.3949907829486095,3.3949907829486095,0.0007096013727625949,13790664.0,3.9215954006711278,8.796538969541583e-05,0.10348923413274405,0.0711371297478014,GCST90200990,cancerType_celltype,CESC_Epi_CESC,tissue,Tumor,Adjacent,group1_higher,0.0009633333377245188,0.000122845108765217
24361,1057,-0.20268711787810717,-0.09015554230254591,-0.212747111916542,-0.1665037870407104,0.4175559628697881,0.6377063315318263,-0.11253157557556126,-0.046243324875831604,,-0.10075453909500998,-1.1687574254016888,-5.684454930246006,-5.684454930246006,1.6816916313937896e-08,11960808.5,-3.913479249423527,9.097652866207368e-05,-0.26233673182447015,-0.07098990402832639,GCST90200315,cancerType_celltype,CESC_Epi_CESC,tissue,Tumor,Adjacent,group2_higher,2.8723630245485405e-08,0.00012692017253470463
24361,1057,-0.1415204291577502,-0.00012035703019114773,-0.2161111831665039,-0.0909014716744422,1.03914427706523,1.0728842907156908,-0.14140007212755906,-0.12520971149206173,,-0.06256362957118823,-10.18754712099252,-4.200208477074897,-4.200208477074897,2.8739528019696943e-05,11960875.0,-3.913194509746415,9.10839162877191e-05,-0.13588740393415932,-0.07098473889493406,GCST90199796,cancerType_celltype,CESC_Epi_CESC,tissue,Tumor,Adjacent,group2_higher,4.2256717034354834e-05,0.00012694005920261875
24361,1057,-0.0791050287005825,0.012671097575919483,-0.1276595890522003,-0.0360546931624412,0.8238451370226837,0.7928392994940564,-0.09177612627650199,-0.09160489588975909,,-0.049615891525549266,-2.6421322978143422,-3.6782396167943903,-3.6782396167943903,0.0002456391533838155,11961365.0,-3.911096427915065,9.187889284869563e-05,-0.11157104315290144,-0.07094668001730664,GCST90200227,cancerType_celltype,CESC_Epi_CESC,tissue,Tumor,Adjacent,group2_higher,0.00034059630321682657,0.00012791719198444547
24361,1057,0.3995276963366439,0.27886846429651185,0.3485939502716064,0.2334681451320648,0.9339081351689434,0.8393040184330673,0.12065923204013207,0.1151258051395416,,0.05818875514192235,0.5187091586161638,4.553190176466256,4.553190176466256,5.834867409191374e-06,13784863.0,3.896756680867734,9.749033759065891e-05,0.12971752825832267,0.07068655923940037,GCST90200365,cancerType_celltype,CESC_Epi_CESC,tissue,Tumor,Adjacent,group1_higher,8.876031561080182e-06,0.00013559115320006948
24361,1057,0.15030031763484125,0.23506462578906245,0.1246722266077995,0.2286655604839325,0.5838640619597841,0.7031143077804375,-0.0847643081542212,-0.10399333387613299,,-0.0562151952762121,0.6452059287825642,-3.8620952503011123,-3.8620952503011123,0.00011885707847880478,11969910.5,-3.8745063089562817,0.00010684201479272544,-0.14383911520188508,-0.07028294095860288,GCST90200420,cancerType_celltype,CESC_Epi_CESC,tissue,Tumor,Adjacent,group2_higher,0.0001694583660738608,0.00014844614287715062
24361,1057,0.5213100566027387,0.645618789126086,0.5002129673957825,0.5776847004890442,0.864274264052141,0.829849532735749,-0.12430873252334729,-0.07747173309326172,,-0.05785291903644803,0.30854034116180035,-4.759411607449805,-4.759411607449805,2.1867579787475585e-06,11972699.0,-3.8625665106160363,0.00011220298733210153,-0.1440640465098025,-0.07006635487643154,GCST90200605,cancerType_celltype,CESC_Epi_CESC,tissue,Tumor,Adjacent,group2_higher,3.3908431456574766e-06,0.00015573591826237716
24361,1057,-0.5922482234040057,-0.4317299796638626,-0.6489018797874451,-0.5063815712928772,1.1641262246937003,1.2153204303069962,-0.16051824374014312,-0.14252030849456787,,-0.0524933937998687,-0.4560717819158999,-4.211084730281894,-4.211084730281894,2.7413689622018877e-05,11977915.0,-3.8402326436112952,0.00012291884345193402,-0.13763055518448458,-0.0696612220076469,GCST90200059,cancerType_celltype,CESC_Epi_CESC,tissue,Tumor,Adjacent,group2_higher,4.035081960562822e-05,0.000170435792090525
24361,1057,-0.05034085624049945,0.06756709239878687,-0.0818223655223846,-0.0059950891882181,0.697283801216632,0.8186808434961943,-0.11790794863928633,-0.0758272763341665,,-0.07752514475109556,0.42458371157555147,-4.610377999795403,-4.610377999795403,4.479999713071732e-06,11978241.5,-3.838834636023671,0.00012362072687910388,-0.1677818950198346,-0.06963586236775854,GCST90200507,cancerType_celltype,CESC_Epi_CESC,tissue,Tumor,Adjacent,group2_higher,6.8609433808053615e-06,0.00017123480765875873
24361,1057,-0.32532203305621255,-0.4508381079058114,-0.3814830183982849,-0.4783642590045929,0.904058966352334,0.7767107604305575,0.12551607484959887,0.09688124060630798,,0.060847442827877914,-0.470739697468789,5.105919438622625,5.105919438622625,3.8331224404603883e-07,13771249.0,3.838464260353443,0.000123807309704676,0.1395977101171157,0.06962914381078966,GCST90200165,cancerType_celltype,CESC_Epi_CESC,tissue,Tumor,Adjacent,group1_higher,6.117735229915117e-07,0.0001713191503832217
24361,1057,0.21999951448297703,0.1270506963023509,0.1990651339292526,0.0239668041467666,0.994406761382073,1.0061653710414322,0.09294881818062611,0.175098329782486,,0.03882390280355403,0.7920912602329224,2.9417028097517877,2.9417028097517877,0.0033296865074888176,13770851.5,3.836762244990256,0.00012466814603605421,0.09342546719253696,0.06959826951720416,GCST90200892,cancerType_celltype,CESC_Epi_CESC,tissue,Tumor,Adjacent,group1_higher,0.004330498768804636,0.0001723353783439573
24361,1057,-0.2748149747135358,-0.13686090653326957,-0.3562280535697937,-0.218458667397499,1.2950441358742883,1.168577345827453,-0.1379540681802662,-0.1377693861722947,,-0.03927084372015728,-1.0057449188159515,-3.739735239225583,-3.739735239225583,0.00019312059258641434,11982726.0,-3.8196329054671603,0.00013365159134117035,-0.10693811269848749,-0.06928754596628905,GCST90200054,cancerType_celltype,CESC_Epi_CESC,tissue,Tumor,Adjacent,group2_higher,0.0002705276132531169,0.00018456648328066383
24361,1057,0.5498186423572191,0.3171073502742414,0.407288134098053,0.2024746835231781,1.7510172138119509,1.3601770415363403,0.2327112920829777,0.20481345057487488,,0.06182224976878641,0.7939825803905984,5.372556638430215,5.372556638430215,9.2995844075187e-08,13763568.0,3.805575757197113,0.00014147592579644947,0.13400931378455494,0.06903255148618559,GCST90201015,cancerType_celltype,CESC_Epi_CESC,tissue,Tumor,Adjacent,group1_higher,1.542011380468125e-07,0.0001951737721260735
24361,1057,-0.1429396175879856,-0.20780075102349102,-0.1791332960128784,-0.2635352313518524,0.7136932313189371,0.7925898741621046,0.06486113343550542,0.08440193533897403,,0.039637999539225366,-0.539791884343356,2.614962099309095,2.614962099309095,0.00904237546537767,13760815.5,3.7937901036444774,0.00014836638434337492,0.09044365166979176,0.06881876156645217,GCST90200384,cancerType_celltype,CESC_Epi_CESC,tissue,Tumor,Adjacent,group1_higher,0.011486260726290555,0.00020447258024268962
24361,1057,-0.04002816802517846,-0.06382899150108502,-0.0300087034702301,-0.1159399300813674,0.48820780929634405,0.5724982627391552,0.023800823475906563,0.08593122661113729,,0.020279138776594038,-0.6731828249463446,1.3307899908272556,1.3307899908272556,0.18352810146890444,13756725.0,3.776275402152358,0.0001591923394511427,0.04837589529704937,0.06850104760944231,GCST90200144,cancerType_celltype,CESC_Epi_CESC,tissue,Tumor,Adjacent,group1_higher,0.20403654347644107,0.00021917086734536112
24361,1057,0.19490004608874995,0.3096318453065293,0.16230009496212,0.2396477609872818,0.6460654795944306,0.8500310292226078,-0.11473179921777937,-0.0773476660251618,,-0.07505519379386713,0.6678166841804692,-4.3342191711224185,-4.3342191711224185,1.5955268614121843e-05,11994880.5,-3.7675897715505338,0.00016483268800911052,-0.17494823099714094,-0.06834349162318276,GCST90200234,cancerType_celltype,CESC_Epi_CESC,tissue,Tumor,Adjacent,group2_higher,2.3897836396756123e-05,0.0002267073196331157
24361,1057,0.057471857543719085,-0.00509042940466522,-0.013660229742527,-0.162550002336502,0.9216568228799523,0.9609369436865826,0.06256228694838431,0.14888977259397498,,0.029370382726151358,3.496738130678234,2.075661083416572,2.075661083416572,0.03814870211848225,13753840.5,3.7639245510451547,0.00016726880254251683,0.06775781150886745,0.06827700509410306,GCST90199821,cancerType_celltype,CESC_Epi_CESC,tissue,Tumor,Adjacent,group1_higher,0.046014761935833016,0.0002298259857514621
24361,1057,-0.008376262260997063,0.10519152971272257,-0.0487548410892486,0.1034727022051811,0.8974899204322665,0.9759163969347621,-0.11356779197371963,-0.1522275432944297,,-0.04978337066203431,3.650409604857261,-3.715818020602336,-3.715818020602336,0.00021241506257769675,11996924.0,-3.7588399139538717,0.00017070447149051697,-0.12606256011684236,-0.06818477056924077,GCST90200552,cancerType_celltype,CESC_Epi_CESC,tissue,Tumor,Adjacent,group2_higher,0.0002966411171038941,0.00023431036721205904
24361,1057,-0.17218600439054368,-0.2019721177218164,-0.1937225311994552,-0.2668515145778656,0.4744710804786716,0.5484993890579217,0.029786113331272707,0.0731289833784104,,0.025794908630931958,-0.23018702434997884,1.7375488210332803,1.7375488210332803,0.08256384925188762,13749466.0,3.7451938184507836,0.00018025609919614216,0.062343351795277654,0.0679372325223051,GCST90200057,cancerType_celltype,CESC_Epi_CESC,tissue,Tumor,Adjacent,group1_higher,0.09618335600882293,0.0002471720957790159
24361,1057,-0.1077146883190353,-0.02817126910073124,-0.1302019506692886,-0.0606136471033096,0.5953664650033159,0.6726271845984082,-0.07954341921830406,-0.069588303565979,,-0.052158811842440644,-1.9348807138088016,-3.781014693451026,-3.781014693451026,0.0001643679565168693,12003686.0,-3.729886384681238,0.00019156775992574938,-0.13284357204918823,-0.06765955805798285,GCST90200662,cancerType_celltype,CESC_Epi_CESC,tissue,Tumor,Adjacent,group2_higher,0.00023239992192167309,0.0002623738565522696
24361,1057,0.2232687853187392,0.28268643452615416,0.2305644005537033,0.2974787056446075,0.4518886540060193,0.6039299928118066,-0.05941764920741496,-0.06691430509090418,,-0.0485228171735856,0.3404197295551055,-3.1604898202633156,-3.1604898202633156,0.0016177361999603426,12003735.0,-3.729676576498103,0.0001917273375833166,-0.12939124666714005,-0.06765575217022013,GCST90200929,cancerType_celltype,CESC_Epi_CESC,tissue,Tumor,Adjacent,group2_higher,0.002147005297513093,0.0002623738565522696
24361,1057,-0.00422156685532238,0.06931669200247569,-0.0032110589090734,0.0431285351514816,0.39818309329831564,0.519232527687165,-0.07353825885779806,-0.046339594060555,,-0.07356275358422773,4.03703144910118,-4.546923122909759,-4.546923122909759,6.040843082853628e-06,12006499.5,-3.7178395413495973,0.00020093552624456243,-0.18205447398471963,-0.06744103019634073,GCST90200920,cancerType_celltype,CESC_Epi_CESC,tissue,Tumor,Adjacent,group2_higher,9.179118307613707e-06,0.000274699219931132
24361,1057,-0.4996917914621269,-0.40709616475452887,-0.5446456670761108,-0.4763683974742889,0.6774529266866394,0.6974206946714728,-0.09259562670759802,-0.06827726960182195,,-0.04893823714335349,-0.29566823219073685,-4.230778395920829,-4.230778395920829,2.5149852180622474e-05,12009152.5,-3.706479926862715,0.00021016166032709088,-0.13651247191859878,-0.06723496855890099,GCST90200936,cancerType_celltype,CESC_Epi_CESC,tissue,Tumor,Adjacent,group2_higher,3.7138947477993967e-05,0.00028702439180944376
24361,1057,-0.2254016907679977,-0.12939211036320494,-0.2410383522510528,-0.1967234164476394,0.4559830317570289,0.6075042006507178,-0.09600958040479277,-0.04431493580341339,,-0.07744352660611549,-0.8007439359786445,-5.076432223449592,-5.076432223449592,4.507997287493572e-07,12013172.0,-3.689269233146159,0.0002249010130832348,-0.20724488520187234,-0.06692276925558815,GCST90200224,cancerType_celltype,CESC_Epi_CESC,tissue,Tumor,Adjacent,group2_higher,7.152968920667915e-07,0.00030684692776020926
24361,1057,0.03627833309941059,-0.00443699834084133,0.0192351378500461,-0.0708696320652961,0.4566125606996373,0.6471316834508871,0.04071533144025192,0.0901047699153422,,0.03756968045479966,3.031166902645754,2.0237738352370385,2.0237738352370385,0.04323434711041574,13734526.0,3.681223731592879,0.0002321191584945085,0.08735665888936399,0.06677682511056404,GCST90200292,cancerType_celltype,CESC_Epi_CESC,tissue,Tumor,Adjacent,group1_higher,0.05169159220306724,0.00031637841302801514
24361,1057,-0.19824771563247215,-0.08156300307618931,-0.2400898337364196,-0.179584190249443,0.7607515491261937,0.8300923531674351,-0.11668471255628284,-0.060505643486976596,,-0.07035599775820818,-1.281307031191039,-4.489028411700888,-4.489028411700888,7.88447189387262e-06,12020499.0,-3.6578964870679886,0.00025429582480615933,-0.15277708943971852,-0.0663536725282905,GCST90200064,cancerType_celltype,CESC_Epi_CESC,tissue,Tumor,Adjacent,group2_higher,1.1914118837415057e-05,0.00034625895026053465
24361,1057,0.07100580370556443,-0.019019894055293498,0.0535249300301075,-0.1471231430768966,1.093278863623461,1.2588342266335428,0.09002569776085793,0.2006480731070041,,0.03362853549807307,1.9003722068823194,2.2879298545464204,2.2879298545464204,0.022326266117978118,13727312.0,3.650334828875816,0.0002619008638659105,0.08179295810978783,0.06621650522647426,GCST90200396,cancerType_celltype,CESC_Epi_CESC,tissue,Tumor,Adjacent,group1_higher,0.027589030570085382,0.0003562583607277805
24361,1057,-0.03292904774921473,-0.05257703021928162,-0.0734759345650672,-0.133343368768692,0.536169287226497,0.6969726740963844,0.01964798247006689,0.059867434203624795,,0.015672204500889072,-0.6750554900420008,0.9049702372649017,0.9049702372649017,0.3656773729490488,13726904.0,3.6485878546162427,0.00026368792877788335,0.03613102752101311,0.06618481538551091,GCST90199804,cancerType_celltype,CESC_Epi_CESC,tissue,Tumor,Adjacent,group1_higher,0.39060992110466575,0.00035833165196834995
24361,1057,0.0730549495033023,-0.05933793365848299,-0.0191569086164236,-0.1264996081590652,0.9684224232835428,0.7452565931726319,0.1323928831617853,0.10734269954264158,,0.06449240229172594,0.30002276616277473,5.574973117949679,5.574973117949679,3.04722019159281e-08,13724458.5,3.6381167135579426,0.00027464125164980457,0.13788289738456821,0.06599487051767872,GCST90200277,cancerType_celltype,CESC_Epi_CESC,tissue,Tumor,Adjacent,group1_higher,5.159454808870807e-08,0.00037284464740904743
24361,1057,0.0009077113045969414,0.06900706836877929,0.0066033932380378,0.0678550750017166,0.4755299846908761,0.6236002846921372,-0.06809935706418235,-0.0612516817636788,,-0.055812737243729156,6.246799213835572,-3.506416294902756,-3.506416294902756,0.00047232947525773026,12033494.0,-3.602254500540648,0.0003154718813770691,-0.14111295811473507,-0.06534433555937635,GCST90200481,cancerType_celltype,CESC_Epi_CESC,tissue,Tumor,Adjacent,group2_higher,0.0006457222415007887,0.0004278489296686022
24361,1057,0.09216241508187725,0.0631516948947873,0.1088143661618232,0.0376102030277252,0.43711705377647414,0.5461548344203343,0.02901072018708996,0.071204163134098,,0.02039345832006081,0.5453498773202297,1.7034417235310864,1.7034417235310864,0.08876397618778507,13711019.0,3.5805714670835913,0.00034284636043774134,0.06560793343676591,0.06495100870977422,GCST90200426,cancerType_celltype,CESC_Epi_CESC,tissue,Tumor,Adjacent,group1_higher,0.10296621237783068,0.0004645125141914925
24361,1057,0.2100275402951402,0.15927753777049575,0.2148740887641906,0.1668768674135208,0.49950232641927084,0.7271538565523643,0.050750002524644455,0.04799722135066978,,0.032796151194897295,0.39903350390701114,2.246188928044933,2.246188928044933,0.02488978251317244,13709954.0,3.576011350450146,0.000348879365941924,0.0993181095005451,0.06486828890431862,GCST90200231,cancerType_celltype,CESC_Epi_CESC,tissue,Tumor,Adjacent,group1_higher,0.030673393820482855,0.00047221705638415335
24361,1057,-0.0018494676751605692,-0.13405245828426637,-0.0813451707363128,-0.2135911732912063,1.1536392647272724,1.2351170214524356,0.1322029906091058,0.1322460025548935,,0.048068579160478214,-6.178774693750055,3.4158805982847356,3.4158805982847356,0.000658208234368948,13707536.0,3.565657958882381,0.0003629474422992443,0.11424989942271403,0.06468047999390447,GCST90200491,cancerType_celltype,CESC_Epi_CESC,tissue,Tumor,Adjacent,group1_higher,0.0008962415818630132,0.0004907711942994742
24361,1057,-0.12234107047096593,-0.03351224355045847,-0.1445190906524658,-0.0416513048112392,0.6205525799450398,0.7617214351283098,-0.08882882692050746,-0.10286778584122659,,-0.05658800176272203,-1.8681173686091852,-3.737923721686689,-3.737923721686689,0.0001949381637736753,12044377.0,-3.555655674886393,0.0003770406817810902,-0.1416612294965794,-0.06449904012015417,GCST90200311,cancerType_celltype,CESC_Epi_CESC,tissue,Tumor,Adjacent,group2_higher,0.0002727933441719912,0.0005093225463504717
24361,1057,-0.20900346554717608,-0.3341932200994995,-0.3069853186607361,-0.3786322474479675,0.9168909497746575,0.7544104692308442,0.1251897545523234,0.07164692878723139,,0.06572450000783928,-0.67715301518848,5.230089322536636,5.230089322536636,1.9987715432972297e-07,13702381.0,3.543585281656645,0.00039472882933403754,0.13746277821821917,0.06428008506702843,GCST90200075,cancerType_celltype,CESC_Epi_CESC,tissue,Tumor,Adjacent,group1_higher,3.2471103855949036e-07,0.0005326885092893992
24361,1057,-0.017147759420550846,-0.10685818753275288,-0.0813155844807624,-0.1921615004539489,0.9254391040695572,0.9967378328380812,0.08971042811220203,0.11084591597318649,,0.043379129350429216,-2.6395348357639143,2.8729336723421346,2.8729336723421346,0.004142427866275628,13701410.0,3.5394276541908467,0.0004009989172813995,0.09661757124310989,0.0642046663523832,GCST90200973,cancerType_celltype,CESC_Epi_CESC,tissue,Tumor,Adjacent,group1_higher,0.005357791150609461,0.0005406147618739342
24361,1057,0.29844218297030645,0.21368719742068618,0.2465125322341919,0.0433478280901908,1.125802149971594,1.2262090455107235,0.08475498554962027,0.2031647041440011,,0.02848956240805778,0.4819490739356854,2.207181421776541,2.207181421776541,0.027501000137623514,13700851.0,3.537034128183245,0.00040465065422148915,0.07499435404985373,0.0641612481634164,GCST90200427,cancerType_celltype,CESC_Epi_CESC,tissue,Tumor,Adjacent,group1_higher,0.03386076168706491,0.0005449988554386262
24361,1057,0.004935194610804126,-0.0351479855311423,-0.0121902776882052,-0.0529623925685882,0.5506913993377521,0.8257806994209952,0.04008318014194643,0.040772114880383,,0.02918221591030149,-2.8320118715197475,1.5630928582475767,1.5630928582475767,0.11831913608760895,13697752.0,3.5237648310498684,0.0004254651201556508,0.07096941735164987,0.06392054518021784,GCST90200537,cancerType_celltype,CESC_Epi_CESC,tissue,Tumor,Adjacent,group1_higher,0.13574830175707997,0.000572466889212391
24361,1057,0.11953222589106592,0.08014508202679053,0.1668641716241836,0.1182422190904617,0.430645923067348,0.6771878299273593,0.03938714386427539,0.048621952533721896,,0.02791898291649675,0.5767077902280052,1.874587015651202,1.874587015651202,0.06111600123222154,13693882.0,3.507194266381857,0.00045286205335568326,0.08878458072476603,0.06361995771814044,GCST90199846,cancerType_celltype,CESC_Epi_CESC,tissue,Tumor,Adjacent,group1_higher,0.07223867159533903,0.0006087287758617321
24361,1057,0.5463422726690115,0.45409717101713004,0.4912728369235992,0.3777818381786346,0.9566920037748473,1.0124173463356003,0.09224510165188143,0.1134909987449646,,0.04253102290997559,0.2668034690399991,2.9064774341367166,2.9064774341367166,0.003725971576769534,13693776.5,3.5067425365181686,0.00045363147737465307,0.09618164451792027,0.06361176340877361,GCST90199931,cancerType_celltype,CESC_Epi_CESC,tissue,Tumor,Adjacent,group1_higher,0.004836665961082737,0.0006091622696173912
24361,1057,0.08249217863024706,0.1977841400883287,0.0315199494361877,0.0829256996512413,0.9207137388967778,0.8741677644885973,-0.11529196145808164,-0.0514057502150536,,-0.05115685269681077,1.2615873054030264,-4.188259808831215,-4.188259808831215,3.023935903752588e-05,12069858.0,-3.4465511378565226,0.0005677955932944645,-0.12547736473308865,-0.06251990081235126,GCST90200416,cancerType_celltype,CESC_Epi_CESC,tissue,Tumor,Adjacent,group2_higher,4.436625012717737e-05,0.0007617179071460189
24361,1057,-0.06924843457857092,-0.068971432953176,-0.081248864531517,-0.1407385617494583,0.5141592064564133,0.7508134841514313,-0.00027700162539492923,0.05948969721794131,,-0.0002229758542589466,-0.005782433899994176,-0.011874455267502321,-0.011874455267502321,0.9905279325045786,13675598.5,3.428907982374729,0.0006060197328645858,-0.0005265032416667036,0.06219985671997641,GCST90200293,cancerType_celltype,CESC_Epi_CESC,tissue,Tumor,Adjacent,group2_higher,0.9912551923669167,0.0008121975377526357
24361,1057,-0.13190143087653178,-0.014623179138313614,-0.1846828162670135,-0.0914479121565818,0.8395744451000807,0.9350766689277721,-0.11727825173821817,-0.0932349041104317,,-0.057341173947493815,-3.1730435998051303,-4.008132285580025,-4.008132285580025,6.520755819329772e-05,12075761.0,-3.421275674488235,0.0006232861008713896,-0.13899517956172383,-0.06206140784370939,GCST90200882,cancerType_celltype,CESC_Epi_CESC,tissue,Tumor,Adjacent,group2_higher,9.43502142435932e-05,0.0008345176380036386
24361,1057,-0.5552470338684188,-0.6428527596521512,-0.5974549055099487,-0.7476528882980347,1.0828480104081342,1.0430239593128254,0.08760572578373238,0.15019798278808594,,0.03411502007335378,-0.21135820248695245,2.6690148144828645,2.6690148144828645,0.007713850019921325,13670664.0,3.4077794419731005,0.0006549432334637651,0.08102469115881204,0.061816588288032825,GCST90200968,cancerType_celltype,CESC_Epi_CESC,tissue,Tumor,Adjacent,group1_higher,0.009826147268367072,0.0008760428137498644
24361,1057,-0.16146321471258923,0.07355542824949009,-0.265449583530426,-0.0498672686517238,1.4071131013063793,1.7490880354910066,-0.2350186429620793,-0.21558231487870222,,-0.07464254898283423,-1.1342911238540645,-4.308384405885973,-4.308384405885973,1.789380830713434e-05,12082004.5,-3.3945422583371423,0.0006874396755471913,-0.16516191629202287,-0.06157646783867554,GCST90199943,cancerType_celltype,CESC_Epi_CESC,tissue,Tumor,Adjacent,group2_higher,2.6684092694337097e-05,0.00091860811546159
24361,1057,-0.6823562601319527,-0.5809544881738814,-0.7378013134002686,-0.6430315971374512,0.900574796843974,0.905249385136045,-0.10140177195807132,-0.09476971626281738,,-0.050250358938804904,-0.23209965437978444,-3.5660276494222103,-3.5660276494222103,0.00037734344713967764,12082186.0,-3.3937651116996115,0.0006893933376530239,-0.11257238579235566,-0.06156237051971769,GCST90199866,cancerType_celltype,CESC_Epi_CESC,tissue,Tumor,Adjacent,group2_higher,0.0005195142610620007,0.0009203164732821465
24361,1057,0.18867906486781957,0.09532776599474138,0.1562936156988144,0.0197332091629505,1.1053186857748771,0.9362808984438259,0.09335129887307819,0.1365604065358639,,0.03498045259201036,0.9849584756365218,3.1477659096774757,3.1477659096774757,0.0016862069564241632,13659970.0,3.3619898764537943,0.0007738356053833616,0.0849564702428574,0.06098597270160977,GCST90200230,cancerType_celltype,CESC_Epi_CESC,tissue,Tumor,Adjacent,group1_higher,0.002235700468488458,0.001032033199743172
24361,1057,0.04939278749380766,0.02004634884709022,0.0610193125903606,0.0040768953040242,0.4123134257433679,0.5027836565986956,0.029346438646717442,0.0569424172863364,,0.027124655222361405,1.3009181374587755,1.870536806345603,1.870536806345603,0.0616703016055152,13659057.0,3.3580805933680336,0.0007848633384258458,0.07046575385517884,0.06091505891533666,GCST90200670,cancerType_celltype,CESC_Epi_CESC,tissue,Tumor,Adjacent,group1_higher,0.0727133400417969,0.0010457172338948465
24361,1057,0.061411482705913234,0.04173134487266467,0.040095567703247,-0.0133575396612286,0.5033449577238857,0.626080743797489,0.01968013783324856,0.0534531073644756,,0.012859504610023378,0.5573659421361468,1.007927480248559,1.007927480248559,0.31370775596040407,13658764.0,3.3568260260688794,0.000788433161926982,0.038661732145654104,0.06089230125993916,GCST90200595,cancerType_celltype,CESC_Epi_CESC,tissue,Tumor,Adjacent,group1_higher,0.3374772465461963,0.001049447655963356
24361,1057,-0.03243514480620948,-0.15239752748214672,-0.0640449598431587,-0.1864844858646392,1.262336877698386,1.126624982058626,0.11996238267593723,0.1224395260214805,,0.037187452988274305,-2.2321746996445135,3.371209300281523,3.371209300281523,0.0007727436336839756,13656620.5,3.347647988506636,0.0008150109004281277,0.09543622589796519,0.06072581308811409,GCST90199705,cancerType_celltype,CESC_Epi_CESC,tissue,Tumor,Adjacent,group1_higher,0.0010448904491183123,0.001083765714422964
24361,1057,0.1086357759593459,0.0009348718877908198,0.07796560972929,-0.045118361711502,0.9767107467050771,0.9594220207187705,0.10770090407155508,0.123083971440792,,0.05116900602000728,6.85898580306103,3.5702276093810976,3.5702276093810976,0.00037135249352843473,13654700.0,3.3394247922676397,0.0008395272674852087,0.11034945410658509,0.06057664558916831,GCST90200359,cancerType_celltype,CESC_Epi_CESC,tissue,Tumor,Adjacent,group1_higher,0.0005117830623652745,0.0011152784264935084
24361,1057,0.050473358714773,0.022916118772505486,0.0549851022660732,0.0109321484342217,0.439176919589491,0.6307483252417319,0.027557239942267515,0.044052953831851496,,0.023076073514678545,1.139125001611655,1.4057132797613605,1.4057132797613605,0.16009144062782615,13648902.0,3.314598917863213,0.0009177540511594596,0.0614064661693483,0.06012630809430375,GCST90200991,cancerType_celltype,CESC_Epi_CESC,tissue,Tumor,Adjacent,group1_higher,0.17914994546447213,0.0012180124359594386
24361,1057,0.064832337049251,0.14082919033911134,0.0602061711251735,0.1352492868900299,0.47227863581410634,0.7447543247034135,-0.07599685328986035,-0.07504311576485641,,-0.05857595549187985,1.1191489063395959,-3.28900033876839,-3.28900033876839,0.0010374921431171812,12103152.0,-3.3039929001157544,0.0009531897409335775,-0.15616428537262714,-0.05993391658433844,GCST90199941,cancerType_celltype,CESC_Epi_CESC,tissue,Tumor,Adjacent,group2_higher,0.001389098026590096,0.0012638109113739943
24361,1057,-0.2336997787936957,-0.12293288994680952,-0.2841867506504059,-0.2350220680236816,0.6730698661654371,0.7819302233103331,-0.11076688884688617,-0.04916468262672427,,-0.06509262747341292,-0.9267798546044801,-4.533235746976255,-4.533235746976255,6.429987365979978e-06,12105696.5,-3.2930978608915287,0.0009909073326582374,-0.16338720887915056,-0.05973628226980199,GCST90199849,cancerType_celltype,CESC_Epi_CESC,tissue,Tumor,Adjacent,group2_higher,9.759546525423954e-06,0.0013125429488952164
24361,1057,0.12232904044086695,0.04693620243253933,0.0592117942869663,-0.0309095326811075,0.923861667691347,0.8802213349207078,0.07539283800832763,0.0901213269680738,,0.04008597964375436,1.3819749667335313,2.7204259314120396,2.7204259314120396,0.006617304635661691,13640496.5,3.278608250856244,0.001043211358855526,0.08176302851403235,0.059473443000636506,GCST90200264,cancerType_celltype,CESC_Epi_CESC,tissue,Tumor,Adjacent,group1_higher,0.008453033006941784,0.0013804826040000797
24361,1057,-0.2919149670086008,-0.20772200919156444,-0.3296839296817779,-0.2614801228046417,0.6222741106570949,0.7135116115983415,-0.08419295781703637,-0.06820380687713617,,-0.055935101854056424,-0.4908920941130025,-3.7745190243611906,-3.7745190243611906,0.00016867121714069706,12110011.0,-3.2746240362765064,0.0010580348165206818,-0.13442276886974944,-0.0594011699687339,GCST90199970,cancerType_celltype,CESC_Epi_CESC,tissue,Tumor,Adjacent,group2_higher,0.00023774443532861438,0.0013987404994351982
24361,1057,-0.33433904419162913,-0.2661196080786718,-0.3644138276576996,-0.3158751428127289,0.557920552788536,0.5997911561237945,-0.06821943611295733,-0.0485386848449707,,-0.051817139127024084,-0.32923592275963054,-3.63030062199625,-3.63030062199625,0.0002956883002299837,12112722.5,-3.263013936509759,0.0011023493160077628,-0.12188079882839606,-0.059190564567332515,GCST90200170,cancerType_celltype,CESC_Epi_CESC,tissue,Tumor,Adjacent,group2_higher,0.00040874559149438924,0.0014559129047660665
24361,1057,-0.06419929192347973,-0.003585983313743004,-0.0595353282988071,-0.0166200175881385,0.4006524445766084,0.5507195991101034,-0.060613308609736724,-0.042915310710668605,,-0.05002134653677671,-4.161736918240673,-3.5378930470793466,-3.5378930470793466,0.0004200772467332582,12114852.0,-3.253895844142697,0.0011383486592259058,-0.14856637436983466,-0.05902516379201106,GCST90200006,cancerType_celltype,CESC_Epi_CESC,tissue,Tumor,Adjacent,group2_higher,0.0005771827492917651,0.001502003119578809
24361,1057,-0.1437396315818019,-0.05168062106997598,-0.190717726945877,-0.0989582538604736,0.8414103750789357,0.8384120444043153,-0.09205901051182591,-0.09175947308540339,,-0.04211131517731493,-1.4757447021381693,-3.494286125086586,-3.494286125086586,0.0004934094898586784,12116153.0,-3.2483252227904793,0.0011608737539885662,-0.10942653184956218,-0.05892411358835137,GCST90200826,cancerType_celltype,CESC_Epi_CESC,tissue,Tumor,Adjacent,group2_higher,0.000673864864406191,0.0015302426757122008
24361,1057,-0.0419172567960233,0.05909510546906194,-0.0743879228830337,-0.0089181959629058,0.5578606081813442,0.7215536256664751,-0.10101236226508524,-0.0654697269201279,,-0.07311261032701137,0.49548433504536904,-4.493485933103117,-4.493485933103117,7.73929519533071e-06,12117261.0,-3.243580988771834,0.0011803813519013012,-0.17859142177052176,-0.0588380539222062,GCST90200049,cancerType_celltype,CESC_Epi_CESC,tissue,Tumor,Adjacent,group2_higher,1.1707724030228368e-05,0.001554453896271955
24361,1057,-0.14804354736998493,-0.23425118808702644,-0.2149833887815475,-0.3010846078395843,0.8234379642995511,0.7235023518376905,0.08620764071704151,0.0861012190580368,,0.04513060826388145,-0.6620311681955187,3.7693767533335034,3.7693767533335034,0.00017176574797429718,13621165.0,3.19583464080982,0.001394280286613794,0.10519175975655598,0.05797194260705729,GCST90200090,cancerType_celltype,CESC_Epi_CESC,tissue,Tumor,Adjacent,group1_higher,0.0002418561100092635,0.001834366824956179
24361,1057,-0.007820637392442775,-0.006562343726602939,-0.0346265845000743,-0.081563301384449,0.43249900055512974,0.642658545236913,-0.0012582936658398353,0.0469367168843747,,-0.001332674856221,-0.25303966497195923,-0.06303959231402549,-0.06303959231402549,0.9497464516490948,13618889.0,3.1860892647931807,0.0014421116192479292,-0.002838985596696614,0.057795163004036976,GCST90199735,cancerType_celltype,CESC_Epi_CESC,tissue,Tumor,Adjacent,group2_higher,0.9567660115282455,0.0018954658987800652
24361,1057,0.017988587436335954,-0.0703556918584924,0.003308649174869,-0.17746601998806,1.1599667820598638,1.1752810103951947,0.08834427929482835,0.180774669162929,,0.025086523373752126,-1.9675255485365757,2.3937841907567536,2.3937841907567536,0.01683544544992734,13616508.5,3.1758964407125085,0.0014937536761354775,0.07611902425700737,0.057610266762828655,GCST90199889,cancerType_celltype,CESC_Epi_CESC,tissue,Tumor,Adjacent,group1_higher,0.020975056808273277,0.0019614511180854103
24361,1057,0.10959157768438864,0.0795579693502528,0.1330016553401947,0.078080728650093,0.4355571111464901,0.6566148241145584,0.030033608334135833,0.05492092669010171,,0.022826850020633692,0.4620536010450349,1.4730844742993716,1.4730844742993716,0.14101519944290933,13616427.0,3.1755474740405596,0.001495551517926482,0.06720068126382332,0.057603936561754,GCST90200591,cancerType_celltype,CESC_Epi_CESC,tissue,Tumor,Adjacent,group1_higher,0.15937289953622338,0.001961921769907406
24361,1057,-0.07185055610505615,-0.1053289357507324,-0.0762713253498077,-0.1306612193584442,0.46362066824140014,0.5706029069578592,0.03347837964567625,0.054389894008636516,,0.029453330999637914,-0.5518242151365984,1.88076849760213,1.88076849760213,0.06026331786768191,13615730.0,3.172563059680455,0.0015110085523799526,0.0714506857132075,0.05754979975010843,GCST90200089,cancerType_celltype,CESC_Epi_CESC,tissue,Tumor,Adjacent,group1_higher,0.071301130428516,0.0019792514412775145
24361,1057,0.061284815391957514,0.0543188373140458,0.038387443870306,-0.0344079472124576,0.5537206988413924,0.733819376936789,0.006965978077911716,0.0727953910827636,,0.005753982507571629,0.17407404187247769,0.30488146028643515,0.30488146028643515,0.7605136535322805,13615700.5,3.1724367465906083,0.0015116659944019754,0.012387194504728452,0.05754750845033296,GCST90199973,cancerType_celltype,CESC_Epi_CESC,tissue,Tumor,Adjacent,group1_higher,0.7805573115696524,0.0019792514412775145
24361,1057,0.3723106310234892,0.531256556323251,0.3289248049259186,0.4454586505889892,1.188825005142635,1.3030947653123537,-0.15894592529976176,-0.11653384566307062,,-0.05709535104901671,0.5129007696880007,-3.8958957584603344,-3.8958957584603344,0.00010356113845233143,12136221.5,-3.1623959263977177,0.001564778070761628,-0.133143894855094,-0.057365369535973376,GCST90200436,cancerType_celltype,CESC_Epi_CESC,tissue,Tumor,Adjacent,group2_higher,0.00014842674207205862,0.00204682582576593
24361,1057,-0.30464084529585,-0.21467904629500348,-0.3334420323371887,-0.2845114767551422,0.6553742533722823,0.7476548866074918,-0.08996179900084653,-0.04893055558204651,,-0.054221388239783674,-0.5049260182327903,-3.8483359598612132,-3.8483359598612132,0.00012559545180679653,12136652.5,-3.1605504707460605,0.0015747247802499985,-0.13641622188180366,-0.057331893257897004,GCST90200149,cancerType_celltype,CESC_Epi_CESC,tissue,Tumor,Adjacent,group2_higher,0.000178691650117603,0.002057861817335329
24361,1057,0.03354711091213717,0.12283261745663486,-0.016754450276494,0.042242769151926,0.7065157799257574,0.789485907727937,-0.08928550654449768,-0.05899721942842,,-0.049473341604547035,1.872402019727259,-3.614570467673754,-3.614570467673754,0.0003140854370836801,12138077.0,-3.1544510471363494,0.0016080153226914972,-0.12572658988910665,-0.05722125066365169,GCST90200093,cancerType_celltype,CESC_Epi_CESC,tissue,Tumor,Adjacent,group2_higher,0.0004337370321631773,0.0020993533379583436
24361,1057,-0.2936612766978057,-0.21085514624245366,-0.3592603802680969,-0.2363288253545761,0.9248786020052319,0.8936386708596527,-0.08280613045535201,-0.12293155491352081,,-0.03916952449240908,-0.47789887635637074,-2.944919768803917,-2.944919768803917,0.0032950127363680372,12138448.0,-3.1528624994640415,0.0016167912837003983,-0.08965567470594447,-0.05719243465630519,GCST90200673,cancerType_celltype,CESC_Epi_CESC,tissue,Tumor,Adjacent,group2_higher,0.004289496045529737,0.002108790927926931
24361,1057,0.1797315441219706,0.3217398423863069,0.1303161084651947,0.1619052290916443,0.6217982553866511,0.8652259307617923,-0.14200829826433628,-0.031589120626449585,,-0.10447842788653594,0.8400474251390818,-5.277270884560526,-5.277270884560526,1.5777527013917047e-07,12140118.0,-3.1457118940388273,0.0016568434103638064,-0.224066754590936,-0.057062723787656755,GCST90200294,cancerType_celltype,CESC_Epi_CESC,tissue,Tumor,Adjacent,group2_higher,2.569267541214927e-07,0.0021589651704836217
24361,1057,0.13629070075197078,0.09119045006633536,0.1424238532781601,0.0850208699703216,0.45429118571022414,0.6124310592137691,0.04510025068563542,0.057402983307838495,,0.03415815983043353,0.5797272428400724,2.3661151745336633,2.3661151745336633,0.018147324887563463,13608881.0,3.143237013837765,0.001670917072570989,0.09763208416450327,0.05701782984629222,GCST90200937,cancerType_celltype,CESC_Epi_CESC,tissue,Tumor,Adjacent,group1_higher,0.022547678962396536,0.0021752244220766552
24361,1057,-0.28683224922594874,-0.29494149959117505,-0.3048160970211029,-0.3952327668666839,0.6329545794466265,0.8446549692108601,0.008109250365226306,0.090416669845581,,0.004739181927281906,-0.04022145328850229,0.3083979604168754,0.3083979604168754,0.7578375008106358,13607844.0,3.138796787594683,0.0016964428719046494,0.012608852407665636,0.05693728483384408,GCST90200401,cancerType_celltype,CESC_Epi_CESC,tissue,Tumor,Adjacent,group1_higher,0.77839676986051,0.002206346979395074
24361,1057,0.23486219929190152,0.17034610350099016,0.2125183790922165,0.1916528940200805,0.49296530769368335,0.6960455668151648,0.06451609579091136,0.02086548507213598,,0.0468600177899557,0.46334325845273205,2.981210328014996,2.981210328014996,0.0029341497738260927,13606289.5,3.1321407300297155,0.0017353793723057893,0.1282529039468436,0.05681654498635069,GCST90200672,cancerType_celltype,CESC_Epi_CESC,tissue,Tumor,Adjacent,group1_higher,0.0038343683046260448,0.0022548351615374555
24361,1057,-0.2771492834888717,-0.17568673049466502,-0.3142184913158417,-0.2529563903808594,0.8224095268576502,0.82855814182675,-0.10146255299420667,-0.0612621009349823,,-0.053954672969526114,-0.6576550419559201,-3.898797895827585,-3.898797895827585,0.00010227098428556761,12144713.0,-3.1260370246203486,0.0017718053321069602,-0.12333384908442423,-0.056705824720926445,GCST90201006,cancerType_celltype,CESC_Epi_CESC,tissue,Tumor,Adjacent,group2_higher,0.00014688656647126306,0.0022999720644397968
24361,1057,-0.12200837973765123,-0.02397076060463275,-0.1419248133897781,-0.0413136407732963,0.9385574897797608,0.9434856866967116,-0.09803761913301848,-0.10061117261648181,,-0.04224489291116181,-2.347584285736614,-3.30800311736643,-3.30800311736643,0.0009687571140846445,12148920.0,-3.108023493468327,0.0018834445970197897,-0.10443279475376689,-0.05637906207158272,GCST90199934,cancerType_celltype,CESC_Epi_CESC,tissue,Tumor,Adjacent,group2_higher,0.001299621994584026,0.002442564210978091
24361,1057,-0.09440780108269961,-0.15229606462648662,-0.1248001977801323,-0.2252968698740005,0.8315062247897113,0.747824913963815,0.05788826354378701,0.1004966720938682,,0.031353640068669246,-0.6898948720925028,2.4517794181010264,2.4517794181010264,0.01436026850254824,13600346.5,3.106693994675196,0.0018919349795762672,0.06989666840312855,0.056354945170555615,GCST90200943,cancerType_celltype,CESC_Epi_CESC,tissue,Tumor,Adjacent,group1_higher,0.017956922907314907,0.0024512427539567032
24361,1057,0.60917478128905,0.49713906772917554,0.582413375377655,0.4784873127937317,1.197399029922923,0.963936382578739,0.11203571355987446,0.10392606258392334,,0.04537666438338549,0.2932062023483049,3.658248869041843,3.658248869041843,0.00026493989430290235,13597652.0,3.095156685502597,0.0019671037175945094,0.09425756984338308,0.05614566017919431,GCST90200447,cancerType_celltype,CESC_Epi_CESC,tissue,Tumor,Adjacent,group1_higher,0.00036698483326713,0.002546213074151298
24361,1057,-0.09465523537103289,0.028984341024635207,-0.1269491761922836,-0.0461238101124763,1.11021839783483,1.008273962977974,-0.1236395763956681,-0.08082536607980731,,-0.04423819067562364,-1.707374085320263,-3.88582663608323,-3.88582663608323,0.00010770333694344993,12154319.0,-3.0849060571265716,0.002036179212641392,-0.11177268889788766,-0.055959715377072006,GCST90199869,cancerType_celltype,CESC_Epi_CESC,tissue,Tumor,Adjacent,group2_higher,0.00015403950498837592,0.0026331235928180427
24361,1057,-0.03899031205279039,-0.14327484617134104,-0.1015088632702827,-0.2119964808225631,1.036069912392692,1.0113495202190277,0.10428453411855065,0.11048761755228038,,0.040730239243638756,-1.8775708095033359,3.27858628738866,3.27858628738866,0.0010743967924602112,13592307.5,3.0722726072420836,0.0021243714374648377,0.1007526918692541,0.05573054656392995,GCST90200560,cancerType_celltype,CESC_Epi_CESC,tissue,Tumor,Adjacent,group1_higher,0.0014370979667549244,0.002744567079871634
24361,1057,-0.01321144898745147,0.04355618078063366,-0.0147430123761296,0.0487668141722679,0.46046771234590794,0.6003408223148711,-0.05676762976808513,-0.0635098265483975,,-0.04315954927330425,1.7210126778232406,-3.035757278798161,-3.035757278798161,0.002455222073683116,12159756.0,-3.061625912397895,0.0022013995777838157,-0.1215284405315618,-0.055537417177765724,GCST90201011,cancerType_celltype,CESC_Epi_CESC,tissue,Tumor,Adjacent,group2_higher,0.003223957308699506,0.0028413897959463454
24361,1057,0.1167760192239361,0.1616193542847068,0.1358377933502197,0.196463406085968,0.4347782368950902,0.5585824465916774,-0.044843335060770706,-0.06062561273574829,,-0.03621794279137886,0.46885250951894664,-2.576402439289963,-2.576402439289963,0.010111498496166743,12160889.0,-3.0567746333878545,0.002237340189495374,-0.10177434419019477,-0.055449415732149676,GCST90200166,cancerType_celltype,CESC_Epi_CESC,tissue,Tumor,Adjacent,group2_higher,0.012784761085598582,0.002885046999320903
24361,1057,0.1257392329354327,0.10312326491888359,0.0919388681650161,0.0523293316364288,0.529781289989486,0.7887485855810386,0.022615968016549123,0.03960953652858731,,0.01797184647256665,0.28606250513700954,0.9232186064834876,0.9232186064834876,0.35609617175262065,13585387.5,3.0426425536238306,0.002345123804112187,0.04164959180098286,0.055193062006416715,GCST90199980,cancerType_celltype,CESC_Epi_CESC,tissue,Tumor,Adjacent,group1_higher,0.3812718633926331,0.0030211755623864947
24361,1057,0.12200296692235205,0.26408096092108585,0.09070785343647,0.106750451028347,0.9695240434007623,1.034273902671534,-0.1420779939987338,-0.016042597591876998,,-0.05928607016182229,1.1140576989914068,-4.383324511799657,-4.383324511799657,1.2768657169183638e-05,12166471.0,-3.0328736277090846,0.0024223873738907545,-0.1461256493718089,-0.05501585521191277,GCST90199986,cancerType_celltype,CESC_Epi_CESC,tissue,Tumor,Adjacent,group2_higher,1.920935951611181e-05,0.00311776580794438
24361,1057,0.05806778876734618,-0.028896918827614967,0.0192121565341949,-0.1182009503245353,1.3166096126404734,1.3202860742168945,0.08696470759496115,0.1374131068587302,,0.022918351236191934,1.0067973454276236,2.096715887208457,2.096715887208457,0.036236924577332644,13580222.5,3.0205270584015365,0.002523369445488449,0.06604433452491543,0.05479189036775245,GCST90200966,cancerType_celltype,CESC_Epi_CESC,tissue,Tumor,Adjacent,group1_higher,0.04398123615218556,0.00324467222094411
24361,1057,-0.01096583392102389,-0.06499639497011736,-0.0162169467657804,-0.1133964285254478,0.7722880261359367,0.6742610201016621,0.05403056104909347,0.0971794817596674,,0.027312655867078497,-2.5672348117005743,2.5341212391842554,2.5341212391842554,0.011401508629506554,13577525.0,3.0089769038299705,0.002621308893228688,0.07030979966488364,0.05458237236285468,GCST90200739,cancerType_celltype,CESC_Epi_CESC,tissue,Tumor,Adjacent,group1_higher,0.014375815228508263,0.0033674307459667313
24361,1057,-0.3289717188360825,-0.4363494356339727,-0.3825218379497528,-0.503810703754425,1.1644498678351718,1.0650001901328505,0.10737771679789021,0.12128886580467224,,0.03840239380163296,-0.4075192888808457,3.196103206841369,3.196103206841369,0.0014302901987855575,13575845.0,3.001783480408198,0.0026840489321840206,0.09252810552574232,0.054451884782418025,GCST90200879,cancerType_celltype,CESC_Epi_CESC,tissue,Tumor,Adjacent,group1_higher,0.0019037944735788232,0.003444782198273842
24361,1057,0.23659065126511772,0.1798183076726753,0.2039508074522018,0.082515962421894,0.8757914615682761,0.9068526975760591,0.05677234359244243,0.12143484503030778,,0.02638892005679226,0.39585123029642455,1.9953692715056912,1.9953692715056912,0.04623963564973258,13574960.0,2.9979940877128,0.002717648545026909,0.06472704383151139,0.054383145789152154,GCST90200944,cancerType_celltype,CESC_Epi_CESC,tissue,Tumor,Adjacent,group1_higher,0.05504333920575154,0.0034846236753261306
24361,1057,-0.08896000266433894,0.05882705148151312,-0.1312174648046493,0.0046370546333491,1.3148247704040081,1.5190336865410432,-0.14778705414585205,-0.1358545194379984,,-0.04735177750032127,-0.596668796812825,-3.1128623508790967,-3.1128623508790967,0.0018995411033890716,12176756.5,-2.98883317734918,0.002800469502716376,-0.1116269805717463,-0.05421696830204237,GCST90199673,cancerType_celltype,CESC_Epi_CESC,tissue,Tumor,Adjacent,group2_higher,0.0025087931433326596,0.003587443545303027
24361,1057,-0.1944993727376057,-0.27796100330730245,-0.2424817085266113,-0.3478967547416687,0.9180452327904968,0.8540132460807875,0.08346163056969674,0.1054150462150574,,0.042077059659074725,-0.5151147637428396,3.100532463689981,3.100532463689981,0.001978120530369278,13572659.0,2.9881416667047653,0.0028068138562564564,0.09116767183424507,0.05420442440666107,GCST90200872,cancerType_celltype,CESC_Epi_CESC,tissue,Tumor,Adjacent,group1_higher,0.0026075225173049573,0.003592194634814601
24361,1057,0.3935270531169725,0.3103756136734518,0.381261944770813,0.3003044724464416,0.8563245536271177,0.9225387778533544,0.08315143944352071,0.0809574723243714,,0.0420198876124388,0.34244662652521046,2.877085927858625,2.877085927858625,0.004088704846974432,13570677.5,2.979657280686764,0.0028857306079114885,0.09678030579864695,0.054050518965806704,GCST90199640,cancerType_celltype,CESC_Epi_CESC,tissue,Tumor,Adjacent,group1_higher,0.005297437933865163,0.003689728722873695
24361,1057,-0.5537892871442405,-0.45651398557868267,-0.6363838315010071,-0.4820304811000824,1.363249079997994,1.196537552804944,-0.0972753015655578,-0.15435335040092468,,-0.03251205953888419,-0.27867753173585036,-2.5716721119978185,-2.5716721119978185,0.01024261068068868,12180294.0,-2.9736863110667278,0.0029424776660395145,-0.07169832890448402,-0.05394220650692627,GCST90200770,cancerType_celltype,CESC_Epi_CESC,tissue,Tumor,Adjacent,group2_higher,0.012938534159201733,0.003758760130095462
24361,1057,0.46155473140405057,0.3786310416929713,0.4380650818347931,0.3203522861003876,1.0181745493830094,1.0118511439587423,0.08292368971107927,0.11771279573440552,,0.027862741877586382,0.2857083551716592,2.607733261231988,2.607733261231988,0.009232369986982724,13568900.5,2.9720485226983775,0.0029582199069548803,0.08146444939545372,0.05391249728102321,GCST90200876,cancerType_celltype,CESC_Epi_CESC,tissue,Tumor,Adjacent,group1_higher,0.011705786318379026,0.003774141057052235
24361,1057,-0.024304955150374688,0.12200651131482229,-0.0583301857113838,0.0212706718593835,1.5271267720216293,1.3730399815233827,-0.146311466465197,-0.07960085757076729,,-0.03985744090371431,2.3275882352288506,-3.3750448491376415,-3.3750448491376415,0.0007621932548010983,12180721.0,-2.971857982613694,0.0029600563389499917,-0.09619201204499678,-0.0539090409135653,GCST90200568,cancerType_celltype,CESC_Epi_CESC,tissue,Tumor,Adjacent,group2_higher,0.0010316478711955284,0.003774141057052235
24361,1057,-0.8116390014389254,-0.9311345275259086,-0.8695153594017029,-0.9632068276405334,1.093952707150212,1.096876429686434,0.11949552608698322,0.09369146823883057,,0.048391869773428416,-0.19815119884453808,3.467818693297935,3.467818693297935,0.0005441118108009297,13568589.0,2.970714742105591,0.002971096793034029,0.10922066425022164,0.05388830270881728,GCST90200771,cancerType_celltype,CESC_Epi_CESC,tissue,Tumor,Adjacent,group1_higher,0.0007423667648865537,0.0037846775036498893
24361,1057,-0.0659863788436237,0.01517679198301041,-0.0950933918356895,-0.0033869321923702,0.7630650513730707,0.82663721801192,-0.0811631708266341,-0.0917064596433193,,-0.04352726614097799,-2.1202281847086355,-3.134714744794686,-3.134714744794686,0.0017643411340326322,12188553.5,-2.938320786809508,0.0032999766104943214,-0.10598322662206608,-0.053300681405368366,GCST90199951,cancerType_celltype,CESC_Epi_CESC,tissue,Tumor,Adjacent,group2_higher,0.0023347543356179393,0.004199690121478768
24361,1057,-0.41533579034207435,-0.34063550735642745,-0.4557094573974609,-0.3908751904964447,0.7987221302070682,0.7890518989942963,-0.0747002829856469,-0.06483426690101618,,-0.036329822485269433,-0.2860486080732529,-3.0116774890666376,-3.0116774890666376,0.002654742294592551,12190482.0,-2.930063336173265,0.0033889525686567287,-0.09357154077376487,-0.05315089253699201,GCST90200535,cancerType_celltype,CESC_Epi_CESC,tissue,Tumor,Adjacent,group2_higher,0.0034725659765159765,0.004308901446902166
24361,1057,0.09112503263926038,0.03574772870773626,0.0330104269087314,-0.1134494915604591,0.955832872292734,0.9757023395029936,0.05537730393152412,0.1464599184691905,,0.024470041470928752,1.349971320292794,1.8079780902844562,1.8079780902844562,0.07087205620983746,13556792.0,2.920202351565919,0.0034980657549116357,0.05788568526266831,0.05297201581214317,GCST90200715,cancerType_celltype,CESC_Epi_CESC,tissue,Tumor,Adjacent,group1_higher,0.08313133615663378,0.00444348893191478
24361,1057,0.003134648205432987,-0.020463127769280248,0.0048923785798251,-0.0534783974289894,0.5099480398439425,0.7143629341328517,0.023597775974713235,0.058370776008814504,,0.017688556378236638,-2.7062615620945825,1.0622843433721294,1.0622843433721294,0.2883391034700057,13556283.0,2.918022915541108,0.0035226088000193763,0.045376540042751934,0.05293248118211813,GCST90200779,cancerType_celltype,CESC_Epi_CESC,tissue,Tumor,Adjacent,group1_higher,0.31365219316010995,0.004470498877492002
24361,1057,-0.04656173282915058,-0.12734588370133101,-0.0841190889477729,-0.1922037601470947,1.1332505494932452,1.0931534000182066,0.08078415087218044,0.1080846711993218,,0.029088952162425172,-1.4515160163842666,2.3484745977923636,2.3484745977923636,0.01901812415188525,13550496.0,2.8932441409328957,0.003812873963655528,0.07138850563627143,0.05248299807022083,GCST90199721,cancerType_celltype,CESC_Epi_CESC,tissue,Tumor,Adjacent,group1_higher,0.02360810857834207,0.004834369499965102
24361,1057,0.02822256687040274,-0.002030956331862299,0.0451693125069141,-0.0060359281487762,0.47815217551367667,0.7068120115903139,0.03025352320226504,0.0512052406556903,,0.022011781674087672,3.79595902298268,1.3779706921374524,1.3779706921374524,0.16849300086867813,13546151.0,2.874639721428371,0.004044915003463303,0.06176925554058623,0.052145516798198344,GCST90199831,cancerType_celltype,CESC_Epi_CESC,tissue,Tumor,Adjacent,group1_higher,0.18808841947912228,0.005123809618699332
24361,1057,-0.24692319193948353,-0.15955129635125767,-0.2722143828868866,-0.2494646459817886,0.6804588737310908,0.6977704584083084,-0.08737189558822586,-0.02274973690509799,,-0.05698373671878669,-0.6300388160662689,-3.989481915048832,-3.989481915048832,7.042281587287699e-05,12205340.0,-2.8664443568871376,0.004151139338683949,-0.1282642029135823,-0.05199685416191502,GCST90200243,cancerType_celltype,CESC_Epi_CESC,tissue,Tumor,Adjacent,group2_higher,0.00010168040046052047,0.005253484604109769
24361,1057,0.039273213171066405,0.1175628510865111,-0.0020138488616794,0.043901540338993,0.5149964500629931,0.665251550227504,-0.07828963791544469,-0.0459153892006724,,-0.06164437550429003,1.5817902461937368,-3.777301533814225,-3.777301533814225,0.0001669372281094627,12205995.5,-2.8636376372127494,0.004188096479883748,-0.14995112138322703,-0.05194594070419101,GCST90200031,cancerType_celltype,CESC_Epi_CESC,tissue,Tumor,Adjacent,group2_higher,0.0002355439357279479,0.0052953390557342744
24361,1057,0.4385671594343225,0.37568211826521736,0.357885330915451,0.1523775309324264,1.3063517351795475,1.4026273710739567,0.06288504116910515,0.2055077999830246,,0.02244429419131403,0.22328478610658428,1.430934648413748,1.430934648413748,0.1527237433046635,13542211.5,2.8577715716842804,0.0042663026913585984,0.047985800668186286,0.051839531189191934,GCST90200078,cancerType_celltype,CESC_Epi_CESC,tissue,Tumor,Adjacent,group1_higher,0.17189303230739583,0.005389222028101733
24361,1057,0.3060154656092001,0.25529454046329036,0.2993775606155395,0.2107723355293274,0.703097124797225,0.7637968667869796,0.05072092514590976,0.0886052250862121,,0.03050322502018752,0.26144094429225173,2.1203437069592934,2.1203437069592934,0.034193523358267246,13534117.0,2.8231125443702707,0.0047560190727002185,0.07187086102283287,0.05121082183214121,GCST90199865,cancerType_celltype,CESC_Epi_CESC,tissue,Tumor,Adjacent,group1_higher,0.04164948376882775,0.006002272218602221
24361,1057,-0.4981006584655634,-0.27920721364894824,-0.6436395645141602,-0.5408698320388794,1.3960203721449551,1.6771039949161,-0.21889344481661516,-0.10276973247528076,,-0.07117590214386327,-0.8350988317094544,-4.1809810647437,-4.1809810647437,3.128825531465362e-05,12220203.0,-2.8028039686027313,0.005066078788300021,-0.15537403744991862,-0.050842427430943804,GCST90200580,cancerType_celltype,CESC_Epi_CESC,tissue,Tumor,Adjacent,group2_higher,4.5855797842874064e-05,0.006387664559160896
24361,1057,-0.18551292445092035,-0.06416988691474534,-0.2323004156351089,-0.1708953082561493,0.8888576178829802,1.0758311425015097,-0.12134303753617501,-0.0614051073789596,,-0.05417703284355228,-1.5315366496928808,-3.6138504490018,-3.6138504490018,0.0003150835690499877,12222114.0,-2.794621449460465,0.005196086352176631,-0.13521590477078757,-0.050693997808197055,GCST90200368,cancerType_celltype,CESC_Epi_CESC,tissue,Tumor,Adjacent,group2_higher,0.0004346750046711875,0.0065455320684073455
24361,1057,0.2112904477587204,0.17296459871159678,0.1967704892158508,0.1388484835624694,0.6057126970178571,0.8002932433821197,0.038325849047123633,0.0579220056533814,,0.0267281497610815,0.2887492464333465,1.5379736749920745,1.5379736749920745,0.12434027306472642,13522276.0,2.7724117546457427,0.0055642969783257674,0.062315998537646286,0.050291117403598484,GCST90200566,cancerType_celltype,CESC_Epi_CESC,tissue,Tumor,Adjacent,group1_higher,0.14229705473318396,0.007002896381771026
24361,1057,0.2034964364578926,0.1061926437599114,0.1160113140940666,-0.0255697909742593,1.4339539387055384,1.3612397589358622,0.09730379269798119,0.1415811050683259,,0.030207111935867555,0.9383132044255219,2.2699760128943676,2.2699760128943676,0.02339188572454852,13517345.0,2.7512982005429096,0.005935996834574337,0.06799675887858649,0.04990812082078078,GCST90200541,cancerType_celltype,CESC_Epi_CESC,tissue,Tumor,Adjacent,group1_higher,0.02887965601681126,0.007463804137938027
24361,1057,-0.10084131905365669,-0.008743830190636345,-0.1530113518238067,-0.094473659992218,1.1271615016455918,0.996116507692495,-0.09209748886302034,-0.058537691831588703,,-0.03773772402897578,-3.52752702108249,-2.9257315936786257,-2.9257315936786257,0.0035024451862397817,12233209.0,-2.7471148822791767,0.006012246350354574,-0.08208174703596866,-0.04983223607906262,GCST90200538,cancerType_celltype,CESC_Epi_CESC,tissue,Tumor,Adjacent,group2_higher,0.004550841552759603,0.0075527113138555615
24361,1057,0.17016901924162564,0.27915882683221854,0.1331115514039993,0.2363189905881881,0.8130650775162571,1.0238305641594436,-0.1089898075905929,-0.10320743918418879,,-0.05007279222425887,0.7141144583106864,-3.414547728841861,-3.414547728841861,0.0006618707056268133,12250704.0,-2.67220479730066,0.007535512429360518,-0.13244637068831308,-0.04847337880540714,GCST90200653,cancerType_celltype,CESC_Epi_CESC,tissue,Tumor,Adjacent,group2_higher,0.0009003291135422621,0.009457553813276598
24361,1057,-0.057736915583795435,-0.09045330454323719,-0.0786628797650337,-0.1192499324679374,0.5843730629624362,0.6176640266165355,0.032716388959441754,0.040587052702903706,,0.023764994888478518,-0.6476701342244995,1.6895718193241418,1.6895718193241418,0.09138343555526403,13495247.5,2.6566811326484956,0.007891454617995513,0.05584965521916937,0.048191781946553824,GCST90200085,cancerType_celltype,CESC_Epi_CESC,tissue,Tumor,Adjacent,group1_higher,0.10591464512059938,0.009895172625876619
24361,1057,-0.24226667061871676,-0.1718895427526707,-0.2741872072219848,-0.2475119829177856,0.620514661424517,0.6347006989555278,-0.07037712786604605,-0.02667522430419922,,-0.047959659906708266,-0.4951117260127298,-3.5324533511088356,-3.5324533511088356,0.00042811029285974,12254536.0,-2.6557969410195694,0.007912174328246082,-0.11330854209218072,-0.0481757428481252,GCST90200372,cancerType_celltype,CESC_Epi_CESC,tissue,Tumor,Adjacent,group2_higher,0.0005876277232304387,0.009912034567462693
24361,1057,-0.16519925383612902,-0.10654082153647657,-0.1814349889755249,-0.1465011835098266,0.6338807180190132,0.6182976875362807,-0.05865843229965245,-0.0349338054656983,,-0.03670500088722846,-0.6327960516546834,-3.016385022051364,-3.016385022051364,0.002614065821839979,12256491.0,-2.6474260226924478,0.008110761683812572,-0.09263209674308476,-0.048023895693509844,GCST90200549,cancerType_celltype,CESC_Epi_CESC,tissue,Tumor,Adjacent,group2_higher,0.0034226433382976863,0.010151485927489932
24361,1057,0.004995453589850752,-0.025854997038061475,-0.00519196735695,-0.0692872405052185,0.5299894464322034,0.6601400419231351,0.030850450627912227,0.0640952731482685,,0.022570945201651746,-2.371522578669132,1.4985574370384482,1.4985574370384482,0.13427131534730127,13488755.0,2.6288815483831045,0.008566673377180107,0.0575539529783977,0.047687501817990974,GCST90200969,cancerType_celltype,CESC_Epi_CESC,tissue,Tumor,Adjacent,group1_higher,0.15263703320965108,0.010712271388161915
24361,1057,-0.5596283641172819,-0.4899845644441771,-0.6170010566711426,-0.4857349097728729,1.133254347303121,1.0973767482211216,-0.0696437996731048,-0.13126614689826965,,-0.025748472979630933,-0.19173241729022672,-2.017166689687774,-2.017166689687774,0.04390893242856348,12261428.0,-2.6262867777916794,0.008632259888192995,-0.061534406243095946,-0.047640433083619205,GCST90200540,cancerType_celltype,CESC_Epi_CESC,tissue,Tumor,Adjacent,group2_higher,0.05240619518400352,0.010784390676083456
24361,1057,0.09111023142983854,0.23258787531990738,0.0085515500977635,0.0928961038589477,1.10772376852852,1.2728965213557406,-0.14147764389006884,-0.0843445537611842,,-0.04563981020624822,1.352081281172707,-3.5555898459791226,-3.5555898459791226,0.000392779747336284,12262476.0,-2.6217994517523833,0.008746743345597163,-0.12687738887431205,-0.04755903368820391,GCST90199631,cancerType_celltype,CESC_Epi_CESC,tissue,Tumor,Adjacent,group2_higher,0.000540220782663325,0.010917409505539316
24361,1057,-0.05006338440222245,-0.09815562816470899,-0.0956902205944061,-0.1672500371932983,0.7453792633006874,0.7590032418887794,0.04809224376248654,0.07155981659889221,,0.02603255135978529,-0.9713010500239442,2.018214272950257,2.018214272950257,0.043801547944255934,13482813.5,2.6034412357280683,0.009229366441834445,0.06447111201299893,0.04722601850896435,GCST90200469,cancerType_celltype,CESC_Epi_CESC,tissue,Tumor,Adjacent,group1_higher,0.05232384736899285,0.01150926483094268
24361,1057,0.07590291039637523,0.01459953750619381,0.0459125116467475,-0.0360461808741092,0.7807742041544692,0.7817568782586267,0.061303372890181416,0.08195869252085669,,0.031028776987162214,2.378152730257557,2.4960294731137176,2.4960294731137176,0.01269849886042472,13474567.0,2.5681313748663745,0.01022490283938618,0.07851202701331529,0.04658550313273113,GCST90200191,cancerType_celltype,CESC_Epi_CESC,tissue,Tumor,Adjacent,group1_higher,0.015952123453234,0.012739069990935433
24361,1057,0.3752543322309546,0.3124127887381468,0.3288767337799072,0.2431781589984893,1.0068445546034739,0.9734159505098474,0.0628415434928078,0.08569857478141793,,0.026185158518449544,0.26441444224899413,2.05178950314024,2.05178950314024,0.04041496368728625,13472597.0,2.5596962295444152,0.010476433750988718,0.062499187253089866,0.04643249091043322,GCST90200598,cancerType_celltype,CESC_Epi_CESC,tissue,Tumor,Adjacent,group1_higher,0.04857636287986874,0.013040528952143948
24361,1057,-0.6329230651838064,-0.555777370220763,-0.6734784841537476,-0.5860264301300049,1.0113113795859336,0.9850429197370641,-0.07714569496304335,-0.08745205402374268,,-0.029184218147021913,-0.18752273443059217,-2.4899086714261727,-2.4899086714261727,0.01291741124014455,12278420.0,-2.5535304380400388,0.010663761324586343,-0.07636421706621468,-0.046320644412915946,GCST90200257,cancerType_celltype,CESC_Epi_CESC,tissue,Tumor,Adjacent,group2_higher,0.01621218372036558,0.0132615936910686
24361,1057,-0.1659869670552104,-0.19597598047955217,-0.2103310525417328,-0.3304559290409088,0.9467961271524364,1.0395225991243684,0.029989013424341765,0.12012487649917603,,0.013141704677233038,-0.2396055446061191,0.9214827433026948,0.9214827433026948,0.3569945588974114,13471018.0,2.55293526788788,0.010682000331384759,0.0315398646575207,0.04630984811905847,GCST90199899,cancerType_celltype,CESC_Epi_CESC,tissue,Tumor,Adjacent,group1_higher,0.38193373922854923,0.013272166318757909
24361,1057,0.06419833833403023,0.1690195763549781,0.0419448539614677,0.0808032229542732,0.8358830987622861,0.9509641023177179,-0.10482123802094788,-0.038858368992805495,,-0.04915100421944118,1.3965685555990717,-3.525028112511202,-3.525028112511202,0.00044041861248268695,12278949.0,-2.5512653660221116,0.010733322709601608,-0.1246420432872594,-0.046279556359314133,GCST90200141,cancerType_celltype,CESC_Epi_CESC,tissue,Tumor,Adjacent,group2_higher,0.0006033071043355802,0.013323787662283235
24361,1057,-0.2363868558057029,-0.1386794106130615,-0.2778093814849853,-0.2381286025047302,0.5817505362421936,0.7233094252441965,-0.0977074451926414,-0.0396807789802551,,-0.07565646329452184,-0.769391907100696,-4.331418945402605,-4.331418945402605,1.614807558856701e-05,12282606.5,-2.5356046837809614,0.011225405832377171,-0.1660813623802663,-0.04599547402273829,GCST90199811,cancerType_celltype,CESC_Epi_CESC,tissue,Tumor,Adjacent,group2_higher,2.4160073575430117e-05,0.013921954640154763
24361,1057,0.12165439014299056,0.1862717324656601,0.1030377373099327,0.1448893696069717,0.5506785410299003,0.6347161550933503,-0.06461734232266952,-0.04185163229703902,,-0.044454547704357084,0.6146162581398065,-3.2570793671765035,-3.2570793671765035,0.0011592298708939395,12286666.0,-2.5182227180781727,0.01179494292790135,-0.11654862805161524,-0.04568016787227225,GCST90199661,cancerType_celltype,CESC_Epi_CESC,tissue,Tumor,Adjacent,group2_higher,0.0015475321391071886,0.014615006555208674
24361,1057,0.1759961497144886,0.11118915771854937,0.1405581086874008,0.0370136946439743,0.8758625189922725,0.8917440700900521,0.06480699199593923,0.10354441404342649,,0.030965628825981445,0.6625229746415561,2.31480817005339,2.31480817005339,0.020799433351255548,13461481.5,2.5121018854701824,0.012001516175070392,0.0739360114186701,0.045569136922132714,GCST90200295,cancerType_celltype,CESC_Epi_CESC,tissue,Tumor,Adjacent,group1_higher,0.025748980615587024,0.014857462803470433
24361,1057,-0.36439576356234776,-0.25109471321390553,-0.4162454009056091,-0.3918050229549408,0.9617959972442122,0.9571535118783243,-0.11330105034844223,-0.02444037795066828,,-0.051888822340595234,-0.5372727470418062,-3.766855056690096,-3.766855056690096,0.0001736862778260265,12291939.5,-2.4956426475932223,0.012572995035906894,-0.11782511597995125,-0.0452705689107048,GCST90200955,cancerType_celltype,CESC_Epi_CESC,tissue,Tumor,Adjacent,group2_higher,0.00024430794290699085,0.015550809649674317
24361,1057,0.0771056699710376,0.23109734025941883,0.053238358348608,0.0528785027563571,1.1992169248137372,1.2364375252241862,-0.15399167028838123,0.0003598555922509003,,-0.06543873119000633,1.58357933011611,-3.9689493332978425,-3.9689493332978425,7.668759834039843e-05,12293306.5,-2.4897894274637205,0.012781956957672985,-0.12824235448215351,-0.045164392409242304,GCST90199677,cancerType_celltype,CESC_Epi_CESC,tissue,Tumor,Adjacent,group2_higher,0.00011049175109721254,0.015794929585954923
24361,1057,-0.2214660443091348,-0.161094209607717,-0.2596902549266815,-0.2022146731615066,0.6469114188802504,0.6745879999081973,-0.0603718347014178,-0.05747558176517492,,-0.03424617967942178,-0.45917843852507456,-2.8532320611252313,-2.8532320611252313,0.00440581440936518,12294466.5,-2.484822539862973,0.012961680979304172,-0.09315420995157284,-0.04507429384179784,GCST90200905,cancerType_celltype,CESC_Epi_CESC,tissue,Tumor,Adjacent,group2_higher,0.00568129142853807,0.01600251012209383
24361,1057,0.09057156080322418,0.1270279977806005,0.1082724705338478,0.1558765918016433,0.4264392995956467,0.6581534229605939,-0.03645643697737633,-0.04760412126779549,,-0.028082034792083127,0.4880119151860312,-1.7846979635877513,-1.7846979635877513,0.07458714303539982,12299116.0,-2.4649143123632524,0.01370468397812088,-0.08313679660063551,-0.04471316169582129,GCST90200954,cancerType_celltype,CESC_Epi_CESC,tissue,Tumor,Adjacent,group2_higher,0.0871889159153087,0.016904510644505665
24361,1057,-0.20536007292523098,-0.23480724188756433,-0.2411030232906341,-0.3224924206733703,0.7594644624222381,0.7740518494293214,0.029447168962333348,0.0813893973827362,,0.015080140100119467,-0.19332031013889772,1.2117841345901972,1.2117841345901972,0.22584481876348708,13447960.0,2.454205531424054,0.014119709438165306,0.03874239445329002,0.044518906077563924,GCST90200970,cancerType_celltype,CESC_Epi_CESC,tissue,Tumor,Adjacent,group1_higher,0.24925221698350838,0.01740069074522542
24361,1057,-0.1767614084872726,-0.10049525385113127,-0.2264088839292526,-0.1958877444267273,0.7892489558100672,0.8251023390232698,-0.07626615463614132,-0.030521139502525302,,-0.042340422460871524,-0.8146697700920921,-2.9471854835565465,-2.9471854835565465,0.0032719898382448345,12302375.5,-2.4509577863851173,0.014247750871022967,-0.0964453126129061,-0.04445999248842025,GCST90200431,cancerType_celltype,CESC_Epi_CESC,tissue,Tumor,Adjacent,group2_higher,0.004263596701269321,0.017542623701178234
24361,1057,-0.03961258451293596,-0.08022628098391124,-0.0647298470139503,-0.1138868927955627,0.7924692123314442,0.8503225849029534,0.040613696470975284,0.049157045781612396,,0.022297735202409547,-1.0180976508684578,1.5243804496344706,1.5243804496344706,0.12769177946364937,13446454.0,2.447757141142394,0.014374936509525097,0.051089188279540336,0.044401933282243844,GCST90200721,cancerType_celltype,CESC_Epi_CESC,tissue,Tumor,Adjacent,group1_higher,0.14600997936992793,0.017683247709821936
24361,1057,0.4028864090158784,0.48854495626348915,0.3976431787014007,0.4407612979412079,0.6358762108567776,0.9332195314445983,-0.08565854724761074,-0.043118119239807184,,-0.0494652052999581,0.2781175599185473,-2.954564827707917,-2.954564827707917,0.003197829371196639,12308892.0,-2.423055438927986,0.015390668455991977,-0.13159198375765252,-0.04395384825156545,GCST90200492,cancerType_celltype,CESC_Epi_CESC,tissue,Tumor,Adjacent,group2_higher,0.004170948739656478,0.018915672773234502
24361,1057,0.21126914190538276,0.26197735087526036,0.2171038687229156,0.2813214957714081,0.6830630721881278,0.6895400302920617,-0.0507082089698776,-0.06421762704849249,,-0.029842338444116254,0.31035870612120836,-2.3415425769383558,-2.3415425769383558,0.019374582575547326,12311455.0,-2.4120811864101275,0.015861842237337113,-0.0742071274786606,-0.04375477702022057,GCST90199622,cancerType_celltype,CESC_Epi_CESC,tissue,Tumor,Adjacent,group2_higher,0.02400686913679182,0.01947719907161305
24361,1057,0.26367896227391846,0.22072772194866871,0.2902131080627441,0.2474679946899414,0.4956673230187215,0.6918620192402074,0.042951240325249745,0.04274511337280268,,0.027526512938971865,0.25651357115446527,1.9962314415385156,1.9962314415385156,0.046154110877676735,13428281.0,2.3699439959972337,0.017790882871279355,0.08499509155727314,0.04299041494934075,GCST90200310,cancerType_celltype,CESC_Epi_CESC,tissue,Tumor,Adjacent,group1_higher,0.054989556928560654,0.02182625864406279
24361,1057,0.02473453238860672,0.023237360806070893,0.0054538114927709,-0.0390842892229557,0.546098601215286,0.7933608793067707,0.0014971715825358271,0.0445381007157266,,0.0010842094361029227,0.09007664418185972,0.060732260458587393,0.060732260458587393,0.951583472546575,13427337.5,2.3659041180219704,0.017986205841600874,0.0026804336911120464,0.04291713219211335,GCST90199933,cancerType_celltype,CESC_Epi_CESC,tissue,Tumor,Adjacent,group1_higher,0.9572016775505401,0.02203782718170408
24361,1057,-0.16775703401275063,-0.16705914922327317,-0.1770767122507095,-0.2426539957523346,0.5323794211098858,0.7072542411495353,-0.0006978847894774654,0.06557728350162509,,-0.0005724332616629746,-0.006014227622052427,-0.03169360614299214,-0.03169360614299214,0.9747220991003015,13427292.0,2.3657092961376307,0.017995672526219104,-0.0012905332964216732,0.042913598153476507,GCST90200726,cancerType_celltype,CESC_Epi_CESC,tissue,Tumor,Adjacent,group2_higher,0.9775910383176681,0.02203782718170408
24361,1057,-0.170805522988934,-0.10849390587765705,-0.1967253535985946,-0.1563377231359481,0.3807873002865503,0.5719127862712058,-0.06231161711127696,-0.04038763046264651,,-0.06043293288767049,-0.6547357656686377,-3.5086464738290317,-3.5086464738290317,0.00046864561508970336,12322764.5,-2.3636561732026666,0.018095702471608417,-0.15953004003537147,-0.042876354823226825,GCST90200533,cancerType_celltype,CESC_Epi_CESC,tissue,Tumor,Adjacent,group2_higher,0.0006413292905293832,0.022140433095872776
24361,1057,0.18151344266755715,0.22549996620982402,0.1914047300815582,0.2560168504714966,0.4722325441238364,0.6561689474841285,-0.04398652354226687,-0.06461212038993838,,-0.03241153430755868,0.3130492704846473,-2.1553387750869213,-2.1553387750869213,0.031350979849551736,12323339.5,-2.3611941384005717,0.018216296768865558,-0.0913955168807141,-0.04283169389539876,GCST90199644,cancerType_celltype,CESC_Epi_CESC,tissue,Tumor,Adjacent,group2_higher,0.03837461112102433,0.02226799326992265
24361,1057,-0.15466610501882863,-0.14163673764834064,-0.1797220259904861,-0.2465791255235672,0.5393884599536665,0.7176559891634545,-0.013029367370487988,0.06685709953308111,,-0.010872386004421536,-0.12696068833185026,-0.5831581130409476,-0.5831581130409476,0.5599054967981625,13421908.0,2.3426560867907127,0.019147133081543657,-0.023778333951372715,0.04249541652664823,GCST90200017,cancerType_celltype,CESC_Epi_CESC,tissue,Tumor,Adjacent,group2_higher,0.5870393785660735,0.02338489461482438
24361,1057,-0.16773725834022957,-0.10780845776426297,-0.1915470659732818,-0.1542949676513672,0.515330774302791,0.6134454968979127,-0.0599288005759666,-0.03725209832191462,,-0.04279082639360963,-0.637728034996733,-3.128584502195852,-3.128584502195852,0.0018017944662548765,12328800.0,-2.337813371379984,0.01939704277247316,-0.11529731520490742,-0.04240757042338983,GCST90200456,cancerType_celltype,CESC_Epi_CESC,tissue,Tumor,Adjacent,group2_higher,0.0023820037415183282,0.023668907161039317
24361,1057,0.39395604613125634,0.3632718698605276,0.364866554737091,0.2989793121814728,0.7013679663194882,0.8045027431861104,0.030684176270728725,0.06588724255561823,,0.018528214648010244,0.11698471288440176,1.2200539048718957,1.2200539048718957,0.2226997363541248,13419692.0,2.3331676187534223,0.019639461956830917,0.043464890632831675,0.0423232971943579,GCST90199773,cancerType_celltype,CESC_Epi_CESC,tissue,Tumor,Adjacent,group1_higher,0.246179838321713,0.02394327964862302
24361,1057,-0.430495829686723,-0.3583158638214101,-0.4857044219970703,-0.4201093018054962,0.9408430054055255,0.9284365791791156,-0.07217996586531289,-0.0655951201915741,,-0.03094087753790797,-0.2647666690718694,-2.473067580116084,-2.473067580116084,0.01353931074262381,12330021.0,-2.332585294000231,0.019670033992002598,-0.0767601851194766,-0.04231273391403667,GCST90199752,cancerType_celltype,CESC_Epi_CESC,tissue,Tumor,Adjacent,group2_higher,0.01696908620574055,0.023959120939320414
24361,1057,0.13288685985637258,0.11273739199793317,0.1635583490133285,0.1082579419016838,0.47312858946463743,0.6855789636102931,0.020149467858439407,0.0553004071116447,,0.014454012272461196,0.2372304159532707,0.9458060831483688,0.9458060831483688,0.3444551955846593,13416770.0,2.3206562001591253,0.02030552205110811,0.04164690439437019,0.04209634200981238,GCST90200008,cancerType_celltype,CESC_Epi_CESC,tissue,Tumor,Adjacent,group1_higher,0.3693882231171445,0.024711095138982456
24361,1057,0.2618569719794721,0.28636524693484444,0.2415114939212799,0.3346883356571197,0.5628510435542154,0.7270158438062346,-0.024508274955372333,-0.09317684173583979,,-0.0169516344282442,0.12907693008721915,-1.082010167882598,-1.082010167882598,0.2794826718425787,12334968.0,-2.311403231102905,0.020810710795025594,-0.042950779063906645,-0.04192849459235781,GCST90200572,cancerType_celltype,CESC_Epi_CESC,tissue,Tumor,Adjacent,group2_higher,0.3049918988962648,0.025303299566119434
24361,1057,-0.09992662941371064,-0.16755727057152692,-0.1428017318248748,-0.1969774514436721,0.8055565448435006,0.6423788641899089,0.06763064115781628,0.0541757196187973,,0.04119245956307528,-0.7457073636732908,3.311745236426496,3.311745236426496,0.0009546552752644616,13413882.5,2.308292503652954,0.020982992100853207,0.08459749935771393,0.041872066480936665,GCST90200044,cancerType_celltype,CESC_Epi_CESC,tissue,Tumor,Adjacent,group1_higher,0.001281965655355134,0.02549003407617016
24361,1057,-0.026732271829480354,0.030613540828050897,-0.0042622634209692,-0.0063302745111286,0.3956672890839654,0.5216833785057078,-0.05734581265753125,0.0020680110901593997,,-0.052441482373554595,0.1955806281747192,-3.5300346726808147,-3.5300346726808147,0.00043254214135560664,12335774.0,-2.3079521005803167,0.021001919863282266,-0.1427610072199029,-0.04186589162221965,GCST90199879,cancerType_celltype,CESC_Epi_CESC,tissue,Tumor,Adjacent,group2_higher,0.000593113620390032,0.025490308792211692
24361,1057,0.16125313968468696,0.22637866320568265,0.1480904370546341,0.1869318634271621,0.5582588428319473,0.7650731444700758,-0.06512552352099568,-0.03884142637252799,,-0.03871100260220805,0.48940816203099363,-2.7360645947811593,-2.7360645947811593,0.006317476034579755,12336263.0,-2.305858300548622,0.021118670980319904,-0.11458657658663776,-0.04182791041577105,GCST90199829,cancerType_celltype,CESC_Epi_CESC,tissue,Tumor,Adjacent,group2_higher,0.008092781799936284,0.025609206891615683
24361,1057,0.0019474904201086942,0.08118730275045866,-0.052294198423624,0.0110805816948413,0.5971956641505515,0.7662308214554351,-0.07923981233034996,-0.0633747801184653,,-0.061599461389129424,5.380843141773511,-3.3187314922175357,-3.3187314922175357,0.0009335702046246784,12337670.0,-2.2998338084328878,0.021457758609949938,-0.13094033472895938,-0.041718627067155345,GCST90200053,cancerType_celltype,CESC_Epi_CESC,tissue,Tumor,Adjacent,group2_higher,0.0012573677755962813,0.025997266653654903
24361,1057,0.2557115790372809,0.16542768543495823,0.1905322670936584,-0.0155097795650362,1.731408283010874,1.6345220237708653,0.0902838936023227,0.20604204665869458,,0.021627415881705466,0.6283137111144859,1.7536156787984356,1.7536156787984356,0.07976019560327731,13411238.0,2.296969284463146,0.0216206441358427,0.05226301853332573,0.041666665048517126,GCST90200808,cancerType_celltype,CESC_Epi_CESC,tissue,Tumor,Adjacent,group1_higher,0.09299670368457398,0.026171348096939252
24361,1057,-0.1626135614296316,-0.22769776756484972,-0.2172900140285492,-0.3050643503665924,1.017995200093558,0.9995801773485667,0.06508420613521812,0.08777433633804321,,0.026273166791644174,-0.48567003252068397,2.0707936194775947,2.0707936194775947,0.038600183488077026,13409835.0,2.290961919546035,0.021965740038730266,0.06398137712543839,0.041557692384616596,GCST90200087,cancerType_celltype,CESC_Epi_CESC,tissue,Tumor,Adjacent,group1_higher,0.04651816984460565,0.026565486843646277
24361,1057,-0.19855925924564186,-0.09588448758038376,-0.2866942882537842,-0.1900366246700287,0.9328075166179404,1.0335040668262923,-0.1026747716652581,-0.0966576635837555,,-0.0417734104242681,-1.0501925214927352,-3.174287847739328,-3.174287847739328,0.001542543222894559,12340670.5,-2.286986268565609,0.02219674955835365,-0.10955402290515005,-0.041485574695071636,GCST90200935,cancerType_celltype,CESC_Epi_CESC,tissue,Tumor,Adjacent,group2_higher,0.0020492070300246433,0.026821072383010663
24361,1057,0.10104414153413047,0.06970522782200103,0.0747182965278625,-0.017963396385312,0.8495947736166409,0.9125090850094971,0.031338913712129435,0.09268169291317449,,0.015904686597515573,0.5356404926530876,1.0961416833476365,1.0961416833476365,0.27324891791485223,13407949.0,2.2828864453951643,0.022437184259624824,0.03676976141997573,0.04141120454134062,GCST90200047,cancerType_celltype,CESC_Epi_CESC,tissue,Tumor,Adjacent,group1_higher,0.2989071228875952,0.027087583831593123
24361,1057,-0.08335412882440119,-0.04083506939421666,-0.1072835177183151,-0.0427293516695499,0.4608234750850748,0.5925209355832968,-0.042519059430184525,-0.0645541660487652,,-0.03848200909628331,-1.0294269619171095,-2.3029896083621564,-2.3029896083621564,0.021463289380497498,12342201.0,-2.2804329741923812,0.0225821486587497,-0.0910403453401629,-0.041366698955870196,GCST90199886,cancerType_celltype,CESC_Epi_CESC,tissue,Tumor,Adjacent,group2_higher,0.026546700023246907,0.02723846780696977
24361,1057,-0.0189699073118467,-0.046300157411374214,-0.0486681871116161,-0.1019693166017532,0.6481216108453973,0.7174222890918004,0.027330250099527515,0.05330112949013709,,0.017161250123711648,-1.2872595782145613,1.2171658593348285,1.2171658593348285,0.22379478829493432,13402078.5,2.2577501405156912,0.023961374844695665,0.04197241972109068,0.0409552358860108,GCST90200404,cancerType_celltype,CESC_Epi_CESC,tissue,Tumor,Adjacent,group1_higher,0.24718986746028807,0.02887652865899221
24361,1057,0.1458994697692907,0.28408322357612265,0.11127220839262,0.1615940630435943,0.849248301744281,1.1021384057836214,-0.13818375380683195,-0.0503218546509743,,-0.06338887897262832,0.9613341862230473,-4.024714450633164,-4.024714450633164,6.0909571892819263e-05,12347815.0,-2.2563949509246255,0.0240460415300831,-0.16044830332799576,-0.04093065295791076,GCST90200246,cancerType_celltype,CESC_Epi_CESC,tissue,Tumor,Adjacent,group2_higher,8.82250228373142e-05,0.028952963432423377
24361,1057,-0.32450544986362223,-0.2511333651273919,-0.3523299694061279,-0.3048748672008514,0.6738608959013968,0.7054291338013859,-0.0733720847362303,-0.04745510220527649,,-0.04096634444378134,-0.36978769346002843,-3.316525791998687,-3.316525791998687,0.0009401462057584207,12350448.0,-2.2451209724308594,0.024760504992169422,-0.10866688113253856,-0.040726144744047676,GCST90200867,cancerType_celltype,CESC_Epi_CESC,tissue,Tumor,Adjacent,group2_higher,0.0012637270990618614,0.029786909359511848
24361,1057,0.5417847486403701,0.4595297573718803,0.4813350737094879,0.4163306951522827,1.311325510436176,1.4178217929203727,0.08225499126848979,0.0650043785572052,,0.02515227355369616,0.2375610173869715,1.852100305600324,1.852100305600324,0.06427076361612062,13398580.0,2.242770264419816,0.024911771049358756,0.06250750218899902,0.04068350326686909,GCST90200172,cancerType_celltype,CESC_Epi_CESC,tissue,Tumor,Adjacent,group1_higher,0.07564857582795545,0.029942454973788345
24361,1057,0.17447690269646468,0.28590295600156146,0.10716462880373,0.205683097243309,1.078825807255411,1.1773876618383083,-0.11142605330509678,-0.098518468439579,,-0.04194360565566712,0.712486249071923,-3.022282440558256,-3.022282440558256,0.0025650515898667414,12351647.0,-2.239987094643535,0.02509189969920047,-0.10287702237581144,-0.040633017000628824,GCST90200346,cancerType_celltype,CESC_Epi_CESC,tissue,Tumor,Adjacent,group2_higher,0.0033616974201811233,0.030132387039656598
24361,1057,-0.03787316966662757,-0.0515836097043212,-0.0671165585517883,-0.1067093685269355,0.550649096273102,0.6706219552399572,0.01371044003769363,0.03959280997514719,,0.010037540029162512,-0.44572644096894626,0.655163953924565,0.655163953924565,0.5124968985244278,13394371.0,2.2247481696684828,0.026098292401287467,0.024652442505395795,0.04035658527516772,GCST90200957,cancerType_celltype,CESC_Epi_CESC,tissue,Tumor,Adjacent,group1_higher,0.5394079325782202,0.031313356111756
24361,1057,-0.12517261928703094,-0.16220176894807625,-0.1828596144914627,-0.2990225255489349,1.0727157345126013,1.103589059127826,0.03702914966104531,0.11616291105747217,,0.015517395413635256,-0.3738679058450356,1.0691766251006611,1.0691766251006611,0.28521557652288104,13393992.5,2.223127508498756,0.02620734753386108,0.034477274547437334,0.04032718673398006,GCST90200913,cancerType_celltype,CESC_Epi_CESC,tissue,Tumor,Adjacent,group1_higher,0.3109990646405495,0.03141654765932511
24361,1057,-0.1273783031943771,-0.1512014168523236,-0.1528721451759338,-0.2083722651004791,0.6873984610750805,0.7182566009316216,0.02382311365794651,0.05550011992454529,,0.01313417544219248,-0.24735031500035976,1.057532750257104,1.057532750257104,0.29049225507380866,13392306.0,2.2159062533792206,0.0266980698369437,0.034591016852093565,0.04019619429088106,GCST90200745,cancerType_celltype,CESC_Epi_CESC,tissue,Tumor,Adjacent,group1_higher,0.3154907917654193,0.03197668645672607
24361,1057,0.18347667213067487,0.17185861148834916,0.1680271476507187,0.1302386969327926,0.5497461740581302,0.7032256178697046,0.011618060642325706,0.03778845071792608,,0.00860546295221929,0.0943739697861051,0.5301435700763917,0.5301435700763917,0.5961181632196786,13391810.0,2.2137824807499356,0.026843893144472615,0.020859559085934905,0.040157669386180705,GCST90199915,cancerType_celltype,CESC_Epi_CESC,tissue,Tumor,Adjacent,group1_higher,0.6240468943689876,0.03212311356972448
24361,1057,-0.19284920714236042,-0.1175066470053988,-0.2126657962799072,-0.2071690261363983,0.47268320818983806,0.5824217653538328,-0.07534256013696163,-0.005496770143508911,,-0.06233486771771565,-0.7147260499583623,-4.146880034415718,-4.146880034415718,3.6255739032604994e-05,12363717.5,-2.188303631897997,0.028647648370034796,-0.15770459557013483,-0.03969548703654435,GCST90200105,cancerType_celltype,CESC_Epi_CESC,tissue,Tumor,Adjacent,group2_higher,5.290853565464733e-05,0.03425153046347142
24361,1057,-0.3253837098925903,-0.41597286113357224,-0.3990872502326965,-0.487395167350769,1.5370786171051376,1.4281188545575754,0.09058915124098194,0.08830791711807251,,0.024938619108186337,-0.35434641636485903,2.0123356442554474,2.0123356442554474,0.0444144295866994,13384954.0,2.1844264623096548,0.02893108266033522,0.05910407306390775,0.03962515578411252,GCST90199686,cancerType_celltype,CESC_Epi_CESC,tissue,Tumor,Adjacent,group1_higher,0.05296313869350069,0.03456009260827073
24361,1057,0.16512032873479354,0.18485772648611254,0.0975217819213867,-0.047473881393671,1.1568848901013908,1.6384264134437854,-0.019737397751318997,0.1449956633150577,,-0.007066295923181562,0.16289666402876882,-0.3874833988013528,-0.3874833988013528,0.6984731865518149,13381104.0,2.16794153363476,0.03016329814832197,-0.01671515062580559,0.039326121745611564,GCST90199963,cancerType_celltype,CESC_Epi_CESC,tissue,Tumor,Adjacent,group2_higher,0.723418657500094,0.0360005038320165
24361,1057,0.44200485063172695,0.3661393457311766,0.3656232953071594,0.2745919227600097,1.2996099114819815,1.1510799814389692,0.07586550490055033,0.09103137254714971,,0.020975695433824364,0.27166871021448324,2.085866685068368,2.085866685068368,0.03720583414370967,13380675.0,2.1661046415824146,0.03030335516413287,0.058638722893214625,0.03929280080989295,GCST90200327,cancerType_celltype,CESC_Epi_CESC,tissue,Tumor,Adjacent,group1_higher,0.045036902253886575,0.036136021949880234
24361,1057,-0.823580962778419,-0.7443932501818421,-0.8778036236763,-0.8026877641677856,1.2964904404048536,1.2263927756458108,-0.07918771259657686,-0.0751158595085144,,-0.02393575616476458,-0.14584532209746368,-2.050139420039191,-2.050139420039191,0.040575067642893925,12375092.5,-2.13959816081308,0.03238742855384929,-0.061212454426516696,-0.038811977377337104,GCST90200988,cancerType_celltype,CESC_Epi_CESC,tissue,Tumor,Adjacent,group2_higher,0.04872583012974839,0.03858746950952498
24361,1057,-0.3661794379145012,-0.311897409188329,-0.420718103647232,-0.3134656548500061,0.984493614674081,0.9190540932656086,-0.054282028726172216,-0.1072524487972259,,-0.021821251300511848,-0.23147852717663053,-1.8741386436184573,-1.8741386436184573,0.061161721952326664,12377209.0,-2.1305357318415434,0.03312758562675109,-0.055284810188415946,-0.038647586327340444,GCST90200139,cancerType_celltype,CESC_Epi_CESC,tissue,Tumor,Adjacent,group2_higher,0.07223867159533903,0.039434846470970945
24361,1057,-0.5074421502094567,-0.6028129115580727,-0.5645347237586975,-0.6702523827552795,1.536256153365844,1.471633696050025,0.095370761348616,0.10571765899658203,,0.023238395151378585,-0.24846650783318336,2.058832108168873,2.058832108168873,0.039733565567183486,13370156.0,2.1210643910028764,0.03391656420113953,0.062186477534821524,0.03847577767976529,GCST90199787,cancerType_celltype,CESC_Epi_CESC,tissue,Tumor,Adjacent,group1_higher,0.047799514446664686,0.04033881065109353
24361,1057,-0.0034962552663333635,-0.05089398286628181,-0.0275720879435539,-0.1358805447816848,1.1026564152515208,1.0063478572307853,0.047397727599948446,0.1083084568381309,,0.016541297576588065,-3.8632284370969807,1.4928638515392283,1.4928638515392283,0.13574271599580617,13367407.5,2.1092958646488635,0.034919236210956224,0.043134997220755214,0.03826229844474738,GCST90200730,cancerType_celltype,CESC_Epi_CESC,tissue,Tumor,Adjacent,group1_higher,0.1541811015852365,0.041495134224527754
24361,1057,0.3811611471434984,0.45294110498777895,0.3264681398868561,0.393116146326065,1.000320199298862,1.016297304039608,-0.07177995784428054,-0.06664800643920893,,-0.029553410022721712,0.24892180326171615,-2.249461983751564,-2.249461983751564,0.024672235420724945,12383061.0,-2.105478640255703,0.03524985088536337,-0.07170903017021622,-0.03819305458881905,GCST90199771,cancerType_celltype,CESC_Epi_CESC,tissue,Tumor,Adjacent,group2_higher,0.030432811654704163,0.04185152156511348
24361,1057,-0.011558789348556083,-0.0077405836197037454,-0.0138637740164995,-0.1192014887928962,0.5963852868848717,0.6891704447953284,-0.0038182057288523377,0.1053377147763967,,-0.0026610158752091557,-0.5784144885486974,-0.17726653833094058,-0.17726653833094058,0.8593309229712607,13364734.5,2.0978506141688653,0.035918532954890996,-0.006358103381733298,0.03805468338373097,GCST90200283,cancerType_celltype,CESC_Epi_CESC,tissue,Tumor,Adjacent,group2_higher,0.8721281072299542,0.042608320641876786
24361,1057,0.31009538882087084,0.2475538573524313,0.2723139822483063,0.1567369252443313,1.1573364031140545,0.9647248506128204,0.06254153146843955,0.11557705700397497,,0.024666533989457902,0.3249684682131735,2.0447935786901232,2.0447935786901232,0.04109451224376052,13363953.0,2.094504387737844,0.03621526312642717,0.054385066525649256,0.03799398335747428,GCST90200403,cancerType_celltype,CESC_Epi_CESC,tissue,Tumor,Adjacent,group1_higher,0.04930617974317393,0.042922959688104556
24361,1057,0.008100863428540203,0.00032072102194149733,-0.0230850297957658,-0.0486078038811683,0.5674229233159672,0.6478057285026745,0.0077801424065987055,0.025522774085402503,,0.006110887583434468,4.654371653042103,0.3841221043968383,0.3841221043968383,0.7009603825031104,13356620.5,2.063108091761567,0.03910256291484671,0.013625752726345839,0.03742445943869299,GCST90200561,cancerType_celltype,CESC_Epi_CESC,tissue,Tumor,Adjacent,group1_higher,0.7254434330688987,0.046304772591603885
24361,1057,-0.057352518079229274,-0.033667089495774405,-0.0503731407225132,-0.1040316224098205,0.3793233415660611,0.513987519083851,-0.02368542858345487,0.0536584816873073,,-0.023053728299402984,-0.7685001268377135,-1.4807928789426077,-1.4807928789426077,0.13894646135443262,13352530.5,2.0455955311692757,0.04079639231953937,-0.06138421283347453,0.037106784317272545,GCST90199999,cancerType_celltype,CESC_Epi_CESC,tissue,Tumor,Adjacent,group2_higher,0.15742645621454002,0.048268648204455
24361,1057,-0.7681396682992847,-0.8435187711708191,-0.790360152721405,-0.825552761554718,0.9726178598136768,1.1462451723201899,0.07537910287153438,0.03519260883331299,,0.0317080816727785,-0.13505135064656154,2.1053828902740626,2.1053828902740626,0.03547961425190001,13351909.5,2.0429365335830134,0.04105893315621394,0.07688259964145462,0.037058550515218114,GCST90200986,cancerType_celltype,CESC_Epi_CESC,tissue,Tumor,Adjacent,group1_higher,0.043100458311354464,0.04853714301120521
24361,1057,-0.4797604989056359,-0.5305049687502496,-0.5156708359718323,-0.5459972023963928,0.7024509813242535,0.8683920139869601,0.05074446984461367,0.030326366424560547,,0.030402731860969062,-0.1450515977725504,1.8734032285496223,1.8734032285496223,0.06127373703214767,13351355.5,2.040564416573691,0.04129435508546535,0.07145919542718497,0.03701552068214564,GCST90200162,cancerType_celltype,CESC_Epi_CESC,tissue,Tumor,Adjacent,group1_higher,0.07230831478339157,0.048773142098344255
24361,1057,-0.3856848531247051,-0.4205491170273365,-0.437011569738388,-0.5072830319404602,0.8522211626924365,0.9446348524076353,0.03486426390263142,0.0702714622020722,,0.0168257452701504,-0.12485150774422298,1.1792824104179578,1.1792824104179578,0.23853356639061,13351030.0,2.0391706907857223,0.0414332085708537,0.04071693955251497,0.036990238713435986,GCST90199881,cancerType_celltype,CESC_Epi_CESC,tissue,Tumor,Adjacent,group1_higher,0.2626181348872386,0.048894773404392716
24361,1057,-0.20537467298164938,-0.23193983030316043,-0.2454927563667297,-0.3316946029663086,0.8064010764535373,0.7787831825274846,0.026565157321511046,0.08620184659957889,,0.013121588952652237,-0.17549150823563897,1.084075051117251,1.084075051117251,0.27855748260945307,13349226.0,2.031446324206629,0.042209956249015954,0.032989030356255625,0.036850119906824075,GCST90200305,cancerType_celltype,CESC_Epi_CESC,tissue,Tumor,Adjacent,group1_higher,0.30422584038195877,0.04976831346661656
24361,1057,0.11357458070265622,0.047158286582699264,0.0725024864077568,0.0030802651308476,0.967211301572354,0.8980844690866902,0.06641629411995695,0.06942222127690921,,0.027859602480595814,1.268038883033898,2.3460269082356717,2.3460269082356717,0.019141688309974057,13349112.5,2.0309603399456937,0.0422592351381884,0.06886529298744858,0.03684130422802667,GCST90200107,cancerType_celltype,CESC_Epi_CESC,tissue,Tumor,Adjacent,group1_higher,0.023739873672879563,0.04978335133392462
24361,1057,-0.9937026545319907,-0.8873682987746605,-1.011423110961914,-0.9252208471298218,1.384403280074359,1.385417736195828,-0.10633435575733019,-0.08620226383209229,,-0.030948798617735432,-0.16328103119817336,-2.4429829874812383,-2.4429829874812383,0.014716144343327337,12401788.0,-2.02529337810122,0.04283746779060741,-0.07680646153849105,-0.036738506422843376,GCST90200976,cancerType_celltype,CESC_Epi_CESC,tissue,Tumor,Adjacent,group2_higher,0.018368227783841725,0.050420957339031
24361,1057,0.18907551046331558,0.2555285852533843,0.1653645634651184,0.2070545703172683,0.6508577741652197,0.7728415729487912,-0.0664530747900687,-0.04169000685214988,,-0.04176945512306859,0.4345201921513346,-2.7534713520469056,-2.7534713520469056,0.005991896237333442,12404564.0,-2.0134071022566724,0.04407204409334766,-0.10124214684619944,-0.03652289123040742,GCST90199978,cancerType_celltype,CESC_Epi_CESC,tissue,Tumor,Adjacent,group2_higher,0.0076829299825827676,0.05174004831975268
24361,1057,-0.21991427785720044,-0.1258437028030826,-0.2762235701084137,-0.2282223552465438,1.1430441640178843,1.0954044757724921,-0.09407057505411784,-0.048001214861869895,,-0.03455584422013878,-0.8053033437151419,-2.728303063247356,-2.728303063247356,0.006462427907576573,12409833.5,-1.9908441589703452,0.04649825831614465,-0.08243818433727922,-0.03611360295355537,GCST90199996,cancerType_celltype,CESC_Epi_CESC,tissue,Tumor,Adjacent,group2_higher,0.008262935495334772,0.054541416596303925
24361,1057,0.3707095952482852,0.4442151731084777,0.3535211384296417,0.4266567826271057,0.7510810744819558,0.8872098913860638,-0.07350557786019252,-0.07313564419746399,,-0.03931388115396948,0.26096857046988825,-2.6526620267278433,-2.6526620267278433,0.008098628700085066,12410101.5,-1.9896966366625861,0.04662459940786165,-0.09707237516301322,-0.03609278707762853,GCST90199966,cancerType_celltype,CESC_Epi_CESC,tissue,Tumor,Adjacent,group2_higher,0.010306658186942994,0.05464258726819899
24361,1057,0.00825412949377601,0.08523604451909735,-0.0361911691725254,0.0133464876562356,0.9176325628646297,0.9401172066683697,-0.07698191502532134,-0.049537656828761,,-0.034979693578645436,3.3681178192505667,-2.6088449219986187,-2.6088449219986187,0.00920320046554828,12416482.0,-1.9623766139586465,0.04971890247420839,-0.08380555363906762,-0.03559720612109474,GCST90200716,cancerType_celltype,CESC_Epi_CESC,tissue,Tumor,Adjacent,group2_higher,0.011679666885048703,0.05801957540440585
24361,1057,-0.19806151848450124,-0.11878020890095388,-0.2419513463973999,-0.2235215157270431,0.5517422907415735,0.6870823585098528,-0.07928130958354736,-0.018429830670356806,,-0.06645402861434678,-0.7376492683435767,-3.700047963819778,-3.700047963819778,0.0002260692846327891,12419792.5,-1.9482017161980647,0.051391087626902546,-0.14207624749417555,-0.035340075683573335,GCST90200437,cancerType_celltype,CESC_Epi_CESC,tissue,Tumor,Adjacent,group2_higher,0.00031474201731817317,0.05986842088501553
24361,1057,-0.04728207965251847,0.012906617619134239,-0.0569404363632202,-0.0420839749276638,0.613303640552984,0.6932279292182796,-0.06018869727165271,-0.014856461435556398,,-0.03672722844479632,-1.873101259977367,-2.776031137961844,-2.776031137961844,0.0055936345400581155,12421212.0,-1.9421237015866326,0.05212238595924162,-0.0975773500064794,-0.03522982144522224,GCST90200735,cancerType_celltype,CESC_Epi_CESC,tissue,Tumor,Adjacent,group2_higher,0.0071925696963200106,0.060668498772370905
24361,1057,-0.005816600062470494,-0.05920816699535011,-0.0537198148667812,-0.1096624583005905,0.8188788622660514,0.7943633765599919,0.053391566932879615,0.0559426434338093,,0.02859863990057345,-3.347324531599787,2.136498472443098,2.136498472443098,0.032848392324654474,13324755.0,1.9266664048291335,0.054021484169882686,0.0652808471548091,0.03494942848964078,GCST90199760,cancerType_celltype,CESC_Epi_CESC,tissue,Tumor,Adjacent,group1_higher,0.0400826846360824,0.06282532672657859
24361,1057,-0.22190446394870403,-0.15674341678240072,-0.2873596847057342,-0.240973100066185,1.1136461255711594,1.0107986433227587,-0.0651610471663033,-0.0463865846395492,,-0.024205062598640702,-0.5015311359445639,-2.0427500678181683,-2.0427500678181683,0.0413009167460463,12430759.5,-1.9012432193727207,0.05727044279852466,-0.058726777806660774,-0.03448825586532933,GCST90199623,cancerType_celltype,CESC_Epi_CESC,tissue,Tumor,Adjacent,group2_higher,0.04951024584420502,0.06643371364628861
24361,1057,-0.12102921178600917,-0.06263197674606544,-0.1724461168050766,-0.1572587937116623,0.7100545449093429,0.7359660611382233,-0.058397235039943735,-0.015187323093414307,,-0.03349381299844704,-0.9503728682790747,-2.5291489879584015,-2.5291489879584015,0.011567561240351222,12435347.0,-1.8816004634516608,0.05989057416435983,-0.08211662892084988,-0.0341319393324403,GCST90200523,cancerType_celltype,CESC_Epi_CESC,tissue,Tumor,Adjacent,group2_higher,0.014571706072642066,0.06941399029423678
24361,1057,0.287800845424506,0.3544541878747783,0.2416329979896545,0.3019347786903381,0.8428194342556297,0.990237388104743,-0.06665334245027227,-0.060301780700683566,,-0.03313942779803395,0.3005274028871355,-2.1547645990825752,-2.1547645990825752,0.03139229009533539,12435573.0,-1.8806327767294462,0.06002218130869358,-0.07846609995263774,-0.034114385646024425,GCST90200313,cancerType_celltype,CESC_Epi_CESC,tissue,Tumor,Adjacent,group2_higher,0.03837461112102433,0.06950741981626962
24361,1057,0.4171553064267985,0.3421825618855556,0.3518758416175842,0.2788334488868713,1.1722280039425539,1.1307086157019415,0.07497274454124286,0.07304239273071289,,0.024770865914785625,0.2858175997016827,2.1071370459730385,2.1071370459730385,0.03532053776246885,13310141.0,1.8640921846590255,0.06230906046723734,0.06405013128192391,0.033814341882198784,GCST90200754,cancerType_celltype,CESC_Epi_CESC,tissue,Tumor,Adjacent,group1_higher,0.042945488822698524,0.07203329042989355
24361,1057,0.1103980476018024,0.1692766107571257,0.0807300209999084,0.1186547055840492,0.8500010123948241,0.7362688805992342,-0.05887856315532329,-0.03792468458414079,,-0.029680525319207077,0.6166634437827491,-2.527845416691236,-2.527845416691236,0.011605974119299492,12440182.0,-1.860897962115786,0.06275889001903455,-0.06963095933828599,-0.0337563991827905,GCST90200333,cancerType_celltype,CESC_Epi_CESC,tissue,Tumor,Adjacent,group2_higher,0.014606595313578215,0.07249183652198651
24361,1057,0.2777866550948268,0.32255941294925,0.2723814845085144,0.2994711101055145,0.4836838121703037,0.6643881265232177,-0.044772757854423195,-0.027089625597000122,,-0.03276538381556592,0.21558690365984853,-2.1661694747641924,-2.1661694747641924,0.030511499341720042,12447035.0,-1.8315547890744728,0.0670180970580516,-0.09090661881265145,-0.03322411859425889,GCST90200433,cancerType_celltype,CESC_Epi_CESC,tissue,Tumor,Adjacent,group2_higher,0.037432199462434215,0.07715005598828069
24361,1057,-0.06744759470695766,0.016307625867210084,-0.1274418085813522,-0.0621170923113822,0.9914332404598833,1.1092023228353123,-0.08375522057416775,-0.06532471626997001,,-0.03736682668468891,-2.048153156382314,-2.4134529125215423,-2.4134529125215423,0.01596040075414198,12451090.0,-1.8141920914701353,0.06964848679988075,-0.08404066271882976,-0.032909161964097544,GCST90200216,cancerType_celltype,CESC_Epi_CESC,tissue,Tumor,Adjacent,group2_higher,0.019903043209419505,0.07997547389068026
24361,1057,-0.039496240820112355,0.024509842956378966,-0.0492342598736286,-0.0431467033922672,0.4251002763913717,0.6264606411848845,-0.06400608377649132,-0.006087556481361403,,-0.057434470545223326,-0.688331772673032,-3.289041327549941,-3.289041327549941,0.0010371823571895169,12451232.0,-1.8135840759190094,0.06974211372814373,-0.14703056886258506,-0.032898132656703494,GCST90200994,cancerType_celltype,CESC_Epi_CESC,tissue,Tumor,Adjacent,group2_higher,0.001389098026590096,0.08001557324196962
24361,1057,-0.019445754593332615,0.020197864141237684,-0.0042172889225184,0.0276231374591588,0.42920547709565415,0.5862739999702893,-0.0396436187345703,-0.0318404263816772,,-0.030064826511667413,0.05474475850334722,-2.1732930653053146,-2.1732930653053146,0.029969989100847083,12454636.0,-1.7990088298906086,0.07201762262170318,-0.09074728609739273,-0.03263373996396135,GCST90200807,cancerType_celltype,CESC_Epi_CESC,tissue,Tumor,Adjacent,group2_higher,0.03683417055406183,0.08234900975954819
24361,1057,-0.11597566479648208,-0.042012097380798516,-0.1494420915842056,-0.136435717344284,0.6881406698988801,0.7723805070078346,-0.07396356741568356,-0.013006374239921598,,-0.04258532763587728,-1.4649234992652191,-3.0610557779361023,-3.0610557779361023,0.0022576482675515474,12461555.5,-1.7693809171721835,0.0768306850422915,-0.10690771687843657,-0.032096294242037415,GCST90200063,cancerType_celltype,CESC_Epi_CESC,tissue,Tumor,Adjacent,group2_higher,0.0029702457419621226,0.08755871547879876
24361,1057,0.4683570350276119,0.5481405333420235,0.432433158159256,0.5197066068649292,1.0920503907161276,1.2165855433601283,-0.07978349831441162,-0.08727344870567322,,-0.029625996111433708,0.22693663769395814,-2.0957814455641506,-2.0957814455641506,0.036323409983654194,12466322.0,-1.7489717191127323,0.08029627816182958,-0.07269526909664199,-0.031726074568137586,GCST90200875,cancerType_celltype,CESC_Epi_CESC,tissue,Tumor,Adjacent,group2_higher,0.04400782916241837,0.09120318927881142
24361,1057,-0.1880702314539697,-0.2609671284441326,-0.2586381733417511,-0.3153386414051056,1.2000554354616908,1.0849491064921162,0.07289689699016291,0.05670046806335449,,0.025116893376775872,-0.4725944417449298,2.128656861613991,2.128656861613991,0.03349093624958803,13280372.0,1.7366272907050122,0.08245335734663285,0.0609763999596285,0.03150214855956657,GCST90199679,cancerType_celltype,CESC_Epi_CESC,tissue,Tumor,Adjacent,group1_higher,0.04083018435437253,0.09341972241351669
24361,1057,-0.24779385139789364,-0.1311417673115311,-0.2966091930866241,-0.2732951045036316,1.1121868796786392,1.3568811472401838,-0.11665208408636255,-0.023314088582992498,,-0.04536632275741278,-0.9180079685822722,-2.7551716493699527,-2.7551716493699527,0.0059613568603195,12475972.0,-1.7076523524340992,0.0877012656056972,-0.10383700762092901,-0.030976547692414536,GCST90199713,cancerType_celltype,CESC_Epi_CESC,tissue,Tumor,Adjacent,group2_higher,0.0076581803964330605,0.09920068466436953
24361,1057,-0.07679493682433548,-0.008999045322364587,-0.0898986086249351,-0.0750749036669731,0.5116640687716434,0.6639184572006036,-0.06779589150197089,-0.014823704957961994,,-0.050677229601662925,-3.0930258101131916,-3.277940435154572,-3.277940435154572,0.0010780564861075303,12481814.0,-1.682638078844817,0.09244559016304468,-0.13065804591950464,-0.030522792665681475,GCST90200082,cancerType_celltype,CESC_Epi_CESC,tissue,Tumor,Adjacent,group2_higher,0.0014405794025142782,0.10430740015913072
24361,1057,0.13782549275478193,0.20629379807710613,0.0864811167120933,0.1216138899326324,0.5727797948788427,0.7435676329878439,-0.0684683053223242,-0.03513277322053911,,-0.05405762096265004,0.5818542158485327,-2.955878797965532,-2.955878797965532,0.00318361834929364,12498643.0,-1.6105796724370744,0.10727183426190944,-0.1178706774670496,-0.02921566439712775,GCST90199972,cancerType_celltype,CESC_Epi_CESC,tissue,Tumor,Adjacent,group2_higher,0.004156390622688919,0.12033869143949182
24361,1057,-0.03972679810062457,0.004679476573548739,-0.060717262327671,-0.0423248372972011,0.6692264327911644,0.6870339363005901,-0.04440627467417331,-0.0183924250304699,,-0.024899559226279854,-3.085421494873663,-2.0594110718019856,-2.0594110718019856,0.039680640082975255,12501564.0,-1.5980725356424332,0.11002731146470965,-0.06628042239751472,-0.028988786883761275,GCST90199758,cancerType_celltype,CESC_Epi_CESC,tissue,Tumor,Adjacent,group2_higher,0.04777801451686861,0.12322697249498707
24361,1057,0.16263064379601683,0.2498837840413391,0.1792902946472168,0.1730073988437652,0.5439465800579756,0.7553834877558284,-0.08725314024532227,0.006282895803451594,,-0.06222950544443815,0.6196550608187534,-3.7138100801475487,-3.7138100801475487,0.00021436958878648645,12504491.5,-1.5855375671500294,0.11284473451213321,-0.1574001591713063,-0.028761404507732347,GCST90200787,cancerType_celltype,CESC_Epi_CESC,tissue,Tumor,Adjacent,group2_higher,0.0002987584350879152,0.1261750394914172
24361,1057,-0.12257000390553752,-0.06033799303010504,-0.1535089910030365,-0.1219426319003105,0.5875722569350419,0.6903941175682492,-0.062232010875432474,-0.031566359102726,,-0.04519749205381471,-1.022455201919852,-2.8855919399405554,-2.8855919399405554,0.003981476318778007,12511017.0,-1.5575966834959962,0.11932939320366462,-0.10508614887318599,-0.028254561230267927,GCST90200308,cancerType_celltype,CESC_Epi_CESC,tissue,Tumor,Adjacent,group2_higher,0.005163417909128852,0.133098169342549
24361,1057,-0.02810750698995357,0.06394659391589605,-0.0787026584148407,-0.0658866763114929,0.9762483504013167,1.138053448400569,-0.09205410090584962,-0.012815982103347792,,-0.039089782084161494,1.1858832518304936,-2.588768546002048,-2.588768546002048,0.009756291336955806,12515335.0,-1.5391078725821787,0.12377848600291544,-0.0935983510210729,-0.027919177080073965,GCST90200418,cancerType_celltype,CESC_Epi_CESC,tissue,Tumor,Adjacent,group2_higher,0.012358573505827846,0.13783502975651452
24361,1057,-0.08985812934309977,-0.03215878289422001,-0.1118424087762832,-0.094326376914978,0.735720376367776,0.7690686077523682,-0.05769934644887976,-0.017516031861305195,,-0.02976349670084035,-1.4824074163314802,-2.3921458909798767,-2.3921458909798767,0.016911190309892705,12525200.0,-1.4968679189775451,0.13442818641746296,-0.07827503640215022,-0.027152950900902195,GCST90200747,cancerType_celltype,CESC_Epi_CESC,tissue,Tumor,Adjacent,group2_higher,0.021050184833227174,0.14932813210024612
24361,1057,-0.19852636454547498,-0.3311127621591066,-0.3352322876453399,-0.3273136019706726,1.6134278966580913,1.4854255347540264,0.13258639761363164,-0.007918685674667303,,0.03318226735799733,-0.7379890962848323,2.830382701797171,2.830382701797171,0.004728988371782163,13223660.5,1.4938000095241524,0.13522845880177925,0.08243820981905893,0.02709729950126949,GCST90199878,cancerType_celltype,CESC_Epi_CESC,tissue,Tumor,Adjacent,group1_higher,0.006092260066861142,0.1500947795983918
24361,1057,-0.20927996498233722,-0.09395637582927963,-0.3009141683578491,-0.2773475348949432,1.8000819003827708,1.6990397616738397,-0.1153235891530576,-0.02356663346290594,,-0.027420598547377873,-1.155362772691168,-2.1548934885377915,-2.1548934885377915,0.03137525640997678,12544591.0,-1.4138395418515997,0.1574096493247058,-0.06421146235376578,-0.02564682907218241,GCST90199799,cancerType_celltype,CESC_Epi_CESC,tissue,Tumor,Adjacent,group2_higher,0.03837461112102433,0.17428866939851667
24361,1057,0.5028425694260743,0.5996905696869528,0.4478218853473663,0.4502612650394439,0.9153861397697534,1.1359985701891824,-0.09684800026087848,-0.0024393796920776367,,-0.04572560405095772,0.25411103285297487,-2.7334886240347354,-2.7334886240347354,0.006365777572110767,12568026.0,-1.3134955669175308,0.18901673466973978,-0.10463268848367607,-0.02382660499626843,GCST90200190,cancerType_celltype,CESC_Epi_CESC,tissue,Tumor,Adjacent,group2_higher,0.008146999841114532,0.20843835708321626
24361,1057,0.11872451340671027,0.1986337125053772,0.0878026187419891,0.1158319488167762,0.8688835973533042,0.9706616452156203,-0.07990919909866694,-0.028029330074787112,,-0.035390475920373296,0.7424877688890843,-2.6311470175661507,-2.6311470175661507,0.00862547709081829,12570253.0,-1.3039599990840265,0.19224795130766448,-0.09149749040659486,-0.023653631281010945,GCST90200565,cancerType_celltype,CESC_Epi_CESC,tissue,Tumor,Adjacent,group2_higher,0.010966907905583329,0.2118302001878308
24361,1057,-0.33203953257272734,-0.24408326600160618,-0.3852583765983581,-0.3779932558536529,0.707338438250484,0.9330261046707917,-0.08795626657112116,-0.0072651207447052,,-0.050379710008477394,-0.4439800637146852,-3.0273446643873467,-3.0273446643873467,0.002524082894450306,12588822.5,-1.2244491203753347,0.22078365607084371,-0.12247974363737614,-0.02221131632570117,GCST90200186,cancerType_celltype,CESC_Epi_CESC,tissue,Tumor,Adjacent,group2_higher,0.0033111886286196026,0.2413708221380277
24361,1057,0.49090238150609433,0.5523770341511759,0.4866763651371002,0.4399141669273376,0.9444004059771178,0.923388576358005,-0.06147465264508156,0.04676219820976263,,-0.024814400960961557,0.1702168460651958,-2.116950541365725,-2.116950541365725,0.03447757892484174,12609718.0,-1.1349787756672127,0.2563851083484835,-0.06515342963372285,-0.020588338208429646,GCST90200645,cancerType_celltype,CESC_Epi_CESC,tissue,Tumor,Adjacent,group2_higher,0.04195798220942794,0.27712363416255587
24361,1057,0.28963912484793497,0.35872480635081444,0.2772440314292907,0.2745584547519684,0.582545054925726,0.806580568201897,-0.06908568150287947,0.002685576677322332,,-0.050483993311121515,0.3086200571685418,-2.7537078905996006,-2.7537078905996006,0.0059891222884377055,12615997.0,-1.1080933556283383,0.2678224246969838,-0.11639608152609605,-0.02010064087654717,GCST90200622,cancerType_celltype,CESC_Epi_CESC,tissue,Tumor,Adjacent,group2_higher,0.0076829299825827676,0.2885707232110584
24361,1057,0.24830379973102099,0.3342065388183026,0.1821028590202331,0.1568700671195984,1.2547629182432156,1.2611823605476609,-0.0859027390872816,0.02523279190063471,,-0.02866408977171987,0.4286321279898725,-2.16837902227509,-2.16837902227509,0.030334617890388566,12616786.0,-1.1047150156998988,0.2692840228392007,-0.06844674562719118,-0.020039358316449207,GCST90200353,cancerType_celltype,CESC_Epi_CESC,tissue,Tumor,Adjacent,group2_higher,0.03724872449063029,0.28991636898090883
24361,1057,0.9131936346683928,1.0295327443993727,0.8229207992553711,0.7940192222595215,1.625900522184398,1.7724483109161728,-0.11633910973097994,0.02890157699584961,,-0.02159293330590043,0.1729968287081233,-2.0960553520234346,-2.0960553520234346,0.03629839484500909,12672161.5,-0.8676082188592102,0.38561001798854133,-0.07127524039686273,-0.01573827795307081,GCST90200790,cancerType_celltype,CESC_Epi_CESC,tissue,Tumor,Adjacent,group2_higher,0.04400782916241837,0.40901669612325436
24361,1057,-0.16882981276108308,-0.12162173922810714,-0.1989259123802185,-0.1877299845218658,0.5357023403016038,0.7278129413340106,-0.047208073532975944,-0.011195927858352717,,-0.03709398160958152,-0.4731652417765939,-2.0844366566431374,-2.0844366566431374,0.03734942975406872,12684075.0,-0.8165969986596356,0.4141599947203617,-0.08661488140049436,-0.014812942364062942,GCST90200196,cancerType_celltype,CESC_Epi_CESC,tissue,Tumor,Adjacent,group2_higher,0.04517060581614522,0.43759695566190154
24361,1057,-0.10038775309322315,-0.02373971572151767,-0.1085272282361984,-0.0922044962644577,0.45805275512789956,0.7246474121464964,-0.07664803737170547,-0.016322731971740695,,-0.06485695200059764,-2.080162313825245,-3.4094121789892915,-3.4094121789892915,0.000674791930033971,12688018.0,-0.7997138626167497,0.42387783999206385,-0.16234303399336514,-0.014506684905930656,GCST90200033,cancerType_celltype,CESC_Epi_CESC,tissue,Tumor,Adjacent,group2_higher,0.0009169904293482576,0.4461355180765892
24361,1057,0.1047562990425561,0.15034734468626598,0.086230918765068,0.0794682875275611,0.5049169680841522,0.7049910989753326,-0.04559104564370989,0.006762631237506894,,-0.03887360235769708,0.5212582158592673,-2.0794741197286055,-2.0794741197286055,0.03780425184538776,12702212.5,-0.7389358574022568,0.4599472475034265,-0.08856406400168378,-0.01340418135800836,GCST90200546,cancerType_celltype,CESC_Epi_CESC,tissue,Tumor,Adjacent,group2_higher,0.045639676940003114,0.48075774413126565
24361,1057,0.23170949257935838,0.29179871504716204,0.1979840993881225,0.1615580171346664,0.7691610830392692,0.8961186589983958,-0.060089222467803655,0.036426082253456116,,-0.0281272555917462,0.3326550989655679,-2.146030739900049,-2.146030739900049,0.03208404212915104,12720186.0,-0.6619769312884317,0.5079873781557,-0.07754946075419594,-0.012008158425282134,GCST90200161,cancerType_celltype,CESC_Epi_CESC,tissue,Tumor,Adjacent,group2_higher,0.039185080127269595,0.5289433127778603
24361,1057,0.0985814757916285,0.20191801323682287,0.061930987983942,0.0074060540646314,0.7323906712272104,0.9874764613079572,-0.10333653744519437,0.0545249339193106,,-0.06260845504738571,1.0343736468139784,-3.3623483771866347,-3.3623483771866347,0.0007992508007969766,12810322.0,-0.27603263751171997,0.7825246429148954,-0.1387568900270724,-0.005007189050134642,GCST90199841,cancerType_celltype,CESC_Epi_CESC,tissue,Tumor,Adjacent,group2_higher,0.0010796618845255491,0.7929970916676599
24361,1057,-0.021699423728450705,0.02415747010010729,-0.0252279266715049,-0.0438565611839294,0.41892184209931904,0.5964934245927931,-0.045856893828557996,0.0186286345124245,,-0.04190895059171261,0.15480588161862183,-2.4730808947577367,-2.4730808947577367,0.013545389429087102,12878799.0,0.017172157519653664,0.9863009819336537,-0.10719990479218108,0.00031150026270343467,GCST90200588,cancerType_celltype,CESC_Epi_CESC,tissue,Tumor,Adjacent,group2_higher,0.01696908620574055,0.9870251383080543
24361,1057,-0.1239479423959156,-0.0799986085475708,-0.1449653059244156,-0.1744390279054641,0.5691512872615759,0.6767409750685229,-0.043949333848344804,0.0294737219810485,,-0.032982633220794456,-0.6316811158040379,-2.079712889025171,-2.079712889025171,0.037778535041241124,12875430.0,0.002746774479206539,0.9978101019913725,-0.07656369536384304,4.982606122028166e-05,GCST90200528,cancerType_celltype,CESC_Epi_CESC,tissue,Tumor,Adjacent,group2_higher,0.045639676940003114,0.9978101019913727
